frame,elapsed_seconds,frame_ms
0,0.019527,19.527
1,0.041729,22.202
2,0.066177,24.448
3,0.086385,20.208
4,0.107248,20.863
5,0.124082,16.834
6,0.146922,22.84
7,0.16308,16.158
8,0.183119,20.039
9,0.203966,20.847
10,0.220374,16.408
11,0.239033,18.659
12,0.261737,22.704
13,0.277291,15.554
14,0.301192,23.901
15,0.317105,15.913
16,0.341268,24.163
17,0.361473,20.205
18,0.382126,20.653
19,0.40288,20.754
20,0.419277,16.397
21,0.438032,18.755
22,0.460516,22.484
23,0.476248,15.732
24,0.499884,23.636
25,0.519561,19.677
26,0.541601,22.04
27,0.561759,20.158
28,0.582471,20.712
29,0.598331,15.86
30,0.617778,19.447
31,0.639795,22.017
32,0.655177,15.382
33,0.679191,24.014
34,0.698588,19.397
35,0.72173,23.142
36,0.740991,19.261
37,0.75709,16.099
38,0.780733,23.643
39,0.800303,19.57
40,0.820669,20.366
41,0.840881,20.212
42,0.857046,16.165
43,0.875934,18.888
44,0.898437,22.503
45,0.91421,15.773
46,0.937523,23.313
47,0.956896,19.373
48,0.980732,23.836
49,1.000612,19.88
50,1.021327,20.715
51,1.037764,16.437
52,1.056441,18.677
53,1.078696,22.255
54,1.094212,15.516
55,1.117888,23.676
56,1.137698,19.81
57,1.161321,23.623
58,1.181345,20.024
59,1.201975,20.63
60,1.222637,20.662
61,1.238956,16.319
62,1.257842,18.886
63,1.280085,22.243
64,1.295623,15.538
65,1.32566,30.037
66,1.338441,12.781
67,1.358362,19.921
68,1.363902,5.54
69,1.368157,4.255
70,1.376558,8.401
71,1.381419,4.861
72,1.386709,5.29
73,1.390609,3.9
74,1.396466,5.857
75,1.400765,4.299
76,1.406141,5.376
77,1.412667,6.526
78,1.420936,8.269
79,1.426629,5.693
80,1.430936,4.307
81,1.434725,3.789
82,1.438742,4.017
83,1.442728,3.986
84,1.447459,4.731
85,1.452113,4.654
86,1.45617,4.057
87,1.462377,6.207
88,1.466512,4.135
89,1.471192,4.68
90,1.475996,4.804
91,1.480468,4.472
92,1.484634,4.166
93,1.488937,4.303
94,1.494349,5.412
95,1.498191,3.842
96,1.502107,3.916
97,1.505637,3.53
98,1.510518,4.881
99,1.514576,4.058
100,1.518376,3.8
101,1.522049,3.673
102,1.526826,4.777
103,1.530648,3.822
104,1.534557,3.909
105,1.538101,3.544
106,1.542782,4.681
107,1.546727,3.945
108,1.550395,3.668
109,1.55513,4.735
110,1.560359,5.229
111,1.565051,4.692
112,1.5694,4.349
113,1.573064,3.664
114,1.579254,6.19
115,1.583021,3.767
116,1.587542,4.521
117,1.592492,4.95
118,1.59767,5.178
119,1.601281,3.611
120,1.604741,3.46
121,1.608404,3.663
122,1.612821,4.417
123,1.616548,3.727
124,1.620956,4.408
125,1.625237,4.281
126,1.630939,5.702
127,1.634345,3.406
128,1.637709,3.364
129,1.642021,4.312
130,1.64696,4.939
131,1.65118,4.22
132,1.655161,3.981
133,1.659553,4.392
134,1.665305,5.752
135,1.669377,4.072
136,1.673289,3.912
137,1.677687,4.398
138,1.681958,4.271
139,1.685796,3.838
140,1.689644,3.848
141,1.69484,5.196
142,1.699688,4.848
143,1.704228,4.54
144,1.708288,4.06
145,1.712724,4.436
146,1.717855,5.131
147,1.721545,3.69
148,1.726706,5.161
149,1.730838,4.132
150,1.735326,4.488
151,1.739177,3.851
152,1.743637,4.46
153,1.74854,4.903
154,1.753177,4.637
155,1.758001,4.824
156,1.762222,4.221
157,1.766996,4.774
158,1.771187,4.191
159,1.775853,4.666
160,1.780051,4.198
161,1.784786,4.735
162,1.788675,3.889
163,1.793578,4.903
164,1.7973,3.722
165,1.801649,4.349
166,1.805821,4.172
167,1.810891,5.07
168,1.815237,4.346
169,1.820305,5.068
170,1.824632,4.327
171,1.829145,4.513
172,1.834156,5.011
173,1.838167,4.011
174,1.842287,4.12
175,1.846248,3.961
176,1.850827,4.579
177,1.855218,4.391
178,1.859841,4.623
179,1.86511,5.269
180,1.870408,5.298
181,1.874722,4.314
182,1.878492,3.77
183,1.881871,3.379
184,1.886233,4.362
185,1.89009,3.857
186,1.895041,4.951
187,1.89858,3.539
188,1.902912,4.332
189,1.906674,3.762
190,1.91087,4.196
191,1.915087,4.217
192,1.920115,5.028
193,1.924553,4.438
194,1.929764,5.211
195,1.934293,4.529
196,1.938713,4.42
197,1.94308,4.367
198,1.94706,3.98
199,1.951937,4.877
200,1.955811,3.874
201,1.96049,4.679
202,1.964648,4.158
203,1.969616,4.968
204,1.973814,4.198
205,1.978085,4.271
206,1.983026,4.941
207,1.987294,4.268
208,1.991863,4.569
209,1.996814,4.951
210,2.001997,5.183
211,2.006045,4.048
212,2.010192,4.147
213,2.014442,4.25
214,2.018726,4.284
215,2.022627,3.901
216,2.028038,5.411
217,2.033402,5.364
218,2.03825,4.848
219,2.043795,5.545
220,2.048713,4.918
221,2.05475,6.037
222,2.059274,4.524
223,2.064708,5.434
224,2.069087,4.379
225,2.073628,4.541
226,2.078136,4.508
227,2.081864,3.728
228,2.086234,4.37
229,2.090981,4.747
230,2.095713,4.732
231,2.100323,4.61
232,2.105454,5.131
233,2.110307,4.853
234,2.114646,4.339
235,2.119018,4.372
236,2.123808,4.79
237,2.128193,4.385
238,2.132763,4.57
239,2.137623,4.86
240,2.142219,4.596
241,2.146707,4.488
242,2.151289,4.582
243,2.155518,4.229
244,2.160002,4.484
245,2.164322,4.32
246,2.168594,4.272
247,2.174196,5.602
248,2.178743,4.547
249,2.183057,4.314
250,2.187842,4.785
251,2.193702,5.86
252,2.198146,4.444
253,2.202171,4.025
254,2.206774,4.603
255,2.211105,4.331
256,2.2148,3.695
257,2.218627,3.827
258,2.222579,3.952
259,2.226981,4.402
260,2.230677,3.696
261,2.23649,5.813
262,2.240467,3.977
263,2.244884,4.417
264,2.249005,4.121
265,2.253501,4.496
266,2.258967,5.466
267,2.263231,4.264
268,2.26731,4.079
269,2.272946,5.636
270,2.277747,4.801
271,2.281896,4.149
272,2.286213,4.317
273,2.290542,4.329
274,2.295078,4.536
275,2.298938,3.86
276,2.304207,5.269
277,2.308972,4.765
278,2.31316,4.188
279,2.316936,3.776
280,2.321541,4.605
281,2.325532,3.991
282,2.32971,4.178
283,2.334077,4.367
284,2.338478,4.401
285,2.343538,5.06
286,2.347447,3.909
287,2.351724,4.277
288,2.356351,4.627
289,2.361074,4.723
290,2.3661,5.026
291,2.371236,5.136
292,2.37578,4.544
293,2.379853,4.073
294,2.384031,4.178
295,2.388352,4.321
296,2.392726,4.374
297,2.396793,4.067
298,2.401463,4.67
299,2.405655,4.192
300,2.410916,5.261
301,2.414575,3.659
302,2.419898,5.323
303,2.424161,4.263
304,2.428885,4.724
305,2.433712,4.827
306,2.43754,3.828
307,2.442696,5.156
308,2.446229,3.533
309,2.451186,4.957
310,2.454987,3.801
311,2.45889,3.903
312,2.463178,4.288
313,2.468372,5.194
314,2.473259,4.887
315,2.478033,4.774
316,2.483322,5.289
317,2.487875,4.553
318,2.492682,4.807
319,2.496321,3.639
320,2.500569,4.248
321,2.5048,4.231
322,2.509305,4.505
323,2.514052,4.747
324,2.518653,4.601
325,2.522512,3.859
326,2.527585,5.073
327,2.531306,3.721
328,2.535877,4.571
329,2.539559,3.682
330,2.544788,5.229
331,2.548769,3.981
332,2.556225,7.456
333,2.561003,4.778
334,2.564943,3.94
335,2.570112,5.169
336,2.574564,4.452
337,2.57998,5.416
338,2.583882,3.902
339,2.588378,4.496
340,2.592692,4.314
341,2.597276,4.584
342,2.601899,4.623
343,2.607035,5.136
344,2.611941,4.906
345,2.61627,4.329
346,2.621646,5.376
347,2.625946,4.3
348,2.630377,4.431
349,2.634689,4.312
350,2.639779,5.09
351,2.644474,4.695
352,2.64909,4.616
353,2.653735,4.645
354,2.65883,5.095
355,2.663161,4.331
356,2.667089,3.928
357,2.673355,6.266
358,2.677606,4.251
359,2.682115,4.509
360,2.686884,4.769
361,2.691927,5.043
362,2.696226,4.299
363,2.700307,4.081
364,2.70458,4.273
365,2.710126,5.546
366,2.714076,3.95
367,2.71892,4.844
368,2.72445,5.53
369,2.728744,4.294
370,2.73301,4.266
371,2.737266,4.256
372,2.742827,5.561
373,2.747014,4.187
374,2.75175,4.736
375,2.756123,4.373
376,2.760809,4.686
377,2.764899,4.09
378,2.768735,3.836
379,2.774816,6.081
380,2.778483,3.667
381,2.782291,3.808
382,2.786863,4.572
383,2.792343,5.48
384,2.796232,3.889
385,2.799775,3.543
386,2.803551,3.776
387,2.808432,4.881
388,2.812064,3.632
389,2.815913,3.849
390,2.820527,4.614
391,2.825266,4.739
392,2.829142,3.876
393,2.832791,3.649
394,2.840704,7.913
395,2.844866,4.162
396,2.849209,4.343
397,2.853611,4.402
398,2.858812,5.201
399,2.862552,3.74
400,2.866414,3.862
401,2.871104,4.69
402,2.875973,4.869
403,2.880098,4.125
404,2.883955,3.857
405,2.889548,5.593
406,2.894098,4.55
407,2.898634,4.536
408,2.902677,4.043
409,2.907916,5.239
410,2.912119,4.203
411,2.916478,4.359
412,2.922328,5.85
413,2.927308,4.98
414,2.931855,4.547
415,2.936201,4.346
416,2.941953,5.752
417,2.963445,21.492
418,2.979567,16.122
419,2.999381,19.814
420,3.022452,23.071
421,3.038706,16.254
422,3.06322,24.514
423,3.082945,19.725
424,3.107515,24.57
425,3.128698,21.183
426,3.149551,20.853
427,3.170597,21.046
428,3.18677,16.173
429,3.211188,24.418
430,3.230599,19.411
431,3.254849,24.25
432,3.275492,20.643
433,3.295855,20.363
434,3.316718,20.863
435,3.33295,16.232
436,3.35257,19.62
437,3.374184,21.614
438,3.389704,15.52
439,3.413278,23.574
440,3.433169,19.891
441,3.45293,19.761
442,3.473925,20.995
443,3.489753,15.828
444,3.513787,24.034
445,3.533026,19.239
446,3.557006,23.98
447,3.577094,20.088
448,3.598251,21.157
449,3.613736,15.485
450,3.633197,19.461
451,3.655177,21.98
452,3.670808,15.631
453,3.694865,24.057
454,3.714242,19.377
455,3.736743,22.501
456,3.756927,20.184
457,3.773409,16.482
458,3.79275,19.341
459,3.815025,22.275
460,3.830332,15.307
461,3.854313,23.981
462,3.873827,19.514
463,3.898417,24.59
464,3.918199,19.782
465,3.939206,21.007
466,3.955347,16.141
467,3.979178,23.831
468,3.999438,20.26
469,4.023258,23.82
470,4.043491,20.233
471,4.064417,20.926
472,4.085624,21.207
473,4.106452,20.828
474,4.122364,15.912
475,4.146267,23.903
476,4.165919,19.652
477,4.190532,24.613
478,4.210495,19.963
479,4.231349,20.854
480,4.247532,16.183
481,4.272025,24.493
482,4.29098,18.955
483,4.31347,22.49
484,4.333777,20.307
485,4.354258,20.481
486,4.370767,16.509
487,4.385906,15.139
488,4.410677,24.771
489,4.430386,19.709
490,4.455441,25.055
491,4.475483,20.042
492,4.496473,20.99
493,4.512692,16.219
494,4.536638,23.946
495,4.556902,20.264
496,4.580946,24.044
497,4.601262,20.316
498,4.622398,21.136
499,4.639099,16.701
500,4.663047,23.948
501,4.682741,19.694
502,4.707295,24.554
503,4.72808,20.785
504,4.747192,19.112
505,4.76444,17.248
506,4.78315,18.71
507,4.80289,19.74
508,4.818424,15.534
509,4.84244,24.016
510,4.86226,19.82
511,4.885441,23.181
512,4.905689,20.248
513,4.926593,20.904
514,4.942941,16.348
515,4.962423,19.482
516,4.98538,22.957
517,5.000758,15.378
518,5.024661,23.903
519,5.044286,19.625
520,5.069028,24.742
521,5.089189,20.161
522,5.110114,20.925
523,5.131014,20.9
524,5.147419,16.405
525,5.167277,19.858
526,5.189557,22.28
527,5.205202,15.645
528,5.229264,24.062
529,5.249534,20.27
530,5.27353,23.996
531,5.294051,20.521
532,5.315168,21.117
533,5.336576,21.408
534,5.352772,16.196
535,5.377006,24.234
536,5.397654,20.648
537,5.417771,20.117
538,5.439842,22.071
539,5.459222,19.38
540,5.477993,18.771
541,5.493917,15.924
542,5.518856,24.939
543,5.53904,20.184
544,5.55857,19.53
545,5.579443,20.873
546,5.60079,21.347
547,5.616735,15.945
548,5.636104,19.369
549,5.658388,22.284
550,5.674064,15.676
551,5.698087,24.023
552,5.717328,19.241
553,5.739807,22.479
554,5.759931,20.124
555,5.781167,21.236
556,5.796858,15.691
557,5.816198,19.34
558,5.8387,22.502
559,5.854408,15.708
560,5.878673,24.265
561,5.898253,19.58
562,5.920839,22.586
563,5.941332,20.493
564,5.962564,21.232
565,5.978554,15.99
566,5.997971,19.417
567,6.020787,22.816
568,6.036475,15.688
569,6.060723,24.248
570,6.080029,19.306
571,6.098143,18.114
572,6.103055,4.912
573,6.108343,5.288
574,6.113214,4.871
575,6.1182,4.986
576,6.125048,6.848
577,6.129793,4.745
578,6.134417,4.624
579,6.138673,4.256
580,6.144419,5.746
581,6.149249,4.83
582,6.153984,4.735
583,6.158858,4.874
584,6.163284,4.426
585,6.167125,3.841
586,6.171837,4.712
587,6.177499,5.662
588,6.182171,4.672
589,6.18647,4.299
590,6.191846,5.376
591,6.197069,5.223
592,6.201285,4.216
593,6.206699,5.414
594,6.211383,4.684
595,6.216514,5.131
596,6.220486,3.972
597,6.22558,5.094
598,6.229494,3.914
599,6.233174,3.68
600,6.237111,3.937
601,6.242312,5.201
602,6.24673,4.418
603,6.251495,4.765
604,6.255953,4.458
605,6.260304,4.351
606,6.264258,3.954
607,6.268305,4.047
608,6.27294,4.635
609,6.277937,4.997
610,6.282151,4.214
611,6.286469,4.318
612,6.29139,4.921
613,6.295802,4.412
614,6.299985,4.183
615,6.304808,4.823
616,6.309062,4.254
617,6.314331,5.269
618,6.318473,4.142
619,6.323478,5.005
620,6.327802,4.324
621,6.332955,5.153
622,6.338103,5.148
623,6.343135,5.032
624,6.347407,4.272
625,6.352603,5.196
626,6.357662,5.059
627,6.361156,3.494
628,6.365061,3.905
629,6.369393,4.332
630,6.374493,5.1
631,6.378836,4.343
632,6.383955,5.119
633,6.388877,4.922
634,6.393284,4.407
635,6.397631,4.347
636,6.40266,5.029
637,6.407439,4.779
638,6.411311,3.872
639,6.415276,3.965
640,6.421392,6.116
641,6.425336,3.944
642,6.429308,3.972
643,6.435563,6.255
644,6.440658,5.095
645,6.444804,4.146
646,6.449242,4.438
647,6.454191,4.949
648,6.458637,4.446
649,6.463342,4.705
650,6.467507,4.165
651,6.472806,5.299
652,6.477175,4.369
653,6.481849,4.674
654,6.486478,4.629
655,6.490843,4.365
656,6.494776,3.933
657,6.498354,3.578
658,6.502608,4.254
659,6.507215,4.607
660,6.510868,3.653
661,6.5147,3.832
662,6.518969,4.269
663,6.524238,5.269
664,6.527827,3.589
665,6.531246,3.419
666,6.53578,4.534
667,6.540694,4.914
668,6.544384,3.69
669,6.548917,4.533
670,6.55355,4.633
671,6.559054,5.504
672,6.562807,3.753
673,6.567863,5.056
674,6.572324,4.461
675,6.576793,4.469
676,6.584276,7.483
677,6.590999,6.723
678,6.596602,5.603
679,6.602009,5.407
680,6.60716,5.151
681,6.614013,6.853
682,6.618579,4.566
683,6.623473,4.894
684,6.628279,4.806
685,6.632591,4.312
686,6.637059,4.468
687,6.641756,4.697
688,6.645272,3.516
689,6.649189,3.917
690,6.65321,4.021
691,6.658421,5.211
692,6.663461,5.04
693,6.667748,4.287
694,6.672751,5.003
695,6.677567,4.816
696,6.681621,4.054
697,6.686802,5.181
698,6.690861,4.059
699,6.695071,4.21
700,6.699445,4.374
701,6.704422,4.977
702,6.708928,4.506
703,6.713295,4.367
704,6.719021,5.726
705,6.723514,4.493
706,6.727543,4.029
707,6.731583,4.04
708,6.736074,4.491
709,6.741193,5.119
710,6.745405,4.212
711,6.750319,4.914
712,6.754705,4.386
713,6.759207,4.502
714,6.763604,4.397
715,6.769219,5.615
716,6.774179,4.96
717,6.778186,4.007
718,6.783404,5.218
719,6.787777,4.373
720,6.795926,8.149
721,6.801151,5.225
722,6.80557,4.419
723,6.810254,4.684
724,6.814683,4.429
725,6.819896,5.213
726,6.82467,4.774
727,6.828881,4.211
728,6.83497,6.089
729,6.839585,4.615
730,6.844113,4.528
731,6.848246,4.133
732,6.852998,4.752
733,6.857706,4.708
734,6.861678,3.972
735,6.867644,5.966
736,6.871912,4.268
737,6.876975,5.063
738,6.881344,4.369
739,6.886286,4.942
740,6.890765,4.479
741,6.895317,4.552
742,6.90162,6.303
743,6.906532,4.912
744,6.910718,4.186
745,6.915044,4.326
746,6.920496,5.452
747,6.924572,4.076
748,6.928288,3.716
749,6.933843,5.555
750,6.937969,4.126
751,6.942703,4.734
752,6.946502,3.799
753,6.951943,5.441
754,6.956275,4.332
755,6.959783,3.508
756,6.964363,4.58
757,6.968692,4.329
758,6.973934,5.242
759,6.977583,3.649
760,6.981844,4.261
761,6.986325,4.481
762,6.990623,4.298
763,6.995504,4.881
764,6.999611,4.107
765,7.004231,4.62
766,7.008349,4.118
767,7.012316,3.967
768,7.017094,4.778
769,7.021636,4.542
770,7.026824,5.188
771,7.030732,3.908
772,7.034426,3.694
773,7.039541,5.115
774,7.044599,5.058
775,7.049319,4.72
776,7.053384,4.065
777,7.058539,5.155
778,7.062556,4.017
779,7.06647,3.914
780,7.071201,4.731
781,7.076777,5.576
782,7.081244,4.467
783,7.085102,3.858
784,7.089982,4.88
785,7.094268,4.286
786,7.098249,3.981
787,7.102465,4.216
788,7.107092,4.627
789,7.111956,4.864
790,7.115922,3.966
791,7.119864,3.942
792,7.124562,4.698
793,7.129841,5.279
794,7.13374,3.899
795,7.137698,3.958
796,7.143781,6.083
797,7.148853,5.072
798,7.153367,4.514
799,7.157734,4.367
800,7.161442,3.708
801,7.166362,4.92
802,7.170572,4.21
803,7.175849,5.277
804,7.179991,4.142
805,7.184582,4.591
806,7.188788,4.206
807,7.192036,3.248
808,7.196061,4.025
809,7.200371,4.31
810,7.204221,3.85
811,7.20893800000001,4.717
812,7.212539,3.601
813,7.21707200000001,4.533
814,7.22162900000001,4.557
815,7.22609700000001,4.468
816,7.23070300000001,4.606
817,7.23557700000001,4.874
818,7.24025300000001,4.676
819,7.24428800000001,4.035
820,7.24831500000001,4.027
821,7.253174,4.859
822,7.25733,4.156
823,7.26161,4.28
824,7.26651,4.9
825,7.272542,6.032
826,7.276696,4.154
827,7.28049200000001,3.796
828,7.285045,4.553
829,7.289384,4.339
830,7.293768,4.384
831,7.297725,3.957
832,7.302019,4.294
833,7.306693,4.674
834,7.310891,4.198
835,7.314928,4.037
836,7.319289,4.361
837,7.323433,4.144
838,7.327244,3.811
839,7.33139,4.146
840,7.336578,5.188
841,7.34039900000001,3.821
842,7.343879,3.48
843,7.348464,4.585
844,7.353275,4.811
845,7.358106,4.831
846,7.361917,3.811
847,7.366872,4.955
848,7.37089,4.018
849,7.375452,4.562
850,7.379919,4.467
851,7.384567,4.648
852,7.38920600000001,4.639
853,7.393327,4.121
854,7.397188,3.861
855,7.402175,4.987
856,7.406574,4.399
857,7.411093,4.519
858,7.415229,4.136
859,7.419942,4.713
860,7.424271,4.329
861,7.427807,3.536
862,7.431872,4.065
863,7.436543,4.671
864,7.440703,4.16
865,7.444866,4.163
866,7.44985,4.984
867,7.454253,4.403
868,7.458655,4.402
869,7.46269300000001,4.038
870,7.46731500000001,4.622
871,7.47135200000001,4.037
872,7.47631800000001,4.966
873,7.48028700000001,3.969
874,7.48567100000001,5.384
875,7.49010700000001,4.436
876,7.49365700000001,3.55
877,7.49763400000001,3.977
878,7.50199300000001,4.359
879,7.50724400000001,5.251
880,7.51101600000001,3.772
881,7.51469500000001,3.679
882,7.519688,4.993
883,7.523857,4.169
884,7.527415,3.558
885,7.53134400000001,3.929
886,7.53578200000001,4.438
887,7.54077600000001,4.994
888,7.54431300000001,3.537
889,7.548091,3.778
890,7.55261700000001,4.526
891,7.556935,4.318
892,7.561726,4.791
893,7.566369,4.643
894,7.570318,3.949
895,7.57446400000001,4.146
896,7.57831400000001,3.85
897,7.58257700000001,4.263
898,7.586706,4.129
899,7.59177900000001,5.073
900,7.595463,3.684
901,7.599765,4.302
902,7.603927,4.162
903,7.608292,4.365
904,7.612282,3.99
905,7.61718400000001,4.902
906,7.62137100000001,4.187
907,7.62542800000001,4.057
908,7.62930800000001,3.88
909,7.63437800000001,5.07
910,7.63898500000001,4.607
911,7.64351500000001,4.53
912,7.64741100000001,3.896
913,7.651844,4.433
914,7.656559,4.715
915,7.660547,3.988
916,7.66494700000001,4.4
917,7.66963200000001,4.685
918,7.67440000000001,4.768
919,7.67886200000001,4.462
920,7.69151600000001,12.654
921,7.70701400000001,15.498
922,7.72718300000001,20.169
923,7.74568300000001,18.5
924,7.76213100000001,16.448
925,7.78633100000001,24.2
926,7.80586300000001,19.532
927,7.82637000000001,20.507
928,7.84707800000001,20.708
929,7.86339800000001,16.32
930,7.88208300000001,18.685
931,7.90429200000001,22.209
932,7.91971600000001,15.424
933,7.94385200000001,24.136
934,7.96238500000001,18.533
935,7.97768600000001,15.301
936,8.00124400000001,23.558
937,8.02063600000001,19.392
938,8.04062900000001,19.993
939,8.06171900000001,21.09
940,8.07732400000001,15.605
941,8.09633800000001,19.014
942,8.11855300000001,22.215
943,8.13389000000001,15.337
944,8.15292800000001,19.038
945,8.17119900000001,18.271
946,8.18724700000001,16.048
947,8.20610400000001,18.857
948,8.22893700000001,22.833
949,8.24393300000001,14.996
950,8.26764500000001,23.712
951,8.28696600000001,19.321
952,8.30694000000001,19.974
953,8.32760000000001,20.66
954,8.34355300000001,15.953
955,8.36251000000001,18.957
956,8.38524100000001,22.731
957,8.40022200000001,14.981
958,8.42401100000001,23.789
959,8.44334400000001,19.333
960,8.46336400000001,20.02
961,8.48391300000001,20.549
962,8.49980400000001,15.891
963,8.51856900000001,18.765
964,8.54098700000001,22.418
965,8.55579200000001,14.805
966,8.57938400000001,23.592
967,8.59861500000001,19.231
968,8.62068100000001,22.066
969,8.64064300000001,19.962
970,8.66157100000001,20.928
971,8.67693000000001,15.359
972,8.69556000000001,18.63
973,8.71780600000001,22.246
974,8.73318800000001,15.382
975,8.75682400000001,23.636
976,8.77648500000001,19.661
977,8.79606300000001,19.578
978,8.81637700000001,20.314
979,8.83234200000001,15.965
980,8.85127100000001,18.929
981,8.87317500000001,21.904
982,8.88880600000001,15.631
983,8.91191500000001,23.109
984,8.93123500000001,19.32
985,8.95127300000001,20.038
986,8.97192700000001,20.654
987,8.98786400000001,15.937
988,9.00721300000001,19.349
989,9.02884600000001,21.633
990,9.04416900000001,15.323
991,9.06764300000001,23.474
992,9.08672200000001,19.079
993,9.10668900000001,19.967
994,9.12741800000001,20.729
995,9.14306200000001,15.644
996,9.16200300000001,18.941
997,9.18431100000001,22.308
998,9.19944300000001,15.132
999,9.22305000000001,23.607
1000,9.24270100000001,19.651
1001,9.26231500000001,19.614
1002,9.28261100000001,20.296
1003,9.29849400000001,15.883
1004,9.31740500000001,18.911
1005,9.33941700000001,22.012
1006,9.35487200000001,15.455
1007,9.37344400000001,18.572
1008,9.39654200000001,23.098
1009,9.41164300000001,15.101
1010,9.43541700000001,23.774
1011,9.45467900000001,19.262
1012,9.47015200000001,15.473
1013,9.49344300000001,23.291
1014,9.51273200000001,19.289
1015,9.53262400000001,19.892
1016,9.55272400000001,20.1
1017,9.57305600000001,20.332
1018,9.58932400000001,16.268
1019,9.60765900000001,18.335
1020,9.62965800000001,21.999
1021,9.64486400000001,15.206
1022,9.66815000000001,23.286
1023,9.68304800000001,14.898
1024,9.70383600000001,20.788
1025,9.71916400000001,15.328
1026,9.73777000000001,18.606
1027,9.75984200000001,22.072
1028,9.77475600000001,14.914
1029,9.79332900000001,18.573
1030,9.81541500000001,22.086
1031,9.83101100000001,15.596
1032,9.84907400000001,18.063
1033,9.87094800000001,21.874
1034,9.88604500000001,15.097
1035,9.90895300000001,22.908
1036,9.92788900000001,18.936
1037,9.94274500000001,14.856
1038,9.96598200000001,23.237
1039,9.98077800000001,14.796
1040,10.00315,22.372
1041,10.017925,14.775
1042,10.040946,23.021
1043,10.060183,19.237
1044,10.075208,15.025
1045,10.094151,18.943
1046,10.115771,21.62
1047,10.130933,15.162
1048,10.149531,18.598
1049,10.167551,18.02
1050,10.183222,15.671
1051,10.201862,18.64
1052,10.219779,17.917
1053,10.235485,15.706
1054,10.254084,18.599
1055,10.272201,18.117
1056,10.287795,15.594
1057,10.306468,18.673
1058,10.324708,18.24
1059,10.340095,15.387
1060,10.358544,18.449
1061,10.376864,18.32
1062,10.392248,15.384
1063,10.411049,18.801
1064,10.428866,17.817
1065,10.444588,15.722
1066,10.463267,18.679
1067,10.481364,18.097
1068,10.496874,15.51
1069,10.515633,18.759
1070,10.538172,22.539
1071,10.552844,14.672
1072,10.576184,23.34
1073,10.591209,15.025
1074,10.613607,22.398
1075,10.628791,15.184
1076,10.647483,18.692
1077,10.669501,22.018
1078,10.684742,15.241
1079,10.703311,18.569
1080,10.725708,22.397
1081,10.740248,14.54
1082,10.763376,23.128
1083,10.7785,15.124
1084,10.793951,15.451
1085,10.812719,18.768
1086,10.830425,17.706
1087,10.840667,10.242
1088,10.845359,4.692
1089,10.848669,3.31
1090,10.852409,3.74
1091,10.858422,6.013
1092,10.861576,3.154
1093,10.864718,3.142
1094,10.868424,3.706
1095,10.87212,3.696
1096,10.877521,5.401
1097,10.880542,3.021
1098,10.88373,3.188
1099,10.887609,3.879
1100,10.892994,5.385
1101,10.895925,2.931
1102,10.899385,3.46
1103,10.903038,3.653
1104,10.908259,5.221
1105,10.912435,4.176
1106,10.915836,3.401
1107,10.919527,3.691
1108,10.924451,4.924
1109,10.928805,4.354
1110,10.932583,3.778
1111,10.936033,3.45
1112,10.941006,4.973
1113,10.944445,3.439
1114,10.948877,4.432
1115,10.952641,3.764
1116,10.957282,4.641
1117,10.960819,3.537
1118,10.965058,4.239
1119,10.968331,3.273
1120,10.971501,3.17
1121,10.976043,4.542
1122,10.979473,3.43
1123,10.983813,4.34
1124,10.98696,3.147
1125,10.991449,4.489
1126,10.995025,3.576
1127,10.999259,4.234
1128,11.003037,3.778
1129,11.007506,4.469
1130,11.011057,3.551
1131,11.014754,3.697
1132,11.019045,4.291
1133,11.023133,4.088
1134,11.027287,4.154
1135,11.030184,2.897
1136,11.034762,4.578
1137,11.038403,3.641
1138,11.042507,4.104
1139,11.046006,3.499
1140,11.050475,4.469
1141,11.053762,3.287
1142,11.058178,4.416
1143,11.061773,3.595
1144,11.065427,3.654
1145,11.070002,4.575
1146,11.073948,3.946
1147,11.07794,3.992
1148,11.081362,3.422
1149,11.085624,4.262
1150,11.088498,2.874
1151,11.093174,4.676
1152,11.096775,3.601
1153,11.101228,4.453
1154,11.104804,3.576
1155,11.111241,6.437
1156,11.114731,3.49
1157,11.119511,4.78
1158,11.123198,3.687
1159,11.12653,3.332
1160,11.129948,3.418
1161,11.13495,5.002
1162,11.138473,3.523
1163,11.141538,3.065
1164,11.145117,3.579
1165,11.148208,3.091
1166,11.152602,4.394
1167,11.156237,3.635
1168,11.159856,3.619
1169,11.163384,3.528
1170,11.168146,4.762
1171,11.171581,3.435
1172,11.175843,4.262
1173,11.179846,4.003
1174,11.183741,3.895
1175,11.18706,3.319
1176,11.191359,4.299
1177,11.195096,3.737
1178,11.198669,3.573
1179,11.203093,4.424
1180,11.207877,4.784
1181,11.211322,3.445
1182,11.214938,3.616
1183,11.219395,4.457
1184,11.223066,3.671
1185,11.227084,4.018
1186,11.239405,12.321
1187,11.252545,13.14
1188,11.265676,13.131
1189,11.281621,15.945
1190,11.295794,14.173
1191,11.306475,10.681
1192,11.319003,12.528
1193,11.331913,12.91
1194,11.343224,11.311
1195,11.354961,11.737
1196,11.363536,8.575
1197,11.37388,10.344
1198,11.382839,8.959
1199,11.390622,7.783
1200,11.401375,10.753
1201,11.414889,13.514
1202,11.422463,7.574
1203,11.43405,11.587
1204,11.445972,11.922
1205,11.45335,7.378
1206,11.463285,9.935
1207,11.47564,12.355
1208,11.483279,7.639
1209,11.488518,5.239
1210,11.502492,13.974
1211,11.50799,5.498
1212,11.52454,16.55
1213,11.530722,6.182
1214,11.538414,7.692
1215,11.544961,6.547
1216,11.552164,7.203
1217,11.556108,3.944
1218,11.560907,4.799
1219,11.564453,3.546
1220,11.567498,3.045
1221,11.571592,4.094
1222,11.577383,5.791
1223,11.580766,3.383
1224,11.584436,3.67
1225,11.587964,3.528
1226,11.593398,5.434
1227,11.596223,2.825
1228,11.599742,3.519
1229,11.603432,3.69
1230,11.608905,5.473
1231,11.612317,3.412
1232,11.615482,3.165
1233,11.619083,3.601
1234,11.625232,6.149
1235,11.628589,3.357
1236,11.631859,3.27
1237,11.636412,4.553
1238,11.64033,3.918
1239,11.645214,4.884
1240,11.648725,3.511
1241,11.652511,3.786
1242,11.656679,4.168
1243,11.661064,4.385
1244,11.664108,3.044
1245,11.667689,3.581
1246,11.671099,3.41
1247,11.675737,4.638
1248,11.680011,4.274
1249,11.683406,3.395
1250,11.68658,3.174
1251,11.691287,4.707
1252,11.695615,4.328
1253,11.698714,3.099
1254,11.70212,3.406
1255,11.707168,5.048
1256,11.711108,3.94
1257,11.715178,4.07
1258,11.718543,3.365
1259,11.723396,4.853
1260,11.726892,3.496
1261,11.731279,4.387
1262,11.734654,3.375
1263,11.738952,4.298
1264,11.74285,3.898
1265,11.746303,3.453
1266,11.751224,4.921
1267,11.75491,3.686
1268,11.758599,3.689
1269,11.762118,3.519
1270,11.766587,4.469
1271,11.770086,3.499
1272,11.774365,4.279
1273,11.777875,3.51
1274,11.781417,3.542
1275,11.785944,4.527
1276,11.790639,4.695
1277,11.794379,3.74
1278,11.797908,3.529
1279,11.802222,4.314
1280,11.806148,3.926
1281,11.810167,4.019
1282,11.813579,3.412
1283,11.81819,4.611
1284,11.821663,3.473
1285,11.825614,3.951
1286,11.829151,3.537
1287,11.833694,4.543
1288,11.83774,4.046
1289,11.841417,3.677
1290,11.844933,3.516
1291,11.848697,3.764
1292,11.852951,4.254
1293,11.857771,4.82
1294,11.86113,3.359
1295,11.864742,3.612
1296,11.869253,4.511
1297,11.8736,4.347
1298,11.877113,3.513
1299,11.881193,4.08
1300,11.885271,4.078
1301,11.888784,3.513
1302,11.892709,3.925
1303,11.896096,3.387
1304,11.900821,4.725
1305,11.90403,3.209
1306,11.908363,4.333
1307,11.912019,3.656
1308,11.916441,4.422
1309,11.92025,3.809
1310,11.924648,4.398
1311,11.928275,3.627
1312,11.931519,3.244
1313,11.936089,4.57
1314,11.940878,4.789
1315,11.944638,3.76
1316,11.948248,3.61
1317,11.952645,4.397
1318,11.957537,4.892
1319,11.961147,3.61
1320,11.964911,3.764
1321,11.969278,4.367
1322,11.973873,4.595
1323,11.977603,3.73
1324,11.981208,3.605
1325,11.985647,4.439
1326,11.990505,4.858
1327,11.994159,3.654
1328,12.000909,6.75
1329,12.004933,4.024
1330,12.008264,3.331
1331,12.011513,3.249
1332,12.014896,3.383
1333,12.019483,4.587
1334,12.023224,3.741
1335,12.026585,3.361
1336,12.030202,3.617
1337,12.034496,4.294
1338,12.038738,4.242
1339,12.042332,3.594
1340,12.045743,3.411
1341,12.050701,4.958
1342,12.054606,3.905
1343,12.057718,3.112
1344,12.061616,3.898
1345,12.065039,3.423
1346,12.069581,4.542
1347,12.07446,4.879
1348,12.078297,3.837
1349,12.081721,3.424
1350,12.086112,4.391
1351,12.090954,4.842
1352,12.094482,3.528
1353,12.098223,3.741
1354,12.102492,4.269
1355,12.107026,4.534
1356,12.110557,3.531
1357,12.114346,3.789
1358,12.119257,4.911
1359,12.122982,3.725
1360,12.126755,3.773
1361,12.130268,3.513
1362,12.13484,4.572
1363,12.138009,3.169
1364,12.142097,4.088
1365,12.145827,3.73
1366,12.150713,4.886
1367,12.154863,4.15
1368,12.158639,3.776
1369,12.161646,3.007
1370,12.165048,3.402
1371,12.169614,4.566
1372,12.174459,4.845
1373,12.178132,3.673
1374,12.181895,3.763
1375,12.186022,4.127
1376,12.191129,5.107
1377,12.194575,3.446
1378,12.198138,3.563
1379,12.202844,4.706
1380,12.207444,4.6
1381,12.210965,3.521
1382,12.214572,3.607
1383,12.218852,4.28
1384,12.223182,4.33
1385,12.226861,3.679
1386,12.230534,3.673
1387,12.234746,4.212
1388,12.238227,3.481
1389,12.242696,4.469
1390,12.248329,5.633
1391,12.254076,5.747
1392,12.257981,3.905
1393,12.261829,3.848
1394,12.267773,5.944
1395,12.271583,3.81
1396,12.275101,3.518
1397,12.278622,3.521
1398,12.282128,3.506
1399,12.286853,4.725
1400,12.29024,3.387
1401,12.293376,3.136
1402,12.296403,3.027
1403,12.301039,4.636
1404,12.303964,2.925
1405,12.30838,4.416
1406,12.311805,3.425
1407,12.315581,3.776
1408,12.320106,4.525
1409,12.324618,4.512
1410,12.328357,3.739
1411,12.331819,3.462
1412,12.336224,4.405
1413,12.340599,4.375
1414,12.344085,3.486
1415,12.347636,3.551
1416,12.352244,4.608
1417,12.35701,4.766
1418,12.360932,3.922
1419,12.364119,3.187
1420,12.368317,4.198
1421,12.372309,3.992
1422,12.376108,3.799
1423,12.379524,3.416
1424,12.38403,4.506
1425,12.386937,2.907
1426,12.391855,4.918
1427,12.395197,3.342
1428,12.399769,4.572
1429,12.403389,3.62
1430,12.407305,3.916
1431,12.410764,3.459
1432,12.41436,3.596
1433,12.423885,9.525
1434,12.443776,19.891
1435,12.459225,15.449
1436,12.477831,18.606
1437,12.499717,21.886
1438,12.514772,15.055
1439,12.533423,18.651
1440,12.555416,21.993
1441,12.57037,14.954
1442,12.589057,18.687
1443,12.611481,22.424
1444,12.626426,14.945
1445,12.649454,23.028
1446,12.668762,19.308
1447,12.683523,14.761
1448,12.70677,23.247
1449,12.726355,19.585
1450,12.740833,14.478
1451,12.764371,23.538
1452,12.783273,18.902
1453,12.802917,19.644
1454,12.818526,15.609
1455,12.837605,19.079
1456,12.858947,21.342
1457,12.873986,15.039
1458,12.892764,18.778
1459,12.910792,18.028
1460,12.926498,15.706
1461,12.945166,18.668
1462,12.963476,18.31
1463,12.978787,15.311
1464,12.997394,18.607
1465,13.019386,21.992
1466,13.03448,15.094
1467,13.053752,19.272
1468,13.074975,21.223
1469,13.089991,15.016
1470,13.11353,23.539
1471,13.128191,14.661
1472,13.150839,22.648
1473,13.165742,14.903
1474,13.189122,23.38
1475,13.204218,15.096
1476,13.224369,20.151
1477,13.240083,15.714
1478,13.258972,18.889
1479,13.27671,17.738
1480,13.29224,15.53
1481,13.310713,18.473
1482,13.333184,22.471
1483,13.34762,14.436
1484,13.366165,18.545
1485,13.384998,18.833
1486,13.404694,19.696
1487,13.424411,19.717
1488,13.439823,15.412
1489,13.458967,19.144
1490,13.476854,17.887
1491,13.492122,15.268
1492,13.510997,18.875
1493,13.528593,17.596
1494,13.544339,15.746
1495,13.562799,18.46
1496,13.584766,21.967
1497,13.599856,15.09
1498,13.618452,18.596
1499,13.636654,18.202
1500,13.652325,15.671
1501,13.671469,19.144
1502,13.688877,17.408
1503,13.704557,15.68
1504,13.723247,18.69
1505,13.741335,18.088
1506,13.757012,15.677
1507,13.775571,18.559
1508,13.797487,21.916
1509,13.81253,15.043
1510,13.830974,18.444
1511,13.853175,22.201
1512,13.867679,14.504
1513,13.891017,23.338
1514,13.910014,18.997
1515,13.925195,15.181
1516,13.943646,18.451
1517,13.965666,22.02
1518,13.980821,15.155
1519,13.999397,18.576
1520,14.021384,21.987
1521,14.036452,15.068
1522,14.055198,18.746
1523,14.073451,18.253
1524,14.088716,15.265
1525,14.111777,23.061
1526,14.130821,19.044
1527,14.150452,19.631
1528,14.166,15.548
1529,14.184608,18.608
1530,14.202482,17.874
1531,14.218039,15.557
1532,14.236829,18.79
1533,14.254812,17.983
1534,14.270403,15.591
1535,14.292322,21.919
1536,14.307235,14.913
1537,14.33046,23.225
1538,14.345038,14.578
1539,14.363184,18.146
1540,14.378014,14.83
1541,14.393125,15.111
1542,14.412473,19.348
1543,14.430905,18.432
1544,14.446464,15.559
1545,14.465234,18.77
1546,14.48345,18.216
1547,14.499152,15.702
1548,14.518367,19.215
1549,14.535755,17.388
1550,14.551223,15.468
1551,14.56983,18.607
1552,14.588166,18.336
1553,14.603392,15.226
1554,14.621907,18.515
1555,14.639952,18.045
1556,14.655559,15.607
1557,14.674344,18.785
1558,14.692221,17.877
1559,14.707886,15.665
1560,14.726598,18.712
1561,14.744534,17.936
1562,14.760238,15.704
1563,14.778812,18.574
1564,14.801281,22.469
1565,14.815887,14.606
1566,14.839079,23.192
1567,14.854097,15.018
1568,14.869666,15.569
1569,14.888441,18.775
1570,14.906255,17.814
1571,14.921885,15.63
1572,14.940729,18.844
1573,14.958472,17.743
1574,14.974203,15.731
1575,14.992821,18.618
1576,15.010947,18.126
1577,15.026572,15.625
1578,15.04521,18.638
1579,15.063282,18.072
1580,15.079297,16.015
1581,15.097767,18.47
1582,15.120146,22.379
1583,15.134763,14.617
1584,15.156468,21.705
1585,15.175664,19.196
1586,15.195262,19.598
1587,15.215514,20.252
1588,15.231077,15.563
1589,15.249682,18.605
1590,15.27192,22.238
1591,15.286755,14.835
1592,15.305308,18.553
1593,15.323285,17.977
1594,15.339275,15.99
1595,15.357556,18.281
1596,15.379617,22.061
1597,15.394597,14.98
1598,15.413168,18.571
1599,15.431231,18.063
1600,15.446897,15.666
1601,15.465609,18.712
1602,15.483455,17.846
1603,15.499091,15.636
1604,15.517842,18.751
1605,15.539951,22.109
1606,15.555305,15.354
1607,15.573445,18.14
1608,15.582603,9.158
1609,15.587131,4.528
1610,15.59191,4.779
1611,15.595343,3.433
1612,15.598801,3.458
1613,15.603607,4.806
1614,15.607269,3.662
1615,15.611509,4.24
1616,15.615333,3.824
1617,15.620085,4.752
1618,15.623804,3.719
1619,15.628031,4.227
1620,15.631949,3.918
1621,15.636617,4.668
1622,15.640245,3.628
1623,15.644529,4.284
1624,15.649849,5.32
1625,15.654066,4.217
1626,15.6594,5.334
1627,15.663354,3.954
1628,15.669067,5.713
1629,15.672701,3.634
1630,15.676789,4.088
1631,15.683143,6.354
1632,15.687072,3.929
1633,15.690237,3.165
1634,15.693371,3.134
1635,15.696441,3.07
1636,15.701433,4.992
1637,15.704653,3.22
1638,15.708175,3.522
1639,15.711427,3.252
1640,15.715059,3.632
1641,15.7208,5.741
1642,15.724705,3.905
1643,15.727894,3.189
1644,15.731803,3.909
1645,15.736283,4.48
1646,15.739198,2.915
1647,15.742844,3.646
1648,15.74648,3.636
1649,15.751131,4.651
1650,15.754917,3.786
1651,15.758468,3.551
1652,15.7622,3.732
1653,15.766688,4.488
1654,15.771048,4.36
1655,15.774582,3.534
1656,15.778344,3.762
1657,15.781801,3.457
1658,15.787992,6.191
1659,15.79135,3.358
1660,15.794525,3.175
1661,15.798043,3.518
1662,15.803568,5.525
1663,15.807278,3.71
1664,15.810745,3.467
1665,15.814134,3.389
1666,15.818137,4.003
1667,15.822288,4.151
1668,15.825843,3.555
1669,15.829394,3.551
1670,15.833774,4.38
1671,15.838245,4.471
1672,15.841825,3.58
1673,15.845409,3.584
1674,15.849852,4.443
1675,15.854724,4.872
1676,15.85842,3.696
1677,15.861884,3.464
1678,15.865419,3.535
1679,15.871837,6.418
1680,15.874935,3.098
1681,15.878195,3.26
1682,15.882042,3.847
1683,15.887848,5.806
1684,15.89118,3.332
1685,15.894539,3.359
1686,15.897979,3.44
1687,15.903754,5.775
1688,15.90715,3.396
1689,15.910117,2.967
1690,15.914135,4.018
1691,15.91809,3.955
1692,15.922342,4.252
1693,15.925948,3.606
1694,15.929603,3.655
1695,15.934008,4.405
1696,15.938084,4.076
1697,15.94163,3.546
1698,15.945271,3.641
1699,15.950186,4.915
1700,15.954101,3.915
1701,15.957778,3.677
1702,15.961113,3.335
1703,15.964556,3.443
1704,15.970192,5.636
1705,15.973454,3.262
1706,15.976993,3.539
1707,15.980844,3.851
1708,15.98516,4.316
1709,15.988831,3.671
1710,15.992324,3.493
1711,15.995895,3.571
1712,16.000299,4.404
1713,16.004638,4.339
1714,16.008209,3.571
1715,16.011451,3.242
1716,16.015245,3.794
1717,16.02068,5.435
1718,16.023931,3.251
1719,16.027209,3.278
1720,16.030876,3.667
1721,16.035257,4.381
1722,16.038888,3.631
1723,16.042478,3.59
1724,16.04598,3.502
1725,16.05221,6.23
1726,16.055588,3.378
1727,16.058589,3.001
1728,16.061706,3.117
1729,16.065344,3.638
1730,16.071956,6.612
1731,16.075146,3.19
1732,16.077809,2.663
1733,16.081607,3.798
1734,16.087056,5.449
1735,16.09079,3.734
1736,16.094411,3.621
1737,16.097849,3.438
1738,16.102904,5.055
1739,16.106634,3.73
1740,16.110042,3.408
1741,16.113393,3.351
1742,16.117811,4.418
1743,16.121313,3.502
1744,16.124894,3.581
1745,16.128156,3.262
1746,16.131944,3.788
1747,16.137428,5.484
1748,16.140708,3.28
1749,16.144016,3.308
1750,16.148568,4.552
1751,16.153664,5.096
1752,16.157,3.336
1753,16.159771,2.771
1754,16.163702,3.931
1755,16.168468,4.766
1756,16.172198,3.73
1757,16.175633,3.435
1758,16.179174,3.541
1759,16.183638,4.464
1760,16.187495,3.857
1761,16.191058,3.563
1762,16.194603,3.545
1763,16.198073,3.47
1764,16.203625,5.552
1765,16.206836,3.211
1766,16.210137,3.301
1767,16.213691,3.554
1768,16.217813,4.122
1769,16.222065,4.252
1770,16.225587,3.522
1771,16.229086,3.499
1772,16.233597,4.511
1773,16.237459,3.862
1774,16.241064,3.605
1775,16.2446,3.536
1776,16.248124,3.524
1777,16.253687,5.563
1778,16.257223,3.536
1779,16.260048,2.825
1780,16.263736,3.688
1781,16.267797,4.061
1782,16.271848,4.051
1783,16.275355,3.507
1784,16.278832,3.477
1785,16.283279,4.447
1786,16.287654,4.375
1787,16.290996,3.342
1788,16.294628,3.632
1789,16.298175,3.547
1790,16.304285,6.11
1791,16.307492,3.207
1792,16.310627,3.135
1793,16.314196,3.569
1794,16.318853,4.657
1795,16.322078,3.225
1796,16.325655,3.577
1797,16.331613,5.958
1798,16.335477,3.864
1799,16.338808,3.331
1800,16.341779,2.971
1801,16.34472,2.941
1802,16.348206,3.486
1803,16.354482,6.276
1804,16.358083,3.601
1805,16.361574,3.491
1806,16.365279,3.705
1807,16.370362,5.083
1808,16.373804,3.442
1809,16.376667,2.863
1810,16.380238,3.571
1811,16.384496,4.258
1812,16.388396,3.9
1813,16.392046,3.65
1814,16.395593,3.547
1815,16.398978,3.385
1816,16.404521,5.543
1817,16.407703,3.182
1818,16.411078,3.375
1819,16.415062,3.984
1820,16.420362,5.3
1821,16.424372,4.01
1822,16.427734,3.362
1823,16.431209,3.475
1824,16.437053,5.844
1825,16.440177,3.124
1826,16.443341,3.164
1827,16.447025,3.684
1828,16.451737,4.712
1829,16.455019,3.282
1830,16.458564,3.545
1831,16.462245,3.681
1832,16.466713,4.468
1833,16.470438,3.725
1834,16.474037,3.599
1835,16.47764,3.603
1836,16.481107,3.467
1837,16.487417,6.31
1838,16.490845,3.428
1839,16.493945,3.1
1840,16.49767,3.725
1841,16.502793,5.123
1842,16.506298,3.505
1843,16.509805,3.507
1844,16.514513,4.708
1845,16.518929,4.416
1846,16.521976,3.047
1847,16.524752,2.776
1848,16.528096,3.344
1849,16.53172,3.624
1850,16.537573,5.853
1851,16.540708,3.135
1852,16.543861,3.153
1853,16.547514,3.653
1854,16.552078,4.564
1855,16.555678,3.6
1856,16.558952,3.274
1857,16.562615,3.663
1858,16.566792,4.177
1859,16.571117,4.325
1860,16.574757,3.64
1861,16.578323,3.566
1862,16.581841,3.518
1863,16.588021,6.18
1864,16.590906,2.885
1865,16.594511,3.605
1866,16.598259,3.748
1867,16.604414,6.155
1868,16.607913,3.499
1869,16.610771,2.858
1870,16.614102,3.331
1871,16.61861,4.508
1872,16.622227,3.617
1873,16.625895,3.668
1874,16.62941,3.515
1875,16.633674,4.264
1876,16.637735,4.061
1877,16.641205,3.47
1878,16.644795,3.59
1879,16.648425,3.63
1880,16.654177,5.752
1881,16.657917,3.74
1882,16.661158,3.241
1883,16.664388,3.23
1884,16.670574,6.186
1885,16.673797,3.223
1886,16.677008,3.211
1887,16.6807,3.692
1888,16.686098,5.398
1889,16.68978,3.682
1890,16.692525,2.745
1891,16.696005,3.48
1892,16.700942,4.937
1893,16.704397,3.455
1894,16.707929,3.532
1895,16.711446,3.517
1896,16.715291,3.845
1897,16.721472,6.181
1898,16.724447,2.975
1899,16.727781,3.334
1900,16.731154,3.373
1901,16.737394,6.24
1902,16.740825,3.431
1903,16.74424,3.415
1904,16.747318,3.078
1905,16.752598,5.28
1906,16.755943,3.345
1907,16.75867,2.727
1908,16.762431,3.761
1909,16.767013,4.582
1910,16.770973,3.96
1911,16.774467,3.494
1912,16.777682,3.215
1913,16.781396,3.714
1914,16.788209,6.813
1915,16.792345,4.136
1916,16.796385,4.04
1917,16.800599,4.214
1918,16.804269,3.67
1919,16.808296,4.027
1920,16.811966,3.67
1921,16.816343,4.377
1922,16.820707,4.364
1923,16.823659,2.952
1924,16.826789,3.13
1925,16.830337,3.548
1926,16.834957,4.62
1927,16.838355,3.398
1928,16.841528,3.173
1929,16.844937,3.409
1930,16.848317,3.38
1931,16.854288,5.971
1932,16.85743,3.142
1933,16.860799,3.369
1934,16.86426,3.461
1935,16.870464,6.204
1936,16.874017,3.553
1937,16.877211,3.194
1938,16.880705,3.494
1939,16.885966,5.261
1940,16.88899,3.024
1941,16.892782,3.792
1942,16.89601,3.228
1943,16.900442,4.432
1944,16.904507,4.065
1945,16.908042,3.535
1946,16.911551,3.509
1947,16.915235,3.684
1948,16.919541,4.306
1949,16.923037,3.496
1950,16.926154,3.117
1951,16.931124,4.97
1952,16.93547,4.346
1953,16.938563,3.093
1954,16.941737,3.174
1955,16.945486,3.749
1956,16.950411,4.925
1957,16.953314,2.903
1958,16.956887,3.573
1959,16.960474,3.587
1960,16.965421,4.947
1961,16.969597,4.176
1962,16.972983,3.386
1963,16.976212,3.229
1964,16.981343,5.131
1965,16.985313,3.97
1966,16.988823,3.51
1967,16.991989,3.166
1968,16.99641,4.421
1969,17.00081,4.4
1970,17.00369,2.88
1971,17.007248,3.558
1972,17.010888,3.64
1973,17.016539,5.651
1974,17.019466,2.927
1975,17.022832,3.366
1976,17.026327,3.495
1977,17.031448,5.121
1978,17.035536,4.088
1979,17.03847,2.934
1980,17.042312,3.842
1981,17.045637,3.325
1982,17.050736,5.099
1983,17.054012,3.276
1984,17.057144,3.132
1985,17.060822,3.678
1986,17.065605,4.783
1987,17.069806,4.201
1988,17.073099,3.293
1989,17.076459,3.36
1990,17.081767,5.308
1991,17.086008,4.241
1992,17.08919,3.182
1993,17.092489,3.299
1994,17.097539,5.05
1995,17.101548,4.009
1996,17.104538,2.99
1997,17.108514,3.976
1998,17.113175,4.661
1999,17.117383,4.208
2000,17.120885,3.502
2001,17.123676,2.791
2002,17.129013,5.337
2003,17.132184,3.171
2004,17.136473,4.289
2005,17.13987,3.397
2006,17.143866,3.996
2007,17.147801,3.935
2008,17.151744,3.943
2009,17.155017,3.273
2010,17.157767,2.75
2011,17.172157,14.39
2012,17.193039,20.882
2013,17.207739,14.7
2014,17.22604,18.301
2015,17.24387,17.83
2016,17.259196,15.326
2017,17.277499,18.303
2018,17.295319,17.82
2019,17.310588,15.269
2020,17.329736,19.148
2021,17.346755,17.019
2022,17.362494,15.739
2023,17.380484,17.99
2024,17.402528,22.044
2025,17.417104,14.576
2026,17.439973,22.869
2027,17.458812,18.839
2028,17.473578,14.766
2029,17.492062,18.484
2030,17.509769,17.707
2031,17.525024,15.255
2032,17.543477,18.453
2033,17.561214,17.737
2034,17.576513,15.299
2035,17.595001,18.488
2036,17.61265,17.649
2037,17.628141,15.491
2038,17.646361,18.22
2039,17.668451,22.09
2040,17.682838,14.387
2041,17.701267,18.429
2042,17.719167,17.9
2043,17.734326,15.159
2044,17.752823,18.497
2045,17.774455,21.632
2046,17.789395,14.94
2047,17.807865,18.47
2048,17.825481,17.616
2049,17.84082,15.339
2050,17.859176,18.356
2051,17.877152,17.976
2052,17.892796,15.644
2053,17.911158,18.362
2054,17.932809,21.651
2055,17.947644,14.835
2056,17.970835,23.191
2057,17.9894,18.565
2058,18.008817,19.417
2059,18.028942,20.125
2060,18.044566,15.624
2061,18.062847,18.281
2062,18.080676,17.829
2063,18.096098,15.422
2064,18.114307,18.209
2065,18.132164,17.857
2066,18.147694,15.53
2067,18.166154,18.46
2068,18.184396,18.242
2069,18.199327,14.931
2070,18.217776,18.449
2071,18.23552,17.744
2072,18.251045,15.525
2073,18.269413,18.368
2074,18.287295,17.882
2075,18.302612,15.317
2076,18.320993,18.381
2077,18.338781,17.788
2078,18.35427,15.489
2079,18.372662,18.392
2080,18.390208,17.546
2081,18.405721,15.513
2082,18.423986,18.265
2083,18.445682,21.696
2084,18.46115,15.468
2085,18.479161,18.011
2086,18.50128,22.119
2087,18.515766,14.486
2088,18.534474,18.708
2089,18.552374,17.9
2090,18.567406,15.032
2091,18.585792,18.386
2092,18.604698,18.906
2093,18.619055,14.357
2094,18.642141,23.086
2095,18.660912,18.771
2096,18.680497,19.585
2097,18.695776,15.279
2098,18.714242,18.466
2099,18.731856,17.614
2100,18.747262,15.406
2101,18.765497,18.235
2102,18.783687,18.19
2103,18.798794,15.107
2104,18.817236,18.442
2105,18.834974,17.738
2106,18.850313,15.339
2107,18.868605,18.292
2108,18.886155,17.55
2109,18.901413,15.258
2110,18.919646,18.233
2111,18.937394,17.748
2112,18.952802,15.408
2113,18.971158,18.356
2114,18.989037,17.879
2115,19.004495,15.458
2116,19.022634,18.139
2117,19.0443,21.666
2118,19.059092,14.792
2119,19.077518,18.426
2120,19.098853,21.335
2121,19.113566,14.713
2122,19.132103,18.537
2123,19.149989,17.886
2124,19.164948,14.959
2125,19.183293,18.345
2126,19.200794,17.501
2127,19.216139,15.345
2128,19.234468,18.329
2129,19.252277,17.809
2130,19.267649,15.372
2131,19.286205,18.556
2132,19.3039,17.695
2133,19.319173,15.273
2134,19.337408,18.235
2135,19.355085,17.677
2136,19.370282,15.197
2137,19.389509,19.227
2138,19.407592,18.083
2139,19.423088,15.496
2140,19.441669,18.581
2141,19.459749,18.08
2142,19.475297,15.548
2143,19.493785,18.488
2144,19.511562,17.777
2145,19.527261,15.699
2146,19.545466,18.205
2147,19.56335,17.884
2148,19.579281,15.931
2149,19.596943,17.662
2150,19.61543,18.487
2151,19.630299,14.869
2152,19.648945,18.646
2153,19.666989,18.044
2154,19.682239,15.25
2155,19.700662,18.423
2156,19.718476,17.814
2157,19.733656,15.18
2158,19.756807,23.151
2159,19.771716,14.909
2160,19.787102,15.386
2161,19.805543,18.441
2162,19.823331,17.788
2163,19.838822,15.491
2164,19.857504,18.682
2165,19.874988,17.484
2166,19.890506,15.518
2167,19.909037,18.531
2168,19.926806,17.769
2169,19.942021,15.215
2170,19.96045,18.429
2171,19.978378,17.928
2172,19.993523,15.145
2173,20.011884,18.361
2174,20.029575,17.691
2175,20.044888,15.313
2176,20.063273,18.385
2177,20.081105,17.832
2178,20.096431,15.326
2179,20.114745,18.314
2180,20.13234,17.595
2181,20.147474,15.134
2182,20.16567,18.196
2183,20.185195,19.525
2184,20.198496,13.301
2185,20.219355,20.859
2186,20.234039,14.684
2187,20.249205,15.166
2188,20.267631,18.426
2189,20.285299,17.668
2190,20.300586,15.287
2191,20.31874,18.154
2192,20.323678,4.938
2193,20.32935,5.672
2194,20.332681,3.331
2195,20.336831,4.15
2196,20.341594,4.763
2197,20.344997,3.403
2198,20.349149,4.152
2199,20.352559,3.41
2200,20.355617,3.058
2201,20.359933,4.316
2202,20.362694,2.761
2203,20.367639,4.945
2204,20.371143,3.504
2205,20.375292,4.149
2206,20.37923,3.938
2207,20.38342,4.19
2208,20.387191,3.771
2209,20.392288,5.097
2210,20.39699,4.702
2211,20.400697,3.707
2212,20.403377,2.68
2213,20.406335,2.958
2214,20.41057,4.235
2215,20.413726,3.156
2216,20.418233,4.507
2217,20.421575,3.342
2218,20.425258,3.683
2219,20.429584,4.326
2220,20.434914,5.33
2221,20.437754,2.84
2222,20.440847,3.093
2223,20.445577,4.73
2224,20.44891,3.333
2225,20.452843,3.933
2226,20.456359,3.516
2227,20.460144,3.785
2228,20.464364,4.22
2229,20.469785,5.421
2230,20.472813,3.028
2231,20.476339,3.526
2232,20.480686,4.347
2233,20.483913,3.227
2234,20.487618,3.705
2235,20.491365,3.747
2236,20.495657,4.292
2237,20.502062,6.405
2238,20.505699,3.637
2239,20.50906,3.361
2240,20.512787,3.727
2241,20.516883,4.096
2242,20.520454,3.571
2243,20.523427,2.973
2244,20.526737,3.31
2245,20.530419,3.682
2246,20.535848,5.429
2247,20.540448,4.6
2248,20.544602,4.154
2249,20.548411,3.809
2250,20.552979,4.568
2251,20.557049,4.07
2252,20.562512,5.463
2253,20.566374,3.862
2254,20.570785,4.411
2255,20.574302,3.517
2256,20.57826,3.958
2257,20.582021,3.761
2258,20.586534,4.513
2259,20.592463,5.929
2260,20.599027,6.564
2261,20.602503,3.476
2262,20.606124,3.621
2263,20.610023,3.899
2264,20.613012,2.989
2265,20.616444,3.432
2266,20.620819,4.375
2267,20.623702,2.883
2268,20.627339,3.637
2269,20.630668,3.329
2270,20.635914,5.246
2271,20.63886,2.946
2272,20.642056,3.196
2273,20.645335,3.279
2274,20.651257,5.922
2275,20.654212,2.955
2276,20.657792,3.58
2277,20.661317,3.525
2278,20.666564,5.247
2279,20.669926,3.362
2280,20.673228,3.302
2281,20.679163,5.935
2282,20.681751,2.588
2283,20.686075,4.324
2284,20.688759,2.684
2285,20.69249,3.731
2286,20.695742,3.252
2287,20.701375,5.633
2288,20.704383,3.008
2289,20.707792,3.409
2290,20.711503,3.711
2291,20.716706,5.203
2292,20.719474,2.768
2293,20.723141,3.667
2294,20.726725,3.584
2295,20.730152,3.427
2296,20.735851,5.699
2297,20.738515,2.664
2298,20.742262,3.747
2299,20.745616,3.354
2300,20.751264,5.648
2301,20.754345,3.081
2302,20.75757,3.225
2303,20.761293,3.723
2304,20.766591,5.298
2305,20.769554,2.963
2306,20.773018,3.464
2307,20.776944,3.926
2308,20.780227,3.283
2309,20.785646,5.419
2310,20.78847,2.824
2311,20.79196,3.49
2312,20.796287,4.327
2313,20.801245,4.958
2314,20.804221,2.976
2315,20.807764,3.543
2316,20.811103,3.339
2317,20.816409,5.306
2318,20.819696,3.287
2319,20.822884,3.188
2320,20.826519,3.635
2321,20.829894,3.375
2322,20.835125,5.231
2323,20.837915,2.79
2324,20.841494,3.579
2325,20.845188,3.694
2326,20.8511,5.912
2327,20.853963,2.863
2328,20.857404,3.441
2329,20.8611,3.696
2330,20.865548,4.448
2331,20.869906,4.358
2332,20.872589,2.683
2333,20.876338,3.749
2334,20.879506,3.168
2335,20.884989,5.483
2336,20.887605,2.616
2337,20.891413,3.808
2338,20.894818,3.405
2339,20.900519,5.701
2340,20.903728,3.209
2341,20.906953,3.225
2342,20.910513,3.56
2343,20.914095,3.582
2344,20.919298,5.203
2345,20.922019,2.721
2346,20.925809,3.79
2347,20.929427,3.618
2348,20.934874,5.447
2349,20.937616,2.742
2350,20.941272,3.656
2351,20.944842,3.57
2352,20.950552,5.71
2353,20.953553,3.001
2354,20.956775,3.222
2355,20.960487,3.712
2356,20.963675,3.188
2357,20.968854,5.179
2358,20.971703,2.849
2359,20.975113,3.41
2360,20.978619,3.506
2361,20.984289,5.67
2362,20.987353,3.064
2363,20.990505,3.152
2364,20.994101,3.596
2365,20.998763,4.662
2366,21.003143,4.38
2367,21.005878,2.735
2368,21.009307,3.429
2369,21.01303,3.723
2370,21.018526,5.496
2371,21.021619,3.093
2372,21.024855,3.236
2373,21.028305,3.45
2374,21.034096,5.791
2375,21.036699,2.603
2376,21.040061,3.362
2377,21.043772,3.711
2378,21.047055,3.283
2379,21.052616,5.561
2380,21.055849,3.233
2381,21.058718,2.869
2382,21.061986,3.268
2383,21.067376,5.39
2384,21.070147,2.771
2385,21.074259,4.112
2386,21.077137,2.878
2387,21.081673,4.536
2388,21.086402,4.729
2389,21.088748,2.346
2390,21.092744,3.996
2391,21.096288,3.544
2392,21.101645,5.357
2393,21.104357,2.712
2394,21.108169,3.812
2395,21.11139,3.221
2396,21.117679,6.289
2397,21.12099,3.311
2398,21.123661,2.671
2399,21.127171,3.51
2400,21.130474,3.303
2401,21.135619,5.145
2402,21.138669,3.05
2403,21.141802,3.133
2404,21.14533,3.528
2405,21.150634,5.304
2406,21.153884,3.25
2407,21.156964,3.08
2408,21.160537,3.573
2409,21.163834,3.297
2410,21.168851,5.017
2411,21.171785,2.934
2412,21.175213,3.428
2413,21.178556,3.343
2414,21.184078,5.522
2415,21.186893,2.815
2416,21.190278,3.385
2417,21.193809,3.531
2418,21.198185,4.376
2419,21.202719,4.534
2420,21.2055,2.781
2421,21.20905,3.55
2422,21.212542,3.492
2423,21.218202,5.66
2424,21.221145,2.943
2425,21.22449,3.345
2426,21.227566,3.076
2427,21.233314,5.748
2428,21.236317,3.003
2429,21.239707,3.39
2430,21.243323,3.616
2431,21.24686,3.537
2432,21.251696,4.836
2433,21.254666,2.97
2434,21.258284,3.618
2435,21.261623,3.339
2436,21.267533,5.91
2437,21.270577,3.044
2438,21.273923,3.346
2439,21.277661,3.738
2440,21.281144,3.483
2441,21.28628,5.136
2442,21.289031,2.751
2443,21.292647,3.616
2444,21.295988,3.341
2445,21.301422,5.434
2446,21.304225,2.803
2447,21.307663,3.438
2448,21.311211,3.548
2449,21.317003,5.792
2450,21.320716,3.713
2451,21.326796,6.08
2452,21.330852,4.056
2453,21.334393,3.541
2454,21.337738,3.345
2455,21.341537,3.799
2456,21.346158,4.621
2457,21.350627,4.469
2458,21.353535,2.908
2459,21.35588,2.345
2460,21.359415,3.535
2461,21.362742,3.327
2462,21.368103,5.361
2463,21.371158,3.055
2464,21.37465,3.492
2465,21.378053,3.403
2466,21.383794,5.741
2467,21.386537,2.743
2468,21.389975,3.438
2469,21.394118,4.143
2470,21.396912,2.794
2471,21.402122,5.21
2472,21.405434,3.312
2473,21.408656,3.222
2474,21.411962,3.306
2475,21.417533,5.571
2476,21.420232,2.699
2477,21.42379,3.558
2478,21.427413,3.623
2479,21.432036,4.623
2480,21.436351,4.315
2481,21.438978,2.627
2482,21.442598,3.62
2483,21.446127,3.529
2484,21.4515,5.373
2485,21.454394,2.894
2486,21.458546,4.152
2487,21.46113,2.584
2488,21.466731,5.601
2489,21.469971,3.24
2490,21.473202,3.231
2491,21.476667,3.465
2492,21.480288,3.621
2493,21.485235,4.947
2494,21.487812,2.577
2495,21.49142,3.608
2496,21.49476,3.34
2497,21.500444,5.684
2498,21.503145,2.701
2499,21.506447,3.302
2500,21.51007,3.623
2501,21.513578,3.508
2502,21.518508,4.93
2503,21.52155,3.042
2504,21.52499,3.44
2505,21.528201,3.211
2506,21.534184,5.983
2507,21.53712,2.936
2508,21.540422,3.302
2509,21.544558,4.136
2510,21.549702,5.144
2511,21.552581,2.879
2512,21.556089,3.508
2513,21.559645,3.556
2514,21.562992,3.347
2515,21.568258,5.266
2516,21.571038,2.78
2517,21.574416,3.378
2518,21.578757,4.341
2519,21.583048,4.291
2520,21.586159,3.111
2521,21.589556,3.397
2522,21.593056,3.5
2523,21.596458,3.402
2524,21.601404,4.946
2525,21.604035,2.631
2526,21.608051,4.016
2527,21.614874,6.823
2528,21.618322,3.448
2529,21.62106,2.738
2530,21.624016,2.956
2531,21.627822,3.806
2532,21.633647,5.825
2533,21.636597,2.95
2534,21.639744,3.147
2535,21.643228,3.484
2536,21.646575,3.347
2537,21.651808,5.233
2538,21.654338,2.53
2539,21.658006,3.668
2540,21.661645,3.639
2541,21.667501,5.856
2542,21.670058,2.557
2543,21.673557,3.499
2544,21.67709,3.533
2545,21.682053,4.963
2546,21.686226,4.173
2547,21.688981,2.755
2548,21.692717,3.736
2549,21.696095,3.378
2550,21.701179,5.084
2551,21.704004,2.825
2552,21.707447,3.443
2553,21.710799,3.352
2554,21.716555,5.756
2555,21.719394,2.839
2556,21.722666,3.272
2557,21.726482,3.816
2558,21.729776,3.294
2559,21.734887,5.111
2560,21.737776,2.889
2561,21.741166,3.39
2562,21.744621,3.455
2563,21.750572,5.951
2564,21.753377,2.805
2565,21.757313,3.936
2566,21.760224,2.911
2567,21.765358,5.134
2568,21.769623,4.265
2569,21.772312,2.689
2570,21.775925,3.613
2571,21.779337,3.412
2572,21.784291,4.954
2573,21.787013,2.722
2574,21.79031,3.297
2575,21.794081,3.771
2576,21.798771,4.69
2577,21.803093,4.322
2578,21.805755,2.662
2579,21.809371,3.616
2580,21.812974,3.603
2581,21.817713,4.739
2582,21.8208,3.087
2583,21.824146,3.346
2584,21.827484,3.338
2585,21.833398,5.914
2586,21.836052,2.654
2587,21.83959,3.538
2588,21.843249,3.659
2589,21.846858,3.609
2590,21.852047,5.189
2591,21.854647,2.6
2592,21.858141,3.494
2593,21.861394,3.253
2594,21.867019,5.625
2595,21.869698,2.679
2596,21.873268,3.57
2597,21.876672,3.404
2598,21.881059,4.387
2599,21.885967,4.908
2600,21.888718,2.751
2601,21.892319,3.601
2602,21.896044,3.725
2603,21.900255,4.211
2604,21.913447,13.192
2605,21.928672,15.225
2606,21.946851,18.179
2607,21.964259,17.408
2608,21.979693,15.434
2609,21.997773,18.08
2610,22.015848,18.075
2611,22.030642,14.794
2612,22.048794,18.152
2613,22.066436,17.642
2614,22.081688,15.252
2615,22.099745,18.057
2616,22.117438,17.693
2617,22.13254,15.102
2618,22.150849,18.309
2619,22.168382,17.533
2620,22.183625,15.243
2621,22.201823,18.198
2622,22.21964,17.817
2623,22.234522,14.882
2624,22.252653,18.131
2625,22.270138,17.485
2626,22.285394,15.256
2627,22.303517,18.123
2628,22.321364,17.847
2629,22.336514,15.15
2630,22.354731,18.217
2631,22.372479,17.748
2632,22.387621,15.142
2633,22.405905,18.284
2634,22.423955,18.05
2635,22.438963,15.008
2636,22.457465,18.502
2637,22.475244,17.779
2638,22.490009,14.765
2639,22.508183,18.174
2640,22.525749,17.566
2641,22.541104,15.355
2642,22.559317,18.213
2643,22.576857,17.54
2644,22.592304,15.447
2645,22.610335,18.031
2646,22.627974,17.639
2647,22.643178,15.204
2648,22.661445,18.267
2649,22.679189,17.744
2650,22.694615,15.426
2651,22.712772,18.157
2652,22.730114,17.342
2653,22.746642,16.528
2654,22.765436,18.794
2655,22.781365,15.929
2656,22.795995,14.63
2657,22.814259,18.264
2658,22.831782,17.523
2659,22.847011,15.229
2660,22.865444,18.433
2661,22.8828220000001,17.378
2662,22.8982670000001,15.445
2663,22.9169440000001,18.677
2664,22.934009,17.065
2665,22.949253,15.244
2666,22.967388,18.135
2667,22.984926,17.538
2668,23.000084,15.158
2669,23.01818,18.096
2670,23.035426,17.246
2671,23.05059,15.164
2672,23.068823,18.233
2673,23.086184,17.361
2674,23.101409,15.225
2675,23.119359,17.95
2676,23.136854,17.495
2677,23.152105,15.251
2678,23.17017,18.065
2679,23.187849,17.679
2680,23.202914,15.065
2681,23.221045,18.131
2682,23.238702,17.657
2683,23.253574,14.872
2684,23.271538,17.964
2685,23.288815,17.277
2686,23.303977,15.162
2687,23.322202,18.225
2688,23.339629,17.427
2689,23.354937,15.308
2690,23.3730340000001,18.097
2691,23.3905700000001,17.536
2692,23.405873,15.303
2693,23.4239120000001,18.039
2694,23.4414790000001,17.567
2695,23.456719,15.24
2696,23.474565,17.846
2697,23.492058,17.493
2698,23.507188,15.13
2699,23.525416,18.228
2700,23.5428560000001,17.44
2701,23.5581300000001,15.274
2702,23.5761840000001,18.054
2703,23.5936680000001,17.484
2704,23.608438,14.77
2705,23.626655,18.217
2706,23.644302,17.647
2707,23.659286,14.984
2708,23.677345,18.059
2709,23.6949830000001,17.638
2710,23.710268,15.285
2711,23.728515,18.247
2712,23.745974,17.459
2713,23.76141,15.436
2714,23.779377,17.967
2715,23.796886,17.509
2716,23.812035,15.149
2717,23.830245,18.21
2718,23.84787,17.625
2719,23.86308,15.21
2720,23.881291,18.211
2721,23.898964,17.673
2722,23.914225,15.261
2723,23.932416,18.191
2724,23.950231,17.815
2725,23.965239,15.008
2726,23.983632,18.393
2727,24.001326,17.694
2728,24.016812,15.486
2729,24.035259,18.447
2730,24.052901,17.642
2731,24.068242,15.341
2732,24.086725,18.483
2733,24.103974,17.249
2734,24.119169,15.195
2735,24.137406,18.237
2736,24.154889,17.483
2737,24.170027,15.138
2738,24.188271,18.244
2739,24.205576,17.305
2740,24.221064,15.488
2741,24.238675,17.611
2742,24.256423,17.748
2743,24.270927,14.504
2744,24.294949,24.022
2745,24.310157,15.208
2746,24.331029,20.872
2747,24.344729,13.7
2748,24.365532,20.803
2749,24.376266,10.734
2750,24.396877,20.611
2751,24.411294,14.417
2752,24.429165,17.871
2753,24.446712,17.547
2754,24.461713,15.001
2755,24.479798,18.085
2756,24.49759,17.792
2757,24.512306,14.716
2758,24.530401,18.095
2759,24.547792,17.391
2760,24.562675,14.883
2761,24.58051,17.835
2762,24.602214,21.704
2763,24.616355,14.141
2764,24.634718,18.363
2765,24.651785,17.067
2766,24.667139,15.354
2767,24.68539,18.251
2768,24.7029,17.51
2769,24.718117,15.217
2770,24.736104,17.987
2771,24.757502,21.398
2772,24.772313,14.811
2773,24.790476,18.163
2774,24.808073,17.597
2775,24.823349,15.276
2776,24.841612,18.263
2777,24.859244,17.632
2778,24.874877,15.633
2779,24.893129,18.252
2780,24.910763,17.634
2781,24.92626,15.497
2782,24.944698,18.438
2783,24.962355,17.657
2784,24.977978,15.623
2785,24.996051,18.073
2786,25.013771,17.72
2787,25.029122,15.351
2788,25.047416,18.294
2789,25.065348,17.932
2790,25.08041,15.062
2791,25.098854,18.444
2792,25.116708,17.854
2793,25.131607,14.899
2794,25.149782,18.175
2795,25.167118,17.336
2796,25.182343,15.225
2797,25.200462,18.119
2798,25.218037,17.575
2799,25.233343,15.306
2800,25.251476,18.133
2801,25.268806,17.33
2802,25.283859,15.053
2803,25.301953,18.094
2804,25.319789,17.836
2805,25.334787,14.998
2806,25.353009,18.222
2807,25.370714,17.705
2808,25.385799,15.085
2809,25.404142,18.343
2810,25.421878,17.736
2811,25.436994,15.116
2812,25.455461,18.467
2813,25.4728,17.339
2814,25.487878,15.078
2815,25.506018,18.14
2816,25.523635,17.617
2817,25.538879,15.244
2818,25.556974,18.095
2819,25.574781,17.807
2820,25.589706,14.925
2821,25.607924,18.218
2822,25.625543,17.619
2823,25.640835,15.292
2824,25.658911,18.076
2825,25.676625,17.714
2826,25.691956,15.331
2827,25.710052,18.096
2828,25.727572,17.52
2829,25.742971,15.399
2830,25.761145,18.174
2831,25.778737,17.592
2832,25.794071,15.334
2833,25.812168,18.097
2834,25.829779,17.611
2835,25.845153,15.374
2836,25.86296,17.807
2837,25.884658,21.698
2838,25.899172,14.514
2839,25.917797,18.625
2840,25.935012,17.215
2841,25.950484,15.472
2842,25.96886,18.376
2843,25.986666,17.806
2844,26.002008,15.342
2845,26.020494,18.486
2846,26.03814,17.646
2847,26.053441,15.301
2848,26.072057,18.616
2849,26.089535,17.478
2850,26.104771,15.236
2851,26.123254,18.483
2852,26.140817,17.563
2853,26.155941,15.124
2854,26.174403,18.462
2855,26.191687,17.284
2856,26.206951,15.264
2857,26.225444,18.493
2858,26.242751,17.307
2859,26.258051,15.3
2860,26.276243,18.192
2861,26.293518,17.275
2862,26.308644,15.126
2863,26.326927,18.283
2864,26.344221,17.294
2865,26.359501,15.28
2866,26.377797,18.296
2867,26.395438,17.641
2868,26.410458,15.02
2869,26.4292,18.742
2870,26.446035,16.835
2871,26.461291,15.256
2872,26.479494,18.203
2873,26.496968,17.474
2874,26.512209,15.241
2875,26.530347,18.138
2876,26.547844,17.497
2877,26.563,15.156
2878,26.581177,18.177
2879,26.598976,17.799
2880,26.613843,14.867
2881,26.631883,18.04
2882,26.644941,13.058
2883,26.649472,4.531
2884,26.652644,3.172
2885,26.656259,3.615
2886,26.660846,4.587
2887,26.664387,3.541
2888,26.667726,3.339
2889,26.67141,3.684
2890,26.675674,4.264
2891,26.679473,3.799
2892,26.682948,3.475
2893,26.686592,3.644
2894,26.690066,3.474
2895,26.696498,6.432
2896,26.699346,2.848
2897,26.70245,3.104
2898,26.706225,3.775
2899,26.709956,3.731
2900,26.713673,3.717
2901,26.7171860000001,3.513
2902,26.7206730000001,3.487
2903,26.7238770000001,3.204
2904,26.7294800000001,5.603
2905,26.7324420000001,2.962
2906,26.7356530000001,3.211
2907,26.7392210000001,3.568
2908,26.7432670000001,4.046
2909,26.7469650000001,3.698
2910,26.7504940000001,3.529
2911,26.7539430000001,3.449
2912,26.7573340000001,3.391
2913,26.7628720000001,5.538
2914,26.7660190000001,3.147
2915,26.7691990000001,3.18
2916,26.7726220000001,3.423
2917,26.7777880000001,5.166
2918,26.7809150000001,3.127
2919,26.7843340000001,3.419
2920,26.7879280000001,3.594
2921,26.7920390000001,4.111
2922,26.7972320000001,5.193
2923,26.8002970000001,3.065
2924,26.8034840000001,3.187
2925,26.8070340000001,3.55
2926,26.8128650000001,5.831
2927,26.8157030000001,2.838
2928,26.8189430000001,3.24
2929,26.8226550000001,3.712
2930,26.8271130000001,4.458
2931,26.8314090000001,4.296
2932,26.8344440000001,3.035
2933,26.8379430000001,3.499
2934,26.8412450000001,3.302
2935,26.8467730000001,5.528
2936,26.8495340000001,2.761
2937,26.8531040000001,3.57
2938,26.8566470000001,3.543
2939,26.8611800000001,4.533
2940,26.8656850000001,4.505
2941,26.8684010000001,2.716
2942,26.8720060000001,3.605
2943,26.8754400000001,3.434
2944,26.8803460000001,4.906
2945,26.8832760000001,2.93
2946,26.8869250000001,3.649
2947,26.8904960000001,3.571
2948,26.8954050000001,4.909
2949,26.8998390000001,4.434
2950,26.9026720000001,2.833
2951,26.9060830000001,3.411
2952,26.9108010000001,4.718
2953,26.9151710000001,4.37
2954,26.9179540000001,2.783
2955,26.9216050000001,3.651
2956,26.9249380000001,3.333
2957,26.9298450000001,4.907
2958,26.9343430000001,4.498
2959,26.9372310000001,2.888
2960,26.9406540000001,3.423
2961,26.9454470000001,4.793
2962,26.9494160000001,3.969
2963,26.9526480000001,3.232
2964,26.9561050000001,3.457
2965,26.9611800000001,5.075
2966,26.9680070000001,6.827
2967,26.9725560000001,4.549
2968,26.9765990000001,4.043
2969,26.9800050000001,3.406
2970,26.9841200000001,4.115
2971,26.9874270000001,3.307
2972,26.9904830000001,3.056
2973,26.9948320000001,4.349
2974,26.9989610000001,4.129
2975,27.0048500000001,5.889
2976,27.0079520000001,3.102
2977,27.0102860000001,2.334
2978,27.0137170000001,3.431
2979,27.0176960000001,3.979
2980,27.0211010000001,3.405
2981,27.0242660000001,3.165
2982,27.0291650000001,4.899
2983,27.0331720000001,4.007
2984,27.0360260000001,2.854
2985,27.0394700000001,3.444
2986,27.0438960000001,4.426
2987,27.0478290000001,3.933
2988,27.0517910000001,3.962
2989,27.0548270000001,3.036
2990,27.0584000000001,3.573
2991,27.0628280000001,4.428
2992,27.0673830000001,4.555
2993,27.0706020000001,3.219
2994,27.0734940000001,2.892
2995,27.0779610000001,4.467
2996,27.0816150000001,3.654
2997,27.0855640000001,3.949
2998,27.0885760000001,3.012
2999,27.0933320000001,4.756
3000,27.0973190000001,3.987
3001,27.1018970000001,4.578
3002,27.1051650000001,3.268
3003,27.1086680000001,3.503
3004,27.1122590000001,3.591
3005,27.1155500000001,3.291
3006,27.1197650000001,4.215
3007,27.1229460000001,3.181
3008,27.1276420000001,4.696
3009,27.1309210000001,3.279
3010,27.1356280000001,4.707
3011,27.1388090000001,3.181
3012,27.1428110000001,4.002
3013,27.1461600000001,3.349
3014,27.1502260000001,4.066
3015,27.1531820000001,2.956
3016,27.1568350000001,3.653
3017,27.1619780000001,5.143
3018,27.1662910000001,4.313
3019,27.1689860000001,2.695
3020,27.1724000000001,3.414
3021,27.1770630000001,4.663
3022,27.1808630000001,3.8
3023,27.1847880000001,3.925
3024,27.1882690000001,3.481
3025,27.1910270000001,2.758
3026,27.1953640000001,4.337
3027,27.1997560000001,4.392
3028,27.2026500000001,2.894
3029,27.2062150000001,3.565
3030,27.2107370000001,4.522
3031,27.2143620000001,3.625
3032,27.2185040000001,4.142
3033,27.2218300000001,3.326
3034,27.2250010000001,3.171
3035,27.2295050000001,4.504
3036,27.2333370000001,3.832
3037,27.2360160000001,2.679
3038,27.2404120000001,4.396
3039,27.2443410000001,3.929
3040,27.2477210000001,3.38
3041,27.2520790000001,4.358
3042,27.2550930000001,3.014
3043,27.2579590000001,2.866
3044,27.2628020000001,4.843
3045,27.2667460000001,3.944
3046,27.2697280000001,2.982
3047,27.2737320000001,4.004
3048,27.2780980000001,4.366
3049,27.2816270000001,3.529
3050,27.2856970000001,4.07
3051,27.2889730000001,3.276
3052,27.2932740000001,4.301
3053,27.2968990000001,3.625
3054,27.3009610000001,4.062
3055,27.3048070000001,3.846
3056,27.3084530000001,3.646
3057,27.3115100000001,3.057
3058,27.3151020000001,3.592
3059,27.3192480000001,4.146
3060,27.3222020000001,2.954
3061,27.3272480000001,5.046
3062,27.3306550000001,3.407
3063,27.3346240000001,3.969
3064,27.3376260000001,3.002
3065,27.3410060000001,3.38
3066,27.3457870000001,4.781
3067,27.3499030000001,4.116
3068,27.3530580000001,3.155
3069,27.3565410000001,3.483
3070,27.3615620000001,5.021
3071,27.3648260000001,3.264
3072,27.3690030000001,4.177
3073,27.3726280000001,3.625
3074,27.3768910000001,4.263
3075,27.3802320000001,3.341
3076,27.3841970000001,3.965
3077,27.3872670000001,3.07
3078,27.3907260000001,3.459
3079,27.3954300000001,4.704
3080,27.3997460000001,4.316
3081,27.4027560000001,3.01
3082,27.4058820000001,3.126
3083,27.4110800000001,5.198
3084,27.4145190000001,3.439
3085,27.4187570000001,4.238
3086,27.4221860000001,3.429
3087,27.4263330000001,4.147
3088,27.4298490000001,3.516
3089,27.4340460000001,4.197
3090,27.4373150000001,3.269
3091,27.4402240000001,2.909
3092,27.4452590000001,5.035
3093,27.4486690000001,3.41
3094,27.4528810000001,4.212
3095,27.4558380000001,2.957
3096,27.4607340000001,4.896
3097,27.4642900000001,3.556
3098,27.4682150000001,3.925
3099,27.4714490000001,3.234
3100,27.4749730000001,3.524
3101,27.4792640000001,4.291
3102,27.4832400000001,3.976
3103,27.4861630000001,2.923
3104,27.4895390000001,3.376
3105,27.4947300000001,5.191
3106,27.4982990000001,3.569
3107,27.5026970000001,4.398
3108,27.5058130000001,3.116
3109,27.5105450000001,4.732
3110,27.5138660000001,3.321
3111,27.5210300000001,7.164
3112,27.5241120000001,3.082
3113,27.5269120000001,2.8
3114,27.5295780000001,2.666
3115,27.5335540000001,3.976
3116,27.5364240000001,2.87
3117,27.5400200000001,3.596
3118,27.5450150000001,4.995
3119,27.5484390000001,3.424
3120,27.5526080000001,4.169
3121,27.5557500000001,3.142
3122,27.5606990000001,4.949
3123,27.5642460000001,3.547
3124,27.5682910000001,4.045
3125,27.5716080000001,3.317
3126,27.5747430000001,3.135
3127,27.5798400000001,5.097
3128,27.5838140000001,3.974
3129,27.5868200000001,3.006
3130,27.5900610000001,3.241
3131,27.5948450000001,4.784
3132,27.5981460000001,3.301
3133,27.6026890000001,4.543
3134,27.6058170000001,3.128
3135,27.6105560000001,4.739
3136,27.6141480000001,3.592
3137,27.6181370000001,3.989
3138,27.6210710000001,2.934
3139,27.6244740000001,3.403
3140,27.6292360000001,4.762
3141,27.6336320000001,4.396
3142,27.6367500000001,3.118
3143,27.6398970000001,3.147
3144,27.6450070000001,5.11
3145,27.6482830000001,3.276
3146,27.6522710000001,3.988
3147,27.6555640000001,3.293
3148,27.6602540000001,4.69
3149,27.6637630000001,3.509
3150,27.6680630000001,4.3
3151,27.6710410000001,2.978
3152,27.6742970000001,3.256
3153,27.6789050000001,4.608
3154,27.6830500000001,4.145
3155,27.6858280000001,2.778
3156,27.6893000000001,3.472
3157,27.6944000000001,5.1
3158,27.6980560000001,3.656
3159,27.7021360000001,4.08
3160,27.7059260000001,3.79
3161,27.7103160000001,4.39
3162,27.7138560000001,3.54
3163,27.7183570000001,4.501
3164,27.7217190000001,3.362
3165,27.7253730000001,3.654
3166,27.7289970000001,3.624
3167,27.7332630000001,4.266
3168,27.7362000000001,2.937
3169,27.7398690000001,3.669
3170,27.7447710000001,4.902
3171,27.7483650000001,3.594
3172,27.7526710000001,4.306
3173,27.7557360000001,3.065
3174,27.7604790000001,4.743
3175,27.7641450000001,3.666
3176,27.7682230000001,4.078
3177,27.7714350000001,3.212
3178,27.7756910000001,4.256
3179,27.7794090000001,3.718
3180,27.7848870000001,5.478
3181,27.7881220000001,3.235
3182,27.7911430000001,3.021
3183,27.7948880000001,3.745
3184,27.7984770000001,3.589
3185,27.8024280000001,3.951
3186,27.8083240000001,5.896
3187,27.8111590000001,2.835
3188,27.8139760000001,2.817
3189,27.8184500000001,4.474
3190,27.8216220000001,3.172
3191,27.8259410000001,4.319
3192,27.8294410000001,3.5
3193,27.8336320000001,4.191
3194,27.8369590000001,3.327
3195,27.8401940000001,3.235
3196,27.8448020000001,4.608
3197,27.8483920000001,3.59
3198,27.8524370000001,4.045
3199,27.8555870000001,3.15
3200,27.8603230000001,4.736
3201,27.8638690000001,3.546
3202,27.8681760000001,4.307
3203,27.8715170000001,3.341
3204,27.8745010000001,2.984
3205,27.8790380000001,4.537
3206,27.8823180000001,3.28
3207,27.8865840000001,4.266
3208,27.8901580000001,3.574
3209,27.8942820000001,4.124
3210,27.8977960000001,3.514
3211,27.9019730000001,4.177
3212,27.9055050000001,3.532
3213,27.9101890000001,4.684
3214,27.9137360000001,3.547
3215,27.9179560000001,4.22
3216,27.9213780000001,3.422
3217,27.9245190000001,3.141
3218,27.9286400000001,4.121
3219,27.9329700000001,4.33
3220,27.9358420000001,2.872
3221,27.9391090000001,3.267
3222,27.9444070000001,5.298
3223,27.9476660000001,3.259
3224,27.9516730000001,4.007
3225,27.9548300000001,3.157
3226,27.9591420000001,4.312
3227,27.9630020000001,3.86
3228,27.9672480000001,4.246
3229,27.9705360000001,3.288
3230,27.9736070000001,3.071
3231,27.9782740000001,4.667
3232,27.9817860000001,3.512
3233,27.9862840000001,4.498
3234,27.9896990000001,3.415
3235,27.9938060000001,4.107
3236,27.9973170000001,3.511
3237,28.0015050000001,4.188
3238,28.0048300000001,3.325
3239,28.0090130000001,4.183
3240,28.0125900000001,3.577
3241,28.0167530000001,4.163
3242,28.0197050000001,2.952
3243,28.0233270000001,3.622
3244,28.0282010000001,4.874
3245,28.0315420000001,3.341
3246,28.0356840000001,4.142
3247,28.0386630000001,2.979
3248,28.0436950000001,5.032
3249,28.0469250000001,3.23
3250,28.0513780000001,4.453
3251,28.0543920000001,3.014
3252,28.0587510000001,4.359
3253,28.0624700000001,3.719
3254,28.0663680000001,3.898
3255,28.0693940000001,3.026
3256,28.0728690000001,3.475
3257,28.0780220000001,5.153
3258,28.0815780000001,3.556
3259,28.0856530000001,4.075
3260,28.0887270000001,3.074
3261,28.0938320000001,5.105
3262,28.0970700000001,3.238
3263,28.1012290000001,4.159
3264,28.1047900000001,3.561
3265,28.1081830000001,3.393
3266,28.1114940000001,3.311
3267,28.1152280000001,3.734
3268,28.1194580000001,4.23
3269,28.1231360000001,3.678
3270,28.1270240000001,3.888
3271,28.1304710000001,3.447
3272,28.1348460000001,4.375
3273,28.1388970000001,4.051
3274,28.1423890000001,3.492
3275,28.1460240000001,3.635
3276,28.1501060000001,4.082
3277,28.1531850000001,3.079
3278,28.1574330000001,4.248
3279,28.1610040000001,3.571
3280,28.1648370000001,3.833
3281,28.1692030000001,4.366
3282,28.1727660000001,3.563
3283,28.1763410000001,3.575
3284,28.1797950000001,3.454
3285,28.1839940000001,4.199
3286,28.1880940000001,4.1
3287,28.1915050000001,3.411
3288,28.1949380000001,3.433
3289,28.1990150000001,4.077
3290,28.2033010000001,4.286
3291,28.2066410000001,3.34
3292,28.2103320000001,3.691
3293,28.2137930000001,3.461
3294,28.2179130000001,4.12
3295,28.2222930000001,4.38
3296,28.2350720000001,12.779
3297,28.2502260000001,15.154
3298,28.2684510000001,18.225
3299,28.2859330000001,17.482
3300,28.3011950000001,15.262
3301,28.3195810000001,18.386
3302,28.3371730000001,17.592
3303,28.3523950000001,15.222
3304,28.3708650000001,18.47
3305,28.3882390000001,17.374
3306,28.4036140000001,15.375
3307,28.4218600000001,18.246
3308,28.4394010000001,17.541
3309,28.4716620000001,32.261
3310,28.4780280000001,6.366
3311,28.4910480000001,13.02
3312,28.5108200000001,19.772
3313,28.5255580000001,14.738
3314,28.5439200000001,18.362
3315,28.5616170000001,17.697
3316,28.5769810000001,15.364
3317,28.5950620000001,18.081
3318,28.6126820000001,17.62
3319,28.6280610000001,15.379
3320,28.6466810000001,18.62
3321,28.6639200000001,17.239
3322,28.6794330000001,15.513
3323,28.6977870000001,18.354
3324,28.7152500000001,17.463
3325,28.7307320000001,15.482
3326,28.7491530000001,18.421
3327,28.7672580000001,18.105
3328,28.7821270000001,14.869
3329,28.8007150000001,18.588
3330,28.8185170000001,17.802
3331,28.8337750000001,15.258
3332,28.8522310000001,18.456
3333,28.8697260000001,17.495
3334,28.8852050000001,15.479
3335,28.9037080000001,18.503
3336,28.9216750000001,17.967
3337,28.9366640000001,14.989
3338,28.9551140000001,18.45
3339,28.9729190000001,17.805
3340,28.9881420000001,15.223
3341,29.0064320000001,18.29
3342,29.0240990000001,17.667
3343,29.0393870000001,15.288
3344,29.0575830000001,18.196
3345,29.0752600000001,17.677
3346,29.0903940000001,15.134
3347,29.1085580000001,18.164
3348,29.1262110000001,17.653
3349,29.1416660000001,15.455
3350,29.1598810000001,18.215
3351,29.1774780000001,17.597
3352,29.1925690000001,15.091
3353,29.2108370000001,18.268
3354,29.2283580000001,17.521
3355,29.2437890000001,15.431
3356,29.2617460000001,17.957
3357,29.2791100000001,17.364
3358,29.2943610000001,15.251
3359,29.3124500000001,18.089
3360,29.3312320000001,18.782
3361,29.3455180000001,14.286
3362,29.3629270000001,17.409
3363,29.3776930000001,14.766
3364,29.3964270000001,18.734
3365,29.4143860000001,17.959
3366,29.4295330000001,15.147
3367,29.4479770000001,18.444
3368,29.4660640000001,18.087
3369,29.4811180000001,15.054
3370,29.4999290000001,18.811
3371,29.5171490000001,17.22
3372,29.5325240000001,15.375
3373,29.5503710000001,17.847
3374,29.5680330000001,17.662
3375,29.5833350000001,15.302
3376,29.6017060000001,18.371
3377,29.6192530000001,17.547
3378,29.6345990000001,15.346
3379,29.6527890000001,18.19
3380,29.6706670000001,17.878
3381,29.6857940000001,15.127
3382,29.7040360000001,18.242
3383,29.7217230000001,17.687
3384,29.7368780000001,15.155
3385,29.7552950000001,18.417
3386,29.7730210000001,17.726
3387,29.7884910000001,15.47
3388,29.8068040000001,18.313
3389,29.8244210000001,17.617
3390,29.8396930000001,15.272
3391,29.8578930000001,18.2
3392,29.8756690000001,17.776
3393,29.8909000000001,15.231
3394,29.9093050000001,18.405
3395,29.9272140000001,17.909
3396,29.9422000000001,14.986
3397,29.9604120000001,18.212
3398,29.9789280000001,18.516
3399,29.9933500000001,14.422
3400,30.0117640000001,18.414
3401,30.0292360000001,17.472
3402,30.0446420000001,15.406
3403,30.0626320000001,17.99
3404,30.0801420000001,17.51
3405,30.0953970000001,15.255
3406,30.1134990000001,18.102
3407,30.1310160000001,17.517
3408,30.1462750000001,15.259
3409,30.1646030000001,18.328
3410,30.1820850000001,17.482
3411,30.1972580000001,15.173
3412,30.2153220000001,18.064
3413,30.2331800000001,17.858
3414,30.2480960000001,14.916
3415,30.2663720000001,18.276
3416,30.2837730000001,17.401
3417,30.2990250000001,15.252
3418,30.3171640000001,18.139
3419,30.3348010000001,17.637
3420,30.3498850000001,15.084
3421,30.3681570000001,18.272
3422,30.3856090000001,17.452
3423,30.4006910000001,15.082
3424,30.4187020000001,18.011
3425,30.4363830000001,17.681
3426,30.4517470000001,15.364
3427,30.4698440000001,18.097
3428,30.4873310000001,17.487
3429,30.5028780000001,15.547
3430,30.5209160000001,18.038
3431,30.5384550000001,17.539
3432,30.5536500000001,15.195
3433,30.5719240000001,18.274
3434,30.5895340000001,17.61
3435,30.6046630000001,15.129
3436,30.6229070000001,18.244
3437,30.6405410000001,17.634
3438,30.6556430000001,15.102
3439,30.6740900000001,18.447
3440,30.6915640000001,17.474
3441,30.7069570000001,15.393
3442,30.7253950000001,18.438
3443,30.7427790000001,17.384
3444,30.7580700000001,15.291
3445,30.7764170000001,18.347
3446,30.7940890000001,17.672
3447,30.8093010000001,15.212
3448,30.8276570000001,18.356
3449,30.8453200000001,17.663
3450,30.8607140000001,15.394
3451,30.8790880000001,18.374
3452,30.8968430000001,17.755
3453,30.9119950000001,15.152
3454,30.9305610000001,18.566
3455,30.9479820000001,17.421
3456,30.9635540000001,15.572
3457,30.9817300000001,18.176
3458,30.9992120000001,17.482
3459,31.0148940000001,15.682
3460,31.0334850000001,18.591
3461,31.0507280000001,17.243
3462,31.0659030000001,15.175
3463,31.0843890000001,18.486
3464,31.1020900000001,17.701
3465,31.1174510000001,15.361
3466,31.1356640000001,18.213
3467,31.1533770000001,17.713
3468,31.1685800000001,15.203
3469,31.1870680000001,18.488
3470,31.2045510000001,17.483
3471,31.2197970000001,15.246
3472,31.2380300000001,18.233
3473,31.2556630000001,17.633
3474,31.2713800000001,15.717
3475,31.2890660000001,17.686
3476,31.3066230000001,17.557
3477,31.3219390000001,15.316
3478,31.3401820000001,18.243
3479,31.3577230000001,17.541
3480,31.3730750000001,15.352
3481,31.3864020000001,13.327
3482,31.3899530000001,3.551
3483,31.3954640000001,5.511
3484,31.3983770000001,2.913
3485,31.4018140000001,3.437
3486,31.4067140000001,4.9
3487,31.4108710000001,4.157
3488,31.4135230000001,2.652
3489,31.4171930000001,3.67
3490,31.4207950000001,3.602
3491,31.4259960000001,5.201
3492,31.4288110000001,2.815
3493,31.4322860000001,3.475
3494,31.4357310000001,3.445
3495,31.4402120000001,4.481
3496,31.4449410000001,4.729
3497,31.4475830000001,2.642
3498,31.4509840000001,3.401
3499,31.4543110000001,3.327
3500,31.4596700000001,5.359
3501,31.4624040000001,2.734
3502,31.4660540000001,3.65
3503,31.4694440000001,3.39
3504,31.4747480000001,5.304
3505,31.4790360000001,4.288
3506,31.4821350000001,3.099
3507,31.4854770000001,3.342
3508,31.4901190000001,4.642
3509,31.4944310000001,4.312
3510,31.4974770000001,3.046
3511,31.5007680000001,3.291
3512,31.5042280000001,3.46
3513,31.5089170000001,4.689
3514,31.5131630000001,4.246
3515,31.5171640000001,4.001
3516,31.5209410000001,3.777
3517,31.5244760000001,3.535
3518,31.5289470000001,4.471
3519,31.5321800000001,3.233
3520,31.5357050000001,3.525
3521,31.5402690000001,4.564
3522,31.5435640000001,3.295
3523,31.5479780000001,4.414
3524,31.5522540000001,4.276
3525,31.5553060000001,3.052
3526,31.5590790000001,3.773
3527,31.5631550000001,4.076
3528,31.5664490000001,3.294
3529,31.5693700000001,2.921
3530,31.5745880000001,5.218
3531,31.5781440000001,3.556
3532,31.5822770000001,4.133
3533,31.5853690000001,3.092
3534,31.5900970000001,4.728
3535,31.5937700000001,3.673
3536,31.5979330000001,4.163
3537,31.6014240000001,3.491
3538,31.6042440000001,2.82
3539,31.6089070000001,4.663
3540,31.6125180000001,3.611
3541,31.6165410000001,4.023
3542,31.6194150000001,2.874
3543,31.6246850000001,5.27
3544,31.6278530000001,3.168
3545,31.6319640000001,4.111
3546,31.6353040000001,3.34
3547,31.6395190000001,4.215
3548,31.6433540000001,3.835
3549,31.6466340000001,3.28
3550,31.6512610000001,4.627
3551,31.6547190000001,3.458
3552,31.6585180000001,3.799
3553,31.6618640000001,3.346
3554,31.6661020000001,4.238
3555,31.6693040000001,3.202
3556,31.6739920000001,4.688
3557,31.6778030000001,3.811
3558,31.6811410000001,3.338
3559,31.6853970000001,4.256
3560,31.6889220000001,3.525
3561,31.6924480000001,3.526
3562,31.6959020000001,3.454
3563,31.7002350000001,4.333
3564,31.7061090000001,5.874
3565,31.7090450000001,2.936
3566,31.7121680000001,3.123
3567,31.7153890000001,3.221
3568,31.7199420000001,4.553
3569,31.7233340000001,3.392
3570,31.7269780000001,3.644
3571,31.7304860000001,3.508
3572,31.7347860000001,4.3
3573,31.7376550000001,2.869
3574,31.7422760000001,4.621
3575,31.7457350000001,3.459
3576,31.7500130000001,4.278
3577,31.7530370000001,3.024
3578,31.7575230000001,4.486
3579,31.7609110000001,3.388
3580,31.7645310000001,3.62
3581,31.7691960000001,4.665
3582,31.7728220000001,3.626
3583,31.7759220000001,3.1
3584,31.7793520000001,3.43
3585,31.7841640000001,4.812
3586,31.7875480000001,3.384
3587,31.7911190000001,3.571
3588,31.7946660000001,3.547
3589,31.7978500000001,3.184
3590,31.8024320000001,4.582
3591,31.8059170000001,3.485
3592,31.8094460000001,3.529
3593,31.8129310000001,3.485
3594,31.8176740000001,4.743
3595,31.8206920000001,3.018
3596,31.8247650000001,4.073
3597,31.8283090000001,3.544
3598,31.8315510000001,3.242
3599,31.8357990000001,4.248
3600,31.8395580000001,3.759
3601,31.8432220000001,3.664
3602,31.8468480000001,3.626
3603,31.8510580000001,4.21
3604,31.8539570000001,2.899
3605,31.8582400000001,4.283
3606,31.8616990000001,3.459
3607,31.8652200000001,3.521
3608,31.8696980000001,4.478
3609,31.8733240000001,3.626
3610,31.8769000000001,3.576
3611,31.8804140000001,3.514
3612,31.8847880000001,4.374
3613,31.8875280000001,2.74
3614,31.8919960000001,4.468
3615,31.8952440000001,3.248
3616,31.8986660000001,3.422
3617,31.9030400000001,4.374
3618,31.9069570000001,3.917
3619,31.9107990000001,3.842
3620,31.9140030000001,3.204
3621,31.9184320000001,4.429
3622,31.9215830000001,3.151
3623,31.9254390000001,3.856
3624,31.9289170000001,3.478
3625,31.9332760000001,4.359
3626,31.9360520000001,2.776
3627,31.9403040000001,4.252
3628,31.9438580000001,3.554
3629,31.9470160000001,3.158
3630,31.9516350000001,4.619
3631,31.9548350000001,3.2
3632,31.9589920000001,4.157
3633,31.9622630000001,3.271
3634,31.9670700000001,4.807
3635,31.9701370000001,3.067
3636,31.9745570000001,4.42
3637,31.9776840000001,3.127
3638,31.9809880000001,3.304
3639,31.9856680000001,4.68
3640,31.9889270000001,3.259
3641,31.9923980000001,3.471
3642,31.9955100000001,3.112
3643,32.0002700000001,4.76
3644,32.0032390000001,2.969
3645,32.0073280000001,4.089
3646,32.0109820000001,3.654
3647,32.0143590000001,3.377
3648,32.0189930000001,4.634
3649,32.0217570000001,2.764
3650,32.0257440000001,3.987
3651,32.0292770000001,3.533
3652,32.0335430000001,4.266
3653,32.0369170000001,3.374
3654,32.0411700000001,4.253
3655,32.0446690000001,3.499
3656,32.0479110000001,3.242
3657,32.0524280000001,4.517
3658,32.0551700000001,2.742
3659,32.0594550000001,4.285
3660,32.0629560000001,3.501
3661,32.0674880000001,4.532
3662,32.0705960000001,3.108
3663,32.0747450000001,4.149
3664,32.0781780000001,3.433
3665,32.0817760000001,3.598
3666,32.0861890000001,4.413
3667,32.0903430000001,4.154
3668,32.0937880000001,3.445
3669,32.0970970000001,3.309
3670,32.1017250000001,4.628
3671,32.1053930000001,3.668
3672,32.1086160000001,3.223
3673,32.1119590000001,3.343
3674,32.1156150000001,3.656
3675,32.1198930000001,4.278
3676,32.1241800000001,4.287
3677,32.1278020000001,3.622
3678,32.1309600000001,3.158
3679,32.1354510000001,4.491
3680,32.1380850000001,2.634
3681,32.1424410000001,4.356
3682,32.1459920000001,3.551
3683,32.1506160000001,4.624
3684,32.1542860000001,3.67
3685,32.1579920000001,3.706
3686,32.1614280000001,3.436
3687,32.1652260000001,3.798
3688,32.1694770000001,4.251
3689,32.1736810000001,4.204
3690,32.1775360000001,3.855
3691,32.1806170000001,3.081
3692,32.1848140000001,4.197
3693,32.1923840000001,7.57
3694,32.1950080000001,2.624
3695,32.1975760000001,2.568
3696,32.2015410000001,3.965
3697,32.2042200000001,2.679
3698,32.2086790000001,4.459
3699,32.2123530000001,3.674
3700,32.2157780000001,3.425
3701,32.2204280000001,4.65
3702,32.2243490000001,3.921
3703,32.2277490000001,3.4
3704,32.2317500000001,4.001
3705,32.2354970000001,3.747
3706,32.2397990000001,4.302
3707,32.2434080000001,3.609
3708,32.2465960000001,3.188
3709,32.2509920000001,4.396
3710,32.2550820000001,4.09
3711,32.2584090000001,3.327
3712,32.2616570000001,3.248
3713,32.2651550000001,3.498
3714,32.2694170000001,4.262
3715,32.2742630000001,4.846
3716,32.2774090000001,3.146
3717,32.2807990000001,3.39
3718,32.2852660000001,4.467
3719,32.2881710000001,2.905
3720,32.2920910000001,3.92
3721,32.2956160000001,3.525
3722,32.2998570000001,4.241
3723,32.3032810000001,3.424
3724,32.3075320000001,4.251
3725,32.3110450000001,3.513
3726,32.3143960000001,3.351
3727,32.3186810000001,4.285
3728,32.3227480000001,4.067
3729,32.3264640000001,3.716
3730,32.3298660000001,3.402
3731,32.3341870000001,4.321
3732,32.3370520000001,2.865
3733,32.3415310000001,4.479
3734,32.3449660000001,3.435
3735,32.3484560000001,3.49
3736,32.3526670000001,4.211
3737,32.3569350000001,4.268
3738,32.3604770000001,3.542
3739,32.3638240000001,3.347
3740,32.3680580000001,4.234
3741,32.3710880000001,3.03
3742,32.3754500000001,4.362
3743,32.3787350000001,3.285
3744,32.3833190000001,4.584
3745,32.3860450000001,2.726
3746,32.3905450000001,4.5
3747,32.3938700000001,3.325
3748,32.3972660000001,3.396
3749,32.4020770000001,4.811
3750,32.4053380000001,3.261
3751,32.4088210000001,3.483
3752,32.4124480000001,3.627
3753,32.4168380000001,4.39
3754,32.4199400000001,3.102
3755,32.4241020000001,4.162
3756,32.4275050000001,3.403
3757,32.4308410000001,3.336
3758,32.4351800000001,4.339
3759,32.4379930000001,2.813
3760,32.4423400000001,4.347
3761,32.4460430000001,3.703
3762,32.4504570000001,4.414
3763,32.4538280000001,3.371
3764,32.4577430000001,3.915
3765,32.4614190000001,3.676
3766,32.4646400000001,3.221
3767,32.4689450000001,4.305
3768,32.4733440000001,4.399
3769,32.4770700000001,3.726
3770,32.4804040000001,3.334
3771,32.4846560000001,4.252
3772,32.4876660000001,3.01
3773,32.4917690000001,4.103
3774,32.4951990000001,3.43
3775,32.4986260000001,3.427
3776,32.5028580000001,4.232
3777,32.5071680000001,4.31
3778,32.5107730000001,3.605
3779,32.5141110000001,3.338
3780,32.5185170000001,4.406
3781,32.5215130000001,2.996
3782,32.5256110000001,4.098
3783,32.5292610000001,3.65
3784,32.5337320000001,4.471
3785,32.5364470000001,2.715
3786,32.5410150000001,4.568
3787,32.5444020000001,3.387
3788,32.5477950000001,3.393
3789,32.5519640000001,4.169
3790,32.5558710000001,3.907
3791,32.5595370000001,3.666
3792,32.5631750000001,3.638
3793,32.5676890000001,4.514
3794,32.5710010000001,3.312
3795,32.5751940000001,4.193
3796,32.5784480000001,3.254
3797,32.5821700000001,3.722
3798,32.5865820000001,4.412
3799,32.5908250000001,4.243
3800,32.5944030000001,3.578
3801,32.5977020000001,3.299
3802,32.6020290000001,4.327
3803,32.6059070000001,3.878
3804,32.6097040000001,3.797
3805,32.6131480000001,3.444
3806,32.6175540000001,4.406
3807,32.6203240000001,2.77
3808,32.6249450000001,4.621
3809,32.6284930000001,3.548
3810,32.6320330000001,3.54
3811,32.6362060000001,4.173
3812,32.6405500000001,4.344
3813,32.6439690000001,3.419
3814,32.6474360000001,3.467
3815,32.6518550000001,4.419
3816,32.6550340000001,3.179
3817,32.6588710000001,3.837
3818,32.6622310000001,3.36
3819,32.6668790000001,4.648
3820,32.6705270000001,3.648
3821,32.6740490000001,3.522
3822,32.6774030000001,3.354
3823,32.6812960000001,3.893
3824,32.6855730000001,4.277
3825,32.6891130000001,3.54
3826,32.6925430000001,3.43
3827,32.6957950000001,3.252
3828,32.7003440000001,4.549
3829,32.7038050000001,3.461
3830,32.7074070000001,3.602
3831,32.7110310000001,3.624
3832,32.7142170000001,3.186
3833,32.7186700000001,4.453
3834,32.7226760000001,4.006
3835,32.7263680000001,3.692
3836,32.7298190000001,3.451
3837,32.7343200000001,4.501
3838,32.7375320000001,3.212
3839,32.7414140000001,3.882
3840,32.7449560000001,3.542
3841,32.7483120000001,3.356
3842,32.7525590000001,4.247
3843,32.7568770000001,4.318
3844,32.7604090000001,3.532
3845,32.7639460000001,3.537
3846,32.7682460000001,4.3
3847,32.7711400000001,2.894
3848,32.7752710000001,4.131
3849,32.7785340000001,3.263
3850,32.7820810000001,3.547
3851,32.7865740000001,4.493
3852,32.7907250000001,4.151
3853,32.7942270000001,3.502
3854,32.7977420000001,3.515
3855,32.8023760000001,4.634
3856,32.8057780000001,3.402
3857,32.8095400000001,3.762
3858,32.8128750000001,3.335
3859,32.8174510000001,4.576
3860,32.8201920000001,2.741
3861,32.8247120000001,4.52
3862,32.8280940000001,3.382
3863,32.8317290000001,3.635
3864,32.8360800000001,4.351
3865,32.8403290000001,4.249
3866,32.8437410000001,3.412
3867,32.8470570000001,3.316
3868,32.8512930000001,4.236
3869,32.8541440000001,2.851
3870,32.8584670000001,4.323
3871,32.8619290000001,3.462
3872,32.8654530000001,3.524
3873,32.8696430000001,4.19
3874,32.8737170000001,4.074
3875,32.8772000000001,3.483
3876,32.8804370000001,3.237
3877,32.8846870000001,4.25
3878,32.8876040000001,2.917
3879,32.8918160000001,4.212
3880,32.8953700000001,3.554
3881,32.8987450000001,3.375
3882,32.9034500000001,4.705
3883,32.9071320000001,3.682
3884,32.9107260000001,3.594
3885,32.9144330000001,3.707
3886,32.9185280000001,4.095
3887,32.9221740000001,3.646
3888,32.9258990000001,3.725
3889,32.9291800000001,3.281
3890,32.9333730000001,4.193
3891,32.9366810000001,3.308
3892,32.9410210000001,4.34
3893,32.9444150000001,3.394
3894,32.9479820000001,3.567
3895,32.9523040000001,4.322
3896,32.9565920000001,4.288
3897,32.9598590000001,3.267
3898,32.9630460000001,3.187
3899,32.9736510000001,10.605
3900,32.9878110000001,14.16
3901,33.0065090000001,18.698
3902,33.0241400000001,17.631
3903,33.0394120000001,15.272
3904,33.0576130000001,18.201
3905,33.0758360000001,18.223
3906,33.0905750000001,14.739
3907,33.1089340000001,18.359
3908,33.1267180000001,17.784
3909,33.1416640000001,14.946
3910,33.1599950000001,18.331
3911,33.1776290000001,17.634
3912,33.1929290000001,15.3
3913,33.2110920000001,18.163
3914,33.2287610000001,17.669
3915,33.2441510000001,15.39
3916,33.2623000000001,18.149
3917,33.2799490000001,17.649
3918,33.2951200000001,15.171
3919,33.3134150000001,18.295
3920,33.3310030000001,17.588
3921,33.3464290000001,15.426
3922,33.3643720000001,17.943
3923,33.3821220000001,17.75
3924,33.3973110000001,15.189
3925,33.4155500000001,18.239
3926,33.4334050000001,17.855
3927,33.4483060000001,14.901
3928,33.4665880000001,18.282
3929,33.4842870000001,17.699
3930,33.4996980000001,15.411
3931,33.5178830000001,18.185
3932,33.5355080000001,17.625
3933,33.5507000000001,15.192
3934,33.5690220000001,18.322
3935,33.5865650000001,17.543
3936,33.6015820000001,15.017
3937,33.6197880000001,18.206
3938,33.6373690000001,17.581
3939,33.6524500000001,15.081
3940,33.6709030000001,18.453
3941,33.6883520000001,17.449
3942,33.7039900000001,15.638
3943,33.7217920000001,17.802
3944,33.7394710000001,17.679
3945,33.7547320000001,15.261
3946,33.7731100000001,18.378
3947,33.7905960000001,17.486
3948,33.8060560000001,15.46
3949,33.8236880000001,17.632
3950,33.8452370000001,21.549
3951,33.8599490000001,14.712
3952,33.8781270000001,18.178
3953,33.8956730000001,17.546
3954,33.9108930000001,15.22
3955,33.9291520000001,18.259
3956,33.9468200000001,17.668
3957,33.9620290000001,15.209
3958,33.9803710000001,18.342
3959,33.9976020000001,17.231
3960,34.0130250000001,15.423
3961,34.0312290000001,18.204
3962,34.0487370000001,17.508
3963,34.0639190000001,15.182
3964,34.0823210000001,18.402
3965,34.1001880000001,17.867
3966,34.1152030000001,15.015
3967,34.1334100000001,18.207
3968,34.1512220000001,17.812
3969,34.1664550000001,15.233
3970,34.1846660000001,18.211
3971,34.2023200000001,17.654
3972,34.2175780000001,15.258
3973,34.2357760000001,18.198
3974,34.2532370000001,17.461
3975,34.2684430000001,15.206
3976,34.2866640000001,18.221
3977,34.3045630000001,17.899
3978,34.3196110000001,15.048
3979,34.3378020000001,18.191
3980,34.3551070000001,17.305
3981,34.3703460000001,15.239
3982,34.3892650000001,18.919
3983,34.4073420000001,18.077
3984,34.4223700000001,15.028
3985,34.4408600000001,18.49
3986,34.4588630000001,18.003
3987,34.4739850000001,15.122
3988,34.4924980000001,18.513
3989,34.5097160000001,17.218
3990,34.5250010000001,15.285
3991,34.5429200000001,17.919
3992,34.5605930000001,17.673
3993,34.5758120000001,15.219
3994,34.5935880000001,17.776
3995,34.6112000000001,17.612
3996,34.6264140000001,15.214
3997,34.6444470000001,18.033
3998,34.6619690000001,17.522
3999,34.6771840000001,15.215
4000,34.6954190000001,18.235
4001,34.7128220000001,17.403
4002,34.7280650000001,15.243
4003,34.7462490000001,18.184
4004,34.7636750000001,17.426
4005,34.7788430000001,15.168
4006,34.7969660000001,18.123
4007,34.8173680000001,20.402
4008,34.8295450000001,12.177
4009,34.8506850000001,21.14
4010,34.8652850000001,14.6
4011,34.8803950000001,15.11
4012,34.8985310000001,18.136
4013,34.9160700000001,17.539
4014,34.9312060000001,15.136
4015,34.9489460000001,17.74
4016,34.9704970000001,21.551
4017,34.9849780000001,14.481
4018,35.0031070000001,18.129
4019,35.0205950000001,17.488
4020,35.0359450000001,15.35
4021,35.0538230000001,17.878
4022,35.0715440000001,17.721
4023,35.0867520000001,15.208
4024,35.1049520000001,18.2
4025,35.1263510000001,21.399
4026,35.1411950000001,14.844
4027,35.1591950000001,18.0
4028,35.1770090000001,17.814
4029,35.1925040000001,15.495
4030,35.2105790000001,18.075
4031,35.2279550000001,17.376
4032,35.2435890000001,15.634
4033,35.2615000000001,17.911
4034,35.2790350000001,17.535
4035,35.2944920000001,15.457
4036,35.3124410000001,17.949
4037,35.3300000000001,17.559
4038,35.3455210000001,15.521
4039,35.3635820000001,18.061
4040,35.3857170000001,22.135
4041,35.3999220000001,14.205
4042,35.4186200000001,18.698
4043,35.4359550000001,17.335
4044,35.4510140000001,15.059
4045,35.4692440000001,18.23
4046,35.4908800000001,21.636
4047,35.5054920000001,14.612
4048,35.5237080000001,18.216
4049,35.5414920000001,17.784
4050,35.5563210000001,14.829
4051,35.5745520000001,18.231
4052,35.5920250000001,17.473
4053,35.6072680000001,15.243
4054,35.6250710000001,17.803
4055,35.6424960000001,17.425
4056,35.6574750000001,14.979
4057,35.6814420000001,23.967
4058,35.6940970000001,12.655
4059,35.7144520000001,20.355
4060,35.7290140000001,14.562
4061,35.7471740000001,18.16
4062,35.7645190000001,17.345
4063,35.7797760000001,15.257
4064,35.7977300000001,17.954
4065,35.8155210000001,17.791
4066,35.8303830000001,14.862
4067,35.8485730000001,18.19
4068,35.8665380000001,17.965
4069,35.8812580000001,14.72
4070,35.8993560000001,18.098
4071,35.9169580000001,17.602
4072,35.9321450000001,15.187
4073,35.9502740000001,18.129
4074,35.9679760000001,17.702
4075,35.9830960000001,15.12
4076,36.0013360000001,18.24
4077,36.0189140000001,17.578
4078,36.0343170000001,15.403
4079,36.0524120000001,18.095
4080,36.0696750000001,17.263
4081,36.0847260000001,15.051
4082,36.1030210000001,18.295
4083,36.1204000000001,17.379
4084,36.1357020000001,15.302
4085,36.1538810000001,18.179
4086,36.1715660000001,17.685
4087,36.1869180000001,15.352
4088,36.2051410000001,18.223
4089,36.2224610000001,17.32
4090,36.2377020000001,15.241
4091,36.2560070000001,18.305
4092,36.2737270000001,17.72
4093,36.2889510000001,15.224
4094,36.3091850000001,20.234
4095,36.3249780000001,15.793
4096,36.3398290000001,14.851
4097,36.3636130000001,23.784
4098,36.3806720000001,17.059
4099,36.4008190000001,20.147
4100,36.4150570000001,14.238
4101,36.4333890000001,18.332
4102,36.4509410000001,17.552
4103,36.4661940000001,15.253
4104,36.4845940000001,18.4
4105,36.5023550000001,17.761
4106,36.5174600000001,15.105
4107,36.5356970000001,18.237
4108,36.5533000000001,17.603
4109,36.5685320000001,15.232
4110,36.5867830000001,18.251
4111,36.6045010000001,17.718
4112,36.6195460000001,15.045
4113,36.6376970000001,18.151
4114,36.6552450000001,17.548
4115,36.6705280000001,15.283
4116,36.6885450000001,18.017
4117,36.7061550000001,17.61
4118,36.7211770000001,15.022
4119,36.7392480000001,18.071
4120,36.7567750000001,17.527
4121,36.7719070000001,15.132
4122,36.7900680000001,18.161
4123,36.8075170000001,17.449
4124,36.8227880000001,15.271
4125,36.8410530000001,18.265
4126,36.8584580000001,17.405
4127,36.8737470000001,15.289
4128,36.8920710000001,18.324
4129,36.9094460000001,17.375
4130,36.9249070000001,15.461
4131,36.9426770000001,17.77
4132,36.9602220000001,17.545
4133,36.9754840000001,15.262
4134,36.9937010000001,18.217
4135,37.0113910000001,17.69
4136,37.0267450000001,15.354
4137,37.0449450000001,18.2
4138,37.0626770000001,17.732
4139,37.0777460000001,15.069
4140,37.0967210000001,18.975
4141,37.1135250000001,16.804
4142,37.1289210000001,15.396
4143,37.1470560000001,18.135
4144,37.1645630000001,17.507
4145,37.1798480000001,15.285
4146,37.1995250000001,19.677
4147,37.2151060000001,15.581
4148,37.2303210000001,15.215
4149,37.2484960000001,18.175
4150,37.2667370000001,18.241
4151,37.2812170000001,14.48
4152,37.2993600000001,18.143
4153,37.3170600000001,17.7
4154,37.3320920000001,15.032
4155,37.3505190000001,18.427
4156,37.3680170000001,17.498
4157,37.3833200000001,15.303
4158,37.4014600000001,18.14
4159,37.4191810000001,17.721
4160,37.4343560000001,15.175
4161,37.4524060000001,18.05
4162,37.4701710000001,17.765
4163,37.4852380000001,15.067
4164,37.5036290000001,18.391
4165,37.5212060000001,17.577
4166,37.5359360000001,14.73
4167,37.5540540000001,18.118
4168,37.5714790000002,17.425
4169,37.5867840000002,15.305
4170,37.6047570000001,17.973
4171,37.6222210000001,17.464
4172,37.6372460000001,15.025
4173,37.6554970000001,18.251
4174,37.6729120000001,17.415
4175,37.6879820000001,15.07
4176,37.7069830000002,19.001
4177,37.7116940000002,4.711
4178,37.7157570000002,4.063
4179,37.7204640000002,4.707
4180,37.7240110000002,3.547
4181,37.7278220000002,3.811
4182,37.7306640000002,2.842
4183,37.7356260000002,4.962
4184,37.7392010000002,3.575
4185,37.7434450000002,4.244
4186,37.7466660000002,3.221
4187,37.7508230000002,4.157
4188,37.7540980000002,3.275
4189,37.7582100000002,4.112
4190,37.7612660000002,3.056
4191,37.7647700000002,3.504
4192,37.7693940000002,4.624
4193,37.7727820000002,3.388
4194,37.7773050000002,4.523
4195,37.7805490000002,3.244
4196,37.7848040000002,4.255
4197,37.7885180000002,3.714
4198,37.7925560000002,4.038
4199,37.7958340000002,3.278
4200,37.7989810000002,3.147
4201,37.8032780000002,4.297
4202,37.8070230000002,3.745
4203,37.8110670000002,4.044
4204,37.8137430000002,2.676
4205,37.8188870000002,5.144
4206,37.8225750000002,3.688
4207,37.8264150000002,3.84
4208,37.8292990000002,2.884
4209,37.8328320000002,3.533
4210,37.8374640000002,4.632
4211,37.8407430000002,3.279
4212,37.8450120000002,4.269
4213,37.8480120000002,3.0
4214,37.8528480000002,4.836
4215,37.8560100000002,3.162
4216,37.8599670000002,3.957
4217,37.8632660000002,3.299
4218,37.8676030000002,4.337
4219,37.8711290000002,3.526
4220,37.8746150000002,3.486
4221,37.8790200000002,4.405
4222,37.8823500000002,3.33
4223,37.8864060000002,4.056
4224,37.8898440000002,3.438
4225,37.8941090000002,4.265
4226,37.8975000000002,3.391
4227,37.9018970000002,4.397
4228,37.9056780000002,3.781
4229,37.9088530000001,3.175
4230,37.9133710000001,4.518
4231,37.9166500000001,3.279
4232,37.9205100000001,3.86
4233,37.9237940000002,3.284
4234,37.9280130000001,4.219
4235,37.9309970000001,2.984
4236,37.9351830000001,4.186
4237,37.9388210000001,3.638
4238,37.9421980000001,3.377
4239,37.9464590000001,4.261
4240,37.9503430000001,3.884
4241,37.9542230000001,3.88
4242,37.9574790000001,3.256
4243,37.9618050000001,4.326
4244,37.9645920000001,2.787
4245,37.9693780000001,4.786
4246,37.9727100000001,3.332
4247,37.9760570000001,3.347
4248,37.9804770000001,4.42
4249,37.9831260000001,2.649
4250,37.9872500000001,4.124
4251,37.9910010000001,3.751
4252,37.9950130000001,4.012
4253,37.9977130000001,2.7
4254,38.0027190000001,5.006
4255,38.0059400000002,3.221
4256,38.0092580000002,3.318
4257,38.0142380000002,4.98
4258,38.0173030000002,3.065
4259,38.0205030000002,3.2
4260,38.0238930000002,3.39
4261,38.0280720000002,4.179
4262,38.0307580000002,2.686
4263,38.0354080000002,4.65
4264,38.0387460000002,3.338
4265,38.0420620000002,3.316
4266,38.0470040000002,4.942
4267,38.0500070000002,3.003
4268,38.0538010000001,3.794
4269,38.0573540000001,3.553
4270,38.0616790000001,4.325
4271,38.0645970000001,2.918
4272,38.0688670000001,4.27
4273,38.0723480000001,3.481
4274,38.0754970000001,3.149
4275,38.0800580000002,4.561
4276,38.0846200000002,4.562
4277,38.0879780000001,3.358
4278,38.0907590000001,2.781
4279,38.0950660000001,4.307
4280,38.0979340000001,2.868
4281,38.1023550000001,4.421
4282,38.1058630000001,3.508
4283,38.1094790000001,3.616
4284,38.1174200000001,7.941
4285,38.1202270000001,2.807
4286,38.1226010000001,2.374
4287,38.1260180000001,3.417
4288,38.1303930000001,4.375
4289,38.1330810000001,2.688
4290,38.1372600000001,4.179
4291,38.1408180000001,3.558
4292,38.1444190000001,3.601
4293,38.1486840000001,4.265
4294,38.1527890000001,4.105
4295,38.1564360000001,3.647
4296,38.1599970000001,3.561
4297,38.1641560000001,4.159
4298,38.1668840000001,2.728
4299,38.1710850000001,4.201
4300,38.1745480000002,3.463
4301,38.1782400000002,3.692
4302,38.1833820000002,5.142
4303,38.1866930000001,3.311
4304,38.1900000000001,3.307
4305,38.1934580000001,3.458
4306,38.1977900000001,4.332
4307,38.2016450000001,3.855
4308,38.2054620000001,3.817
4309,38.2087790000001,3.317
4310,38.2123080000001,3.529
4311,38.2167950000001,4.487
4312,38.2201780000001,3.383
4313,38.2233540000001,3.176
4314,38.2272410000001,3.887
4315,38.2312450000002,4.004
4316,38.2349690000001,3.724
4317,38.2389910000001,4.022
4318,38.2423060000001,3.315
4319,38.2458850000002,3.579
4320,38.2503280000002,4.443
4321,38.2537930000002,3.465
4322,38.2575320000002,3.739
4323,38.2609340000002,3.402
4324,38.2651230000002,4.189
4325,38.2695600000002,4.437
4326,38.2728310000002,3.271
4327,38.2760260000002,3.195
4328,38.2797330000001,3.707
4329,38.2837640000001,4.031
4330,38.2873670000001,3.603
4331,38.2910580000001,3.691
4332,38.2944460000001,3.388
4333,38.2991830000001,4.737
4334,38.3036510000002,4.468
4335,38.3079030000002,4.252
4336,38.3126670000002,4.764
4337,38.3175600000002,4.893
4338,38.3206670000002,3.107
4339,38.3242080000002,3.541
4340,38.3278140000002,3.606
4341,38.3335470000002,5.733
4342,38.3370320000001,3.485
4343,38.3403500000002,3.318
4344,38.3433920000002,3.042
4345,38.3469900000001,3.598
4346,38.3518560000001,4.866
4347,38.3552120000001,3.356
4348,38.3582780000001,3.066
4349,38.3619400000001,3.662
4350,38.3660110000001,4.071
4351,38.3699610000001,3.95
4352,38.3731950000001,3.234
4353,38.3768620000001,3.667
4354,38.3803130000001,3.451
4355,38.3861700000001,5.857
4356,38.3891960000001,3.026
4357,38.3925890000001,3.393
4358,38.3962310000001,3.642
4359,38.3999520000001,3.721
4360,38.4037230000001,3.771
4361,38.4071940000001,3.471
4362,38.4107960000001,3.602
4363,38.4139540000001,3.158
4364,38.4202050000001,6.251
4365,38.4231450000001,2.94
4366,38.4279980000001,4.853
4367,38.4314200000001,3.422
4368,38.4349650000001,3.545
4369,38.4379510000001,2.986
4370,38.4414890000001,3.538
4371,38.4451980000001,3.709
4372,38.4484970000001,3.299
4373,38.4539840000001,5.487
4374,38.4572310000001,3.247
4375,38.4604330000001,3.202
4376,38.4636450000001,3.212
4377,38.4693090000001,5.664
4378,38.4722740000001,2.965
4379,38.4756920000002,3.418
4380,38.4792180000002,3.526
4381,38.4836530000002,4.435
4382,38.4870190000002,3.366
4383,38.4903130000001,3.294
4384,38.4941510000002,3.838
4385,38.5000530000002,5.902
4386,38.5029750000001,2.922
4387,38.5055590000001,2.584
4388,38.5089760000001,3.417
4389,38.5124380000001,3.462
4390,38.5164880000001,4.05
4391,38.5202850000001,3.797
4392,38.5237240000001,3.439
4393,38.5271920000001,3.468
4394,38.5314080000001,4.216
4395,38.5357050000001,4.297
4396,38.5389820000001,3.277
4397,38.5425100000001,3.528
4398,38.5460780000001,3.568
4399,38.5503430000001,4.265
4400,38.5536730000001,3.33
4401,38.5571300000001,3.457
4402,38.5606980000001,3.568
4403,38.5649440000001,4.246
4404,38.5689030000001,3.959
4405,38.5722730000001,3.37
4406,38.5755500000001,3.277
4407,38.5792090000001,3.659
4408,38.5832550000001,4.046
4409,38.5868210000001,3.566
4410,38.5902670000001,3.446
4411,38.5938440000001,3.577
4412,38.5978610000001,4.017
4413,38.6021900000001,4.329
4414,38.6056000000001,3.41
4415,38.6090990000001,3.499
4416,38.6127890000001,3.69
4417,38.6181150000001,5.326
4418,38.6213290000001,3.214
4419,38.6247150000001,3.386
4420,38.6282040000001,3.489
4421,38.6325570000001,4.353
4422,38.6362540000001,3.697
4423,38.6394810000001,3.227
4424,38.6430470000001,3.566
4425,38.6464360000001,3.389
4426,38.6523380000001,5.902
4427,38.6553290000001,2.991
4428,38.6582870000001,2.958
4429,38.6617970000001,3.51
4430,38.6661320000001,4.335
4431,38.6700030000001,3.871
4432,38.6734450000001,3.442
4433,38.6770070000001,3.562
4434,38.6803580000001,3.351
4435,38.6861380000001,5.78
4436,38.6891430000001,3.005
4437,38.6926190000001,3.476
4438,38.6963550000001,3.736
4439,38.7005010000001,4.146
4440,38.7040410000001,3.54
4441,38.7073130000001,3.272
4442,38.7109480000001,3.635
4443,38.7142730000001,3.325
4444,38.7198520000001,5.579
4445,38.7226540000001,2.802
4446,38.7259370000001,3.283
4447,38.7292610000001,3.324
4448,38.7345240000001,5.263
4449,38.7375340000001,3.01
4450,38.7408000000001,3.266
4451,38.7444420000001,3.642
4452,38.7478460000001,3.404
4453,38.7532100000001,5.364
4454,38.7562050000001,2.995
4455,38.7595530000001,3.348
4456,38.7639560000001,4.403
4457,38.7682270000002,4.271
4458,38.7721390000002,3.912
4459,38.7753270000002,3.188
4460,38.7785810000002,3.254
4461,38.7815960000001,3.015
4462,38.7865400000002,4.944
4463,38.7893980000002,2.858
4464,38.7927640000002,3.366
4465,38.7961620000002,3.398
4466,38.8012510000001,5.089
4467,38.8042860000001,3.035
4468,38.8075640000001,3.278
4469,38.8112670000002,3.703
4470,38.8147670000002,3.5
4471,38.8198640000002,5.097
4472,38.8229400000002,3.076
4473,38.8262140000001,3.274
4474,38.8296790000001,3.465
4475,38.8352410000001,5.562
4476,38.8379330000001,2.692
4477,38.8411670000001,3.234
4478,38.8452710000001,4.104
4479,38.8485180000001,3.247
4480,38.8539540000002,5.436
4481,38.8570620000001,3.108
4482,38.8598820000001,2.82
4483,38.8634210000002,3.539
4484,38.8691720000001,5.751
4485,38.8721560000001,2.984
4486,38.8751180000001,2.962
4487,38.8787580000001,3.64
4488,38.8820260000001,3.268
4489,38.8875900000001,5.564
4490,38.8906740000001,3.084
4491,38.8934990000001,2.825
4492,38.8967170000001,3.218
4493,38.9024810000001,5.764
4494,38.9052260000001,2.745
4495,38.9089100000001,3.684
4496,38.9123980000001,3.488
4497,38.9176210000001,5.223
4498,38.9207640000001,3.143
4499,38.9236750000001,2.911
4500,38.9273950000001,3.72
4501,38.9306830000001,3.288
4502,38.9359990000001,5.316
4503,38.9388520000001,2.853
4504,38.9424300000001,3.578
4505,38.9457210000001,3.291
4506,38.9510120000001,5.291
4507,38.9542710000001,3.259
4508,38.9571970000001,2.926
4509,38.9606000000001,3.403
4510,38.9642890000001,3.689
4511,38.9699350000001,5.646
4512,38.9734240000001,3.489
4513,38.9768300000001,3.406
4514,38.9797070000001,2.877
4515,38.9854210000001,5.714
4516,38.9882310000001,2.81
4517,38.9915900000001,3.359
4518,38.9952850000001,3.695
4519,38.9986650000001,3.38
4520,39.0037920000001,5.127
4521,39.0064670000001,2.675
4522,39.0099650000001,3.498
4523,39.0134140000001,3.449
4524,39.0192970000001,5.883
4525,39.0220710000001,2.774
4526,39.0255830000001,3.512
4527,39.0290950000001,3.512
4528,39.0331740000001,4.079
4529,39.0371510000001,3.977
4530,39.0404640000001,3.313
4531,39.0439520000001,3.488
4532,39.0475040000001,3.552
4533,39.0529630000001,5.459
4534,39.0562360000001,3.273
4535,39.0607370000001,4.501
4536,39.0648930000001,4.156
4537,39.0694710000001,4.578
4538,39.0731050000001,3.634
4539,39.0765830000001,3.478
4540,39.0818530000001,5.27
4541,39.0888020000001,6.949
4542,39.0920590000001,3.257
4543,39.0960100000001,3.951
4544,39.0992060000001,3.196
4545,39.1039000000001,4.694
4546,39.1079290000001,4.029
4547,39.1127910000001,4.862
4548,39.1164760000001,3.685
4549,39.1209090000001,4.433
4550,39.1277680000001,6.859
4551,39.1317280000001,3.96
4552,39.1351790000001,3.451
4553,39.1399990000001,4.82
4554,39.1438820000001,3.883
4555,39.1471310000001,3.249
4556,39.1501710000001,3.04
4557,39.1543870000001,4.216
4558,39.1571590000001,2.772
4559,39.1605160000001,3.357
4560,39.1640210000001,3.505
4561,39.1699830000001,5.962
4562,39.1728620000001,2.879
4563,39.1762610000001,3.399
4564,39.1795570000001,3.296
4565,39.1853910000001,5.834
4566,39.1884810000001,3.09
4567,39.1916230000001,3.142
4568,39.1952620000001,3.639
4569,39.1988060000001,3.544
4570,39.2038360000001,5.03
4571,39.2068990000001,3.063
4572,39.2102840000001,3.385
4573,39.2135840000001,3.3
4574,39.2190980000001,5.514
4575,39.2221580000001,3.06
4576,39.2250830000001,2.925
4577,39.2290100000001,3.927
4578,39.2322420000001,3.232
4579,39.2373910000001,5.149
4580,39.2406560000001,3.265
4581,39.2436120000001,2.956
4582,39.2470400000001,3.428
4583,39.2524290000001,5.389
4584,39.2552230000001,2.794
4585,39.2587980000001,3.575
4586,39.2620390000001,3.241
4587,39.2675610000001,5.522
4588,39.2710500000001,3.489
4589,39.2740870000001,3.037
4590,39.2776940000001,3.607
4591,39.2809650000001,3.271
4592,39.2862390000001,5.274
4593,39.2942680000001,8.029
4594,39.3095380000001,15.27
4595,39.3297370000001,20.199
4596,39.3438740000001,14.137
4597,39.3618870000001,18.013
4598,39.3765200000001,14.633
4599,39.3951540000001,18.634
4600,39.4130890000001,17.935
4601,39.4282670000001,15.178
4602,39.4467790000001,18.512
4603,39.4658920000001,19.113
4604,39.4792490000001,13.357
4605,39.5004400000001,21.191
4606,39.5148640000001,14.424
4607,39.5300870000001,15.223
4608,39.5482870000001,18.2
4609,39.5654290000001,17.142
4610,39.5807600000001,15.331
4611,39.5987680000001,18.008
4612,39.6162480000001,17.48
4613,39.6313340000001,15.086
4614,39.6492940000001,17.96
4615,39.6667780000001,17.484
4616,39.6819380000001,15.16
4617,39.6999260000001,17.988
4618,39.7176210000001,17.695
4619,39.7324710000001,14.85
4620,39.7506990000001,18.228
4621,39.7679570000001,17.258
4622,39.7832340000001,15.277
4623,39.8014410000001,18.207
4624,39.8185590000001,17.118
4625,39.8336610000001,15.102
4626,39.8517560000001,18.095
4627,39.8691270000001,17.371
4628,39.8842840000001,15.157
4629,39.9023820000001,18.098
4630,39.9199660000001,17.584
4631,39.9349790000001,15.013
4632,39.9536110000001,18.632
4633,39.9706710000001,17.06
4634,39.9859080000001,15.237
4635,40.0039980000001,18.09
4636,40.0213960000001,17.398
4637,40.0364870000001,15.091
4638,40.0546150000001,18.128
4639,40.0721190000001,17.504
4640,40.0873420000001,15.223
4641,40.1054390000001,18.097
4642,40.1230670000001,17.628
4643,40.1382220000001,15.155
4644,40.1565960000001,18.374
4645,40.1740520000001,17.456
4646,40.1890980000001,15.046
4647,40.2072390000001,18.141
4648,40.2251110000001,17.872
4649,40.2399480000001,14.837
4650,40.2581660000001,18.218
4651,40.2756300000001,17.464
4652,40.2907750000001,15.145
4653,40.3091410000001,18.366
4654,40.3266230000001,17.482
4655,40.3417610000001,15.138
4656,40.3598380000001,18.077
4657,40.3775170000001,17.679
4658,40.3926920000001,15.175
4659,40.4107250000001,18.033
4660,40.4283090000001,17.584
4661,40.4434090000001,15.1
4662,40.4616140000001,18.205
4663,40.4792290000001,17.615
4664,40.4944170000001,15.188
4665,40.5125640000001,18.147
4666,40.5302470000001,17.683
4667,40.5451390000001,14.892
4668,40.5632450000001,18.106
4669,40.5808470000001,17.602
4670,40.5956390000001,14.792
4671,40.6137080000001,18.069
4672,40.6308680000001,17.16
4673,40.6459270000001,15.059
4674,40.6639050000001,17.978
4675,40.6813140000001,17.409
4676,40.6963600000001,15.046
4677,40.7143740000001,18.014
4678,40.7318890000001,17.515
4679,40.7467870000001,14.898
4680,40.7649950000001,18.208
4681,40.7822650000001,17.27
4682,40.7973810000001,15.116
4683,40.8154890000001,18.108
4684,40.8327470000001,17.258
4685,40.8479530000001,15.206
4686,40.8665880000001,18.635
4687,40.8835280000001,16.94
4688,40.8986440000001,15.116
4689,40.9169520000001,18.308
4690,40.9344050000001,17.453
4691,40.9496850000001,15.28
4692,40.9678540000001,18.169
4693,40.9852000000001,17.346
4694,41.0002430000001,15.043
4695,41.0182550000001,18.012
4696,41.0357510000001,17.496
4697,41.0508570000001,15.106
4698,41.0691410000001,18.284
4699,41.0865980000001,17.457
4700,41.1019100000001,15.312
4701,41.1200780000001,18.168
4702,41.1379040000001,17.826
4703,41.1528770000001,14.973
4704,41.1710900000001,18.213
4705,41.1885700000001,17.48
4706,41.2037790000001,15.209
4707,41.2220680000001,18.289
4708,41.2395080000001,17.44
4709,41.2549810000001,15.473
4710,41.2730220000001,18.041
4711,41.2905350000001,17.513
4712,41.3057560000001,15.221
4713,41.3240970000001,18.341
4714,41.3419460000001,17.849
4715,41.3568200000001,14.874
4716,41.3750660000001,18.246
4717,41.3927060000001,17.64
4718,41.4079700000001,15.264
4719,41.4263920000001,18.422
4720,41.4438290000001,17.437
4721,41.4592170000001,15.388
4722,41.4774910000001,18.274
4723,41.4951780000001,17.687
4724,41.5104570000001,15.279
4725,41.5286070000001,18.15
4726,41.5505230000001,21.916
4727,41.5648790000001,14.356
4728,41.5831010000001,18.222
4729,41.6006870000001,17.586
4730,41.6159010000001,15.214
4731,41.6340940000001,18.193
4732,41.6518620000001,17.768
4733,41.6670000000001,15.138
4734,41.6852820000001,18.282
4735,41.7030440000001,17.762
4736,41.7209040000001,17.86
4737,41.7357480000001,14.844
4738,41.7537810000001,18.033
4739,41.7684240000001,14.643
4740,41.7864140000001,17.99
4741,41.8040140000001,17.6
4742,41.8191910000001,15.177
4743,41.8372390000001,18.048
4744,41.8548500000001,17.611
4745,41.8699020000001,15.052
4746,41.8883140000001,18.412
4747,41.9056880000001,17.374
4748,41.9208060000001,15.118
4749,41.9389260000001,18.12
4750,41.9564670000001,17.541
4751,41.9715440000001,15.077
4752,41.9897220000001,18.178
4753,42.0072600000001,17.538
4754,42.0252790000001,18.019
4755,42.0408660000001,15.587
4756,42.0584310000001,17.565
4757,42.0729970000001,14.566
4758,42.0913010000001,18.304
4759,42.1087810000001,17.48
4760,42.1238280000001,15.047
4761,42.1420630000001,18.235
4762,42.1594850000001,17.422
4763,42.1747090000001,15.224
4764,42.1928090000001,18.1
4765,42.2103210000001,17.512
4766,42.2255440000001,15.223
4767,42.2436910000001,18.147
4768,42.2612220000001,17.531
4769,42.2763860000001,15.164
4770,42.2946310000001,18.245
4771,42.3122380000001,17.607
4772,42.3274120000001,15.174
4773,42.3455350000001,18.123
4774,42.3631340000001,17.599
4775,42.3782320000001,15.098
4776,42.3964900000001,18.258
4777,42.4140100000001,17.52
4778,42.4290640000001,15.054
4779,42.4471500000001,18.086
4780,42.4533420000001,6.192
4781,42.4568760000001,3.534
4782,42.4612110000001,4.335
4783,42.4657280000001,4.517
4784,42.4692160000001,3.488
4785,42.4728040000001,3.588
4786,42.4768270000001,4.023
4787,42.4806080000001,3.781
4788,42.4842680000001,3.66
4789,42.4877480000001,3.48
4790,42.4918970000001,4.149
4791,42.4949000000001,3.003
4792,42.4994180000001,4.518
4793,42.5029970000001,3.579
4794,42.5064110000001,3.414
4795,42.5104410000001,4.03
4796,42.5144610000001,4.02
4797,42.5179080000001,3.447
4798,42.5214100000001,3.502
4799,42.5255630000001,4.153
4800,42.5284600000001,2.897
4801,42.5330990000001,4.639
4802,42.5366880000001,3.589
4803,42.5402550000001,3.567
4804,42.5444210000001,4.166
4805,42.5486680000001,4.247
4806,42.5522550000001,3.587
4807,42.5557340000001,3.479
4808,42.5600650000001,4.331
4809,42.5638910000001,3.826
4810,42.5674140000001,3.523
4811,42.5707330000001,3.319
4812,42.5743410000001,3.608
4813,42.5786780000001,4.337
4814,42.5824930000001,3.815
4815,42.5857260000001,3.233
4816,42.5893970000001,3.671
4817,42.5936070000001,4.21
4818,42.5975410000001,3.934
4819,42.6011060000001,3.565
4820,42.6045790000001,3.473
4821,42.6082150000001,3.636
4822,42.6124160000001,4.201
4823,42.6163090000001,3.893
4824,42.6195580000001,3.249
4825,42.6230070000001,3.449
4826,42.6272140000001,4.207
4827,42.6315560000001,4.342
4828,42.6348410000001,3.285
4829,42.6381360000001,3.295
4830,42.6426990000001,4.563
4831,42.6465680000001,3.869
4832,42.6499930000001,3.425
4833,42.6533390000001,3.346
4834,42.6566900000001,3.351
4835,42.6608450000001,4.155
4836,42.6653530000001,4.508
4837,42.6687490000001,3.396
4838,42.6719780000001,3.229
4839,42.6758330000001,3.855
4840,42.6800730000001,4.24
4841,42.6833630000001,3.29
4842,42.6867460000001,3.383
4843,42.6902790000001,3.533
4844,42.6942000000001,3.921
4845,42.6987440000001,4.544
4846,42.7019920000001,3.248
4847,42.7057450000001,3.753
4848,42.7093240000001,3.579
4849,42.7140130000001,4.689
4850,42.7173360000001,3.323
4851,42.7206690000001,3.333
4852,42.7240920000001,3.423
4853,42.7283940000001,4.302
4854,42.7326210000001,4.227
4855,42.7359080000001,3.287
4856,42.7393660000001,3.458
4857,42.7430180000001,3.652
4858,42.7482640000001,5.246
4859,42.7511350000001,2.871
4860,42.7543700000001,3.235
4861,42.7578280000001,3.458
4862,42.7622240000001,4.396
4863,42.7659780000001,3.754
4864,42.7699730000001,3.995
4865,42.7729880000001,3.015
4866,42.7767380000001,3.75
4867,42.7820170000001,5.279
4868,42.7848100000001,2.793
4869,42.7883480000001,3.538
4870,42.7919680000001,3.62
4871,42.7961540000001,4.186
4872,42.7999880000001,3.834
4873,42.8034470000001,3.459
4874,42.8069320000001,3.485
4875,42.8104040000001,3.472
4876,42.8162180000001,5.814
4877,42.8191450000001,2.927
4878,42.8224480000001,3.303
4879,42.8259410000001,3.493
4880,42.8312130000001,5.272
4881,42.8342980000001,3.085
4882,42.8377290000001,3.431
4883,42.8412530000001,3.524
4884,42.8447500000001,3.497
4885,42.8503030000001,5.553
4886,42.8535110000001,3.208
4887,42.8572080000001,3.697
4888,42.8611050000001,3.897
4889,42.8659040000001,4.799
4890,42.8696930000001,3.789
4891,42.8733120000001,3.619
4892,42.8776030000001,4.291
4893,42.8807700000001,3.167
4894,42.8849960000001,4.226
4895,42.8890250000001,4.029
4896,42.8919790000001,2.954
4897,42.8944680000001,2.489
4898,42.8994120000001,4.944
4899,42.9025510000001,3.139
4900,42.9054190000001,2.868
4901,42.9088220000001,3.403
4902,42.9124890000001,3.667
4903,42.9177270000001,5.238
4904,42.9210790000001,3.352
4905,42.9242540000001,3.175
4906,42.9276470000001,3.393
4907,42.9326640000001,5.017
4908,42.9356540000001,2.99
4909,42.9387410000001,3.087
4910,42.9424440000001,3.703
4911,42.9456780000001,3.234
4912,42.9507130000001,5.035
4913,42.9537200000001,3.007
4914,42.9568550000001,3.135
4915,42.9604210000001,3.566
4916,42.9661270000001,5.706
4917,42.9693630000001,3.236
4918,42.9728990000001,3.536
4919,42.9760450000001,3.146
4920,42.9805260000001,4.481
4921,42.9849720000001,4.446
4922,42.9877880000001,2.816
4923,42.9911300000001,3.342
4924,42.9944970000001,3.367
4925,43.0000300000001,5.533
4926,43.0032330000001,3.203
4927,43.0063680000001,3.135
4928,43.0097120000001,3.344
4929,43.0148320000001,5.12
4930,43.0187670000001,3.935
4931,43.0215640000001,2.797
4932,43.0252990000001,3.735
4933,43.0286180000001,3.319
4934,43.0336110000001,4.993
4935,43.0366630000001,3.052
4936,43.0399230000001,3.26
4937,43.0433530000001,3.43
4938,43.0484750000001,5.122
4939,43.0526190000001,4.144
4940,43.0553320000001,2.713
4941,43.0588340000001,3.502
4942,43.0621750000001,3.341
4943,43.0671940000001,5.019
4944,43.0704890000001,3.295
4945,43.0734200000001,2.931
4946,43.0770230000001,3.603
4947,43.0819570000001,4.934
4948,43.0862880000001,4.331
4949,43.0896200000001,3.332
4950,43.0928130000001,3.193
4951,43.0973820000001,4.569
4952,43.10154,4.158
4953,43.1043650000001,2.825
4954,43.107858,3.493
4955,43.1116090000001,3.751
4956,43.1167420000001,5.133
4957,43.1202620000001,3.52
4958,43.1235680000001,3.306
4959,43.1265950000001,3.027
4960,43.1310280000001,4.433
4961,43.1352290000001,4.201
4962,43.1378020000001,2.573
4963,43.1415730000001,3.771
4964,43.1447890000001,3.216
4965,43.1502990000001,5.51
4966,43.1537950000001,3.496
4967,43.1570490000001,3.254
4968,43.1599960000001,2.947
4969,43.1646000000001,4.604
4970,43.1686010000001,4.001
4971,43.1713560000001,2.755
4972,43.1750730000001,3.717
4973,43.1785050000001,3.432
4974,43.1841810000001,5.676
4975,43.1877970000001,3.616
4976,43.1908900000001,3.093
4977,43.1939270000001,3.037
4978,43.1987220000001,4.795
4979,43.2028570000001,4.135
4980,43.2057240000001,2.867
4981,43.2091100000001,3.386
4982,43.2138650000001,4.755
4983,43.2184530000001,4.588
4984,43.2221380000001,3.685
4985,43.2252580000001,3.12
4986,43.2280980000001,2.84
4987,43.2324020000001,4.304
4988,43.2363790000001,3.977
4989,43.2394880000001,3.109
4990,43.2429090000001,3.421
4991,43.2477050000001,4.796
4992,43.2518230000001,4.118
4993,43.2546670000001,2.844
4994,43.2581800000001,3.513
4995,43.2618750000001,3.695
4996,43.2669020000001,5.027
4997,43.2701380000001,3.236
4998,43.2736880000001,3.55
4999,43.2768540000001,3.166
5000,43.2813520000001,4.498
5001,43.2852870000001,3.935
5002,43.2878760000001,2.589
5003,43.2916970000001,3.821
5004,43.2951610000001,3.464
5005,43.3000510000001,4.89
5006,43.3032350000001,3.184
5007,43.3065090000001,3.274
5008,43.3098240000001,3.315
5009,43.3151310000001,5.307
5010,43.3193260000001,4.195
5011,43.3222220000001,2.896
5012,43.3264040000001,4.182
5013,43.3298690000001,3.465
5014,43.3341780000001,4.309
5015,43.3371730000001,2.995
5016,43.3403870000001,3.214
5017,43.3437500000001,3.363
5018,43.3485920000001,4.842
5019,43.3525660000001,3.974
5020,43.3554600000001,2.894
5021,43.359069,3.609
5022,43.363356,4.287
5023,43.368004,4.648
5024,43.3706850000001,2.681
5025,43.3742930000001,3.608
5026,43.3780010000001,3.708
5027,43.3832850000001,5.284
5028,43.3860320000001,2.747
5029,43.3894610000001,3.429
5030,43.3930060000001,3.545
5031,43.3978350000001,4.829
5032,43.4020900000001,4.255
5033,43.4048150000001,2.725
5034,43.4083430000001,3.528
5035,43.4117550000001,3.412
5036,43.4166360000001,4.881
5037,43.4193560000001,2.72
5038,43.4228670000001,3.511
5039,43.4264230000001,3.556
5040,43.4317750000001,5.352
5041,43.4357120000001,3.937
5042,43.4385040000001,2.792
5043,43.4420960000001,3.592
5044,43.4455040000001,3.408
5045,43.4506740000001,5.17
5046,43.4535440000001,2.87
5047,43.4567570000001,3.213
5048,43.4600700000001,3.313
5049,43.4648800000001,4.81
5050,43.4688650000001,3.985
5051,43.4716490000001,2.784
5052,43.4753540000001,3.705
5053,43.4787790000001,3.425
5054,43.4842290000001,5.45
5055,43.4870630000001,2.834
5056,43.4903660000001,3.303
5057,43.4939600000001,3.594
5058,43.4989630000001,5.003
5059,43.5029770000001,4.014
5060,43.5062870000001,3.31
5061,43.5091970000001,2.91
5062,43.5144610000001,5.264
5063,43.5187260000001,4.265
5064,43.5215320000001,2.806
5065,43.5250430000001,3.511
5066,43.5286960000001,3.653
5067,43.5338260000001,5.13
5068,43.5365850000001,2.759
5069,43.539986,3.401
5070,43.5432950000001,3.309
5071,43.5479160000001,4.621
5072,43.5518580000001,3.942
5073,43.554654,2.796
5074,43.5581120000001,3.458
5075,43.561521,3.409
5076,43.566661,5.14
5077,43.570218,3.557
5078,43.573145,2.927
5079,43.575982,2.837
5080,43.580909,4.927
5081,43.585139,4.23
5082,43.588098,2.959
5083,43.591377,3.279
5084,43.594584,3.207
5085,43.599986,5.402
5086,43.602896,2.91
5087,43.606375,3.479
5088,43.609574,3.199
5089,43.614591,5.017
5090,43.618599,4.008
5091,43.621498,2.899
5092,43.62533,3.832
5093,43.628707,3.377
5094,43.634057,5.35
5095,43.636948,2.891
5096,43.64017,3.222
5097,43.6436640000001,3.494
5098,43.6482310000001,4.567
5099,43.652293,4.062
5100,43.6551060000001,2.813
5101,43.6586210000001,3.515
5102,43.6629250000001,4.304
5103,43.667499,4.574
5104,43.670055,2.556
5105,43.673644,3.589
5106,43.677163,3.519
5107,43.681657,4.494
5108,43.685628,3.971
5109,43.689088,3.46
5110,43.692335,3.247
5111,43.697406,5.071
5112,43.701519,4.113
5113,43.704369,2.85
5114,43.708,3.631
5115,43.715063,7.063
5116,43.718783,3.72
5117,43.721379,2.596
5118,43.72468,3.301
5119,43.727484,2.804
5120,43.732333,4.849
5121,43.736403,4.07
5122,43.73909,2.687
5123,43.742719,3.629
5124,43.74713,4.411
5125,43.751921,4.791
5126,43.754609,2.688
5127,43.757826,3.217
5128,43.761178,3.352
5129,43.766469,5.291
5130,43.769824,3.355
5131,43.772976,3.152
5132,43.776263,3.287
5133,43.781457,5.194
5134,43.785566,4.109
5135,43.789038,3.472
5136,43.792453,3.415
5137,43.797003,4.55
5138,43.801224,4.221
5139,43.804338,3.114
5140,43.80761,3.272
5141,43.810743,3.133
5142,43.815686,4.943
5143,43.819674,3.988
5144,43.822506,2.832
5145,43.826107,3.601
5146,43.830992,4.885
5147,43.835289,4.297
5148,43.838557,3.268
5149,43.842256,3.699
5150,43.846142,3.886
5151,43.850332,4.19
5152,43.853339,3.007
5153,43.856706,3.367
5154,43.861016,4.31
5155,43.864794,3.778
5156,43.869078,4.284
5157,43.872291,3.213
5158,43.875401,3.11
5159,43.880494,5.093
5160,43.884592,4.098
5161,43.887277,2.685
5162,43.890981,3.704
5163,43.894296,3.315
5164,43.899005,4.709
5165,43.90333,4.325
5166,43.906307,2.977
5167,43.90954,3.233
5168,43.914269,4.729
5169,43.918421,4.152
5170,43.921656,3.235
5171,43.924937,3.281
5172,43.929138,4.201
5173,43.933446,4.308
5174,43.936297,2.851
5175,43.939771,3.474
5176,43.943406,3.635
5177,43.947851,4.445
5178,43.951825,3.974
5179,43.954743,2.918
5180,43.958087,3.344
5181,43.961468,3.381
5182,43.966534,5.066
5183,43.969564,3.03
5184,43.9729,3.336
5185,43.976099,3.199
5186,43.980914,4.815
5187,43.985177,4.263
5188,43.987702,2.525
5189,43.991423,3.721
5190,43.994848,3.425
5191,43.999951,5.103
5192,44.003145,3.194
5193,44.007204,4.059
5194,44.011556,4.352
5195,44.015127,3.571
5196,44.0195,4.373
5197,44.024086,4.586
5198,44.027174,3.088
5199,44.030544,3.37
5200,44.045235,14.691
5201,44.060012,14.777
5202,44.077786,17.774
5203,44.095428,17.642
5204,44.110476,15.048
5205,44.128698,18.222
5206,44.146176,17.478
5207,44.161461,15.285
5208,44.179345,17.884
5209,44.201009,21.664
5210,44.215378,14.369
5211,44.233558,18.18
5212,44.251282,17.724
5213,44.266278,14.996
5214,44.28442,18.142
5215,44.301977,17.557
5216,44.317047,15.07
5217,44.335185,18.138
5218,44.352545,17.36
5219,44.36773,15.185
5220,44.386664,18.934
5221,44.404443,17.779
5222,44.41963,15.187
5223,44.438239,18.609
5224,44.456168,17.929
5225,44.471121,14.953
5226,44.489295,18.174
5227,44.506792,17.497
5228,44.522073,15.281
5229,44.540555,18.482
5230,44.557783,17.228
5231,44.577562,19.779
5232,44.591245,13.683
5233,44.609398,18.153
5234,44.623975,14.577
5235,44.642033,18.058
5236,44.659573,17.54
5237,44.674804,15.231
5238,44.693035,18.231
5239,44.710786,17.751
5240,44.725598,14.812
5241,44.743849,18.251
5242,44.761355,17.506
5243,44.776567,15.212
5244,44.794665,18.098
5245,44.812526,17.861
5246,44.827472,14.946
5247,44.845739,18.267
5248,44.863221,17.482
5249,44.878356,15.135
5250,44.896623,18.267
5251,44.91421,17.587
5252,44.929312,15.102
5253,44.947413,18.101
5254,44.964804,17.391
5255,44.979879,15.075
5256,44.998043,18.164
5257,45.015365,17.322
5258,45.030474,15.109
5259,45.048407,17.933
5260,45.06558,17.173
5261,45.080785,15.205
5262,45.098654,17.869
5263,45.116185,17.531
5264,45.130797,14.612
5265,45.15375,22.953
5266,45.166318,12.568
5267,45.186216,19.898
5268,45.200572,14.356
5269,45.218593,18.021
5270,45.235907,17.314
5271,45.251228,15.321
5272,45.26913,17.902
5273,45.286784,17.654
5274,45.301704,14.92
5275,45.319716,18.012
5276,45.337245,17.529
5277,45.35235,15.105
5278,45.370401,18.051
5279,45.387775,17.374
5280,45.403074,15.299
5281,45.421033,17.959
5282,45.438289,17.256
5283,45.453347,15.058
5284,45.471488,18.141
5285,45.489065,17.577
5286,45.503819,14.754
5287,45.522486,18.667
5288,45.539307,16.821
5289,45.55444,15.133
5290,45.572396,17.956
5291,45.590113,17.717
5292,45.604814,14.701
5293,45.622773,17.959
5294,45.640217,17.444
5295,45.655119,14.902
5296,45.673125,18.006
5297,45.690581,17.456
5298,45.705727,15.146
5299,45.723663,17.936
5300,45.740931,17.268
5301,45.756265,15.334
5302,45.773883,17.618
5303,45.791021,17.138
5304,45.80603,15.009
5305,45.823988,17.958
5306,45.841567,17.579
5307,45.85644,14.873
5308,45.874512,18.072
5309,45.891812,17.3
5310,45.906949,15.137
5311,45.925014,18.065
5312,45.942236,17.222
5313,45.957162,14.926
5314,45.975168,18.006
5315,45.992703,17.535
5316,46.007634,14.931
5317,46.025756,18.122
5318,46.04331,17.554
5319,46.058146,14.836
5320,46.076489,18.343
5321,46.093609,17.12
5322,46.108567,14.958
5323,46.126564,17.997
5324,46.143964,17.4
5325,46.158996,15.032
5326,46.177083,18.087
5327,46.194283,17.2
5328,46.209185,14.902
5329,46.227282,18.097
5330,46.244739,17.457
5331,46.25978,15.041
5332,46.277733,17.953
5333,46.295129,17.396
5334,46.310071,14.942
5335,46.328011,17.94
5336,46.345438,17.427
5337,46.360333,14.895
5338,46.378352,18.019
5339,46.395613,17.261
5340,46.410519,14.906
5341,46.428624,18.105
5342,46.446046,17.422
5343,46.461029,14.983
5344,46.479167,18.138
5345,46.496584,17.417
5346,46.511703,15.119
5347,46.529814,18.111
5348,46.547311,17.497
5349,46.562432,15.121
5350,46.580829,18.397
5351,46.598206,17.377
5352,46.613402,15.196
5353,46.631925,18.523
5354,46.649097,17.172
5355,46.6643,15.203
5356,46.682305,18.005
5357,46.70026,17.955
5358,46.715095,14.835
5359,46.733126,18.031
5360,46.750626,17.5
5361,46.765856,15.23
5362,46.78399,18.134
5363,46.801615,17.625
5364,46.816684,15.069
5365,46.835333,18.649
5366,46.852308,16.975
5367,46.86752,15.212
5368,46.885548,18.028
5369,46.903348,17.8
5370,46.918346,14.998
5371,46.936368,18.022
5372,46.95399,17.622
5373,46.969087,15.097
5374,46.98727,18.183
5375,47.004718,17.448
5376,47.01986,15.142
5377,47.03787,18.01
5378,47.05542,17.55
5379,47.070667,15.247
5380,47.088671,18.004
5381,47.106255,17.584
5382,47.121553,15.298
5383,47.139279,17.726
5384,47.156834,17.555
5385,47.172092,15.258
5386,47.189799,17.707
5387,47.193621,3.822
5388,47.198149,4.528
5389,47.201537,3.388
5390,47.205021,3.484
5391,47.209183,4.162
5392,47.213246,4.063
5393,47.216729,3.483
5394,47.220322,3.593
5395,47.223756,3.434
5396,47.229221,5.465
5397,47.232093,2.872
5398,47.235107,3.014
5399,47.2390690000001,3.962
5400,47.2430510000001,3.982
5401,47.24657,3.519
5402,47.250108,3.538
5403,47.253465,3.357
5404,47.256766,3.301
5405,47.262657,5.891
5406,47.265346,2.689
5407,47.269022,3.676
5408,47.272645,3.623
5409,47.278193,5.548
5410,47.281349,3.156
5411,47.284237,2.888
5412,47.28779,3.553
5413,47.291145,3.355
5414,47.296665,5.52
5415,47.300002,3.337
5416,47.302798,2.796
5417,47.306364,3.566
5418,47.312094,5.73
5419,47.315836,3.742
5420,47.318949,3.113
5421,47.322002,3.053
5422,47.326409,4.407
5423,47.330774,4.365
5424,47.333472,2.698
5425,47.337239,3.767
5426,47.340662,3.423
5427,47.346012,5.35
5428,47.349012,3.0
5429,47.35223,3.218
5430,47.355867,3.637
5431,47.360367,4.5
5432,47.364676,4.309
5433,47.368014,3.338
5434,47.371146,3.132
5435,47.374508,3.362
5436,47.380079,5.571
5437,47.38289,2.811
5438,47.386082,3.192
5439,47.38973,3.648
5440,47.394676,4.946
5441,47.398959,4.283
5442,47.402005,3.046
5443,47.405224,3.219
5444,47.409896,4.672
5445,47.414237,4.341
5446,47.417414,3.177
5447,47.424535,7.121
5448,47.427954,3.419
5449,47.431867,3.913
5450,47.436313,4.446
5451,47.440111,3.798
5452,47.444501,4.39
5453,47.448326,3.825
5454,47.452723,4.397
5455,47.456247,3.524
5456,47.459677,3.43
5457,47.463625,3.948
5458,47.467166,3.541
5459,47.470079,2.913
5460,47.473528,3.449
5461,47.478176,4.648
5462,47.4816,3.424
5463,47.485774,4.174
5464,47.488997,3.223
5465,47.493758,4.761
5466,47.497347,3.589
5467,47.501504,4.157
5468,47.504522,3.018
5469,47.507806,3.284
5470,47.512338,4.532
5471,47.516861,4.523
5472,47.520153,3.292
5473,47.523325,3.172
5474,47.527809,4.484
5475,47.531276,3.467
5476,47.535475,4.199
5477,47.538888,3.413
5478,47.542779,3.891
5479,47.546506,3.727
5480,47.55082,4.314
5481,47.554478,3.658
5482,47.557614,3.136
5483,47.561534,3.92
5484,47.564946,3.412
5485,47.56886,3.914
5486,47.572471,3.611
5487,47.577047,4.576
5488,47.580356,3.309
5489,47.584407,4.051
5490,47.587877,3.47
5491,47.591242,3.365
5492,47.595559,4.317
5493,47.598904,3.345
5494,47.602908,4.004
5495,47.605975,3.067
5496,47.610678,4.703
5497,47.614602,3.924
5498,47.618675,4.073
5499,47.621833,3.158
5500,47.626062,4.229
5501,47.629623,3.561
5502,47.633787,4.164
5503,47.636671,2.884
5504,47.639967,3.296
5505,47.644959,4.992
5506,47.648347,3.388
5507,47.652543,4.196
5508,47.656509,3.966
5509,47.660341,3.832
5510,47.663839,3.498
5511,47.667821,3.982
5512,47.670847,3.026
5513,47.674256,3.409
5514,47.678975,4.719
5515,47.682321,3.346
5516,47.686776,4.455
5517,47.69029,3.514
5518,47.693911,3.621
5519,47.697369,3.458
5520,47.701402,4.033
5521,47.704651,3.249
5522,47.707562,2.911
5523,47.712348,4.786
5524,47.716634,4.286
5525,47.720323,3.689
5526,47.723745,3.422
5527,47.72736,3.615
5528,47.731176,3.816
5529,47.735311,4.135
5530,47.738514,3.203
5531,47.742712,4.198
5532,47.746258,3.546
5533,47.750037,3.779
5534,47.75302,2.983
5535,47.756356,3.336
5536,47.76143,5.074
5537,47.764873,3.443
5538,47.768827,3.954
5539,47.77251,3.683
5540,47.776746,4.236
5541,47.780323,3.577
5542,47.784311,3.988
5543,47.787352,3.041
5544,47.790663,3.311
5545,47.795373,4.71
5546,47.798758,3.385
5547,47.802657,3.899
5548,47.806014,3.357
5549,47.81062,4.606
5550,47.813983,3.363
5551,47.818095,4.112
5552,47.820998,2.903
5553,47.824355,3.357
5554,47.829089,4.734
5555,47.833521,4.432
5556,47.8367420000001,3.221
5557,47.8393870000001,2.645
5558,47.8440490000001,4.662
5559,47.8478730000001,3.824
5560,47.8519290000001,4.056
5561,47.8550890000001,3.16
5562,47.8591630000001,4.074
5563,47.8626730000001,3.51
5564,47.8666550000001,3.982
5565,47.8700030000001,3.348
5566,47.8727660000001,2.763
5567,47.8773480000001,4.582
5568,47.8808790000001,3.531
5569,47.8851750000001,4.296
5570,47.8883860000001,3.211
5571,47.8926860000001,4.3
5572,47.8959960000001,3.31
5573,47.9000370000001,4.041
5574,47.9028460000001,2.809
5575,47.9062440000001,3.398
5576,47.9113230000001,5.079
5577,47.9147270000001,3.404
5578,47.9187770000001,4.05
5579,47.9223110000001,3.534
5580,47.9261940000001,3.883
5581,47.9296290000001,3.435
5582,47.9338810000001,4.252
5583,47.9372260000001,3.345
5584,47.9400290000001,2.803
5585,47.9446850000001,4.656
5586,47.9480460000001,3.361
5587,47.9521080000001,4.062
5588,47.9560560000001,3.948
5589,47.9600510000001,3.995
5590,47.9634430000001,3.392
5591,47.9673830000001,3.94
5592,47.9702210000001,2.838
5593,47.9735190000001,3.298
5594,47.9783520000001,4.833
5595,47.9817030000001,3.351
5596,47.9855880000001,3.885
5597,47.9891330000001,3.545
5598,47.9935780000001,4.445
5599,47.9971040000001,3.526
5600,48.0011810000001,4.077
5601,48.0041070000001,2.926
5602,48.0072570000001,3.15
5603,48.0120360000001,4.779
5604,48.0153650000001,3.329
5605,48.0194110000001,4.046
5606,48.0225250000001,3.114
5607,48.0272940000001,4.769
5608,48.0307160000001,3.422
5609,48.0345270000001,3.811
5610,48.0376570000001,3.13
5611,48.0408560000001,3.199
5612,48.0450750000001,4.219
5613,48.0483940000001,3.319
5614,48.0528630000001,4.469
5615,48.0562500000001,3.387
5616,48.0601070000001,3.857
5617,48.0634160000001,3.309
5618,48.0675350000001,4.119
5619,48.0718400000001,4.305
5620,48.0749940000001,3.154
5621,48.0783340000001,3.34
5622,48.0819440000001,3.61
5623,48.0858100000001,3.866
5624,48.0889330000001,3.123
5625,48.0939750000001,5.042
5626,48.0975090000001,3.534
5627,48.1015890000001,4.08
5628,48.1052390000001,3.65
5629,48.1089540000001,3.715
5630,48.1126010000001,3.647
5631,48.1168090000001,4.208
5632,48.1194420000001,2.633
5633,48.1228730000001,3.431
5634,48.1274600000001,4.587
5635,48.1307960000001,3.336
5636,48.1347410000001,3.945
5637,48.1377180000001,2.977
5638,48.1412950000001,3.577
5639,48.1458850000001,4.59
5640,48.1495930000001,3.708
5641,48.1524000000001,2.807
5642,48.1559260000001,3.526
5643,48.1611470000001,5.221
5644,48.1645940000001,3.447
5645,48.1687570000001,4.163
5646,48.1717650000001,3.008
5647,48.1763510000001,4.586
5648,48.1797640000001,3.413
5649,48.1836260000001,3.862
5650,48.1863400000001,2.714
5651,48.1899900000001,3.65
5652,48.1951920000001,5.202
5653,48.1987080000001,3.516
5654,48.2026060000001,3.898
5655,48.2056640000001,3.058
5656,48.2108040000001,5.14
5657,48.2141530000001,3.349
5658,48.2183730000001,4.22
5659,48.2216750000001,3.302
5660,48.2256390000001,3.964
5661,48.2289550000001,3.316
5662,48.2332890000001,4.334
5663,48.2362780000001,2.989
5664,48.2392590000001,2.981
5665,48.2440940000001,4.835
5666,48.2473420000001,3.248
5667,48.2517160000001,4.374
5668,48.2555790000001,3.863
5669,48.2588110000001,3.232
5670,48.2626960000001,3.885
5671,48.2668050000001,4.109
5672,48.2703680000001,3.563
5673,48.2742810000001,3.913
5674,48.2775890000001,3.308
5675,48.2809180000001,3.329
5676,48.2850360000001,4.118
5677,48.2882100000001,3.174
5678,48.2923130000001,4.103
5679,48.2960050000001,3.692
5680,48.3001980000001,4.193
5681,48.3033380000001,3.14
5682,48.3066400000001,3.302
5683,48.3111650000001,4.525
5684,48.3144610000001,3.296
5685,48.3186180000001,4.157
5686,48.3216920000001,3.074
5687,48.3258050000001,4.113
5688,48.3296710000001,3.866
5689,48.3336700000001,3.999
5690,48.3369600000001,3.29
5691,48.3400730000001,3.113
5692,48.3446010000001,4.528
5693,48.3482920000001,3.691
5694,48.3522240000001,3.932
5695,48.3552260000001,3.002
5696,48.3600790000001,4.853
5697,48.3634390000001,3.36
5698,48.3673390000001,3.9
5699,48.3710600000001,3.721
5700,48.3749510000001,3.891
5701,48.3784340000001,3.483
5702,48.3815020000001,3.068
5703,48.3861140000001,4.612
5704,48.3892110000001,3.097
5705,48.3932710000001,4.06
5706,48.3966410000001,3.37
5707,48.4008380000001,4.197
5708,48.4088400000001,8.002
5709,48.4113580000001,2.518
5710,48.4140620000001,2.704
5711,48.4178260000001,3.764
5712,48.4212080000001,3.382
5713,48.4246240000001,3.416
5714,48.4283250000001,3.701
5715,48.4318150000001,3.49
5716,48.4360320000001,4.217
5717,48.4392360000001,3.204
5718,48.4430400000001,3.804
5719,48.4466880000001,3.648
5720,48.4512470000001,4.559
5721,48.4559460000001,4.699
5722,48.4588930000001,2.947
5723,48.4621760000001,3.283
5724,48.4663800000001,4.204
5725,48.4693550000001,2.975
5726,48.4728720000001,3.517
5727,48.4774330000001,4.561
5728,48.4808650000001,3.432
5729,48.4846410000001,3.776
5730,48.4882300000001,3.589
5731,48.4922310000001,4.001
5732,48.4957370000001,3.506
5733,48.4998440000001,4.107
5734,48.5029740000001,3.13
5735,48.5064680000001,3.494
5736,48.5109510000001,4.483
5737,48.5143310000001,3.38
5738,48.5186730000001,4.342
5739,48.5215690000001,2.896
5740,48.5248220000001,3.253
5741,48.5281820000001,3.36
5742,48.5322780000001,4.096
5743,48.5353260000001,3.048
5744,48.5402210000001,4.895
5745,48.5434970000001,3.276
5746,48.5468460000001,3.349
5747,48.5512620000001,4.416
5748,48.5548170000001,3.555
5749,48.5583720000001,3.555
5750,48.5618100000001,3.438
5751,48.5657310000001,3.921
5752,48.5687290000001,2.998
5753,48.5736710000001,4.942
5754,48.5773050000001,3.634
5755,48.5803790000001,3.074
5756,48.5854640000001,5.085
5757,48.5890840000001,3.62
5758,48.5923280000001,3.244
5759,48.5959370000001,3.609
5760,48.6006540000001,4.717
5761,48.6079130000001,7.259
5762,48.6106420000001,2.729
5763,48.6141630000001,3.521
5764,48.6187360000001,4.573
5765,48.6217340000001,2.998
5766,48.6249670000001,3.233
5767,48.6283310000001,3.364
5768,48.6316810000001,3.35
5769,48.6361110000001,4.43
5770,48.6397330000001,3.622
5771,48.6433820000001,3.649
5772,48.6468460000001,3.464
5773,48.6510150000001,4.169
5774,48.6546780000001,3.663
5775,48.6585320000001,3.854
5776,48.6622630000001,3.731
5777,48.6655330000001,3.27
5778,48.6697650000001,4.232
5779,48.6736950000001,3.93
5780,48.6773700000001,3.675
5781,48.6807810000001,3.411
5782,48.6851530000001,4.372
5783,48.6893890000001,4.236
5784,48.6927610000001,3.372
5785,48.6960440000001,3.283
5786,48.7005510000001,4.507
5787,48.7038870000001,3.336
5788,48.7074810000001,3.594
5789,48.7111110000001,3.63
5790,48.7144650000001,3.354
5791,48.7188250000001,4.36
5792,48.7228060000001,3.981
5793,48.7263200000001,3.514
5794,48.7297320000001,3.412
5795,48.7342600000001,4.528
5796,48.7380140000001,3.754
5797,48.7416310000001,3.617
5798,48.7453790000001,3.748
5799,48.7487520000001,3.373
5800,48.7531830000001,4.431
5801,48.7571500000001,3.967
5802,48.7603860000001,3.236
5803,48.7636890000001,3.303
5804,48.7677340000001,4.045
5805,48.7820180000001,14.284
5806,48.7969050000001,14.887
5807,48.8147860000001,17.881
5808,48.8293340000001,14.548
5809,48.8472170000001,17.883
5810,48.8651820000001,17.965
5811,48.8796430000001,14.461
5812,48.8975080000001,17.865
5813,48.9152190000001,17.711
5814,48.9301580000001,14.939
5815,48.9482230000001,18.065
5816,48.9656560000001,17.433
5817,48.980739,15.083
5818,48.9989920000001,18.253
5819,49.016298,17.306
5820,49.0314550000001,15.157
5821,49.0493160000001,17.861
5822,49.0667790000001,17.463
5823,49.0818990000001,15.12
5824,49.1001900000001,18.291
5825,49.1175800000001,17.39
5826,49.1325750000001,14.995
5827,49.1506960000001,18.121
5828,49.1681500000001,17.454
5829,49.1832200000001,15.07
5830,49.2015070000001,18.287
5831,49.2187390000001,17.232
5832,49.2341100000001,15.371
5833,49.2520050000001,17.895
5834,49.2692740000001,17.269
5835,49.2844140000001,15.14
5836,49.3023830000001,17.969
5837,49.3198510000001,17.468
5838,49.3348410000001,14.99
5839,49.3529320000001,18.091
5840,49.3702820000001,17.35
5841,49.3845990000001,14.317
5842,49.4050780000001,20.479
5843,49.4227210000001,17.643
5844,49.4378060000001,15.085
5845,49.4562640000001,18.458
5846,49.4739830000001,17.719
5847,49.4892240000001,15.241
5848,49.5071980000001,17.974
5849,49.5290490000001,21.851
5850,49.5433770000001,14.328
5851,49.5614790000001,18.102
5852,49.5792170000001,17.738
5853,49.5942240000001,15.007
5854,49.6124480000001,18.224
5855,49.6300920000001,17.644
5856,49.6449750000001,14.883
5857,49.6631780000001,18.203
5858,49.6807230000001,17.545
5859,49.6960860000001,15.363
5860,49.7142890000001,18.203
5861,49.731589,17.3
5862,49.746455,14.866
5863,49.764504,18.049
5864,49.781839,17.335
5865,49.7968550000001,15.016
5866,49.814921,18.066
5867,49.832281,17.36
5868,49.847223,14.942
5869,49.865132,17.909
5870,49.882572,17.44
5871,49.897479,14.907
5872,49.915491,18.012
5873,49.932737,17.246
5874,49.94793,15.193
5875,49.965558,17.628
5876,49.98272,17.162
5877,49.997652,14.932
5878,50.015613,17.961
5879,50.033661,18.048
5880,50.047884,14.223
5881,50.070281,22.397
5882,50.084763,14.482
5883,50.099608,14.845
5884,50.117805,18.197
5885,50.135063,17.258
5886,50.149688,14.625
5887,50.167743,18.055
5888,50.185092,17.349
5889,50.199829,14.737
5890,50.217829,18.0
5891,50.235066,17.237
5892,50.2498,14.734
5893,50.267838,18.038
5894,50.285109,17.271
5895,50.300178,15.069
5896,50.318053,17.875
5897,50.335116,17.063
5898,50.349976,14.86
5899,50.368033,18.057
5900,50.385585,17.552
5901,50.400417,14.832
5902,50.418416,17.999
5903,50.435793,17.377
5904,50.451074,15.281
5905,50.469206,18.132
5906,50.486805,17.599
5907,50.501971,15.166
5908,50.520274,18.303
5909,50.537771,17.497
5910,50.553029,15.258
5911,50.570721,17.692
5912,50.588551,17.83
5913,50.605341,16.79
5914,50.625256,19.915
5915,50.639394,14.138
5916,50.659375,19.981
5917,50.675531,16.156
5918,50.695028,19.497
5919,50.712606,17.578
5920,50.732843,20.237
5921,50.749938,17.095
5922,50.76758,17.642
5923,50.785682,18.102
5924,50.80482,19.138
5925,50.823735,18.915
5926,50.844036,20.301
5927,50.862379,18.343
5928,50.87717,14.791
5929,50.8948350000001,17.665
5930,50.9154660000001,20.631
5931,50.93011,14.644
5932,50.9474960000001,17.386
5933,50.968705,21.209
5934,50.9828860000001,14.181
5935,51.0008400000001,17.954
5936,51.0214570000001,20.617
5937,51.0356910000001,14.234
5938,51.0577060000001,22.015
5939,51.0762520000001,18.546
5940,51.0899600000001,13.708
5941,51.1120900000001,22.13
5942,51.1263670000001,14.277
5943,51.1411280000001,14.761
5944,51.1589380000001,17.81
5945,51.1761790000001,17.241
5946,51.1909540000001,14.775
5947,51.2087490000001,17.795
5948,51.2259060000001,17.157
5949,51.2406420000001,14.736
5950,51.258215,17.573
5951,51.275524,17.309
5952,51.290388,14.864
5953,51.308299,17.911
5954,51.325491,17.192
5955,51.340494,15.003
5956,51.3585690000001,18.075
5957,51.3756190000001,17.05
5958,51.3907880000001,15.169
5959,51.413044,22.256
5960,51.430609,17.565
5961,51.45257,21.961
5962,51.467889,15.319
5963,51.488795,20.906
5964,51.503925,15.13
5965,51.526983,23.058
5966,51.541985,15.002
5967,51.555117,13.132
5968,51.57447,19.353
5969,51.593495,19.025
5970,51.608546,15.051
5971,51.626596,18.05
5972,51.644048,17.452
5973,51.659027,14.979
5974,51.677108,18.081
5975,51.694573,17.465
5976,51.709475,14.902
5977,51.727496,18.021
5978,51.744775,17.279
5979,51.759816,15.041
5980,51.777862,18.046
5981,51.795054,17.192
5982,51.809973,14.919
5983,51.82789,17.917
5984,51.845291,17.401
5985,51.860289,14.998
5986,51.878167,17.878
5987,51.895572,17.405
5988,51.910645,15.073
5989,51.928506,17.861
5990,51.945994,17.488
5991,51.960985,14.991
5992,51.978746,17.761
5993,51.995955,17.209
5994,52.010843,14.888
5995,52.029052,18.209
5996,52.046187,17.135
5997,52.061166,14.979
5998,52.079154,17.988
5999,52.096253,17.099
6000,52.111154,14.901
6001,52.129054,17.9
6002,52.146434,17.38
6003,52.161435,15.001
6004,52.179118,17.683
6005,52.196759,17.641
6006,52.211331,14.572
6007,52.229201,17.87
6008,52.246796,17.595
6009,52.261469,14.673
6010,52.279287,17.818
6011,52.296603,17.316
6012,52.311508,14.905
6013,52.329387,17.879
6014,52.346628,17.241
6015,52.361668,15.04
6016,52.379593,17.925
6017,52.397008,17.415
6018,52.411936,14.928
6019,52.429855,17.919
6020,52.447115,17.26
6021,52.462125,15.01
6022,52.480161,18.036
6023,52.497725,17.564
6024,52.512376,14.651
6025,52.530967,18.591
6026,52.547682,16.715
6027,52.562649,14.967
6028,52.580596,17.947
6029,52.598002,17.406
6030,52.61303,15.028
6031,52.630817,17.787
6032,52.64837,17.553
6033,52.663337,14.967
6034,52.681265,17.928
6035,52.698746,17.481
6036,52.713763,15.017
6037,52.731711,17.948
6038,52.749124,17.413
6039,52.76389,14.766
6040,52.781712,17.822
6041,52.79908,17.368
6042,52.814053,14.973
6043,52.831798,17.745
6044,52.849291,17.493
6045,52.863957,14.666
6046,52.882168,18.211
6047,52.899312,17.144
6048,52.914228,14.916
6049,52.932156,17.928
6050,52.949336,17.18
6051,52.96404,14.704
6052,52.982045,18.005
6053,52.999399,17.354
6054,53.014248,14.849
6055,53.031918,17.67
6056,53.04927,17.352
6057,53.064237,14.967
6058,53.082013,17.776
6059,53.09921,17.197
6060,53.113833,14.623
6061,53.131447,17.614
6062,53.14876,17.313
6063,53.16335,14.59
6064,53.18142,18.07
6065,53.198428,17.008
6066,53.213209,14.781
6067,53.231065,17.856
6068,53.248392,17.327
6069,53.263136,14.744
6070,53.280988,17.852
6071,53.298356,17.368
6072,53.312935,14.579
6073,53.330778,17.843
6074,53.347734,16.956
6075,53.362619,14.885
6076,53.377037,14.418
6077,53.394894,17.857
6078,53.412428,17.534
6079,53.427115,14.687
6080,53.445049,17.934
6081,53.462325,17.276
6082,53.477106,14.781
6083,53.494921,17.815
6084,53.510919,15.998
6085,53.514684,3.765
6086,53.517894,3.21
6087,53.523001,5.107
6088,53.527189,4.188
6089,53.529859,2.67
6090,53.533354,3.495
6091,53.53656,3.206
6092,53.541366,4.806
6093,53.544638,3.272
6094,53.547952,3.314
6095,53.551291,3.339
6096,53.556227,4.936
6097,53.5604,4.173
6098,53.562981,2.581
6099,53.566629,3.648
6100,53.569994,3.365
6101,53.575215,5.221
6102,53.578071,2.856
6103,53.581216,3.145
6104,53.584515,3.299
6105,53.589531,5.016
6106,53.593453,3.922
6107,53.596398,2.945
6108,53.599874,3.476
6109,53.603227,3.353
6110,53.608494,5.267
6111,53.6111,2.606
6112,53.614639,3.539
6113,53.618075,3.436
6114,53.622944,4.869
6115,53.627407,4.463
6116,53.630348,2.941
6117,53.633498,3.15
6118,53.636879,3.381
6119,53.641977,5.098
6120,53.644669,2.692
6121,53.648022,3.353
6122,53.651491,3.469
6123,53.656335,4.844
6124,53.660462,4.127
6125,53.66322,2.758
6126,53.666624,3.404
6127,53.670061,3.437
6128,53.675166,5.105
6129,53.677932,2.766
6130,53.681633,3.701
6131,53.684811,3.178
6132,53.689495,4.684
6133,53.693766,4.271
6134,53.696276,2.51
6135,53.699935,3.659
6136,53.703204,3.269
6137,53.707392,4.188
6138,53.711113,3.721
6139,53.714377,3.264
6140,53.717519,3.142
6141,53.72257,5.051
6142,53.725939,3.369
6143,53.730163,4.224
6144,53.732979,2.816
6145,53.73637,3.391
6146,53.740798,4.428
6147,53.74412,3.322
6148,53.748541,4.421
6149,53.751611,3.07
6150,53.755681,4.07
6151,53.759352,3.671
6152,53.762433,3.081
6153,53.766959,4.526
6154,53.769556,2.597
6155,53.77379,4.234
6156,53.777405,3.615
6157,53.780581,3.176
6158,53.784707,4.126
6159,53.788751,4.044
6160,53.792372,3.621
6161,53.79553,3.158
6162,53.799101,3.571
6163,53.803256,4.155
6164,53.807107,3.851
6165,53.810692,3.585
6166,53.814018,3.326
6167,53.818155,4.137
6168,53.822094,3.939
6169,53.825659,3.565
6170,53.829066,3.407
6171,53.83268,3.614
6172,53.836934,4.254
6173,53.840831,3.897
6174,53.844205,3.374
6175,53.847326,3.121
6176,53.851537,4.211
6177,53.855886,4.349
6178,53.859395,3.509
6179,53.862721,3.326
6180,53.866224,3.503
6181,53.870436,4.212
6182,53.873823,3.387
6183,53.877543,3.72
6184,53.880629,3.086
6185,53.885551,4.922
6186,53.888883,3.332
6187,53.892433,3.55
6188,53.895827,3.394
6189,53.89922,3.393
6190,53.903415,4.195
6191,53.907445,4.03
6192,53.910659,3.214
6193,53.913935,3.276
6194,53.918726,4.791
6195,53.922033,3.307
6196,53.925597,3.564
6197,53.929078,3.481
6198,53.932563,3.485
6199,53.936846,4.283
6200,53.940633,3.787
6201,53.943919,3.286
6202,53.94803,4.111
6203,53.953133,5.103
6204,53.960252,7.119
6205,53.963402,3.15
6206,53.966704,3.302
6207,53.97126,4.556
6208,53.975295,4.035
6209,53.978478,3.183
6210,53.984094,5.616
6211,53.9893610000001,5.267
6212,53.993713,4.352
6213,53.9966160000001,2.903
6214,54.0006750000001,4.059
6215,54.005761,5.086
6216,54.009386,3.625
6217,54.012046,2.66
6218,54.014505,2.459
6219,54.0178960000001,3.391
6220,54.023433,5.537
6221,54.026066,2.633
6222,54.0294090000001,3.343
6223,54.0327690000001,3.36
6224,54.0402130000001,7.444
6225,54.0445080000001,4.295
6226,54.047743,3.235
6227,54.05112,3.377
6228,54.056276,5.156
6229,54.059315,3.039
6230,54.061758,2.443
6231,54.065562,3.804
6232,54.070854,5.292
6233,54.073411,2.557
6234,54.0769420000001,3.531
6235,54.0803350000001,3.393
6236,54.0842510000001,3.916
6237,54.0875210000001,3.27
6238,54.0917750000001,4.254
6239,54.0984750000001,6.7
6240,54.1020040000001,3.529
6241,54.1050940000001,3.09
6242,54.1085540000001,3.46
6243,54.1119150000001,3.361
6244,54.1177060000001,5.791
6245,54.1306380000001,12.932
6246,54.1458140000001,15.176
6247,54.151263,5.449
6248,54.154798,3.535
6249,54.159138,4.34
6250,54.164737,5.599
6251,54.169783,5.046
6252,54.173836,4.053
6253,54.181803,7.967
6254,54.190273,8.47
6255,54.198594,8.321
6256,54.205419,6.825
6257,54.210967,5.548
6258,54.217212,6.245
6259,54.221176,3.964
6260,54.224452,3.276
6261,54.228745,4.293
6262,54.232432,3.687
6263,54.236661,4.229
6264,54.239324,2.663
6265,54.244758,5.434
6266,54.251532,6.774
6267,54.2549080000001,3.376
6268,54.2583320000001,3.424
6269,54.261961,3.629
6270,54.2673300000001,5.369
6271,54.2724820000001,5.152
6272,54.2788070000001,6.325
6273,54.283058,4.251
6274,54.286479,3.421
6275,54.289055,2.576
6276,54.2935650000001,4.51
6277,54.296282,2.717
6278,54.299299,3.017
6279,54.302774,3.475
6280,54.3088890000001,6.115
6281,54.313224,4.335
6282,54.31646,3.236
6283,54.31952,3.06
6284,54.323133,3.613
6285,54.327507,4.374
6286,54.334186,6.679
6287,54.34064,6.454
6288,54.346086,5.446
6289,54.353294,7.208
6290,54.356832,3.538
6291,54.360797,3.965
6292,54.367856,7.059
6293,54.372665,4.809
6294,54.376692,4.027
6295,54.382931,6.239
6296,54.387465,4.534
6297,54.393892,6.427
6298,54.397665,3.773
6299,54.40075,3.085
6300,54.404715,3.965
6301,54.409534,4.819
6302,54.412936,3.402
6303,54.417012,4.076
6304,54.422818,5.806
6305,54.426038,3.22
6306,54.429505,3.467
6307,54.433133,3.628
6308,54.43595,2.817
6309,54.441204,5.254
6310,54.444193,2.989
6311,54.446903,2.71
6312,54.450743,3.84
6313,54.456096,5.353
6314,54.459473,3.377
6315,54.463013,3.54
6316,54.466487,3.474
6317,54.471233,4.746
6318,54.47477,3.537
6319,54.477731,2.961
6320,54.481767,4.036
6321,54.486473,4.706
6322,54.489863,3.39
6323,54.493278,3.415
6324,54.496467,3.189
6325,54.500705,4.238
6326,54.505022,4.317
6327,54.508234,3.212
6328,54.510963,2.729
6329,54.514181,3.218
6330,54.518002,3.821
6331,54.521241,3.239
6332,54.525186,3.945
6333,54.528331,3.145
6334,54.533011,4.68
6335,54.537005,3.994
6336,54.540519,3.514
6337,54.543573,3.054
6338,54.546961,3.388
6339,54.551331,4.37
6340,54.555283,3.952
6341,54.55876,3.477
6342,54.561996,3.236
6343,54.566658,4.662
6344,54.571252,4.594
6345,54.575245,3.993
6346,54.578506,3.261
6347,54.581463,2.957
6348,54.585764,4.301
6349,54.589207,3.443
6350,54.592372,3.165
6351,54.595779,3.407
6352,54.600499,4.72
6353,54.603834,3.335
6354,54.607195,3.361
6355,54.610421,3.226
6356,54.613763,3.342
6357,54.618148,4.385
6358,54.621917,3.769
6359,54.625378,3.461
6360,54.628761,3.383
6361,54.633379,4.618
6362,54.637005,3.626
6363,54.640331,3.326
6364,54.64427,3.939
6365,54.647043,2.773
6366,54.650982,3.939
6367,54.654883,3.901
6368,54.65853,3.647
6369,54.661813,3.283
6370,54.666082,4.269
6371,54.669142,3.06
6372,54.672075,2.933
6373,54.677278,5.203
6374,54.680534,3.256
6375,54.68432,3.786
6376,54.686743,2.423
6377,54.690126,3.383
6378,54.694395,4.269
6379,54.699832,5.437
6380,54.703402,3.57
6381,54.70765,4.248
6382,54.71133,3.68
6383,54.714891,3.561
6384,54.719116,4.225
6385,54.721743,2.627
6386,54.725285,3.542
6387,54.728678,3.393
6388,54.733961,5.283
6389,54.737039,3.078
6390,54.739946,2.907
6391,54.743394,3.448
6392,54.74671,3.316
6393,54.751661,4.951
6394,54.754381,2.72
6395,54.757797,3.416
6396,54.763568,5.771
6397,54.770706,7.138
6398,54.772995,2.289
6399,54.775474,2.479
6400,54.77867,3.196
6401,54.784065,5.395
6402,54.78676,2.695
6403,54.790124,3.364
6404,54.793676,3.552
6405,54.79695,3.274
6406,54.802059,5.109
6407,54.80484,2.781
6408,54.808163,3.323
6409,54.81152,3.357
6410,54.816437,4.917
6411,54.819265,2.828
6412,54.822666,3.401
6413,54.826082,3.416
6414,54.82955,3.468
6415,54.835111,5.561
6416,54.83777,2.659
6417,54.842589,4.819
6418,54.845736,3.147
6419,54.84989,4.154
6420,54.852716,2.826
6421,54.855911,3.195
6422,54.859604,3.693
6423,54.862744,3.14
6424,54.868693,5.949
6425,54.871353,2.66
6426,54.87458,3.227
6427,54.878227,3.647
6428,54.883572,5.345
6429,54.887374,3.802
6430,54.890224,2.85
6431,54.893216,2.992
6432,54.896392,3.176
6433,54.902006,5.614
6434,54.905178,3.172
6435,54.907778,2.6
6436,54.911374,3.596
6437,54.916654,5.28
6438,54.921339,4.685
6439,54.923816,2.477
6440,54.927072,3.256
6441,54.931723,4.651
6442,54.93591,4.187
6443,54.938375,2.465
6444,54.942656,4.281
6445,54.947103,4.447
6446,54.954379,7.276
6447,54.958983,4.604
6448,54.96505,6.067
6449,54.967871,2.821
6450,54.971346,3.475
6451,54.977655,6.309
6452,54.982017,4.362
6453,54.995569,13.552
6454,55.000547,4.978
6455,55.011327,10.78
6456,55.02918,17.853
6457,55.033137,3.957
6458,55.037124,3.987
6459,55.039975,2.851
6460,55.043768,3.793
6461,55.047379,3.611
6462,55.050539,3.16
6463,55.053956,3.417
6464,55.05859,4.634
6465,55.060991,2.401
6466,55.065619,4.628
6467,55.068955,3.336
6468,55.072298,3.343
6469,55.076755,4.457
6470,55.079694,2.939
6471,55.08367,3.976
6472,55.086844,3.174
6473,55.091877,5.033
6474,55.105423,13.546
6475,55.125281,19.858
6476,55.138868,13.587
6477,55.157056,18.188
6478,55.176364,19.308
6479,55.190616,14.252
6480,55.208263,17.647
6481,55.225287,17.024
6482,55.240093,14.806
6483,55.257807,17.714
6484,55.27492,17.113
6485,55.289479,14.559
6486,55.307215,17.736
6487,55.324564,17.349
6488,55.339022,14.458
6489,55.356843,17.821
6490,55.373854,17.011
6491,55.388407,14.553
6492,55.405857,17.45
6493,55.422905,17.048
6494,55.437369,14.464
6495,55.455074,17.705
6496,55.474407,19.333
6497,55.48719,12.783
6498,55.507482,20.292
6499,55.521659,14.177
6500,55.536462,14.803
6501,55.554099,17.637
6502,55.570939,16.84
6503,55.586343,15.404
6504,55.603433,17.09
6505,55.62052,17.087
6506,55.635289,14.769
6507,55.653072,17.783
6508,55.670279,17.207
6509,55.685076,14.797
6510,55.702778,17.702
6511,55.719849,17.071
6512,55.734577,14.728
6513,55.752341,17.764
6514,55.769054,16.713
6515,55.783734,14.68
6516,55.801447,17.713
6517,55.818643,17.196
6518,55.83308,14.437
6519,55.850716,17.636
6520,55.868068,17.352
6521,55.882474,14.406
6522,55.900105,17.631
6523,55.917258,17.153
6524,55.932104,14.846
6525,55.949742,17.638
6526,55.966562,16.82
6527,55.981366,14.804
6528,55.998907,17.541
6529,56.015977,17.07
6530,56.03069,14.713
6531,56.048405,17.715
6532,56.06533,16.925
6533,56.080158,14.828
6534,56.097778,17.62
6535,56.114796,17.018
6536,56.129462,14.666
