frame,elapsed_seconds,frame_ms
0,0.001,1.0
1,0.015832,14.832
2,0.034449,18.617
3,0.052322,17.873
4,0.067818,15.496
5,0.086452,18.634
6,0.104514,18.062
7,0.119903,15.389
8,0.138284,18.381
9,0.160596,22.312
10,0.175108,14.512
11,0.19813,23.022
12,0.217082,18.952
13,0.23689,19.808
14,0.257072,20.182
15,0.272684,15.612
16,0.291063,18.379
17,0.313061,21.998
18,0.327812,14.751
19,0.351261,23.449
20,0.369866,18.605
21,0.389108,19.242
22,0.409329,20.221
23,0.425001,15.672
24,0.443427,18.426
25,0.465937,22.51
26,0.479953,14.016
27,0.503092,23.139
28,0.521835,18.743
29,0.541631,19.796
30,0.557117,15.486
31,0.575825,18.708
32,0.593342,17.517
33,0.608777,15.435
34,0.627294,18.517
35,0.648993,21.699
36,0.664047,15.054
37,0.682473,18.426
38,0.700436,17.963
39,0.715697,15.261
40,0.734388,18.691
41,0.752257,17.869
42,0.767604,15.347
43,0.786087,18.483
44,0.803881,17.794
45,0.819546,15.665
46,0.837966,18.42
47,0.855972,18.006
48,0.871367,15.395
49,0.889998,18.631
50,0.907811,17.813
51,0.923488,15.677
52,0.941736,18.248
53,0.959575,17.839
54,0.974989,15.414
55,0.994047,19.058
56,1.011515,17.468
57,1.02692,15.405
58,1.045495,18.575
59,1.063434,17.939
60,1.078873,15.439
61,1.097431,18.558
62,1.115171,17.74
63,1.130522,15.351
64,1.149099,18.577
65,1.166851,17.752
66,1.182461,15.61
67,1.200805,18.344
68,1.218683,17.878
69,1.23404,15.357
70,1.252455,18.415
71,1.274642,22.187
72,1.289269,14.627
73,1.312327,23.058
74,1.331119,18.792
75,1.345931,14.812
76,1.364314,18.383
77,1.386201,21.887
78,1.40124,15.039
79,1.419672,18.432
80,1.437676,18.004
81,1.45309,15.414
82,1.471585,18.495
83,1.4896,18.015
84,1.504962,15.362
85,1.524152,19.19
86,1.54141,17.258
87,1.557029,15.619
88,1.5756,18.571
89,1.593177,17.577
90,1.608794,15.617
91,1.62696,18.166
92,1.648839,21.879
93,1.663571,14.732
94,1.682124,18.553
95,1.699899,17.775
96,1.715321,15.422
97,1.733668,18.347
98,1.751613,17.945
99,1.766873,15.26
100,1.7852,18.327
101,1.80295,17.75
102,1.818361,15.411
103,1.836398,18.037
104,1.858551,22.153
105,1.873016,14.465
106,1.896298,23.282
107,1.910791,14.493
108,1.930786,19.995
109,1.946282,15.496
110,1.964768,18.486
111,1.986638,21.87
112,2.00139,14.752
113,2.019747,18.357
114,2.041401,21.654
115,2.056596,15.195
116,2.075063,18.467
117,2.096468,21.405
118,2.111309,14.841
119,2.135453,24.144
120,2.15298,17.527
121,2.16818,15.2
122,2.18282,14.64
123,2.201761,18.941
124,2.219657,17.896
125,2.234664,15.007
126,2.252914,18.25
127,2.270927,18.013
128,2.28622,15.293
129,2.304202,17.982
130,2.326635,22.433
131,2.340558,13.923
132,2.361656,21.098
133,2.380237,18.581
134,2.399348,19.111
135,2.419355,20.007
136,2.434432,15.077
137,2.456987,22.555
138,2.476248,19.261
139,2.490548,14.3
140,2.513339,22.791
141,2.528394,15.055
142,2.543896,15.502
143,2.564043,20.147
144,2.583365,19.322
145,2.597836,14.471
146,2.616183,18.347
147,2.63399,17.807
148,2.64921,15.22
149,2.667514,18.304
150,2.68515,17.636
151,2.700433,15.283
152,2.720171,19.738
153,2.740553,20.382
154,2.755083,14.53
155,2.778422,23.339
156,2.793026,14.604
157,2.812858,19.832
158,2.828219,15.361
159,2.846665,18.446
160,2.864277,17.612
161,2.879694,15.417
162,2.898214,18.52
163,2.915759,17.545
164,2.93122,15.461
165,2.949497,18.277
166,2.971347,21.85
167,2.986043,14.696
168,3.009469,23.426
169,3.023635,14.166
170,3.047754,24.119
171,3.062446,14.692
172,3.081029,18.583
173,3.095551,14.522
174,3.113979,18.428
175,3.13162,17.641
176,3.147018,15.398
177,3.165485,18.467
178,3.183222,17.737
179,3.198672,15.45
180,3.216816,18.144
181,3.234598,17.782
182,3.250129,15.531
183,3.268396,18.267
184,3.286248,17.852
185,3.30149,15.242
186,3.319836,18.346
187,3.337737,17.901
188,3.353,15.263
189,3.371214,18.214
190,3.389028,17.814
191,3.404414,15.386
192,3.422787,18.373
193,3.444995,22.208
194,3.459438,14.443
195,3.482707,23.269
196,3.497408,14.701
197,3.517568,20.16
198,3.532654,15.086
199,3.550897,18.243
200,3.568698,17.801
201,3.584125,15.427
202,3.602406,18.281
203,3.620266,17.86
204,3.635758,15.492
205,3.654065,18.307
206,3.67189,17.825
207,3.68745,15.56
208,3.705586,18.136
209,3.727546,21.96
210,3.742361,14.815
211,3.765009,22.648
212,3.783786,18.777
213,3.798353,14.567
214,3.82148,23.127
215,3.836128,14.648
216,3.851403,15.275
217,3.869487,18.084
218,3.8913,21.813
219,3.905714,14.414
220,3.928625,22.911
221,3.943669,15.044
222,3.958447,14.778
223,3.976627,18.18
224,3.99411,17.483
225,4.012443,18.333
226,4.027655,15.212
227,4.045781,18.126
228,4.060451,14.67
229,4.078596,18.145
230,4.096168,17.572
231,4.111386,15.218
232,4.12967,18.284
233,4.147493,17.823
234,4.162599,15.106
235,4.180668,18.069
236,4.198334,17.666
237,4.213375,15.041
238,4.223078,9.703
239,4.226386,3.308
240,4.229984,3.598
241,4.234278,4.294
242,4.237391,3.113
243,4.241692,4.301
244,4.245322,3.63
245,4.249719,4.397
246,4.25316,3.441
247,4.25715,3.99
248,4.260653,3.503
249,4.264029,3.376
250,4.268215,4.186
251,4.272105,3.89
252,4.275919,3.814
253,4.279009,3.09
254,4.283392,4.383
255,4.287275,3.883
256,4.290996,3.721
257,4.294284,3.288
258,4.297807,3.523
259,4.302385,4.578
260,4.307142,4.757
261,4.310513,3.371
262,4.314023,3.51
263,4.318352,4.329
264,4.322278,3.926
265,4.325765,3.487
266,4.329445,3.68
267,4.332529,3.084
268,4.336807,4.278
269,4.34125,4.443
270,4.344792,3.542
271,4.348207,3.415
272,4.353165,4.958
273,4.357074,3.909
274,4.360653,3.579
275,4.364069,3.416
276,4.367557,3.488
277,4.372262,4.705
278,4.375472,3.21
279,4.378678,3.206
280,4.382347,3.669
281,4.386546,4.199
282,4.390595,4.049
283,4.394115,3.52
284,4.397364,3.249
285,4.400955,3.591
286,4.406471,5.516
287,4.409363,2.892
288,4.412874,3.511
289,4.416457,3.583
290,4.420754,4.297
291,4.424902,4.148
292,4.428261,3.359
293,4.43177,3.509
294,4.435395,3.625
295,4.440988,5.593
296,4.444177,3.189
297,4.447276,3.099
298,4.450761,3.485
299,4.455928,5.167
300,4.45916,3.232
301,4.462089,2.929
302,4.465665,3.576
303,4.469157,3.492
304,4.47491,5.753
305,4.478491,3.581
306,4.481874,3.383
307,4.484941,3.067
308,4.490546,5.605
309,4.49421,3.664
310,4.497095,2.885
311,4.500677,3.582
312,4.504059,3.382
313,4.509077,5.018
314,4.512253,3.176
315,4.515084,2.831
316,4.518526,3.442
317,4.524386,5.86
318,4.527423,3.037
319,4.530478,3.055
320,4.53405,3.572
321,4.538534,4.484
322,4.543293,4.759
323,4.546345,3.052
324,4.549302,2.957
325,4.553014,3.712
326,4.558372,5.358
327,4.5616,3.228
328,4.565213,3.613
329,4.56811,2.897
330,4.573803,5.693
331,4.576898,3.095
332,4.580147,3.249
333,4.583695,3.548
334,4.587286,3.591
335,4.591989,4.703
336,4.595277,3.288
337,4.598367,3.09
338,4.601893,3.526
339,4.607813,5.92
340,4.611044,3.231
341,4.613741,2.697
342,4.617496,3.755
343,4.620879,3.383
344,4.625997,5.118
345,4.629437,3.44
346,4.632651,3.214
347,4.635869,3.218
348,4.641155,5.286
349,4.644314,3.159
350,4.647507,3.193
351,4.651068,3.561
352,4.657281,6.213
353,4.661036,3.755
354,4.664061,3.025
355,4.6672,3.139
356,4.671716,4.516
357,4.675905,4.189
358,4.678662,2.757
359,4.68243,3.768
360,4.685781,3.351
361,4.692085,6.304
362,4.695571,3.486
363,4.698928,3.357
364,4.70216,3.232
365,4.707242,5.082
366,4.71039,3.148
367,4.713478,3.088
368,4.71699400000001,3.516
369,4.72047000000001,3.476
370,4.725741,5.271
371,4.729318,3.577
372,4.732296,2.978
373,4.735889,3.593
374,4.741038,5.149
375,4.74442000000001,3.382
376,4.74742100000001,3.001
377,4.75101600000001,3.595
378,4.75701500000001,5.999
379,4.76034000000001,3.325
380,4.76347800000001,3.138
381,4.76697000000001,3.492
382,4.770329,3.359
383,4.775906,5.577
384,4.778888,2.982
385,4.78210000000001,3.212
386,4.78558,3.48
387,4.79108400000001,5.504
388,4.793992,2.908
389,4.79717200000001,3.18
390,4.800792,3.62
391,4.80533800000001,4.546
392,4.80957600000001,4.238
393,4.81258100000001,3.005
394,4.81608900000001,3.508
395,4.81969900000001,3.61
396,4.82494700000001,5.248
397,4.827435,2.488
398,4.83107200000001,3.637
399,4.83465700000001,3.585
400,4.83900800000001,4.351
401,4.84355,4.542
402,4.84637900000001,2.829
403,4.849858,3.479
404,4.853145,3.287
405,4.858653,5.508
406,4.86145100000001,2.798
407,4.865173,3.722
408,4.86844100000001,3.268
409,4.874324,5.883
410,4.87740600000001,3.082
411,4.88059800000001,3.192
412,4.88717700000001,6.579
413,4.89088400000001,3.707
414,4.89388800000001,3.004
415,4.89657000000001,2.682
416,4.89987900000001,3.309
417,4.90290700000001,3.028
418,4.90802200000001,5.115
419,4.91126500000001,3.243
420,4.91541000000001,4.145
421,4.91875500000001,3.345
422,4.92311800000001,4.363
423,4.92660600000001,3.488
424,4.92952000000001,2.914
425,4.93296000000001,3.44
426,4.93677200000001,3.812
427,4.94184600000001,5.074
428,4.94513700000001,3.291
429,4.94836000000001,3.223
430,4.951839,3.479
431,4.95776200000001,5.923
432,4.960949,3.187
433,4.964164,3.215
434,4.967838,3.674
435,4.97367300000001,5.835
436,4.977929,4.256
437,4.982082,4.153
438,4.986294,4.212
439,4.990844,4.55
440,4.99449,3.646
441,4.999224,4.734
442,5.004444,5.22
443,5.008986,4.542
444,5.012398,3.412
445,5.015566,3.168
446,5.018641,3.075
447,5.022379,3.738
448,5.026608,4.229
449,5.029581,2.973
450,5.03286,3.279
451,5.036434,3.574
452,5.041847,5.413
453,5.045478,3.631
454,5.048524,3.046
455,5.051665,3.141
456,5.057093,5.428
457,5.060217,3.124
458,5.063201,2.984
459,5.067033,3.832
460,5.070535,3.502
461,5.0757,5.165
462,5.078566,2.866
463,5.081753,3.187
464,5.08529,3.537
465,5.090744,5.454
466,5.093797,3.053
467,5.096976,3.179
468,5.100513,3.537
469,5.105236,4.723
470,5.109717,4.481
471,5.112861,3.144
472,5.116236,3.375
473,5.119954,3.718
474,5.124881,4.927
475,5.12781,2.929
476,5.131357,3.547
477,5.134833,3.476
478,5.14063700000001,5.804
479,5.14423400000001,3.597
480,5.14723900000001,3.005
481,5.15096100000001,3.722
482,5.15578600000001,4.825
483,5.160022,4.236
484,5.16318300000001,3.161
485,5.16644400000001,3.261
486,5.16955600000001,3.112
487,5.17504600000001,5.49
488,5.17791300000001,2.867
489,5.18137700000001,3.464
490,5.18512400000001,3.747
491,5.19040800000001,5.284
492,5.19387300000001,3.465
493,5.196831,2.958
494,5.200489,3.658
495,5.20413300000001,3.644
496,5.209119,4.986
497,5.212478,3.359
498,5.215831,3.353
499,5.219112,3.281
500,5.224716,5.604
501,5.227786,3.07
502,5.230696,2.91
503,5.234365,3.669
504,5.240625,6.26
505,5.24400800000001,3.383
506,5.24735100000001,3.343
507,5.25062800000001,3.277
508,5.254814,4.186
509,5.259196,4.382
510,5.261999,2.803
511,5.265647,3.648
512,5.26913800000001,3.491
513,5.274505,5.367
514,5.277363,2.858
515,5.28073300000001,3.37
516,5.28429200000001,3.559
517,5.29043700000001,6.145
518,5.293511,3.074
519,5.296712,3.201
520,5.30046,3.748
521,5.303801,3.341
522,5.308896,5.095
523,5.312401,3.505
524,5.315968,3.567
525,5.319517,3.549
526,5.324144,4.627
527,5.326884,2.74
528,5.330407,3.523
529,5.333943,3.536
530,5.33940400000001,5.461
531,5.34363000000001,4.226
532,5.34632500000001,2.695
533,5.34983000000001,3.505
534,5.35351700000001,3.687
535,5.35863700000001,5.12
536,5.361487,2.85
537,5.364842,3.355
538,5.368278,3.436
539,5.374264,5.986
540,5.377289,3.025
541,5.380589,3.3
542,5.38420600000001,3.617
543,5.39024900000001,6.043
544,5.393214,2.965
545,5.396643,3.429
546,5.400214,3.571
547,5.404553,4.339
548,5.409314,4.761
549,5.412631,3.317
550,5.415865,3.234
551,5.419455,3.59
552,5.424526,5.071
553,5.427669,3.143
554,5.430875,3.206
555,5.434277,3.402
556,5.439442,5.165
557,5.443788,4.346
558,5.446491,2.703
559,5.449885,3.394
560,5.453531,3.646
561,5.458738,5.207
562,5.462131,3.393
563,5.465456,3.325
564,5.46841800000001,2.962
565,5.473849,5.431
566,5.47714200000001,3.293
567,5.480433,3.291
568,5.48387900000001,3.446
569,5.489131,5.252
570,5.493342,4.211
571,5.496317,2.975
572,5.499792,3.475
573,5.50324500000001,3.453
574,5.50832900000001,5.084
575,5.511454,3.125
576,5.51472900000001,3.275
577,5.51809100000001,3.362
578,5.52402400000001,5.933
579,5.527421,3.397
580,5.530413,2.992
581,5.533552,3.139
582,5.538754,5.202
583,5.543148,4.394
584,5.546187,3.039
585,5.549526,3.339
586,5.552853,3.327
587,5.558136,5.283
588,5.561434,3.298
589,5.564209,2.775
590,5.567829,3.62
591,5.573667,5.838
592,5.576834,3.167
593,5.580039,3.205
594,5.583522,3.483
595,5.587975,4.453
596,5.592333,4.358
597,5.59518,2.847
598,5.598571,3.391
599,5.602074,3.503
600,5.60749,5.416
601,5.61068200000001,3.192
602,5.614061,3.379
603,5.617529,3.468
604,5.623523,5.994
605,5.62654,3.017
606,5.629577,3.037
607,5.633365,3.788
608,5.63773800000001,4.373
609,5.64233300000001,4.595
610,5.64543000000001,3.097
611,5.64880200000001,3.372
612,5.652231,3.429
613,5.657702,5.471
614,5.66083600000001,3.134
615,5.66404700000001,3.211
616,5.66753000000001,3.483
617,5.67397500000001,6.445
618,5.67736000000001,3.385
619,5.68042600000001,3.066
620,5.683975,3.549
621,5.686833,2.858
622,5.691047,4.214
623,5.694528,3.481
624,5.697564,3.036
625,5.702345,4.781
626,5.70673200000001,4.387
627,5.709686,2.954
628,5.712571,2.885
629,5.71765600000001,5.085
630,5.72123000000001,3.574
631,5.72573400000001,4.504
632,5.72952900000001,3.795
633,5.73339400000001,3.865
634,5.73725600000001,3.862
635,5.74128500000001,4.029
636,5.74464700000001,3.362
637,5.74834800000001,3.701
638,5.75233900000001,3.991
639,5.75578300000001,3.444
640,5.76017200000001,4.389
641,5.76358100000001,3.409
642,5.76740500000001,3.824
643,5.77091200000001,3.507
644,5.77500000000001,4.088
645,5.77831400000001,3.314
646,5.78273800000001,4.424
647,5.78637600000001,3.638
648,5.79079200000001,4.416
649,5.79398900000001,3.197
650,5.79683800000001,2.849
651,5.80582100000001,8.983
652,5.82118000000001,15.359
653,5.83594900000001,14.769
654,5.85432600000001,18.377
655,5.87191000000001,17.584
656,5.88735700000001,15.447
657,5.90557500000001,18.218
658,5.92701700000001,21.442
659,5.94168900000001,14.672
660,5.96467400000001,22.985
661,5.97936500000001,14.691
662,5.99466500000001,15.3
663,6.01294300000001,18.278
664,6.03072400000001,17.781
665,6.04606800000001,15.344
666,6.06436000000001,18.292
667,6.08652400000001,22.164
668,6.10061900000001,14.095
669,6.12347500000001,22.856
670,6.13813000000001,14.655
671,6.15374100000001,15.611
672,6.17149600000001,17.755
673,6.18639500000001,14.899
674,6.20465400000001,18.259
675,6.22241200000001,17.758
676,6.23780800000001,15.396
677,6.25733500000001,19.527
678,6.27894900000001,21.614
679,6.29235300000001,13.404
680,6.31285700000001,20.504
681,6.33161900000001,18.762
682,6.35087700000001,19.258
683,6.36621000000001,15.333
684,6.38437500000001,18.165
685,6.40197400000001,17.599
686,6.41710500000001,15.131
687,6.43520000000001,18.095
688,6.45272500000001,17.525
689,6.46773100000001,15.006
690,6.48573500000001,18.004
691,6.50317400000001,17.439
692,6.51848100000001,15.307
693,6.53670300000001,18.222
694,6.55428000000001,17.577
695,6.56949600000001,15.216
696,6.58752200000001,18.026
697,6.60502100000001,17.499
698,6.620046,15.025
699,6.638251,18.205
700,6.65570900000001,17.458
701,6.670951,15.242
702,6.68902500000001,18.074
703,6.70651600000001,17.491
704,6.721776,15.26
705,6.740493,18.717
706,6.75767,17.177
707,6.772735,15.065
708,6.791022,18.287
709,6.808625,17.603
710,6.823944,15.319
711,6.842316,18.372
712,6.859788,17.472
713,6.875112,15.324
714,6.893383,18.271
715,6.910942,17.559
716,6.92625800000001,15.316
717,6.944613,18.355
718,6.962195,17.582
719,6.977513,15.318
720,6.99635,18.837
721,7.01368000000001,17.33
722,7.028667,14.987
723,7.04684800000001,18.181
724,7.064409,17.561
725,7.079614,15.205
726,7.097741,18.127
727,7.115291,17.55
728,7.13047,15.179
729,7.148721,18.251
730,7.166266,17.545
731,7.18027,14.004
732,7.194649,14.379
733,7.215069,20.42
734,7.232702,17.633
735,7.247766,15.064
736,7.26595,18.184
737,7.283659,17.709
738,7.29847,14.811
739,7.316465,17.995
740,7.334004,17.539
741,7.349032,15.028
742,7.366944,17.912
743,7.384493,17.549
744,7.39952,15.027
745,7.417607,18.087
746,7.435183,17.576
747,7.450293,15.11
748,7.468504,18.211
749,7.486091,17.587
750,7.501055,14.964
751,7.518982,17.927
752,7.536505,17.523
753,7.551658,15.153
754,7.569833,18.175
755,7.587329,17.496
756,7.602417,15.088
757,7.620607,18.19
758,7.638168,17.561
759,7.653328,15.16
760,7.671522,18.194
761,7.689134,17.612
762,7.704149,15.015
763,7.722341,18.192
764,7.739918,17.577
765,7.755132,15.214
766,7.77376,18.628
767,7.791043,17.283
768,7.806644,15.601
769,7.824756,18.112
770,7.842156,17.4
771,7.857483,15.327
772,7.875898,18.415
773,7.893576,17.678
774,7.908908,15.332
775,7.927126,18.218
776,7.94488,17.754
777,7.959888,15.008
778,7.978138,18.25
779,7.995694,17.556
780,8.01112000000001,15.426
781,8.02897800000001,17.858
782,8.04667200000001,17.694
783,8.06196600000001,15.294
784,8.07974600000001,17.78
785,8.09722200000001,17.476
786,8.11268000000001,15.458
787,8.13050400000001,17.824
788,8.14818500000001,17.681
789,8.16311400000001,14.929
790,8.18121300000001,18.099
791,8.19869100000001,17.478
792,8.21408200000001,15.391
793,8.23223600000001,18.154
794,8.25436400000001,22.128
795,8.26889100000001,14.527
796,8.292233,23.342
797,8.307066,14.833
798,8.326822,19.756
799,8.342243,15.421
800,8.360883,18.64
801,8.378881,17.998
802,8.394402,15.521
803,8.412415,18.013
804,8.434253,21.838
805,8.449155,14.902
806,8.467897,18.742
807,8.485495,17.598
808,8.500929,15.434
809,8.519481,18.552
810,8.537066,17.585
811,8.552371,15.305
812,8.570773,18.402
813,8.592649,21.876
814,8.607136,14.487
815,8.625428,18.292
816,8.643028,17.6
817,8.659104,16.076
818,8.676618,17.514
819,8.694738,18.12
820,8.709509,14.771
821,8.732688,23.179
822,8.74609,13.402
823,8.766689,20.599
824,8.781374,14.685
825,8.79965900000001,18.285
826,8.817307,17.648
827,8.832443,15.136
828,8.85090600000001,18.463
829,8.868552,17.646
830,8.883758,15.206
831,8.901975,18.217
832,8.919699,17.724
833,8.934925,15.226
834,8.952904,17.979
835,8.963906,11.002
836,8.967946,4.04
837,8.971798,3.852
838,8.97541,3.612
839,8.979337,3.927
840,8.983966,4.629
841,8.987232,3.266
842,8.990834,3.602
843,8.994373,3.539
844,8.99944,5.067
845,9.003017,3.577
846,9.006472,3.455
847,9.009877,3.405
848,9.013502,3.625
849,9.017943,4.441
850,9.021376,3.433
851,9.025017,3.641
852,9.028574,3.557
853,9.033083,4.509
854,9.03693700000001,3.854
855,9.04034100000001,3.404
856,9.044153,3.812
857,9.04749400000001,3.341
858,9.053251,5.757
859,9.056588,3.337
860,9.05944700000001,2.859
861,9.06298100000001,3.534
862,9.06716000000001,4.179
863,9.07123300000001,4.073
864,9.07456100000001,3.328
865,9.07808200000001,3.521
866,9.081508,3.426
867,9.08720600000001,5.698
868,9.090613,3.407
869,9.093635,3.022
870,9.098119,4.484
871,9.10281,4.691
872,9.105892,3.082
873,9.109138,3.246
874,9.112674,3.536
875,9.116038,3.364
876,9.121373,5.335
877,9.124372,2.999
878,9.127482,3.11
879,9.132011,4.529
880,9.136778,4.767
881,9.140018,3.24
882,9.143114,3.096
883,9.146608,3.494
884,9.150641,4.033
885,9.155219,4.578
886,9.158237,3.018
887,9.161594,3.357
888,9.165246,3.652
889,9.170681,5.435
890,9.173879,3.198
891,9.17706,3.181
892,9.18065,3.59
893,9.186416,5.766
894,9.190173,3.757
895,9.193554,3.381
896,9.197386,3.832
897,9.201496,4.11
898,9.20567,4.174
899,9.208896,3.226
900,9.212083,3.187
901,9.215677,3.594
902,9.219965,4.288
903,9.224341,4.376
904,9.227379,3.038
905,9.231089,3.71
906,9.236916,5.827
907,9.241087,4.171
908,9.244297,3.21
909,9.248202,3.905
910,9.251734,3.532
911,9.255117,3.383
912,9.259411,4.294
913,9.262787,3.376
914,9.266345,3.558
915,9.270455,4.11
916,9.274548,4.093
917,9.277673,3.125
918,9.280907,3.234
919,9.285611,4.704
920,9.289442,3.831
921,9.293686,4.244
922,9.297198,3.512
923,9.301073,3.875
924,9.304669,3.596
925,9.308778,4.109
926,9.311865,3.087
927,9.314974,3.109
928,9.319605,4.631
929,9.323876,4.271
930,9.326725,2.849
931,9.33022,3.495
932,9.334587,4.367
933,9.338238,3.651
934,9.342505,4.267
935,9.346043,3.538
936,9.349317,3.274
937,9.353686,4.369
938,9.357927,4.241
939,9.360772,2.845
940,9.364152,3.38
941,9.369277,5.125
942,9.372679,3.402
943,9.376742,4.063
944,9.379938,3.196
945,9.384018,4.08
946,9.38775,3.732
947,9.391914,4.164
948,9.394824,2.91
949,9.398281,3.457
950,9.40352,5.239
951,9.408024,4.504
952,9.411659,3.635
953,9.414955,3.296
954,9.418483,3.528
955,9.422164,3.681
956,9.426069,3.905
957,9.430422,4.353
958,9.433836,3.414
959,9.437325,3.489
960,9.441512,4.187
961,9.444933,3.421
962,9.44871,3.777
963,9.452753,4.043
964,9.457097,4.344
965,9.460597,3.5
966,9.463792,3.195
967,9.468535,4.743
968,9.472152,3.617
969,9.476142,3.99
970,9.479511,3.369
971,9.482585,3.074
972,9.486856,4.271
973,9.490985,4.129
974,9.494103,3.118
975,9.497472,3.369
976,9.502387,4.915
977,9.506127,3.74
978,9.510754,4.627
979,9.51586,5.106
980,9.519116,3.256
981,9.522512,3.396
982,9.526751,4.239
983,9.530921,4.17
984,9.535369,4.448
985,9.539286,3.917
986,9.543529,4.243
987,9.546907,3.378
988,9.550721,3.814
989,9.553954,3.233
990,9.5584,4.446
991,9.561768,3.368
992,9.564939,3.171
993,9.569584,4.645
994,9.573776,4.192
995,9.577051,3.275
996,9.580451,3.4
997,9.585163,4.712
998,9.588757,3.594
999,9.592729,3.972
1000,9.596656,3.927
1001,9.600595,3.939
1002,9.603979,3.384
1003,9.608281,4.302
1004,9.611691,3.41
1005,9.615331,3.64
1006,9.61956,4.229
1007,9.622684,3.124
1008,9.626801,4.117
1009,9.630664,3.863
1010,9.634859,4.195
1011,9.638333,3.474
1012,9.643356,5.023
1013,9.646799,3.443
1014,9.650019,3.22
1015,9.653699,3.68
1016,9.65769,3.991
1017,9.660545,2.855
1018,9.664422,3.877
1019,9.669173,4.751
1020,9.673558,4.385
1021,9.67669,3.132
1022,9.680063,3.373
1023,9.684377,4.314
1024,9.687962,3.585
1025,9.692099,4.137
1026,9.695394,3.295
1027,9.698448,3.054
1028,9.70324,4.792
1029,9.707825,4.585
1030,9.711602,3.777
1031,9.71541,3.808
1032,9.718708,3.298
1033,9.722207,3.499
1034,9.726375,4.168
1035,9.729814,3.439
1036,9.733927,4.113
1037,9.737628,3.701
1038,9.741914,4.286
1039,9.74593,4.016
1040,9.749753,3.823
1041,9.752749,2.996
1042,9.756,3.251
1043,9.760104,4.104
1044,9.763604,3.5
1045,9.768872,5.268
1046,9.772162,3.29
1047,9.776389,4.227
1048,9.780303,3.914
1049,9.783803,3.5
1050,9.787528,3.725
1051,9.791617,4.089
1052,9.794878,3.261
1053,9.79823,3.352
1054,9.802826,4.596
1055,9.806953,4.127
1056,9.809831,2.878
1057,9.813615,3.784
1058,9.818952,5.337
1059,9.822686,3.734
1060,9.826885,4.199
1061,9.830396,3.511
1062,9.834939,4.543
1063,9.838495,3.556
1064,9.842712,4.217
1065,9.846369,3.657
1066,9.849923,3.554
1067,9.853783,3.86
1068,9.858083,4.3
1069,9.861501,3.418
1070,9.86502,3.519
1071,9.869214,4.194
1072,9.872746,3.532
1073,9.877004,4.258
1074,9.880734,3.73
1075,9.885013,4.279
1076,9.888522,3.509
1077,9.892403,3.881
1078,9.895577,3.174
1079,9.89909,3.513
1080,9.903698,4.608
1081,9.908089,4.391
1082,9.911434,3.345
1083,9.914971,3.537
1084,9.919127,4.156
1085,9.922617,3.49
1086,9.926592,3.975
1087,9.930275,3.683
1088,9.935035,4.76
1089,9.938501,3.466
1090,9.94259799999999,4.097
1091,9.94555599999999,2.958
1092,9.94902899999999,3.473
1093,9.95388599999999,4.857
1094,9.95796399999999,4.078
1095,9.96171899999999,3.755
1096,9.96511399999999,3.395
1097,9.96899399999999,3.88
1098,9.97265999999999,3.666
1099,9.97669099999999,4.031
1100,9.97994499999999,3.254
1101,9.98427899999999,4.334
1102,9.98791099999999,3.632
1103,9.99199799999999,4.087
1104,9.99519799999999,3.2
1105,9.99863699999999,3.439
1106,10.00361,4.973
1107,10.00748,3.87
1108,10.010607,3.127
1109,10.019802,9.195
1110,10.022814,3.012
1111,10.026575,3.761
1112,10.030212,3.637
1113,10.033785,3.573
1114,10.03748,3.695
1115,10.041781,4.301
1116,10.045214,3.433
1117,10.049599,4.385
1118,10.053118,3.519
1119,10.057322,4.204
1120,10.06062,3.298
1121,10.064115,3.495
1122,10.068754,4.639
1123,10.07236,3.606
1124,10.076544,4.184
1125,10.079984,3.44
1126,10.083963,3.979
1127,10.087658,3.695
1128,10.091821,4.163
1129,10.094875,3.054
1130,10.098223,3.348
1131,10.103094,4.871
1132,10.107058,3.964
1133,10.110513,3.455
1134,10.113782,3.269
1135,10.11891,5.128
1136,10.122464,3.554
1137,10.126752,4.288
1138,10.130449,3.697
1139,10.134699,4.25
1140,10.138206,3.507
1141,10.142087,3.881
1142,10.145659,3.572
1143,10.148836,3.177
1144,10.153558,4.722
1145,10.157713,4.155
1146,10.161033,3.32
1147,10.164578,3.545
1148,10.168618,4.04
1149,10.172263,3.645
1150,10.176636,4.373
1151,10.180137,3.501
1152,10.185267,5.13
1153,10.188795,3.528
1154,10.192707,3.912
1155,10.196414,3.707
1156,10.200091,3.677
1157,10.203703,3.612
1158,10.207989,4.286
1159,10.21123,3.241
1160,10.214503,3.273
1161,10.219056,4.553
1162,10.22256,3.504
1163,10.2265,3.94
1164,10.23057,4.07
1165,10.234631,4.061
1166,10.238248,3.617
1167,10.242504,4.256
1168,10.246057,3.553
1169,10.24997,3.913
1170,10.253819,3.849
1171,10.25796,4.141
1172,10.262485,4.525
1173,10.26623,3.745
1174,10.269544,3.314
1175,10.273529,3.985
1176,10.276695,3.166
1177,10.280774,4.079
1178,10.285164,4.39
1179,10.2887,3.536
1180,10.293021,4.321
1181,10.296714,3.693
1182,10.301277,4.563
1183,10.305007,3.73
1184,10.309052,4.045
1185,10.312627,3.575
1186,10.316866,4.239
1187,10.320566,3.7
1188,10.324896,4.33
1189,10.328176,3.28
1190,10.33139,3.214
1191,10.335963,4.573
1192,10.339482,3.519
1193,10.343588,4.106
1194,10.347881,4.293
1195,10.351328,3.447
1196,10.355126,3.798
1197,10.359084,3.958
1198,10.362235,3.151
1199,10.365408,3.173
1200,10.369871,4.463
1201,10.374045,4.174
1202,10.377526,3.481
1203,10.38093,3.404
1204,10.385088,4.158
1205,10.388566,3.478
1206,10.392792,4.226
1207,10.396302,3.51
1208,10.400237,3.935
1209,10.404021,3.784
1210,10.4083,4.279
1211,10.411631,3.331
1212,10.414516,2.885
1213,10.419574,5.058
1214,10.423503,3.929
1215,10.426913,3.41
1216,10.430906,3.993
1217,10.43514,4.234
1218,10.438704,3.564
1219,10.442802,4.098
1220,10.446271,3.469
1221,10.451536,5.265
1222,10.454752,3.216
1223,10.459036,4.284
1224,10.462837,3.801
1225,10.466471,3.634
1226,10.470102,3.631
1227,10.474463,4.361
1228,10.477715,3.252
1229,10.482543,4.828
1230,10.485643,3.1
1231,10.4891,3.457
1232,10.493154,4.054
1233,10.496734,3.58
1234,10.501538,4.804
1235,10.505223,3.685
1236,10.509205,3.982
1237,10.51264,3.435
1238,10.516802,4.162
1239,10.520496,3.694
1240,10.524664,4.168
1241,10.528518,3.854
1242,10.532498,3.98
1243,10.535925,3.427
1244,10.540126,4.201
1245,10.548203,8.077
1246,10.563009,14.806
1247,10.582311,19.302
1248,10.59957,17.259
1249,10.615036,15.466
1250,10.633252,18.216
1251,10.65497,21.718
1252,10.669424,14.454
1253,10.692618,23.194
1254,10.707301,14.683
1255,10.731226,23.925
1256,10.7459,14.674
1257,10.768954,23.054
1258,10.783632,14.678
1259,10.799044,15.412
1260,10.817639,18.595
1261,10.835164,17.525
1262,10.850324,15.16
1263,10.868808,18.484
1264,10.886484,17.676
1265,10.901762,15.278
1266,10.920325,18.563
1267,10.937873,17.548
1268,10.953176,15.303
1269,10.971642,18.466
1270,10.989003,17.361
1271,11.004344,15.341
1272,11.022695,18.351
1273,11.040258,17.563
1274,11.055497,15.239
1275,11.073841,18.344
1276,11.091863,18.022
1277,11.106952,15.089
1278,11.125327,18.375
1279,11.143163,17.836
1280,11.158449,15.286
1281,11.176967,18.518
1282,11.194418,17.451
1283,11.209809,15.391
1284,11.227945,18.136
1285,11.245557,17.612
1286,11.26106,15.503
1287,11.279212,18.152
1288,11.29687,17.658
1289,11.312192,15.322
1290,11.330488,18.296
1291,11.348241,17.753
1292,11.363402,15.161
1293,11.38173,18.328
1294,11.399413,17.683
1295,11.414626,15.213
1296,11.433203,18.577
1297,11.450441,17.238
1298,11.465629,15.188
1299,11.483901,18.272
1300,11.501679,17.778
1301,11.516907,15.228
1302,11.53539,18.483
1303,11.552759,17.369
1304,11.568108,15.349
1305,11.586381,18.273
1306,11.604143,17.762
1307,11.619144,15.001
1308,11.637408,18.264
1309,11.654899,17.491
1310,11.670049,15.15
1311,11.688537,18.488
1312,11.70592,17.383
1313,11.721259,15.339
1314,11.739457,18.198
1315,11.757418,17.961
1316,11.77232,14.902
1317,11.790189,17.869
1318,11.807912,17.723
1319,11.823158,15.246
1320,11.841174,18.016
1321,11.858908,17.734
1322,11.874016,15.108
1323,11.892209,18.193
1324,11.909758,17.549
1325,11.924856,15.098
1326,11.943195,18.339
1327,11.960711,17.516
1328,11.975829,15.118
1329,11.994028,18.199
1330,12.011671,17.643
1331,12.026742,15.071
1332,12.044925,18.183
1333,12.062464,17.539
1334,12.077641,15.177
1335,12.095741,18.1
1336,12.113387,17.646
1337,12.128638,15.251
1338,12.146809,18.171
1339,12.163954,17.145
1340,12.17924,15.286
1341,12.198023,18.783
1342,12.215857,17.834
1343,12.23114,15.283
1344,12.249382,18.242
1345,12.26719,17.808
1346,12.282405,15.215
1347,12.300835,18.43
1348,12.318375,17.54
1349,12.333422,15.047
1350,12.351574,18.152
1351,12.369025,17.451
1352,12.384262,15.237
1353,12.402413,18.151
1354,12.420127,17.714
1355,12.435457,15.33
1356,12.453203,17.746
1357,12.470728,17.525
1358,12.485862,15.134
1359,12.503987,18.125
1360,12.521599,17.612
1361,12.536618,15.019
1362,12.554859,18.241
1363,12.572261,17.402
1364,12.587538,15.277
1365,12.605761,18.223
1366,12.623701,17.94
1367,12.638576,14.875
1368,12.656683,18.107
1369,12.674208,17.525
1370,12.689484,15.276
1371,12.70753,18.046
1372,12.724816,17.286
1373,12.740218,15.402
1374,12.758561,18.343
1375,12.776058,17.497
1376,12.791313,15.255
1377,12.809427,18.114
1378,12.82705,17.623
1379,12.842278,15.228
1380,12.860568,18.29
1381,12.878255,17.687
1382,12.893763,15.508
1383,12.911775,18.012
1384,12.933182,21.407
1385,12.947854,14.672
1386,12.966088,18.234
1387,12.984067,17.979
1388,12.999095,15.028
1389,13.017471,18.376
1390,13.035154,17.683
1391,13.050523,15.369
1392,13.068739,18.216
1393,13.086702,17.963
1394,13.101883,15.181
1395,13.120326,18.443
1396,13.138299,17.973
1397,13.153486,15.187
1398,13.17203,18.544
1399,13.189608,17.578
1400,13.20505,15.442
1401,13.22377,18.72
1402,13.24116,17.39
1403,13.256639,15.479
1404,13.275102,18.463
1405,13.292747,17.645
1406,13.308031,15.284
1407,13.326405,18.374
1408,13.343833,17.428
1409,13.359193,15.36
1410,13.377419,18.226
1411,13.39499,17.571
1412,13.410204,15.214
1413,13.428411,18.207
1414,13.445985,17.574
1415,13.46123,15.245
1416,13.479367,18.137
1417,13.497037,17.67
1418,13.512369,15.332
1419,13.530388,18.019
1420,13.54797,17.582
1421,13.563421,15.451
1422,13.581784,18.363
1423,13.599122,17.338
1424,13.614422,15.3
1425,13.632792,18.37
1426,13.650436,17.644
1427,13.665571,15.135
1428,13.684123,18.552
1429,13.701354,17.231
1430,13.707091,5.737
1431,13.711385,4.294
1432,13.716108,4.723
1433,13.720212,4.104
1434,13.723619,3.407
1435,13.727206,3.587
1436,13.733175,5.969
1437,13.736773,3.598
1438,13.739764,2.991
1439,13.74315,3.386
1440,13.747536,4.386
1441,13.751852,4.316
1442,13.754714,2.862
1443,13.75899,4.276
1444,13.761971,2.981
1445,13.767151,5.18
1446,13.770719,3.568
1447,13.773798,3.079
1448,13.777049,3.251
1449,13.782274,5.225
1450,13.786382,4.108
1451,13.789564,3.182
1452,13.792907,3.343
1453,13.796404,3.497
1454,13.801658,5.254
1455,13.804561,2.903
1456,13.80785,3.289
1457,13.811455,3.605
1458,13.815771,4.316
1459,13.819816,4.045
1460,13.822842,3.026
1461,13.826296,3.454
1462,13.829678,3.382
1463,13.834543,4.865
1464,13.837521,2.978
1465,13.841091,3.57
1466,13.845189,4.098
1467,13.849305,4.116
1468,13.853573,4.268
1469,13.856559,2.986
1470,13.859805,3.246
1471,13.864622,4.817
1472,13.868946,4.324
1473,13.872038,3.092
1474,13.875943,3.905
1475,13.87889,2.947
1476,13.883685,4.795
1477,13.887561,3.876
1478,13.890803,3.242
1479,13.893995,3.192
1480,13.89878,4.785
1481,13.902719,3.939
1482,13.905736,3.017
1483,13.90932,3.584
1484,13.912714,3.394
1485,13.917085,4.371
1486,13.921269,4.184
1487,13.924329,3.06
1488,13.927796,3.467
1489,13.932537,4.741
1490,13.936595,4.058
1491,13.93957,2.975
1492,13.943121,3.551
1493,13.947572,4.451
1494,13.951296,3.724
1495,13.955395,4.099
1496,13.958769,3.374
1497,13.962435,3.666
1498,13.966559,4.124
1499,13.970493,3.934
1500,13.973507,3.014
1501,13.977389,3.882
1502,13.980542,3.153
1503,13.984868,4.326
1504,13.988964,4.096
1505,13.993155,4.191
1506,13.9967,3.545
1507,13.999722,3.022
1508,14.00401,4.288
1509,14.007231,3.221
1510,14.010523,3.292
1511,14.015495,4.972
1512,14.018933,3.438
1513,14.02297,4.037
1514,14.026221,3.251
1515,14.030417,4.196
1516,14.033995,3.578
1517,14.03832,4.325
1518,14.047546,9.226
1519,14.050677,3.131
1520,14.054503,3.826
1521,14.061823,7.32
1522,14.065258,3.435
1523,14.069229,3.971
1524,14.073213,3.984
1525,14.078265,5.052
1526,14.081552,3.287
1527,14.084636,3.084
1528,14.08727,2.634
1529,14.091373,4.103
1530,14.09436,2.987
1531,14.098934,4.574
1532,14.102336,3.402
1533,14.105759,3.423
1534,14.110286,4.527
1535,14.114232,3.946
1536,14.117236,3.004
1537,14.121241,4.005
1538,14.125274,4.033
1539,14.128684,3.41
1540,14.132636,3.952
1541,14.136246,3.61
1542,14.140341,4.095
1543,14.144822,4.481
1544,14.148124,3.302
1545,14.151408,3.284
1546,14.154783,3.375
1547,14.159106,4.323
1548,14.16234,3.234
1549,14.166669,4.329
1550,14.170389,3.72
1551,14.174587,4.198
1552,14.178809,4.222
1553,14.182187,3.378
1554,14.185735,3.548
1555,14.189127,3.392
1556,14.193255,4.128
1557,14.19632,3.065
1558,14.200671,4.351
1559,14.204037,3.366
1560,14.208474,4.437
1561,14.211812,3.338
1562,14.215997,4.185
1563,14.219518,3.521
1564,14.223492,3.974
1565,14.227723,4.231
1566,14.230654,2.931
1567,14.234275,3.621
1568,14.237862,3.587
1569,14.242174,4.312
1570,14.245162,2.988
1571,14.249892,4.73
1572,14.253312,3.42
1573,14.257562,4.25
1574,14.261131,3.569
1575,14.264986,3.855
1576,14.268545,3.559
1577,14.272206,3.661
1578,14.277355,5.149
1579,14.281034,3.679
1580,14.284195,3.161
1581,14.286976,2.781
1582,14.291606,4.63
1583,14.294692,3.086
1584,14.298851,4.159
1585,14.302344,3.493
1586,14.305758,3.414
1587,14.310087,4.329
1588,14.313644,3.557
1589,14.317402,3.758
1590,14.320715,3.313
1591,14.32516,4.445
1592,14.328231,3.071
1593,14.332592,4.361
1594,14.33615,3.558
1595,14.340273,4.123
1596,14.343799,3.526
1597,14.348245,4.446
1598,14.351927,3.682
1599,14.355241,3.314
1600,14.359678,4.437
1601,14.362626,2.948
1602,14.366936,4.31
1603,14.370412,3.476
1604,14.374793,4.381
1605,14.378225,3.432
1606,14.38252,4.295
1607,14.385876,3.356
1608,14.389386,3.51
1609,14.393681,4.295
1610,14.397434,3.753
1611,14.401372,3.938
1612,14.404807,3.435
1613,14.4094,4.593
1614,14.412544,3.144
1615,14.416765,4.221
1616,14.422222,5.457
1617,14.426459,4.237
1618,14.429677,3.218
1619,14.43258,2.903
1620,14.435888,3.308
1621,14.439465,3.577
1622,14.443862,4.397
1623,14.447576,3.714
1624,14.451816,4.24
1625,14.454952,3.136
1626,14.45946,4.508
1627,14.462789,3.329
1628,14.46694,4.151
1629,14.470287,3.347
1630,14.474726,4.439
1631,14.477639,2.913
1632,14.482074,4.435
1633,14.485726,3.652
1634,14.489109,3.383
1635,14.493092,3.983
1636,14.495972,2.88
1637,14.500414,4.442
1638,14.503715,3.301
1639,14.508177,4.462
1640,14.511152,2.975
1641,14.515731,4.579
1642,14.519289,3.558
1643,14.522635,3.346
1644,14.527025,4.39
1645,14.530683,3.658
1646,14.534226,3.543
1647,14.537766,3.54
1648,14.541915,4.149
1649,14.544822,2.907
1650,14.549455,4.633
1651,14.553149,3.694
1652,14.557295,4.146
1653,14.560457,3.162
1654,14.564907,4.45
1655,14.568634,3.727
1656,14.57174,3.106
1657,14.576161,4.421
1658,14.579355,3.194
1659,14.583214,3.859
1660,14.586651,3.437
1661,14.591076,4.425
1662,14.59442,3.344
1663,14.598316,3.896
1664,14.602016,3.7
1665,14.605478,3.462
1666,14.609674,4.196
1667,14.613085,3.411
1668,14.61666,3.575
1669,14.620147,3.487
1670,14.62454,4.393
1671,14.627687,3.147
1672,14.631878,4.191
1673,14.635458,3.58
1674,14.638806,3.348
1675,14.643192,4.386
1676,14.646344,3.152
1677,14.650176,3.832
1678,14.653744,3.568
1679,14.657818,4.074
1680,14.660852,3.034
1681,14.665472,4.62
1682,14.668743,3.271
1683,14.672181,3.438
1684,14.676605,4.424
1685,14.68029,3.685
1686,14.683816,3.526
1687,14.687334,3.518
1688,14.691564,4.23
1689,14.69469,3.126
1690,14.69877,4.08
1691,14.702105,3.335
1692,14.705356,3.251
1693,14.709885,4.529
1694,14.713666,3.781
1695,14.717204,3.538
1696,14.720635,3.431
1697,14.725201,4.566
1698,14.728835,3.634
1699,14.732559,3.724
1700,14.735897,3.338
1701,14.740594,4.697
1702,14.744071,3.477
1703,14.74746,3.389
1704,14.751001,3.541
1705,14.754272,3.271
1706,14.758838,4.566
1707,14.762317,3.479
1708,14.766284,3.967
1709,14.769631,3.347
1710,14.774151,4.52
1711,14.777008,2.857
1712,14.78202,5.012
1713,14.785108,3.088
1714,14.788638,3.53
1715,14.792898,4.26
1716,14.795985,3.087
1717,14.800056,4.071
1718,14.803474,3.418
1719,14.807743,4.269
1720,14.8105,2.757
1721,14.815309,4.809
1722,14.81876,3.451
1723,14.822148,3.388
1724,14.826702,4.554
1725,14.830162,3.46
1726,14.833675,3.513
1727,14.837114,3.439
1728,14.841254,4.14
1729,14.84402,2.766
1730,14.84756,3.54
1731,14.851071,3.511
1732,14.854528,3.457
1733,14.859976,5.448
1734,14.863318,3.342
1735,14.866256,2.938
1736,14.869763,3.507
1737,14.87423,4.467
1738,14.878364,4.134
1739,14.881483,3.119
1740,14.885117,3.634
1741,14.889384,4.267
1742,14.894502,5.118
1743,14.897688,3.186
1744,14.900851,3.163
1745,14.904326,3.475
1746,14.909758,5.432
1747,14.912753,2.995
1748,14.91575,2.997
1749,14.919127,3.377
1750,14.922596,3.469
1751,14.927964,5.368
1752,14.931035,3.071
1753,14.934075,3.04
1754,14.93741,3.335
1755,14.942872,5.462
1756,14.945685,2.813
1757,14.94899,3.305
1758,14.952305,3.315
1759,14.955961,3.656
1760,14.961863,5.902
1761,14.965035,3.172
1762,14.967921,2.886
1763,14.971429,3.508
1764,14.977341,5.912
1765,14.980115,2.774
1766,14.983455,3.34
1767,14.98703,3.575
1768,14.991654,4.624
1769,14.995489,3.835
1770,14.998767,3.278
1771,15.00203,3.263
1772,15.005726,3.696
1773,15.010736,5.01
1774,15.013586,2.85
1775,15.01711,3.524
1776,15.021409,4.299
1777,15.026548,5.139
1778,15.029735,3.187
1779,15.032938,3.203
1780,15.035715,2.777
1781,15.039313,3.598
1782,15.04458,5.267
1783,15.047436,2.856
1784,15.050888,3.452
1785,15.05428,3.392
1786,15.060222,5.942
1787,15.063396,3.174
1788,15.066602,3.206
1789,15.070122,3.52
1790,15.074297,4.175
1791,15.078057,3.76
1792,15.081723,3.666
1793,15.085174,3.451
1794,15.088616,3.442
1795,15.094702,6.086
1796,15.097405,2.703
1797,15.100852,3.447
1798,15.10428,3.428
1799,15.109571,5.291
1800,15.112523,2.952
1801,15.115726,3.203
1802,15.119045,3.319
1803,15.122442,3.397
1804,15.127832,5.39
1805,15.130663,2.831
1806,15.134323,3.66
1807,15.137709,3.386
1808,15.142916,5.207
1809,15.145865,2.949
1810,15.149301,3.436
1811,15.152713,3.412
1812,15.157113,4.4
1813,15.160805,3.692
1814,15.164172,3.367
1815,15.167882,3.71
1816,15.171561,3.679
1817,15.177085,5.524
1818,15.180515,3.43
1819,15.183841,3.326
1820,15.187903,4.062
1821,15.192655,4.752
1822,15.196153,3.498
1823,15.199798,3.645
1824,15.204771,4.973
1825,15.210329,5.558
1826,15.213261,2.932
1827,15.216343,3.082
1828,15.219285,2.942
1829,15.222352,3.067
1830,15.227988,5.636
1831,15.230909,2.921
1832,15.234313,3.404
1833,15.238619,4.306
1834,15.243733,5.114
1835,15.246539,2.806
1836,15.249619,3.08
1837,15.253349,3.73
1838,15.257801,4.452
1839,15.261136,3.335
1840,15.264759,3.623
1841,15.268279,3.52
1842,15.271855,3.576
1843,15.277627,5.772
1844,15.280684,3.057
1845,15.288756,8.072
1846,15.303979,15.223
1847,15.322246,18.267
1848,15.339757,17.511
1849,15.355044,15.287
1850,15.3733,18.256
1851,15.39086,17.56
1852,15.406987,16.127
1853,15.424296,17.309
1854,15.445958,21.662
1855,15.460538,14.58
1856,15.478651,18.113
1857,15.496581,17.93
1858,15.511202,14.621
1859,15.529447,18.245
1860,15.547032,17.585
1861,15.562027,14.995
1862,15.580255,18.228
1863,15.597708,17.453
1864,15.612937,15.229
1865,15.631007,18.07
1866,15.648791,17.784
1867,15.663512,14.721
1868,15.681666,18.154
1869,15.699489,17.823
1870,15.714452,14.963
1871,15.732757,18.305
1872,15.750293,17.536
1873,15.765286,14.993
1874,15.783624,18.338
1875,15.80125,17.626
1876,15.816395,15.145
1877,15.834781,18.386
1878,15.852328,17.547
1879,15.867619,15.291
1880,15.885488,17.869
1881,15.902858,17.37
1882,15.917936,15.078
1883,15.936245,18.309
1884,15.953991,17.746
1885,15.969251,15.26
1886,15.99256,23.309
1887,16.006971,14.411
1888,16.022233,15.262
1889,16.040407,18.174
1890,16.05801,17.603
1891,16.073313,15.303
1892,16.091503,18.19
1893,16.109093,17.59
1894,16.124337,15.244
1895,16.142578,18.241
1896,16.160206,17.628
1897,16.175565,15.359
1898,16.193735,18.17
1899,16.211764,18.029
1900,16.22677,15.006
1901,16.245013,18.243
1902,16.262687,17.674
1903,16.278043,15.356
1904,16.296381,18.338
1905,16.314025,17.644
1906,16.329168,15.143
1907,16.347203,18.035
1908,16.36489,17.687
1909,16.380262,15.372
1910,16.398479,18.217
1911,16.416271,17.792
1912,16.431481,15.21
1913,16.449902,18.421
1914,16.467565,17.663
1915,16.483126,15.561
1916,16.501206,18.08
1917,16.518915,17.709
1918,16.534002,15.087
1919,16.552154,18.152
1920,16.569789,17.635
1921,16.585246,15.457
1922,16.603213,17.967
1923,16.620759,17.546
1924,16.635814,15.055
1925,16.654054,18.24
1926,16.671647,17.593
1927,16.686872,15.225
1928,16.704989,18.117
1929,16.722493,17.504
1930,16.737587,15.094
1931,16.755942,18.355
1932,16.773106,17.164
1933,16.788323,15.217
1934,16.806457,18.134
1935,16.824324,17.867
1936,16.839223,14.899
1937,16.857169,17.946
1938,16.866962,9.793
1939,16.869782,2.82
1940,16.874226,4.444
1941,16.877662,3.436
1942,16.88299,5.328
1943,16.885783,2.793
1944,16.889102,3.319
1945,16.892472,3.37
1946,16.897312,4.84
1947,16.901507,4.195
1948,16.904472,2.965
1949,16.907841,3.369
1950,16.912783,4.942
1951,16.916962,4.179
1952,16.919715,2.753
1953,16.923812,4.097
1954,16.926886,3.074
1955,16.931809,4.923
1956,16.935688,3.879
1957,16.938856,3.168
1958,16.942157,3.301
1959,16.946767,4.61
1960,16.950878,4.111
1961,16.953653,2.775
1962,16.957257,3.604
1963,16.960652,3.395
1964,16.964919,4.267
1965,16.969265,4.346
1966,16.972376,3.111
1967,16.975482,3.106
1968,16.980185,4.703
1969,16.984142,3.957
1970,16.987023,2.881
1971,16.99059,3.567
1972,16.994254,3.664
1973,16.998518,4.264
1974,17.002677,4.159
1975,17.005491,2.814
1976,17.009031,3.54
1977,17.013801,4.77
1978,17.01781,4.009
1979,17.020678,2.868
1980,17.026496,5.818
1981,17.029053,2.557
1982,17.032539,3.486
1983,17.036428,3.889
1984,17.039343,2.915
1985,17.043083,3.74
1986,17.047538,4.455
1987,17.051493,3.955
1988,17.054397,2.904
1989,17.057831,3.434
1990,17.063009,5.178
1991,17.06667,3.661
1992,17.070817,4.147
1993,17.073712,2.895
1994,17.078018,4.306
1995,17.081511,3.493
1996,17.085921,4.41
1997,17.088914,2.993
1998,17.092035,3.121
1999,17.097073,5.038
2000,17.100465,3.392
2001,17.104517,4.052
2002,17.108188,3.671
2003,17.112455,4.267
2004,17.116007,3.552
2005,17.120072,4.065
2006,17.123066,2.994
2007,17.126193,3.127
2008,17.131412,5.219
2009,17.135641,4.229
2010,17.140571,4.93
2011,17.144052,3.481
2012,17.147559,3.507
2013,17.151005,3.446
2014,17.155039,4.034
2015,17.159106,4.067
2016,17.163305,4.199
2017,17.167105,3.8
2018,17.17104,3.935
2019,17.175056,4.016
2020,17.178852,3.796
2021,17.182498,3.646
2022,17.18599,3.492
2023,17.190566,4.576
2024,17.194336,3.77
2025,17.197967,3.631
2026,17.201384,3.417
2027,17.204969,3.585
2028,17.209414,4.445
2029,17.213982,4.568
2030,17.21727,3.288
2031,17.220633,3.363
2032,17.225314,4.681
2033,17.229514,4.2
2034,17.234074,4.56
2035,17.237142,3.068
2036,17.241269,4.127
2037,17.244707,3.438
2038,17.247789,3.082
2039,17.25121,3.421
2040,17.254367,3.157
2041,17.258877,4.51
2042,17.263154,4.277
2043,17.26678,3.626
2044,17.270148,3.368
2045,17.27437,4.222
2046,17.277337,2.967
2047,17.281716,4.379
2048,17.285265,3.549
2049,17.288777,3.512
2050,17.29315,4.373
2051,17.296992,3.842
2052,17.300581,3.589
2053,17.30392,3.339
2054,17.308203,4.283
2055,17.312263,4.06
2056,17.315762,3.499
2057,17.319065,3.303
2058,17.322577,3.512
2059,17.326773,4.196
2060,17.330707,3.934
2061,17.334634,3.927
2062,17.337862,3.228
2063,17.342232,4.37
2064,17.346444,4.212
2065,17.349855,3.411
2066,17.353702,3.847
2067,17.358228,4.526
2068,17.361947,3.719
2069,17.365637,3.69
2070,17.368974,3.337
2071,17.372482,3.508
2072,17.376913,4.431
2073,17.380909,3.996
2074,17.384271,3.362
2075,17.387867,3.596
2076,17.392106,4.239
2077,17.396573,4.467
2078,17.400015,3.442
2079,17.40345,3.435
2080,17.407744,4.294
2081,17.410386,2.642
2082,17.414649,4.263
2083,17.417962,3.313
2084,17.421543,3.581
2085,17.42593,4.387
2086,17.42981,3.88
2087,17.433324,3.514
2088,17.436571,3.247
2089,17.441055,4.484
2090,17.444239,3.184
2091,17.448202,3.963
2092,17.451607,3.405
2093,17.455395,3.788
2094,17.460146,4.751
2095,17.463721,3.575
2096,17.467096,3.375
2097,17.473871,6.775
2098,17.478862,4.991
2099,17.482061,3.199
2100,17.485044,2.983
2101,17.488458,3.414
2102,17.492885,4.427
2103,17.496213,3.328
2104,17.499674,3.461
2105,17.503134,3.46
2106,17.507323,4.189
2107,17.510253,2.93
2108,17.514427,4.174
2109,17.517559,3.132
2110,17.521283,3.724
2111,17.525516,4.233
2112,17.529722,4.206
2113,17.53323,3.508
2114,17.537021,3.791
2115,17.541188,4.167
2116,17.545596,4.408
2117,17.548928,3.332
2118,17.552453,3.525
2119,17.556093,3.64
2120,17.560354,4.261
2121,17.564048,3.694
2122,17.56741,3.362
2123,17.570917,3.507
2124,17.575059,4.142
2125,17.579533,4.474
2126,17.583114,3.581
2127,17.586318,3.204
2128,17.590597,4.279
2129,17.593231,2.634
2130,17.597505,4.274
2131,17.600987,3.482
2132,17.604461,3.474
2133,17.60893,4.469
2134,17.612794,3.864
2135,17.616221,3.427
2136,17.619886,3.665
2137,17.623863,3.977
2138,17.626531,2.668
2139,17.630813,4.282
2140,17.634169,3.356
2141,17.637755,3.586
2142,17.642094,4.339
2143,17.645898,3.804
2144,17.64946,3.562
2145,17.652965,3.505
2146,17.657215,4.25
2147,17.66024,3.025
2148,17.664469,4.229
2149,17.667794,3.325
2150,17.671455,3.661
2151,17.675533,4.078
2152,17.67949,3.957
2153,17.683491,4.001
2154,17.686394,2.903
2155,17.690468,4.074
2156,17.69337,2.902
2157,17.697448,4.078
2158,17.700876,3.428
2159,17.707381,6.505
2160,17.710545,3.164
2161,17.713528,2.983
2162,17.716898,3.37
2163,17.720027,3.129
2164,17.724266,4.239
2165,17.728182,3.916
2166,17.731735,3.553
2167,17.735289,3.554
2168,17.740398,5.109
2169,17.744008,3.61
2170,17.746945,2.937
2171,17.750366,3.421
2172,17.754109,3.743
2173,17.758556,4.447
2174,17.762614,4.058
2175,17.766115,3.501
2176,17.769425,3.31
2177,17.773785,4.36
2178,17.776706,2.921
2179,17.780943,4.237
2180,17.784386,3.443
2181,17.787886,3.5
2182,17.792199,4.313
2183,17.796076,3.877
2184,17.799388,3.312
2185,17.80287,3.482
2186,17.807374,4.504
2187,17.811001,3.627
2188,17.814363,3.362
2189,17.817763,3.4
2190,17.821249,3.486
2191,17.825644,4.395
2192,17.829806,4.162
2193,17.833494,3.688
2194,17.836867,3.373
2195,17.841182,4.315
2196,17.845456,4.274
2197,17.848861,3.405
2198,17.852214,3.353
2199,17.856793,4.579
2200,17.859809,3.016
2201,17.863367,3.558
2202,17.866703,3.336
2203,17.869981,3.278
2204,17.874332,4.351
2205,17.878161,3.829
2206,17.881827,3.666
2207,17.885325,3.498
2208,17.88966,4.335
2209,17.892192,2.532
2210,17.897199,5.007
2211,17.900641,3.442
2212,17.904288,3.647
2213,17.908526,4.238
2214,17.911148,2.622
2215,17.914646,3.498
2216,17.918639,3.993
2217,17.922358,3.719
2218,17.925967,3.609
2219,17.92938,3.413
2220,17.932775,3.395
2221,17.936298,3.523
2222,17.942349,6.051
2223,17.946192,3.843
2224,17.949215,3.023
2225,17.952714,3.499
2226,17.957705,4.991
2227,17.961132,3.427
2228,17.964025,2.893
2229,17.96715,3.125
2230,17.970558,3.408
2231,17.976211,5.653
2232,17.979155,2.944
2233,17.982406,3.251
2234,17.986113,3.707
2235,17.991055,4.942
2236,17.99445,3.395
2237,17.997254,2.804
2238,18.00076,3.506
2239,18.004065,3.305
2240,18.009763,5.698
2241,18.012746,2.983
2242,18.016126,3.38
2243,18.019475,3.349
2244,18.02497,5.495
2245,18.027993,3.023
2246,18.030886,2.893
2247,18.034342,3.456
2248,18.037874,3.532
2249,18.042974,5.1
2250,18.046464,3.49
2251,18.049747,3.283
2252,18.052792,3.045
2253,18.058371,5.579
2254,18.061369,2.998
2255,18.064461,3.092
2256,18.06808,3.619
2257,18.071492,3.412
2258,18.076781,5.289
2259,18.079815,3.034
2260,18.082603,2.788
2261,18.086113,3.51
2262,18.091946,5.833
2263,18.094904,2.958
2264,18.098218,3.314
2265,18.101761,3.543
2266,18.106952,5.191
2267,18.110082,3.13
2268,18.113378,3.296
2269,18.116862,3.484
2270,18.120389,3.527
2271,18.12566,5.271
2272,18.128447,2.787
2273,18.132166,3.719
2274,18.135329,3.163
2275,18.142715,7.386
2276,18.145679,2.964
2277,18.14885,3.171
2278,18.15241,3.56
2279,18.157072,4.662
2280,18.159882,2.81
2281,18.163263,3.381
2282,18.16662,3.357
2283,18.169956,3.336
2284,18.175653,5.697
2285,18.178507,2.854
2286,18.181955,3.448
2287,18.185517,3.562
2288,18.191202,5.685
2289,18.193994,2.792
2290,18.197368,3.374
2291,18.200863,3.495
2292,18.204309,3.446
2293,18.209408,5.099
2294,18.212215,2.807
2295,18.215643,3.428
2296,18.219129,3.486
2297,18.224964,5.835
2298,18.228152,3.188
2299,18.231414,3.262
2300,18.234837,3.423
2301,18.239476,4.639
2302,18.243764,4.288
2303,18.246552,2.788
2304,18.250096,3.544
2305,18.253468,3.372
2306,18.258938,5.47
2307,18.261915,2.977
2308,18.265206,3.291
2309,18.268604,3.398
2310,18.274538,5.934
2311,18.277464,2.926
2312,18.281018,3.554
2313,18.284448,3.43
2314,18.287782,3.334
2315,18.292976,5.194
2316,18.296114,3.138
2317,18.299395,3.281
2318,18.303069,3.674
2319,18.308559,5.49
2320,18.311117,2.558
2321,18.314742,3.625
2322,18.318176,3.434
2323,18.322575,4.399
2324,18.327164,4.589
2325,18.330069,2.905
2326,18.333466,3.397
2327,18.337116,3.65
2328,18.34266,5.544
2329,18.346226,3.566
2330,18.349315,3.089
2331,18.353248,3.933
2332,18.358015,4.767
2333,18.360926,2.911
2334,18.364456,3.53
2335,18.367874,3.418
2336,18.372503,4.629
2337,18.376921,4.418
2338,18.379747,2.826
2339,18.382958,3.211
2340,18.386471,3.513
2341,18.392171,5.7
2342,18.394948,2.777
2343,18.398418,3.47
2344,18.401895,3.477
2345,18.407183,5.288
2346,18.410314,3.131
2347,18.413691,3.377
2348,18.417234,3.543
2349,18.420924,3.69
2350,18.425902,4.978
2351,18.428535,2.633
2352,18.432279,3.744
2353,18.435706,3.427
2354,18.441385,5.679
2355,18.444048,2.663
2356,18.45707,13.022
2357,18.472447,15.377
2358,18.490402,17.955
2359,18.507992,17.59
2360,18.523337,15.345
2361,18.541383,18.046
2362,18.558964,17.581
2363,18.574103,15.139
2364,18.592256,18.153
2365,18.609373,17.117
2366,18.624477,15.104
2367,18.642569,18.092
2368,18.659895,17.326
2369,18.675083,15.188
2370,18.693017,17.934
2371,18.710534,17.517
2372,18.725705,15.171
2373,18.743782,18.077
2374,18.761486,17.704
2375,18.776531,15.045
2376,18.794556,18.025
2377,18.812114,17.558
2378,18.827142,15.028
2379,18.845188,18.046
2380,18.86262,17.432
2381,18.877911,15.291
2382,18.895859,17.948
2383,18.913322,17.463
2384,18.928479,15.157
2385,18.946473,17.994
2386,18.964148,17.675
2387,18.979071,14.923
2388,18.997257,18.186
2389,19.014743,17.486
2390,19.029745,15.002
2391,19.048049,18.304
2392,19.065744,17.695
2393,19.080613,14.869
2394,19.098741,18.128
2395,19.116259,17.518
2396,19.13145,15.191
2397,19.149373,17.923
2398,19.167043,17.67
2399,19.182298,15.255
2400,19.200411,18.113
2401,19.21807,17.659
2402,19.233301,15.231
2403,19.251702,18.401
2404,19.269244,17.542
2405,19.284321,15.077
2406,19.302467,18.146
2407,19.32003,17.563
2408,19.335118,15.088
2409,19.353248,18.13
2410,19.370662,17.414
2411,19.385683,15.021
2412,19.403848,18.165
2413,19.421522,17.674
2414,19.436449,14.927
2415,19.454728,18.279
2416,19.471987,17.259
2417,19.487097,15.11
2418,19.505176,18.079
2419,19.522714,17.538
2420,19.537978,15.264
2421,19.556084,18.106
2422,19.573831,17.747
2423,19.588592,14.761
2424,19.6067,18.108
2425,19.624414,17.714
2426,19.639307,14.893
2427,19.657375,18.068
2428,19.674831,17.456
2429,19.689553,14.722
2430,19.708054,18.501
2431,19.727372,19.318
2432,19.739821,12.449
2433,19.760371,20.55
2434,19.778907,18.536
2435,19.793461,14.554
2436,19.8115,18.039
2437,19.82895,17.45
2438,19.843857,14.907
2439,19.861868,18.011
2440,19.879381,17.513
2441,19.894299,14.918
2442,19.912615,18.316
2443,19.929757,17.142
2444,19.944876,15.119
2445,19.962646,17.77
2446,19.980447,17.801
2447,19.995208,14.761
2448,20.013202,17.994
2449,20.030979,17.777
2450,20.045837,14.858
2451,20.063981,18.144
2452,20.081417,17.436
2453,20.096478,15.061
2454,20.11488,18.402
2455,20.131997,17.117
2456,20.147271,15.274
2457,20.165095,17.824
2458,20.182704,17.609
2459,20.197831,15.127
2460,20.215971,18.14
2461,20.233402,17.431
2462,20.248539,15.137
2463,20.266767,18.228
2464,20.284369,17.602
2465,20.299516,15.147
2466,20.317778,18.262
2467,20.335104,17.326
2468,20.350743,15.639
2469,20.36867,17.927
2470,20.386267,17.597
2471,20.401248,14.981
2472,20.419375,18.127
2473,20.436705,17.33
2474,20.451872,15.167
2475,20.469988,18.116
2476,20.487511,17.523
2477,20.502667,15.156
2478,20.520782,18.115
2479,20.53806,17.278
2480,20.55329,15.23
2481,20.571339,18.049
2482,20.588713,17.374
2483,20.603864,15.151
2484,20.622006,18.142
2485,20.639413,17.407
2486,20.654335,14.922
2487,20.672355,18.02
2488,20.689823,17.468
2489,20.704748,14.925
2490,20.722875,18.127
2491,20.740582,17.707
2492,20.755348,14.766
2493,20.773313,17.965
2494,20.790864,17.551
2495,20.805799,14.935
2496,20.823848,18.049
2497,20.841298,17.45
2498,20.856217,14.919
2499,20.873857,17.64
2500,20.89133,17.473
2501,20.906283,14.953
2502,20.924477,18.194
2503,20.942012,17.535
2504,20.957045,15.033
2505,20.975103,18.058
2506,20.99259,17.487
2507,21.007687,15.097
2508,21.025691,18.004
2509,21.043101,17.41
2510,21.058207,15.106
2511,21.076298,18.091
2512,21.09373,17.432
2513,21.108858,15.128
2514,21.12694,18.082
2515,21.144384,17.444
2516,21.159414,15.03
2517,21.177595,18.181
2518,21.195129,17.534
2519,21.210211,15.082
2520,21.228226,18.015
2521,21.245961,17.735
2522,21.260844,14.883
2523,21.279033,18.189
2524,21.296609,17.576
2525,21.311724,15.115
2526,21.329916,18.192
2527,21.347337,17.421
2528,21.362827,15.49
2529,21.380722,17.895
2530,21.398215,17.493
2531,21.413454,15.239
2532,21.431685,18.231
2533,21.449212,17.527
2534,21.46447,15.258
2535,21.482471,18.001
2536,21.499942,17.471
2537,21.51517,15.228
2538,21.53359,18.42
2539,21.550812,17.222
2540,21.566043,15.231
2541,21.584462,18.419
2542,21.601792,17.33
2543,21.609142,7.35
2544,21.614086,4.944
2545,21.617684,3.598
2546,21.620748,3.064
2547,21.625703,4.955
2548,21.629146,3.443
2549,21.633297,4.151
2550,21.636405,3.108
2551,21.639492,3.087
2552,21.644127,4.635
2553,21.647339,3.212
2554,21.651734,4.395
2555,21.65433,2.596
2556,21.659171,4.841
2557,21.662733,3.562
2558,21.666882,4.149
2559,21.669694,2.812
2560,21.673317,3.623
2561,21.677734,4.417
2562,21.681159,3.425
2563,21.685462,4.303
2564,21.689363,3.901
2565,21.692949,3.586
2566,21.696564,3.615
2567,21.700625,4.061
2568,21.70389,3.265
2569,21.708407,4.517
2570,21.71181,3.403
2571,21.715194,3.384
2572,21.719387,4.193
2573,21.72225,2.863
2574,21.727217,4.967
2575,21.73063,3.413
2576,21.734497,3.867
2577,21.738196,3.699
2578,21.742667,4.471
2579,21.746061,3.394
2580,21.749577,3.516
2581,21.753597,4.02
2582,21.75668,3.083
2583,21.760846,4.166
2584,21.764304,3.458
2585,21.768786,4.482
2586,21.772126,3.34
2587,21.776099,3.973
2588,21.779645,3.546
2589,21.782819,3.174
2590,21.787012,4.193
2591,21.790254,3.242
2592,21.794236,3.982
2593,21.797636,3.4
2594,21.80217,4.534
2595,21.805419,3.249
2596,21.809331,3.912
2597,21.812906,3.575
2598,21.816143,3.237
2599,21.820391,4.248
2600,21.824213,3.822
2601,21.827862,3.649
2602,21.831051,3.189
2603,21.835483,4.432
2604,21.838387,2.904
2605,21.842842,4.455
2606,21.846295,3.453
2607,21.849517,3.222
2608,21.853796,4.279
2609,21.856572,2.776
2610,21.861058,4.486
2611,21.86486,3.802
2612,21.869145,4.285
2613,21.872657,3.512
2614,21.876543,3.886
2615,21.879956,3.413
2616,21.883387,3.431
2617,21.887635,4.248
2618,21.891503,3.868
2619,21.895363,3.86
2620,21.898837,3.474
2621,21.902896,4.059
2622,21.905651,2.755
2623,21.910348,4.697
2624,21.913754,3.406
2625,21.917283,3.529
2626,21.921682,4.399
2627,21.926013,4.331
2628,21.929526,3.513
2629,21.932944,3.418
2630,21.937006,4.062
2631,21.93994,2.934
2632,21.944097,4.157
2633,21.947432,3.335
2634,21.951085,3.653
2635,21.955332,4.247
2636,21.959801,4.469
2637,21.963287,3.486
2638,21.966541,3.254
2639,21.970811,4.27
2640,21.974747,3.936
2641,21.978241,3.494
2642,21.981741,3.5
2643,21.987552,5.811
2644,21.991425,3.873
2645,21.995617,4.192
2646,21.998732,3.115
2647,22.002355,3.623
2648,22.006757,4.402
2649,22.010159,3.402
2650,22.013997,3.838
2651,22.017842,3.845
2652,22.021132,3.29
2653,22.02578,4.648
2654,22.028964,3.184
2655,22.031931,2.967
2656,22.035439,3.508
2657,22.039544,4.105
2658,22.043377,3.833
2659,22.046924,3.547
2660,22.050253,3.329
2661,22.053565,3.312
2662,22.059594,6.029
2663,22.062633,3.039
2664,22.065756,3.123
2665,22.069237,3.481
2666,22.073678,4.441
2667,22.077131,3.453
2668,22.080554,3.423
2669,22.084137,3.583
2670,22.08755,3.413
2671,22.093253,5.703
2672,22.096015,2.762
2673,22.103859,7.844
2674,22.106674,2.815
2675,22.110326,3.652
2676,22.113385,3.059
2677,22.116087,2.702
2678,22.119442,3.355
2679,22.123937,4.495
2680,22.127208,3.271
2681,22.130536,3.328
2682,22.134329,3.793
2683,22.138762,4.433
2684,22.142805,4.043
2685,22.146037,3.232
2686,22.151697,5.66
2687,22.154565,2.868
2688,22.158219,3.654
2689,22.161992,3.773
2690,22.16766,5.668
2691,22.170704,3.044
2692,22.175097,4.393
2693,22.178494,3.397
2694,22.182153,3.659
2695,22.185748,3.595
2696,22.18922,3.472
2697,22.194633,5.413
2698,22.197557,2.924
2699,22.201318,3.761
2700,22.204601,3.283
2701,22.209993,5.392
2702,22.213073,3.08
2703,22.216209,3.136
2704,22.221624,5.415
2705,22.225101,3.477
2706,22.22824,3.139
2707,22.231611,3.371
2708,22.23533,3.719
2709,22.238741,3.411
2710,22.244135,5.394
2711,22.246891,2.756
2712,22.25046,3.569
2713,22.253762,3.302
2714,22.259764,6.002
2715,22.262695,2.931
2716,22.265732,3.037
2717,22.26935,3.618
2718,22.27366,4.31
2719,22.27725,3.59
2720,22.280878,3.628
2721,22.284365,3.487
2722,22.287707,3.342
2723,22.293136,5.429
2724,22.296169,3.033
2725,22.299426,3.257
2726,22.303068,3.642
2727,22.307162,4.094
2728,22.310776,3.614
2729,22.314163,3.387
2730,22.317661,3.498
2731,22.321096,3.435
2732,22.326501,5.405
2733,22.329404,2.903
2734,22.332746,3.342
2735,22.339502,6.756
2736,22.342767,3.265
2737,22.345705,2.938
2738,22.348318,2.613
2739,22.351885,3.567
2740,22.360196,8.311
2741,22.363093,2.897
2742,22.365817,2.724
2743,22.368671,2.854
2744,22.372324,3.653
2745,22.37794,5.616
2746,22.381197,3.257
2747,22.384235,3.038
2748,22.387564,3.329
2749,22.392888,5.324
2750,22.395733,2.845
2751,22.399176,3.443
2752,22.40278,3.604
2753,22.410423,7.643
2754,22.413444,3.021
2755,22.416041,2.597
2756,22.419288,3.247
2757,22.424212,4.924
2758,22.427486,3.274
2759,22.430556,3.07
2760,22.434262,3.706
2761,22.437583,3.321
2762,22.443074,5.491
2763,22.445724,2.65
2764,22.44939,3.666
2765,22.452906,3.516
2766,22.456993,4.087
2767,22.460816,3.823
2768,22.464709,3.893
2769,22.468272,3.563
2770,22.471496,3.224
2771,22.477166,5.67
2772,22.479999,2.833
2773,22.483418,3.419
2774,22.486781,3.363
2775,22.492504,5.723
2776,22.495968,3.464
2777,22.498375,2.407
2778,22.502295,3.92
2779,22.505779,3.484
2780,22.51063,4.851
2781,22.513386,2.756
2782,22.51681,3.424
2783,22.520503,3.693
2784,22.526805,6.302
2785,22.530158,3.353
2786,22.532987,2.829
2787,22.53674,3.753
2788,22.54174,5.0
2789,22.544572,2.832
2790,22.548045,3.473
2791,22.551754,3.709
2792,22.554992,3.238
2793,22.560637,5.645
2794,22.563835,3.198
2795,22.566695,2.86
2796,22.5702,3.505
2797,22.575925,5.725
2798,22.579327,3.402
2799,22.582277,2.95
2800,22.587562,5.285
2801,22.59187,4.308
2802,22.594736,2.866
2803,22.597253,2.517
2804,22.600801,3.548
2805,22.603913,3.112
2806,22.609437,5.524
2807,22.61293,3.493
2808,22.615783,2.853
2809,22.619364,3.581
2810,22.623633,4.269
2811,22.627067,3.434
2812,22.630399,3.332
2813,22.633924,3.525
2814,22.63715,3.226
2815,22.643236,6.086
2816,22.646488,3.252
2817,22.649375,2.887
2818,22.652663,3.288
2819,22.656947,4.284
2820,22.660477,3.53
2821,22.663927,3.45
2822,22.667444,3.517
2823,22.670773,3.329
2824,22.676301,5.528
2825,22.679689,3.388
2826,22.682527,2.838
2827,22.686315,3.788
2828,22.691173,4.858
2829,22.69415,2.977
2830,22.697578,3.428
2831,22.701109,3.531
2832,22.704586,3.477
2833,22.709959,5.373
2834,22.712987,3.028
2835,22.716409,3.422
2836,22.719751,3.342
2837,22.725396,5.645
2838,22.728795,3.399
2839,22.731875,3.08
2840,22.735244,3.369
2841,22.738552,3.308
2842,22.743933,5.381
2843,22.746955,3.022
2844,22.750189,3.234
2845,22.753604,3.415
2846,22.759299,5.695
2847,22.762483,3.184
2848,22.765705,3.222
2849,22.769254,3.549
2850,22.772621,3.367
2851,22.777639,5.018
2852,22.780723,3.084
2853,22.784036,3.313
2854,22.78739,3.354
2855,22.793008,5.618
2856,22.795856,2.848
2857,22.799166,3.31
2858,22.802639,3.473
2859,22.808046,5.407
2860,22.811238,3.192
2861,22.81433,3.092
2862,22.817859,3.529
2863,22.821258,3.399
2864,22.826851,5.593
2865,22.830247,3.396
2866,22.833063,2.816
2867,22.836581,3.518
2868,22.84239,5.809
2869,22.845601,3.211
2870,22.848883,3.282
2871,22.852356,3.473
2872,22.857509,5.153
2873,22.860646,3.137
2874,22.863751,3.105
2875,22.86733,3.579
2876,22.870612,3.282
2877,22.876189,5.577
2878,22.879097,2.908
2879,22.882601,3.504
2880,22.885992,3.391
2881,22.890953,4.961
2882,22.893913,2.96
2883,22.897171,3.258
2884,22.900817,3.646
2885,22.904305,3.488
2886,22.910378,6.073
2887,22.913388,3.01
2888,22.916951,3.563
2889,22.920096,3.145
2890,22.925647,5.551
2891,22.928475,2.828
2892,22.932648,4.173
2893,22.93579,3.142
2894,22.940494,4.704
2895,22.943584,3.09
2896,22.94664,3.056
2897,22.950253,3.613
2898,22.953843,3.59
2899,22.959052,5.209
2900,22.962085,3.033
2901,22.965403,3.318
2902,22.968998,3.595
2903,22.973227,4.229
2904,22.976693,3.466
2905,22.980107,3.414
2906,22.98368,3.573
2907,22.987167,3.487
2908,22.992783,5.616
2909,22.996036,3.253
2910,22.999122,3.086
2911,23.002667,3.545
2912,23.006724,4.057
2913,23.009658,2.934
2914,23.013018,3.36
2915,23.016493,3.475
2916,23.021385,4.892
2917,23.02538,3.995
2918,23.028453,3.073
2919,23.032558,4.105
2920,23.037261,4.703
2921,23.041168,3.907
2922,23.044264,3.096
2923,23.047414,3.15
2924,23.052466,5.052
2925,23.055994,3.528
2926,23.060463,4.469
2927,23.063894,3.431
2928,23.066677,2.783
2929,23.070877,4.2
2930,23.074978,4.101
2931,23.078016,3.038
2932,23.081415,3.399
2933,23.086513,5.098
2934,23.090572,4.059
2935,23.093487,2.915
2936,23.096937,3.45
2937,23.100376,3.439
2938,23.104833,4.457
2939,23.108899,4.066
2940,23.111663,2.764
2941,23.116093,4.43
2942,23.120327,4.234
2943,23.124833,4.506
2944,23.128222,3.389
2945,23.131535,3.313
2946,23.136154,4.619
2947,23.14401,7.856
2948,23.147474,3.464
2949,23.15102,3.546
2950,23.154838,3.818
2951,23.158415,3.577
2952,23.161632,3.217
2953,23.16461,2.978
2954,23.169978,5.368
2955,23.173969,3.991
2956,23.177294,3.325
2957,23.180408,3.114
2958,23.18509,4.682
2959,23.196363,11.273
2960,23.210239,13.876
2961,23.230825,20.586
2962,23.245795,14.97
2963,23.263332,17.537
2964,23.285788,22.456
2965,23.299609,13.821
2966,23.322432,22.823
2967,23.337286,14.854
2968,23.352368,15.082
2969,23.370753,18.385
2970,23.388389,17.636
2971,23.403608,15.219
2972,23.421989,18.381
2973,23.439469,17.48
2974,23.454802,15.333
2975,23.473102,18.3
2976,23.495067,21.965
2977,23.509288,14.221
2978,23.52775,18.462
2979,23.545384,17.634
2980,23.560774,15.39
2981,23.578887,18.113
2982,23.596366,17.479
2983,23.611825,15.459
2984,23.630066,18.241
2985,23.647533,17.467
2986,23.662635,15.102
2987,23.680859,18.224
2988,23.698386,17.527
2989,23.713413,15.027
2990,23.731833,18.42
2991,23.749262,17.429
2992,23.768424,19.162
2993,23.782382,13.958
2994,23.801108,18.726
2995,23.814534,13.426
2996,23.837111,22.577
2997,23.852371,15.26
2998,23.866829,14.458
2999,23.885012,18.183
3000,23.902679,17.667
3001,23.917801,15.122
3002,23.936243,18.442
3003,23.95385,17.607
3004,23.968982,15.132
3005,23.987145,18.163
3006,24.004673,17.528
3007,24.019943,15.27
3008,24.038173,18.23
3009,24.05586,17.687
3010,24.070955,15.095
3011,24.089031,18.076
3012,24.106476,17.445
3013,24.121708,15.232
3014,24.140246,18.538
3015,24.157625,17.379
3016,24.17284,15.215
3017,24.191045,18.205
3018,24.208583,17.538
3019,24.223748,15.165
3020,24.241913,18.165
3021,24.259512,17.599
3022,24.274876,15.364
3023,24.293122,18.246
3024,24.310781,17.659
3025,24.326103,15.322
3026,24.344218,18.115
3027,24.3618,17.582
3028,24.376823,15.023
3029,24.395036,18.213
3030,24.412557,17.521
3031,24.427832,15.275
3032,24.44634,18.508
3033,24.464163,17.823
3034,24.47927,15.107
3035,24.497675,18.405
3036,24.51524,17.565
3037,24.530891,15.651
3038,24.549027,18.136
3039,24.566491,17.464
3040,24.581779,15.288
3041,24.600152,18.373
3042,24.617751,17.599
3043,24.633061,15.31
3044,24.65122,18.159
3045,24.668738,17.518
3046,24.684009,15.271
3047,24.702212,18.203
3048,24.719583,17.371
3049,24.734851,15.268
3050,24.752947,18.096
3051,24.770548,17.601
3052,24.785601,15.053
3053,24.803939,18.338
3054,24.821522,17.583
3055,24.836537,15.015
3056,24.854787,18.25
3057,24.87248,17.693
3058,24.887429,14.949
3059,24.905703,18.274
3060,24.923216,17.513
3061,24.93821,14.994
3062,24.957178,18.968
3063,24.973973,16.795
3064,24.989507,15.534
3065,25.007375,17.868
3066,25.024853,17.478
3067,25.040109,15.256
3068,25.05826,18.151
3069,25.076113,17.853
3070,25.09105,14.937
3071,25.109256,18.206
3072,25.12693,17.674
3073,25.141924,14.994
3074,25.160238,18.314
3075,25.177604,17.366
3076,25.193009,15.405
3077,25.211033,18.024
3078,25.228577,17.544
3079,25.243837,15.26
3080,25.262002,18.165
3081,25.279635,17.633
3082,25.294834,15.199
3083,25.312964,18.13
3084,25.330479,17.515
3085,25.345683,15.204
3086,25.364047,18.364
3087,25.381678,17.631
3088,25.396703,15.025
3089,25.417269,20.566
3090,25.433156,15.887
3091,25.447883,14.727
3092,25.466605,18.722
3093,25.48394,17.335
3094,25.498766,14.826
3095,25.51692,18.154
3096,25.534612,17.692
3097,25.549824,15.212
3098,25.567915,18.091
3099,25.585661,17.746
3100,25.600511,14.85
3101,25.618915,18.404
3102,25.636303,17.388
3103,25.651576,15.273
3104,25.669748,18.172
3105,25.687151,17.403
3106,25.702212,15.061
3107,25.720475,18.263
3108,25.738116,17.641
3109,25.753251,15.135
3110,25.771421,18.17
3111,25.788929,17.508
3112,25.804159,15.23
3113,25.822241,18.082
3114,25.839663,17.422
3115,25.855052,15.389
3116,25.872983,17.931
3117,25.890661,17.678
3118,25.905435,14.774
3119,25.923591,18.156
3120,25.941022,17.431
3121,25.95634,15.318
3122,25.974683,18.343
3123,25.991786,17.103
3124,26.006791,15.005
3125,26.02525,18.459
3126,26.042514,17.264
3127,26.057595,15.081
3128,26.075799,18.204
3129,26.093199,17.4
3130,26.108591,15.392
3131,26.12658,17.989
3132,26.144224,17.644
3133,26.159478,15.254
3134,26.177528,18.05
3135,26.195189,17.661
3136,26.210289,15.1
3137,26.22836,18.071
3138,26.245897,17.537
3139,26.261295,15.398
3140,26.280878,19.583
3141,26.297567,16.689
3142,26.312548,14.981
3143,26.330946,18.398
3144,26.348418,17.472
3145,26.353062,4.644
3146,26.357449,4.387
3147,26.360939,3.49
3148,26.36443,3.491
3149,26.368714,4.284
3150,26.373248,4.534
3151,26.37688,3.632
3152,26.379953,3.073
3153,26.384179,4.226
3154,26.388761,4.582
3155,26.392223,3.462
3156,26.39556,3.337
3157,26.399891,4.331
3158,26.402729,2.838
3159,26.40685,4.121
3160,26.410446,3.596
3161,26.414066,3.62
3162,26.418275,4.209
3163,26.422496,4.221
3164,26.425922,3.426
3165,26.429129,3.207
3166,26.433752,4.623
3167,26.43696,3.208
3168,26.440801,3.841
3169,26.44411,3.309
3170,26.447714,3.604
3171,26.452125,4.411
3172,26.456,3.875
3173,26.459437,3.437
3174,26.463078,3.641
3175,26.467006,3.928
3176,26.471152,4.146
3177,26.474817,3.665
3178,26.478209,3.392
3179,26.481823,3.614
3180,26.486244,4.421
3181,26.490012,3.768
3182,26.493762,3.75
3183,26.496999,3.237
3184,26.501148,4.149
3185,26.505597,4.449
3186,26.508926,3.329
3187,26.512235,3.309
3188,26.516096,3.861
3189,26.520085,3.989
3190,26.523606,3.521
3191,26.527157,3.551
3192,26.530538,3.381
3193,26.534714,4.176
3194,26.539405,4.691
3195,26.542716,3.311
3196,26.546135,3.419
3197,26.549631,3.496
3198,26.554737,5.106
3199,26.55777,3.033
3200,26.561181,3.411
3201,26.564858,3.677
3202,26.569533,4.675
3203,26.573273,3.74
3204,26.57663,3.357
3205,26.580277,3.647
3206,26.5836760000001,3.399
3207,26.5891020000001,5.426
3208,26.591952,2.85
3209,26.595403,3.451
3210,26.599222,3.819
3211,26.604134,4.912
3212,26.607372,3.238
3213,26.611074,3.702
3214,26.614929,3.855
3215,26.6187310000001,3.802
3216,26.6233040000001,4.573
3217,26.626417,3.113
3218,26.629571,3.154
3219,26.633793,4.222
3220,26.639326,5.533
3221,26.642095,2.769
3222,26.645414,3.319
3223,26.648933,3.519
3224,26.652388,3.455
3225,26.657677,5.289
3226,26.660679,3.002
3227,26.6644,3.721
3228,26.668924,4.524
3229,26.673035,4.111
3230,26.676247,3.212
3231,26.679309,3.062
3232,26.682885,3.576
3233,26.68741,4.525
3234,26.6916380000001,4.228
3235,26.6942650000001,2.627
3236,26.6983290000001,4.064
3237,26.7018300000001,3.501
3238,26.7073630000001,5.533
3239,26.710711,3.348
3240,26.7134660000001,2.755
3241,26.7168290000001,3.363
3242,26.7220800000001,5.251
3243,26.7262500000001,4.17
3244,26.729305,3.055
3245,26.7329030000001,3.598
3246,26.7374350000001,4.532
3247,26.7420410000001,4.606
3248,26.745137,3.096
3249,26.7483660000001,3.229
3250,26.7519480000001,3.582
3251,26.7572470000001,5.299
3252,26.7600430000001,2.796
3253,26.7636420000001,3.599
3254,26.7670290000001,3.387
3255,26.7722110000001,5.182
3256,26.7764950000001,4.284
3257,26.7794870000001,2.992
3258,26.7827210000001,3.234
3259,26.7870860000001,4.365
3260,26.7947290000001,7.643
3261,26.7978120000001,3.083
3262,26.8008650000001,3.053
3263,26.8048400000001,3.975
3264,26.8091710000001,4.331
3265,26.8124660000001,3.295
3266,26.8160860000001,3.62
3267,26.8200600000001,3.974
3268,26.8245170000001,4.457
3269,26.8274940000001,2.977
3270,26.8307530000001,3.259
3271,26.8340180000001,3.265
3272,26.8389740000001,4.956
3273,26.8429270000001,3.953
3274,26.8461070000001,3.18
3275,26.8494460000001,3.339
3276,26.8537510000001,4.305
3277,26.8581670000001,4.416
3278,26.8607880000001,2.621
3279,26.8645690000001,3.781
3280,26.8679720000001,3.403
3281,26.8726040000001,4.632
3282,26.8766080000001,4.004
3283,26.8800300000001,3.422
3284,26.8832630000001,3.233
3285,26.8883800000001,5.117
3286,26.8923430000001,3.963
3287,26.8950350000001,2.692
3288,26.8987250000001,3.69
3289,26.9024920000001,3.767
3290,26.9072710000001,4.779
3291,26.9100300000001,2.759
3292,26.9142490000001,4.219
3293,26.9170120000001,2.763
3294,26.9218720000001,4.86
3295,26.9260160000001,4.144
3296,26.9286590000001,2.643
3297,26.9323150000001,3.656
3298,26.9357920000001,3.477
3299,26.9407870000001,4.995
3300,26.9435900000001,2.803
3301,26.9485610000001,4.971
3302,26.9520370000001,3.476
3303,26.9554550000001,3.418
3304,26.9595600000001,4.105
3305,26.9620450000001,2.485
3306,26.9668440000001,4.799
3307,26.9702920000001,3.448
3308,26.974811,4.519
3309,26.97771,2.899
3310,26.981328,3.618
3311,26.984843,3.515
3312,26.989349,4.506
3313,26.993423,4.074
3314,26.996403,2.98
3315,26.999749,3.346
3316,27.003967,4.218
3317,27.008497,4.53
3318,27.011128,2.631
3319,27.015613,4.485
3320,27.018164,2.551
3321,27.023657,5.493
3322,27.0264370000001,2.78
3323,27.029916,3.479
3324,27.0332550000001,3.339
3325,27.0383840000001,5.129
3326,27.042395,4.011
3327,27.045141,2.746
3328,27.049607,4.466
3329,27.052368,2.761
3330,27.057027,4.659
3331,27.060025,2.998
3332,27.063497,3.472
3333,27.067029,3.532
3334,27.071769,4.74
3335,27.075777,4.008
3336,27.078559,2.782
3337,27.082219,3.66
3338,27.085566,3.347
3339,27.0904440000001,4.878
3340,27.0933640000001,2.92
3341,27.0967180000001,3.354
3342,27.1002770000001,3.559
3343,27.1053630000001,5.086
3344,27.109312,3.949
3345,27.112071,2.759
3346,27.1158910000001,3.82
3347,27.1203990000001,4.508
3348,27.1248030000001,4.404
3349,27.1275550000001,2.752
3350,27.1310740000001,3.519
3351,27.1349370000001,3.863
3352,27.1394860000001,4.549
3353,27.1435680000001,4.082
3354,27.1473080000001,3.74
3355,27.1503300000001,3.022
3356,27.1580040000001,7.674
3357,27.1619720000001,3.968
3358,27.1665290000001,4.557
3359,27.1702720000001,3.743
3360,27.1739490000001,3.677
3361,27.1780990000001,4.15
3362,27.1810540000001,2.955
3363,27.1845210000001,3.467
3364,27.1893990000001,4.878
3365,27.1935250000001,4.126
3366,27.1965210000001,2.996
3367,27.2001160000001,3.595
3368,27.2046700000001,4.554
3369,27.2089340000001,4.264
3370,27.2117870000001,2.853
3371,27.2153500000001,3.563
3372,27.2187000000001,3.35
3373,27.2238830000001,5.183
3374,27.2267460000001,2.863
3375,27.2301650000001,3.419
3376,27.2335550000001,3.39
3377,27.2382850000001,4.73
3378,27.2425820000001,4.297
3379,27.2452320000001,2.65
3380,27.2488150000001,3.583
3381,27.2524530000001,3.638
3382,27.2576250000001,5.172
3383,27.2604030000001,2.778
3384,27.2640080000001,3.605
3385,27.2674940000001,3.486
3386,27.2723870000001,4.893
3387,27.2765610000001,4.174
3388,27.2796500000001,3.089
3389,27.2830940000001,3.444
3390,27.2879890000001,4.895
3391,27.2921500000001,4.161
3392,27.2951630000001,3.013
3393,27.2985350000001,3.372
3394,27.3019040000001,3.369
3395,27.3071330000001,5.229
3396,27.3102020000001,3.069
3397,27.313491,3.289
3398,27.317099,3.608
3399,27.3219390000001,4.84
3400,27.3265150000001,4.576
3401,27.329448,2.933
3402,27.332524,3.076
3403,27.3376780000001,5.154
3404,27.341738,4.06
3405,27.344312,2.574
3406,27.34827,3.958
3407,27.351307,3.037
3408,27.355943,4.636
3409,27.360183,4.24
3410,27.3627870000001,2.604
3411,27.366594,3.807
3412,27.3717550000001,5.161
3413,27.3756890000001,3.934
3414,27.3783860000001,2.697
3415,27.3820850000001,3.699
3416,27.3855090000001,3.424
3417,27.3909290000001,5.42
3418,27.3938570000001,2.928
3419,27.3967800000001,2.923
3420,27.4004740000001,3.694
3421,27.4051000000001,4.626
3422,27.4092420000001,4.142
3423,27.4125030000001,3.261
3424,27.4156900000001,3.187
3425,27.42079,5.1
3426,27.42512,4.33
3427,27.428082,2.962
3428,27.431461,3.379
3429,27.434975,3.514
3430,27.439273,4.298
3431,27.443429,4.156
3432,27.446326,2.897
3433,27.449574,3.248
3434,27.454825,5.251
3435,27.458979,4.154
3436,27.461767,2.788
3437,27.465519,3.752
3438,27.468773,3.254
3439,27.47381,5.037
3440,27.476638,2.828
3441,27.48002,3.382
3442,27.483398,3.378
3443,27.488116,4.718
3444,27.492287,4.171
3445,27.495012,2.725
3446,27.498602,3.59
3447,27.502087,3.485
3448,27.507372,5.285
3449,27.51025,2.878
3450,27.513677,3.427
3451,27.51699,3.313
3452,27.521826,4.836
3453,27.525966,4.14
3454,27.529243,3.277
3455,27.532539,3.296
3456,27.537187,4.648
3457,27.541377,4.19
3458,27.543876,2.499
3459,27.547591,3.715
3460,27.551121,3.53
3461,27.555694,4.573
3462,27.559838,4.144
3463,27.563642,3.804
3464,27.566894,3.252
3465,27.571005,4.111
3466,27.575038,4.033
3467,27.577688,2.65
3468,27.581009,3.321
3469,27.584747,3.738
3470,27.589334,4.587
3471,27.593691,4.357
3472,27.596672,2.981
3473,27.599746,3.074
3474,27.604629,4.883
3475,27.608669,4.04
3476,27.611399,2.73
3477,27.615008,3.609
3478,27.618483,3.475
3479,27.622764,4.281
3480,27.626959,4.195
3481,27.630007,3.048
3482,27.633376,3.369
3483,27.638309,4.933
3484,27.642222,3.913
3485,27.645122,2.9
3486,27.648786,3.664
3487,27.65233,3.544
3488,27.657459,5.129
3489,27.66042,2.961
3490,27.663899,3.479
3491,27.667393,3.494
3492,27.671841,4.448
3493,27.676085,4.244
3494,27.679155,3.07
3495,27.68237,3.215
3496,27.687445,5.075
3497,27.691623,4.178
3498,27.694321,2.698
3499,27.698696,4.375
3500,27.701922,3.226
3501,27.706082,4.16
3502,27.71032,4.238
3503,27.713231,2.911
3504,27.718184,4.953
3505,27.721311,3.127
3506,27.725425,4.114
3507,27.72834,2.915
3508,27.7325820000001,4.242
3509,27.735367,2.785
3510,27.740263,4.896
3511,27.743009,2.746
3512,27.746641,3.632
3513,27.75004,3.399
3514,27.755441,5.401
3515,27.759478,4.037
3516,27.76254,3.062
3517,27.765854,3.314
3518,27.770066,4.212
3519,27.774797,4.731
3520,27.777855,3.058
3521,27.781553,3.698
3522,27.785893,4.34
3523,27.788773,2.88
3524,27.792818,4.045
3525,27.795796,2.978
3526,27.7992,3.404
3527,27.804431,5.231
3528,27.808655,4.224
3529,27.811385,2.73
3530,27.814939,3.554
3531,27.818321,3.382
3532,27.822701,4.38
3533,27.826978,4.277
3534,27.830502,3.524
3535,27.833116,2.614
3536,27.838104,4.988
3537,27.842056,3.952
3538,27.844629,2.573
3539,27.848425,3.796
3540,27.851877,3.452
3541,27.857093,5.216
3542,27.860276,3.183
3543,27.8635710000001,3.295
3544,27.8669520000001,3.381
3545,27.871682,4.73
3546,27.8757020000001,4.02
3547,27.8786100000001,2.908
3548,27.8823530000001,3.743
3549,27.8869290000001,4.576
3550,27.8914190000001,4.49
3551,27.8939210000001,2.502
3552,27.8975220000001,3.601
3553,27.9007670000001,3.245
3554,27.9058060000001,5.039
3555,27.9098970000001,4.091
3556,27.9129530000001,3.056
3557,27.9161870000001,3.234
3558,27.921201,5.014
3559,27.9254390000001,4.238
3560,27.9285670000001,3.128
3561,27.9387590000001,10.192
3562,27.9586800000001,19.921
3563,27.974062,15.382
3564,27.992299,18.237
3565,28.0097020000001,17.403
3566,28.0249020000001,15.2
3567,28.0427700000001,17.868
3568,28.0602520000001,17.482
3569,28.0754710000001,15.219
3570,28.0937270000001,18.256
3571,28.1110240000001,17.297
3572,28.1263450000001,15.321
3573,28.144322,17.977
3574,28.161909,17.587
3575,28.177032,15.123
3576,28.195105,18.073
3577,28.212646,17.541
3578,28.227694,15.048
3579,28.245941,18.247
3580,28.263597,17.656
3581,28.278851,15.254
3582,28.297104,18.253
3583,28.314594,17.49
3584,28.329892,15.298
3585,28.34794,18.048
3586,28.365914,17.974
3587,28.380532,14.618
3588,28.398545,18.013
3589,28.416132,17.587
3590,28.43135,15.218
3591,28.449412,18.062
3592,28.466872,17.46
3593,28.481893,15.021
3594,28.500088,18.195
3595,28.517511,17.423
3596,28.532595,15.084
3597,28.550675,18.08
3598,28.568098,17.423
3599,28.583125,15.027
3600,28.601239,18.114
3601,28.618646,17.407
3602,28.633737,15.091
3603,28.651701,17.964
3604,28.669077,17.376
3605,28.684186,15.109
3606,28.702148,17.962
3607,28.719471,17.323
3608,28.734665,15.194
3609,28.752452,17.787
3610,28.770026,17.574
3611,28.784945,14.919
3612,28.802768,17.823
3613,28.820348,17.58
3614,28.835326,14.978
3615,28.853168,17.842
3616,28.870537,17.369
3617,28.885812,15.275
3618,28.903637,17.825
3619,28.925528,21.891
3620,28.939376,13.848
3621,28.957277,17.901
3622,28.974676,17.399
3623,28.990785,16.109
3624,29.007842,17.057
3625,29.0259,18.058
3626,29.040381,14.481
3627,29.058326,17.945
3628,29.075944,17.618
3629,29.090939,14.995
3630,29.108993,18.054
3631,29.126433,17.44
3632,29.141584,15.151
3633,29.159576,17.992
3634,29.177145,17.569
3635,29.192424,15.279
3636,29.210452,18.028
3637,29.228051,17.599
3638,29.243114,15.063
3639,29.26144,18.326
3640,29.278995,17.555
3641,29.294071,15.076
3642,29.312244,18.173
3643,29.329728,17.484
3644,29.345045,15.317
3645,29.363194,18.149
3646,29.380802,17.608
3647,29.396108,15.306
3648,29.413924,17.816
3649,29.43165,17.726
3650,29.446807,15.157
3651,29.464777,17.97
3652,29.482128,17.351
3653,29.497248,15.12
3654,29.511954,14.706
3655,29.516199,4.245
3656,29.520242,4.043
3657,29.524029,3.787
3658,29.527439,3.41
3659,29.530796,3.357
3660,29.536658,5.862
3661,29.539411,2.753
3662,29.54265,3.239
3663,29.546186,3.536
3664,29.550337,4.151
3665,29.554104,3.767
3666,29.557749,3.645
3667,29.56106,3.311
3668,29.564449,3.389
3669,29.57026,5.811
3670,29.572827,2.567
3671,29.576397,3.57
3672,29.579795,3.398
3673,29.584088,4.293
3674,29.58756,3.472
3675,29.591132,3.572
3676,29.594541,3.409
3677,29.59815,3.609
3678,29.603612,5.462
3679,29.606378,2.766
3680,29.609861,3.483
3681,29.613385,3.524
3682,29.617614,4.229
3683,29.620992,3.378
3684,29.624407,3.415
3685,29.62801,3.603
3686,29.631492,3.482
3687,29.637027,5.535
3688,29.639821,2.794
3689,29.643088,3.267
3690,29.646671,3.583
3691,29.650725,4.054
3692,29.654209,3.484
3693,29.65761,3.401
3694,29.661201,3.591
3695,29.664557,3.356
3696,29.670446,5.889
3697,29.673612,3.166
3698,29.676567,2.955
3699,29.68,3.433
3700,29.684348,4.348
3701,29.687566,3.218
3702,29.69099,3.424
3703,29.69464,3.65
3704,29.697977,3.337
3705,29.703535,5.558
3706,29.706551,3.016
3707,29.709498,2.947
3708,29.713075,3.577
3709,29.717144,4.069
3710,29.720732,3.588
3711,29.723886,3.154
3712,29.727638,3.752
3713,29.731033,3.395
3714,29.736803,5.77
3715,29.739638,2.835
3716,29.74275,3.112
3717,29.746421,3.671
3718,29.750459,4.038
3719,29.754386,3.927
3720,29.75799,3.604
3721,29.761518,3.528
3722,29.764733,3.215
3723,29.770219,5.486
3724,29.773459,3.24
3725,29.776284,2.825
3726,29.780155,3.871
3727,29.784018,3.863
3728,29.787525,3.507
3729,29.790914,3.389
3730,29.794348,3.434
3731,29.797939,3.591
3732,29.803648,5.709
3733,29.806357,2.709
3734,29.809843,3.486
3735,29.813264,3.421
3736,29.818413,5.149
3737,29.821167,2.754
3738,29.824836,3.669
3739,29.828347,3.511
3740,29.83156,3.213
3741,29.837605,6.045
3742,29.840576,2.971
3743,29.843877,3.301
3744,29.847221,3.344
3745,29.852883,5.662
3746,29.855881,2.998
3747,29.859148,3.267
3748,29.862762,3.614
3749,29.866063,3.301
3750,29.871496,5.433
3751,29.874311,2.815
3752,29.877726,3.415
3753,29.881143,3.417
3754,29.886875,5.732
3755,29.889675,2.8
3756,29.892881,3.206
3757,29.896813,3.932
3758,29.899938,3.125
3759,29.904863,4.925
3760,29.907923,3.06
3761,29.911084,3.161
3762,29.914411,3.327
3763,29.920253,5.842
3764,29.92295,2.697
3765,29.926449,3.499
3766,29.932351,5.902
3767,29.935574,3.223
3768,29.939303,3.729
3769,29.941997,2.694
3770,29.945843,3.846
3771,29.952547,6.704
3772,29.955987,3.44
3773,29.958588,2.601
3774,29.961617,3.029
3775,29.964909,3.292
3776,29.969577,4.668
3777,29.97362,4.043
3778,29.976605,2.985
3779,29.979958,3.353
3780,29.983338,3.38
3781,29.988334,4.996
3782,29.991304,2.97
3783,29.994867,3.563
3784,29.998125,3.258
3785,30.002929,4.804
3786,30.006876,3.947
3787,30.009572,2.696
3788,30.013146,3.574
3789,30.01649,3.344
3790,30.021461,4.971
3791,30.024202,2.741
3792,30.027633,3.431
3793,30.030983,3.35
3794,30.036374,5.391
3795,30.040418,4.044
3796,30.043024,2.606
3797,30.046529,3.505
3798,30.049947,3.418
3799,30.055047,5.1
3800,30.058078,3.031
3801,30.061497,3.419
3802,30.06476,3.263
3803,30.069574,4.814
3804,30.073649,4.075
3805,30.076241,2.592
3806,30.079934,3.693
3807,30.083295,3.361
3808,30.088256,4.961
3809,30.090952,2.696
3810,30.094507,3.555
3811,30.097901,3.394
3812,30.103056,5.155
3813,30.107117,4.061
3814,30.110045,2.928
3815,30.113394,3.349
3816,30.117816,4.422
3817,30.122274,4.458
3818,30.125101,2.827
3819,30.128531,3.43
3820,30.132101,3.57
3821,30.136972,4.871
3822,30.140829,3.857
3823,30.143813,2.984
3824,30.147217,3.404
3825,30.152223,5.006
3826,30.156392,4.169
3827,30.159275,2.883
3828,30.162609,3.334
3829,30.169943,7.334
3830,30.172597,2.654
3831,30.176279,3.682
3832,30.179299,3.02
3833,30.182467,3.168
3834,30.18702,4.553
3835,30.190828,3.808
3836,30.193596,2.768
3837,30.197186,3.59
3838,30.201877,4.691
3839,30.205585,3.708
3840,30.209591,4.006
3841,30.212608,3.017
3842,30.215869,3.261
3843,30.220243,4.374
3844,30.224238,3.995
3845,30.227236,2.998
3846,30.230747,3.511
3847,30.235544,4.797
3848,30.239231,3.687
3849,30.24322,3.989
3850,30.246369,3.149
3851,30.250572,4.203
3852,30.254009,3.437
3853,30.25805,4.041
3854,30.261103,3.053
3855,30.264458,3.355
3856,30.269121,4.663
3857,30.272462,3.341
3858,30.276558,4.096
3859,30.279794,3.236
3860,30.283967,4.173
3861,30.287733,3.766
3862,30.29179,4.057
3863,30.294555,2.765
3864,30.297986,3.431
3865,30.303124,5.138
3866,30.307393,4.269
3867,30.310223,2.83
3868,30.313712,3.489
3869,30.318657,4.945
3870,30.322057,3.4
3871,30.326307,4.25
3872,30.329544,3.237
3873,30.332652,3.108
3874,30.337078,4.426
3875,30.341077,3.999
3876,30.344013,2.936
3877,30.34744,3.427
3878,30.352613,5.173
3879,30.356086,3.473
3880,30.360209,4.123
3881,30.363132,2.923
3882,30.367981,4.849
3883,30.371476,3.495
3884,30.375484,4.008
3885,30.379081,3.597
3886,30.381696,2.615
3887,30.385895,4.199
3888,30.39034,4.445
3889,30.392906,2.566
3890,30.396397,3.491
3891,30.400931,4.534
3892,30.404377,3.446
3893,30.408657,4.28
3894,30.411724,3.067
3895,30.414699,2.975
3896,30.419451,4.752
3897,30.423547,4.096
3898,30.426314,2.767
3899,30.429985,3.671
3900,30.433221,3.236
3901,30.437454,4.233
3902,30.442144,4.69
3903,30.444959,2.815
3904,30.447867,2.908
3905,30.452679,4.812
3906,30.456519,3.84
3907,30.459353,2.834
3908,30.462796,3.443
3909,30.466107,3.311
3910,30.470301,4.194
3911,30.474622,4.321
3912,30.477679,3.057
3913,30.48084,3.161
3914,30.485515,4.675
3915,30.489555,4.04
3916,30.492711,3.156
3917,30.496311,3.6
3918,30.500226,3.915
3919,30.505831,5.605
3920,30.509261,3.43
3921,30.512274,3.013
3922,30.514949,2.675
3923,30.518816,3.867
3924,30.522932,4.116
3925,30.525704,2.772
3926,30.529172,3.468
3927,30.532491,3.319
3928,30.536819,4.328
3929,30.541025,4.206
3930,30.543941,2.916
3931,30.547554,3.613
3932,30.552315,4.761
3933,30.556362,4.047
3934,30.558994,2.632
3935,30.562902,3.908
3936,30.566043,3.141
3937,30.570476,4.433
3938,30.574452,3.976
3939,30.577401,2.949
3940,30.580633,3.232
3941,30.585739,5.106
3942,30.590093,4.354
3943,30.592807,2.714
3944,30.596143,3.336
3945,30.600822,4.679
3946,30.604061,3.239
3947,30.608226,4.165
3948,30.611365,3.139
3949,30.614481,3.116
3950,30.619205,4.724
3951,30.623323,4.118
3952,30.626283,2.96
3953,30.629637,3.354
3954,30.6343,4.663
3955,30.637673,3.373
3956,30.641761,4.088
3957,30.645222,3.461
3958,30.649984,4.762
3959,30.65289,2.906
3960,30.656931,4.041
3961,30.659741,2.81
3962,30.663077,3.336
3963,30.667637,4.56
3964,30.671204,3.567
3965,30.675181,3.977
3966,30.678431,3.25
3967,30.68146,3.029
3968,30.686207,4.747
3969,30.69019,3.983
3970,30.693089,2.899
3971,30.696586,3.497
3972,30.700938,4.352
3973,30.704561,3.623
3974,30.708635,4.074
3975,30.711557,2.922
3976,30.714732,3.175
3977,30.719483,4.751
3978,30.723511,4.028
3979,30.726081,2.57
3980,30.729831,3.75
3981,30.734363,4.532
3982,30.738005,3.642
3983,30.742482,4.477
3984,30.746112,3.63
3985,30.749744,3.632
3986,30.753367,3.623
3987,30.757232,3.865
3988,30.760063,2.831
3989,30.763451,3.388
3990,30.768657,5.206
3991,30.772049,3.392
3992,30.776016,3.967
3993,30.779085,3.069
3994,30.783692,4.607
3995,30.787139,3.447
3996,30.791136,3.997
3997,30.79404,2.904
3998,30.797157,3.117
3999,30.80222,5.063
4000,30.805634,3.414
4001,30.8095,3.866
4002,30.812608,3.108
4003,30.817186,4.578
4004,30.820631,3.445
4005,30.824874,4.243
4006,30.827852,2.978
4007,30.830856,3.004
4008,30.83562,4.764
4009,30.838801,3.181
4010,30.842759,3.958
4011,30.845846,3.087
4012,30.850454,4.608
4013,30.854074,3.62
4014,30.858305,4.231
4015,30.861209,2.904
4016,30.864417,3.208
4017,30.869425,5.008
4018,30.872717,3.292
4019,30.876588,3.871
4020,30.879704,3.116
4021,30.884128,4.424
4022,30.887661,3.533
4023,30.891711,4.05
4024,30.894481,2.77
4025,30.897872,3.391
4026,30.90282,4.948
4027,30.906807,3.987
4028,30.909776,2.969
4029,30.91339,3.614
4030,30.918556,5.166
4031,30.921986,3.43
4032,30.926091,4.105
4033,30.929373,3.282
4034,30.934129,4.756
4035,30.93746,3.331
4036,30.941822,4.362
4037,30.944853,3.031
4038,30.947732,2.879
4039,30.95303,5.298
4040,30.956986,3.956
4041,30.959739,2.753
4042,30.963216,3.477
4043,30.968633,5.417
4044,30.973409,4.776
4045,30.976546,3.137
4046,30.979331,2.785
4047,30.983178,3.847
4048,30.986827,3.649
4049,30.990892,4.065
4050,30.993608,2.716
4051,30.997218,3.61
4052,31.002201,4.983
4053,31.006694,4.493
4054,31.009496,2.802
4055,31.012596,3.1
4056,31.017714,5.118
4057,31.021122,3.408
4058,31.02524,4.118
4059,31.028756,3.516
4060,31.031499,2.743
4061,31.035965,4.466
4062,31.0402,4.235
4063,31.042934,2.734
4064,31.046369,3.435
4065,31.051198,4.829
4066,31.054744,3.546
4067,31.058761,4.017
4068,31.062233,3.472
4069,31.066051,3.818
4070,31.069787,3.736
4071,31.074228,4.441
4072,31.078172,3.944
4073,31.082467,4.295
4074,31.085722,3.255
4075,31.088994,3.272
4076,31.096179,7.185
4077,31.108355,12.176
4078,31.128686,20.331
4079,31.143141,14.455
4080,31.161143,18.002
4081,31.178553,17.41
4082,31.193616,15.063
4083,31.21179,18.174
4084,31.229244,17.454
4085,31.244455,15.211
4086,31.262641,18.186
4087,31.279911,17.27
4088,31.294917,15.006
4089,31.312866,17.949
4090,31.330436,17.57
4091,31.345547,15.111
4092,31.363493,17.946
4093,31.38075,17.257
4094,31.395749,14.999
4095,31.413913,18.164
4096,31.431327,17.414
4097,31.446335,15.008
4098,31.464481,18.146
4099,31.482024,17.543
4100,31.496772,14.748
4101,31.514888,18.116
4102,31.532226,17.338
4103,31.547079,14.853
4104,31.565097,18.018
4105,31.584122,19.025
4106,31.597507,13.385
4107,31.620132,22.625
4108,31.634836,14.704
4109,31.649801,14.965
4110,31.667848,18.047
4111,31.684963,17.115
4112,31.70011,15.147
4113,31.717995,17.885
4114,31.73537,17.375
4115,31.750415,15.045
4116,31.768543,18.128
4117,31.785986,17.443
4118,31.80084,14.854
4119,31.818797,17.957
4120,31.836405,17.608
4121,31.851334,14.929
4122,31.869474,18.14
4123,31.886903,17.429
4124,31.901937,15.034
4125,31.919866,17.929
4126,31.937273,17.407
4127,31.952238,14.965
4128,31.970364,18.126
4129,31.988127,17.763
4130,32.00274,14.613
4131,32.020637,17.897
4132,32.038102,17.465
4133,32.05315,15.048
4134,32.071158,18.008
4135,32.088595,17.437
4136,32.103798,15.203
4137,32.121785,17.987
4138,32.139138,17.353
4139,32.154142,15.004
4140,32.172196,18.054
4141,32.190973,18.777
4142,32.205576,14.603
4143,32.223797,18.221
4144,32.241347,17.55
4145,32.256432,15.085
4146,32.274976,18.544
4147,32.292291,17.315
4148,32.307332,15.041
4149,32.325423,18.091
4150,32.342955,17.532
4151,32.35805,15.095
4152,32.376078,18.028
4153,32.393395,17.317
4154,32.408245,14.85
4155,32.426067,17.822
4156,32.443379,17.312
4157,32.458293,14.914
4158,32.476456,18.163
4159,32.493632,17.176
4160,32.508647,15.015
4161,32.52664,17.993
4162,32.544,17.36
4163,32.559014,15.014
4164,32.576927,17.913
4165,32.594248,17.321
4166,32.609107,14.859
4167,32.627045,17.938
4168,32.644273,17.228
4169,32.659231,14.958
4170,32.677095,17.864
4171,32.694432,17.337
4172,32.709438,15.006
4173,32.727476,18.038
4174,32.745056,17.58
4175,32.759928,14.872
4176,32.777989,18.061
4177,32.795285,17.296
4178,32.810184,14.899
4179,32.828393,18.209
4180,32.845906,17.513
4181,32.860906,15.0
4182,32.879071,18.165
4183,32.896462,17.391
4184,32.911352,14.89
4185,32.929527,18.175
4186,32.947144,17.617
4187,32.962087,14.943
4188,32.980308,18.221
4189,32.997783,17.475
4190,33.012993,15.21
4191,33.030988,17.995
4192,33.048416,17.428
4193,33.063688,15.272
4194,33.081758,18.07
4195,33.099283,17.525
4196,33.114306,15.023
4197,33.132351,18.045
4198,33.149979,17.628
4199,33.164738,14.759
4200,33.182868,18.13
4201,33.200563,17.695
4202,33.215183,14.62
4203,33.233131,17.948
4204,33.250667,17.536
4205,33.265285,14.618
4206,33.282973,17.688
4207,33.300601,17.628
4208,33.315748,15.147
4209,33.333635,17.887
4210,33.352527,18.892
4211,33.36485,12.323
4212,33.391862,27.012
4213,33.402956,11.094
4214,33.422456,19.5
4215,33.436521,14.065
4216,33.454496,17.975
4217,33.471648,17.152
4218,33.486512,14.864
4219,33.504307,17.795
4220,33.521615,17.308
4221,33.536424,14.809
4222,33.554325,17.901
4223,33.5716570000001,17.332
4224,33.5865000000001,14.843
4225,33.6044920000001,17.992
4226,33.6217520000001,17.26
4227,33.6364200000001,14.668
4228,33.6543330000001,17.913
4229,33.671473,17.14
4230,33.686499,15.026
4231,33.704616,18.117
4232,33.721777,17.161
4233,33.736774,14.997
4234,33.754566,17.792
4235,33.771834,17.268
4236,33.786764,14.93
4237,33.804596,17.832
4238,33.822033,17.437
4239,33.83671,14.677
4240,33.854823,18.113
4241,33.87187,17.047
4242,33.886953,15.083
4243,33.904673,17.72
4244,33.921993,17.32
4245,33.936985,14.992
4246,33.954845,17.86
4247,33.972084,17.239
4248,33.987147,15.063
4249,34.005103,17.956
4250,34.02232,17.217
4251,34.037145,14.825
4252,34.055059,17.914
4253,34.072536,17.477
4254,34.087424,14.888
4255,34.105381,17.957
4256,34.122561,17.18
4257,34.137623,15.062
4258,34.155858,18.235
4259,34.173271,17.413
4260,34.18852,15.249
4261,34.206609,18.089
4262,34.224549,17.94
4263,34.239181,14.632
4264,34.257063,17.882
4265,34.274569,17.506
4266,34.289418,14.849
4267,34.307602,18.184
4268,34.324794,17.192
4269,34.339563,14.769
4270,34.357469,17.906
4271,34.374704,17.235
4272,34.38935,14.646
4273,34.407359,18.009
4274,34.424486,17.127
4275,34.43918,14.694
4276,34.457178,17.998
4277,34.474602,17.424
4278,34.489198,14.596
4279,34.506721,17.523
4280,34.523805,17.084
4281,34.538616,14.811
4282,34.556375,17.759
4283,34.573618,17.243
4284,34.588458,14.84
4285,34.60632,17.862
4286,34.623699,17.379
4287,34.638694,14.995
4288,34.656412,17.718
4289,34.673728,17.316
4290,34.688483,14.755
4291,34.706468,17.985
4292,34.723805,17.337
4293,34.738826,15.021
4294,34.756727,17.901
4295,34.77406,17.333
4296,34.788853,14.793
4297,34.806883,18.03
4298,34.824375,17.492
4299,34.839332,14.957
4300,34.857306,17.974
4301,34.874434,17.128
4302,34.889388,14.954
4303,34.907376,17.988
4304,34.924651,17.275
4305,34.939381,14.73
4306,34.957226,17.845
4307,34.974605,17.379
4308,34.989347,14.742
4309,35.007245,17.898
4310,35.024472,17.227
4311,35.039315,14.843
4312,35.057109,17.794
4313,35.074413,17.304
4314,35.08907,14.657
4315,35.106717,17.647
4316,35.12391,17.193
4317,35.138631,14.721
4318,35.156545,17.914
4319,35.173748,17.203
4320,35.188514,14.766
4321,35.206341,17.827
4322,35.223524,17.183
4323,35.238325,14.801
4324,35.256112,17.787
4325,35.273466,17.354
4326,35.499403,225.937
4327,35.507364,7.961
4328,35.522095,14.731
4329,35.54548,23.385
4330,35.565221,19.741
4331,35.585053,19.832
4332,35.600294,15.241
4333,35.61869,18.396
4334,35.636493,17.803
4335,35.651551,15.058
4336,35.669782,18.231
4337,35.691656,21.874
4338,35.706656,15.0
4339,35.729633,22.977
4340,35.748926,19.293
4341,35.772185,23.259
4342,35.791619,19.434
4343,35.811715,20.096
4344,35.827262,15.547
4345,35.850423,23.161
4346,35.869227,18.804
4347,35.892861,23.634
4348,35.912437,19.576
4349,35.932781,20.344
4350,35.948036,15.255
4351,35.966784,18.748
4352,35.985103,18.319
4353,36.000141,15.038
4354,36.02306,22.919
4355,36.041959,18.899
4356,36.061769,19.81
4357,36.082182,20.413
4358,36.097246,15.064
4359,36.11592,18.674
4360,36.13758,21.66
4361,36.152481,14.901
4362,36.170664,18.183
4363,36.192381,21.717
4364,36.207333,14.952
4365,36.230625,23.292
4366,36.249071,18.446
4367,36.272589,23.518
4368,36.291713,19.124
4369,36.31172,20.007
4370,36.327151,15.431
4371,36.345716,18.565
4372,36.367918,22.202
4373,36.382215,14.297
4374,36.405223,23.008
4375,36.424378,19.155
4376,36.443544,19.166
4377,36.463732,20.188
4378,36.478814,15.082
4379,36.497646,18.832
4380,36.518954,21.308
4381,36.533905,14.951
4382,36.556793,22.888
4383,36.575636,18.843
4384,36.599848,24.212
4385,36.618945,19.097
4386,36.639043,20.098
4387,36.654549,15.506
4388,36.673156,18.607
4389,36.695044,21.888
4390,36.710213,15.169
4391,36.733159,22.946
4392,36.7521,18.941
4393,36.774028,21.928
4394,36.793554,19.526
4395,36.814222,20.668
4396,36.83421,19.988
4397,36.854391,20.181
4398,36.870052,15.661
4399,36.893249,23.197
4400,36.912332,19.083
4401,36.934869,22.537
4402,36.954276,19.407
4403,36.969776,15.5
4404,36.993169,23.393
4405,37.01237,19.201
4406,37.034823,22.453
4407,37.054396,19.573
4408,37.070058,15.662
4409,37.093492,23.434
4410,37.112829,19.337
4411,37.137686,24.857
4412,37.156421,18.735
4413,37.171973,15.552
4414,37.193334,21.361
4415,37.208474,15.14
4416,37.233005,24.531
4417,37.252019,19.014
4418,37.27612,24.101
4419,37.296151,20.031
4420,37.316949,20.798
4421,37.332756,15.807
4422,37.351493,18.737
4423,37.373756,22.263
4424,37.388557,14.801
4425,37.41214,23.583
4426,37.418233,6.093
4427,37.42306,4.827
4428,37.428005,4.945
4429,37.433103,5.098
4430,37.437511,4.408
4431,37.442478,4.967
4432,37.446478,4.0
4433,37.451347,4.869
4434,37.455597,4.25
4435,37.460456,4.859
4436,37.464,3.544
4437,37.468661,4.661
4438,37.473057,4.396
4439,37.478074,5.017
4440,37.483873,5.799
4441,37.487579,3.706
4442,37.493026,5.447
4443,37.49701,3.984
4444,37.501734,4.724
4445,37.505636,3.902
4446,37.509894,4.258
4447,37.51405,4.156
4448,37.518611,4.561
4449,37.52236,3.749
4450,37.52698,4.62
4451,37.530863,3.883
4452,37.535364,4.501
4453,37.538911,3.547
4454,37.543047,4.136
4455,37.54706,4.013
4456,37.551623,4.563
4457,37.555339,3.716
4458,37.559372,4.033
4459,37.562987,3.615
4460,37.567642,4.655
4461,37.571403,3.761
4462,37.575894,4.491
4463,37.580569,4.675
4464,37.585056,4.487
4465,37.589855,4.799
4466,37.59394,4.085
4467,37.597627,3.687
4468,37.602737,5.11
4469,37.606644,3.907
4470,37.611129,4.485
4471,37.615143,4.014
4472,37.619809,4.666
4473,37.624095,4.286
4474,37.627928,3.833
4475,37.632453,4.525
4476,37.637367,4.914
4477,37.642195,4.828
4478,37.646392,4.197
4479,37.650789,4.397
4480,37.655885,5.096
4481,37.659909,4.024
4482,37.663741,3.832
4483,37.667359,3.618
4484,37.671334,3.975
4485,37.676053,4.719
4486,37.680256,4.203
4487,37.684577,4.321
4488,37.689248,4.671
4489,37.693595,4.347
4490,37.698501,4.906
4491,37.702472,3.971
4492,37.707815,5.343
4493,37.711824,4.009
4494,37.7160340000001,4.21
4495,37.7195940000001,3.56
4496,37.724303,4.709
4497,37.7284000000001,4.097
4498,37.731831,3.431
4499,37.735774,3.943
4500,37.7405010000001,4.727
4501,37.7441190000001,3.618
4502,37.7477830000001,3.664
4503,37.7517630000001,3.98
4504,37.7563860000001,4.623
4505,37.7605060000001,4.12
4506,37.7640610000001,3.555
4507,37.7676050000001,3.544
4508,37.7721350000001,4.53
4509,37.7764300000001,4.295
4510,37.7804620000001,4.032
4511,37.7849940000001,4.532
4512,37.7902300000001,5.236
4513,37.794131,3.901
4514,37.798002,3.871
4515,37.802133,4.131
4516,37.8078110000001,5.678
4517,37.8121030000001,4.292
4518,37.816002,3.899
4519,37.819895,3.893
4520,37.82532,5.425
4521,37.829167,3.847
4522,37.8330720000001,3.905
4523,37.836627,3.555
4524,37.841634,5.007
4525,37.8456600000001,4.026
4526,37.8493050000001,3.645
4527,37.853553,4.248
4528,37.8588200000001,5.267
4529,37.8625860000001,3.766
4530,37.867774,5.188
4531,37.875005,7.231
4532,37.879872,4.867
4533,37.884556,4.684
4534,37.891048,6.492
4535,37.896096,5.048
4536,37.901825,5.729
4537,37.905762,3.937
4538,37.910531,4.769
4539,37.914855,4.324
4540,37.918672,3.817
4541,37.922936,4.264
4542,37.927695,4.759
4543,37.932015,4.32
4544,37.935604,3.589
4545,37.940075,4.471
4546,37.944935,4.86
4547,37.949021,4.086
4548,37.953128,4.107
4549,37.957842,4.714
4550,37.96285,5.008
4551,37.966776,3.926
4552,37.970558,3.782
4553,37.976652,6.094
4554,37.980553,3.901
4555,37.984458,3.905
4556,37.988675,4.217
4557,37.99366,4.985
4558,37.997247,3.587
4559,38.001265,4.018
4560,38.005971,4.706
4561,38.010808,4.837
4562,38.014748,3.94
4563,38.018319,3.571
4564,38.022331,4.012
4565,38.028192,5.861
4566,38.032243,4.051
4567,38.036524,4.281
4568,38.041951,5.427
4569,38.045921,3.97
4570,38.050133,4.212
4571,38.05419,4.057
4572,38.0598,5.61
4573,38.063793,3.993
4574,38.067804,4.011
4575,38.071842,4.038
4576,38.077103,5.261
4577,38.081319,4.216
4578,38.085272,3.953
4579,38.090521,5.249
4580,38.094821,4.3
4581,38.09849,3.669
4582,38.102703,4.213
4583,38.107766,5.063
4584,38.111721,3.955
4585,38.115615,3.894
4586,38.119401,3.786
4587,38.125487,6.086
4588,38.129582,4.095
4589,38.133582,4.0
4590,38.137704,4.122
4591,38.142726,5.022
4592,38.146177,3.451
4593,38.149922,3.745
4594,38.153772,3.85
4595,38.158664,4.892
4596,38.163216,4.552
4597,38.167313,4.097
4598,38.170619,3.306
4599,38.175858,5.239
4600,38.1794000000001,3.542
4601,38.1832970000001,3.897
4602,38.187469,4.172
4603,38.192189,4.72
4604,38.197114,4.925
4605,38.2013490000001,4.235
4606,38.2074670000001,6.118
4607,38.2114340000001,3.967
4608,38.2154020000001,3.968
4609,38.2193830000001,3.981
4610,38.2244890000001,5.106
4611,38.2286570000001,4.168
4612,38.2332330000001,4.576
4613,38.2370760000001,3.843
4614,38.2421820000001,5.106
4615,38.2461520000001,3.97
4616,38.2506040000001,4.452
4617,38.2544960000001,3.892
4618,38.2594530000001,4.957
4619,38.2636280000001,4.175
4620,38.2671580000001,3.53
4621,38.2722450000001,5.087
4622,38.2777740000001,5.529
4623,38.2819050000001,4.131
4624,38.2855170000001,3.612
4625,38.2907230000001,5.206
4626,38.2949500000001,4.227
4627,38.2994290000001,4.479
4628,38.3038830000001,4.454
4629,38.3092810000001,5.398
4630,38.3136180000001,4.337
4631,38.3174710000001,3.853
4632,38.3227400000001,5.269
4633,38.3275560000001,4.816
4634,38.3318700000001,4.314
4635,38.3362960000001,4.426
4636,38.3415070000001,5.211
4637,38.3457910000001,4.284
4638,38.3500210000001,4.23
4639,38.3539450000001,3.924
4640,38.3594120000001,5.467
4641,38.3630230000001,3.611
4642,38.3672860000001,4.263
4643,38.3711280000001,3.842
4644,38.3771730000001,6.045
4645,38.3812910000001,4.118
4646,38.3852310000001,3.94
4647,38.3893760000001,4.145
4648,38.3941330000001,4.757
4649,38.3988220000001,4.689
4650,38.4031970000001,4.375
4651,38.4087270000001,5.53
4652,38.4127410000001,4.014
4653,38.4167630000001,4.022
4654,38.4213970000001,4.634
4655,38.4268550000001,5.458
4656,38.4309330000001,4.078
4657,38.4351750000001,4.242
4658,38.4390980000001,3.923
4659,38.4443700000001,5.272
4660,38.4484240000001,4.054
4661,38.4525730000001,4.149
4662,38.4571880000001,4.615
4663,38.4612280000001,4.04
4664,38.4653690000001,4.141
4665,38.469845,4.476
4666,38.474988,5.143
4667,38.479356,4.368
4668,38.48333,3.974
4669,38.48708,3.75
4670,38.491983,4.903
4671,38.496385,4.402
4672,38.500465,4.08
4673,38.505355,4.89
4674,38.510288,4.933
4675,38.514587,4.299
4676,38.518778,4.191
4677,38.523574,4.796
4678,38.528122,4.548
4679,38.532083,3.961
4680,38.536152,4.069
4681,38.541042,4.89
4682,38.544818,3.776
4683,38.549125,4.307
4684,38.55288,3.755
4685,38.557804,4.924
4686,38.561901,4.097
4687,38.567788,5.887
4688,38.572806,5.018
4689,38.578314,5.508
4690,38.582231,3.917
4691,38.586031,3.8
4692,38.591522,5.491
4693,38.5954270000001,3.905
4694,38.599286,3.859
4695,38.6035830000001,4.297
4696,38.609702,6.119
4697,38.613727,4.025
4698,38.61756,3.833
4699,38.621381,3.821
4700,38.626279,4.898
4701,38.630198,3.919
4702,38.634245,4.047
4703,38.638962,4.717
4704,38.64397,5.008
4705,38.648014,4.044
4706,38.651941,3.927
4707,38.657377,5.436
4708,38.661456,4.079
4709,38.666385,4.929
4710,38.67012,3.735
4711,38.675239,5.119
4712,38.682099,6.86
4713,38.685862,3.763
4714,38.689854,3.992
4715,38.694626,4.772
4716,38.699343,4.717
4717,38.703333,3.99
4718,38.708772,5.439
4719,38.712806,4.034
4720,38.717351,4.545
4721,38.721253,3.902
4722,38.726172,4.919
4723,38.730544,4.372
4724,38.734469,3.925
4725,38.738125,3.656
4726,38.743183,5.058
4727,38.746937,3.754
4728,38.751017,4.08
4729,38.754919,3.902
4730,38.759991,5.072
4731,38.764143,4.152
4732,38.768072,3.929
4733,38.772327,4.255
4734,38.777783,5.456
4735,38.78227,4.487
4736,38.785882,3.612
4737,38.790598,4.716
4738,38.794768,4.17
4739,38.798768,4.0
4740,38.802518,3.75
4741,38.807375,4.857
4742,38.811058,3.683
4743,38.814678,3.62
4744,38.818548,3.87
4745,38.823165,4.617
4746,38.827891,4.726
4747,38.835053,7.162
4748,38.841292,6.239
4749,38.851619,10.327
4750,38.855721,4.102
4751,38.860271,4.55
4752,38.868836,8.565
4753,38.873302,4.466
4754,38.878963,5.661
4755,38.88396,4.997
4756,38.888392,4.432
4757,38.894812,6.42
4758,38.903916,9.104
4759,38.908724,4.808
4760,38.913678,4.954
4761,38.918979,5.301
4762,38.924852,5.873
4763,38.928819,3.967
4764,38.934325,5.506
4765,38.939603,5.278
4766,38.942974,3.371
4767,38.947215,4.241
4768,38.950484,3.269
4769,38.954797,4.313
4770,38.959202,4.405
4771,38.963146,3.944
4772,38.970754,7.608
4773,38.97591,5.156
4774,38.979888,3.978
4775,38.983649,3.761
4776,38.98799,4.341
4777,38.993365,5.375
4778,38.996845,3.48
4779,39.0075,10.655
4780,39.022895,15.395
4781,39.041334,18.439
4782,39.063767,22.433
4783,39.080288,16.521
4784,39.102178,21.89
4785,39.117191,15.013
4786,39.14114,23.949
4787,39.160412,19.272
4788,39.180673,20.261
4789,39.19613,15.457
4790,39.214769,18.639
4791,39.236869,22.1
4792,39.251712,14.843
4793,39.274506,22.794
4794,39.29383,19.324
4795,39.315908,22.078
4796,39.335077,19.169
4797,39.350597,15.52
4798,39.373597,23.0
4799,39.392372,18.775
4800,39.416128,23.756
4801,39.435346,19.218
4802,39.455492,20.146
4803,39.475711,20.219
4804,39.496235,20.524
4805,39.511209,14.974
4806,39.529598,18.389
4807,39.551302,21.704
4808,39.566228,14.926
4809,39.58965,23.422
4810,39.608306,18.656
4811,39.630209,21.903
4812,39.649763,19.554
4813,39.665206,15.443
4814,39.68408,18.874
4815,39.705473,21.393
4816,39.720526,15.053
4817,39.743566,23.04
4818,39.762449,18.883
4819,39.782308,19.859
4820,39.802144,19.836
4821,39.817706,15.562
4822,39.84107,23.364
4823,39.860117,19.047
4824,39.882218,22.101
4825,39.901658,19.44
4826,39.917065,15.407
4827,39.939945,22.88
4828,39.958876,18.931
4829,39.978574,19.698
4830,39.999266,20.692
4831,40.013839,14.573
4832,40.032944,19.105
4833,40.054824,21.88
4834,40.069904,15.08
4835,40.092788,22.884
4836,40.111837,19.049
4837,40.134326,22.489
4838,40.153497,19.171
4839,40.173379,19.882
4840,40.193589,20.21
4841,40.209235,15.646
4842,40.227581,18.346
4843,40.249924,22.343
4844,40.264786,14.862
4845,40.288133,23.347
4846,40.307201,19.068
4847,40.326592,19.391
4848,40.347056,20.464
4849,40.362955,15.899
4850,40.381349,18.394
4851,40.403364,22.015
4852,40.418193,14.829
4853,40.441617,23.424
4854,40.46047,18.853
4855,40.480165,19.695
4856,40.50038,20.215
4857,40.520325,19.945
4858,40.538479,18.154
4859,40.553863,15.384
4860,40.57568,21.817
4861,40.595723,20.043
4862,40.610834,15.111
4863,40.629524,18.69
4864,40.651386,21.862
4865,40.666295,14.909
4866,40.689561,23.266
4867,40.708759,19.198
4868,40.730445,21.686
4869,40.750173,19.728
4870,40.766004,15.831
4871,40.789019,23.015
4872,40.808192,19.173
4873,40.830615,22.423
4874,40.849586,18.971
4875,40.865256,15.67
4876,40.892259,27.003
4877,40.907356,15.097
4878,40.927539,20.183
4879,40.942783,15.244
4880,40.965568,22.785
4881,40.984625,19.057
4882,41.00843,23.805
4883,41.023451,15.021
4884,41.046768,23.317
4885,41.066506,19.738
4886,41.08998,23.474
4887,41.10983,19.85
4888,41.130332,20.502
4889,41.14615,15.818
4890,41.165283,19.133
4891,41.187188,21.905
4892,41.202619,15.431
4893,41.226067,23.448
4894,41.245553,19.486
4895,41.265667,20.114
4896,41.2875,21.833
4897,41.301582,14.082
4898,41.323705,22.123
4899,41.342822,19.117
4900,41.365577,22.755
4901,41.385544,19.967
4902,41.406146,20.602
4903,41.426998,20.852
4904,41.442751,15.753
4905,41.462512,19.761
4906,41.48441,21.898
4907,41.500061,15.651
4908,41.523815,23.754
4909,41.543289,19.474
4910,41.566234,22.945
4911,41.585687,19.453
4912,41.606155,20.468
4913,41.622188,16.033
4914,41.641217,19.029
4915,41.663889,22.672
4916,41.679011,15.122
4917,41.702582,23.571
4918,41.721776,19.194
4919,41.741795,20.019
4920,41.762936,21.141
4921,41.778176,15.24
4922,41.797154,18.978
4923,41.819456,22.302
4924,41.834689,15.233
4925,41.858544,23.855
4926,41.877456,18.912
4927,41.901345,23.889
4928,41.921012,19.667
4929,41.941236,20.224
4930,41.957441,16.205
4931,41.975717,18.276
4932,41.99773,22.013
4933,42.012679,14.949
4934,42.035896,23.217
4935,42.054918,19.022
4936,42.074962,20.044
4937,42.094889,19.927
4938,42.110769,15.88
4939,42.129498,18.729
4940,42.151271,21.773
4941,42.158233,6.962
4942,42.163666,5.433
4943,42.169707,6.041
4944,42.174656,4.949
4945,42.178348,3.692
4946,42.182791,4.443
4947,42.187164,4.373
4948,42.190874,3.71
4949,42.194333,3.459
4950,42.199091,4.758
4951,42.203471,4.38
4952,42.208191,4.72
4953,42.211979,3.788
4954,42.216516,4.537
4955,42.220593,4.077
4956,42.224088,3.495
4957,42.227413,3.325
4958,42.231051,3.638
4959,42.235756,4.705
4960,42.240257,4.501
4961,42.243904,3.647
4962,42.247219,3.315
4963,42.251718,4.499
4964,42.255978,4.26
4965,42.260068,4.09
4966,42.263868,3.8
4967,42.267391,3.523
4968,42.273152,5.761
4969,42.277062,3.91
4970,42.281478,4.416
4971,42.285996,4.518
4972,42.291098,5.102
4973,42.294956,3.858
4974,42.298551,3.595
4975,42.303225,4.674
4976,42.30839,5.165
4977,42.312422,4.032
4978,42.315979,3.557
4979,42.320367,4.388
4980,42.325086,4.719
4981,42.328806,3.72
4982,42.332306,3.5
4983,42.336748,4.442
4984,42.341232,4.484
4985,42.345446,4.214
4986,42.349182,3.736
4987,42.353268,4.086
4988,42.358067,4.799
4989,42.361934,3.867
4990,42.36574,3.806
4991,42.370328,4.588
4992,42.375395,5.067
4993,42.379036,3.641
4994,42.38342,4.384
4995,42.388363,4.943
4996,42.393185,4.822
4997,42.397866,4.681
4998,42.402652,4.786
4999,42.4083,5.648
5000,42.414108,5.808
5001,42.41966,5.552
5002,42.423616,3.956
5003,42.427988,4.372
5004,42.433345,5.357
5005,42.437347,4.002
5006,42.441579,4.232
5007,42.445217,3.638
5008,42.449422,4.205
5009,42.454258,4.836
5010,42.457742,3.484
5011,42.461156,3.414
5012,42.466014,4.858
5013,42.470706,4.692
5014,42.475191,4.485
5015,42.47898,3.789
5016,42.483875,4.895
5017,42.487946,4.071
5018,42.492,4.054
5019,42.496167,4.167
5020,42.500703,4.536
5021,42.504579,3.876
5022,42.508603,4.024
5023,42.512647,4.044
5024,42.517691,5.044
5025,42.521649,3.958
5026,42.525115,3.466
5027,42.529304,4.189
5028,42.535584,6.28
5029,42.542658,7.074
5030,42.546358,3.7
5031,42.550518,4.16
5032,42.554879,4.361
5033,42.559358,4.479
5034,42.563072,3.714
5035,42.56806,4.988
5036,42.571984,3.924
5037,42.576152,4.168
5038,42.581105,4.953
5039,42.586071,4.966
5040,42.590401,4.33
5041,42.5939,3.499
5042,42.598012,4.112
5043,42.602529,4.517
5044,42.606876,4.347
5045,42.611386,4.51
5046,42.615991,4.605
5047,42.620564,4.573
5048,42.624614,4.05
5049,42.627996,3.382
5050,42.632499,4.503
5051,42.636643,4.144
5052,42.640337,3.694
5053,42.645311,4.974
5054,42.64896,3.649
5055,42.653716,4.756
5056,42.657891,4.175
5057,42.662241,4.35
5058,42.667632,5.391
5059,42.672235,4.603
5060,42.676345,4.11
5061,42.681181,4.836
5062,42.685199,4.018
5063,42.68936,4.161
5064,42.693684,4.324
5065,42.698136,4.452
5066,42.701624,3.488
5067,42.705512,3.888
5068,42.709922,4.41
5069,42.713601,3.679
5070,42.717014,3.413
5071,42.721572,4.558
5072,42.726675,5.103
5073,42.730457,3.782
5074,42.733816,3.359
5075,42.73774,3.924
5076,42.741824,4.084
5077,42.74559,3.766
5078,42.749707,4.117
5079,42.755766,6.059
5080,42.760246,4.48
5081,42.763939,3.693
5082,42.76787,3.931
5083,42.772454,4.584
5084,42.777559,5.105
5085,42.782936,5.377
5086,42.788425,5.489
5087,42.793515,5.09
5088,42.797417,3.902
5089,42.801498,4.081
5090,42.805389,3.891
5091,42.809727,4.338
5092,42.813729,4.002
5093,42.817545,3.816
5094,42.821676,4.131
5095,42.8266,4.924
5096,42.830094,3.494
5097,42.83365,3.556
5098,42.837872,4.222
5099,42.842107,4.235
5100,42.846036,3.929
5101,42.849756,3.72
5102,42.853836,4.08
5103,42.858572,4.736
5104,42.862405,3.833
5105,42.866255,3.85
5106,42.870404,4.149
5107,42.875048,4.644
5108,42.879696,4.648
5109,42.883411,3.715
5110,42.887592,4.181
5111,42.892061,4.469
5112,42.896011,3.95
5113,42.900005,3.994
5114,42.903717,3.712
5115,42.908067,4.35
5116,42.911754,3.687
5117,42.915742,3.988
5118,42.919663,3.921
5119,42.92452,4.857
5120,42.927979,3.459
5121,42.931658,3.679
5122,42.935181,3.523
5123,42.939209,4.028
5124,42.943434,4.225
5125,42.947012,3.578
5126,42.951514,4.502
5127,42.956055,4.541
5128,42.959303,3.248
5129,42.962699,3.396
5130,42.966619,3.92
5131,42.972104,5.485
5132,42.975832,3.728
5133,42.979383,3.551
5134,42.9834400000001,4.057
5135,42.9889650000001,5.525
5136,42.992284,3.319
5137,42.995921,3.637
5138,42.999502,3.581
5139,43.003934,4.432
5140,43.009011,5.077
5141,43.012579,3.568
5142,43.016493,3.914
5143,43.021468,4.975
5144,43.0254660000001,3.998
5145,43.0296840000001,4.218
5146,43.0335020000001,3.818
5147,43.0382110000001,4.709
5148,43.0416530000001,3.442
5149,43.0451860000001,3.533
5150,43.0518050000001,6.619
5151,43.0567090000001,4.904
5152,43.0605540000001,3.845
5153,43.0639920000001,3.438
5154,43.0677020000001,3.71
5155,43.0727270000001,5.025
5156,43.0765550000001,3.828
5157,43.0811240000001,4.569
5158,43.0850630000001,3.939
5159,43.0899850000001,4.922
5160,43.0936840000001,3.699
5161,43.0971470000001,3.463
5162,43.1005320000001,3.385
5163,43.1053220000001,4.79
5164,43.1087920000001,3.47
5165,43.1122870000001,3.495
5166,43.1161500000001,3.863
5167,43.1211730000001,5.023
5168,43.1254040000001,4.231
5169,43.1293270000001,3.923
5170,43.1330700000001,3.743
5171,43.1383140000001,5.244
5172,43.1419470000001,3.633
5173,43.1457150000001,3.768
5174,43.1490640000001,3.349
5175,43.1540440000001,4.98
5176,43.1583620000001,4.318
5177,43.1617440000001,3.382
5178,43.1650360000001,3.292
5179,43.1693630000001,4.327
5180,43.1728930000001,3.53
5181,43.1771090000001,4.216
5182,43.1806860000001,3.577
5183,43.1858830000001,5.197
5184,43.1901970000001,4.314
5185,43.1942920000001,4.095
5186,43.1977560000001,3.464
5187,43.2021980000001,4.442
5188,43.2060940000001,3.896
5189,43.2097930000001,3.699
5190,43.2133910000001,3.598
5191,43.2175890000001,4.198
5192,43.2218010000001,4.212
5193,43.2255520000001,3.751
5194,43.2290660000001,3.514
5195,43.2337480000001,4.682
5196,43.2381000000001,4.352
5197,43.2418510000001,3.751
5198,43.2453920000001,3.541
5199,43.2492770000001,3.885
5200,43.2536040000001,4.327
5201,43.2573940000001,3.79
5202,43.2617030000001,4.309
5203,43.2660460000001,4.343
5204,43.2702720000001,4.226
5205,43.2743170000001,4.045
5206,43.2778720000001,3.555
5207,43.2822870000001,4.415
5208,43.2867540000001,4.467
5209,43.2904680000001,3.714
5210,43.2942970000001,3.829
5211,43.2984340000001,4.137
5212,43.3024590000001,4.025
5213,43.3066730000001,4.214
5214,43.3103120000001,3.639
5215,43.3135170000001,3.205
5216,43.3177900000001,4.273
5217,43.3218570000001,4.067
5218,43.3262510000001,4.394
5219,43.3302640000001,4.013
5220,43.3344920000001,4.228
5221,43.3387610000001,4.269
5222,43.3420630000001,3.302
5223,43.3456340000001,3.571
5224,43.3497610000001,4.127
5225,43.3543600000001,4.599
5226,43.3582950000001,3.935
5227,43.3620540000001,3.759
5228,43.3656940000001,3.64
5229,43.3722960000001,6.602
5230,43.3762000000001,3.904
5231,43.3798630000001,3.663
5232,43.3834720000001,3.609
5233,43.3871960000001,3.724
5234,43.3920530000001,4.857
5235,43.3964470000001,4.394
5236,43.3998270000001,3.38
5237,43.4036830000001,3.856
5238,43.407936,4.253
5239,43.412141,4.205
5240,43.416043,3.902
5241,43.4196,3.557
5242,43.424258,4.658
5243,43.428239,3.981
5244,43.432896,4.657
5245,43.436665,3.769
5246,43.4409980000001,4.333
5247,43.444733,3.735
5248,43.448009,3.276
5249,43.45189,3.881
5250,43.455551,3.661
5251,43.4598510000001,4.3
5252,43.463749,3.898
5253,43.4680570000001,4.308
5254,43.4715440000001,3.487
5255,43.475992,4.448
5256,43.479784,3.792
5257,43.48414,4.356
5258,43.487933,3.793
5259,43.492161,4.228
5260,43.495815,3.654
5261,43.502087,6.272
5262,43.505566,3.479
5263,43.510053,4.487
5264,43.51373,3.677
5265,43.518288,4.558
5266,43.521807,3.519
5267,43.525775,3.968
5268,43.52971,3.935
5269,43.534256,4.546
5270,43.53814,3.884
5271,43.544,5.86
5272,43.548621,4.621
5273,43.553269,4.648
5274,43.557686,4.417
5275,43.563487,5.801
5276,43.568042,4.555
5277,43.572534,4.492
5278,43.576737,4.203
5279,43.581143,4.406
5280,43.585674,4.531
5281,43.589329,3.655
5282,43.592781,3.452
5283,43.597249,4.468
5284,43.601688,4.439
5285,43.60538,3.692
5286,43.608812,3.432
5287,43.612726,3.914
5288,43.616802,4.076
5289,43.619889,3.087
5290,43.623234,3.345
5291,43.627786,4.552
5292,43.63179,4.004
5293,43.636097,4.307
5294,43.639874,3.777
5295,43.644107,4.233
5296,43.648381,4.274
5297,43.652095,3.714
5298,43.656015,3.92
5299,43.660465,4.45
5300,43.664449,3.984
5301,43.6691140000001,4.665
5302,43.673421,4.307
5303,43.677909,4.488
5304,43.6822060000001,4.297
5305,43.6855030000001,3.297
5306,43.6892910000001,3.788
5307,43.6935190000001,4.228
5308,43.6968590000001,3.34
5309,43.7006200000001,3.761
5310,43.7050690000001,4.449
5311,43.7095240000001,4.455
5312,43.7136910000001,4.167
5313,43.7175820000001,3.891
5314,43.7212110000001,3.629
5315,43.7257990000001,4.588
5316,43.7294620000001,3.663
5317,43.7341380000001,4.676
5318,43.7454930000001,11.355
5319,43.7616350000001,16.142
5320,43.7827570000001,21.122
5321,43.8023870000001,19.63
5322,43.8182950000001,15.908
5323,43.8377630000001,19.468
5324,43.8600290000001,22.266
5325,43.8754970000001,15.468
5326,43.8994910000001,23.994
5327,43.9184400000001,18.949
5328,43.9383110000001,19.871
5329,43.9590310000001,20.72
5330,43.9750380000001,16.007
5331,43.9938670000001,18.829
5332,44.0163920000001,22.525
5333,44.0310050000001,14.613
5334,44.0541320000001,23.127
5335,44.0690710000001,14.939
5336,44.0892360000001,20.165
5337,44.1046960000001,15.46
5338,44.1232270000001,18.531
5339,44.1414380000001,18.211
5340,44.1564660000001,15.028
5341,44.1798690000001,23.403
5342,44.1984590000001,18.59
5343,44.2134090000001,14.95
5344,44.2364780000001,23.069
5345,44.2554680000001,18.99
5346,44.2756310000001,20.163
5347,44.2950340000001,19.403
5348,44.3108260000001,15.792
5349,44.3291490000001,18.323
5350,44.3508460000001,21.697
5351,44.3655420000001,14.696
5352,44.3884950000001,22.953
5353,44.4078250000001,19.33
5354,44.4266690000001,18.844
5355,44.4467700000001,20.101
5356,44.4622140000001,15.444
5357,44.4806230000001,18.409
5358,44.4983810000001,17.758
5359,44.5137960000001,15.415
5360,44.5326820000001,18.886
5361,44.5542140000001,21.532
5362,44.5691710000001,14.957
5363,44.5877510000001,18.58
5364,44.6056240000001,17.873
5365,44.6209770000001,15.353
5366,44.6394710000001,18.494
5367,44.6613830000001,21.912
5368,44.6765870000001,15.204
5369,44.6944760000001,17.889
5370,44.7129990000001,18.523
5371,44.7280190000001,15.02
5372,44.7466060000001,18.587
5373,44.7686310000001,22.025
5374,44.7837770000001,15.146
5375,44.8024400000001,18.663
5376,44.8205470000001,18.107
5377,44.8360930000001,15.546
5378,44.8546250000001,18.532
5379,44.8731360000001,18.511
5380,44.8886170000001,15.481
5381,44.9077180000001,19.101
5382,44.9296470000001,21.929
5383,44.9448300000001,15.183
5384,44.9636690000001,18.839
5385,44.9859480000001,22.279
5386,45.0011730000001,15.225
5387,45.0245460000001,23.373
5388,45.0397260000001,15.18
5389,45.055394,15.668
5390,45.074405,19.011
5391,45.092384,17.979
5392,45.108187,15.803
5393,45.12723,19.043
5394,45.145084,17.854
5395,45.161036,15.952
5396,45.179835,18.799
5397,45.201923,22.088
5398,45.216791,14.868
5399,45.239958,23.167
5400,45.259058,19.1
5401,45.278657,19.599
5402,45.294211,15.554
5403,45.3128770000001,18.666
5404,45.3306740000001,17.797
5405,45.3466920000001,16.018
5406,45.3650910000001,18.399
5407,45.3868780000001,21.787
5408,45.4020880000001,15.21
5409,45.4206920000001,18.604
5410,45.4387410000001,18.049
5411,45.4543030000001,15.562
5412,45.4726540000001,18.351
5413,45.4945090000001,21.855
5414,45.5093800000001,14.871
5415,45.5276840000001,18.304
5416,45.5454770000001,17.793
5417,45.5611890000001,15.712
5418,45.5792160000001,18.027
5419,45.6009450000001,21.729
5420,45.6158640000001,14.919
5421,45.6342340000001,18.37
5422,45.6521120000001,17.878
5423,45.6673980000001,15.286
5424,45.6859660000001,18.568
5425,45.7037440000001,17.778
5426,45.7192060000001,15.462
5427,45.7377570000001,18.551
5428,45.7556590000001,17.902
5429,45.7713710000001,15.712
5430,45.7900640000001,18.693
5431,45.8082010000001,18.137
5432,45.8230730000001,14.872
5433,45.8415050000001,18.432
5434,45.8593080000001,17.803
5435,45.8751760000001,15.868
5436,45.8935150000001,18.339
5437,45.9155210000001,22.006
5438,45.9304490000001,14.928
5439,45.9490910000001,18.642
5440,45.9670980000001,18.007
5441,45.9826340000001,15.536
5442,46.0012850000001,18.651
5443,46.0194670000001,18.182
5444,46.0353600000001,15.893
5445,46.0537290000001,18.369
5446,46.0717790000001,18.05
5447,46.0874300000001,15.651
5448,46.1061460000001,18.716
5449,46.1244950000001,18.349
5450,46.1396590000001,15.164
5451,46.1583120000001,18.653
5452,46.1762490000001,17.937
5453,46.1917260000001,15.477
5454,46.210161,18.435
5455,46.228119,17.958
5456,46.2434420000001,15.323
5457,46.2618310000001,18.389
5458,46.283648,21.817
5459,46.298385,14.737
5460,46.316465,18.08
5461,46.338362,21.897
5462,46.353358,14.996
5463,46.371782,18.424
5464,46.389272,17.49
5465,46.404523,15.251
5466,46.422934,18.411
5467,46.440996,18.062
5468,46.455541,14.545
5469,46.473654,18.113
5470,46.491151,17.497
5471,46.506207,15.056
5472,46.524377,18.17
5473,46.541796,17.419
5474,46.556875,15.079
5475,46.575078,18.203
5476,46.592542,17.464
5477,46.607791,15.249
5478,46.625822,18.031
5479,46.643361,17.539
5480,46.658309,14.948
5481,46.676312,18.003
5482,46.69378,17.468
5483,46.708923,15.143
5484,46.72681,17.887
5485,46.744174,17.364
5486,46.759318,15.144
5487,46.777407,18.089
5488,46.794803,17.396
5489,46.809932,15.129
5490,46.82797,18.038
5491,46.845558,17.588
5492,46.860576,15.018
5493,46.878674,18.098
5494,46.896989,18.315
5495,46.901487,4.498
5496,46.904901,3.414
5497,46.908575,3.674
5498,46.912119,3.544
5499,46.916877,4.758
5500,46.920231,3.354
5501,46.92333,3.099
5502,46.926775,3.445
5503,46.930544,3.769
5504,46.935095,4.551
5505,46.93899,3.895
5506,46.947646,8.656
5507,46.95145,3.804
5508,46.956277,4.827
5509,46.959992,3.715
5510,46.963425,3.433
5511,46.968154,4.729
5512,46.972013,3.859
5513,46.976175,4.162
5514,46.97986,3.685
5515,46.983353,3.493
5516,46.986958,3.605
5517,46.990951,3.993
5518,46.993467,2.516
5519,46.99735,3.883
5520,47.00067,3.32
5521,47.005567,4.897
5522,47.009557,3.99
5523,47.012771,3.214
5524,47.015899,3.128
5525,47.020683,4.784
5526,47.024838,4.155
5527,47.027663,2.825
5528,47.031234,3.571
5529,47.034526,3.292
5530,47.040206,5.68
5531,47.042838,2.632
5532,47.046314,3.476
5533,47.049856,3.542
5534,47.054991,5.135
5535,47.059714,4.723
5536,47.062885,3.171
5537,47.06585,2.965
5538,47.070262,4.412
5539,47.074286,4.024
5540,47.077066,2.78
5541,47.081457,4.391
5542,47.084867,3.41
5543,47.089087,4.22
5544,47.093238,4.151
5545,47.096353,3.115
5546,47.099387,3.034
5547,47.104777,5.39
5548,47.108945,4.168
5549,47.111908,2.963
5550,47.115034,3.126
5551,47.118342,3.308
5552,47.124109,5.767
5553,47.127033,2.924
5554,47.12972,2.687
5555,47.133423,3.703
5556,47.138893,5.47
5557,47.142883,3.99
5558,47.147659,4.776
5559,47.151497,3.838
5560,47.155103,3.606
5561,47.159316,4.213
5562,47.164235,4.919
5563,47.167875,3.64
5564,47.171397,3.522
5565,47.175569,4.172
5566,47.178353,2.784
5567,47.181475,3.122
5568,47.184985,3.51
5569,47.190454,5.469
5570,47.193398,2.944
5571,47.196582,3.184
5572,47.200211,3.629
5573,47.20524,5.029
5574,47.212394,7.154
5575,47.215856,3.462
5576,47.219723,3.867
5577,47.223029,3.306
5578,47.226532,3.503
5579,47.229254,2.722
5580,47.232788,3.534
5581,47.237771,4.983
5582,47.242086,4.315
5583,47.244862,2.776
5584,47.248153,3.291
5585,47.251784,3.631
5586,47.257131,5.347
5587,47.260154,3.023
5588,47.263576,3.422
5589,47.266761,3.185
5590,47.271912,5.151
5591,47.27625,4.338
5592,47.279205,2.955
5593,47.282421,3.216
5594,47.287502,5.081
5595,47.291608,4.106
5596,47.29485,3.242
5597,47.298074,3.224
5598,47.301544,3.47
5599,47.306076,4.532
5600,47.310255,4.179
5601,47.313218,2.963
5602,47.316538,3.32
5603,47.321684,5.146
5604,47.325967,4.283
5605,47.32922,3.253
5606,47.332287,3.067
5607,47.337207,4.92
5608,47.341105,3.898
5609,47.34394,2.835
5610,47.347377,3.437
5611,47.350791,3.414
5612,47.355652,4.861
5613,47.359722,4.07
5614,47.362894,3.172
5615,47.366394,3.5
5616,47.371342,4.948
5617,47.375389,4.047
5618,47.378055,2.666
5619,47.381822,3.767
5620,47.385401,3.579
5621,47.390686,5.285
5622,47.393686,3.0
5623,47.396697,3.011
5624,47.399994,3.297
5625,47.40517,5.176
5626,47.409278,4.108
5627,47.412349,3.071
5628,47.415771,3.422
5629,47.42021,4.439
5630,47.424838,4.628
5631,47.42761,2.772
5632,47.431201,3.591
5633,47.434838,3.637
5634,47.439381,4.543
5635,47.443819,4.438
5636,47.44714,3.321
5637,47.450041,2.901
5638,47.454551,4.51
5639,47.458886,4.335
5640,47.461664,2.778
5641,47.465535,3.871
5642,47.468587,3.052
5643,47.474064,5.477
5644,47.476926,2.862
5645,47.480447,3.521
5646,47.483893,3.446
5647,47.488805,4.912
5648,47.493002,4.197
5649,47.495808,2.806
5650,47.499421,3.613
5651,47.503976,4.555
5652,47.508513,4.537
5653,47.511209,2.696
5654,47.514736,3.527
5655,47.518209,3.473
5656,47.523551,5.342
5657,47.52645,2.899
5658,47.530349,3.899
5659,47.533603,3.254
5660,47.538387,4.784
5661,47.542358,3.971
5662,47.545261,2.903
5663,47.548822,3.561
5664,47.552282,3.46
5665,47.557404,5.122
5666,47.560648,3.244
5667,47.563801,3.153
5668,47.567212,3.411
5669,47.572082,4.87
5670,47.576072,3.99
5671,47.578964,2.892
5672,47.582598,3.634
5673,47.587317,4.719
5674,47.591418,4.101
5675,47.594635,3.217
5676,47.598133,3.498
5677,47.601388,3.255
5678,47.607127,5.739
5679,47.609819,2.692
5680,47.613207,3.388
5681,47.616915,3.708
5682,47.621979,5.064
5683,47.626374,4.395
5684,47.629288,2.914
5685,47.632507,3.219
5686,47.637634,5.127
5687,47.641633,3.999
5688,47.644504,2.871
5689,47.648121,3.617
5690,47.6517,3.579
5691,47.656305,4.605
5692,47.660161,3.856
5693,47.663176,3.015
5694,47.666534,3.358
5695,47.671741,5.207
5696,47.675947,4.206
5697,47.679026,3.079
5698,47.682205,3.179
5699,47.687173,4.968
5700,47.691374,4.201
5701,47.694151,2.777
5702,47.697965,3.814
5703,47.701438,3.473
5704,47.707087,5.649
5705,47.709805,2.718
5706,47.713354,3.549
5707,47.716674,3.32
5708,47.721699,5.025
5709,47.725909,4.21
5710,47.72897,3.061
5711,47.732493,3.523
5712,47.737471,4.978
5713,47.741861,4.39
5714,47.744653,2.792
5715,47.748254,3.601
5716,47.751652,3.398
5717,47.756131,4.479
5718,47.760227,4.096
5719,47.76318,2.953
5720,47.766689,3.509
5721,47.771409,4.72
5722,47.775708,4.299
5723,47.778401,2.693
5724,47.782035,3.634
5725,47.785633,3.598
5726,47.79049,4.857
5727,47.793395,2.905
5728,47.797014,3.619
5729,47.800313,3.299
5730,47.805575,5.262
5731,47.809623,4.048
5732,47.812556,2.933
5733,47.816185,3.629
5734,47.820725,4.54
5735,47.825152,4.427
5736,47.828072,2.92
5737,47.831679,3.607
5738,47.835119,3.44
5739,47.839378,4.259
5740,47.84364,4.262
5741,47.846303,2.663
5742,47.849885,3.582
5743,47.854758,4.873
5744,47.858827,4.069
5745,47.861431,2.604
5746,47.865083,3.652
5747,47.868569,3.486
5748,47.873537,4.968
5749,47.876266,2.729
5750,47.879733,3.467
5751,47.883164,3.431
5752,47.888271,5.107
5753,47.892433,4.162
5754,47.895182,2.749
5755,47.89861,3.428
5756,47.90232,3.71
5757,47.907329,5.009
5758,47.9102,2.871
5759,47.913721,3.521
5760,47.917165,3.444
5761,47.921806,4.641
5762,47.925969,4.163
5763,47.92848,2.511
5764,47.932151,3.671
5765,47.936743,4.592
5766,47.941041,4.298
5767,47.94389,2.849
5768,47.947793,3.903
5769,47.95093,3.137
5770,47.955852,4.922
5771,47.960024,4.172
5772,47.963029,3.005
5773,47.966286,3.257
5774,47.971065,4.779
5775,47.975028,3.963
5776,47.978103,3.075
5777,47.981591,3.488
5778,47.985075,3.484
5779,47.990278,5.203
5780,47.993073,2.795
5781,47.996584,3.511
5782,48.000056,3.472
5783,48.005161,5.105
5784,48.009348,4.187
5785,48.012002,2.654
5786,48.015626,3.624
5787,48.020176,4.55
5788,48.024607,4.431
5789,48.027175,2.568
5790,48.030585,3.41
5791,48.03414,3.555
5792,48.039169,5.029
5793,48.043442,4.273
5794,48.046169,2.727
5795,48.049712,3.543
5796,48.055085,5.373
5797,48.058914,3.829
5798,48.061723,2.809
5799,48.065276,3.553
5800,48.070069,4.793
5801,48.074579,4.51
5802,48.077568,2.989
5803,48.080908,3.34
5804,48.085187,4.279
5805,48.090212,5.025
5806,48.093101,2.889
5807,48.100321,7.22
5808,48.103429,3.108
5809,48.108788,5.359
5810,48.111837,3.049
5811,48.118665,6.828
5812,48.121132,2.467
5813,48.124244,3.112
5814,48.127046,2.802
5815,48.130369,3.323
5816,48.13385,3.481
5817,48.138574,4.724
5818,48.142759,4.185
5819,48.145509,2.75
5820,48.14902,3.511
5821,48.154403,5.383
5822,48.158455,4.052
5823,48.161173,2.718
5824,48.164805,3.632
5825,48.168199,3.394
5826,48.17273,4.531
5827,48.176708,3.978
5828,48.179984,3.276
5829,48.183024,3.04
5830,48.187735,4.711
5831,48.192,4.265
5832,48.194743,2.743
5833,48.198288,3.545
5834,48.201762,3.474
5835,48.207085,5.323
5836,48.209576,2.491
5837,48.213102,3.526
5838,48.216479,3.377
5839,48.221424,4.945
5840,48.225694,4.27
5841,48.228562,2.868
5842,48.231913,3.351
5843,48.23624,4.327
5844,48.240396,4.156
5845,48.243587,3.191
5846,48.246594,3.007
5847,48.24988,3.286
5848,48.255059,5.179
5849,48.25875,3.691
5850,48.261542,2.792
5851,48.264835,3.293
5852,48.268185,3.35
5853,48.272906,4.721
5854,48.275956,3.05
5855,48.279096,3.14
5856,48.282305,3.209
5857,48.287357,5.052
5858,48.291275,3.918
5859,48.293838,2.563
5860,48.297542,3.704
5861,48.30055,3.008
5862,48.305555,5.005
5863,48.308398,2.843
5864,48.311801,3.403
5865,48.314926,3.125
5866,48.31959,4.664
5867,48.323585,3.995
5868,48.32617,2.585
5869,48.329685,3.515
5870,48.332725,3.04
5871,48.337958,5.233
5872,48.340987,3.029
5873,48.343848,2.861
5874,48.347299,3.451
5875,48.350555,3.256
5876,48.355546,4.991
5877,48.358279,2.733
5878,48.361674,3.395
5879,48.364827,3.153
5880,48.368996,4.169
5881,48.372347,3.351
5882,48.375512,3.165
5883,48.378856,3.344
5884,48.382212,3.356
5885,48.387806,5.594
5886,48.390634,2.828
5887,48.393425,2.791
5888,48.397083,3.658
5889,48.40103,3.947
5890,48.404818,3.788
5891,48.407981,3.163
5892,48.41115,3.169
5893,48.414732,3.582
5894,48.418722,3.99
5895,48.422113,3.391
5896,48.425494,3.381
5897,48.428532,3.038
5898,48.432725,4.193
5899,48.435321,2.596
5900,48.439487,4.166
5901,48.442761,3.274
5902,48.44748,4.719
5903,48.450935,3.455
5904,48.453723,2.788
5905,48.457271,3.548
5906,48.460657,3.386
5907,48.464296,3.639
5908,48.468822,4.526
5909,48.471698,2.876
5910,48.474795,3.097
5911,48.482699,7.904
5912,48.497326,14.627
5913,48.514041,16.715
5914,48.531701,17.66
5915,48.545814,14.113
5916,48.563693,17.879
5917,48.580034,16.341
5918,48.594542,14.508
5919,48.611978,17.436
5920,48.628651,16.673
5921,48.643194,14.543
5922,48.660462,17.268
5923,48.677302,16.84
5924,48.691802,14.5
5925,48.709235,17.433
5926,48.725936,16.701
5927,48.740331,14.395
5928,48.757942,17.611
5929,48.774451,16.509
5930,48.788668,14.217
5931,48.805971,17.303
