frame,elapsed_seconds,frame_ms
0,0.003216,3.216
1,0.005769,2.553
2,0.014234,8.465
3,0.016845,2.611
4,0.019086,2.241
5,0.027856,8.77
6,0.031236,3.38
7,0.036382,5.146
8,0.038759,2.377
9,0.043424,4.665
10,0.048077,4.653
11,0.050585,2.508
12,0.059697,9.112
13,0.0624,2.703
14,0.067044,4.644
15,0.0705,3.456
16,0.073164,2.664
17,0.078983,5.819
18,0.08257,3.587
19,0.085251,2.681
20,0.093714,8.463
21,0.096804,3.09
22,0.100225,3.421
23,0.102852,2.627
24,0.105369,2.517
25,0.113073,7.704
26,0.116644,3.571
27,0.119251,2.607
28,0.127625,8.374
29,0.130837,3.212
30,0.133983,3.146
31,0.136779,2.796
32,0.139413,2.634
33,0.147254,7.841
34,0.150941,3.687
35,0.153332,2.391
36,0.161918,8.586
37,0.164714,2.796
38,0.168956,4.242
39,0.172131,3.175
40,0.175147,3.016
41,0.181106,5.959
42,0.184694,3.588
43,0.186961,2.267
44,0.195909,8.948
45,0.198858,2.949
46,0.202208,3.35
47,0.20488,2.672
48,0.207249,2.369
49,0.215221,7.972
50,0.218728,3.507
51,0.221873,3.145
52,0.229983,8.11
53,0.233014,3.031
54,0.237226,4.212
55,0.239727,2.501
56,0.24291,3.183
57,0.246339,3.429
58,0.251624,5.285
59,0.255105,3.481
60,0.258347,3.242
61,0.261975,3.628
62,0.265312,3.337
63,0.267983,2.671
64,0.275088,7.105
65,0.278102,3.014
66,0.281982,3.88
67,0.284952,2.97
68,0.288685,3.733
69,0.29286,4.175
70,0.295378,2.518
71,0.29923,3.852
72,0.302294,3.064
73,0.310103,7.809
74,0.312683,2.58
75,0.317032,4.349
76,0.319388,2.356
77,0.327042,7.654
78,0.330001,2.959
79,0.333917,3.916
80,0.33679,2.873
81,0.339258,2.468
82,0.346568,7.31
83,0.35106,4.492
84,0.354347,3.287
85,0.361104,6.757
86,0.364074,2.97
87,0.367404,3.33
88,0.370195,2.791
89,0.37312,2.925
90,0.380801,7.681
91,0.384113,3.312
92,0.386537,2.424
93,0.395431,8.894
94,0.398018,2.587
95,0.400893,2.875
96,0.403968,3.075
97,0.406293,2.325
98,0.414932,8.639
99,0.41817,3.238
100,0.420482,2.312
101,0.42973,9.248
102,0.432558,2.828
103,0.436344,3.786
104,0.439413,3.069
105,0.442972,3.559
106,0.445643,2.671
107,0.450386,4.743
108,0.453476,3.09
109,0.457094,3.618
110,0.45983,2.736
111,0.462122,2.292
112,0.465154,3.032
113,0.474011,8.857
114,0.477132,3.121
115,0.479717,2.585
116,0.483975,4.258
117,0.486977,3.002
118,0.493554,6.577
119,0.496237,2.683
120,0.501041,4.804
121,0.504347,3.306
122,0.510402,6.055
123,0.513023,2.621
124,0.516075,3.052
125,0.518673,2.598
126,0.527553,8.88
127,0.530279,2.726
128,0.534853,4.574
129,0.538414,3.561
130,0.541789,3.375
131,0.54675,4.961
132,0.550255,3.505
133,0.553594,3.339
134,0.556296,2.702
135,0.563856,7.56
136,0.567056,3.2
137,0.569734,2.678
138,0.578516,8.782
139,0.581442,2.926
140,0.58586,4.418
141,0.589271,3.411
142,0.591945,2.674
143,0.597922,5.977
144,0.601139,3.217
145,0.60379,2.651
146,0.612661,8.871
147,0.615422,2.761
148,0.618714,3.292
149,0.621929,3.215
150,0.624667,2.738
151,0.628481,3.814
152,0.631581,3.1
153,0.633767,2.186
154,0.640361,6.594
155,0.642737,2.376
156,0.645113,2.376
157,0.650036,4.923
158,0.652851,2.815
159,0.659581,6.73
160,0.662752,3.171
161,0.667129,4.377
162,0.670175,3.046
163,0.676663,6.488
164,0.679638,2.975
165,0.684104,4.466
166,0.686962,2.858
167,0.693762,6.8
168,0.69688,3.118
169,0.701328,4.448
170,0.70398,2.652
171,0.710857,6.877
172,0.713746,2.889
173,0.718487,4.741
174,0.721118,2.631
175,0.727968,6.85
176,0.731349,3.381
177,0.735381,4.032
178,0.738132,2.751
179,0.744954,6.822
180,0.747687,2.733
181,0.752819,5.132
182,0.75548,2.661
183,0.762139,6.659
184,0.765051,2.912
185,0.768112,3.061
186,0.776822,8.71
187,0.779597,2.775
188,0.782356,2.759
189,0.786567,4.211
190,0.789061,2.494
191,0.796429,7.368
192,0.799097,2.668
193,0.802048,2.951
194,0.811081,9.033
195,0.81395,2.869
196,0.817841,3.891
197,0.822533,4.692
198,0.825554,3.021
199,0.830369,4.815
200,0.83326,2.891
201,0.836488,3.228
202,0.845097,8.609
203,0.847554,2.457
204,0.850025,2.471
205,0.853153,3.128
206,0.862067,8.914
207,0.865461,3.394
208,0.868891,3.43
209,0.873887,4.996
210,0.876456,2.569
211,0.881339,4.883
212,0.884063,2.724
213,0.887363,3.3
214,0.896229,8.866
215,0.899346,3.117
216,0.902784,3.438
217,0.907913,5.129
218,0.91061,2.697
219,0.913543,2.933
220,0.916263,2.72
221,0.921745,5.482
222,0.924594,2.849
223,0.92714,2.546
224,0.93056,3.42
225,0.934361,3.801
226,0.942407,8.046
227,0.946611,4.204
228,0.949405,2.794
229,0.954014,4.609
230,0.957065,3.051
231,0.960561,3.496
232,0.963163,2.602
233,0.966733,3.57
234,0.97523,8.497
235,0.978244,3.014
236,0.981889,3.645
237,0.986772,4.883
238,0.990293,3.521
239,0.994586,4.293
240,0.997135,2.549
241,1.000394,3.259
242,1.009452,9.058
243,1.012424,2.972
244,1.01601,3.586
245,1.021093,5.083
246,1.023801,2.708
247,1.028747,4.946
248,1.031484,2.737
249,1.034431,2.947
250,1.043491,9.06
251,1.046104,2.613
252,1.048678,2.574
253,1.053228,4.55
254,1.055997,2.769
255,1.062808,6.811
256,1.065321,2.513
257,1.068515,3.194
258,1.077459,8.944
259,1.080011,2.552
260,1.082402,2.391
261,1.087314,4.912
262,1.09042,3.106
263,1.096718,6.298
264,1.099337,2.619
265,1.102464,3.127
266,1.111383,8.919
267,1.114056,2.673
268,1.116783,2.727
269,1.121417,4.634
270,1.124143,2.726
271,1.131066,6.923
272,1.133453,2.387
273,1.136331,2.878
274,1.145569,9.238
275,1.14844,2.871
276,1.152295,3.855
277,1.157253,4.958
278,1.159777,2.524
279,1.162859,3.082
280,1.165479,2.62
281,1.171605,6.126
282,1.174812,3.207
283,1.17726,2.448
284,1.179714,2.454
285,1.182589,2.875
286,1.189982,7.393
287,1.192857,2.875
288,1.196518,3.661
289,1.201491,4.973
290,1.204956,3.465
291,1.20926,4.304
292,1.211914,2.654
293,1.21686,4.946
294,1.219903,3.043
295,1.226283,6.38
296,1.229087,2.804
297,1.234745,5.658
298,1.23741,2.665
299,1.243808,6.398
300,1.246603,2.795
301,1.250942,4.339
302,1.253406,2.464
303,1.260366,6.96
304,1.262906,2.54
305,1.267916,5.01
306,1.27107,3.154
307,1.277481,6.411
308,1.280005,2.524
309,1.28505,5.045
310,1.287943,2.893
311,1.294698,6.755
312,1.297451,2.753
313,1.302019,4.568
314,1.305022,3.003
315,1.311555,6.533
316,1.314195,2.64
317,1.319002,4.807
318,1.321644,2.642
319,1.328544,6.9
320,1.331185,2.641
321,1.335926,4.741
322,1.338498,2.572
323,1.341177,2.679
324,1.348054,6.877
325,1.35285,4.796
326,1.355983,3.133
327,1.36281,6.827
328,1.365694,2.884
329,1.370173,4.479
330,1.373522,3.349
331,1.379034,5.512
332,1.381944,2.91
333,1.38601,4.066
334,1.389117,3.107
335,1.391905,2.788
336,1.394706,2.801
337,1.399431,4.725
338,1.404033,4.602
339,1.406923,2.89
340,1.409892,2.969
341,1.414639,4.747
342,1.417619,2.98
343,1.421041,3.422
344,1.423928,2.887
345,1.42775,3.822
346,1.432766,5.016
347,1.43621,3.444
348,1.439264,3.054
349,1.443472,4.208
350,1.447918,4.446
351,1.451277,3.359
352,1.456241,4.964
353,1.459414,3.173
354,1.463415,4.001
355,1.466752,3.337
356,1.470305,3.553
357,1.475578,5.273
358,1.480703,5.125
359,1.483659,2.956
360,1.490124,6.465
361,1.497839,7.715
362,1.503342,5.503
363,1.506611,3.269
364,1.508815,2.204
365,1.51278,3.965
366,1.516226,3.446
367,1.521288,5.062
368,1.524185,2.897
369,1.527915,3.73
370,1.531652,3.737
371,1.535635,3.983
372,1.540745,5.11
373,1.544753,4.008
374,1.548417,3.664
375,1.551432,3.015
376,1.557698,6.266
377,1.561865,4.167
378,1.565143,3.278
379,1.568227,3.084
380,1.571324,3.097
381,1.577169,5.845
382,1.5821,4.931
383,1.585353,3.253
384,1.588019,2.666
385,1.594049,6.03
386,1.597632,3.583
387,1.599982,2.35
388,1.608633,8.651
389,1.611457,2.824
390,1.615976,4.519
391,1.61961,3.634
392,1.622266,2.656
393,1.628006,5.74
394,1.631545,3.539
395,1.634209,2.664
396,1.642722,8.513
397,1.646953,4.231
398,1.650738,3.785
399,1.653599,2.861
400,1.656246,2.647
401,1.662283,6.037
402,1.66563,3.347
403,1.668295,2.665
404,1.677009,8.714
405,1.68112,4.111
406,1.685089,3.969
407,1.687891,2.802
408,1.691842,3.951
409,1.696241,4.399
410,1.700549,4.308
411,1.703515,2.966
412,1.706256,2.741
413,1.710252,3.996
414,1.713597,3.345
415,1.716648,3.051
416,1.721208,4.56
417,1.725242,4.034
418,1.727862,2.62
419,1.730972,3.11
420,1.73806,7.088
421,1.74088,2.82
422,1.744604,3.724
423,1.749629,5.025
424,1.753141,3.512
425,1.757456,4.315
426,1.760036,2.58
427,1.763188,3.152
428,1.766136,2.948
429,1.77461,8.474
430,1.777566,2.956
431,1.780578,3.012
432,1.783789,3.211
433,1.786411,2.622
434,1.794081,7.67
435,1.797618,3.537
436,1.800837,3.219
437,1.805089,4.252
438,1.807811,2.722
439,1.814197,6.386
440,1.816818,2.621
441,1.825779,8.961
442,1.828397,2.618
443,1.831706,3.309
444,1.834698,2.992
445,1.839171,4.473
446,1.841633,2.462
447,1.845493,3.86
448,1.84871,3.217
449,1.852941,4.231
450,1.855635,2.694
451,1.859229,3.594
452,1.862911,3.682
453,1.865737,2.826
454,1.872894,7.157
455,1.875759,2.865
456,1.879831,4.072
457,1.883531,3.7
458,1.886109,2.578
459,1.891956,5.847
460,1.894469,2.513
461,1.897482,3.013
462,1.906573,9.091
463,1.909571,2.998
464,1.912404,2.833
465,1.916609,4.205
466,1.919393,2.784
467,1.926103,6.71
468,1.928895,2.792
469,1.933432,4.537
470,1.935932,2.5
471,1.942961,7.029
472,1.945407,2.446
473,1.948473,3.066
474,1.957645,9.172
475,1.963213,5.568
476,1.965635,2.422
477,1.969598,3.963
478,1.972641,3.043
479,1.976869,4.228
480,1.979526,2.657
481,1.982449,2.923
482,1.991736,9.287
483,1.994586,2.85
484,1.998308,3.722
485,2.003279,4.971
486,2.006278,2.999
487,2.011083,4.805
488,2.013584,2.501
489,2.017195,3.611
490,2.025553,8.358
491,2.02862,3.067
492,2.032395,3.775
493,2.035612,3.217
494,2.042615,7.003
495,2.045343,2.728
496,2.048021,2.678
497,2.052864,4.843
498,2.055398,2.534
499,2.062192,6.794
500,2.064971,2.779
501,2.06789,2.919
502,2.076758,8.868
503,2.079673,2.915
504,2.08346,3.787
505,2.088618,5.158
506,2.090943,2.325
507,2.09424,3.297
508,2.096924,2.684
509,2.102497,5.573
510,2.105163,2.666
511,2.108207,3.044
512,2.110866,2.659
513,2.113918,3.052
514,2.121091,7.173
515,2.123816,2.725
516,2.126337,2.521
517,2.131165,4.828
518,2.134145,2.98
519,2.140491,6.346
520,2.143225,2.734
521,2.147991,4.766
522,2.150805,2.814
523,2.157672,6.867
524,2.160285,2.613
525,2.165165,4.88
526,2.168313,3.148
527,2.174627,6.314
528,2.177419,2.792
529,2.1823,4.881
530,2.184861,2.561
531,2.191631,6.77
532,2.194197,2.566
533,2.199172,4.975
534,2.201771,2.599
535,2.20879,7.019
536,2.211269,2.479
537,2.216114,4.845
538,2.221371,5.257
539,2.226108,4.737
540,2.229494,3.386
541,2.234053,4.559
542,2.240907,6.854
543,2.244483,3.576
544,2.2482,3.717
545,2.25254,4.34
546,2.255983,3.443
547,2.259573,3.59
548,2.262284,2.711
549,2.265748,3.464
550,2.274242,8.494
551,2.278164,3.922
552,2.281219,3.055
553,2.285887,4.668
554,2.289437,3.55
555,2.293435,3.998
556,2.298085,4.65
557,2.302721,4.636
558,2.308517,5.796
559,2.312931,4.414
560,2.31556,2.629
561,2.319337,3.777
562,2.324651,5.314
563,2.327012,2.361
564,2.329581,2.569
565,2.332573,2.992
566,2.341813,9.24
567,2.344595,2.782
568,2.348515,3.92
569,2.353472,4.957
570,2.356143,2.671
571,2.36094,4.797
572,2.363267,2.327
573,2.37485,11.583
574,2.37755,2.7
575,2.380115,2.565
576,2.382815,2.7
577,2.387572,4.757
578,2.390503,2.931
579,2.394253,3.75
580,2.396799,2.546
581,2.401712,4.913
582,2.404318,2.606
583,2.407325,3.007
584,2.409882,2.557
585,2.413094,3.212
586,2.420201,7.107
587,2.423155,2.954
588,2.426993,3.838
589,2.432023,5.03
590,2.434818,2.795
591,2.439581,4.763
592,2.442571,2.99
593,2.447073,4.502
594,2.449888,2.815
595,2.456716,6.828
596,2.459438,2.722
597,2.46442,4.982
598,2.467448,3.028
599,2.47437,6.922
600,2.478082,3.712
601,2.481529,3.447
602,2.484405,2.876
603,2.490574,6.169
604,2.493129,2.555
605,2.498193,5.064
606,2.500934,2.741
607,2.50801,7.076
608,2.512455,4.445
609,2.515778,3.323
610,2.518917,3.139
611,2.524722,5.805
612,2.527674,2.952
613,2.532215,4.541
614,2.535394,3.179
615,2.541734,6.34
616,2.544477,2.743
617,2.549185,4.708
618,2.55164,2.455
619,2.554267,2.627
620,2.561065,6.798
621,2.566044,4.979
622,2.56908,3.036
623,2.572017,2.937
624,2.574933,2.916
625,2.581034,6.101
626,2.583461,2.427
627,2.59283,9.369
628,2.595284,2.454
629,2.60014,4.856
630,2.6027,2.56
631,2.606012,3.312
632,2.608705,2.693
633,2.611664,2.959
634,2.618639,6.975
635,2.622209,3.57
636,2.625384,3.175
637,2.628563,3.179
638,2.632316,3.753
639,2.635275,2.959
640,2.637398,2.123
641,2.647724,10.326
642,2.651139,3.415
643,2.653779,2.64
644,2.666383,12.604
645,2.670086,3.703
646,2.673954,3.868
647,2.676515,2.561
648,2.678819,2.304
649,2.692853,14.034
650,2.695473,2.62
651,2.69763,2.157
652,2.711776,14.146
653,2.715108,3.332
654,2.7189,3.792
655,2.723997,5.097
656,2.727078,3.081
657,2.731753,4.675
658,2.73522,3.467
659,2.739054,3.834
660,2.746099,7.045
661,2.751204,5.105
662,2.754035,2.831
663,2.757171,3.136
664,2.759517,2.346
665,2.76656,7.043
666,2.769206,2.646
667,2.771619,2.413
668,2.78118,9.561
669,2.784691,3.511
670,2.787376,2.685
671,2.791956,4.58
672,2.794774,2.818
673,2.799599,4.825
674,2.802258,2.659
675,2.805328,3.07
676,2.814397,9.069
677,2.818678,4.281
678,2.822378,3.7
679,2.825252,2.874
680,2.827862,2.61
681,2.833706,5.844
682,2.836607,2.901
683,2.839972,3.365
684,2.848416,8.444
685,2.852609,4.193
686,2.855459,2.85
687,2.860143,4.684
688,2.862786,2.643
689,2.867645,4.859
690,2.870156,2.511
691,2.872862,2.706
692,2.883637,10.775
693,2.887001,3.364
694,2.889577,2.576
695,2.893483,3.906
696,2.896796,3.313
697,2.902003,5.207
698,2.904431,2.428
699,2.914171,9.74
700,2.917538,3.367
701,2.921271,3.733
702,2.923918,2.647
703,2.92649,2.572
704,2.9346,8.11
705,2.937975,3.375
706,2.940603,2.628
707,2.948311,7.708
708,2.951945,3.634
709,2.955097,3.152
710,2.957692,2.595
711,2.960091,2.399
712,2.968634,8.543
713,2.972091,3.457
714,2.975311,3.22
715,2.982476,7.165
716,2.985895,3.419
717,2.989705,3.81
718,2.993661,3.956
719,2.995931,2.27
720,3.002523,6.592
721,3.005211,2.688
722,3.014085,8.874
723,3.01681,2.725
724,3.020396,3.586
725,3.023523,3.127
726,3.026087,2.564
727,3.033492,7.405
728,3.036686,3.194
729,3.039486,2.8
730,3.048148,8.662
731,3.050751,2.603
732,3.054342,3.591
733,3.057597,3.255
734,3.060089,2.492
735,3.067576,7.487
736,3.071071,3.495
737,3.073784,2.713
738,3.082271,8.487
739,3.085138,2.867
740,3.089955,4.817
741,3.093994,4.039
742,3.096536,2.542
743,3.101668,5.132
744,3.105003,3.335
745,3.107481,2.478
746,3.116391,8.91
747,3.119143,2.752
748,3.122819,3.676
749,3.125735,2.916
750,3.128396,2.661
751,3.135723,7.327
752,3.138979,3.256
753,3.141248,2.269
754,3.150271,9.023
755,3.153155,2.884
756,3.156747,3.592
757,3.15989,3.143
758,3.162379,2.489
759,3.169794,7.415
760,3.173164,3.37
761,3.176084,2.92
762,3.184553,8.469
763,3.187076,2.523
764,3.190818,3.742
765,3.193753,2.935
766,3.196572,2.819
767,3.20387,7.298
768,3.207461,3.591
769,3.209935,2.474
770,3.218543,8.608
771,3.22209,3.547
772,3.224748,2.658
773,3.227861,3.113
774,3.230573,2.712
775,3.239033,8.46
776,3.241621,2.588
777,3.243974,2.353
778,3.252617,8.643
779,3.256299,3.682
780,3.259471,3.172
781,3.26215,2.679
782,3.265249,3.099
783,3.272134,6.885
784,3.27497,2.836
785,3.277535,2.565
786,3.287391,9.856
787,3.29053,3.139
788,3.295343,4.813
789,3.298382,3.039
790,3.301508,3.126
791,3.306055,4.547
792,3.308822,2.767
793,3.311189,2.367
794,3.321675,10.486
795,3.324169,2.494
796,3.326281,2.112
797,3.335008,8.727
798,3.3379,2.892
799,3.340378,2.478
800,3.343057,2.679
801,3.346194,3.137
802,3.355064,8.87
803,3.357671,2.607
804,3.359783,2.112
805,3.369207,9.424
806,3.371996,2.789
807,3.375005,3.009
808,3.378572,3.567
809,3.382024,3.452
810,3.38898,6.956
811,3.391189,2.209
812,3.393322,2.133
813,3.40447,11.148
814,3.407344,2.874
815,3.410179,2.835
816,3.413453,3.274
817,3.415856,2.403
818,3.422969,7.113
819,3.425467,2.498
820,3.428556,3.089
821,3.437709,9.153
822,3.440264,2.555
823,3.442565,2.301
824,3.445935,3.37
825,3.448547,2.612
826,3.457165,8.618
827,3.459698,2.533
828,3.462892,3.194
829,3.471717,8.825
830,3.474711,2.994
831,3.477162,2.451
832,3.48144,4.278
833,3.484257,2.817
834,3.491171,6.914
835,3.493805,2.634
836,3.49684,3.035
837,3.505784,8.944
838,3.508353,2.569
839,3.510826,2.473
840,3.515046,4.22
841,3.517773,2.727
842,3.52527,7.497
843,3.527675,2.405
844,3.530531,2.856
845,3.539846,9.315
846,3.542577,2.731
847,3.547039,4.462
848,3.549545,2.506
849,3.552135,2.59
850,3.559402,7.267
851,3.562405,3.003
852,3.564976,2.571
853,3.574008,9.032
854,3.576882,2.874
855,3.580038,3.156
856,3.583143,3.105
857,3.586387,3.244
858,3.593394,7.007
859,3.596849,3.455
860,3.599479,2.63
861,3.607892,8.413
862,3.610939,3.047
863,3.615136,4.197
864,3.619354,4.218
865,3.622635,3.281
866,3.62758,4.945
867,3.631818,4.238
868,3.636085,4.267
869,3.639929,3.844
870,3.643825,3.896
871,3.649414,5.589
872,3.652587,3.173
873,3.655552,2.965
874,3.658931,3.379
875,3.663919,4.988
876,3.667029,3.11
877,3.669893,2.864
878,3.673775,3.882
879,3.67736,3.585
880,3.686768,9.408
881,3.689575,2.807
882,3.693402,3.827
883,3.699528,6.126
884,3.702432,2.904
885,3.707068,4.636
886,3.709654,2.586
887,3.712882,3.228
888,3.72231,9.428
889,3.724933,2.623
890,3.728925,3.992
891,3.733696,4.771
892,3.736702,3.006
893,3.741655,4.953
894,3.744097,2.442
895,3.74729,3.193
896,3.756252,8.962
897,3.760623,4.371
898,3.763914,3.291
899,3.767134,3.22
900,3.769813,2.679
901,3.775705,5.892
902,3.779047,3.342
903,3.781607,2.56
904,3.790307,8.7
905,3.792901,2.594
906,3.796115,3.214
907,3.798587,2.472
908,3.80088,2.293
909,3.8098,8.92
910,3.813162,3.362
911,3.816442,3.28
912,3.823166,6.724
913,3.826691,3.525
914,3.831864,5.173
915,3.835256,3.392
916,3.838426,3.17
917,3.843755,5.329
918,3.847361,3.606
919,3.850277,2.916
920,3.858228,7.951
921,3.861649,3.421
922,3.865804,4.155
923,3.868798,2.994
924,3.871831,3.033
925,3.883276,11.445
926,3.88931,6.034
927,3.892487,3.177
928,3.895158,2.671
929,3.898617,3.459
930,3.901708,3.091
931,3.905399,3.691
932,3.908969,3.57
933,3.91361,4.641
934,3.916665,3.055
935,3.919385,2.72
936,3.922332,2.947
937,3.929391,7.059
938,3.932493,3.102
939,3.935372,2.879
940,3.938136,2.764
941,3.946111,7.975
942,3.94972,3.609
943,3.952583,2.863
944,3.955785,3.202
945,3.959411,3.626
946,3.9648,5.389
947,3.967649,2.849
948,3.970802,3.153
949,3.977406,6.604
950,3.982132,4.726
951,3.98566,3.528
952,3.988628,2.968
953,3.992165,3.537
954,3.99889,6.725
955,4.001892,3.002
956,4.004663,2.771
957,4.014377,9.714
958,4.017684,3.307
959,4.020484,2.8
960,4.023673,3.189
961,4.03022,6.547
962,4.033556,3.336
963,4.036935,3.379
964,4.039769,2.834
965,4.04806,8.291
966,4.051693,3.633
967,4.054952,3.259
968,4.058454,3.502
969,4.062219,3.765
970,4.066736,4.517
971,4.070701,3.965
972,4.073743,3.042
973,4.082098,8.355
974,4.085749,3.651
975,4.08893,3.181
976,4.092075,3.145
977,4.099044,6.969
978,4.101966,2.922
979,4.104475,2.509
980,4.11365,9.175
981,4.117409,3.759
982,4.12073,3.321
983,4.124035,3.305
984,4.127864,3.829
985,4.132269,4.405
986,4.136338,4.069
987,4.139565,3.227
988,4.147652,8.087
989,4.151019,3.367
990,4.154637,3.618
991,4.157965,3.328
992,4.164481,6.516
993,4.167843,3.362
994,4.170961,3.118
995,4.17411,3.149
996,4.18166,7.55
997,4.184838,3.178
998,4.187957,3.119
999,4.190567,2.61
1000,4.20067,10.103
1001,4.204214,3.544
1002,4.207141,2.927
1003,4.210869,3.728
1004,4.214578,3.709
1005,4.217886,3.308
1006,4.221969,4.083
1007,4.224729,2.76
1008,4.233532,8.803
1009,4.236692,3.16
1010,4.240119,3.427
1011,4.244261,4.142
1012,4.247932,3.671
1013,4.251928,3.996
1014,4.255201,3.273
1015,4.25803,2.829
1016,4.267486,9.456
1017,4.271787,4.301
1018,4.276002,4.215
1019,4.282491,6.489
1020,4.285677,3.186
1021,4.288934,3.257
1022,4.292211,3.277
1023,4.296449,4.238
1024,4.300291,3.842
1025,4.303477,3.186
1026,4.306726,3.249
1027,4.310464,3.738
1028,4.317271,6.807
1029,4.32061,3.339
1030,4.323881,3.271
1031,4.327595,3.714
1032,4.334323,6.728
1033,4.337606,3.283
1034,4.340338,2.732
1035,4.343777,3.439
1036,4.351374,7.597
1037,4.354402,3.028
1038,4.358529,4.127
1039,4.361808,3.279
1040,4.36835,6.542
1041,4.372371,4.021
1042,4.375712,3.341
1043,4.380372,4.66
1044,4.383422,3.05
1045,4.387706,4.284
1046,4.391852,4.146
1047,4.395945,4.093
1048,4.40232,6.375
1049,4.40566,3.34
1050,4.408714,3.054
1051,4.41307,4.356
1052,4.416106,3.036
1053,4.421919,5.813
1054,4.425059,3.14
1055,4.428783,3.724
1056,4.436338,7.555
1057,4.439577,3.239
1058,4.443425,3.848
1059,4.447456,4.031
1060,4.450554,3.098
1061,4.455617,5.063
1062,4.458307,2.69
1063,4.467689,9.382
1064,4.47104,3.351
1065,4.474189,3.149
1066,4.477763,3.574
1067,4.481589,3.826
1068,4.487303,5.714
1069,4.49027,2.967
1070,4.493384,3.114
1071,4.497906,4.522
1072,4.501189,3.283
1073,4.506551,5.362
1074,4.509809,3.258
1075,4.51316,3.351
1076,4.521337,8.177
1077,4.524668,3.331
1078,4.528318,3.65
1079,4.532031,3.713
1080,4.535101,3.07
1081,4.540554,5.453
1082,4.543497,2.943
1083,4.552252,8.755
1084,4.555854,3.602
1085,4.559021,3.167
1086,4.563298,4.277
1087,4.56654,3.242
1088,4.572152,5.612
1089,4.575399,3.247
1090,4.579314,3.915
1091,4.586816,7.502
1092,4.590298,3.482
1093,4.593499,3.201
1094,4.597709,4.21
1095,4.601033,3.324
1096,4.606057,5.024
1097,4.609132,3.075
1098,4.612727,3.595
1099,4.617756,5.029
1100,4.623162,5.406
1101,4.627315,4.153
1102,4.631569,4.254
1103,4.634645,3.076
1104,4.640215,5.57
1105,4.6434,3.185
1106,4.646902,3.502
1107,4.654781,7.879
1108,4.658116,3.335
1109,4.661308,3.192
1110,4.665805,4.497
1111,4.669396,3.591
1112,4.674243,4.847
1113,4.677412,3.169
1114,4.681424,4.012
1115,4.688751,7.327
1116,4.692741,3.99
1117,4.696701,3.96
1118,4.700038,3.337
1119,4.703254,3.216
1120,4.708139,4.885
1121,4.71182,3.681
1122,4.72054,8.72
1123,4.723696,3.156
1124,4.727087,3.391
1125,4.730737,3.65
1126,4.734681,3.944
1127,4.739868,5.187
1128,4.742758,2.89
1129,4.751339,8.581
1130,4.754557,3.218
1131,4.758306,3.749
1132,4.760984,2.678
1133,4.76428,3.296
1134,4.771279,6.999
1135,4.77444,3.161
1136,4.778021,3.581
1137,4.786603,8.582
1138,4.789766,3.163
1139,4.793295,3.529
1140,4.797856,4.561
1141,4.801453,3.597
1142,4.805213,3.76
1143,4.808088,2.875
1144,4.815234,7.146
1145,4.821969,6.735
1146,4.82507,3.101
1147,4.828169,3.099
1148,4.832165,3.996
1149,4.836959,4.794
1150,4.83993,2.971
1151,4.84303,3.1
1152,4.852267,9.237
1153,4.855488,3.221
1154,4.858336,2.848
1155,4.861406,3.07
1156,4.869265,7.859
1157,4.872753,3.488
1158,4.875597,2.844
1159,4.878719,3.122
1160,4.886178,7.459
1161,4.889318,3.14
1162,4.891695,2.377
1163,4.900772,9.077
1164,4.904217,3.445
1165,4.907704,3.487
1166,4.911771,4.067
1167,4.915151,3.38
1168,4.919407,4.256
1169,4.922584,3.177
1170,4.925859,3.275
1171,4.935222,9.363
1172,4.938726,3.504
1173,4.942432,3.706
1174,4.945596,3.164
1175,4.951688,6.092
1176,4.955269,3.581
1177,4.958025,2.756
1178,4.966444,8.419
1179,4.969617,3.173
1180,4.973157,3.54
1181,4.977342,4.185
1182,4.981151,3.809
1183,4.984963,3.812
1184,4.988199,3.236
1185,4.990642,2.443
1186,5.00047,9.828
1187,5.003674,3.204
1188,5.006574,2.9
1189,5.009921,3.347
1190,5.013691,3.77
1191,5.01898,5.289
1192,5.021859,2.879
1193,5.02443,2.571
1194,5.031241,6.811
1195,5.036102,4.861
1196,5.040074,3.972
1197,5.043513,3.439
1198,5.04697,3.457
1199,5.053131,6.161
1200,5.055805,2.674
1201,5.05861,2.805
1202,5.068406,9.796
1203,5.071703,3.297
1204,5.075454,3.751
1205,5.078552,3.098
1206,5.082494,3.942
1207,5.087022,4.528
1208,5.090226,3.204
1209,5.093185,2.959
1210,5.102469,9.284
1211,5.105903,3.434
1212,5.109055,3.152
1213,5.113218,4.163
1214,5.116318,3.1
1215,5.120998,4.68
1216,5.125012,4.014
1217,5.12875,3.738
1218,5.13573,6.98
1219,5.138842,3.112
1220,5.141684,2.842
1221,5.145866,4.182
1222,5.152763,6.897
1223,5.156062,3.299
1224,5.159948,3.886
1225,5.163681,3.733
1226,5.166879,3.198
1227,5.172088,5.209
1228,5.174658,2.57
1229,5.184007,9.349
1230,5.187333,3.326
1231,5.190673,3.34
1232,5.193692,3.019
1233,5.196859,3.167
1234,5.200753,3.894
1235,5.206244,5.491
1236,5.21019,3.946
1237,5.214079,3.889
1238,5.217241,3.162
1239,5.222991,5.75
1240,5.225658,2.667
1241,5.229164,3.506
1242,5.237804,8.64
1243,5.24097,3.166
1244,5.24385,2.88
1245,5.248007,4.157
1246,5.251147,3.14
1247,5.257215,6.068
1248,5.259738,2.523
1249,5.263064,3.326
1250,5.272061,8.997
1251,5.276172,4.111
1252,5.280414,4.242
1253,5.283561,3.147
1254,5.286426,2.865
1255,5.291228,4.802
1256,5.294463,3.235
1257,5.303385,8.922
1258,5.306125,2.74
1259,5.309237,3.112
1260,5.312995,3.758
1261,5.31676,3.765
1262,5.322805,6.045
1263,5.325863,3.058
1264,5.328833,2.97
1265,5.337338,8.505
1266,5.341581,4.243
1267,5.344663,3.082
1268,5.349257,4.594
1269,5.352672,3.415
1270,5.356724,4.052
1271,5.360974,4.25
1272,5.364674,3.7
1273,5.37134,6.666
1274,5.374551,3.211
1275,5.378188,3.637
1276,5.382326,4.138
1277,5.38555,3.224
1278,5.390682,5.132
1279,5.393172,2.49
1280,5.40264,9.468
1281,5.405843,3.203
1282,5.409662,3.819
1283,5.413368,3.706
1284,5.417201,3.833
1285,5.422204,5.003
1286,5.426194,3.99
1287,5.42957,3.376
1288,5.436839,7.269
1289,5.440016,3.177
1290,5.442939,2.923
1291,5.447612,4.673
1292,5.450827,3.215
1293,5.456117,5.29
1294,5.459411,3.294
1295,5.462816,3.405
1296,5.470802,7.986
1297,5.47405,3.248
1298,5.477752,3.702
1299,5.481611,3.859
1300,5.485206,3.595
1301,5.490059,4.853
1302,5.492846,2.787
1303,5.496335,3.489
1304,5.501761,5.426
1305,5.507063,5.302
1306,5.51115,4.087
1307,5.514662,3.512
1308,5.517963,3.301
1309,5.524221,6.258
1310,5.527209,2.988
1311,5.530303,3.094
1312,5.538482,8.179
1313,5.541706,3.224
1314,5.544926,3.22
1315,5.548446,3.52
1316,5.551628,3.182
1317,5.558056,6.428
1318,5.560801,2.745
1319,5.564022,3.221
1320,5.57263,8.608
1321,5.576848,4.218
1322,5.580719,3.871
1323,5.583696,2.977
1324,5.586828,3.132
1325,5.592779,5.951
1326,5.596447,3.668
1327,5.604034,7.587
1328,5.607259,3.225
1329,5.610318,3.059
1330,5.61523,4.912
1331,5.618593,3.363
1332,5.623779,5.186
1333,5.632451,8.672
1334,5.638244,5.793
1335,5.641644,3.4
1336,5.645192,3.548
1337,5.649604,4.412
1338,5.652974,3.37
1339,5.655742,2.768
1340,5.658885,3.143
1341,5.663019,4.134
1342,5.666937,3.918
1343,5.670012,3.075
1344,5.673075,3.063
1345,5.677104,4.029
1346,5.680164,3.06
1347,5.6865,6.336
1348,5.689397,2.897
1349,5.693307,3.91
1350,5.696788,3.481
1351,5.703163,6.375
1352,5.706522,3.359
1353,5.710905,4.383
1354,5.713838,2.933
1355,5.720206,6.368
1356,5.724151,3.945
1357,5.728793,4.642
1358,5.731807,3.014
1359,5.737119,5.312
1360,5.739717,2.598
1361,5.74269,2.973
1362,5.751731,9.041
1363,5.754572,2.841
1364,5.757843,3.271
1365,5.761738,3.895
1366,5.764874,3.136
1367,5.771358,6.484
1368,5.774171,2.813
1369,5.777909,3.738
1370,5.780881,2.972
1371,5.788405,7.524
1372,5.791196,2.791
1373,5.7949,3.704
1374,5.798116,3.216
1375,5.805267,7.151
1376,5.809315,4.048
1377,5.813198,3.883
1378,5.816441,3.243
1379,5.82226,5.819
1380,5.824946,2.686
1381,5.827959,3.013
1382,5.836934,8.975
1383,5.840059,3.125
1384,5.843019,2.96
1385,5.846677,3.658
1386,5.849806,3.129
1387,5.856437,6.631
1388,5.859499,3.062
1389,5.862627,3.128
1390,5.870828,8.201
1391,5.874083,3.255
1392,5.877937,3.854
1393,5.881375,3.438
1394,5.884549,3.174
1395,5.890214,5.665
1396,5.89297,2.756
1397,5.902375,9.405
1398,5.9064,4.025
1399,5.91153,5.13
1400,5.915577,4.047
1401,5.91887,3.293
1402,5.921841,2.971
1403,5.924573,2.732
1404,5.931651,7.078
1405,5.936282,4.631
1406,5.940171,3.889
1407,5.943057,2.886
1408,5.94778,4.723
1409,5.953207,5.427
1410,5.956229,3.022
1411,5.959657,3.428
1412,5.963794,4.137
1413,5.97037,6.576
1414,5.973621,3.251
1415,5.976832,3.211
1416,5.980939,4.107
1417,5.987334,6.395
1418,5.990204,2.87
1419,5.993069,2.865
1420,5.996564,3.495
1421,6.004204,7.64
1422,6.007356,3.152
1423,6.011287,3.931
1424,6.015851,4.564
1425,6.021139,5.288
1426,6.025025,3.886
1427,6.02776,2.735
1428,6.036465,8.705
1429,6.039591,3.126
1430,6.043354,3.763
1431,6.048146,4.792
1432,6.051273,3.127
1433,6.054943,3.67
1434,6.0583,3.357
1435,6.062149,3.849
1436,6.069665,7.516
1437,6.072613,2.948
1438,6.075309,2.696
1439,6.079633,4.324
1440,6.086619,6.986
1441,6.090425,3.806
1442,6.09329,2.865
1443,6.09723,3.94
1444,6.103549,6.319
1445,6.106578,3.029
1446,6.11004,3.462
1447,6.113727,3.687
1448,6.12069,6.963
1449,6.124022,3.332
1450,6.126874,2.852
1451,6.130561,3.687
1452,6.137642,7.081
1453,6.140777,3.135
1454,6.143598,2.821
1455,6.146992,3.394
1456,6.154757,7.765
1457,6.158087,3.33
1458,6.161658,3.571
1459,6.165155,3.497
1460,6.171833,6.678
1461,6.175607,3.774
1462,6.178616,3.009
1463,6.187527,8.911
1464,6.190669,3.142
1465,6.193771,3.102
1466,6.199132,5.361
1467,6.202202,3.07
1468,6.205603,3.401
1469,6.208919,3.316
1470,6.212173,3.254
1471,6.220321,8.148
1472,6.223628,3.307
1473,6.227309,3.681
1474,6.231361,4.052
1475,6.234562,3.201
1476,6.239599,5.037
1477,6.242239,2.64
1478,6.245581,3.342
1479,6.251444,5.863
1480,6.256939,5.495
1481,6.260565,3.626
1482,6.264213,3.648
1483,6.266652,2.439
1484,6.273848,7.196
1485,6.27683,2.982
1486,6.280184,3.354
1487,6.288348,8.164
1488,6.291258,2.91
1489,6.294255,2.997
1490,6.297561,3.306
1491,6.300688,3.127
1492,6.307903,7.215
1493,6.310812,2.909
1494,6.31431,3.498
1495,6.322427,8.117
1496,6.326506,4.079
1497,6.330152,3.646
1498,6.333286,3.134
1499,6.336365,3.079
1500,6.341811,5.446
1501,6.345191,3.38
1502,6.353884,8.693
1503,6.357109,3.225
1504,6.360826,3.717
1505,6.364608,3.782
1506,6.367621,3.013
1507,6.373264,5.643
1508,6.37583,2.566
1509,6.379641,3.811
1510,6.387915,8.274
1511,6.391382,3.467
1512,6.394627,3.245
1513,6.398057,3.43
1514,6.40104,2.983
1515,6.407201,6.161
1516,6.411235,4.034
1517,6.41439,3.155
1518,6.421789,7.399
1519,6.425797,4.008
1520,6.429938,4.141
1521,6.433414,3.476
1522,6.436467,3.053
1523,6.441073,4.606
1524,6.444544,3.471
1525,6.45335,8.806
1526,6.456613,3.263
1527,6.460008,3.395
1528,6.463563,3.555
1529,6.466453,2.89
1530,6.472788,6.335
1531,6.475873,3.085
1532,6.479514,3.641
1533,6.487277,7.763
1534,6.490448,3.171
1535,6.493768,3.32
1536,6.497747,3.979
1537,6.500639,2.892
1538,6.506694,6.055
1539,6.510008,3.314
1540,6.513181,3.173
1541,6.521202,8.021
1542,6.524461,3.259
1543,6.529006,4.545
1544,6.532804,3.798
1545,6.535981,3.177
1546,6.54053,4.549
1547,6.542995,2.465
1548,6.553652,10.657
1549,6.556742,3.09
1550,6.560625,3.883
1551,6.565204,4.579
1552,6.568724,3.52
1553,6.572124,3.4
1554,6.575458,3.334
1555,6.580078,4.62
1556,6.586814,6.736
1557,6.590127,3.313
1558,6.593848,3.721
1559,6.598687,4.839
1560,6.603915,5.228
1561,6.606973,3.058
1562,6.610609,3.636
1563,6.614267,3.658
1564,6.620968,6.701
1565,6.623719,2.751
1566,6.627572,3.853
1567,6.631756,4.184
1568,6.638233,6.477
1569,6.641349,3.116
1570,6.643974,2.625
1571,6.647316,3.342
1572,6.655078,7.762
1573,6.658165,3.087
1574,6.66095,2.785
1575,6.665373,4.423
1576,6.672045,6.672
1577,6.67515,3.105
1578,6.678964,3.814
1579,6.683317,4.353
1580,6.689138,5.821
1581,6.692956,3.818
1582,6.696452,3.496
1583,6.703538,7.086
1584,6.706648,3.11
1585,6.709592,2.944
1586,6.714183,4.591
1587,6.717179,2.996
1588,6.72319,6.011
1589,6.726439,3.249
1590,6.730043,3.604
1591,6.737622,7.579
1592,6.740645,3.023
1593,6.744534,3.889
1594,6.748524,3.99
1595,6.751588,3.064
1596,6.757023,5.435
1597,6.759654,2.631
1598,6.769055,9.401
1599,6.772126,3.071
1600,6.774938,2.812
1601,6.778714,3.776
1602,6.782351,3.637
1603,6.788491,6.14
1604,6.791678,3.187
1605,6.794569,2.891
1606,6.799741,5.172
1607,6.803084,3.343
1608,6.807902,4.818
1609,6.811131,3.229
1610,6.814522,3.391
1611,6.822612,8.09
1612,6.825745,3.133
1613,6.829942,4.197
1614,6.833339,3.397
1615,6.836588,3.249
1616,6.847453,10.865
1617,6.851373,3.92
1618,6.854518,3.145
1619,6.857801,3.283
1620,6.861045,3.244
1621,6.865292,4.247
1622,6.868876,3.584
1623,6.871625,2.749
1624,6.874815,3.19
1625,6.879243,4.428
1626,6.882679,3.436
1627,6.885582,2.903
1628,6.888628,3.046
1629,6.892088,3.46
1630,6.899692,7.604
1631,6.90328,3.588
1632,6.90664,3.36
1633,6.909909,3.269
1634,6.913184,3.275
1635,6.918992,5.808
1636,6.922033,3.041
1637,6.926603,4.57
1638,6.929635,3.032
1639,6.9362,6.565
1640,6.939684,3.484
1641,6.943185,3.501
1642,6.946506,3.321
1643,6.95329,6.784
1644,6.956438,3.148
1645,6.959889,3.451
1646,6.963066,3.177
1647,6.970342,7.276
1648,6.973447,3.105
1649,6.978708,5.261
1650,6.98127,2.562
1651,6.987445,6.175
1652,6.990269,2.824
1653,6.994134,3.865
1654,6.997179,3.045
1655,7.004454,7.275
1656,7.007437,2.983
1657,7.011896,4.459
1658,7.014992,3.096
1659,7.021225,6.233
1660,7.024154,2.929
1661,7.02774,3.586
1662,7.032959,5.219
1663,7.038337,5.378
1664,7.042184,3.847
1665,7.04616,3.976
1666,7.048938,2.778
1667,7.055246,6.308
1668,7.057947,2.701
1669,7.061187,3.24
1670,7.069902,8.715
1671,7.0734,3.498
1672,7.077976,4.576
1673,7.08174,3.764
1674,7.084779,3.039
1675,7.089106,4.327
1676,7.091741,2.635
1677,7.104695,12.954
1678,7.108156,3.461
1679,7.111078,2.922
1680,7.115243,4.165
1681,7.118298,3.055
1682,7.121301,3.003
1683,7.123977,2.676
1684,7.133669,9.692
1685,7.13679,3.121
1686,7.139776,2.986
1687,7.142886,3.11
1688,7.146831,3.945
1689,7.152144,5.313
1690,7.155689,3.545
1691,7.159107,3.418
1692,7.164259,5.152
1693,7.170461,6.202
1694,7.175276,4.815
1695,7.18191,6.634
1696,7.186085,4.175
1697,7.190558,4.473
1698,7.195704,5.146
1699,7.2014,5.696
1700,7.209137,7.737
1701,7.21418,5.043
1702,7.21723,3.05
1703,7.220569,3.339
1704,7.224082,3.513
1705,7.22719,3.108
1706,7.231855,4.665
1707,7.235411,3.556
1708,7.238384,2.973
1709,7.241263,2.879
1710,7.2468,5.537
1711,7.250267,3.467
1712,7.253764,3.497
1713,7.257254,3.49
1714,7.260535,3.281
1715,7.266366,5.831
1716,7.270159,3.793
1717,7.273148,2.989
1718,7.276492,3.344
1719,7.28092,4.428
1720,7.285852,4.932
1721,7.288992,3.14
1722,7.29234,3.348
1723,7.295132,2.792
1724,7.302793,7.661
1725,7.30579,2.997
1726,7.310245,4.455
1727,7.316398,6.153
1728,7.321206,4.808
1729,7.325184,3.978
1730,7.332532,7.348
1731,7.338396,5.864
1732,7.342889,4.493
1733,7.347385,4.496
1734,7.352536,5.151
1735,7.355919,3.383
1736,7.36089,4.971
1737,7.36938,8.49
1738,7.375637,6.257
1739,7.382854,7.217
1740,7.390786,7.932
1741,7.395526,4.74
1742,7.401888,6.362
1743,7.405869,3.981
1744,7.408697,2.828
1745,7.41385,5.153
1746,7.416703,2.853
1747,7.420726,4.023
1748,7.42349,2.764
1749,7.426903,3.413
1750,7.431863,4.96
1751,7.434739,2.876
1752,7.438637,3.898
1753,7.442076,3.439
1754,7.44739,5.314
1755,7.450461,3.071
1756,7.454597,4.136
1757,7.458307,3.71
1758,7.460793,2.486
1759,7.467566,6.773
1760,7.470639,3.073
1761,7.474044,3.405
1762,7.476762,2.718
1763,7.48018,3.418
1764,7.486999,6.819
1765,7.491242,4.243
1766,7.49373,2.488
1767,7.496657,2.927
1768,7.504822,8.165
1769,7.507892,3.07
1770,7.51172,3.828
1771,7.514588,2.868
1772,7.522006,7.418
1773,7.525055,3.049
1774,7.527717,2.662
1775,7.535691,7.974
1776,7.539894,4.203
1777,7.542835,2.941
1778,7.545483,2.648
1779,7.548153,2.67
1780,7.555923,7.77
1781,7.559021,3.098
1782,7.563061,4.04
1783,7.574138,11.077
1784,7.578392,4.254
1785,7.581641,3.249
1786,7.584454,2.813
1787,7.588215,3.761
1788,7.591996,3.781
1789,7.59592,3.924
1790,7.601197,5.277
1791,7.604323,3.126
1792,7.607925,3.602
1793,7.615597,7.672
1794,7.618566,2.969
1795,7.622073,3.507
1796,7.625976,3.903
1797,7.630232,4.256
1798,7.634767,4.535
1799,7.637889,3.122
1800,7.641305,3.416
1801,7.643869,2.564
1802,7.651713,7.844
1803,7.654778,3.065
1804,7.659419,4.641
1805,7.662855,3.436
1806,7.665843,2.988
1807,7.67121,5.367
1808,7.67474,3.53
1809,7.678032,3.292
1810,7.68599,7.958
1811,7.689144,3.154
1812,7.692716,3.572
1813,7.696063,3.347
1814,7.699171,3.108
1815,7.705279,6.108
1816,7.708576,3.297
1817,7.711088,2.512
1818,7.719835,8.747
1819,7.722615,2.78
1820,7.726294,3.679
1821,7.729464,3.17
1822,7.732217,2.753
1823,7.739479,7.262
1824,7.743741,4.262
1825,7.74663,2.889
1826,7.753959,7.329
1827,7.757111,3.152
1828,7.761213,4.102
1829,7.764585,3.372
1830,7.767564,2.979
1831,7.773324,5.76
1832,7.776512,3.188
1833,7.779398,2.886
1834,7.787981,8.583
1835,7.791947,3.966
1836,7.79551,3.563
1837,7.798796,3.286
1838,7.80173,2.934
1839,7.807308,5.578
1840,7.810608,3.3
1841,7.818388,7.78
1842,7.821264,2.876
1843,7.825026,3.762
1844,7.829816,4.79
1845,7.83288,3.064
1846,7.835905,3.025
1847,7.838431,2.526
1848,7.84178,3.349
1849,7.847216,5.436
1850,7.850166,2.95
1851,7.852862,2.696
1852,7.856009,3.147
1853,7.858376,2.367
1854,7.867045,8.669
1855,7.870301,3.256
1856,7.874014,3.713
1857,7.877995,3.981
1858,7.881486,3.491
1859,7.886073,4.587
1860,7.889743,3.67
1861,7.892506,2.763
1862,7.895319,2.813
1863,7.903183,7.864
1864,7.907652,4.469
1865,7.910497,2.845
1866,7.913625,3.128
1867,7.921964,8.339
1868,7.925282,3.318
1869,7.928398,3.116
1870,7.931336,2.938
1871,7.937236,5.9
1872,7.940632,3.396
1873,7.943327,2.695
1874,7.951797,8.47
1875,7.955599,3.802
1876,7.959054,3.455
1877,7.962282,3.228
1878,7.965254,2.972
1879,7.971261,6.007
1880,7.975104,3.843
1881,7.977821,2.717
1882,7.982759,4.938
1883,7.988091,5.332
1884,7.992832,4.741
1885,7.995792,2.96
1886,7.998836,3.044
1887,8.00515,6.314
1888,8.008649,3.499
1889,8.011511,2.862
1890,8.019715,8.204
1891,8.023027,3.312
1892,8.026461,3.434
1893,8.029419,2.958
1894,8.032009,2.59
1895,8.039032,7.023
1896,8.042707,3.675
1897,8.045428,2.721
1898,8.05361,8.182
1899,8.0563,2.69
1900,8.059712,3.412
1901,8.062558,2.846
1902,8.065631,3.073
1903,8.073051,7.42
1904,8.077527,4.476
1905,8.080823,3.296
1906,8.087502,6.679
1907,8.090438,2.936
1908,8.095023,4.585
1909,8.098275,3.252
1910,8.101001,2.726
1911,8.106858,5.857
1912,8.11054,3.682
1913,8.113366,2.826
1914,8.121471,8.105
1915,8.124628,3.157
1916,8.128973,4.345
1917,8.131999,3.026
1918,8.134712,2.713
1919,8.137215,2.503
1920,8.141001,3.786
1921,8.146017,5.016
1922,8.149125,3.108
1923,8.15217,3.045
1924,8.156574,4.404
1925,8.15948,2.906
1926,8.165431,5.951
1927,8.168634,3.203
1928,8.173679,5.045
1929,8.176519,2.84
1930,8.179955,3.436
1931,8.18494,4.985
1932,8.188426,3.486
1933,8.191214,2.788
1934,8.193841,2.627
1935,8.201915,8.074
1936,8.20572600000001,3.811
1937,8.20895800000001,3.232
1938,8.21156600000001,2.608
1939,8.21394200000001,2.376
1940,8.22205100000001,8.109
1941,8.22488200000001,2.831
1942,8.22749500000001,2.613
1943,8.23607400000001,8.579
1944,8.24057400000001,4.5
1945,8.24390800000001,3.334
1946,8.24676600000001,2.858
1947,8.24949500000001,2.729
1948,8.25623000000001,6.735
1949,8.25862000000001,2.39
1950,8.26085900000001,2.239
1951,8.26729000000001,6.431
1952,8.27356000000001,6.27
1953,8.27725200000001,3.692
1954,8.28148500000001,4.233
1955,8.28457500000001,3.09
1956,8.29013100000001,5.556
1957,8.29301300000001,2.882
1958,8.297158,4.145
1959,8.303999,6.841
1960,8.307953,3.954
1961,8.313479,5.526
1962,8.316919,3.44
1963,8.322628,5.709
1964,8.327763,5.135
1965,8.331238,3.475
1966,8.334473,3.235
1967,8.340131,5.658
1968,8.344034,3.903
1969,8.348924,4.89
1970,8.352748,3.824
1971,8.355957,3.209
1972,8.360542,4.585
1973,8.364342,3.8
1974,8.369306,4.964
1975,8.373099,3.793
1976,8.376945,3.846
1977,8.382858,5.913
1978,8.386537,3.679
1979,8.397374,10.837
1980,8.402111,4.737
1981,8.404889,2.778
1982,8.407502,2.613
1983,8.410105,2.603
1984,8.41457,4.465
1985,8.417724,3.154
1986,8.421928,4.204
1987,8.424444,2.516
1988,8.427626,3.182
1989,8.434526,6.9
1990,8.437408,2.882
1991,8.440476,3.068
1992,8.443338,2.862
1993,8.446241,2.903
1994,8.454092,7.851
1995,8.457996,3.904
1996,8.461469,3.473
1997,8.464372,2.903
1998,8.471043,6.671
1999,8.473928,2.885
2000,8.477315,3.387
2001,8.480328,3.013
2002,8.488036,7.708
2003,8.490811,2.775
2004,8.495415,4.604
2005,8.498266,2.851
2006,8.505072,6.806
2007,8.507867,2.795
2008,8.510817,2.95
2009,8.516528,5.711
2010,8.522064,5.536
2011,8.525053,2.989
2012,8.528415,3.362
2013,8.530951,2.536
2014,8.539247,8.296
2015,8.542865,3.618
2016,8.546305,3.44
2017,8.549178,2.873
2018,8.556149,6.971
2019,8.558503,2.354
2020,8.561452,2.949
2021,8.570753,9.301
2022,8.573896,3.143
2023,8.576678,2.782
2024,8.581364,4.686
2025,8.584195,2.831
2026,8.590246,6.051
2027,8.59273199999999,2.486
2028,8.595793,3.061
2029,8.60167499999999,5.882
2030,8.60722999999999,5.555
2031,8.61045999999999,3.23
2032,8.614862,4.402
2033,8.618664,3.802
2034,8.623029,4.365
2035,8.626475,3.446
2036,8.630634,4.159
2037,8.63431,3.676
2038,8.638413,4.103
2039,8.642148,3.735
2040,8.646298,4.15
2041,8.649949,3.651
2042,8.653936,3.987
2043,8.657686,3.75
2044,8.661702,4.016
2045,8.665142,3.44
2046,8.668556,3.414
2047,8.67198899999999,3.433
2048,8.67580099999999,3.812
2049,8.67927099999999,3.47
2050,8.68248699999999,3.216
2051,8.68633299999999,3.846
2052,8.69044299999999,4.11
2053,8.693115,2.672
2054,8.697843,4.728
2055,8.700814,2.971
2056,8.708276,7.462
2057,8.712291,4.015
2058,8.716271,3.98
2059,8.718877,2.606
2060,8.722086,3.209
2061,8.724989,2.903
2062,8.732534,7.545
2063,8.735486,2.952
2064,8.738874,3.388
2065,8.741793,2.919
2066,8.744697,2.904
2067,8.7529,8.203
2068,8.756464,3.564
2069,8.759607,3.143
2070,8.762514,2.907
2071,8.769725,7.211
2072,8.773362,3.637
2073,8.776372,3.01
2074,8.779358,2.986
2075,8.786871,7.513
2076,8.791495,4.624
2077,8.7946,3.105
2078,8.797795,3.195
2079,8.80367299999999,5.878
2080,8.80707899999999,3.406
2081,8.80969799999999,2.619
2082,8.81835899999999,8.661
2083,8.82129099999999,2.932
2084,8.82459299999999,3.302
2085,8.82751099999999,2.918
2086,8.83041699999999,2.906
2087,8.83799399999999,7.577
2088,8.84162899999999,3.635
2089,8.84460499999999,2.976
2090,8.84719499999999,2.59
2091,8.85493299999999,7.738
2092,8.85856999999999,3.637
2093,8.86165999999999,3.09
2094,8.86671699999999,5.057
2095,8.87186599999999,5.149
2096,8.87651099999999,4.645
2097,8.87933099999999,2.82
2098,8.88247499999999,3.144
2099,8.88907599999999,6.601
2100,8.89253599999999,3.46
2101,8.89553999999999,3.004
2102,8.90363199999999,8.092
2103,8.90649399999999,2.862
2104,8.91011899999999,3.625
2105,8.91311699999999,2.998
2106,8.91566399999999,2.547
2107,8.92305699999999,7.393
2108,8.92639399999999,3.337
2109,8.92904499999999,2.651
2110,8.93779299999999,8.748
2111,8.94042499999999,2.632
2112,8.94448199999999,4.057
2113,8.94743799999999,2.956
2114,8.95040999999999,2.972
2115,8.95299299999999,2.583
2116,8.95735199999999,4.359
2117,8.96017699999999,2.825
2118,8.96447699999999,4.3
2119,8.96749799999999,3.021
2120,8.97172099999999,4.223
2121,8.97440599999999,2.685
2122,8.97691999999999,2.514
2123,8.98391599999999,6.996
2124,8.98681099999999,2.895
2125,8.99031399999999,3.503
2126,8.99290999999999,2.596
2127,8.99614299999999,3.233
2128,9.00348399999999,7.341
2129,9.00702799999999,3.544
2130,9.01016299999999,3.135
2131,9.01305699999999,2.894
2132,9.02022999999999,7.173
2133,9.02305999999999,2.83
2134,9.02666199999999,3.602
2135,9.02958499999999,2.923
2136,9.03726599999999,7.681
2137,9.04015999999999,2.894
2138,9.04439299999999,4.233
2139,9.04745499999999,3.062
2140,9.05433299999999,6.878
2141,9.05702899999999,2.696
2142,9.05955899999999,2.53
2143,9.06261499999999,3.056
2144,9.07139999999999,8.785
2145,9.07416099999999,2.761
2146,9.07657899999999,2.418
2147,9.08032999999999,3.751
2148,9.08324599999999,2.916
2149,9.09076699999999,7.521
2150,9.09356099999999,2.794
2151,9.09711499999999,3.554
2152,9.10548299999999,8.368
2153,9.10851899999999,3.036
2154,9.11157599999999,3.057
2155,9.11519899999999,3.623
2156,9.11789599999999,2.697
2157,9.12121299999999,3.317
2158,9.12387899999999,2.666
2159,9.13040899999999,6.53
2160,9.13350399999999,3.095
2161,9.13638999999999,2.886
2162,9.13894999999999,2.56
2163,9.14120599999999,2.256
2164,9.15012399999999,8.918
2165,9.15316599999999,3.042
2166,9.15674999999999,3.584
2167,9.16013599999999,3.386
2168,9.16409299999999,3.957
2169,9.16882499999999,4.732
2170,9.17169899999999,2.874
2171,9.17444799999999,2.749
2172,9.17702899999999,2.581
2173,9.18653099999999,9.502
2174,9.18914999999999,2.619
2175,9.19266899999999,3.519
2176,9.19535399999999,2.685
2177,9.19899199999999,3.638
2178,9.20503499999999,6.043
2179,9.20827299999999,3.238
2180,9.21090099999999,2.628
2181,9.21461699999999,3.716
2182,9.21719999999999,2.583
2183,9.22452199999999,7.322
2184,9.22682099999999,2.299
2185,9.23007699999999,3.256
2186,9.23921099999999,9.134
2187,9.24220999999999,2.999
2188,9.24529099999999,3.081
2189,9.24866199999999,3.371
2190,9.25138999999999,2.728
2191,9.25469199999999,3.302
2192,9.25749299999999,2.801
2193,9.26407299999999,6.58
2194,9.26702999999999,2.957
2195,9.27029599999999,3.266
2196,9.27277799999999,2.482
2197,9.27486899999999,2.091
2198,9.28368199999999,8.813
2199,9.28650699999999,2.825
2200,9.29040899999999,3.902
2201,9.29373099999999,3.322
2202,9.29721699999999,3.486
2203,9.30225999999999,5.043
2204,9.30600399999999,3.744
2205,9.30880999999999,2.806
2206,9.31136299999999,2.553
2207,9.31990999999999,8.547
2208,9.32248799999999,2.578
2209,9.32590899999999,3.421
2210,9.32852399999999,2.615
2211,9.33203499999999,3.511
2212,9.33895199999999,6.917
2213,9.34175199999999,2.8
2214,9.34395299999999,2.201
2215,9.35116599999999,7.213
2216,9.35602499999999,4.859
2217,9.35879399999999,2.769
2218,9.36152099999999,2.727
2219,9.36473999999999,3.219
2220,9.37301999999999,8.28
2221,9.37585299999999,2.833
2222,9.37819399999999,2.341
2223,9.38747299999999,9.279
2224,9.39031399999999,2.841
2225,9.39317699999999,2.863
2226,9.39580499999999,2.628
2227,9.39917199999999,3.367
2228,9.40716699999999,7.995
2229,9.40985599999999,2.689
2230,9.41222299999998,2.367
2231,9.41938899999998,7.166
2232,9.42411299999998,4.724
2233,9.42724299999998,3.13
2234,9.42968199999999,2.439
2235,9.43368499999999,4.003
2236,9.43624499999999,2.56
2237,9.43851499999999,2.27
2238,9.44612499999999,7.61
2239,9.44959499999999,3.47
2240,9.45240599999999,2.811
2241,9.45583299999999,3.427
2242,9.45854699999999,2.714
2243,9.46611699999998,7.57
2244,9.46883499999998,2.718
2245,9.47203199999998,3.197
2246,9.47466999999998,2.638
2247,9.47745499999998,2.785
2248,9.48560699999998,8.152
2249,9.48852099999998,2.914
2250,9.49238499999998,3.864
2251,9.49507199999998,2.687
2252,9.50260299999998,7.531
2253,9.50537899999999,2.776
2254,9.50949699999999,4.118
2255,9.51248499999999,2.988
2256,9.51964299999999,7.158
2257,9.52242799999999,2.785
2258,9.52642599999998,3.998
2259,9.52920099999998,2.775
2260,9.53687799999998,7.677
2261,9.54009599999998,3.218
2262,9.54354799999998,3.452
2263,9.54632599999998,2.778
2264,9.55398399999998,7.658
2265,9.55648799999998,2.504
2266,9.56053299999998,4.045
2267,9.56352299999998,2.99
2268,9.57112899999998,7.606
2269,9.57388699999998,2.758
2270,9.57751599999998,3.629
2271,9.58107599999998,3.56
2272,9.58470399999998,3.628
2273,9.58941499999998,4.711
2274,9.59180199999998,2.387
2275,9.60060699999998,8.805
2276,9.60491099999998,4.304
2277,9.60742099999998,2.51
2278,9.61173599999998,4.315
2279,9.61472099999998,2.985
2280,9.61809799999998,3.377
2281,9.62044999999998,2.352
2282,9.62297999999998,2.53
2283,9.62970199999998,6.722
2284,9.63339899999998,3.697
2285,9.63599899999998,2.6
2286,9.63947699999998,3.478
2287,9.64171999999998,2.243
2288,9.65227299999998,10.553
2289,9.65505399999998,2.781
2290,9.65888999999998,3.836
2291,9.66222099999998,3.331
2292,9.66586699999998,3.646
2293,9.66953399999998,3.667
2294,9.67213799999998,2.604
2295,9.67445099999998,2.313
2296,9.68505399999998,10.603
2297,9.68793399999998,2.88
2298,9.69146499999998,3.531
2299,9.69468499999998,3.22
2300,9.69814999999998,3.465
2301,9.70343399999998,5.284
2302,9.70594199999998,2.508
2303,9.70850099999998,2.559
2304,9.71906299999998,10.562
2305,9.72185999999998,2.797
2306,9.72562499999998,3.765
2307,9.72906299999998,3.438
2308,9.73251299999998,3.45
2309,9.73756699999998,5.054
2310,9.74003299999998,2.466
2311,9.74231199999998,2.279
2312,9.75324699999998,10.935
2313,9.75614499999998,2.898
2314,9.75972799999998,3.583
2315,9.76306999999998,3.342
2316,9.76660899999998,3.539
2317,9.77163699999998,5.028
2318,9.77409199999998,2.455
2319,9.77641799999998,2.326
2320,9.78727699999998,10.859
2321,9.79004399999998,2.767
2322,9.79370799999998,3.664
2323,9.79701999999998,3.312
2324,9.80047999999998,3.46
2325,9.80572999999998,5.25
2326,9.80809099999998,2.361
2327,9.81703499999998,8.944
2328,9.82151899999998,4.484
2329,9.82414599999998,2.627
2330,9.82774599999998,3.6
2331,9.83015699999998,2.411
2332,9.83823899999998,8.082
2333,9.84109399999998,2.855
2334,9.84465299999998,3.559
2335,9.84815199999998,3.499
2336,9.85182699999998,3.675
2337,9.85668499999998,4.858
2338,9.85879899999998,2.114
2339,9.86767899999998,8.88
2340,9.87210099999998,4.422
2341,9.87479399999998,2.693
2342,9.87879899999998,4.005
2343,9.88222199999998,3.423
2344,9.88587199999998,3.65
2345,9.88876299999998,2.891
2346,9.89124899999998,2.486
2347,9.89691499999998,5.666
2348,9.90043899999998,3.524
2349,9.90303099999998,2.592
2350,9.90664499999998,3.614
2351,9.90909799999998,2.453
2352,9.91734599999998,8.248
2353,9.92039099999998,3.045
2354,9.92390399999998,3.513
2355,9.92707699999998,3.173
2356,9.93022399999998,3.147
2357,9.93559999999998,5.376
2358,9.93804199999998,2.442
2359,9.94032299999998,2.281
2360,9.95139999999998,11.077
2361,9.95442599999998,3.026
2362,9.95804299999998,3.617
2363,9.96120399999998,3.161
2364,9.96460899999998,3.405
2365,9.96975399999998,5.145
2366,9.97224799999998,2.494
2367,9.97460499999998,2.357
2368,9.98533999999998,10.735
2369,9.98846299999999,3.123
2370,9.99180499999999,3.342
2371,9.99532699999999,3.522
2372,9.99876199999999,3.435
2373,10.00371,4.948
2374,10.006227,2.517
2375,10.008515,2.288
2376,10.019137,10.622
2377,10.022686,3.549
2378,10.025942,3.256
2379,10.029101,3.159
2380,10.032677,3.576
2381,10.037915,5.238
2382,10.040283,2.368
2383,10.042685,2.402
2384,10.053197,10.512
2385,10.056432,3.235
2386,10.060058,3.626
2387,10.063368,3.31
2388,10.066545,3.177
2389,10.07185,5.305
2390,10.074265,2.415
2391,10.081399,7.134
2392,10.087349,5.95
2393,10.090177,2.828
2394,10.094178,4.001
2395,10.096798,2.62
2396,10.104499,7.701
2397,10.106929,2.43
2398,10.109358,2.429
2399,10.11508,5.722
2400,10.121521,6.441
2401,10.124987,3.466
2402,10.128047,3.06
2403,10.130658,2.611
2404,10.138383,7.725
2405,10.141077,2.694
2406,10.143226,2.149
2407,10.149211,5.985
2408,10.155517,6.306
2409,10.158862,3.345
2410,10.162053,3.191
2411,10.164546,2.493
2412,10.172405,7.859
2413,10.174959,2.554
2414,10.177714,2.755
2415,10.183106,5.392
2416,10.18932,6.214
2417,10.193535,4.215
2418,10.196544,3.009
2419,10.1997,3.156
2420,10.206173,6.473
2421,10.209094,2.921
2422,10.21643,7.336
2423,10.220013,3.583
2424,10.225115,5.102
2425,10.229207,4.092
2426,10.232549,3.342
2427,10.235409,2.86
2428,10.23899,3.581
2429,10.242387,3.397
2430,10.245693,3.306
2431,10.249007,3.314
2432,10.25288,3.873
2433,10.255704,2.824
2434,10.259344,3.64
2435,10.264133,4.789
2436,10.268148,4.015
2437,10.270743,2.595
2438,10.273374,2.631
2439,10.276328,2.954
2440,10.284458,8.13
2441,10.287491,3.033
2442,10.290228,2.737
2443,10.293848,3.62
2444,10.297523,3.675
2445,10.303017,5.494
2446,10.305619,2.602
2447,10.308371,2.752
2448,10.318495,10.124
2449,10.32169,3.195
2450,10.324716,3.026
2451,10.328496,3.78
2452,10.332621,4.125
2453,10.336996,4.375
2454,10.34109,4.094
2455,10.34395,2.86
2456,10.352354,8.404
2457,10.355484,3.13
2458,10.358923,3.439
2459,10.362419,3.496
2460,10.369153,6.734
2461,10.372014,2.861
2462,10.374741,2.727
2463,10.382956,8.215
2464,10.387716,4.76
2465,10.390783,3.067
2466,10.393949,3.166
2467,10.397498,3.549
2468,10.40321,5.712
2469,10.406426,3.216
2470,10.409151,2.725
2471,10.416988,7.837
2472,10.420995,4.007
2473,10.423842,2.847
2474,10.426583,2.741
2475,10.433959,7.376
2476,10.437685,3.726
2477,10.44057,2.885
2478,10.443761,3.191
2479,10.446765,3.004
2480,10.45407,7.305
2481,10.456867,2.797
2482,10.459661,2.794
2483,10.467856,8.195
2484,10.472607,4.751
2485,10.475693,3.086
2486,10.478635,2.942
2487,10.48203,3.395
2488,10.487932,5.902
2489,10.490775,2.843
2490,10.49962,8.845
2491,10.502793,3.173
2492,10.506607,3.814
2493,10.509979,3.372
2494,10.513089,3.11
2495,10.518704,5.615
2496,10.522332,3.628
2497,10.525051,2.719
2498,10.533548,8.497
2499,10.53726,3.712
2500,10.541025,3.765
2501,10.544472,3.447
2502,10.548295,3.823
2503,10.552775,4.48
2504,10.557717,4.942
2505,10.560819,3.102
2506,10.567453,6.634
2507,10.570661,3.208
2508,10.574208,3.547
2509,10.577568,3.36
2510,10.584446,6.878
2511,10.588712,4.266
2512,10.591426,2.714
2513,10.594533,3.107
2514,10.601605,7.072
2515,10.605622,4.017
2516,10.608603,2.981
2517,10.611567,2.964
2518,10.618367,6.8
2519,10.623183,4.816
2520,10.627045,3.862
2521,10.629945,2.9
2522,10.636317,6.372
2523,10.639564,3.247
2524,10.642395,2.831
2525,10.649882,7.487
2526,10.653787,3.905
2527,10.656741,2.954
2528,10.659734,2.993
2529,10.66269,2.956
2530,10.670296,7.606
2531,10.673232,2.936
2532,10.676019,2.787
2533,10.684819,8.8
2534,10.688058,3.239
2535,10.691393,3.335
2536,10.694797,3.404
2537,10.698465,3.668
2538,10.703366,4.901
2539,10.707399,4.033
2540,10.710391,2.992
2541,10.718776,8.385
2542,10.721812,3.036
2543,10.725335,3.523
2544,10.728114,2.779
2545,10.736085,7.971
2546,10.73936,3.275
2547,10.742363,3.003
2548,10.750277,7.914
2549,10.753399,3.122
2550,10.756316,2.917
2551,10.760291,3.975
2552,10.764244,3.953
2553,10.768995,4.751
2554,10.773041,4.046
2555,10.776089,3.048
2556,10.784393,8.304
2557,10.787588,3.195
2558,10.79076,3.172
2559,10.794915,4.155
2560,10.798992,4.077
2561,10.802795,3.803
2562,10.806513,3.718
2563,10.809459,2.946
2564,10.818241,8.782
2565,10.821348,3.107
2566,10.824389,3.041
2567,10.827564,3.175
2568,10.835511,7.947
2569,10.838956,3.445
2570,10.846208,7.252
2571,10.850291,4.083
2572,10.853264,2.973
2573,10.85662,3.356
2574,10.859641,3.021
2575,10.86699,7.349
2576,10.869874,2.884
2577,10.872893,3.019
2578,10.876025,3.132
2579,10.883818,7.793
2580,10.886974,3.156
2581,10.889574,2.6
2582,10.892339,2.765
2583,10.900832,8.493
2584,10.904116,3.284
2585,10.906771,2.655
2586,10.909882,3.111
2587,10.914791,4.909
2588,10.919598,4.807
2589,10.9237,4.102
2590,10.926623,2.923
2591,10.930025,3.402
2592,10.936422,6.397
2593,10.939293,2.871
2594,10.942615,3.322
2595,10.951907,9.292
2596,10.955083,3.176
2597,10.958311,3.228
2598,10.961924,3.613
2599,10.965491,3.567
2600,10.970386,4.895
2601,10.973031,2.645
2602,10.977016,3.985
2603,10.985763,8.747
2604,10.989048,3.285
2605,10.992038,2.99
2606,10.996711,4.673
2607,10.999791,3.08
2608,11.004443,4.652
2609,11.007098,2.655
2610,11.017559,10.461
2611,11.020623,3.064
2612,11.023486,2.863
2613,11.026589,3.103
2614,11.030391,3.802
2615,11.03601,5.619
2616,11.038465,2.455
2617,11.040885,2.42
2618,11.051477,10.592
2619,11.054755,3.278
2620,11.057627,2.872
2621,11.061459,3.832
2622,11.065491,4.032
2623,11.06985,4.359
2624,11.074081,4.231
2625,11.077365,3.284
2626,11.085468,8.103
2627,11.088562,3.094
2628,11.09203,3.468
2629,11.095089,3.059
2630,11.102264,7.175
2631,11.10515,2.886
2632,11.108211,3.061
2633,11.116622,8.411
2634,11.120044,3.422
2635,11.123018,2.974
2636,11.126999,3.981
2637,11.130751,3.752
2638,11.135374,4.623
2639,11.139388,4.014
2640,11.142332,2.944
2641,11.150819,8.487
2642,11.154056,3.237
2643,11.157229,3.173
2644,11.160957,3.728
2645,11.167654,6.697
2646,11.17065,2.996
2647,11.173596,2.946
2648,11.176547,2.951
2649,11.18475,8.203
2650,11.188041,3.291
2651,11.19087,2.829
2652,11.193877,3.007
2653,11.201651,7.774
2654,11.204829,3.178
2655,11.20748,2.651
2656,11.210292,2.812
2657,11.218486,8.194
2658,11.22169,3.204
2659,11.224699,3.009
2660,11.227559,2.86
2661,11.235604,8.045
2662,11.238656,3.052
2663,11.242353,3.697
2664,11.245385,3.032
2665,11.252733,7.348
2666,11.25568,2.947
2667,11.258423,2.743
2668,11.267257,8.834
2669,11.270492,3.235
2670,11.273237,2.745
2671,11.276562,3.325
2672,11.280668,4.106
2673,11.284589,3.921
2674,11.287445,2.856
2675,11.291631,4.186
2676,11.29572,4.089
2677,11.299166,3.446
2678,11.302405,3.239
2679,11.306411,4.006
2680,11.311431,5.02
2681,11.31443,2.999
2682,11.31773,3.3
2683,11.320582,2.852
2684,11.32408,3.498
2685,11.330067,5.987
2686,11.332936,2.869
2687,11.336692,3.756
2688,11.340205,3.513
2689,11.343244,3.039
2690,11.349938,6.694
2691,11.352976,3.038
2692,11.356958,3.982
2693,11.359896,2.938
2694,11.366523,6.627
2695,11.369673,3.15
2696,11.373882,4.209
2697,11.37702,3.138
2698,11.379681,2.661
2699,11.385951,6.27
2700,11.389651,3.7
2701,11.39229,2.639
2702,11.397456,5.166
2703,11.402825,5.369
2704,11.407697,4.872
2705,11.410602,2.905
2706,11.413578,2.976
2707,11.41994,6.362
2708,11.423331,3.391
2709,11.425864,2.533
2710,11.434458,8.594
2711,11.43743,2.972
2712,11.441723,4.293
2713,11.444894,3.171
2714,11.447806,2.912
2715,11.453878,6.072
2716,11.457645,3.767
2717,11.46039,2.745
2718,11.468417,8.027
2719,11.472536,4.119
2720,11.476392,3.856
2721,11.479201,2.809
2722,11.482357,3.156
2723,11.487814,5.457
2724,11.49275,4.936
2725,11.495836,3.086
2726,11.502445,6.609
2727,11.505359,2.914
2728,11.509016,3.657
2729,11.511887,2.871
2730,11.519432,7.545
2731,11.522702,3.27
2732,11.527547,4.845
2733,11.531638,4.091
2734,11.536347,4.709
2735,11.539469,3.122
2736,11.543653,4.184
2737,11.548178,4.525
2738,11.553439,5.261
2739,11.557543,4.104
2740,11.56172,4.177
2741,11.565115,3.395
2742,11.570043,4.928
2743,11.572719,2.676
2744,11.575934,3.215
2745,11.584665,8.731
2746,11.587792,3.127
2747,11.591428,3.636
2748,11.595238,3.81
2749,11.59811,2.872
2750,11.604279,6.169
2751,11.607152,2.873
2752,11.610437,3.285
2753,11.618596,8.159
2754,11.622656,4.06
2755,11.62601,3.354
2756,11.630275,4.265
2757,11.633386,3.111
2758,11.638014,4.628
2759,11.640781,2.767
2760,11.651202,10.421
2761,11.655719,4.517
2762,11.660775,5.056
2763,11.666033,5.258
2764,11.6703,4.267
2765,11.673769,3.469
2766,11.678685,4.916
2767,11.683842,5.157
2768,11.686561,2.719
2769,11.690198,3.637
2770,11.693656,3.458
2771,11.699236,5.58
2772,11.70204,2.804
2773,11.705847,3.807
2774,11.710107,4.26
2775,11.713966,3.859
2776,11.717885,3.919
2777,11.720726,2.841
2778,11.723453,2.727
2779,11.736021,12.568
2780,11.741646,5.625
2781,11.74476,3.114
2782,11.74863,3.87
2783,11.751767,3.137
2784,11.755002,3.235
2785,11.757799,2.797
2786,11.764436,6.637
2787,11.767944,3.508
2788,11.771134,3.19
2789,11.775312,4.178
2790,11.77939,4.078
2791,11.787485,8.095
2792,11.790401,2.916
2793,11.793367,2.966
2794,11.797984,4.617
2795,11.800716,2.732
2796,11.804295,3.579
2797,11.807048,2.753
2798,11.815796,8.748
2799,11.819593,3.797
2800,11.822614,3.021
2801,11.826021,3.407
2802,11.829959,3.938
2803,11.833867,3.908
2804,11.838156,4.289
2805,11.840758,2.602
2806,11.849312,8.554
2807,11.852807,3.495
2808,11.855852,3.045
2809,11.860014,4.162
2810,11.864139,4.125
2811,11.867783,3.644
2812,11.870755,2.972
2813,11.873595,2.84
2814,11.88375,10.155
2815,11.886534,2.784
2816,11.889347,2.813
2817,11.892564,3.217
2818,11.896188,3.624
2819,11.90213,5.942
2820,11.905201,3.071
2821,11.907911,2.71
2822,11.914342,6.431
2823,11.918976,4.634
2824,11.923202,4.226
2825,11.926331,3.129
2826,11.929932,3.601
2827,11.936052,6.12
2828,11.938955,2.903
2829,11.941274,2.319
2830,11.951433,10.159
2831,11.954294,2.861
2832,11.957277,2.983
2833,11.960226,2.949
2834,11.963864,3.638
2835,11.969967,6.103
2836,11.973033,3.066
2837,11.975729,2.696
2838,11.985677,9.948
2839,11.989227,3.55
2840,11.992889,3.662
2841,11.997056,4.167
2842,12.003612,6.556
2843,12.008837,5.225
2844,12.012559,3.722
2845,12.016458,3.899
2846,12.019362,2.904
2847,12.022712,3.35
2848,12.025243,2.531
2849,12.033742,8.499
2850,12.036665,2.923
2851,12.03975,3.085
2852,12.042793,3.043
2853,12.046638,3.845
2854,12.052293,5.655
2855,12.055291,2.998
2856,12.058082,2.791
2857,12.064752,6.67
2858,12.069335,4.583
2859,12.073351,4.016
2860,12.076405,3.054
2861,12.079968,3.563
2862,12.086402,6.434
2863,12.089088,2.686
2864,12.091872,2.784
2865,12.101624,9.752
2866,12.105041,3.417
2867,12.109146,4.105
2868,12.114242,5.096
2869,12.118707,4.465
2870,12.122215,3.508
2871,12.126787,4.572
2872,12.133786,6.999
2873,12.13924,5.454
2874,12.143312,4.072
2875,12.147687,4.375
2876,12.153414,5.727
2877,12.157152,3.738
2878,12.16189,4.738
2879,12.167806,5.916
2880,12.171277,3.471
2881,12.176091,4.814
2882,12.180171,4.08
2883,12.185672,5.501
2884,12.189895,4.223
2885,12.194663,4.768
2886,12.199003,4.34
2887,12.203337,4.334
2888,12.207489,4.152
2889,12.213046,5.557
2890,12.21814,5.094
2891,12.221036,2.896
2892,12.223903,2.867
2893,12.227399,3.496
2894,12.23163,4.231
2895,12.234246,2.616
2896,12.237657,3.411
2897,12.242143,4.486
2898,12.247883,5.74
2899,12.252002,4.119
2900,12.255984,3.982
2901,12.260394,4.41
2902,12.267746,7.352
2903,12.271229,3.483
2904,12.275496,4.267
2905,12.282795,7.299
2906,12.286938,4.143
2907,12.292081,5.143
2908,12.296532,4.451
2909,12.301433,4.901
2910,12.305074,3.641
2911,12.308569,3.495
2912,12.312027,3.458
2913,12.316451,4.424
2914,12.319634,3.183
2915,12.32237,2.736
2916,12.325231,2.861
2917,12.330749,5.518
2918,12.334006,3.257
2919,12.337325,3.319
2920,12.34271,5.385
2921,12.348084,5.374
2922,12.351141,3.057
2923,12.353927,2.786
2924,12.357814,3.887
2925,12.361969,4.155
2926,12.365574,3.605
2927,12.369055,3.481
2928,12.371559,2.504
2929,12.375408,3.849
2930,12.382602,7.194
2931,12.386407,3.805
2932,12.389469,3.062
2933,12.394165,4.696
2934,12.397719,3.554
2935,12.402333,4.614
2936,12.406588,4.255
2937,12.412666,6.078
2938,12.417766,5.1
2939,12.423442,5.676
2940,12.427617,4.175
2941,12.432719,5.102
2942,12.436586,3.867
2943,12.441003,4.417
2944,12.447509,6.506
2945,12.452769,5.26
2946,12.456698,3.929
2947,12.461922,5.224
2948,12.466551,4.629
2949,12.470597,4.046
2950,12.476336,5.739
2951,12.481498,5.162
2952,12.489252,7.754
2953,12.492652,3.4
2954,12.495754,3.102
2955,12.499376,3.622
2956,12.502232,2.856
2957,12.505507,3.275
2958,12.50883,3.323
2959,12.515548,6.718
2960,12.518504,2.956
2961,12.521316,2.812
2962,12.524085,2.769
2963,12.527659,3.574
2964,12.532998,5.339
2965,12.535788,2.79
2966,12.538526,2.738
2967,12.543941,5.415
2968,12.550174,6.233
2969,12.553475,3.301
2970,12.557213,3.738
2971,12.561637,4.424
2972,12.564995,3.358
2973,12.569866,4.871
2974,12.572741,2.875
2975,12.57684,4.099
2976,12.584232,7.392
2977,12.587724,3.492
2978,12.590603,2.879
2979,12.595257,4.654
2980,12.598566,3.309
2981,12.603538,4.972
2982,12.606558,3.02
2983,12.611245,4.687
2984,12.615203,3.958
2985,12.620527,5.324
2986,12.623786,3.259
2987,12.627909,4.123
2988,12.635184,7.275
2989,12.63965,4.466
2990,12.642389,2.739
2991,12.647076,4.687
2992,12.650001,2.925
2993,12.65474,4.739
2994,12.657482,2.742
2995,12.664722,7.24
2996,12.668796,4.074
2997,12.672367,3.571
2998,12.675054,2.687
2999,12.680121,5.067
3000,12.683261,3.14
3001,12.686305,3.044
3002,12.690327,4.022
3003,12.694438,4.111
3004,12.69783,3.392
3005,12.700793,2.963
3006,12.703549,2.756
3007,12.706703,3.154
3008,12.714339,7.636
3009,12.717465,3.126
3010,12.720403,2.938
3011,12.724184,3.781
3012,12.727265,3.081
3013,12.73361,6.345
3014,12.736464,2.854
3015,12.739798,3.334
3016,12.742625,2.827
3017,12.750697,8.072
3018,12.753654,2.957
3019,12.757735,4.081
3020,12.760612,2.877
3021,12.767743,7.131
3022,12.770952,3.209
3023,12.774897,3.945
3024,12.777786,2.889
3025,12.78109,3.304
3026,12.787218,6.128
3027,12.79083,3.612
3028,12.793585,2.755
3029,12.80177,8.185
3030,12.80582,4.05
3031,12.809609,3.789
3032,12.81271,3.101
3033,12.816063,3.353
3034,12.821119,5.056
3035,12.825172,4.053
3036,12.828252,3.08
3037,12.835754,7.502
3038,12.838575,2.821
3039,12.84354,4.965
3040,12.846705,3.165
3041,12.850211,3.506
3042,12.853858,3.647
3043,12.857761,3.903
3044,12.861148,3.387
3045,12.864251,3.103
3046,12.868175,3.924
3047,12.872412,4.237
3048,12.875718,3.306
3049,12.880245,4.527
3050,12.883701,3.456
3051,12.887066,3.365
3052,12.890704,3.638
3053,12.894496,3.792
3054,12.899655,5.159
3055,12.902675,3.02
3056,12.906062,3.387
3057,12.909011,2.949
3058,12.916734,7.723
3059,12.92088,4.146
3060,12.923882,3.002
3061,12.927077,3.195
3062,12.930651,3.574
3063,12.935993,5.342
3064,12.938772,2.779
3065,12.942372,3.6
3066,12.945459,3.087
3067,12.953225,7.766
3068,12.956384,3.159
3069,12.959956,3.572
3070,12.963822,3.866
3071,12.970009,6.187
3072,12.973485,3.476
3073,12.976183,2.698
3074,12.985592,9.409
3075,12.989053,3.461
3076,12.991984,2.931
3077,12.995634,3.65
3078,12.999231,3.597
3079,13.003951,4.72
3080,13.006539,2.588
3081,13.016577,10.038
3082,13.020673,4.096
3083,13.023857,3.184
3084,13.027034,3.177
3085,13.030071,3.037
3086,13.033509,3.438
3087,13.036493,2.984
3088,13.039341,2.848
3089,13.044729,5.388
3090,13.048614,3.885
3091,13.051588,2.974
3092,13.055428,3.84
3093,13.05835,2.922
3094,13.064865,6.515
3095,13.06799,3.125
3096,13.071845,3.855
3097,13.075435,3.59
3098,13.078675,3.24
3099,13.084616,5.941
3100,13.087842,3.226
3101,13.090955,3.113
3102,13.093934,2.979
3103,13.101279,7.345
3104,13.104561,3.282
3105,13.107415,2.854
3106,13.110369,2.954
3107,13.118393,8.024
3108,13.121523,3.13
3109,13.12467,3.147
3110,13.127538,2.868
3111,13.135261,7.723
3112,13.138074,2.813
3113,13.141041,2.967
3114,13.143881,2.84
3115,13.152275,8.394
3116,13.155317,3.042
3117,13.158492,3.175
3118,13.161298,2.806
3119,13.169419,8.121
3120,13.172292,2.873
3121,13.17506,2.768
3122,13.180556,5.496
3123,13.18624,5.684
3124,13.189259,3.019
3125,13.192604,3.345
3126,13.195541,2.937
3127,13.203272,7.731
3128,13.20624,2.968
3129,13.208969,2.729
3130,13.213868,4.899
3131,13.220007,6.139
3132,13.223152,3.145
3133,13.226266,3.114
3134,13.229183,2.917
3135,13.237041,7.858
3136,13.239835,2.794
3137,13.242481,2.646
3138,13.251276,8.795
3139,13.255882,4.606
3140,13.259522,3.64
3141,13.262407,2.885
3142,13.265121,2.714
3143,13.270887,5.766
3144,13.273453,2.566
3145,13.279501,6.048
3146,13.285028,5.527
3147,13.2888,3.772
3148,13.292245,3.445
3149,13.295955,3.71
3150,13.299453,3.498
3151,13.3029,3.447
3152,13.306564,3.664
3153,13.310589,4.025
3154,13.313744,3.155
3155,13.317465,3.721
3156,13.319936,2.471
3157,13.32243,2.494
3158,13.328539,6.109
3159,13.333405,4.866
3160,13.336439,3.034
3161,13.340182,3.743
3162,13.34329,3.108
3163,13.34839,5.1
3164,13.351476,3.086
3165,13.354615,3.139
3166,13.357259,2.644
3167,13.365368,8.109
3168,13.368395,3.027
3169,13.37161,3.215
3170,13.374787,3.177
3171,13.377906,3.119
3172,13.387892,9.986
3173,13.390729,2.837
3174,13.393692,2.963
3175,13.398562,4.87
3176,13.402444,3.882
3177,13.405674,3.23
3178,13.409037,3.363
3179,13.411851,2.814
3180,13.41869,6.839
3181,13.421488,2.798
3182,13.424098,2.61
3183,13.432533,8.435
3184,13.436432,3.899
3185,13.439379,2.947
3186,13.442223,2.844
3187,13.445521,3.298
3188,13.452732,7.211
3189,13.45623,3.498
3190,13.458832,2.602
3191,13.466435,7.603
3192,13.470627,4.192
3193,13.473614,2.987
3194,13.476854,3.24
3195,13.479678,2.824
3196,13.486641,6.963
3197,13.48944,2.799
3198,13.492131,2.691
3199,13.500461,8.33
3200,13.50417,3.709
3201,13.506945,2.775
3202,13.510214,3.269
3203,13.513206,2.992
3204,13.520761,7.555
3205,13.523216,2.455
3206,13.525519,2.303
3207,13.53444,8.921
3208,13.538222,3.782
3209,13.541135,2.913
3210,13.545415,4.28
3211,13.548443,3.028
3212,13.554483,6.04
3213,13.557302,2.819
3214,13.560509,3.207
3215,13.568807,8.298
3216,13.572386,3.579
3217,13.57539,3.004
3218,13.578417,3.027
3219,13.582104,3.687
3220,13.585748,3.644
3221,13.588852,3.104
3222,13.593533,4.681
3223,13.596676,3.143
3224,13.600818,4.142
3225,13.60378,2.962
3226,13.606566,2.786
3227,13.613227,6.661
3228,13.618599,5.372
3229,13.621765,3.166
3230,13.625619,3.854
3231,13.629336,3.717
3232,13.636253,6.917
3233,13.641159,4.906
3234,13.644524,3.365
3235,13.647936,3.412
3236,13.652398,4.462
3237,13.65553,3.132
3238,13.65794,2.41
3239,13.66223,4.29
3240,13.665661,3.431
3241,13.669004,3.343
3242,13.674638,5.634
3243,13.677562,2.924
3244,13.687222,9.66
3245,13.690045,2.823
3246,13.693342,3.297
3247,13.696088,2.746
3248,13.70096,4.872
3249,13.703905,2.945
3250,13.706677,2.772
3251,13.712934,6.257
3252,13.716451,3.517
3253,13.719107,2.656
3254,13.722944,3.837
3255,13.726059,3.115
3256,13.733706,7.647
3257,13.737086,3.38
3258,13.739913,2.827
3259,13.742694,2.781
3260,13.750829,8.135
3261,13.753609,2.78
3262,13.75697,3.361
3263,13.759629,2.659
3264,13.767678,8.049
3265,13.770879,3.201
3266,13.774137,3.258
3267,13.77689,2.753
3268,13.785048,8.158
3269,13.788144,3.096
3270,13.79088,2.736
3271,13.793635,2.755
3272,13.803712,10.077
3273,13.806656,2.944
3274,13.810241,3.585
3275,13.813449,3.208
3276,13.818872,5.423
3277,13.82212,3.248
3278,13.824883,2.763
3279,13.827481,2.598
3280,13.835981,8.5
3281,13.838911,2.93
3282,13.841647,2.736
3283,13.849746,8.099
3284,13.853637,3.891
3285,13.856372,2.735
3286,13.859547,3.175
3287,13.862516,2.969
3288,13.870034,7.518
3289,13.873355,3.321
3290,13.875887,2.532
3291,13.8839,8.013
3292,13.887531,3.631
3293,13.890465,2.934
3294,13.893777,3.312
3295,13.896273,2.496
3296,13.903998,7.725
3297,13.907267,3.269
3298,13.909764,2.497
3299,13.917895,8.131
3300,13.921404,3.509
3301,13.924102,2.698
3302,13.927567,3.465
3303,13.93017,2.603
3304,13.934002,3.832
3305,13.936616,2.614
3306,13.939247,2.631
3307,13.945788,6.541
3308,13.950376,4.588
3309,13.953152,2.776
3310,13.956536,3.384
3311,13.959469,2.933
3312,13.966023,6.554
3313,13.968902,2.879
3314,13.972382,3.48
3315,13.976006,3.624
3316,13.982968,6.962
3317,13.986439,3.471
3318,13.990253,3.814
3319,13.992843,2.59
3320,13.999749,6.906
3321,14.002668,2.919
3322,14.005641,2.973
3323,14.008725,3.084
3324,14.011616,2.891
3325,14.019239,7.623
3326,14.022009,2.77
3327,14.024741,2.732
3328,14.027568,2.827
3329,14.03647,8.902
3330,14.038964,2.494
3331,14.041496,2.532
3332,14.05022,8.724
3333,14.053981,3.761
3334,14.056651,2.67
3335,14.059945,3.294
3336,14.062498,2.553
3337,14.070448,7.95
3338,14.073074,2.626
3339,14.075305,2.231
3340,14.084589,9.284
3341,14.088516,3.927
3342,14.091782,3.266
3343,14.094448,2.666
3344,14.098062,3.614
3345,14.101286,3.224
3346,14.104236,2.95
3347,14.109494,5.258
3348,14.113498,4.004
3349,14.116944,3.446
3350,14.120403,3.459
3351,14.122962,2.559
3352,14.129296,6.334
3353,14.132945,3.649
3354,14.135762,2.817
3355,14.139021,3.259
3356,14.142002,2.981
3357,14.148966,6.964
3358,14.151866,2.9
3359,14.155213,3.347
3360,14.158004,2.791
3361,14.166094,8.09
3362,14.168845,2.751
3363,14.172119,3.274
3364,14.174696,2.577
3365,14.183304,8.608
3366,14.186568,3.264
3367,14.189193,2.625
3368,14.192024,2.831
3369,14.200051,8.027
3370,14.202715,2.664
3371,14.206162,3.447
3372,14.209064,2.902
3373,14.217295,8.231
3374,14.220126,2.831
3375,14.223077,2.951
3376,14.225569,2.492
3377,14.234087,8.518
3378,14.236935,2.848
3379,14.24023,3.295
3380,14.243032,2.802
3381,14.251272,8.24
3382,14.254357,3.085
3383,14.257174,2.817
3384,14.260276,3.102
3385,14.268291,8.015
3386,14.270869,2.578
3387,14.273381,2.512
3388,14.282243,8.862
3389,14.28658,4.337
3390,14.289714,3.134
3391,14.2927,2.986
3392,14.295706,3.006
3393,14.30212,6.414
3394,14.304731,2.611
3395,14.307207,2.476
3396,14.316097,8.89
3397,14.320687,4.59
3398,14.323573,2.886
3399,14.326638,3.065
3400,14.329446,2.808
3401,14.33605,6.604
3402,14.338656,2.606
3403,14.341223,2.567
3404,14.350137,8.914
3405,14.354718,4.581
3406,14.357477,2.759
3407,14.360952,3.475
3408,14.363448,2.496
3409,14.369991,6.543
3410,14.372332,2.341
3411,14.38171,9.378
3412,14.385404,3.694
3413,14.388977,3.573
3414,14.392223,3.246
3415,14.396015,3.792
3416,14.398611,2.596
3417,14.403299,4.688
3418,14.407178,3.879
3419,14.41124,4.062
3420,14.414462,3.222
3421,14.418654,4.192
3422,14.421214,2.56
3423,14.424466,3.252
3424,14.429482,5.016
3425,14.434045,4.563
3426,14.436862,2.817
3427,14.439381,2.519
3428,14.446401,7.02
3429,14.449998,3.597
3430,14.453291,3.293
3431,14.457647,4.356
3432,14.460564,2.917
3433,14.466517,5.953
3434,14.469263,2.746
3435,14.471555,2.292
3436,14.48042,8.865
3437,14.484409,3.989
3438,14.487487,3.078
3439,14.491505,4.018
3440,14.49396,2.455
3441,14.500501,6.541
3442,14.50321,2.709
3443,14.505724,2.514
3444,14.514447,8.723
3445,14.519258,4.811
3446,14.521957,2.699
3447,14.525292,3.335
3448,14.528034,2.742
3449,14.534437,6.403
3450,14.537045,2.608
3451,14.539938,2.893
3452,14.548474,8.536
3453,14.553682,5.208
3454,14.556575,2.893
3455,14.559376,2.801
3456,14.562312,2.936
3457,14.568498,6.186
3458,14.571288,2.79
3459,14.574002,2.714
3460,14.582402,8.4
3461,14.58709,4.688
3462,14.590641,3.551
3463,14.594607,3.966
3464,14.602711,8.104
3465,14.608129,5.418
3466,14.614671,6.542
3467,14.618689,4.018
3468,14.623306,4.617
3469,14.627498,4.192
3470,14.631466,3.968
3471,14.635242,3.776
3472,14.640158,4.916
3473,14.64546,5.302
3474,14.649009,3.549
3475,14.652368,3.359
3476,14.658912,6.544
3477,14.66285,3.938
3478,14.666267,3.417
3479,14.67246,6.193
3480,14.679187,6.727
3481,14.682393,3.206
3482,14.68866,6.267
3483,14.693543,4.883
3484,14.69825,4.707
3485,14.706235,7.985
3486,14.71119,4.955
3487,14.714123,2.933
3488,14.717724,3.601
3489,14.721149,3.425
3490,14.724785,3.636
3491,14.728139,3.354
3492,14.731637,3.498
3493,14.734783,3.146
3494,14.737512,2.729
3495,14.742687,5.175
3496,14.745524,2.837
3497,14.748652,3.128
3498,14.751359,2.707
3499,14.753832,2.473
3500,14.76236,8.528
3501,14.76515,2.79
3502,14.768219,3.069
3503,14.772444,4.225
3504,14.776443,3.999
3505,14.780866,4.423
3506,14.783714,2.848
3507,14.787565,3.851
3508,14.789921,2.356
3509,14.79866,8.739
3510,14.801308,2.648
3511,14.804487,3.179
3512,14.807152,2.665
3513,14.810706,3.554
3514,14.819399,8.693
3515,14.823684,4.285
3516,14.826792,3.108
3517,14.832478,5.686
3518,14.835237,2.759
3519,14.838611,3.374
3520,14.841288,2.677
3521,14.844082,2.794
3522,14.852004,7.922
3523,14.855508,3.504
3524,14.858055,2.547
3525,14.865835,7.78
3526,14.869297,3.462
3527,14.872744,3.447
3528,14.8755,2.756
3529,14.87818,2.68
3530,14.886374,8.194
3531,14.889519,3.145
3532,14.892309,2.79
3533,14.900075,7.766
3534,14.903424,3.349
3535,14.90683,3.406
3536,14.910065,3.235
3537,14.913477,3.412
3538,14.917335,3.858
3539,14.920631,3.296
3540,14.924918,4.287
3541,14.92899,4.072
3542,14.932145,3.155
3543,14.935719,3.574
3544,14.938306,2.587
3545,14.944399,6.093
3546,14.947918,3.519
3547,14.95136,3.442
3548,14.953891,2.531
3549,14.95664,2.749
3550,14.964426,7.786
3551,14.967991,3.565
3552,14.970553,2.562
3553,14.974475,3.922
3554,14.977532,3.057
3555,14.984162,6.63
3556,14.987503,3.341
3557,14.990261,2.758
3558,14.993281,3.02
3559,15.000839,7.558
3560,15.003791,2.952
3561,15.006348,2.557
3562,15.01472,8.372
3563,15.019634,4.914
3564,15.022444,2.81
3565,15.025316,2.872
3566,15.027674,2.358
3567,15.034742,7.068
3568,15.037297,2.555
3569,15.039716,2.419
3570,15.045685,5.969
3571,15.052028,6.343
3572,15.055494,3.466
3573,15.059406,3.912
3574,15.061894,2.488
3575,15.068944,7.05
3576,15.072572,3.628
3577,15.075244,2.672
3578,15.082824,7.58
3579,15.087004,4.18
3580,15.090277,3.273
3581,15.093119,2.842
3582,15.095695,2.576
3583,15.099884,4.189
3584,15.103324,3.44
3585,15.107283,3.959
3586,15.110194,2.911
3587,15.114098,3.904
3588,15.117037,2.939
3589,15.119272,2.235
3590,15.126472,7.2
3591,15.130205,3.733
3592,15.133131,2.926
3593,15.135687,2.556
3594,15.138306,2.619
3595,15.146491,8.185
3596,15.149308,2.817
3597,15.152739,3.431
3598,15.155679,2.94
3599,15.160466,4.787
3600,15.166097,5.631
3601,15.168903,2.806
3602,15.172866,3.963
3603,15.175867,3.001
3604,15.182969,7.102
3605,15.18627,3.301
3606,15.189161,2.891
3607,15.192549,3.388
3608,15.1999,7.351
3609,15.20265,2.75
3610,15.206295,3.645
3611,15.210331,4.036
3612,15.214086,3.755
3613,15.218748,4.662
3614,15.221454,2.706
3615,15.224359,2.905
3616,15.234127,9.768
3617,15.237082,2.955
3618,15.240338,3.256
3619,15.244522,4.184
3620,15.24773,3.208
3621,15.251004,3.274
3622,15.253499,2.495
3623,15.25857,5.071
3624,15.261785,3.215
3625,15.26503,3.245
3626,15.26762,2.59
3627,15.269914,2.294
3628,15.277908,7.994
3629,15.281575,3.667
3630,15.284592,3.017
3631,15.288779,4.187
3632,15.292549,3.77
3633,15.29784,5.291
3634,15.300449,2.609
3635,15.303989,3.54
3636,15.306582,2.593
3637,15.314887,8.305
3638,15.317767,2.88
3639,15.320891,3.124
3640,15.32315,2.259
3641,15.33192,8.77
3642,15.334702,2.782
3643,15.337983,3.281
3644,15.340738,2.755
3645,15.343332,2.594
3646,15.351309,7.977
3647,15.354821,3.512
3648,15.357193,2.372
3649,15.365182,7.989
3650,15.368952,3.77
3651,15.372135,3.183
3652,15.374871,2.736
3653,15.37742,2.549
3654,15.38566,8.24
3655,15.389198,3.538
3656,15.391513,2.315
3657,15.399445,7.932
3658,15.402855,3.41
3659,15.406314,3.459
3660,15.409158,2.844
3661,15.41285,3.692
3662,15.41612,3.27
3663,15.419974,3.854
3664,15.424504,4.53
3665,15.427586,3.082
3666,15.431972,4.386
3667,15.435691,3.719
3668,15.438331,2.64
3669,15.443687,5.356
3670,15.447184,3.497
3671,15.450675,3.491
3672,15.4533,2.625
3673,15.455611,2.311
3674,15.464202,8.591
3675,15.467685,3.483
3676,15.47032,2.635
3677,15.474435,4.115
3678,15.477139,2.704
3679,15.483457,6.318
3680,15.485933,2.476
3681,15.48879,2.857
3682,15.49736,8.57
3683,15.502392,5.032
3684,15.505121,2.729
3685,15.508227,3.106
3686,15.510547,2.32
3687,15.517538,6.991
3688,15.520102,2.564
3689,15.522679,2.577
3690,15.531699,9.02
3691,15.536429,4.73
3692,15.538999,2.57
3693,15.542489,3.49
3694,15.545564,3.075
3695,15.551584,6.02
3696,15.554171,2.587
3697,15.556671,2.5
3698,15.559165,2.494
3699,15.569193,10.028
3700,15.572243,3.05
3701,15.574695,2.452
3702,15.581064,6.369
3703,15.585567,4.503
3704,15.588727,3.16
3705,15.591805,3.078
3706,15.5942,2.395
3707,15.599337,5.137
3708,15.601877,2.54
3709,15.604364,2.487
3710,15.609511,5.147
3711,15.61493,5.419
3712,15.618048,3.118
3713,15.620624,2.576
3714,15.623314,2.69
3715,15.62899,5.676
3716,15.632856,3.866
3717,15.635588,2.732
3718,15.637905,2.317
3719,15.645941,8.036
3720,15.649394,3.453
3721,15.65208,2.686
3722,15.655405,3.325
3723,15.657871,2.466
3724,15.666537,8.666
3725,15.669785,3.248
3726,15.672594,2.809
3727,15.675068,2.474
3728,15.683307,8.239
3729,15.685961,2.654
3730,15.689645,3.684
3731,15.692498,2.853
3732,15.700456,7.958
3733,15.703292,2.836
3734,15.705514,2.222
3735,15.714256,8.742
3736,15.717851,3.595
3737,15.72087,3.019
3738,15.723697,2.827
3739,15.726222,2.525
3740,15.734826,8.604
3741,15.737151,2.325
3742,15.739316,2.165
3743,15.748393,9.077
3744,15.752118,3.725
3745,15.754658,2.54
3746,15.757631,2.973
3747,15.759927,2.296
3748,15.768966,9.039
3749,15.772028,3.062
3750,15.774376,2.348
3751,15.782524,8.148
3752,15.785989,3.465
3753,15.789548,3.559
3754,15.792656,3.108
3755,15.796515,3.859
3756,15.799832,3.317
3757,15.803519,3.687
3758,15.807824,4.305
3759,15.81055,2.726
3760,15.815242,4.692
3761,15.818896,3.654
3762,15.821965,3.069
3763,15.827221,5.256
3764,15.83093,3.709
3765,15.833865,2.935
3766,15.836651,2.786
3767,15.839253,2.602
3768,15.847518,8.265
3769,15.850458,2.94
3770,15.853673,3.215
3771,15.858179,4.506
3772,15.861367,3.188
3773,15.866842,5.475
3774,15.869969,3.127
3775,15.873224,3.255
3776,15.876003,2.779
3777,15.884083,8.08
3778,15.88663,2.547
3779,15.889212,2.582
3780,15.897754,8.542
3781,15.901723,3.969
3782,15.90486,3.137
3783,15.908936,4.076
3784,15.911643,2.707
3785,15.918168,6.525
3786,15.920831,2.663
3787,15.923441,2.61
3788,15.931924,8.483
3789,15.935479,3.555
3790,15.938171,2.692
3791,15.940778,2.607
3792,15.948864,8.086
3793,15.952339,3.475
3794,15.955145,2.806
3795,15.95775,2.605
3796,15.966127,8.377
3797,15.969597,3.47
3798,15.972668,3.071
3799,15.975591,2.923
3800,15.982939,7.348
3801,15.986466,3.527
3802,15.988931,2.465
3803,15.997535,8.604
3804,16.000532,2.997
3805,16.003871,3.339
3806,16.00719,3.319
3807,16.009997,2.807
3808,16.017197,7.2
3809,16.021843,4.646
3810,16.02444,2.597
3811,16.031551,7.111
3812,16.034398,2.847
3813,16.0376,3.202
3814,16.040668,3.068
3815,16.043303,2.635
3816,16.051223,7.92
3817,16.054273,3.05
3818,16.056554,2.281
3819,16.065802,9.248
3820,16.068619,2.817
3821,16.07345,4.831
3822,16.076967,3.517
3823,16.079419,2.452
3824,16.082068,2.649
3825,16.085357,3.289
3826,16.090593,5.236
3827,16.094967,4.374
3828,16.0975,2.533
3829,16.102682,5.182
3830,16.105153,2.471
3831,16.109999,4.846
3832,16.112721,2.722
3833,16.117287,4.566
3834,16.11996,2.673
3835,16.122447,2.487
3836,16.129436,6.989
3837,16.132795,3.359
3838,16.135439,2.644
3839,16.139045,3.606
3840,16.141763,2.718
3841,16.149835,8.072
3842,16.152716,2.881
3843,16.155912,3.196
3844,16.15838,2.468
3845,16.160922,2.542
3846,16.169303,8.381
3847,16.171738,2.435
3848,16.179482,7.744
3849,16.182915,3.433
3850,16.186842,3.927
3851,16.190022,3.18
3852,16.192647,2.625
3853,16.196878,4.231
3854,16.200074,3.196
3855,16.202462,2.388
3856,16.208443,5.981
3857,16.211123,2.68
3858,16.216635,5.512
3859,16.219141,2.506
3860,16.221781,2.64
3861,16.227765,5.984
3862,16.231843,4.078
3863,16.234482,2.639
3864,16.237089,2.607
3865,16.239442,2.353
3866,16.248169,8.727
3867,16.251426,3.257
3868,16.253948,2.522
3869,16.256412,2.464
3870,16.265396,8.984
3871,16.26844,3.044
3872,16.271057,2.617
3873,16.273897,2.84
3874,16.28233,8.433
3875,16.285507,3.177
3876,16.28822,2.713
3877,16.291037,2.817
3878,16.299568,8.531
3879,16.302565,2.997
3880,16.305303,2.738
3881,16.307721,2.418
3882,16.316553,8.832
3883,16.319631,3.078
3884,16.322262,2.631
3885,16.324809,2.547
3886,16.3334,8.591
3887,16.336855,3.455
3888,16.339098,2.243
3889,16.347312,8.214
3890,16.351631,4.319
3891,16.35456,2.929
3892,16.358646,4.086
3893,16.361285,2.639
3894,16.367444,6.159
3895,16.370917,3.473
3896,16.373627,2.71
3897,16.381255,7.628
3898,16.385193,3.938
3899,16.388338,3.145
3900,16.391267,2.929
3901,16.39831,7.043
3902,16.401792,3.482
3903,16.405272,3.48
3904,16.408018,2.746
3905,16.415416,7.398
3906,16.418849,3.433
3907,16.422214,3.365
3908,16.42487,2.656
3909,16.432457,7.587
3910,16.435924,3.467
3911,16.439213,3.289
3912,16.441741,2.528
3913,16.444313,2.572
3914,16.452383,8.07
3915,16.455067,2.684
3916,16.462627,7.56
3917,16.466285,3.658
3918,16.469822,3.537
3919,16.473016,3.194
3920,16.475735,2.719
3921,16.479625,3.89
3922,16.483158,3.533
3923,16.486067,2.909
3924,16.491379,5.312
3925,16.494275,2.896
3926,16.49893,4.655
3927,16.502329,3.399
3928,16.504874,2.545
3929,16.510705,5.831
3930,16.514112,3.407
3931,16.517581,3.469
3932,16.520126,2.545
3933,16.522533,2.407
3934,16.530964,8.431
3935,16.534304,3.34
3936,16.536843,2.539
3937,16.539261,2.418
3938,16.548213,8.952
3939,16.551534,3.321
3940,16.554048,2.514
3941,16.556872,2.824
3942,16.565174,8.302
3943,16.568611,3.437
3944,16.571601,2.99
3945,16.574598,2.997
3946,16.582429,7.831
3947,16.585675,3.246
3948,16.588908,3.233
3949,16.591563,2.655
3950,16.599415,7.852
3951,16.602733,3.318
3952,16.604981,2.248
3953,16.613156,8.175
3954,16.616815,3.659
3955,16.620147,3.332
3956,16.622815,2.668
3957,16.625834,3.019
3958,16.633433,7.599
3959,16.636788,3.355
3960,16.639009,2.221
3961,16.647255,8.246
3962,16.650735,3.48
3963,16.654051,3.316
3964,16.657008,2.957
3965,16.659548,2.54
3966,16.667617,8.069
3967,16.670882,3.265
3968,16.673335,2.453
3969,16.681314,7.979
3970,16.684992,3.678
3971,16.688116,3.124
3972,16.690765,2.649
3973,16.693185,2.42
3974,16.701492,8.307
3975,16.705118,3.626
3976,16.707496,2.378
3977,16.715397,7.901
3978,16.718844,3.447
3979,16.723184,4.34
3980,16.725981,2.797
3981,16.72862,2.639
3982,16.735526,6.906
3983,16.738247,2.721
3984,16.745951,7.704
3985,16.749511,3.56
3986,16.752929,3.418
3987,16.756626,3.697
3988,16.759326,2.7
3989,16.763286,3.96
3990,16.766669,3.383
3991,16.769168,2.499
3992,16.774687,5.519
3993,16.777423,2.736
3994,16.780837,3.414
3995,16.784004,3.167
3996,16.786226,2.222
3997,16.794147,7.921
3998,16.797933,3.786
3999,16.80104,3.107
4000,16.803552,2.512
4001,16.806103,2.551
4002,16.814467,8.364
4003,16.817693,3.226
4004,16.820243,2.55
4005,16.82307,2.827
4006,16.83137,8.3
4007,16.834811,3.441
4008,16.837294,2.483
4009,16.840166,2.872
4010,16.848742,8.576
4011,16.851772,3.03
4012,16.854515,2.743
4013,16.857124,2.609
4014,16.865589,8.465
4015,16.868835,3.246
4016,16.871532,2.697
4017,16.874041,2.509
4018,16.882606,8.565
4019,16.885923,3.317
4020,16.888655,2.732
4021,16.891179,2.524
4022,16.899882,8.703
4023,16.902963,3.081
4024,16.905588,2.625
4025,16.908066,2.478
4026,16.916628,8.562
4027,16.920092,3.464
4028,16.922636,2.544
4029,16.927031,4.395
4030,16.930647,3.616
4031,16.935202,4.555
4032,16.937714,2.512
4033,16.9475,9.786
4034,16.951315,3.815
4035,16.95432,3.005
4036,16.957147,2.827
4037,16.961228,4.081
4038,16.964559,3.331
4039,16.96828,3.721
4040,16.971175,2.895
4041,16.975152,3.977
4042,16.977809,2.657
4043,16.982756,4.947
4044,16.985289,2.533
4045,16.988065,2.776
4046,16.994543,6.478
4047,16.999446,4.903
4048,17.002472,3.026
4049,17.005371,2.899
4050,17.007786,2.415
4051,17.014674,6.888
4052,17.017121,2.447
4053,17.019573,2.452
4054,17.028558,8.985
4055,17.032805,4.247
4056,17.035424,2.619
4057,17.039494,4.07
4058,17.042017,2.523
4059,17.048866,6.849
4060,17.051418,2.552
4061,17.054218,2.8
4062,17.062691,8.473
4063,17.068007,5.316
4064,17.070573,2.566
4065,17.073812,3.239
4066,17.076491,2.679
4067,17.082841,6.35
4068,17.085553,2.712
4069,17.088309,2.756
4070,17.096825,8.516
4071,17.102066,5.241
4072,17.104839,2.773
4073,17.10826,3.421
4074,17.111207,2.947
4075,17.117051,5.844
4076,17.11956,2.509
4077,17.122797,3.237
4078,17.125057,2.26
4079,17.13439,9.333
4080,17.137186,2.796
4081,17.13948,2.294
4082,17.14789,8.41
4083,17.15314,5.25
4084,17.156178,3.038
4085,17.158745,2.567
4086,17.161162,2.417
4087,17.1688,7.638
4088,17.171063,2.263
4089,17.176699,5.636
4090,17.182023,5.324
4091,17.185979,3.956
4092,17.190352,4.373
4093,17.193071,2.719
4094,17.196352,3.281
4095,17.199909,3.557
4096,17.203511,3.602
4097,17.206388,2.877
4098,17.210007,3.619
4099,17.213385,3.378
4100,17.215656,2.271
4101,17.217915,2.259
4102,17.225598,7.683
4103,17.22844,2.842
4104,17.231751,3.311
4105,17.235223,3.472
4106,17.237987,2.764
4107,17.245147,7.16
4108,17.24878,3.633
4109,17.25144,2.66
4110,17.253499,2.059
4111,17.255984,2.485
4112,17.265453,9.469
4113,17.268278,2.825
4114,17.271518,3.24
4115,17.273933,2.415
4116,17.282283,8.35
4117,17.28455,2.267
4118,17.286746,2.196
4119,17.296064,9.318
4120,17.29982,3.756
4121,17.30237,2.55
4122,17.30601,3.64
4123,17.308615,2.605
4124,17.316397,7.782
4125,17.319015,2.618
4126,17.321279,2.264
4127,17.330054,8.775
4128,17.333773,3.719
4129,17.336373,2.6
4130,17.340225,3.852
4131,17.342732,2.507
4132,17.350417,7.685
4133,17.352782,2.365
4134,17.355027,2.245
4135,17.364046,9.019
4136,17.367671,3.625
4137,17.372773,5.102
4138,17.375304,2.531
4139,17.377759,2.455
4140,17.384293,6.534
4141,17.386403,2.11
4142,17.395955,9.552
4143,17.398709,2.754
4144,17.401824,3.115
4145,17.406059,4.235
4146,17.408706,2.647
4147,17.411956,3.25
4148,17.415307,3.351
4149,17.417984,2.677
4150,17.423425,5.441
4151,17.426448,3.023
4152,17.429998,3.55
4153,17.432289,2.291
4154,17.434509,2.22
4155,17.442993,8.484
4156,17.447792,4.799
4157,17.450293,2.501
4158,17.453821,3.528
4159,17.456474,2.653
4160,17.463198,6.724
4161,17.465846,2.648
4162,17.468783,2.937
4163,17.471096,2.313
4164,17.480254,9.158
4165,17.482899,2.645
4166,17.486189,3.29
4167,17.491512,5.323
4168,17.495225,3.713
4169,17.500564,5.339
4170,17.504,3.436
4171,17.508441,4.441
4172,17.514223,5.782
4173,17.51829,4.067
4174,17.521324,3.034
4175,17.524733,3.409
4176,17.53022,5.487
4177,17.534138,3.918
4178,17.536811,2.673
4179,17.539515,2.704
4180,17.547236,7.721
4181,17.550791,3.555
4182,17.553941,3.15
4183,17.556729,2.788
4184,17.565761,9.032
4185,17.572402,6.641
4186,17.575477,3.075
4187,17.580928,5.451
4188,17.585628,4.7
4189,17.590087,4.459
4190,17.592821,2.734
4191,17.595962,3.141
4192,17.598444,2.482
4193,17.601478,3.034
4194,17.610106,8.628
4195,17.612737,2.631
4196,17.617024,4.287
4197,17.620832,3.808
4198,17.623577,2.745
4199,17.629351,5.774
4200,17.632552,3.201
4201,17.635788,3.236
4202,17.638203,2.415
4203,17.646587,8.384
4204,17.649658,3.071
4205,17.652464,2.806
4206,17.65481,2.346
4207,17.663688,8.878
4208,17.666111,2.423
4209,17.669833,3.722
4210,17.672902,3.069
4211,17.675499,2.597
4212,17.683174,7.675
4213,17.686408,3.234
4214,17.689141,2.733
4215,17.697695,8.554
4216,17.700419,2.724
4217,17.703756,3.337
4218,17.706328,2.572
4219,17.708895,2.567
4220,17.717111,8.216
4221,17.720361,3.25
4222,17.72259,2.229
4223,17.732199,9.609
4224,17.736373,4.174
4225,17.7401,3.727
4226,17.74376,3.66
4227,17.747595,3.835
4228,17.750501,2.906
4229,17.755655,5.154
4230,17.758285,2.63
4231,17.761313,3.028
4232,17.763876,2.563
4233,17.767211,3.335
4234,17.769653,2.442
4235,17.776398,6.745
4236,17.780531,4.133
4237,17.784142,3.611
4238,17.78652,2.378
4239,17.789608,3.088
4240,17.795665,6.057
4241,17.798978,3.313
4242,17.801304,2.326
4243,17.803551,2.247
4244,17.812856,9.305
4245,17.818336,5.48
4246,17.820951,2.615
4247,17.823992,3.041
4248,17.826577,2.585
4249,17.833097,6.52
4250,17.835431,2.334
4251,17.83802,2.589
4252,17.846958,8.938
4253,17.850309,3.351
4254,17.853106,2.797
4255,17.856035,2.929
4256,17.858518,2.483
4257,17.86743,8.912
4258,17.870134,2.704
4259,17.874099,3.965
4260,17.877849,3.75
4261,17.881226,3.377
4262,17.885993,4.767
4263,17.888842,2.849
4264,17.898105,9.263
4265,17.901502,3.397
4266,17.905269,3.767
4267,17.907818,2.549
4268,17.911872,4.054
4269,17.916141,4.269
4270,17.920051,3.91
4271,17.923273,3.222
4272,17.927485,4.212
4273,17.930681,3.196
4274,17.933585,2.904
4275,17.935882,2.297
4276,17.942424,6.542
4277,17.944924,2.5
4278,17.948803,3.879
4279,17.951178,2.375
4280,17.95551,4.332
4281,17.961214,5.704
4282,17.964531,3.317
4283,17.966839,2.308
4284,17.96907,2.231
4285,17.978335,9.265
4286,17.982147,3.812
4287,17.985108,2.961
4288,17.989796,4.688
4289,17.992462,2.666
4290,17.998514,6.052
4291,18.000987,2.473
4292,18.003088,2.101
4293,18.012334,9.246
4294,18.015845,3.511
4295,18.018511,2.666
4296,18.021553,3.042
4297,18.024573,3.02
4298,18.032913,8.34
4299,18.035431,2.518
4300,18.03781,2.379
4301,18.046453,8.643
4302,18.049946,3.493
4303,18.052674,2.728
4304,18.055999,3.325
4305,18.058692,2.693
4306,18.068045,9.353
4307,18.071243,3.198
4308,18.073922,2.679
4309,18.077564,3.642
4310,18.086269,8.705
4311,18.088869,2.6
4312,18.09364,4.771
4313,18.096181,2.541
4314,18.100563,4.382
4315,18.103041,2.478
4316,18.110801,7.76
4317,18.1144,3.599
4318,18.118583,4.183
4319,18.121483,2.9
4320,18.125114,3.631
4321,18.127626,2.512
4322,18.131018,3.392
4323,18.13341,2.392
4324,18.138757,5.347
4325,18.142971,4.214
4326,18.145482,2.511
4327,18.15088,5.398
4328,18.153371,2.491
4329,18.158198,4.827
4330,18.161003,2.805
4331,18.164592,3.589
4332,18.16714,2.548
4333,18.169479,2.339
4334,18.177603,8.124
4335,18.180703,3.1
4336,18.184129,3.426
4337,18.186709,2.58
4338,18.189953,3.244
4339,18.198074,8.121
4340,18.200589,2.515
4341,18.204496,3.907
4342,18.206925,2.429
4343,18.215058,8.133
4344,18.217751,2.693
4345,18.220075,2.324
4346,18.228789,8.714
4347,18.23353,4.741
4348,18.23617,2.64
4349,18.238732,2.562
4350,18.241129,2.397
4351,18.2491,7.971
4352,18.251714,2.614
4353,18.253997,2.283
4354,18.262948,8.951
4355,18.266531,3.583
4356,18.269729,3.198
4357,18.272391,2.662
4358,18.274946,2.555
4359,18.283291,8.345
4360,18.285608,2.317
4361,18.287623,2.015
4362,18.297087,9.464
4363,18.300575,3.488
4364,18.303647,3.072
4365,18.307778,4.131
4366,18.310235,2.457
4367,18.317176,6.941
4368,18.319824,2.648
4369,18.322108,2.284
4370,18.331171,9.063
4371,18.334885,3.714
4372,18.337485,2.6
4373,18.341047,3.562
4374,18.343641,2.594
4375,18.34669,3.049
4376,18.350325,3.635
4377,18.352698,2.373
4378,18.359428,6.73
4379,18.362157,2.729
4380,18.366931,4.774
4381,18.36946,2.529
4382,18.371927,2.467
4383,18.378932,7.005
4384,18.382374,3.442
4385,18.385833,3.459
4386,18.388512,2.679
4387,18.395888,7.376
4388,18.399604,3.716
4389,18.4021,2.496
4390,18.404442,2.342
4391,18.409742,5.3
4392,18.41604,6.298
4393,18.418701,2.661
4394,18.422378,3.677
4395,18.424911,2.533
4396,18.43317,8.259
4397,18.435731,2.561
4398,18.437938,2.207
4399,18.446901,8.963
4400,18.45043,3.529
4401,18.453235,2.805
4402,18.456531,3.296
4403,18.458761,2.23
4404,18.467235,8.474
4405,18.469386,2.151
4406,18.471491,2.105
4407,18.478689,7.198
4408,18.484283,5.594
4409,18.486708,2.425
4410,18.489849,3.141
4411,18.493897,4.048
4412,18.497059,3.162
4413,18.499881,2.822
4414,18.502418,2.537
4415,18.507719,5.301
4416,18.51025,2.531
4417,18.51358,3.33
4418,18.516187,2.607
4419,18.518406,2.219
4420,18.527152,8.746
4421,18.530523,3.371
4422,18.533126,2.603
4423,18.536681,3.555
4424,18.539351,2.67
4425,18.547445,8.094
4426,18.550471,3.026
4427,18.55325,2.779
4428,18.555822,2.572
4429,18.564395,8.573
4430,18.567301,2.906
4431,18.570485,3.184
4432,18.572951,2.466
4433,18.581727,8.776
4434,18.584402,2.675
4435,18.588013,3.611
4436,18.592556,4.543
4437,18.598585,6.029
4438,18.601251,2.666
4439,18.603727,2.476
4440,18.609222,5.495
4441,18.617247,8.025
4442,18.620037,2.79
4443,18.622981,2.944
4444,18.626613,3.632
4445,18.633268,6.655
4446,18.637687,4.419
4447,18.640807,3.12
4448,18.643915,3.108
4449,18.647934,4.019
4450,18.650941,3.007
4451,18.654173,3.232
4452,18.656573,2.4
4453,18.658903,2.33
4454,18.661912,3.009
4455,18.670202,8.29
4456,18.673026,2.824
4457,18.677008,3.982
4458,18.681249,4.241
4459,18.683794,2.545
4460,18.690237,6.443
4461,18.692996,2.759
4462,18.697642,4.646
4463,18.700492,2.85
4464,18.702994,2.502
4465,18.710292,7.298
4466,18.71338,3.088
4467,18.716467,3.087
4468,18.719098,2.631
4469,18.721693,2.595
4470,18.731381,9.688
4471,18.733939,2.558
4472,18.737891,3.952
4473,18.740656,2.765
4474,18.748605,7.949
4475,18.751351,2.746
4476,18.753623,2.272
4477,18.762149,8.526
4478,18.76603,3.881
4479,18.768377,2.347
4480,18.771053,2.676
4481,18.773346,2.293
4482,18.78255,9.204
4483,18.78478,2.23
4484,18.786833,2.053
4485,18.796329,9.496
4486,18.799519,3.19
4487,18.802863,3.344
4488,18.805461,2.598
4489,18.808346,2.885
4490,18.816701,8.355
4491,18.818951,2.25
4492,18.821114,2.163
4493,18.830439,9.325
4494,18.834068,3.629
4495,18.837289,3.221
4496,18.84142,4.131
4497,18.844355,2.935
4498,18.85066,6.305
4499,18.853561,2.901
4500,18.855797,2.236
4501,18.864782,8.985
4502,18.868126,3.344
4503,18.870613,2.487
4504,18.874369,3.756
4505,18.878527,4.158
4506,18.881923,3.396
4507,18.885069,3.146
4508,18.887486,2.417
4509,18.892521,5.035
4510,18.895059,2.538
4511,18.898401,3.342
4512,18.900573,2.172
4513,18.909646,9.073
4514,18.912301,2.655
4515,18.915712,3.411
4516,18.918739,3.027
4517,18.921101,2.362
4518,18.929118,8.017
4519,18.932309,3.191
4520,18.934769,2.46
4521,18.93725,2.481
4522,18.946061,8.811
4523,18.949233,3.172
4524,18.952463,3.23
4525,18.95463,2.167
4526,18.963029,8.399
4527,18.967784,4.755
4528,18.970345,2.561
4529,18.973762,3.417
4530,18.976017,2.255
4531,18.983168,7.151
4532,18.985582,2.414
4533,18.993485,7.903
4534,18.997072,3.587
4535,19.000391,3.319
4536,19.003922,3.531
4537,19.006493,2.571
4538,19.009615,3.122
4539,19.012142,2.527
4540,19.015721,3.579
4541,19.018146,2.425
4542,19.02442,6.274
4543,19.027108,2.688
4544,19.030538,3.43
4545,19.033792,3.254
4546,19.036348,2.556
4547,19.043838,7.49
4548,19.047506,3.668
4549,19.049937,2.431
4550,19.052354,2.417
4551,19.054708,2.354
4552,19.064117,9.409
4553,19.066613,2.496
4554,19.070393,3.78
4555,19.07307,2.677
4556,19.083003,9.933
4557,19.085518,2.515
4558,19.087654,2.136
4559,19.09484,7.186
4560,19.098724,3.884
4561,19.101445,2.721
4562,19.105129,3.684
4563,19.107395,2.266
4564,19.115553,8.158
4565,19.118054,2.501
4566,19.119988,1.934
4567,19.128949,8.961
4568,19.132184,3.235
4569,19.134915,2.731
4570,19.138725,3.81
4571,19.141156,2.431
4572,19.149434,8.278
4573,19.151812,2.378
4574,19.154038,2.226
4575,19.163185,9.147
4576,19.166641,3.456
4577,19.171509,4.868
4578,19.174023,2.514
4579,19.17625,2.227
4580,19.183533,7.283
4581,19.185923,2.39
4582,19.187993,2.07
4583,19.197363,9.37
4584,19.200753,3.39
4585,19.204294,3.541
4586,19.206831,2.537
4587,19.211031,4.2
4588,19.214215,3.184
4589,19.217075,2.86
4590,19.222576,5.501
4591,19.225297,2.721
4592,19.227998,2.701
4593,19.231264,3.266
4594,19.233591,2.327
4595,19.241966,8.375
4596,19.246517,4.551
4597,19.250129,3.612
4598,19.252929,2.8
4599,19.255467,2.538
4600,19.261528,6.061
4601,19.265009,3.481
4602,19.267182,2.173
4603,19.269163,1.981
4604,19.278596,9.433
4605,19.282104,3.508
4606,19.285017,2.913
4607,19.288119,3.102
4608,19.290948,2.829
4609,19.298862,7.914
4610,19.301055,2.193
4611,19.303567,2.512
4612,19.312952,9.385
4613,19.316501,3.549
4614,19.319657,3.156
4615,19.32213,2.473
4616,19.324576,2.446
4617,19.332969,8.393
4618,19.335596,2.627
4619,19.337767,2.171
4620,19.343665,5.898
4621,19.350101,6.436
4622,19.352657,2.556
4623,19.356091,3.434
4624,19.358255,2.164
4625,19.367283,9.028
4626,19.369609,2.326
4627,19.371735,2.126
4628,19.380995,9.26
4629,19.384791,3.796
4630,19.388099,3.308
4631,19.391538,3.439
4632,19.393997,2.459
4633,19.397302,3.305
4634,19.399708,2.406
4635,19.405129,5.421
4636,19.40934,4.211
4637,19.411937,2.597
4638,19.416135,4.198
4639,19.418332,2.197
4640,19.424844,6.512
4641,19.427435,2.591
4642,19.431895,4.46
4643,19.434387,2.492
4644,19.436821,2.434
4645,19.444047,7.226
4646,19.447326,3.279
4647,19.45074,3.414
4648,19.452977,2.237
4649,19.458185,5.208
4650,19.464282,6.097
4651,19.467331,3.049
4652,19.470517,3.186
4653,19.472915,2.398
4654,19.481499,8.584
4655,19.48418,2.681
4656,19.487362,3.182
4657,19.48986,2.498
4658,19.49845,8.59
4659,19.500942,2.492
4660,19.503041,2.099
4661,19.51249,9.449
4662,19.515903,3.413
4663,19.518639,2.736
4664,19.522107,3.468
4665,19.524937,2.83
4666,19.532826,7.889
4667,19.535717,2.891
4668,19.53802,2.303
4669,19.543709,5.689
4670,19.549782,6.073
4671,19.552123,2.341
4672,19.554644,2.521
4673,19.556791,2.147
4674,19.566819,10.028
4675,19.569304,2.485
4676,19.571336,2.032
4677,19.579529,8.193
4678,19.5839,4.371
4679,19.587003,3.103
4680,19.59045,3.447
4681,19.594059,3.609
4682,19.597556,3.497
4683,19.599882,2.326
4684,19.604993,5.111
4685,19.607857,2.864
4686,19.610281,2.424
4687,19.614802,4.521
4688,19.617446,2.644
4689,19.624618,7.172
4690,19.627252,2.634
4691,19.631034,3.782
4692,19.633621,2.587
4693,19.63597,2.349
4694,19.64386,7.89
4695,19.647273,3.413
4696,19.650024,2.751
4697,19.653104,3.08
4698,19.657014,3.91
4699,19.664058,7.044
4700,19.666611,2.553
4701,19.670353,3.742
4702,19.673172,2.819
4703,19.680946,7.774
4704,19.68358,2.634
4705,19.686966,3.386
4706,19.689797,2.831
4707,19.692611,2.814
4708,19.70033,7.719
4709,19.702847,2.517
4710,19.710697,7.85
4711,19.714316,3.619
4712,19.717668,3.352
4713,19.720612,2.944
4714,19.724196,3.584
4715,19.726544,2.348
4716,19.73196,5.416
4717,19.734563,2.603
4718,19.739487,4.924
4719,19.742232,2.745
4720,19.745044,2.812
4721,19.748345,3.301
4722,19.750963,2.618
4723,19.758117,7.154
4724,19.760576,2.459
4725,19.764219,3.643
4726,19.766533,2.314
4727,19.768677,2.144
4728,19.777561,8.884
4729,19.781301,3.74
4730,19.783832,2.531
4731,19.787813,3.981
4732,19.790493,2.68
4733,19.797925,7.432
4734,19.800569,2.644
4735,19.80276,2.191
4736,19.811613,8.853
4737,19.814861,3.248
4738,19.817445,2.584
4739,19.819979,2.534
4740,19.822344,2.365
4741,19.832007,9.663
4742,19.834426,2.419
4743,19.836681,2.255
4744,19.845755,9.074
4745,19.84913,3.375
4746,19.852664,3.534
4747,19.856209,3.545
4748,19.858774,2.565
4749,19.865827,7.053
4750,19.868336,2.509
4751,19.870585,2.249
4752,19.879678,9.093
4753,19.882836,3.158
4754,19.885315,2.479
4755,19.889109,3.794
4756,19.89167,2.561
4757,19.900572,8.902
4758,19.903101,2.529
4759,19.905289,2.188
4760,19.910598,5.309
4761,19.917368,6.77
4762,19.92013,2.762
4763,19.923001,2.871
4764,19.925371,2.37
4765,19.930009,4.638
4766,19.932411,2.402
4767,19.93816,5.749
4768,19.940751,2.591
4769,19.943383,2.632
4770,19.946707,3.324
4771,19.949296,2.589
4772,19.957764,8.468
4773,19.960161,2.397
4774,19.96333,3.169
4775,19.965486,2.156
4776,19.967506,2.02
4777,19.977197,9.691
4778,19.981299,4.102
4779,19.983857,2.558
4780,19.987497,3.64
4781,19.989988,2.491
4782,19.997479,7.491
4783,19.999882,2.403
4784,20.002208,2.326
4785,20.011303,9.095
4786,20.01476,3.457
4787,20.017594,2.834
4788,20.020256,2.662
4789,20.022583,2.327
4790,20.03156,8.977
4791,20.033809,2.249
4792,20.036001,2.192
4793,20.045427,9.426
4794,20.048709,3.282
4795,20.05142,2.711
4796,20.054876,3.456
4797,20.057516,2.64
4798,20.065714,8.198
4799,20.068089,2.375
4800,20.070637,2.548
4801,20.079492,8.855
4802,20.083195,3.703
4803,20.08626,3.065
4804,20.088695,2.435
4805,20.091453,2.758
4806,20.099948,8.495
4807,20.103043,3.095
4808,20.105443,2.4
4809,20.110609,5.166
4810,20.116916,6.307
4811,20.119762,2.846
4812,20.122233,2.471
4813,20.125918,3.685
4814,20.128576,2.658
4815,20.131896,3.32
4816,20.134422,2.526
4817,20.14076,6.338
4818,20.14389,3.13
4819,20.147297,3.407
4820,20.149799,2.502
4821,20.151972,2.173
4822,20.160099,8.127
4823,20.163532,3.433
4824,20.165866,2.334
4825,20.169617,3.751
4826,20.172233,2.616
4827,20.180482,8.249
4828,20.183074,2.592
4829,20.185086,2.012
4830,20.194346,9.26
4831,20.198006,3.66
4832,20.200627,2.621
4833,20.204304,3.677
4834,20.208001,3.697
4835,20.214603,6.602
4836,20.218054,3.451
4837,20.220328,2.274
4838,20.225509,5.181
4839,20.23168,6.171
4840,20.23451,2.83
4841,20.236977,2.467
4842,20.239402,2.425
4843,20.248849,9.447
4844,20.251212,2.363
4845,20.253232,2.02
4846,20.262527,9.295
4847,20.267002,4.475
4848,20.269856,2.854
4849,20.273168,3.312
4850,20.275667,2.499
4851,20.282576,6.909
4852,20.284949,2.373
4853,20.292892,7.943
4854,20.296594,3.702
4855,20.300031,3.437
4856,20.302972,2.941
4857,20.305534,2.562
4858,20.309832,4.298
4859,20.312109,2.277
4860,20.315062,2.953
4861,20.321082,6.02
4862,20.323657,2.575
4863,20.326266,2.609
4864,20.329616,3.35
4865,20.332009,2.393
4866,20.340745,8.736
4867,20.344496,3.751
4868,20.347846,3.35
4869,20.350158,2.312
4870,20.352546,2.388
4871,20.360246,7.7
4872,20.363428,3.182
4873,20.365832,2.404
4874,20.369607,3.775
4875,20.371996,2.389
4876,20.380503,8.507
4877,20.382927,2.424
4878,20.386481,3.554
4879,20.388986,2.505
4880,20.391706,2.72
4881,20.399763,8.057
4882,20.40209,2.327
4883,20.404234,2.144
4884,20.413901,9.667
4885,20.418434,4.533
4886,20.421258,2.824
4887,20.424865,3.607
4888,20.427593,2.728
4889,20.430769,3.176
4890,20.433268,2.499
4891,20.43866,5.392
4892,20.441466,2.806
4893,20.445201,3.735
4894,20.448472,3.271
4895,20.450645,2.173
4896,20.457962,7.317
4897,20.460514,2.552
4898,20.464233,3.719
4899,20.467106,2.873
4900,20.470808,3.702
4901,20.477361,6.553
4902,20.481074,3.713
4903,20.483874,2.8
4904,20.486503,2.629
4905,20.494342,7.839
4906,20.497904,3.562
4907,20.500245,2.341
4908,20.502421,2.176
4909,20.511486,9.065
4910,20.516082,4.596
4911,20.518696,2.614
4912,20.522009,3.313
4913,20.52451,2.501
4914,20.531864,7.354
4915,20.534583,2.719
4916,20.536854,2.271
4917,20.545518,8.664
4918,20.549444,3.926
4919,20.552364,2.92
4920,20.556407,4.043
4921,20.55884,2.433
4922,20.565744,6.904
4923,20.568117,2.373
4924,20.577216,9.099
4925,20.58094,3.724
4926,20.584401,3.461
4927,20.587359,2.958
4928,20.590888,3.529
4929,20.593678,2.79
4930,20.599432,5.754
4931,20.602226,2.794
4932,20.604791,2.565
4933,20.608692,3.901
4934,20.611334,2.642
4935,20.615478,4.144
4936,20.618286,2.808
4937,20.623982,5.696
4938,20.626498,2.516
4939,20.629961,3.463
4940,20.632919,2.958
4941,20.635253,2.334
4942,20.643704,8.451
4943,20.646772,3.068
4944,20.650182,3.41
4945,20.654206,4.024
4946,20.656609,2.403
4947,20.663865,7.256
4948,20.665995,2.13
4949,20.668194,2.199
4950,20.675356,7.162
4951,20.680877,5.521
4952,20.6835,2.623
4953,20.68686,3.36
4954,20.689382,2.522
4955,20.697931,8.549
4956,20.700436,2.505
4957,20.702443,2.007
4958,20.711862,9.419
4959,20.715053,3.191
4960,20.718474,3.421
4961,20.721071,2.597
4962,20.723411,2.34
4963,20.732089,8.678
4964,20.734475,2.386
4965,20.736902,2.427
4966,20.745855,8.953
4967,20.749449,3.594
4968,20.752318,2.869
4969,20.755519,3.201
4970,20.758002,2.483
4971,20.766137,8.135
4972,20.768516,2.379
4973,20.770458,1.942
4974,20.780159,9.701
4975,20.784563,4.404
4976,20.78762,3.057
4977,20.79089,3.27
4978,20.793358,2.468
4979,20.79939,6.032
4980,20.802019,2.629
4981,20.804534,2.515
4982,20.807056,2.522
4983,20.809335,2.279
4984,20.812451,3.116
4985,20.814537,2.086
4986,20.824187,9.65
4987,20.826609,2.422
4988,20.830138,3.529
4989,20.832466,2.328
4990,20.834612,2.146
4991,20.843709,9.097
4992,20.847036,3.327
4993,20.849821,2.785
4994,20.852708,2.887
4995,20.855515,2.807
4996,20.863746,8.231
4997,20.866141,2.395
4998,20.868276,2.135
4999,20.877652,9.376
5000,20.882341,4.689
5001,20.884724,2.383
5002,20.888579,3.855
5003,20.891771,3.192
5004,20.897774,6.003
5005,20.900661,2.887
5006,20.903095,2.434
5007,20.911633,8.538
5008,20.915168,3.535
5009,20.917372,2.204
5010,20.919938,2.566
5011,20.928906,8.968
5012,20.931961,3.055
5013,20.934117,2.156
5014,20.936398,2.281
5015,20.946038,9.64
5016,20.949355,3.317
5017,20.951547,2.192
5018,20.953565,2.018
5019,20.962937,9.372
5020,20.96744,4.503
5021,20.969999,2.559
5022,20.973734,3.735
5023,20.975929,2.195
5024,20.983044,7.115
5025,20.985345,2.301
5026,20.993502,8.157
5027,20.996979,3.477
5028,21.000476,3.497
5029,21.00329,2.814
5030,21.006113,2.823
5031,21.008724,2.611
5032,21.011178,2.454
5033,21.014115,2.937
5034,21.021259,7.144
5035,21.025126,3.867
5036,21.027741,2.615
5037,21.031046,3.305
5038,21.033248,2.202
5039,21.040817,7.569
5040,21.044555,3.738
5041,21.047734,3.179
5042,21.049865,2.131
5043,21.052573,2.708
5044,21.060377,7.804
5045,21.064764,4.387
5046,21.067154,2.39
5047,21.070861,3.707
5048,21.073475,2.614
5049,21.080545,7.07
5050,21.083682,3.137
5051,21.086179,2.497
5052,21.088247,2.068
5053,21.097542,9.295
5054,21.099969,2.427
5055,21.103735,3.766
5056,21.10623,2.495
5057,21.108509,2.279
5058,21.116955,8.446
5059,21.119235,2.28
5060,21.127929,8.694
5061,21.130875,2.946
5062,21.134137,3.262
5063,21.137027,2.89
5064,21.140153,3.126
5065,21.144178,4.025
5066,21.147449,3.271
5067,21.149612,2.163
5068,21.155327,5.715
5069,21.157922,2.595
5070,21.161967,4.045
5071,21.165237,3.27
5072,21.167429,2.192
5073,21.174546,7.117
5074,21.177029,2.483
5075,21.181512,4.483
5076,21.183766,2.254
5077,21.186189,2.423
5078,21.194177,7.988
5079,21.198296,4.119
5080,21.200778,2.482
5081,21.203185,2.407
5082,21.211385,8.2
5083,21.21469,3.305
5084,21.217943,3.253
5085,21.22058,2.637
5086,21.228444,7.864
5087,21.231873,3.429
5088,21.234227,2.354
5089,21.236732,2.505
5090,21.245321,8.589
5091,21.248676,3.355
5092,21.251035,2.359
5093,21.2533,2.265
5094,21.262486,9.186
5095,21.266943,4.457
5096,21.26913,2.187
5097,21.271385,2.255
5098,21.279584,8.199
5099,21.283146,3.562
5100,21.28612,2.974
5101,21.288578,2.458
5102,21.290608,2.03
5103,21.300048,9.44
5104,21.302477,2.429
5105,21.304469,1.992
5106,21.313818,9.349
5107,21.31689,3.072
5108,21.319561,2.671
5109,21.323288,3.727
5110,21.326661,3.373
5111,21.329967,3.306
5112,21.332351,2.384
5113,21.337917,5.566
5114,21.340344,2.427
5115,21.343894,3.55
5116,21.347149,3.255
5117,21.349133,1.984
5118,21.357358,8.225
5119,21.360146,2.788
5120,21.364194,4.048
5121,21.366728,2.534
5122,21.369142,2.414
5123,21.377,7.858
5124,21.380064,3.064
5125,21.382573,2.509
5126,21.384925,2.352
5127,21.393939,9.014
5128,21.397229,3.29
5129,21.399556,2.327
5130,21.402748,3.192
5131,21.405192,2.444
5132,21.414389,9.197
5133,21.416803,2.414
5134,21.418842,2.039
5135,21.425631,6.789
5136,21.431498,5.867
5137,21.433855,2.357
5138,21.43779,3.935
5139,21.439928,2.138
5140,21.448583,8.655
5141,21.450658,2.075
5142,21.452787,2.129
5143,21.462586,9.799
5144,21.465718,3.132
5145,21.468371,2.653
5146,21.471294,2.923
5147,21.473823,2.529
5148,21.47612,2.297
5149,21.479405,3.285
5150,21.481557,2.152
5151,21.489368,7.811
5152,21.491959,2.591
5153,21.49529,3.331
5154,21.498253,2.963
5155,21.500536,2.283
5156,21.508856,8.32
5157,21.511475,2.619
5158,21.514694,3.219
5159,21.516805,2.111
5160,21.519089,2.284
5161,21.5285,9.411
5162,21.53305,4.55
5163,21.535718,2.668
5164,21.539454,3.736
5165,21.543284,3.83
5166,21.548489,5.205
5167,21.55062,2.131
5168,21.554608,3.988
5169,21.55677,2.162
5170,21.565655,8.885
5171,21.567845,2.19
5172,21.569872,2.027
5173,21.579696,9.824
5174,21.582776,3.08
5175,21.585404,2.628
5176,21.587783,2.379
5177,21.590416,2.633
5178,21.593077,2.661
5179,21.596178,3.101
5180,21.601387,5.209
5181,21.608531,7.144
5182,21.611036,2.505
5183,21.61449,3.454
5184,21.616862,2.372
5185,21.619147,2.285
5186,21.626731,7.584
5187,21.630338,3.607
5188,21.632595,2.257
5189,21.634621,2.026
5190,21.643983,9.362
5191,21.6474,3.417
5192,21.650147,2.747
5193,21.652826,2.679
5194,21.654988,2.162
5195,21.66385,8.862
5196,21.666297,2.447
5197,21.668415,2.118
5198,21.677883,9.468
5199,21.681175,3.292
5200,21.683627,2.452
5201,21.686296,2.669
5202,21.688483,2.187
5203,21.697987,9.504
5204,21.700265,2.278
5205,21.702241,1.976
5206,21.71117,8.929
5207,21.715128,3.958
5208,21.717601,2.473
5209,21.721385,3.784
5210,21.723631,2.246
5211,21.732212,8.581
5212,21.734292,2.08
5213,21.736288,1.996
5214,21.74629,10.002
5215,21.750156,3.866
5216,21.752998,2.842
5217,21.756583,3.585
5218,21.759038,2.455
5219,21.761733,2.695
5220,21.7646,2.867
5221,21.770476,5.876
5222,21.773104,2.628
5223,21.775269,2.165
5224,21.778457,3.188
5225,21.780604,2.147
5226,21.789964,9.36
5227,21.792926,2.962
5228,21.79529,2.364
5229,21.798572,3.282
5230,21.800786,2.214
5231,21.80968,8.894
5232,21.812303,2.623
5233,21.815504,3.201
5234,21.818351,2.847
5235,21.820703,2.352
5236,21.829237,8.534
5237,21.832474,3.237
5238,21.834599,2.125
5239,21.836852,2.253
5240,21.846511,9.659
5241,21.849445,2.934
5242,21.851731,2.286
5243,21.855245,3.514
5244,21.857371,2.126
5245,21.86674,9.369
5246,21.869333,2.593
5247,21.871424,2.091
5248,21.88079,9.366
5249,21.88402,3.23
5250,21.886455,2.435
5251,21.889128,2.673
5252,21.891976,2.848
5253,21.894111,2.135
5254,21.896631,2.52
5255,21.907542,10.911
5256,21.909953,2.411
5257,21.911993,2.04
5258,21.915411,3.418
5259,21.917541,2.13
5260,21.924385,6.844
5261,21.926745,2.36
5262,21.930177,3.432
5263,21.932396,2.219
5264,21.934843,2.447
5265,21.943988,9.145
5266,21.947881,3.893
5267,21.9502,2.319
5268,21.952173,1.973
5269,21.96109,8.917
5270,21.964798,3.708
5271,21.967044,2.246
5272,21.971224,4.18
5273,21.973662,2.438
5274,21.981599,7.937
5275,21.984009,2.41
5276,21.98617,2.161
5277,21.995399,9.229
5278,21.998481,3.082
5279,22.00167,3.189
5280,22.004157,2.487
5281,22.006729,2.572
5282,22.0111,4.371
5283,22.014072,2.972
5284,22.019827,5.755
5285,22.022436,2.609
5286,22.024839,2.403
5287,22.029479,4.64
5288,22.031394,1.915
5289,22.039266,7.872
5290,22.042129,2.863
5291,22.0449,2.771
5292,22.048186,3.286
5293,22.050567,2.381
5294,22.05873,8.163
5295,22.061083,2.353
5296,22.06518,4.097
5297,22.067489,2.309
5298,22.069633,2.144
5299,22.078326,8.693
5300,22.081595,3.269
5301,22.084089,2.494
5302,22.08659,2.501
5303,22.095444,8.854
5304,22.098676,3.232
5305,22.100808,2.132
5306,22.102903,2.095
5307,22.112692,9.789
5308,22.11588,3.188
5309,22.118415,2.535
5310,22.120794,2.379
5311,22.123281,2.487
5312,22.13299,9.709
5313,22.135136,2.146
5314,22.137183,2.047
5315,22.145654,8.471
5316,22.150181,4.527
5317,22.153322,3.141
5318,22.156081,2.759
5319,22.160112,4.031
5320,22.16346,3.348
5321,22.16567,2.21
5322,22.17124,5.57
5323,22.173562,2.322
5324,22.176009,2.447
5325,22.179008,2.999
5326,22.181209,2.201
5327,22.190775,9.566
5328,22.193647,2.872
5329,22.197908,4.261
5330,22.200496,2.588
5331,22.202697,2.201
5332,22.210291,7.594
5333,22.214035,3.744
5334,22.216194,2.159
5335,22.218356,2.162
5336,22.227399,9.043
5337,22.230713,3.314
5338,22.23273,2.017
5339,22.234708,1.978
5340,22.244422,9.714
5341,22.247691,3.269
5342,22.250025,2.334
5343,22.253723,3.698
5344,22.25594,2.217
5345,22.264907,8.967
5346,22.266916,2.009
5347,22.269052,2.136
5348,22.278796,9.744
5349,22.281831,3.035
5350,22.28446,2.629
5351,22.287073,2.613
5352,22.28958,2.507
5353,22.292305,2.725
5354,22.295706,3.401
5355,22.297994,2.288
5356,22.305498,7.504
5357,22.307962,2.464
5358,22.311088,3.126
5359,22.314098,3.01
5360,22.316316,2.218
5361,22.324938,8.622
5362,22.329988,5.05
5363,22.332273,2.285
5364,22.33609,3.817
5365,22.338681,2.591
5366,22.344452,5.771
5367,22.347402,2.95
5368,22.349553,2.151
5369,22.359091,9.538
5370,22.361939,2.848
5371,22.365365,3.426
5372,22.367526,2.161
5373,22.369711,2.185
5374,22.378706,8.995
5375,22.387022,8.316
5376,22.391353,4.331
5377,22.393909,2.556
5378,22.396362,2.453
5379,22.401409,5.047
5380,22.403597,2.188
5381,22.406002,2.405
5382,22.412726,6.724
5383,22.415933,3.207
5384,22.417934,2.001
5385,22.427501,9.567
5386,22.429925,2.424
5387,22.433468,3.543
5388,22.435585,2.117
5389,22.437526,1.941
5390,22.446912,9.386
5391,22.449941,3.029
5392,22.45202,2.079
5393,22.460408,8.388
5394,22.463927,3.519
5395,22.467225,3.298
5396,22.4697,2.475
5397,22.472414,2.714
5398,22.474697,2.283
5399,22.478684,3.987
5400,22.481753,3.069
5401,22.488518,6.765
5402,22.492774,4.256
5403,22.495296,2.522
5404,22.498322,3.026
5405,22.500388,2.066
5406,22.507905,7.517
5407,22.510169,2.264
5408,22.513552,3.383
5409,22.515591,2.039
5410,22.517525,1.934
5411,22.52751,9.985
5412,22.530651,3.141
5413,22.53307,2.419
5414,22.535474,2.404
5415,22.544564,9.09
5416,22.548385,3.821
5417,22.5506,2.215
5418,22.552946,2.346
5419,22.555371,2.425
5420,22.564839,9.468
5421,22.567034,2.195
5422,22.56914,2.106
5423,22.577708,8.568
5424,22.58209,4.382
5425,22.58492,2.83
5426,22.5897,4.78
5427,22.593688,3.988
5428,22.598814,5.126
5429,22.602557,3.743
5430,22.60696,4.403
5431,22.611609,4.649
5432,22.61649,4.881
5433,22.620929,4.439
5434,22.624637,3.708
5435,22.630206,5.569
5436,22.634794,4.588
5437,22.639666,4.872
5438,22.642577,2.911
5439,22.64529,2.713
5440,22.64902,3.73
5441,22.652384,3.364
5442,22.656432,4.048
5443,22.659433,3.001
5444,22.664213,4.78
5445,22.667363,3.15
5446,22.67323,5.867
5447,22.675668,2.438
5448,22.67824,2.572
5449,22.682647,4.407
5450,22.686477,3.83
5451,22.690868,4.391
5452,22.693881,3.013
5453,22.69708,3.199
5454,22.699127,2.047
5455,22.707864,8.737
5456,22.710945,3.081
5457,22.714356,3.411
5458,22.716667,2.311
5459,22.718811,2.144
5460,22.72753,8.719
5461,22.730622,3.092
5462,22.73393,3.308
5463,22.735976,2.046
5464,22.744527,8.551
5465,22.747848,3.321
5466,22.750046,2.198
5467,22.75212,2.074
5468,22.761736,9.616
5469,22.765125,3.389
5470,22.767466,2.341
5471,22.769694,2.228
5472,22.77868,8.986
5473,22.782425,3.745
5474,22.785668,3.243
5475,22.787834,2.166
5476,22.789954,2.12
5477,22.799216,9.262
5478,22.801611,2.395
5479,22.803498,1.887
5480,22.813152,9.654
5481,22.816236,3.084
5482,22.819863,3.627
5483,22.822563,2.7
5484,22.82511,2.547
5485,22.827758,2.648
5486,22.830781,3.023
5487,22.838257,7.476
5488,22.840689,2.432
5489,22.843529,2.84
5490,22.847148,3.619
5491,22.849169,2.021
5492,22.857796,8.627
5493,22.860929,3.133
5494,22.864281,3.352
5495,22.866435,2.154
5496,22.868835,2.4
5497,22.877247,8.412
5498,22.880893,3.646
5499,22.883945,3.052
5500,22.886328,2.383
5501,22.894593,8.265
5502,22.899279,4.686
5503,22.901188,1.909
5504,22.909011,7.823
5505,22.911592,2.581
5506,22.914936,3.344
5507,22.916936,2.0
5508,22.91905,2.114
5509,22.928702,9.652
5510,22.932356,3.654
5511,22.93457,2.214
5512,22.936602,2.032
5513,22.942416,5.814
5514,22.948744,6.328
5515,22.951015,2.271
5516,22.9537,2.685
5517,22.956074,2.374
5518,22.966121,10.047
5519,22.968849,2.728
5520,22.971215,2.366
5521,22.978495,7.28
5522,22.983,4.505
5523,22.985559,2.559
5524,22.98904,3.481
5525,22.991442,2.402
5526,22.994438,2.996
5527,22.997758,3.32
5528,23.004183,6.425
5529,23.006626,2.443
5530,23.009328,2.702
5531,23.012652,3.324
5532,23.014613,1.961
5533,23.023504,8.891
5534,23.025919,2.415
5535,23.028413,2.494
5536,23.032202,3.789
5537,23.034591,2.389
5538,23.043091,8.5
5539,23.047142,4.051
5540,23.050338,3.196
5541,23.052723,2.385
5542,23.060182,7.459
5543,23.062658,2.476
5544,23.065935,3.277
5545,23.0686,2.665
5546,23.077405,8.805
5547,23.079877,2.472
5548,23.083384,3.507
5549,23.085546,2.162
5550,23.094569,9.023
5551,23.096877,2.308
5552,23.100043,3.166
5553,23.102438,2.395
5554,23.111603,9.165
5555,23.114072,2.469
5556,23.11808,4.008
5557,23.120108,2.028
5558,23.12864,8.532
5559,23.132567,3.927
5560,23.137175,4.608
5561,23.139719,2.544
5562,23.1418,2.081
5563,23.148085,6.285
5564,23.151052,2.967
5565,23.153198,2.146
5566,23.162901,9.703
5567,23.165317,2.416
5568,23.168655,3.338
5569,23.171305,2.65
5570,23.174567,3.262
5571,23.177005,2.438
5572,23.18029,3.285
5573,23.187276,6.986
5574,23.189714,2.438
5575,23.191889,2.175
5576,23.195314,3.425
5577,23.198078,2.764
5578,23.206662,8.584
5579,23.21069,4.028
5580,23.213304,2.614
5581,23.216498,3.194
5582,23.218733,2.235
5583,23.226131,7.398
5584,23.228794,2.663
5585,23.231974,3.18
5586,23.234313,2.339
5587,23.243543,9.23
5588,23.245851,2.308
5589,23.249119,3.268
5590,23.251525,2.406
5591,23.260112,8.587
5592,23.262498,2.386
5593,23.266287,3.789
5594,23.268553,2.266
5595,23.270704,2.151
5596,23.279837,9.133
5597,23.282814,2.977
5598,23.284835,2.021
5599,23.293365,8.53
5600,23.29714,3.775
5601,23.300481,3.341
5602,23.303808,3.327
5603,23.306512,2.704
5604,23.308849,2.337
5605,23.31088,2.031
5606,23.313683,2.803
5607,23.322034,8.351
5608,23.324489,2.455
5609,23.326848,2.359
5610,23.330372,3.524
5611,23.33252,2.148
5612,23.34174,9.22
5613,23.34472,2.98
5614,23.348044,3.324
5615,23.350324,2.28
5616,23.352571,2.247
5617,23.361191,8.62
5618,23.364317,3.126
5619,23.366422,2.105
5620,23.375964,9.542
5621,23.378266,2.302
5622,23.383144,4.878
5623,23.385483,2.339
5624,23.387737,2.254
5625,23.395556,7.819
5626,23.398637,3.081
5627,23.400532,1.895
5628,23.410105,9.573
5629,23.41263,2.525
5630,23.416544,3.914
5631,23.418515,1.971
5632,23.420642,2.127
5633,23.429554,8.912
5634,23.432752,3.198
5635,23.434589,1.837
5636,23.443202,8.613
5637,23.446656,3.454
5638,23.450037,3.381
5639,23.453009,2.972
5640,23.455676,2.667
5641,23.458152,2.476
5642,23.463057,4.905
5643,23.465205,2.148
5644,23.471313,6.108
5645,23.473545,2.232
5646,23.476169,2.624
5647,23.479197,3.028
5648,23.48114,1.943
5649,23.490685,9.545
5650,23.494138,3.453
5651,23.497146,3.008
5652,23.499591,2.445
5653,23.501773,2.182
5654,23.510609,8.836
5655,23.513735,3.126
5656,23.516,2.265
5657,23.518473,2.473
5658,23.527389,8.916
5659,23.531968,4.579
5660,23.534145,2.177
5661,23.536157,2.012
5662,23.544679,8.522
5663,23.547849,3.17
5664,23.549909,2.06
5665,23.559037,9.128
5666,23.561375,2.338
5667,23.564809,3.434
5668,23.566842,2.033
5669,23.568833,1.991
5670,23.578869,10.036
5671,23.5841,5.231
5672,23.586104,2.004
5673,23.592027,5.923
5674,23.595853,3.826
5675,23.598676,2.823
5676,23.601242,2.566
5677,23.603517,2.275
5678,23.615034,11.517
5679,23.620245,5.211
5680,23.623218,2.973
5681,23.626092,2.874
5682,23.630235,4.143
5683,23.634898,4.663
5684,23.63796,3.062
5685,23.641401,3.441
5686,23.644141,2.74
5687,23.64788,3.739
5688,23.651319,3.439
5689,23.655195,3.876
5690,23.658179,2.984
5691,23.660955,2.776
5692,23.66417,3.215
5693,23.666493,2.323
5694,23.674662,8.169
5695,23.676982,2.32
5696,23.679572,2.59
5697,23.690035,10.463
5698,23.692724,2.689
5699,23.696624,3.9
5700,23.700067,3.443
5701,23.702297,2.23
5702,23.710284,7.987
5703,23.712871,2.587
5704,23.716161,3.29
5705,23.718594,2.433
5706,23.728237,9.643
5707,23.730834,2.597
5708,23.734279,3.445
5709,23.73622,1.941
5710,23.738038,1.818
5711,23.747796,9.758
5712,23.750994,3.198
5713,23.753444,2.45
5714,23.761272,7.828
5715,23.764941,3.669
5716,23.768798,3.857
5717,23.771218,2.42
5718,23.774691,3.473
5719,23.7784,3.709
5720,23.781358,2.958
5721,23.787093,5.735
5722,23.790926,3.833
5723,23.793514,2.588
5724,23.79645,2.936
5725,23.798519,2.069
5726,23.806486,7.967
5727,23.808967,2.481
5728,23.81136,2.393
5729,23.81462,3.26
5730,23.816684,2.064
5731,23.826077,9.393
5732,23.828552,2.475
5733,23.832344,3.792
5734,23.83436,2.016
5735,23.8432290000001,8.869
5736,23.8461750000001,2.946
5737,23.8494280000001,3.253
5738,23.8515130000001,2.085
5739,23.8536590000001,2.146
5740,23.8627580000001,9.099
5741,23.8658060000001,3.048
5742,23.8679500000001,2.144
5743,23.8763480000001,8.398
5744,23.8799040000001,3.556
5745,23.8833960000001,3.492
5746,23.8857050000001,2.309
5747,23.8896780000001,3.973
5748,23.8922440000001,2.566
5749,23.8947760000001,2.532
