frame,elapsed_seconds,frame_ms
0,0.001706,1.706
1,0.012539,10.833
2,0.021889,9.35
3,0.037863,15.974
4,0.048957,11.094
5,0.059784,10.827
6,0.078121,18.337
7,0.095616,17.495
8,0.112021,16.405
9,0.128237,16.216
10,0.144824,16.587
11,0.161416,16.592
12,0.177858,16.442
13,0.195115,17.257
14,0.211823,16.708
15,0.228977,17.154
16,0.244586,15.609
17,0.262496,17.91
18,0.279448,16.952
19,0.29445,15.002
20,0.311155,16.705
21,0.328958,17.803
22,0.344652,15.694
23,0.361722,17.07
24,0.378854,17.132
25,0.396137,17.283
26,0.411649,15.512
27,0.428073,16.424
28,0.445408,17.335
29,0.461802,16.394
30,0.480905,19.103
31,0.502438,21.533
32,0.516637,14.199
33,0.534047,17.41
34,0.547334,13.287
35,0.565143,17.809
36,0.583778,18.635
37,0.596585,12.807
38,0.61146,14.875
39,0.628658,17.198
40,0.645425,16.767
41,0.661877,16.452
42,0.677976,16.099
43,0.695198,17.222
44,0.712014,16.816
45,0.73175,19.736
46,0.745355,13.605
47,0.762055,16.7
48,0.778577,16.522
49,0.795489,16.912
50,0.812618,17.129
51,0.832445,19.827
52,0.852985,20.54
53,0.873037,20.052
54,0.903247,30.21
55,0.922269,19.022
56,0.968728,46.459
57,0.991689,22.961
58,1.037021,45.332
59,1.072046,35.025
60,1.104965,32.919
61,1.130457,25.492
62,1.146574,16.117
63,1.16683,20.256
64,1.206269,39.439
65,1.226507,20.238
66,1.261438,34.931
67,1.291014,29.576
68,1.324473,33.459
69,1.337074,12.601
70,1.346001,8.927
71,1.358338,12.337
72,1.373261,14.923
73,1.39111,17.849
74,1.405442,14.332
75,1.421832,16.39
76,1.438468,16.636
77,1.455994,17.526
78,1.471975,15.981
79,1.488917,16.942
80,1.505054,16.137
81,1.522131,17.077
82,1.540929,18.798
83,1.552255,11.326
84,1.585444,33.189
85,1.596719,11.275
86,1.611646,14.927
87,1.623443,11.797
88,1.63769,14.247
89,1.654558,16.868
90,1.672218,17.66
91,1.688917,16.699
92,1.713071,24.154
93,1.730882,17.811
94,1.743033,12.151
95,1.757078,14.045
96,1.795345,38.267
97,1.813177,17.832
98,1.823532,10.355
99,1.833151,9.619
100,1.846363,13.212
101,1.863855,17.492
102,1.88093,17.075
103,1.90619,25.26
104,1.939152,32.962
105,1.969769,30.617
106,1.985512,15.743
107,2.005415,19.903
108,2.01756,12.145
109,2.025798,8.238
110,2.042696,16.898
111,2.054574,11.878
112,2.070023,15.449
113,2.086556,16.533
114,2.103436,16.88
115,2.121235,17.799
116,2.136777,15.542
117,2.154088,17.311
118,2.170871,16.783
119,2.188105,17.234
120,2.20369,15.585
121,2.218626,14.936
122,2.236737,18.111
123,2.2535,16.763
124,2.270484,16.984
125,2.288231,17.747
126,2.304586,16.355
127,2.321023,16.437
128,2.336972,15.949
129,2.354675,17.703
130,2.370369,15.694
131,2.38767,17.301
132,2.405039,17.369
133,2.421257,16.218
134,2.437166,15.909
135,2.454358,17.192
136,2.471621,17.263
137,2.486976,15.355
138,2.504212,17.236
139,2.52086,16.648
140,2.536785,15.925
141,2.554719,17.934
142,2.571112,16.393
143,2.588784,17.672
144,2.604369,15.585
145,2.620247,15.878
146,2.636464,16.217
147,2.653092,16.628
148,2.67013,17.038
149,2.686607,16.477
150,2.705223,18.616
151,2.72252,17.297
152,2.741031,18.511
153,2.76917,28.139
154,2.78601,16.84
155,2.804874,18.864
156,2.821465,16.591
157,2.832062,10.597
158,2.845605,13.543
159,2.864907,19.302
160,2.878072,13.165
161,2.88831,10.238
162,2.905769,17.459
163,2.923096,17.327
164,2.94058,17.484
165,2.95978,19.2
166,2.982329,22.549
167,3.006394,24.065
168,3.020778,14.384
169,3.03623,15.452
170,3.049428,13.198
171,3.065982,16.554
172,3.08025,14.268
173,3.095088,14.838
174,3.107727,12.639
175,3.122382,14.655
176,3.13978,17.398
177,3.157593,17.813
178,3.177759,20.166
179,3.199064,21.305
180,3.232096,33.032
181,3.259875,27.779
182,3.280423,20.548
183,3.293295,12.872
184,3.311173,17.878
185,3.32462,13.447
186,3.337811,13.191
187,3.348859,11.048
188,3.362475,13.616
189,3.379844,17.369
190,3.397963,18.119
191,3.41317,15.207
192,3.429766,16.596
193,3.446559,16.793
194,3.464399,17.84
195,3.480418,16.019
196,3.497017,16.599
197,3.512651,15.634
198,3.52915,16.499
199,3.546999,17.849
200,3.562997,15.998
201,3.581622,18.625
202,3.595834,14.212
203,3.612661,16.827
204,3.629955,17.294
205,3.645772,15.817
206,3.664417,18.645
207,3.6807,16.283
208,3.697284,16.584
209,3.713784,16.5
210,3.734023,20.239
211,3.745686,11.663
212,3.764002,18.316
213,3.780903,16.901
214,3.81584,34.937
215,3.843204,27.364
216,3.875784,32.58
217,3.894359,18.575
218,3.910991,16.632
219,3.925744,14.753
220,3.937944,12.2
221,3.950119,12.175
222,3.963304,13.185
223,3.980245,16.941
224,3.994763,14.518
225,4.011417,16.654
226,4.028184,16.767
227,4.044515,16.331
228,4.061044,16.529
229,4.07965,18.606
230,4.096287,16.637
231,4.11214,15.853
232,4.128092,15.952
233,4.145014,16.922
234,4.162581,17.567
235,4.179308,16.727
236,4.195453,16.145
237,4.21127,15.817
238,4.228259,16.989
239,4.24474,16.481
240,4.261292,16.552
241,4.280181,18.889
242,4.297661,17.48
243,4.311725,14.064
244,4.327777,16.052
245,4.344557,16.78
246,4.361103,16.546
247,4.37819,17.087
248,4.395149,16.959
249,4.413788,18.639
250,4.427562,13.774
251,4.44462,17.058
252,4.461401,16.781
253,4.479112,17.711
254,4.494751,15.639
255,4.511775,17.024
256,4.528079,16.304
257,4.545013,16.934
258,4.561068,16.055
259,4.579614,18.546
260,4.594606,14.992
261,4.611103,16.497
262,4.628235,17.132
263,4.645525,17.29
264,4.661045,15.52
265,4.679336,18.291
266,4.695366,16.03
267,4.710864,15.498
268,4.727659,16.795
269,4.744898,17.239
270,4.763908,19.01
271,4.787734,23.826
272,4.803026,15.292
273,4.81523,12.204
274,4.82821,12.98
275,4.844104,15.894
276,4.861124,17.02
277,4.879241,18.117
278,4.896773,17.532
279,4.912135,15.362
280,4.928179,16.044
281,4.947002,18.823
282,4.961333,14.331
283,4.977875,16.542
284,4.998098,20.223
285,5.015424,17.326
286,5.030454,15.03
287,5.046688,16.234
288,5.064957,18.269
289,5.098932,33.975
290,5.114606,15.674
291,5.13057,15.964
292,5.148295,17.725
293,5.162152,13.857
294,5.17349,11.338
295,5.189258,15.768
296,5.208744,19.486
297,5.242197,33.453
298,5.26205,19.853
299,5.271315,9.265
300,5.282648,11.333
301,5.301685,19.037
302,5.312442,10.757
303,5.328731,16.289
304,5.345353,16.622
305,5.361743,16.39
306,5.379749,18.006
307,5.400643,20.894
308,5.430586,29.943
309,5.452488,21.902
310,5.468413,15.925
311,5.48307,14.657
312,5.496949,13.879
313,5.510582,13.633
314,5.52065,10.068
315,5.534806,14.156
316,5.551409,16.603
317,5.568835,17.426
318,5.585027,16.192
319,5.601451,16.424
320,5.618133,16.682
321,5.635351,17.218
322,5.652545,17.194
323,5.669354,16.809
324,5.685735,16.381
325,5.70527,19.535
326,5.717928,12.658
327,5.735137,17.209
328,5.751606,16.469
329,5.768435,16.829
330,5.785794,17.359
331,5.802692,16.898
332,5.819486,16.794
333,5.834592,15.106
334,5.851962,17.37
335,5.868336,16.374
336,5.885891,17.555
337,5.902271,16.38
338,5.918732,16.461
339,5.935173,16.441
340,5.95129,16.117
341,5.968584,17.294
342,5.985785,17.201
343,6.003609,17.824
344,6.01895,15.341
345,6.035028,16.078
346,6.051674,16.646
347,6.068569,16.895
348,6.085661,17.092
349,6.101762,16.101
350,6.118789,17.027
351,6.1349,16.111
352,6.151522,16.622
353,6.167961,16.439
354,6.185176,17.215
355,6.201493,16.317
356,6.218307,16.814
357,6.234775,16.468
358,6.251918,17.143
359,6.268126,16.208
360,6.284571,16.445
361,6.301076,16.505
362,6.318096,17.02
363,6.335159,17.063
364,6.351867,16.708
365,6.368886,17.019
366,6.385591,16.705
367,6.40158,15.989
368,6.419028,17.448
369,6.434688,15.66
370,6.451755,17.067
371,6.468384,16.629
372,6.485146,16.762
373,6.501577,16.431
374,6.519524,17.947
375,6.534907,15.383
376,6.551587,16.68
377,6.567856,16.269
378,6.586165,18.309
379,6.604019,17.854
380,6.619811,15.792
381,6.636205,16.394
382,6.652251,16.046
383,6.668918,16.667
384,6.685329,16.411
385,6.701735,16.406
386,6.718763,17.028
387,6.734579,15.816
388,6.751853,17.274
389,6.771632,19.779
390,6.786051,14.419
391,6.807701,21.65
392,6.820653,12.952
393,6.83796,17.307
394,6.851972,14.012
395,6.869606,17.634
396,6.885723,16.117
397,6.90181,16.087
398,6.91841,16.6
399,6.934476,16.066
400,6.951078,16.602
401,6.968868,17.79
402,6.984637,15.769
403,7.001881,17.244
404,7.018452,16.571
405,7.035113,16.661
406,7.052214,17.101
407,7.068504,16.29
408,7.084557,16.053
409,7.101135,16.578
410,7.118442,17.307
411,7.135165,16.723
412,7.152343,17.178
413,7.168207,15.864
414,7.185431,17.224
415,7.20169,16.259
416,7.218341,16.651
417,7.234516,16.175
418,7.251385,16.869
419,7.268318,16.933
420,7.285439,17.121
421,7.301377,15.938
422,7.319129,17.752
423,7.334396,15.267
424,7.35173,17.334
425,7.367869,16.139
426,7.385046,17.177
427,7.401104,16.058
428,7.418118,17.014
429,7.43499,16.872
430,7.451566,16.576
431,7.467579,16.013
432,7.48496,17.381
433,7.501646,16.686
434,7.518165,16.519
435,7.535493,17.328
436,7.551867,16.374
437,7.569288,17.421
438,7.586026,16.738
439,7.601863,15.837
440,7.622788,20.925
441,7.643254,20.466
442,7.66218,18.926
443,7.681385,19.205
444,7.698868,17.483
445,7.710317,11.449
446,7.718505,8.188
447,7.734546,16.041
448,7.751831,17.285
449,7.767951,16.12
450,7.785713,17.762
451,7.802958,17.245
452,7.820188,17.23
453,7.839632,19.444
454,7.854653,15.021
455,7.871784,17.131
456,7.887401,15.617
457,7.906811,19.41
458,7.918466,11.655
459,7.934965,16.499
460,7.951968,17.003
461,7.968306,16.338
462,7.985277,16.971
463,8.001077,15.8
464,8.017831,16.754
465,8.034418,16.587
466,8.051384,16.966
467,8.068411,17.027
468,8.098059,29.648
469,8.110639,12.58
470,8.121906,11.267
471,8.135154,13.248
472,8.151218,16.064
473,8.168032,16.814
474,8.184379,16.347
475,8.20216,17.781
476,8.218375,16.215
477,8.234824,16.449
478,8.25147,16.646
479,8.268418,16.948
480,8.284614,16.196
481,8.301685,17.071
482,8.317666,15.981
483,8.335241,17.575
484,8.35178,16.539
485,8.368207,16.427
486,8.385897,17.69
487,8.401783,15.886
488,8.417888,16.105
489,8.434934,17.046
490,8.451286,16.352
491,8.468071,16.785
492,8.485189,17.118
493,8.501378,16.189
494,8.517822,16.444
495,8.534404,16.582
496,8.551466,17.062
497,8.568949,17.483
498,8.585589,16.64
499,8.601731,16.142
500,8.618379,16.648
501,8.634977,16.598
502,8.65119,16.213
503,8.669478,18.288
504,8.690662,21.184
505,8.715977,25.315
506,8.738731,22.754
507,8.767067,28.336
508,8.780068,13.001
509,8.807192,27.124
510,8.83528,28.088
511,8.846341,11.061
512,8.856693,10.352
513,8.869053,12.36
514,8.880576,11.523
515,8.896701,16.125
516,8.917854,21.153
517,8.928877,11.023
518,8.946954,18.077
519,8.963158,16.204
520,8.979684,16.526
521,8.996945,17.261
522,9.01441,17.465
523,9.03081,16.4
524,9.047546,16.736
525,9.068793,21.247
526,9.08438,15.587
527,9.10088700000001,16.507
528,9.11704900000001,16.162
529,9.13249800000001,15.449
530,9.147129,14.631
531,9.16426100000001,17.132
532,9.18070200000001,16.441
533,9.19641700000001,15.715
534,9.212717,16.3
535,9.229506,16.789
536,9.246384,16.878
537,9.263429,17.045
538,9.281955,18.526
539,9.297659,15.704
540,9.316723,19.064
541,9.331443,14.72
542,9.351303,19.86
543,9.36706,15.757
544,9.39437,27.31
545,9.417449,23.079
546,9.427773,10.324
547,9.439322,11.549
548,9.451868,12.546
549,9.466482,14.614
550,9.484293,17.811
551,9.499869,15.576
552,9.515613,15.744
553,9.531913,16.3
554,9.549009,17.096
555,9.565483,16.474
556,9.582517,17.034
557,9.599327,16.81
558,9.61625,16.923
559,9.632283,16.033
560,9.649085,16.802
561,9.665261,16.176
562,9.682586,17.325
563,9.701269,18.683
564,9.716484,15.215
565,9.73233,15.846
566,9.749535,17.205
567,9.767365,17.83
568,9.788293,20.928
569,9.800668,12.375
570,9.819496,18.828
571,9.831968,12.472
572,9.849694,17.726
573,9.86558,15.886
574,9.883586,18.006
575,9.899626,16.04
576,9.915962,16.336
577,9.931988,16.026
578,9.949157,17.169
579,9.965777,16.62
580,9.98211,16.333
581,9.999509,17.399
582,10.015522,16.013
583,10.032222,16.7
584,10.049499,17.277
585,10.065237,15.738
586,10.08217,16.933
587,10.099206,17.036
588,10.116606,17.4
589,10.132704,16.098
590,10.148886,16.182
591,10.16555,16.664
592,10.182398,16.848
593,10.198668,16.27
594,10.215672,17.004
595,10.232512,16.84
596,10.249734,17.222
597,10.268593,18.859
598,10.305228,36.635
599,10.345334,40.106
600,10.372883,27.549
601,10.390525,17.642
602,10.411986,21.461
603,10.426351,14.365
604,10.444787,18.436
605,10.466959,22.172
606,10.479697,12.738
607,10.498851,19.154
608,10.518803,19.952
609,10.532412,13.609
610,10.552772,20.36
611,10.572083,19.311
612,10.598599,26.516
613,10.612918,14.319
614,10.627381,14.463
615,10.637604,10.223
616,10.649013,11.409
617,10.663064,14.051
618,10.679737,16.673
619,10.697112,17.375
620,10.713694,16.582
621,10.729637,15.943
622,10.746591,16.954
623,10.763256,16.665
624,10.782025,18.769
625,10.796162,14.137
626,10.814398,18.236
627,10.834426,20.028
628,10.85503,20.604
629,10.871753,16.723
630,10.883017,11.264
631,10.89711,14.093
632,10.913171,16.061
633,10.929923,16.752
634,10.947767,17.844
635,10.962694,14.927
636,10.981213,18.519
637,10.996724,15.511
638,11.01354,16.816
639,11.030671,17.131
640,11.046331,15.66
641,11.063318,16.987
642,11.079415,16.097
643,11.096179,16.764
644,11.113042,16.863
645,11.13129,18.248
646,11.147271,15.981
647,11.163474,16.203
648,11.182172,18.698
649,11.196729,14.557
650,11.212828,16.099
651,11.230112,17.284
652,11.246262,16.15
653,11.263917,17.655
654,11.279467,15.55
655,11.296798,17.331
656,11.313361,16.563
657,11.329691,16.33
658,11.345893,16.202
659,11.363043,17.15
660,11.380585,17.542
661,11.397654,17.069
662,11.413263,15.609
663,11.429532,16.269
664,11.44604,16.508
665,11.463173,17.133
666,11.47958,16.407
667,11.497136,17.556
668,11.512899,15.763
669,11.529537,16.638
670,11.549302,19.765
671,11.56601,16.708
672,11.584193,18.183
673,11.611684,27.491
674,11.624943,13.259
675,11.637434,12.491
676,11.646977,9.543
677,11.664255,17.278
678,11.680005,15.75
679,11.696796,16.791
680,11.713557,16.761
681,11.729397,15.84
682,11.745901,16.504
683,11.763078,17.177
684,11.782409,19.331
685,11.796687,14.278
686,11.813735,17.048
687,11.829394,15.659
688,11.846186,16.792
689,11.863809,17.623
690,11.879875,16.066
691,11.89819,18.315
692,11.912903,14.713
693,11.930448,17.545
694,11.946334,15.886
695,11.963787,17.453
696,11.980048,16.261
697,11.996493,16.445
698,12.012833,16.34
699,12.029299,16.466
700,12.046538,17.239
701,12.062969,16.431
702,12.079682,16.713
703,12.096458,16.776
704,12.112562,16.104
705,12.129395,16.833
706,12.146128,16.733
707,12.163244,17.116
708,12.180274,17.03
709,12.197009,16.735
710,12.213073,16.064
711,12.229582,16.509
712,12.246036,16.454
713,12.262748,16.712
714,12.279601,16.853
715,12.296381,16.78
716,12.312843,16.462
717,12.329464,16.621
718,12.346194,16.73
719,12.364525,18.331
720,12.379702,15.177
721,12.396381,16.679
722,12.412721,16.34
723,12.42923,16.509
724,12.446148,16.918
725,12.46303,16.882
726,12.480074,17.044
727,12.496193,16.119
728,12.512733,16.54
729,12.529697,16.964
730,12.545953,16.256
731,12.562956,17.003
732,12.580247,17.291
733,12.597923,17.676
734,12.61289,14.967
735,12.629888,16.998
736,12.64603,16.142
737,12.662597,16.567
738,12.679384,16.787
739,12.696534,17.15
740,12.71392,17.386
741,12.731082,17.162
742,12.750601,19.519
743,12.76921,18.609
744,12.802109,32.899
745,12.821273,19.164
746,12.834107,12.834
747,12.847267,13.16
748,12.864493,17.226
749,12.882568,18.075
750,12.896523,13.955
751,12.913509,16.986
752,12.924639,11.13
753,12.941525,16.886
754,12.954088,12.563
755,12.971921,17.833
756,12.987562,15.641
757,13.004009,16.447
758,13.020716,16.707
759,13.03966,18.944
760,13.056276,16.616
761,13.074113,17.837
762,13.088076,13.963
763,13.108938,20.862
764,13.12636,17.422
765,13.141193,14.833
766,13.154784,13.591
767,13.179943,25.159
768,13.197206,17.263
769,13.212695,15.489
770,13.226208,13.513
771,13.240781,14.573
772,13.25497,14.189
773,13.270737,15.767
774,13.287326,16.589
775,13.303911,16.585
776,13.320724,16.813
777,13.338019,17.295
778,13.354635,16.616
779,13.370957,16.322
780,13.387473,16.516
781,13.404178,16.705
782,13.420582,16.404
783,13.437419,16.837
784,13.454321,16.902
785,13.471352,17.031
786,13.487614,16.262
787,13.503934,16.32
788,13.52066,16.726
789,13.537462,16.802
790,13.554613,17.151
791,13.572379,17.766
792,13.588621,16.242
793,13.604501,15.88
794,13.620971,16.47
795,13.637641,16.67
796,13.655059,17.418
797,13.670749,15.69
798,13.687595,16.846
799,13.704227,16.632
800,13.722761,18.534
801,13.738605,15.844
802,13.755067,16.462
803,13.77171,16.643
804,13.788464,16.754
805,13.80464,16.176
806,13.820673,16.033
807,13.837628,16.955
808,13.856709,19.081
809,13.873075,16.366
810,13.888379,15.304
811,13.904626,16.247
812,13.921665,17.039
813,13.937662,15.997
814,13.954175,16.513
815,13.972735,18.56
816,13.997101,24.366
817,14.016427,19.326
818,14.029889,13.462
819,14.046141,16.252
820,14.061168,15.027
821,14.074214,13.046
822,14.088489,14.275
823,14.104026,15.537
824,14.121232,17.206
825,14.137912,16.68
826,14.154867,16.955
827,14.171853,16.986
828,14.191359,19.506
829,14.212478,21.119
830,14.225583,13.105
831,14.239514,13.931
832,14.255371,15.857
833,14.30011,44.739
834,14.34104,40.93
835,14.368162,27.122
836,14.400658,32.496
837,14.4358,35.142
838,14.465115,29.315
839,14.487624,22.509
840,14.509998,22.374
841,14.53119,21.192
842,14.553898,22.708
843,14.571877,17.979
844,14.596746,24.869
845,14.608062,11.316
846,14.623141,15.079
847,14.634423,11.282
848,14.644157,9.734
849,14.658564,14.407
850,14.676916,18.352
851,14.704703,27.787
852,14.725439,20.736
853,14.75797,32.531
854,14.792106,34.136
855,14.808244,16.138
856,14.827115,18.871
857,14.846755,19.64
858,14.86865,21.895
859,14.900231,31.581
860,14.922509,22.278
861,14.939738,17.229
862,14.961674,21.936
863,14.977678,16.004
864,14.988557,10.879
865,14.999599,11.042
866,15.010583,10.984
867,15.028582,17.999
868,15.045193,16.611
869,15.061923,16.73
870,15.079483,17.56
871,15.095905,16.422
872,15.111942,16.037
873,15.129593,17.651
874,15.145537,15.944
875,15.162854,17.317
876,15.17882,15.966
877,15.196265,17.445
878,15.213506,17.241
879,15.231662,18.156
880,15.253966,22.304
881,15.268525,14.559
882,15.280468,11.943
883,15.299601,19.133
884,15.314818,15.217
885,15.334716,19.898
886,15.348837,14.121
887,15.363116,14.279
888,15.378615,15.499
889,15.396983,18.368
890,15.413181,16.198
891,15.429133,15.952
892,15.446032,16.899
893,15.46269,16.658
894,15.479188,16.498
895,15.496549,17.361
896,15.512665,16.116
897,15.529749,17.084
898,15.545849,16.1
899,15.562863,17.014
900,15.580315,17.452
901,15.605086,24.771
902,15.634082,28.996
903,15.66787,33.788
904,15.682834,14.964
905,15.708922,26.088
906,15.733569,24.647
907,15.745768,12.199
908,15.761741,15.973
909,15.77746,15.719
910,15.796699,19.239
911,15.823646,26.947
912,15.837863,14.217
913,15.863383,25.52
914,15.883209,19.826
915,15.912248,29.039
916,15.923618,11.37
917,15.936117,12.499
918,15.952266,16.149
919,15.966882,14.616
920,15.977895,11.013
921,15.995023,17.128
922,16.009461,14.438
923,16.026687,17.226
924,16.043155,16.468
925,16.060064,16.909
926,16.076263,16.199
927,16.093069,16.806
928,16.109916,16.847
929,16.125964,16.048
930,16.142721,16.757
931,16.161613,18.892
932,16.177075,15.462
933,16.193674,16.599
934,16.209349,15.675
935,16.22602,16.671
936,16.241954,15.934
937,16.259677,17.723
938,16.275737,16.06
939,16.292905,17.168
940,16.310074,17.169
941,16.326826,16.752
942,16.342007,15.181
943,16.360164,18.157
944,16.375802,15.638
945,16.395228,19.426
946,16.408856,13.628
947,16.425555,16.699
948,16.442893,17.338
949,16.4634,20.507
950,16.483193,19.793
951,16.499703,16.51
952,16.513362,13.659
953,16.528086,14.724
954,16.543367,15.281
955,16.559828,16.461
956,16.576642,16.814
957,16.592569,15.927
958,16.609639,17.07
959,16.625384,15.745
960,16.642535,17.151
961,16.659636,17.101
962,16.676429,16.793
963,16.693215,16.786
964,16.709131,15.916
965,16.726032,16.901
966,16.742723,16.691
967,16.758995,16.272
968,16.77679,17.795
969,16.793666,16.876
970,16.809526,15.86
971,16.825648,16.122
972,16.842805,17.157
973,16.858998,16.193
974,16.875946,16.948
975,16.892503,16.557
976,16.909528,17.025
977,16.926024,16.496
978,16.943713,17.689
979,16.959574,15.861
980,16.975996,16.422
981,16.993261,17.265
982,17.009071,15.81
983,17.025328,16.257
984,17.042002,16.674
985,17.059364,17.362
986,17.07644,17.076
987,17.093,16.56
988,17.110634,17.634
989,17.126308,15.674
990,17.141983,15.675
991,17.158997,17.014
992,17.175965,16.968
993,17.192866,16.901
994,17.209186,16.32
995,17.226217,17.031
996,17.242354,16.137
997,17.25928,16.926
998,17.275362,16.082
999,17.292314,16.952
1000,17.311003,18.689
1001,17.325543,14.54
1002,17.342519,16.976
1003,17.360549,18.03
1004,17.375782,15.233
1005,17.39224,16.458
1006,17.40921,16.97
1007,17.425878,16.668
1008,17.442576,16.698
1009,17.459044,16.468
1010,17.47644,17.396
1011,17.492582,16.142
1012,17.50922,16.638
1013,17.526055,16.835
1014,17.542163,16.108
1015,17.559325,17.162
1016,17.575364,16.039
1017,17.59286,17.496
1018,17.610009,17.149
1019,17.626058,16.049
1020,17.643668,17.61
1021,17.661219,17.551
1022,17.67647,15.251
1023,17.699397,22.927
1024,17.713944,14.547
1025,17.726786,12.842
1026,17.742529,15.743
1027,17.760193,17.664
1028,17.778078,17.885
1029,17.792078,14.0
1030,17.811125,19.047
1031,17.82562,14.495
1032,17.841889,16.269
1033,17.859076,17.187
1034,17.875602,16.526
1035,17.892969,17.367
1036,17.909867,16.898
1037,17.925585,15.718
1038,17.942502,16.917
1039,17.959994,17.492
1040,17.975522,15.528
1041,17.993353,17.831
1042,18.009401,16.048
1043,18.025971,16.57
1044,18.042209,16.238
1045,18.059296,17.087
1046,18.07711,17.814
1047,18.092384,15.274
1048,18.108916,16.532
1049,18.125191,16.275
1050,18.142486,17.295
1051,18.158939,16.453
1052,18.175828,16.889
1053,18.192554,16.726
1054,18.208692,16.138
1055,18.225548,16.856
1056,18.241995,16.447
1057,18.258667,16.672
1058,18.275479,16.812
1059,18.293181,17.702
1060,18.309709,16.528
1061,18.325677,15.968
1062,18.341788,16.111
1063,18.36,18.212
1064,18.37524,15.24
1065,18.392323,17.083
1066,18.40866,16.337
1067,18.425989,17.329
1068,18.442141,16.152
1069,18.459083,16.942
1070,18.478318,19.235
1071,18.492268,13.95
1072,18.508893,16.625
1073,18.525238,16.345
1074,18.54272,17.482
1075,18.560329,17.609
1076,18.576968,16.639
1077,18.592005,15.037
1078,18.608633,16.628
1079,18.625319,16.686
1080,18.644632,19.313
1081,18.659555,14.923
1082,18.676369,16.814
1083,18.693829,17.46
1084,18.713814,19.985
1085,18.735031,21.217
1086,18.757711,22.68
1087,18.776783,19.072
1088,18.789715,12.932
1089,18.800105,10.39
1090,18.81297,12.865
1091,18.832206,19.236
1092,18.844147,11.941
1093,18.863596,19.449
1094,18.880451,16.855
1095,18.894807,14.356
1096,18.910861,16.054
1097,18.928048,17.187
1098,18.946049,18.001
1099,18.974637,28.588
1100,19.011092,36.455
1101,19.025416,14.324
1102,19.034956,9.54
1103,19.045318,10.362
1104,19.059121,13.803
1105,19.075666,16.545
1106,19.093696,18.03
1107,19.11027,16.574
1108,19.125791,15.521
1109,19.142096,16.305
1110,19.158801,16.705
1111,19.175783,16.982
1112,19.192802,17.019
1113,19.208902,16.1
1114,19.225853,16.951
1115,19.242681,16.828
1116,19.259278,16.597
1117,19.275874,16.596
1118,19.292247,16.373
1119,19.308851,16.604
1120,19.325674,16.823
1121,19.342084,16.41
1122,19.359432,17.348
1123,19.375543,16.111
1124,19.393064,17.521
1125,19.408841,15.777
1126,19.427219,18.378
1127,19.441954,14.735
1128,19.459611,17.657
1129,19.477458,17.847
1130,19.493422,15.964
1131,19.510393,16.971
1132,19.525591,15.198
1133,19.542395,16.804
1134,19.558631,16.236
1135,19.575649,17.018
1136,19.591988,16.339
1137,19.609146,17.158
1138,19.626649,17.503
1139,19.642505,15.856
1140,19.659257,16.752
1141,19.675656,16.399
1142,19.692354,16.698
1143,19.708847,16.493
1144,19.725404,16.557
1145,19.742844,17.44
1146,19.759542,16.698
1147,19.77555,16.008
1148,19.793407,17.857
1149,19.80873,15.323
1150,19.825993,17.263
1151,19.842762,16.769
1152,19.861527,18.765
1153,19.876975,15.448
1154,19.895159,18.184
1155,19.922027,26.868
1156,19.946949,24.922
1157,19.965546,18.597
1158,19.985585,20.039
1159,20.005837,20.252
1160,20.018399,12.562
1161,20.033776,15.377
1162,20.042422,8.646
1163,20.057189,14.767
1164,20.071881,14.692
1165,20.088844,16.963
1166,20.105413,16.569
1167,20.123063,17.65
1168,20.140647,17.584
1169,20.157774,17.127
1170,20.173896,16.122
1171,20.190486,16.59
1172,20.209087,18.601
1173,20.223903,14.816
1174,20.239245,15.342
1175,20.256136,16.891
1176,20.272871,16.735
1177,20.288567,15.696
1178,20.306011,17.444
1179,20.321834,15.823
1180,20.339325,17.491
1181,20.356519,17.194
1182,20.381626,25.107
1183,20.397457,15.831
1184,20.413848,16.391
1185,20.429414,15.566
1186,20.456841,27.427
1187,20.472966,16.125
1188,20.487053,14.087
1189,20.499129,12.076
1190,20.50788,8.751
1191,20.523637,15.757
1192,20.540289,16.652
1193,20.556486,16.197
1194,20.572683,16.197
1195,20.589756,17.073
1196,20.606445,16.689
1197,20.62294,16.495
1198,20.639655,16.715
1199,20.656437,16.782
1200,20.672913,16.476
1201,20.689721,16.808
1202,20.706425,16.704
1203,20.722564,16.139
1204,20.739529,16.965
1205,20.756993,17.464
1206,20.773456,16.463
1207,20.789449,15.993
1208,20.805849,16.4
1209,20.82251,16.661
1210,20.839082,16.572
1211,20.856266,17.184
1212,20.872451,16.185
1213,20.889338,16.887
1214,20.909289,19.951
1215,20.923296,14.007
1216,20.940093,16.797
1217,20.956956,16.863
1218,20.97293,15.974
1219,20.999598,26.668
1220,21.044432,44.834
1221,21.053023,8.591
1222,21.063437,10.414
1223,21.080808,17.371
1224,21.096968,16.16
1225,21.112167,15.199
1226,21.123593,11.426
1227,21.139627,16.034
1228,21.154107,14.48
1229,21.172479,18.372
1230,21.190616,18.137
1231,21.203468,12.852
1232,21.220475,17.007
1233,21.237194,16.719
1234,21.253424,16.23
1235,21.270108,16.684
1236,21.287509,17.401
1237,21.303544,16.035
1238,21.320164,16.62
1239,21.33797,17.806
1240,21.353254,15.284
1241,21.371357,18.103
1242,21.388538,17.181
1243,21.407379,18.841
1244,21.427399,20.02
1245,21.443192,15.793
1246,21.454291,11.099
1247,21.484069,29.778
1248,21.49507,11.001
1249,21.503331,8.261
1250,21.520327,16.996
1251,21.536513,16.186
1252,21.553142,16.629
1253,21.569815,16.673
1254,21.587252,17.437
1255,21.603491,16.239
1256,21.620037,16.546
1257,21.638431,18.394
1258,21.653498,15.067
1259,21.670959,17.461
1260,21.686999,16.04
1261,21.703162,16.163
1262,21.719984,16.822
1263,21.736683,16.699
1264,21.753235,16.552
1265,21.770838,17.603
1266,21.787282,16.444
1267,21.803625,16.343
1268,21.820418,16.793
1269,21.837394,16.976
1270,21.853179,15.785
1271,21.870467,17.288
1272,21.886706,16.239
1273,21.90351,16.804
1274,21.920561,17.051
1275,21.936788,16.227
1276,21.95309,16.302
1277,21.970297,17.207
1278,21.98672,16.423
1279,22.004381,17.661
1280,22.020475,16.094
1281,22.037798,17.323
1282,22.053478,15.68
1283,22.070542,17.064
1284,22.08715,16.608
1285,22.103483,16.333
1286,22.120045,16.562
1287,22.136624,16.579
1288,22.153868,17.244
1289,22.170066,16.198
1290,22.187346,17.28
1291,22.203627,16.281
1292,22.219862,16.235
1293,22.237075,17.213
1294,22.253811,16.736
1295,22.270066,16.255
1296,22.287533,17.467
1297,22.30395,16.417
1298,22.320183,16.233
1299,22.337207,17.024
1300,22.353749,16.542
1301,22.370394,16.645
1302,22.386658,16.264
1303,22.403338,16.68
1304,22.419939,16.601
1305,22.437193,17.254
1306,22.45336,16.167
1307,22.47085,17.49
1308,22.486527,15.677
1309,22.50384,17.313
1310,22.520417,16.577
1311,22.536726,16.309
1312,22.554124,17.398
1313,22.571511,17.387
1314,22.587751,16.24
1315,22.604434,16.683
1316,22.620747,16.313
1317,22.637993,17.246
1318,22.653802,15.809
1319,22.67011,16.308
1320,22.687442,17.332
1321,22.703753,16.311
1322,22.720322,16.569
1323,22.736477,16.155
1324,22.753673,17.196
1325,22.769802,16.129
1326,22.787112,17.31
1327,22.804108,16.996
1328,22.819894,15.786
1329,22.836806,16.912
1330,22.853319,16.513
1331,22.870064,16.745
1332,22.886525,16.461
1333,22.903319,16.794
1334,22.920256,16.937
1335,22.936691,16.435
1336,22.959074,22.383
1337,22.969214,10.14
1338,22.987094,17.88
1339,23.004178,17.084
1340,23.020147,15.969
1341,23.038045,17.898
1342,23.053125,15.08
1343,23.069876,16.751
1344,23.087151,17.275
1345,23.104057,16.906
1346,23.120343,16.286
1347,23.136676,16.333
1348,23.153262,16.586
1349,23.169822,16.56
1350,23.187014,17.192
1351,23.203624,16.61
1352,23.221516,17.892
1353,23.236975,15.459
1354,23.253939,16.964
1355,23.270686,16.747
1356,23.287135,16.449
1357,23.304627,17.492
1358,23.320209,15.582
1359,23.336693,16.484
1360,23.353286,16.593
1361,23.371611,18.325
1362,23.387311,15.7
1363,23.404585,17.274
1364,23.420022,15.437
1365,23.437312,17.29
1366,23.453782,16.47
1367,23.470272,16.49
1368,23.48764,17.368
1369,23.503542,15.902
1370,23.520011,16.469
1371,23.536634,16.623
1372,23.553421,16.787
1373,23.570567,17.146
1374,23.587154,16.587
1375,23.605582,18.428
1376,23.621124,15.542
1377,23.63774,16.616
1378,23.654427,16.687
1379,23.66987,15.443
1380,23.686726,16.856
1381,23.703601,16.875
1382,23.720927,17.326
1383,23.737212,16.285
1384,23.753885,16.673
1385,23.773646,19.761
1386,23.78952,15.874
1387,23.805215,15.695
1388,23.829502,24.287
1389,23.84475,15.248
1390,23.862341,17.591
1391,23.875464,13.123
1392,23.891122,15.658
1393,23.903516,12.394
1394,23.920868,17.352
1395,23.936732,15.864
1396,23.953212,16.48
1397,23.96972,16.508
1398,23.987094,17.374
1399,24.004084,16.99
1400,24.021288,17.204
1401,24.03784,16.552
1402,24.053461,15.621
1403,24.071089,17.628
1404,24.087181,16.092
1405,24.103789,16.608
1406,24.120345,16.556
1407,24.13805,17.705
1408,24.153103,15.053
1409,24.170319,17.216
1410,24.187269,16.95
1411,24.207436,20.167
1412,24.22937,21.934
1413,24.251027,21.657
1414,24.271248,20.221
1415,24.299695,28.447
1416,24.319643,19.948
1417,24.334129,14.486
1418,24.345392,11.263
1419,24.356993,11.601
1420,24.369573,12.58
1421,24.387061,17.488
1422,24.403625,16.564
1423,24.41919,15.565
1424,24.436221,17.031
1425,24.452638,16.417
1426,24.469446,16.808
1427,24.486915,17.469
1428,24.502883,15.968
1429,24.519184,16.301
1430,24.535802,16.618
1431,24.552528,16.726
1432,24.569996,17.468
1433,24.585918,15.922
1434,24.602991,17.073
1435,24.6196,16.609
1436,24.635871,16.271
1437,24.652608,16.737
1438,24.669654,17.046
1439,24.6865,16.846
1440,24.703097,16.597
1441,24.719472,16.375
1442,24.736037,16.565
1443,24.752814,16.777
1444,24.769435,16.621
1445,24.785921,16.486
1446,24.803437,17.516
1447,24.819799,16.362
1448,24.836923,17.124
1449,24.852819,15.896
1450,24.869561,16.742
1451,24.886546,16.985
1452,24.90269,16.144
1453,24.919306,16.616
1454,24.936065,16.759
1455,24.952798,16.733
1456,24.969785,16.987
1457,24.986868,17.083
1458,25.004397,17.529
1459,25.023225,18.828
1460,25.039803,16.578
1461,25.069675,29.872
1462,25.099129,29.454
1463,25.117498,18.369
1464,25.128801,11.303
1465,25.143671,14.87
1466,25.153297,9.626
1467,25.167677,14.38
1468,25.18395,16.273
1469,25.200888,16.938
1470,25.216661,15.773
1471,25.23341,16.749
1472,25.250523,17.113
1473,25.267108,16.585
1474,25.284197,17.089
1475,25.301166,16.969
1476,25.316818,15.652
1477,25.333386,16.568
1478,25.350017,16.631
1479,25.367623,17.606
1480,25.383431,15.808
1481,25.401003,17.572
1482,25.416955,15.952
1483,25.43385,16.895
1484,25.450311,16.461
1485,25.467491,17.18
1486,25.493952,26.461
1487,25.5181,24.148
1488,25.533987,15.887
1489,25.550146,16.159
1490,25.572453,22.307
1491,25.587973,15.52
1492,25.600693,12.72
1493,25.614047,13.354
1494,25.63084,16.793
1495,25.648801,17.961
1496,25.661716,12.915
1497,25.672516,10.8
1498,25.697828,25.312
1499,25.710886,13.058
1500,25.719745,8.859
1501,25.736546,16.801
1502,25.754009,17.463
1503,25.76995,15.941
1504,25.786487,16.537
1505,25.804314,17.827
1506,25.819987,15.673
1507,25.836124,16.137
1508,25.852882,16.758
1509,25.871043,18.161
1510,25.900125,29.082
1511,25.920311,20.186
1512,25.936483,16.172
1513,25.951879,15.396
1514,25.973792,21.913
1515,25.986375,12.583
1516,25.999082,12.707
1517,26.010734,11.652
1518,26.024151,13.417
1519,26.040314,16.163
1520,26.057174,16.86
1521,26.073099,15.925
1522,26.091455,18.356
1523,26.108153,16.698
1524,26.1236,15.447
1525,26.140845,17.245
1526,26.157438,16.593
1527,26.174838,17.4
1528,26.195138,20.3
1529,26.212592,17.454
1530,26.225469,12.877
1531,26.246999,21.53
1532,26.26936,22.361
1533,26.304015,34.655
1534,26.325205,21.19
1535,26.342542,17.337
1536,26.367387,24.845
1537,26.389135,21.748
1538,26.409406,20.271
1539,26.424526,15.12
1540,26.44109,16.564
1541,26.475666,34.576
1542,26.504313,28.647
1543,26.524009,19.696
1544,26.536736,12.727
1545,26.558284,21.548
1546,26.578152,19.868
1547,26.597088,18.936
1548,26.610937,13.849
1549,26.627089,16.152
1550,26.641282,14.193
1551,26.657567,16.285
1552,26.676287,18.72
1553,26.703387,27.1
1554,26.715695,12.308
1555,26.72607,10.375
1556,26.737905,11.835
1557,26.753191,15.286
1558,26.768847,15.656
1559,26.786084,17.237
1560,26.802666,16.582
1561,26.819116,16.45
1562,26.836894,17.778
1563,26.852851,15.957
1564,26.869068,16.217
1565,26.885997,16.929
1566,26.902597,16.6
1567,26.917611,15.014
1568,26.935427,17.816
1569,26.951976,16.549
1570,26.971868,19.892
1571,26.986255,14.387
1572,27.002016,15.761
1573,27.020039,18.023
1574,27.036122,16.083
1575,27.052167,16.045
1576,27.069224,17.057
1577,27.087165,17.941
1578,27.104403,17.238
1579,27.124839,20.436
1580,27.135909,11.07
1581,27.152944,17.035
1582,27.168908,15.964
1583,27.185341,16.433
1584,27.202661,17.32
1585,27.219264,16.603
1586,27.236155,16.891
1587,27.252227,16.072
1588,27.269085,16.858
1589,27.285892,16.807
1590,27.302012,16.12
1591,27.318761,16.749
1592,27.33522,16.459
1593,27.352506,17.286
1594,27.368844,16.338
1595,27.386501,17.657
1596,27.402635,16.134
1597,27.418884,16.249
1598,27.43572,16.836
1599,27.451949,16.229
1600,27.469023,17.074
1601,27.485855,16.832
1602,27.503947,18.092
1603,27.525924,21.977
1604,27.54191,15.986
1605,27.564582,22.672
1606,27.588106,23.524
1607,27.60902,20.914
1608,27.623819,14.799
1609,27.634951,11.132
1610,27.651089,16.138
1611,27.663561,12.472
1612,27.675519,11.958
1613,27.692139,16.62
1614,27.714587,22.448
1615,27.727714,13.127
1616,27.741947,14.233
1617,27.759417,17.47
1618,27.776024,16.607
1619,27.791708,15.684
1620,27.809168,17.46
1621,27.827074,17.906
1622,27.842314,15.24
1623,27.858199,15.885
1624,27.875997,17.798
1625,27.891865,15.868
1626,27.90941,17.545
1627,27.925586,16.176
1628,27.942002,16.416
1629,27.958499,16.497
1630,27.97649,17.991
1631,27.992625,16.135
1632,28.009166,16.541
1633,28.026614,17.448
1634,28.041994,15.38
1635,28.059093,17.099
1636,28.076564,17.471
1637,28.091986,15.422
1638,28.109124,17.138
1639,28.125738,16.614
1640,28.141777,16.039
1641,28.158431,16.654
1642,28.175388,16.957
1643,28.193288,17.9
1644,28.209401,16.113
1645,28.225166,15.765
1646,28.242006,16.84
1647,28.258352,16.346
1648,28.275645,17.293
1649,28.292983,17.338
1650,28.310671,17.688
1651,28.32673,16.059
1652,28.342404,15.674
1653,28.358744,16.34
1654,28.375871,17.127
1655,28.391842,15.971
1656,28.408325,16.483
1657,28.425254,16.929
1658,28.441823,16.569
1659,28.458346,16.523
1660,28.475712,17.366
1661,28.492243,16.531
1662,28.508245,16.002
1663,28.524819,16.574
1664,28.542848,18.029
1665,28.558173,15.325
1666,28.576142,17.969
1667,28.592386,16.244
1668,28.608216,15.83
1669,28.624974,16.758
1670,28.641593,16.619
1671,28.658063,16.47
1672,28.675031,16.968
1673,28.692578,17.547
1674,28.709103,16.525
1675,28.725998,16.895
1676,28.748569,22.571
1677,28.77032,21.751
1678,28.787149,16.829
1679,28.817944,30.795
1680,28.835538,17.594
1681,28.852406,16.868
1682,28.863383,10.977
1683,28.874406,11.023
1684,28.885767,11.361
1685,28.902827,17.06
1686,28.919645,16.818
1687,28.935604,15.959
1688,28.952178,16.574
1689,28.969854,17.676
1690,28.985941,16.087
1691,29.002612,16.671
1692,29.019966,17.354
1693,29.035585,15.619
1694,29.052063,16.478
1695,29.069319,17.256
1696,29.087057,17.738
1697,29.103772,16.715
1698,29.122398,18.626
1699,29.140562,18.164
1700,29.152093,11.531
1701,29.168764,16.671
1702,29.187321,18.557
1703,29.203178,15.857
1704,29.220551,17.373
1705,29.236125,15.574
1706,29.252708,16.583
1707,29.272716,20.008
1708,29.286351,13.635
1709,29.3033590000001,17.008
1710,29.3193240000001,15.965
1711,29.3365120000001,17.188
1712,29.3531060000001,16.594
1713,29.3703900000001,17.284
1714,29.3878080000001,17.418
1715,29.4043020000001,16.494
1716,29.4199820000001,15.68
1717,29.4380730000001,18.091
1718,29.4545010000001,16.428
1719,29.4703260000001,15.825
1720,29.4872740000001,16.948
1721,29.5034040000001,16.13
1722,29.5270570000001,23.653
1723,29.5420870000001,15.03
1724,29.5616300000001,19.543
1725,29.5799100000001,18.28
1726,29.6089210000001,29.011
1727,29.6347610000001,25.84
1728,29.6718280000001,37.067
1729,29.6918070000001,19.979
1730,29.7117140000001,19.907
1731,29.7382100000001,26.496
1732,29.7550800000001,16.87
1733,29.7730640000001,17.984
1734,29.8016470000001,28.583
1735,29.8369580000001,35.311
1736,29.8936180000001,56.66
1737,29.9509530000001,57.335
1738,30.0020570000001,51.104
1739,30.027621,25.564
1740,30.0540100000001,26.389
1741,30.0688450000001,14.835
1742,30.0956870000001,26.842
1743,30.1313740000001,35.687
1744,30.1467880000001,15.414
1745,30.1637570000001,16.969
1746,30.1776060000001,13.849
1747,30.199064,21.458
1748,30.213692,14.628
1749,30.228753,15.061
1750,30.243129,14.376
1751,30.254071,10.942
1752,30.266785,12.714
1753,30.280074,13.289
1754,30.299147,19.073
1755,30.315521,16.374
1756,30.332749,17.228
1757,30.349269,16.52
1758,30.376678,27.409
1759,30.39013,13.452
1760,30.403135,13.005
1761,30.415446,12.311
1762,30.437669,22.223
1763,30.448571,10.902
1764,30.466495,17.924
1765,30.487811,21.316
1766,30.503997,16.186
1767,30.523628,19.631
1768,30.535649,12.021
1769,30.559977,24.328
1770,30.58043,20.453
1771,30.597694,17.264
1772,30.611038,13.344
1773,30.625118,14.08
1774,30.636962,11.844
1775,30.652247,15.285
1776,30.668668,16.421
1777,30.684371,15.703
1778,30.700004,15.633
1779,30.716177,16.173
1780,30.732157,15.98
1781,30.748701,16.544
1782,30.767323,18.622
1783,30.782929,15.606
1784,30.801367,18.438
1785,30.81913,17.763
1786,30.833182,14.052
1787,30.849965,16.783
1788,30.871285,21.32
1789,30.889796,18.511
1790,30.907028,17.232
1791,30.921013,13.985
1792,30.93593,14.917
1793,30.9534,17.47
1794,30.965972,12.572
1795,30.98281,16.838
1796,31.002308,19.498
1797,31.015754,13.446
1798,31.031924,16.17
1799,31.050709,18.785
1800,31.068896,18.187
1801,31.08772,18.824
1802,31.118502,30.782
1803,31.152507,34.005
1804,31.196561,44.054
1805,31.241201,44.64
1806,31.264323,23.122
1807,31.29663,32.307
1808,31.324475,27.845
1809,31.342492,18.017
1810,31.363747,21.255
1811,31.384276,20.529
1812,31.40128,17.004
1813,31.412891,11.611
1814,31.423617,10.726
1815,31.435739,12.122
1816,31.45227,16.531
1817,31.468895,16.625
1818,31.485902,17.007
1819,31.521369,35.467
1820,31.557598,36.229
1821,31.591899,34.301
1822,31.612501,20.602
1823,31.634523,22.022
1824,31.665479,30.956
1825,31.68471,19.231
1826,31.700997,16.287
1827,31.72711,26.113
1828,31.751026,23.916
1829,31.785162,34.136
1830,31.806503,21.341
1831,31.833783,27.28
1832,31.846527,12.744
1833,31.861502,14.975
1834,31.872476,10.974
1835,31.883441,10.965
1836,31.895361,11.92
1837,31.914433,19.072
1838,31.93085,16.417
1839,31.947219,16.369
1840,31.964568,17.349
1841,31.982013,17.445
1842,31.997818,15.805
1843,32.014088,16.27
1844,32.031644,17.556
1845,32.047956,16.312
1846,32.064424,16.468
1847,32.083901,19.477
1848,32.096848,12.947
1849,32.113255,16.407
1850,32.130194,16.939
1851,32.147486,17.292
1852,32.164174,16.688
1853,32.180621,16.447
1854,32.198277,17.656
1855,32.214146,15.869
1856,32.231261,17.115
1857,32.24709,15.829
1858,32.264407,17.317
1859,32.281003,16.596
1860,32.297051,16.048
1861,32.314191,17.14
1862,32.330583,16.392
1863,32.348011,17.428
1864,32.364783,16.772
1865,32.382373,17.59
1866,32.397216,14.843
1867,32.414011,16.795
1868,32.430018,16.007
1869,32.446642,16.624
1870,32.463685,17.043
1871,32.480828,17.143
1872,32.501512,20.684
1873,32.513782,12.27
1874,32.531381,17.599
1875,32.547921,16.54
1876,32.568801,20.88
1877,32.587028,18.227
1878,32.603749,16.721
1879,32.616587,12.838
1880,32.630634,14.047
1881,32.646626,15.992
1882,32.663257,16.631
1883,32.680546,17.289
1884,32.697811,17.265
1885,32.7148,16.989
1886,32.730523,15.723
1887,32.746622,16.099
1888,32.764763,18.141
1889,32.780664,15.901
1890,32.796735,16.071
1891,32.813922,17.187
1892,32.830036,16.114
1893,32.847158,17.122
1894,32.863847,16.689
1895,32.881261,17.414
1896,32.897929,16.668
1897,32.913979,16.05
1898,32.930879,16.9
1899,32.946754,15.875
1900,32.964237,17.483
1901,32.979961,15.724
1902,32.997861,17.9
1903,33.013759,15.898
1904,33.029825,16.066
1905,33.046563,16.738
1906,33.06334,16.777
1907,33.080593,17.253
1908,33.09719,16.597
1909,33.114361,17.171
1910,33.130031,15.67
1911,33.146725,16.694
1912,33.16474,18.015
1913,33.180736,15.996
1914,33.200788,20.052
1915,33.221882,21.094
1916,33.232964,11.082
1917,33.247129,14.165
1918,33.263822,16.693
1919,33.281011,17.189
1920,33.296738,15.727
1921,33.315068,18.33
1922,33.329856,14.788
1923,33.346554,16.698
1924,33.364199,17.645
1925,33.380643,16.444
1926,33.397145,16.502
1927,33.413775,16.63
1928,33.430076,16.301
1929,33.446583,16.507
1930,33.464796,18.213
1931,33.480127,15.331
1932,33.496842,16.715
1933,33.513773,16.931
1934,33.530317,16.544
1935,33.54673,16.413
1936,33.563221,16.491
1937,33.58027,17.049
1938,33.596871,16.601
1939,33.613245,16.374
1940,33.631348,18.103
1941,33.646992,15.644
1942,33.664404,17.412
1943,33.682286,17.882
1944,33.697936,15.65
1945,33.723393,25.457
1946,33.735848,12.455
1947,33.751467,15.619
1948,33.766348,14.881
1949,33.780737,14.389
1950,33.799387,18.65
1951,33.814785,15.398
1952,33.831844,17.059
1953,33.847174,15.33
1954,33.863354,16.18
1955,33.879937,16.583
1956,33.897726,17.789
1957,33.914121,16.395
1958,33.930003,15.882
1959,33.946944,16.941
1960,33.964402,17.458
1961,33.980251,15.849
1962,33.996716,16.465
1963,34.013282,16.566
1964,34.029991,16.709
1965,34.047102,17.111
1966,34.06368,16.578
1967,34.081252,17.572
1968,34.097768,16.516
1969,34.113459,15.691
1970,34.131581,18.122
1971,34.14648,14.899
1972,34.163322,16.842
1973,34.180871,17.549
1974,34.197443,16.572
1975,34.213891,16.448
1976,34.229894,16.003
1977,34.246641,16.747
1978,34.263272,16.631
1979,34.279894,16.622
1980,34.296889,16.995
1981,34.314651,17.762
1982,34.330424,15.773
1983,34.346777,16.353
1984,34.364175,17.398
1985,34.380047,15.872
1986,34.396485,16.438
1987,34.413099,16.614
1988,34.430019,16.92
1989,34.447615,17.596
1990,34.463772,16.157
1991,34.481156,17.384
1992,34.497259,16.103
1993,34.513425,16.166
1994,34.529874,16.449
1995,34.546625,16.751
1996,34.563496,16.871
1997,34.581113,17.617
1998,34.597223,16.11
1999,34.613912,16.689
2000,34.630606,16.694
2001,34.646768,16.162
2002,34.663222,16.454
2003,34.680303,17.081
2004,34.696874,16.571
2005,34.715453,18.579
2006,34.730065,14.612
2007,34.746552,16.487
2008,34.764437,17.885
2009,34.782886,18.449
2010,34.79847,15.584
2011,34.814073,15.603
2012,34.830188,16.115
2013,34.846859,16.671
2014,34.863568,16.709
2015,34.880859,17.291
2016,34.896569,15.71
2017,34.913674,17.105
2018,34.930355,16.681
2019,34.947519,17.164
2020,34.964513,16.994
2021,34.980713,16.2
2022,35.00268,21.967
2023,35.020614,17.934
2024,35.034896,14.282
2025,35.04735,12.454
2026,35.066013,18.663
2027,35.080196,14.183
2028,35.096904,16.708
2029,35.114075,17.171
2030,35.130214,16.139
2031,35.146621,16.407
2032,35.163719,17.098
2033,35.180379,16.66
2034,35.19831,17.931
2035,35.214363,16.053
2036,35.230731,16.368
2037,35.248158,17.427
2038,35.263437,15.279
2039,35.280254,16.817
2040,35.2966,16.346
2041,35.313694,17.094
2042,35.329934,16.24
2043,35.346665,16.731
2044,35.363274,16.609
2045,35.380268,16.994
2046,35.397291,17.023
2047,35.413225,15.934
2048,35.430623,17.398
2049,35.447406,16.783
2050,35.464186,16.78
2051,35.485857,21.671
2052,35.505153,19.296
2053,35.522708,17.555
2054,35.537896,15.188
2055,35.565122,27.226
2056,35.575552,10.43
2057,35.589453,13.901
2058,35.607737,18.284
2059,35.617473,9.736
2060,35.632559,15.086
2061,35.651676,19.117
2062,35.66614,14.464
2063,35.680874,14.734
2064,35.699075,18.201
2065,35.714165,15.09
2066,35.730404,16.239
2067,35.747504,17.1
2068,35.763598,16.094
2069,35.781012,17.414
2070,35.797819,16.807
2071,35.816133,18.314
2072,35.83047,14.337
2073,35.846814,16.344
2074,35.863372,16.558
2075,35.880405,17.033
2076,35.896805,16.4
2077,35.914157,17.352
2078,35.930468,16.311
2079,35.948316,17.848
2080,35.963602,15.286
2081,35.980295,16.693
2082,35.9984,18.105
2083,36.013942,15.542
2084,36.031169,17.227
2085,36.047688,16.519
2086,36.064423,16.735
2087,36.080547,16.124
2088,36.097079,16.532
2089,36.115136,18.057
2090,36.130116,14.98
2091,36.147082,16.966
2092,36.164503,17.421
2093,36.180533,16.03
2094,36.198381,17.848
2095,36.220813,22.432
2096,36.237991,17.178
2097,36.250644,12.653
2098,36.285221,34.577
2099,36.300343,15.122
2100,36.310951,10.608
2101,36.320676,9.725
2102,36.330032,9.356
2103,36.34747,17.438
2104,36.363255,15.785
2105,36.379959,16.704
2106,36.397048,17.089
2107,36.413882,16.834
2108,36.430153,16.271
2109,36.446914,16.761
2110,36.463304,16.39
2111,36.480621,17.317
2112,36.498137,17.516
2113,36.514363,16.226
2114,36.530064,15.701
2115,36.54661,16.546
2116,36.563531,16.921
2117,36.581276,17.745
2118,36.596972,15.696
2119,36.613763,16.791
2120,36.630049,16.286
2121,36.646974,16.925
2122,36.663226,16.252
2123,36.680619,17.393
2124,36.697511,16.892
2125,36.714201,16.69
2126,36.730376,16.175
2127,36.747452,17.076
2128,36.764017,16.565
2129,36.781019,17.002
2130,36.803404,22.385
2131,36.841221,37.817
2132,36.856448,15.227
2133,36.874795,18.347
2134,36.897376,22.581
2135,36.922766,25.39
2136,36.938511,15.745
2137,36.953067,14.556
2138,36.964413,11.346
2139,36.97308,8.667
2140,36.988153,15.073
2141,37.008238,20.085
2142,37.040478,32.24
2143,37.057532,17.054
2144,37.103897,46.365
2145,37.151134,47.237
2146,37.167619,16.485
2147,37.177998,10.379
2148,37.191486,13.488
2149,37.211803,20.317
2150,37.234493,22.69
2151,37.252758,18.265
2152,37.268933,16.175
2153,37.282561,13.628
2154,37.294326,11.765
2155,37.307962,13.636
2156,37.31846,10.498
2157,37.335609,17.149
2158,37.35163,16.021
2159,37.367916,16.286
2160,37.385219,17.303
2161,37.402716,17.497
2162,37.420888,18.172
2163,37.435384,14.496
2164,37.452281,16.897
2165,37.47013,17.849
2166,37.49059,20.46
2167,37.501926,11.336
2168,37.518507,16.581
2169,37.535528,17.021
2170,37.552444,16.916
2171,37.568756,16.312
2172,37.585693,16.937
2173,37.601425,15.732
2174,37.618061,16.636
2175,37.635039,16.978
2176,37.6525,17.461
2177,37.668732,16.232
2178,37.685709,16.977
2179,37.701411,15.702
2180,37.718118,16.707
2181,37.734759,16.641
2182,37.751375,16.616
2183,37.769047,17.672
2184,37.785879,16.832
2185,37.801798,15.919
2186,37.818305,16.507
2187,37.835492,17.187
2188,37.851743,16.251
2189,37.868527,16.784
2190,37.885086,16.559
2191,37.901606,16.52
2192,37.918457,16.851
2193,37.935415,16.958
2194,37.951767,16.352
2195,37.968964,17.197
2196,37.985172,16.208
2197,38.003442,18.27
2198,38.021197,17.755
2199,38.034956,13.759
2200,38.051782,16.826
2201,38.068996,17.214
2202,38.085356,16.36
2203,38.101704,16.348
2204,38.117929,16.225
2205,38.135024,17.095
2206,38.151337,16.313
2207,38.168022,16.685
2208,38.185347,17.325
2209,38.201649,16.302
2210,38.219043,17.394
2211,38.235629,16.586
2212,38.251941,16.312
2213,38.267993,16.052
2214,38.285466,17.473
2215,38.302038,16.572
2216,38.318414,16.376
2217,38.33513,16.716
2218,38.352137,17.007
2219,38.368599,16.462
2220,38.384768,16.169
2221,38.401486,16.718
2222,38.418144,16.658
2223,38.434857,16.713
2224,38.452727,17.87
2225,38.468819,16.092
2226,38.486847,18.028
2227,38.502093,15.246
2228,38.518029,15.936
2229,38.534662,16.633
2230,38.552089,17.427
2231,38.567994,15.905
2232,38.58599,17.996
2233,38.602526,16.536
2234,38.61918,16.654
2235,38.63506,15.88
2236,38.653533,18.473
2237,38.668008,14.475
2238,38.685564,17.556
2239,38.704082,18.518
2240,38.719755,15.673
2241,38.736849,17.094
2242,38.751681,14.832
2243,38.768574,16.893
2244,38.785884,17.31
2245,38.801381,15.497
2246,38.821859,20.478
2247,38.834976,13.117
2248,38.852113,17.137
2249,38.868731,16.618
2250,38.885725,16.994
2251,38.901611,15.886
2252,38.917842,16.231
2253,38.9349,17.058
2254,38.95124,16.34
2255,38.968282,17.042
2256,38.984964,16.682
2257,39.001892,16.928
2258,39.019335,17.443
2259,39.036504,17.169
2260,39.051592,15.088
2261,39.068016,16.424
2262,39.085526,17.51
2263,39.101303,15.777
2264,39.118339,17.036
2265,39.134856,16.517
2266,39.151953,17.097
2267,39.168521,16.568
2268,39.185377,16.856
2269,39.201702,16.325
2270,39.219242,17.54
2271,39.234819,15.577
2272,39.251486,16.667
2273,39.278772,27.286
2274,39.292259,13.487
2275,39.30883,16.571
2276,39.3203159999999,11.486
2277,39.3353979999999,15.082
2278,39.3513459999999,15.948
2279,39.368031,16.685
2280,39.384869,16.838
2281,39.402062,17.193
2282,39.418575,16.513
2283,39.434863,16.288
2284,39.451864,17.001
2285,39.467957,16.093
2286,39.485119,17.162
2287,39.501439,16.32
2288,39.5189,17.461
2289,39.535525,16.625
2290,39.551361,15.836
2291,39.570453,19.092
2292,39.584836,14.383
2293,39.601318,16.482
2294,39.618132,16.814
2295,39.635509,17.377
2296,39.652898,17.389
2297,39.668661,15.763
2298,39.685403,16.742
2299,39.70184,16.437
2300,39.718454,16.614
2301,39.734629,16.175
2302,39.751223,16.594
2303,39.768096,16.873
2304,39.7846079999999,16.512
2305,39.8020859999999,17.478
2306,39.8191059999999,17.02
2307,39.8370979999999,17.992
2308,39.859279,22.181
2309,39.8751579999999,15.879
2310,39.8950579999999,19.9
2311,39.9135179999999,18.46
2312,39.9339499999999,20.432
2313,39.9467329999999,12.783
2314,39.9595859999999,12.853
2315,39.9721759999999,12.59
2316,39.9855829999999,13.407
2317,40.0017999999999,16.217
2318,40.0180189999999,16.219
2319,40.0351619999999,17.143
2320,40.0526749999999,17.513
2321,40.0685789999999,15.904
2322,40.0864479999999,17.869
2323,40.1016259999999,15.178
2324,40.1190269999999,17.401
2325,40.1353349999999,16.308
2326,40.1513649999999,16.03
2327,40.1700069999999,18.642
2328,40.1862869999999,16.28
2329,40.2017129999999,15.426
2330,40.2182989999999,16.586
2331,40.2355349999999,17.236
2332,40.2512159999999,15.681
2333,40.2680829999999,16.867
2334,40.2886759999999,20.593
2335,40.3017899999999,13.114
2336,40.3183859999999,16.596
2337,40.3357299999999,17.344
2338,40.3524469999999,16.717
2339,40.3684689999999,16.022
2340,40.3852559999999,16.787
2341,40.4014739999999,16.218
2342,40.4178869999999,16.413
2343,40.4345199999999,16.633
2344,40.4537629999999,19.243
2345,40.4692839999999,15.521
2346,40.4851879999999,15.904
2347,40.5021789999999,16.991
2348,40.5179149999999,15.736
2349,40.5351919999999,17.277
2350,40.5514059999999,16.214
2351,40.5691439999999,17.738
2352,40.5853539999999,16.21
2353,40.6048939999999,19.54
2354,40.6183669999999,13.473
2355,40.6358359999999,17.469
2356,40.6520009999999,16.165
2357,40.6681589999999,16.158
2358,40.6867499999999,18.591
2359,40.7016499999999,14.9
2360,40.7191489999999,17.499
2361,40.7353599999999,16.211
2362,40.7517149999999,16.355
2363,40.7687069999999,16.992
2364,40.7849349999999,16.228
2365,40.8013399999999,16.405
2366,40.8181559999999,16.816
2367,40.8352379999999,17.082
2368,40.8515519999999,16.314
2369,40.8689959999999,17.444
2370,40.8850269999999,16.031
2371,40.9016219999999,16.595
2372,40.9178519999999,16.23
2373,40.9347109999999,16.859
2374,40.9512229999999,16.512
2375,40.9680049999999,16.782
2376,40.9883329999999,20.328
2377,41.0168449999999,28.512
2378,41.0328509999999,16.006
2379,41.0525579999999,19.707
2380,41.0938809999999,41.323
2381,41.1064829999999,12.602
2382,41.1316259999999,25.143
2383,41.1546629999999,23.037
2384,41.1677989999999,13.136
2385,41.1898329999999,22.034
2386,41.2043609999999,14.528
2387,41.2170499999999,12.689
2388,41.2260409999999,8.991
2389,41.2375119999999,11.471
2390,41.2554419999999,17.93
2391,41.2728049999999,17.363
2392,41.2906839999999,17.879
2393,41.3083419999999,17.658
2394,41.3225779999999,14.236
2395,41.3390029999999,16.425
2396,41.3552729999999,16.27
2397,41.3721879999999,16.915
2398,41.3887859999999,16.598
2399,41.4054569999999,16.671
2400,41.4218349999999,16.378
2401,41.4389849999999,17.15
2402,41.4555929999999,16.608
2403,41.4726279999999,17.035
2404,41.4895269999999,16.899
2405,41.5060579999999,16.531
2406,41.5220879999999,16.03
2407,41.5385979999999,16.51
2408,41.5563269999999,17.729
2409,41.5723349999999,16.008
2410,41.5892439999999,16.909
2411,41.6055909999999,16.347
2412,41.6222029999999,16.612
2413,41.6388189999999,16.616
2414,41.6558299999999,17.011
2415,41.6748049999999,18.975
2416,41.6891699999999,14.365
2417,41.7056839999999,16.514
2418,41.7220929999999,16.409
2419,41.7387689999999,16.676
2420,41.7552099999999,16.441
2421,41.7722849999999,17.075
2422,41.7892069999999,16.922
2423,41.8054219999999,16.215
2424,41.8221959999999,16.774
2425,41.8395769999999,17.381
2426,41.8564149999999,16.838
2427,41.8726109999999,16.196
2428,41.8893119999999,16.701
2429,41.9057159999999,16.404
2430,41.9219319999999,16.216
2431,41.9386629999999,16.731
2432,41.9555579999999,16.895
2433,41.9722709999999,16.713
2434,41.9890839999999,16.813
2435,42.0054509999999,16.367
2436,42.0221539999999,16.703
2437,42.0390379999999,16.884
2438,42.0555759999999,16.538
2439,42.0728449999999,17.269
2440,42.0890439999999,16.199
2441,42.1059439999999,16.9
2442,42.1223839999999,16.44
2443,42.1389309999999,16.547
2444,42.1557989999999,16.868
2445,42.1736629999999,17.864
2446,42.1906699999999,17.007
2447,42.2152949999999,24.625
2448,42.2284439999999,13.149
2449,42.2422169999999,13.773
2450,42.2652219999999,23.005
2451,42.3143569999999,49.135
2452,42.3579029999999,43.546
2453,42.4036079999999,45.705
2454,42.4531159999999,49.508
2455,42.5016289999999,48.513
2456,42.5129359999999,11.307
2457,42.5227369999999,9.801
2458,42.5298979999999,7.161
2459,42.5477479999999,17.85
2460,42.5614749999999,13.727
2461,42.5786209999999,17.146
2462,42.5967199999999,18.099
2463,42.6118979999999,15.178
2464,42.6305619999999,18.664
2465,42.6634409999999,32.879
2466,42.7222889999999,58.848
2467,42.7417689999999,19.48
2468,42.7551229999999,13.354
2469,42.7695799999999,14.457
2470,42.7794609999999,9.881
2471,42.8191849999999,39.724
2472,42.8295179999999,10.333
2473,42.8464949999999,16.977
2474,42.8587119999999,12.217
2475,42.8770139999999,18.302
2476,42.8997509999999,22.737
2477,42.9175929999999,17.842
2478,42.9317509999999,14.158
2479,42.9459519999999,14.201
2480,42.9572869999999,11.335
2481,42.9726939999999,15.407
2482,43.0062139999999,33.52
2483,43.0172709999999,11.057
2484,43.0272299999999,9.959
2485,43.0370969999999,9.867
2486,43.0514459999999,14.349
2487,43.0670589999999,15.613
2488,43.0846549999999,17.596
2489,43.1009339999999,16.279
2490,43.1181319999999,17.198
2491,43.1341989999999,16.067
2492,43.1507879999999,16.589
2493,43.1680909999999,17.303
2494,43.1846619999999,16.571
2495,43.2015289999999,16.867
2496,43.2175859999999,16.057
2497,43.2340269999999,16.441
2498,43.2509069999999,16.88
2499,43.2675589999999,16.652
2500,43.2850979999999,17.539
2501,43.3028049999999,17.707
2502,43.3177259999999,14.921
2503,43.3371039999999,19.378
2504,43.3504359999999,13.332
2505,43.3678669999999,17.431
2506,43.3850689999999,17.202
2507,43.4016779999999,16.609
2508,43.4172179999999,15.54
2509,43.4340789999999,16.861
2510,43.4515169999999,17.438
2511,43.4676189999999,16.102
2512,43.4838679999999,16.249
2513,43.5010419999999,17.174
2514,43.5178539999999,16.812
2515,43.5339269999999,16.073
2516,43.5528539999999,18.927
2517,43.5738979999999,21.044
2518,43.5914539999999,17.556
2519,43.6131929999999,21.739
2520,43.6288559999999,15.663
2521,43.6452709999999,16.415
2522,43.6613309999999,16.06
2523,43.6757889999999,14.458
2524,43.6915319999999,15.743
2525,43.7049469999999,13.415
2526,43.7184449999999,13.498
2527,43.7348319999999,16.387
2528,43.7510559999999,16.224
2529,43.7683689999999,17.313
2530,43.7840769999999,15.708
2531,43.8005759999999,16.499
2532,43.8171929999999,16.617
2533,43.8341869999999,16.994
2534,43.8509599999999,16.773
2535,43.8691059999999,18.146
2536,43.8843319999999,15.226
2537,43.9009349999999,16.603
2538,43.9179779999999,17.043
2539,43.9342829999999,16.305
2540,43.9503829999999,16.1
2541,43.9681219999999,17.739
2542,43.9847309999999,16.609
2543,44.0012569999999,16.526
2544,44.0171179999999,15.861
2545,44.0334609999999,16.343
2546,44.0507859999999,17.325
2547,44.0671099999999,16.324
2548,44.0845639999999,17.454
2549,44.1010379999999,16.474
2550,44.1175439999999,16.506
2551,44.1336229999999,16.079
2552,44.1517859999999,18.163
2553,44.1670529999999,15.267
2554,44.1838269999999,16.774
2555,44.2016899999999,17.863
2556,44.2178339999999,16.144
2557,44.2344549999999,16.621
2558,44.2508049999999,16.35
2559,44.2675719999999,16.767
2560,44.2842509999999,16.679
2561,44.3011029999999,16.852
2562,44.317045,15.942
2563,44.3342159999999,17.171
2564,44.3505269999999,16.311
2565,44.368816,18.289
2566,44.383758,14.942
2567,44.401293,17.535
2568,44.417578,16.285
2569,44.433614,16.036
2570,44.450872,17.258
2571,44.468257,17.385
2572,44.4864809999999,18.224
2573,44.5006769999999,14.196
2574,44.5170839999999,16.407
2575,44.5343759999999,17.292
2576,44.5507009999999,16.325
2577,44.5675069999999,16.806
2578,44.583747,16.24
2579,44.601533,17.786
2580,44.617413,15.88
2581,44.634521,17.108
2582,44.650198,15.677
2583,44.667419,17.221
2584,44.686616,19.197
2585,44.700448,13.832
2586,44.7168449999999,16.397
2587,44.733702,16.857
2588,44.7501689999999,16.467
2589,44.7674609999999,17.292
2590,44.7845769999999,17.116
2591,44.805326,20.749
2592,44.826218,20.892
2593,44.839509,13.291
2594,44.855958,16.449
2595,44.87545,19.492
2596,44.894827,19.377
2597,44.905738,10.911
2598,44.917883,12.145
2599,44.933668,15.785
2600,44.950214,16.546
2601,44.967321,17.107
2602,44.984918,17.597
2603,45.003838,18.92
2604,45.023583,19.745
2605,45.04519,21.607
2606,45.061731,16.541
2607,45.076675,14.944
2608,45.103577,26.902
2609,45.117067,13.49
2610,45.134204,17.137
2611,45.148586,14.382
2612,45.162441,13.855
2613,45.180151,17.71
2614,45.202121,21.97
2615,45.23444,32.319
2616,45.251092,16.652
2617,45.265769,14.677
2618,45.278985,13.216
2619,45.296801,17.816
2620,45.322026,25.225
2621,45.34311,21.084
2622,45.360752,17.642
2623,45.374555,13.803
2624,45.387334,12.779
2625,45.40159,14.256
2626,45.411763,10.173
2627,45.426803,15.04
2628,45.443296,16.493
2629,45.460164,16.868
2630,45.477978,17.814
2631,45.494483,16.505
2632,45.511685,17.202
2633,45.527293,15.608
2634,45.543166,15.873
2635,45.560889,17.723
2636,45.577085,16.196
2637,45.593725,16.64
2638,45.60995,16.225
2639,45.626979,17.029
2640,45.643935,16.956
2641,45.660738,16.803
2642,45.676827,16.089
2643,45.696541,19.714
2644,45.710041,13.5
2645,45.727001,16.96
2646,45.74504,18.039
2647,45.760182,15.142
2648,45.776963,16.781
2649,45.794002,17.039
2650,45.809932,15.93
2651,45.826529,16.597
2652,45.844558,18.029
2653,45.861856,17.298
2654,45.876942,15.086
2655,45.89434,17.398
2656,45.909945,15.605
2657,45.927073,17.128
2658,45.943295,16.222
2659,45.960435,17.14
2660,45.976644,16.209
2661,45.99566,19.016
2662,46.013211,17.551
2663,46.027146,13.935
2664,46.043673,16.527
2665,46.060797,17.124
2666,46.07815,17.353
2667,46.101873,23.723
2668,46.118822,16.949
2669,46.133976,15.154
2670,46.148037,14.061
2671,46.162587,14.55
2672,46.1827049999999,20.118
2673,46.1947779999999,12.073
2674,46.210281,15.503
2675,46.22754,17.259
2676,46.243612,16.072
2677,46.259898,16.286
2678,46.27664,16.742
2679,46.295579,18.939
2680,46.309908,14.329
2681,46.326675,16.767
2682,46.343194,16.519
2683,46.359912,16.718
2684,46.377729,17.817
2685,46.393836,16.107
2686,46.410967,17.131
2687,46.426812,15.845
2688,46.443588,16.776
2689,46.4602,16.612
2690,46.477204,17.004
2691,46.495387,18.183
2692,46.510774,15.387
2693,46.528018,17.244
2694,46.548363,20.345
2695,46.5649349999999,16.572
2696,46.581564,16.629
2697,46.5977129999999,16.149
2698,46.6160759999999,18.363
2699,46.6277839999999,11.708
2700,46.6458779999999,18.094
2701,46.6608999999999,15.022
2702,46.6769019999999,16.002
2703,46.6946499999999,17.748
2704,46.7109029999999,16.253
2705,46.7263829999999,15.48
2706,46.7432609999999,16.878
2707,46.7603949999999,17.134
2708,46.7773099999999,16.915
2709,46.7935759999999,16.266
2710,46.8102539999999,16.678
2711,46.8269649999999,16.711
2712,46.8433239999999,16.359
2713,46.8602699999999,16.946
2714,46.8767619999999,16.492
2715,46.8945569999999,17.795
2716,46.9099329999999,15.376
2717,46.9272379999999,17.305
2718,46.9434149999999,16.177
2719,46.9600219999999,16.607
2720,46.9768299999999,16.808
2721,46.9945839999999,17.754
2722,47.0102619999999,15.678
2723,47.0265319999999,16.27
2724,47.0440849999999,17.553
2725,47.0599679999999,15.883
2726,47.0765249999999,16.557
2727,47.0941739999999,17.649
2728,47.1102099999999,16.036
2729,47.1268959999999,16.686
2730,47.1432439999999,16.348
2731,47.1610069999999,17.763
2732,47.1770509999999,16.044
2733,47.1935749999999,16.524
2734,47.2131439999999,19.569
2735,47.2323799999999,19.236
2736,47.2494129999999,17.033
2737,47.2726509999999,23.238
2738,47.2885819999999,15.931
2739,47.3126889999999,24.107
2740,47.3223829999999,9.694
2741,47.3289179999999,6.535
2742,47.3482069999999,19.289
2743,47.3638439999999,15.637
2744,47.3787829999999,14.939
2745,47.3980389999999,19.256
2746,47.4123509999999,14.312
2747,47.4286059999999,16.255
2748,47.4461289999999,17.523
2749,47.4623349999999,16.206
2750,47.4784479999999,16.113
2751,47.4965099999999,18.062
2752,47.5236519999999,27.142
2753,47.5381899999999,14.538
2754,47.5604089999999,22.219
2755,47.5770119999999,16.603
2756,47.5930179999999,16.006
2757,47.6160329999999,23.015
2758,47.6368139999999,20.781
2759,47.6514219999999,14.608
2760,47.6666399999999,15.218
2761,47.6873409999999,20.701
2762,47.7004719999999,13.131
2763,47.7133289999999,12.857
2764,47.7286709999999,15.342
2765,47.7508909999999,22.22
2766,47.7794989999999,28.608
2767,47.7942179999999,14.719
2768,47.8031479999999,8.93
2769,47.8140749999999,10.927
2770,47.8361529999999,22.078
2771,47.8532279999999,17.075
2772,47.8649059999999,11.678
2773,47.8795069999999,14.601
2774,47.8976969999999,18.19
2775,47.9130039999999,15.307
2776,47.9283519999999,15.348
2777,47.9451389999999,16.787
2778,47.9617379999999,16.599
2779,47.9800239999999,18.286
2780,47.9984879999999,18.464
2781,48.0168409999999,18.353
2782,48.0313019999999,14.461
2783,48.0472419999999,15.94
2784,48.0648969999999,17.655
2785,48.0864289999999,21.532
2786,48.1221209999999,35.692
2787,48.1375049999999,15.384
2788,48.1485969999999,11.092
2789,48.1665789999999,17.982
2790,48.1986659999999,32.087
2791,48.2202409999999,21.575
2792,48.2389279999999,18.687
2793,48.2543919999999,15.464
2794,48.2647109999999,10.319
2795,48.2790979999999,14.387
2796,48.2907939999999,11.696
2797,48.3110989999999,20.305
2798,48.3239599999999,12.861
2799,48.3397149999999,15.755
2800,48.3543519999999,14.637
2801,48.3723959999999,18.044
2802,48.3898559999999,17.46
2803,48.4043819999999,14.526
2804,48.4220649999999,17.683
2805,48.4379559999999,15.891
2806,48.4549139999999,16.958
2807,48.4726849999999,17.771
2808,48.4884439999999,15.759
2809,48.5096059999999,21.162
2810,48.5274649999999,17.859
2811,48.5381949999999,10.73
2812,48.5551249999999,16.93
2813,48.5720829999999,16.958
2814,48.5880459999999,15.963
2815,48.6041189999999,16.073
2816,48.6207629999999,16.644
2817,48.6375629999999,16.8
2818,48.6545499999999,16.987
2819,48.6715569999999,17.007
2820,48.6885679999999,17.011
2821,48.7050469999999,16.479
2822,48.7224329999999,17.386
2823,48.7391729999999,16.74
2824,48.7538919999999,14.719
2825,48.7707099999999,16.818
2826,48.7883939999999,17.684
2827,48.8044249999999,16.031
2828,48.8212089999999,16.784
2829,48.8376639999999,16.455
2830,48.8562649999999,18.601
2831,48.8709269999999,14.662
2832,48.8876229999999,16.696
2833,48.9041819999999,16.559
2834,48.9211549999999,16.973
2835,48.9379519999999,16.797
2836,48.9543689999999,16.417
2837,48.9715489999999,17.18
2838,48.9881819999999,16.633
2839,49.0038899999999,15.708
2840,49.0205919999999,16.702
2841,49.0375869999999,16.995
2842,49.0540289999999,16.442
2843,49.0725029999999,18.474
2844,49.0877629999999,15.26
2845,49.1059499999999,18.187
2846,49.1219309999999,15.981
2847,49.1373639999999,15.433
2848,49.1539069999999,16.543
2849,49.1705769999999,16.67
2850,49.1877789999999,17.202
2851,49.2043899999999,16.611
2852,49.2224329999999,18.043
2853,49.2383249999999,15.892
2854,49.2544379999999,16.113
2855,49.2719009999999,17.463
2856,49.2875109999999,15.61
2857,49.3043239999999,16.813
2858,49.3208579999999,16.534
2859,49.3379439999999,17.086
2860,49.3548809999999,16.937
2861,49.3739809999999,19.1
2862,49.3893449999999,15.364
2863,49.4061559999999,16.811
2864,49.4210179999999,14.862
2865,49.4377039999999,16.686
2866,49.4545979999999,16.894
2867,49.4707609999999,16.163
2868,49.4877649999999,17.004
2869,49.5048709999999,17.106
2870,49.5212599999999,16.389
2871,49.5374719999999,16.212
2872,49.5554149999999,17.943
2873,49.5717619999999,16.347
2874,49.5899069999999,18.145
2875,49.6046169999999,14.71
2876,49.6209829999999,16.366
2877,49.6380909999999,17.108
2878,49.6541359999999,16.045
2879,49.6861709999999,32.035
2880,49.7004829999999,14.312
2881,49.7122249999999,11.742
2882,49.7285979999999,16.373
2883,49.7435479999999,14.95
2884,49.7555399999999,11.992
2885,49.7717599999999,16.22
2886,49.7874019999999,15.642
2887,49.8045869999999,17.185
2888,49.8210379999999,16.451
2889,49.8376129999999,16.575
2890,49.8549469999999,17.334
2891,49.8725299999999,17.583
2892,49.8913169999999,18.787
2893,49.9047899999999,13.473
2894,49.9215319999999,16.742
2895,49.9376489999999,16.117
2896,49.9541849999999,16.536
2897,49.9717529999999,17.568
2898,49.9886849999999,16.932
2899,50.0047949999999,16.11
2900,50.0211019999999,16.307
2901,50.0385759999999,17.474
2902,50.0545429999999,15.967
2903,50.0706169999999,16.074
2904,50.0878219999999,17.205
2905,50.1043799999999,16.558
2906,50.1216039999999,17.224
2907,50.1374059999999,15.802
2908,50.1555619999999,18.156
2909,50.1717929999999,16.231
2910,50.1878239999999,16.031
2911,50.2042269999999,16.403
2912,50.2209889999999,16.762
2913,50.2377619999999,16.773
2914,50.2543459999999,16.584
2915,50.2725509999999,18.205
2916,50.2883209999999,15.77
2917,50.3050409999999,16.72
2918,50.3217959999999,16.755
2919,50.3380369999999,16.241
2920,50.3542109999999,16.174
2921,50.3711819999999,16.971
2922,50.3896489999999,18.467
2923,50.4053049999999,15.656
2924,50.4224459999999,17.141
2925,50.4379709999999,15.525
2926,50.4546509999999,16.68
2927,50.4708059999999,16.155
2928,50.4879209999999,17.115
2929,50.5046379999999,16.717
2930,50.5210429999999,16.405
2931,50.5384999999999,17.457
2932,50.5551689999999,16.669
2933,50.5721859999999,17.017
2934,50.5880999999999,15.914
2935,50.6042979999999,16.198
2936,50.6213449999999,17.047
2937,50.6378479999999,16.503
2938,50.6546839999999,16.836
2939,50.6717579999999,17.074
2940,50.6891249999999,17.367
2941,50.7046489999999,15.524
2942,50.7212309999999,16.582
2943,50.7379159999999,16.685
2944,50.7544229999999,16.507
2945,50.7715369999999,17.114
2946,50.7888489999999,17.312
2947,50.8057769999999,16.928
2948,50.8211109999999,15.334
2949,50.8383139999999,17.203
2950,50.8568489999999,18.535
2951,50.8753179999999,18.469
2952,50.8968549999999,21.537
2953,50.9093429999999,12.488
2954,50.9224919999999,13.149
2955,50.9392509999999,16.759
2956,50.9554979999999,16.247
2957,50.9710079999999,15.51
2958,50.9875949999999,16.587
2959,51.0043499999999,16.755
2960,51.0208959999999,16.546
2961,51.0376089999999,16.713
2962,51.0551659999999,17.557
2963,51.0719319999999,16.766
2964,51.0896519999999,17.72
2965,51.1046519999999,15.0
2966,51.1220529999999,17.401
2967,51.1375119999999,15.459
2968,51.1599979999999,22.486
2969,51.1715049999999,11.507
2970,51.1876579999999,16.153
2971,51.2048039999999,17.146
2972,51.2219529999999,17.149
2973,51.2377839999999,15.831
2974,51.2549369999999,17.153
2975,51.2713209999999,16.384
2976,51.2875539999999,16.233
2977,51.3047719999999,17.218
2978,51.3211529999999,16.381
2979,51.3385509999999,17.398
2980,51.3541429999999,15.592
2981,51.3712189999999,17.076
2982,51.3949299999999,23.711
2983,51.4079469999999,13.017
2984,51.4248089999999,16.862
2985,51.4387409999999,13.932
2986,51.4550799999999,16.339
2987,51.4717929999999,16.713
2988,51.4880269999999,16.234
2989,51.5045389999999,16.512
2990,51.5213039999999,16.765
2991,51.5384949999999,17.191
2992,51.5564379999999,17.943
2993,51.5711499999999,14.712
2994,51.5876839999999,16.534
2995,51.6052249999999,17.541
2996,51.6218799999999,16.655
2997,51.6382839999999,16.404
2998,51.6544969999999,16.213
2999,51.6707849999999,16.288
3000,51.6883359999999,17.551
3001,51.7066449999999,18.309
3002,51.7277049999999,21.06
3003,51.7391659999999,11.461
3004,51.7549249999999,15.759
3005,51.7717089999999,16.784
3006,51.7877659999999,16.057
3007,51.8041479999999,16.382
3008,51.8252259999999,21.078
3009,51.8602229999999,34.997
3010,51.8895239999999,29.301
3011,51.9030939999999,13.57
3012,51.9236919999999,20.598
3013,51.9565619999999,32.87
3014,51.9745729999999,18.011
3015,51.9835249999999,8.952
3016,51.9949589999999,11.434
3017,52.0154849999999,20.526
3018,52.0403159999999,24.831
3019,52.0597409999999,19.425
3020,52.0813929999999,21.652
3021,52.1218029999999,40.41
3022,52.1388639999999,17.061
3023,52.1658559999999,26.992
3024,52.1875239999999,21.668
3025,52.2096539999999,22.13
3026,52.2230809999999,13.427
3027,52.2330809999999,10.0
3028,52.2473759999999,14.295
3029,52.2574709999999,10.095
3030,52.2745319999999,17.061
3031,52.2920849999999,17.553
3032,52.3087379999999,16.653
3033,52.3249289999999,16.191
3034,52.3415779999999,16.649
3035,52.3578029999999,16.225
3036,52.3740569999999,16.254
3037,52.3925339999999,18.477
3038,52.4074929999999,14.959
3039,52.4246219999999,17.129
3040,52.4413699999999,16.748
3041,52.4578789999999,16.509
3042,52.4744819999999,16.603
3043,52.4910789999999,16.597
3044,52.5082249999999,17.146
3045,52.5244849999999,16.26
3046,52.5408339999999,16.349
3047,52.5578789999999,17.045
3048,52.5741889999999,16.31
3049,52.5915409999999,17.352
3050,52.6078949999999,16.354
3051,52.6246499999999,16.755
3052,52.6408009999999,16.151
3053,52.6573519999999,16.551
3054,52.6743339999999,16.982
3055,52.6910349999999,16.701
3056,52.7079809999999,16.946
3057,52.7248189999999,16.838
3058,52.7449709999999,20.152
3059,52.7593959999999,14.425
3060,52.7791819999999,19.786
3061,52.8068929999999,27.711
3062,52.8310939999999,24.201
3063,52.8555239999999,24.43
3064,52.8707129999999,15.189
3065,52.8865099999999,15.797
3066,52.9023489999999,15.839
3067,52.9199179999999,17.569
3068,52.9304749999999,10.557
3069,52.9412589999999,10.784
3070,52.9640739999999,22.815
3071,52.9786649999999,14.591
3072,52.9893999999999,10.735
3073,53.0052129999999,15.813
3074,53.0238709999999,18.658
3075,53.0432359999999,19.365
3076,53.0684699999999,25.234
3077,53.0783619999999,9.892
3078,53.0920929999999,13.731
3079,53.1057019999999,13.609
3080,53.1208779999999,15.176
3081,53.1374439999999,16.566
3082,53.1539309999999,16.487
3083,53.1710199999999,17.089
3084,53.1886389999999,17.619
3085,53.2042629999999,15.624
3086,53.2220219999999,17.759
3087,53.2375739999999,15.552
3088,53.2541749999999,16.601
3089,53.2718339999999,17.659
3090,53.2886059999999,16.772
3091,53.3040849999999,15.479
3092,53.3210139999999,16.929
3093,53.3390209999999,18.007
3094,53.3555829999999,16.562
3095,53.3724509999999,16.868
3096,53.3985609999999,26.11
3097,53.4205409999999,21.98
3098,53.4432439999999,22.703
3099,53.4587389999999,15.495
3100,53.4707379999999,11.999
3101,53.4836599999999,12.922
3102,53.4936539999999,9.994
3103,53.5095889999999,15.935
3104,53.5255159999999,15.927
3105,53.5423669999999,16.851
3106,53.5663129999999,23.946
3107,53.5818389999999,15.526
3108,53.6004249999999,18.586
3109,53.6188459999999,18.421
3110,53.6385489999999,19.703
3111,53.6551769999999,16.628
3112,53.6740619999999,18.885
3113,53.6879879999999,13.926
3114,53.7020709999999,14.083
3115,53.7136009999999,11.53
3116,53.7261269999999,12.526
3117,53.7453839999999,19.257
3118,53.7823729999999,36.989
3119,53.8053779999999,23.005
3120,53.8335499999999,28.172
3121,53.8516509999999,18.101
3122,53.8631399999999,11.489
3123,53.8763649999999,13.225
3124,53.8880999999999,11.735
3125,53.9029369999999,14.837
3126,53.9169749999999,14.038
3127,53.9318069999999,14.832
3128,53.9484119999999,16.605
3129,53.9662799999999,17.868
3130,53.9824939999999,16.214
3131,53.9993579999999,16.864
3132,54.0191489999999,19.791
3133,54.0323889999999,13.24
3134,54.0487649999999,16.376
3135,54.0652499999999,16.485
3136,54.0822119999999,16.962
3137,54.0988599999999,16.648
3138,54.1152429999999,16.383
3139,54.1322429999999,17.0
3140,54.1486139999999,16.371
3141,54.1657249999999,17.111
3142,54.1825229999999,16.798
3143,54.1985319999999,16.009
3144,54.2152739999999,16.742
3145,54.2318049999999,16.531
3146,54.2485049999999,16.7
3147,54.2656249999999,17.12
3148,54.2827239999999,17.099
3149,54.2991869999999,16.463
3150,54.3154389999999,16.252
3151,54.3317829999999,16.344
3152,54.3488209999999,17.038
3153,54.3652089999999,16.388
3154,54.3823369999999,17.128
3155,54.3993589999999,17.022
3156,54.4156489999999,16.29
3157,54.4320499999999,16.401
3158,54.4492399999999,17.19
3159,54.4658549999999,16.615
3160,54.4826319999999,16.777
3161,54.4990059999999,16.374
3162,54.5152319999999,16.226
3163,54.5325909999999,17.359
3164,54.5500249999999,17.434
3165,54.5662099999999,16.185
3166,54.5867419999999,20.532
3167,54.6031849999999,16.443
3168,54.6228679999999,19.683
3169,54.6363519999999,13.484
3170,54.6494119999999,13.06
3171,54.6658689999999,16.457
3172,54.6822029999999,16.334
3173,54.6994649999999,17.262
3174,54.7151739999999,15.709
3175,54.7319589999999,16.785
3176,54.7485859999999,16.627
3177,54.7651239999999,16.538
3178,54.7830779999999,17.954
3179,54.7991119999999,16.034
3180,54.8154139999999,16.302
3181,54.8321119999999,16.698
3182,54.8485599999999,16.448
3183,54.8652979999999,16.738
3184,54.8830289999999,17.731
3185,54.8992419999999,16.213
3186,54.9160979999999,16.856
3187,54.9322419999999,16.144
3188,54.9488319999999,16.59
3189,54.9654409999999,16.609
3190,54.9832019999999,17.761
3191,54.9989529999999,15.751
3192,55.0151869999999,16.234
3193,55.0318369999999,16.65
3194,55.0484949999999,16.658
3195,55.0657419999999,17.247
3196,55.0824639999999,16.722
3197,55.0990699999999,16.606
3198,55.1155189999999,16.449
3199,55.1320059999999,16.487
3200,55.1483019999999,16.296
3201,55.1650879999999,16.786
3202,55.1829049999999,17.817
3203,55.2005619999999,17.657
3204,55.2155279999999,14.966
3205,55.2320519999999,16.524
3206,55.2487349999999,16.683
3207,55.2655169999999,16.782
3208,55.2824849999999,16.968
3209,55.2995469999999,17.062
3210,55.3153549999999,15.808
3211,55.3317719999999,16.417
3212,55.3486629999999,16.891
3213,55.3655159999999,16.853
3214,55.3844909999999,18.975
3215,55.3982969999999,13.806
3216,55.4154719999999,17.175
3217,55.4321989999999,16.727
3218,55.4510569999999,18.858
3219,55.4732239999999,22.167
3220,55.4910389999999,17.815
3221,55.5036189999999,12.58
3222,55.5156339999999,12.015
3223,55.5320909999999,16.457
3224,55.5485889999999,16.498
3225,55.5652079999999,16.619
3226,55.5866639999999,21.456
3227,55.6011159999999,14.452
3228,55.6168829999999,15.767
3229,55.6355889999999,18.706
3230,55.6529199999999,17.331
3231,55.6706189999999,17.699
3232,55.6912459999999,20.627
3233,55.7057949999999,14.549
3234,55.7182799999999,12.485
3235,55.7344609999999,16.181
3236,55.7507219999999,16.261
3237,55.7652919999999,14.57
3238,55.7831989999999,17.907
3239,55.8058469999999,22.648
3240,55.8251989999999,19.352
3241,55.8418339999999,16.635
3242,55.8607789999999,18.945
3243,55.8811649999999,20.386
3244,55.8995009999999,18.336
3245,55.9137229999999,14.222
3246,55.9247249999999,11.002
3247,55.9418069999999,17.082
3248,55.9552619999999,13.455
3249,55.9666179999999,11.356
3250,55.9830119999999,16.394
3251,55.9994439999999,16.432
3252,56.0160399999999,16.596
3253,56.0324639999999,16.424
3254,56.0504089999999,17.945
3255,56.0654279999999,15.019
3256,56.0832599999999,17.832
3257,56.1009609999999,17.701
3258,56.1163199999999,15.359
3259,56.1335359999999,17.216
3260,56.1492739999999,15.738
3261,56.1661719999999,16.898
3262,56.1841749999999,18.003
3263,56.2007049999999,16.53
3264,56.2163559999999,15.651
3265,56.2334349999999,17.079
3266,56.2485469999999,15.112
3267,56.2666999999999,18.153
3268,56.2820859999999,15.386
3269,56.2993159999999,17.23
3270,56.3161519999999,16.836
3271,56.3322259999999,16.074
3272,56.3500009999999,17.775
3273,56.3658349999999,15.834
3274,56.3820249999999,16.19
3275,56.3992259999999,17.201
3276,56.4161409999999,16.915
3277,56.4329409999999,16.8
3278,56.4489469999999,16.006
3279,56.4658189999999,16.872
3280,56.4830089999999,17.19
3281,56.4997939999999,16.785
3282,56.5158189999999,16.025
3283,56.5323949999999,16.576
3284,56.5492339999999,16.839
3285,56.5654539999999,16.22
3286,56.5826019999999,17.148
3287,56.5991979999999,16.596
3288,56.6154119999998,16.214
3289,56.6319809999998,16.569
3290,56.6493989999998,17.418
3291,56.6652129999998,15.814
3292,56.6823379999998,17.125
3293,56.6992399999998,16.902
3294,56.7156579999998,16.418
3295,56.7318219999999,16.164
3296,56.7513039999998,19.482
3297,56.7693489999998,18.045
3298,56.7831479999998,13.799
3299,56.8006379999999,17.49
3300,56.8165739999999,15.936
3301,56.8323649999999,15.791
3302,56.8490079999999,16.643
3303,56.8656789999999,16.671
3304,56.8823449999999,16.666
3305,56.8990889999999,16.744
3306,56.9158229999999,16.734
3307,56.9328719999999,17.049
3308,56.9486119999999,15.74
3309,56.9657979999999,17.186
3310,56.9820379999999,16.24
3311,56.9991989999999,17.161
3312,57.0173299999999,18.131
3313,57.0328149999999,15.485
3314,57.0496519999999,16.837
3315,57.0657659999999,16.114
3316,57.0841959999999,18.43
3317,57.1047939999999,20.598
3318,57.1166609999999,11.867
3319,57.1334629999999,16.802
3320,57.1485719999999,15.109
3321,57.1652309999999,16.659
3322,57.1822759999999,17.045
3323,57.1991419999999,16.866
3324,57.2164929999999,17.351
3325,57.2335049999999,17.012
3326,57.2490259999999,15.521
3327,57.2653959999999,16.37
3328,57.2831319999999,17.736
3329,57.2995379999999,16.406
3330,57.3155579999999,16.02
3331,57.3321249999999,16.567
3332,57.3488129999999,16.688
3333,57.3653639999999,16.551
3334,57.3823739999999,17.01
3335,57.3994029999999,17.029
3336,57.4154439999999,16.041
3337,57.4322649999999,16.821
3338,57.4490079999999,16.743
3339,57.4683609999999,19.353
3340,57.4911419999999,22.781
3341,57.5099869999999,18.845
3342,57.5260029999999,16.016
3343,57.5430099999999,17.007
3344,57.5614019999999,18.392
3345,57.5891489999999,27.747
3346,57.6229169999999,33.768
3347,57.6460849999999,23.168
3348,57.6810379999999,34.953
3349,57.7055709999999,24.533
3350,57.7169129999999,11.342
3351,57.7281679999999,11.255
3352,57.7493979999999,21.23
3353,57.7690429999999,19.645
3354,57.7837159999999,14.673
3355,57.7970019999999,13.286
3356,57.8223269999999,25.325
3357,57.8330909999999,10.764
3358,57.8444849999999,11.394
3359,57.8575289999999,13.044
3360,57.8703899999999,12.861
3361,57.8891879999999,18.798
3362,57.9050919999999,15.904
3363,57.9303689999999,25.277
3364,57.9413639999999,10.995
3365,57.9539919999999,12.628
3366,57.9695529999999,15.561
3367,57.9849139999999,15.361
3368,58.0032519999999,18.338
3369,58.0204929999999,17.241
3370,58.0366989999999,16.206
3371,58.0531059999999,16.407
3372,58.0737089999999,20.603
3373,58.0920019999999,18.293
3374,58.1164459999999,24.444
3375,58.1384079999999,21.962
3376,58.1518979999999,13.49
3377,58.1633589999999,11.461
3378,58.1753079999999,11.949
3379,58.1945509999999,19.243
3380,58.2161669999999,21.616
3381,58.2359859999999,19.819
3382,58.2588439999999,22.858
3383,58.2966319999999,37.788
3384,58.3331639999999,36.532
3385,58.3573409999999,24.177
3386,58.3672549999999,9.914
3387,58.3787959999999,11.541
3388,58.3939899999999,15.194
3389,58.4103199999999,16.33
3390,58.4233659999999,13.046
3391,58.4398629999999,16.497
3392,58.4563839999999,16.521
3393,58.4746759999999,18.292
3394,58.4898189999999,15.143
3395,58.5066619999999,16.843
3396,58.5238149999999,17.153
3397,58.5410479999999,17.233
3398,58.5567149999999,15.667
3399,58.5731829999999,16.468
3400,58.5905519999999,17.369
3401,58.6063719999999,15.82
3402,58.6228199999999,16.448
3403,58.6396169999999,16.797
3404,58.6570919999999,17.475
3405,58.6732039999999,16.112
3406,58.6907549999999,17.551
3407,58.7066739999999,15.919
3408,58.7248589999999,18.185
3409,58.7408399999999,15.981
3410,58.7573039999999,16.464
3411,58.7752609999999,17.957
3412,58.7900059999999,14.745
3413,58.8065689999999,16.563
3414,58.8227839999999,16.215
3415,58.8393299999999,16.546
3416,58.8566659999999,17.336
3417,58.8730079999999,16.342
3418,58.8897689999999,16.761
3419,58.9068829999999,17.114
3420,58.9233779999999,16.495
3421,58.9403329999999,16.955
3422,58.9563239999999,15.991
3423,58.9738309999999,17.507
3424,58.9910629999999,17.232
3425,59.0062069999999,15.144
3426,59.0238939999999,17.687
3427,59.0403239999999,16.43
3428,59.0564179999999,16.094
3429,59.0746489999999,18.231
3430,59.0895689999999,14.92
3431,59.1071849999999,17.616
3432,59.1237479999999,16.563
3433,59.1447879999999,21.04
3434,59.1621589999999,17.371
3435,59.1951869999999,33.028
3436,59.2236309999999,28.444
3437,59.2430119999999,19.381
3438,59.2579559999999,14.944
3439,59.2746359999999,16.68
3440,59.2910159999999,16.38
3441,59.3075509999999,16.535
3442,59.3239289999999,16.378
3443,59.3345759999999,10.647
3444,59.3450209999999,10.445
3445,59.3599159999999,14.895
3446,59.3777929999999,17.877
3447,59.3941459999999,16.353
3448,59.4168689999999,22.723
3449,59.4325669999999,15.698
3450,59.4531169999999,20.55
3451,59.5219799999999,68.863
3452,59.5637779999999,41.798
3453,59.5873109999999,23.533
3454,59.6057969999999,18.486
3455,59.6232949999999,17.498
3456,59.6388389999999,15.544
3457,59.6512999999999,12.461
3458,59.6620019999999,10.702
3459,59.6776069999999,15.605
3460,59.6906199999999,13.013
3461,59.7071389999999,16.519
3462,59.7239859999999,16.847
3463,59.7449539999999,20.968
3464,59.7571909999999,12.237
3465,59.7746329999999,17.442
3466,59.7909359999999,16.303
3467,59.8101229999999,19.187
3468,59.8241049999999,13.982
3469,59.8403059999999,16.201
3470,59.8553199999999,15.014
3471,59.8738049999999,18.485
3472,59.8914349999999,17.63
3473,59.9087869999999,17.352
3474,59.9238069999999,15.02
3475,59.9412189999999,17.412
3476,59.9579369999999,16.718
3477,59.9737319999999,15.795
3478,59.9908669999999,17.135
3479,60.0077219999999,16.855
3480,60.0231839999999,15.462
3481,60.0397319999999,16.548
3482,60.0566469999999,16.915
3483,60.0736399999999,16.993
3484,60.0905369999999,16.897
3485,60.1074349999999,16.898
3486,60.1237039999999,16.269
3487,60.1397829999999,16.079
3488,60.1571929999999,17.41
3489,60.1736929999999,16.5
3490,60.1914809999999,17.788
3491,60.2074609999999,15.98
3492,60.2276109999999,20.15
3493,60.2410209999999,13.41
3494,60.2577069999999,16.686
3495,60.2741429999999,16.436
3496,60.2898629999999,15.72
3497,60.3078199999999,17.957
3498,60.3249519999999,17.132
3499,60.3408759999999,15.924
3500,60.3602619999999,19.386
3501,60.3918269999999,31.565
3502,60.4134619999999,21.635
3503,60.4376229999999,24.161
3504,60.4561629999999,18.54
3505,60.4749689999999,18.806
3506,60.5018289999999,26.86
3507,60.5157849999999,13.956
3508,60.5301389999999,14.354
3509,60.5436059999999,13.467
3510,60.5666129999999,23.007
3511,60.6047739999999,38.161
3512,60.6265789999999,21.805
3513,60.6453279999999,18.749
3514,60.6577669999999,12.439
3515,60.6769279999999,19.161
3516,60.7103259999999,33.398
3517,60.7258419999999,15.516
3518,60.7388909999999,13.049
3519,60.7532769999999,14.386
3520,60.7765789999999,23.302
3521,60.7965399999999,19.961
3522,60.8100699999999,13.53
3523,60.8237169999999,13.647
3524,60.8353259999999,11.609
3525,60.8445169999999,9.191
3526,60.8624909999999,17.974
3527,60.8801609999999,17.67
3528,60.8968959999999,16.735
3529,60.9128149999999,15.919
3530,60.9291539999999,16.339
3531,60.9457779999999,16.624
3532,60.9625849999999,16.807
3533,60.9795779999999,16.993
3534,60.9973929999999,17.815
3535,61.0130989999999,15.706
3536,61.0292919999999,16.193
3537,61.0458689999999,16.577
3538,61.0627479999999,16.879
3539,61.0797209999999,16.973
3540,61.0962509999999,16.53
3541,61.1129559999999,16.705
3542,61.1291879999999,16.232
3543,61.1461119999999,16.924
3544,61.1639379999999,17.826
3545,61.1792759999999,15.338
3546,61.1962069999999,16.931
3547,61.2130969999999,16.89
3548,61.2290819999999,15.985
3549,61.2457949999999,16.713
3550,61.2632589999999,17.464
3551,61.2809109999999,17.652
3552,61.2963909999999,15.48
3553,61.3140319999999,17.641
3554,61.3291849999999,15.153
3555,61.3460279999999,16.843
3556,61.3645889999999,18.561
3557,61.3794909999999,14.902
3558,61.3963909999999,16.9
3559,61.4130719999999,16.681
3560,61.4295709999999,16.499
3561,61.4460789999999,16.508
3562,61.4626879999999,16.609
3563,61.4805519999999,17.864
3564,61.4977889999999,17.237
3565,61.5123949999999,14.606
3566,61.5293029999999,16.908
3567,61.5464719999999,17.169
3568,61.5636209999999,17.149
3569,61.5798179999999,16.197
3570,61.5984459999999,18.628
3571,61.6153849999999,16.939
3572,61.6298669999999,14.482
3573,61.6466639999999,16.797
3574,61.6637219999999,17.058
3575,61.6796709999999,15.949
3576,61.6964099999999,16.739
3577,61.7125389999999,16.129
3578,61.7291259999999,16.587
3579,61.7457559999999,16.63
3580,61.7633189999999,17.563
3581,61.7796979999999,16.379
3582,61.7971179999999,17.42
3583,61.8131399999999,16.022
3584,61.8293999999999,16.26
3585,61.8461899999999,16.79
3586,61.8626259999999,16.436
3587,61.8796469999999,17.021
3588,61.8959589999999,16.312
3589,61.9131969999999,17.238
3590,61.9296849999999,16.488
3591,61.9477079999999,18.023
3592,61.9643259999999,16.618
3593,61.9821629999999,17.837
3594,61.9967819999999,14.619
3595,62.0163529999999,19.571
3596,62.0325589999999,16.206
3597,62.0461929999999,13.634
3598,62.0635909999999,17.398
3599,62.0805679999999,16.977
3600,62.0965319999999,15.964
3601,62.1127679999999,16.236
3602,62.1292949999999,16.527
3603,62.1457979999999,16.503
3604,62.1625919999999,16.794
3605,62.1804639999999,17.872
3606,62.1967779999999,16.314
3607,62.2128719999999,16.094
3608,62.2294059999999,16.534
3609,62.2458119999999,16.406
3610,62.2624769999999,16.665
3611,62.2799499999999,17.473
3612,62.2979969999999,18.047
3613,62.3129929999999,14.996
3614,62.3291949999999,16.202
3615,62.3459349999999,16.74
3616,62.3637679999999,17.833
3617,62.3793049999999,15.537
3618,62.3961079999999,16.803
3619,62.4123929999999,16.285
3620,62.4295899999999,17.197
3621,62.4458189999999,16.229
3622,62.4625589999999,16.74
3623,62.4799269999999,17.368
3624,62.4964759999999,16.549
3625,62.5127069999999,16.231
3626,62.5291209999999,16.414
3627,62.5476219999999,18.501
3628,62.5629659999999,15.344
3629,62.5794499999999,16.484
3630,62.5978839999999,18.434
3631,62.6131389999999,15.255
3632,62.6302099999999,17.071
3633,62.6458099999999,15.6
3634,62.6630989999999,17.289
3635,62.6791259999999,16.027
3636,62.6962739999999,17.148
3637,62.7124529999999,16.179
3638,62.7291319999999,16.679
3639,62.7459219999999,16.79
3640,62.7661869999999,20.265
3641,62.7799779999999,13.791
3642,62.7965289999999,16.551
3643,62.8129229999999,16.394
3644,62.8300799999999,17.157
3645,62.8457099999999,15.63
3646,62.8623999999999,16.69
3647,62.8802929999999,17.893
3648,62.8970629999999,16.77
3649,62.9126899999999,15.627
3650,62.9290199999999,16.33
3651,62.9456549999999,16.635
3652,62.9623039999999,16.649
3653,62.9795799999999,17.276
3654,62.9967269999999,17.147
3655,63.0131529999999,16.426
3656,63.0292929999999,16.14
3657,63.0457859999999,16.493
3658,63.0625809999999,16.795
3659,63.0817579999999,19.177
3660,63.0987499999999,16.992
3661,63.1270769999999,28.327
3662,63.1454199999999,18.343
3663,63.1661549999999,20.735
3664,63.2237199999999,57.565
3665,63.2462069999999,22.487
3666,63.2587369999999,12.53
3667,63.2693129999999,10.576
3668,63.2778849999999,8.572
3669,63.2925789999999,14.694
3670,63.3068129999999,14.234
3671,63.3234529999999,16.64
3672,63.3416719999999,18.219
3673,63.3568459999999,15.174
3674,63.3741369999999,17.291
3675,63.3967369999999,22.6
3676,63.4159059999999,19.169
3677,63.4317729999999,15.867
3678,63.4518089999999,20.036
3679,63.4669359999999,15.127
3680,63.4801939999999,13.258
3681,63.4963549999999,16.161
3682,63.5158229999999,19.468
3683,63.5298189999999,13.996
3684,63.5407039999999,10.885
3685,63.5601459999999,19.442
3686,63.5717089999999,11.563
3687,63.6220669999999,50.358
3688,63.6549359999999,32.869
3689,63.6685209999999,13.585
3690,63.6831459999999,14.625
3691,63.6976109999999,14.465
3692,63.7085779999999,10.967
3693,63.7231149999999,14.537
3694,63.7378519999999,14.737
3695,63.7544469999999,16.595
3696,63.7681879999999,13.741
3697,63.7846109999999,16.423
3698,63.8018219999999,17.211
3699,63.8179519999999,16.13
3700,63.8340069999999,16.055
3701,63.8505669999999,16.56
3702,63.8675829999999,17.016
3703,63.8836999999999,16.117
3704,63.9010369999999,17.337
3705,63.9170919999999,16.055
3706,63.9337609999999,16.669
3707,63.9513049999999,17.544
3708,63.9675239999999,16.219
3709,63.9845369999999,17.013
3710,64.0009309999999,16.394
3711,64.0173589999999,16.428
3712,64.0341099999999,16.751
3713,64.0505949999999,16.485
3714,64.0677179999999,17.123
3715,64.0845069999999,16.789
3716,64.1007909999999,16.284
3717,64.1176369999999,16.846
3718,64.1338069999999,16.17
3719,64.150899,17.092
3720,64.1673259999999,16.427
3721,64.1836979999999,16.372
3722,64.20039,16.692
3723,64.217592,17.202
3724,64.23447,16.878
3725,64.250812,16.342
3726,64.267254,16.442
3727,64.284329,17.075
3728,64.300264,15.935
3729,64.317688,17.424
3730,64.333828,16.14
3731,64.3506039999999,16.776
3732,64.3671039999999,16.5
3733,64.3861199999999,19.016
3734,64.4018919999999,15.772
3735,64.4177159999999,15.824
3736,64.4346879999999,16.972
3737,64.4667439999999,32.056
3738,64.4822989999999,15.555
3739,64.4924359999999,10.137
3740,64.5013259999999,8.89
3741,64.5172599999999,15.934
3742,64.5342979999999,17.038
3743,64.5507429999999,16.445
3744,64.5675199999999,16.777
3745,64.5838289999999,16.309
3746,64.6006179999999,16.789
3747,64.6171889999999,16.571
3748,64.6352609999999,18.072
3749,64.6519599999999,16.699
3750,64.6690199999999,17.06
3751,64.683798,14.778
3752,64.700609,16.811
3753,64.717528,16.919
3754,64.733626,16.098
3755,64.751614,17.988
3756,64.771298,19.684
3757,64.787447,16.149
3758,64.811456,24.009
3759,64.835731,24.275
3760,64.850551,14.82
3761,64.863687,13.136
3762,64.871551,7.864
3763,64.887211,15.66
3764,64.902822,15.611
3765,64.919276,16.454
3766,64.935464,16.188
3767,64.953544,18.08
3768,64.972436,18.892
3769,64.993549,21.113
3770,65.010893,17.344
3771,65.023163,12.27
3772,65.04108,17.917
3773,65.0525479999999,11.468
3774,65.0688449999999,16.297
3775,65.0857249999999,16.88
3776,65.1036109999999,17.886
3777,65.1198879999999,16.277
3778,65.135635,15.747
3779,65.1527309999999,17.096
3780,65.1695109999999,16.78
3781,65.1854839999999,15.973
3782,65.2024159999999,16.932
3783,65.2192429999999,16.827
3784,65.235423,16.18
3785,65.2530369999999,17.614
3786,65.2762439999999,23.207
3787,65.2905319999999,14.288
3788,65.3035229999999,12.991
3789,65.3188919999999,15.369
3790,65.3354,16.508
3791,65.3524739999999,17.074
3792,65.3686569999999,16.183
3793,65.3867039999999,18.047
3794,65.4042239999999,17.52
3795,65.4187589999999,14.535
3796,65.4353539999999,16.595
3797,65.4518879999999,16.534
3798,65.4687999999999,16.912
3799,65.4851369999999,16.337
3800,65.5035389999999,18.402
3801,65.5189209999999,15.382
3802,65.5354109999999,16.49
3803,65.5531549999999,17.744
3804,65.5701149999999,16.96
3805,65.5875619999999,17.447
3806,65.6053259999999,17.764
3807,65.6191649999999,13.839
3808,65.6415979999999,22.433
3809,65.6861539999999,44.556
3810,65.7030449999999,16.891
3811,65.7229659999999,19.921
3812,65.7351799999999,12.214
3813,65.7450639999999,9.884
3814,65.7599999999999,14.936
3815,65.7725809999999,12.581
3816,65.7897279999999,17.147
3817,65.8059539999999,16.226
3818,65.8232459999999,17.292
3819,65.8390629999999,15.817
3820,65.8556759999999,16.613
3821,65.8732039999999,17.528
3822,65.8904329999999,17.229
3823,65.9064039999999,15.971
3824,65.9226079999999,16.204
3825,65.9391749999999,16.567
3826,65.9558249999999,16.65
3827,65.9744869999999,18.662
3828,65.9904639999999,15.977
3829,66.0056149999999,15.151
3830,66.0225829999999,16.968
3831,66.0389069999999,16.324
3832,66.0556199999999,16.713
3833,66.0728999999999,17.28
3834,66.0891419999999,16.242
3835,66.1056959999999,16.554
3836,66.1225919999999,16.896
3837,66.1391659999999,16.574
3838,66.1558279999999,16.662
3839,66.1735009999999,17.673
3840,66.1887539999999,15.253
3841,66.2058469999999,17.093
3842,66.22264,16.793
3843,66.239318,16.678
3844,66.255959,16.641
3845,66.273046,17.087
3846,66.291375,18.329
3847,66.306096,14.721
3848,66.322373,16.277
3849,66.339217,16.844
3850,66.356383,17.166
3851,66.372253,15.87
3852,66.38933,17.077
3853,66.405917,16.587
3854,66.422214,16.297
3855,66.438734,16.52
3856,66.456091,17.357
3857,66.4732,17.109
3858,66.489598,16.398
3859,66.506011,16.413
3860,66.523107,17.096
3861,66.538694,15.587
3862,66.557044,18.35
3863,66.572783,15.739
3864,66.589081,16.298
3865,66.606259,17.178
3866,66.622631,16.372
3867,66.639156,16.525
3868,66.655565,16.409
3869,66.675853,20.288
3870,66.697098,21.245
3871,66.710979,13.881
3872,66.723644,12.665
3873,66.7386619999999,15.018
3874,66.7557689999999,17.107
3875,66.7736679999999,17.899
3876,66.7892999999999,15.632
3877,66.8063819999999,17.082
3878,66.8266419999999,20.26
3879,66.8403789999999,13.737
3880,66.8565789999999,16.2
3881,66.8849629999999,28.384
3882,66.8964199999999,11.457
3883,66.9120689999999,15.649
3884,66.9257559999999,13.687
3885,66.9397449999999,13.989
3886,66.9556859999999,15.941
3887,66.9718799999999,16.194
3888,66.9896729999999,17.793
3889,67.0064289999999,16.756
3890,67.0228939999999,16.465
3891,67.0393519999999,16.458
3892,67.0559069999999,16.555
3893,67.0750669999999,19.16
3894,67.0898769999999,14.81
3895,67.1058679999999,15.991
3896,67.1226679999999,16.8
3897,67.1393269999999,16.659
3898,67.1557849999999,16.458
3899,67.1736879999999,17.903
3900,67.1906979999999,17.01
3901,67.2060679999999,15.37
3902,67.2224269999999,16.359
3903,67.2392649999999,16.838
3904,67.2563209999999,17.056
3905,67.2728469999999,16.526
3906,67.2898239999999,16.977
3907,67.3065469999999,16.723
3908,67.3224179999999,15.871
3909,67.3389049999999,16.487
3910,67.3555229999999,16.618
3911,67.3724739999999,16.951
3912,67.3887629999999,16.289
3913,67.4061629999999,17.4
3914,67.4227089999999,16.546
3915,67.4399259999999,17.217
3916,67.4555099999999,15.584
3917,67.4749309999999,19.421
3918,67.4893689999999,14.438
3919,67.5055629999999,16.194
3920,67.5223599999999,16.797
3921,67.5402329999999,17.873
3922,67.5555839999999,15.351
3923,67.5724499999999,16.866
3924,67.5888469999999,16.397
3925,67.6055649999999,16.718
3926,67.6222139999999,16.649
3927,67.6389779999999,16.764
3928,67.6553139999999,16.336
3929,67.6750189999999,19.705
3930,67.6977669999999,22.748
3931,67.7120549999999,14.288
3932,67.7235209999999,11.466
3933,67.7391439999999,15.623
3934,67.7562849999999,17.141
3935,67.7727459999999,16.461
3936,67.7901109999999,17.365
3937,67.8060609999999,15.95
3938,67.8229809999999,16.92
3939,67.8401789999999,17.198
3940,67.8563359999999,16.157
3941,67.8724029999999,16.067
3942,67.8901089999999,17.706
3943,67.9057639999999,15.655
3944,67.9225529999999,16.789
3945,67.9388839999999,16.331
3946,67.9560109999999,17.127
3947,67.9728629999999,16.852
3948,67.9894109999999,16.548
3949,68.0055529999999,16.142
3950,68.0245719999999,19.019
3951,68.0391229999999,14.551
3952,68.0562729999999,17.15
3953,68.0736769999999,17.404
3954,68.0979769999999,24.3
3955,68.1106069999999,12.63
3956,68.1260099999999,15.403
3957,68.1457879999999,19.778
3958,68.1601319999999,14.344
3959,68.1739669999999,13.835
3960,68.1898929999999,15.926
3961,68.2061469999999,16.254
3962,68.2230189999999,16.872
3963,68.2391589999999,16.14
3964,68.2559569999999,16.798
3965,68.2727859999999,16.829
3966,68.2906359999999,17.85
3967,68.3057699999999,15.134
3968,68.3234089999999,17.639
3969,68.3394169999999,16.008
3970,68.3561149999999,16.698
3971,68.3740149999999,17.9
3972,68.3899479999999,15.933
3973,68.4059019999999,15.954
3974,68.4219959999999,16.094
3975,68.4386839999999,16.688
3976,68.4552529999999,16.569
3977,68.4720579999999,16.805
3978,68.4891379999999,17.08
3979,68.5058109999999,16.673
3980,68.5221959999999,16.385
3981,68.5397379999999,17.542
3982,68.5560909999999,16.353
3983,68.5726409999999,16.55
3984,68.5904039999999,17.763
3985,68.6066329999999,16.229
3986,68.6224509999999,15.818
3987,68.6392789999999,16.828
3988,68.6573619999999,18.083
3989,68.6769189999999,19.557
3990,68.7005979999999,23.679
3991,68.7317419999999,31.144
3992,68.7526309999999,20.889
3993,68.7694419999999,16.811
3994,68.7900839999999,20.642
3995,68.8027589999999,12.675
3996,68.8188749999999,16.116
3997,68.8408029999999,21.928
3998,68.8573399999999,16.537
3999,68.8748549999999,17.515
4000,68.8964759999999,21.621
4001,68.9162989999999,19.823
4002,68.9412429999999,24.944
4003,68.9840449999999,42.802
4004,69.0069369999999,22.892
4005,69.0243629999999,17.426
4006,69.0397819999999,15.419
4007,69.0517439999999,11.962
4008,69.0634059999999,11.662
4009,69.0767929999999,13.387
4010,69.0907029999999,13.91
4011,69.1073189999999,16.616
4012,69.1241969999999,16.878
4013,69.1399899999999,15.793
4014,69.1568329999999,16.843
4015,69.1734959999999,16.663
4016,69.1903989999999,16.903
4017,69.2065459999999,16.147
4018,69.2232159999999,16.67
4019,69.2397799999999,16.564
4020,69.2567169999999,16.937
4021,69.2738299999999,17.113
4022,69.2955149999999,21.685
4023,69.3137279999999,18.213
4024,69.3277219999999,13.994
4025,69.3399129999999,12.191
4026,69.3573279999999,17.415
4027,69.3739099999999,16.582
4028,69.3917889999999,17.879
4029,69.4075319999999,15.743
4030,69.4255889999999,18.057
4031,69.4402549999999,14.666
4032,69.4566239999999,16.369
4033,69.4733909999999,16.767
4034,69.4906499999999,17.259
4035,69.5071529999999,16.503
4036,69.5237059999999,16.553
4037,69.5401259999999,16.42
4038,69.5578079999999,17.682
4039,69.5738379999999,16.03
4040,69.5901199999999,16.282
4041,69.6067379999999,16.618
4042,69.6229209999999,16.183
4043,69.6398579999999,16.937
4044,69.6564279999999,16.57
4045,69.6717469999999,15.319
4046,69.6910099999999,19.263
4047,69.7067979999999,15.788
4048,69.7244419999999,17.644
4049,69.7400229999999,15.581
4050,69.7563609999999,16.338
4051,69.7732269999999,16.866
4052,69.7895839999999,16.357
4053,69.8065469999999,16.963
4054,69.8231059999999,16.559
4055,69.8396729999999,16.567
4056,69.8564969999999,16.824
4057,69.8732189999999,16.722
4058,69.8922389999999,19.02
4059,69.9062909999999,14.052
4060,69.9235149999999,17.224
4061,69.9396399999999,16.125
4062,69.9570319999999,17.392
4063,69.9732319999999,16.2
4064,69.9898719999999,16.64
4065,70.0063309999999,16.459
4066,70.0232299999999,16.899
4067,70.0396479999999,16.418
4068,70.0566689999999,17.021
4069,70.0740989999999,17.43
4070,70.0904439999999,16.345
4071,70.1070019999999,16.558
4072,70.1232779999999,16.276
4073,70.1397649999999,16.487
4074,70.1566439999999,16.879
4075,70.1729609999999,16.317
4076,70.1899639999999,17.003
4077,70.2071419999999,17.178
4078,70.2233679999999,16.226
4079,70.2401589999999,16.791
4080,70.2566369999999,16.478
4081,70.2730129999999,16.376
4082,70.2926879999999,19.675
4083,70.3081539999999,15.466
4084,70.3263439999999,18.19
4085,70.3477309999999,21.387
4086,70.3754899999999,27.759
4087,70.3941729999999,18.683
4088,70.4070099999999,12.837
4089,70.4170909999999,10.081
4090,70.4289839999999,11.893
4091,70.4416599999999,12.676
4092,70.4579769999999,16.317
4093,70.4759269999999,17.95
4094,70.4971089999999,21.182
4095,70.5175289999999,20.42
4096,70.5339999999999,16.471
4097,70.5563919999999,22.392
4098,70.5826909999999,26.299
4099,70.6045789999999,21.888
4100,70.6346529999999,30.074
4101,70.6613879999999,26.735
4102,70.6790969999999,17.709
4103,70.6919619999999,12.865
4104,70.7118179999999,19.856
4105,70.7275599999999,15.742
4106,70.7424339999999,14.874
4107,70.7610379999999,18.604
4108,70.7805099999999,19.472
4109,70.7957499999999,15.24
4110,70.8104199999999,14.67
4111,70.8264109999999,15.991
4112,70.8411009999999,14.69
4113,70.8529389999999,11.838
4114,70.8621809999999,9.242
4115,70.8810659999999,18.885
4116,70.8991479999999,18.082
4117,70.9218279999999,22.68
4118,70.9340609999999,12.233
4119,70.9482689999999,14.208
4120,70.9693669999999,21.098
4121,70.9832729999999,13.906
4122,70.9998829999999,16.61
4123,71.0153349999999,15.452
4124,71.0336119999999,18.277
4125,71.0474699999999,13.858
4126,71.0639089999999,16.439
4127,71.0927049999999,28.796
4128,71.1267519999999,34.047
4129,71.1388149999999,12.063
4130,71.1501519999999,11.337
4131,71.1635269999999,13.375
4132,71.1778129999999,14.286
4133,71.1905469999999,12.734
4134,71.2057359999999,15.189
4135,71.2215039999999,15.768
4136,71.2376629999999,16.159
4137,71.2543399999999,16.677
4138,71.2713339999999,16.994
4139,71.2884539999999,17.12
4140,71.3046529999999,16.199
4141,71.3213759999999,16.723
4142,71.3382819999999,16.906
4143,71.3546039999999,16.322
4144,71.3714909999999,16.887
4145,71.3891669999999,17.676
4146,71.4045249999999,15.358
4147,71.4209139999999,16.389
4148,71.4375669999999,16.653
4149,71.4552459999999,17.679
4150,71.4721849999999,16.939
4151,71.4895309999999,17.346
4152,71.5057129999999,16.182
4153,71.5224029999999,16.69
4154,71.5380709999999,15.668
4155,71.5559659999999,17.895
4156,71.5735569999999,17.591
4157,71.5887239999999,15.167
4158,71.6059789999999,17.255
4159,71.6213379999999,15.359
4160,71.6384789999999,17.141
4161,71.6544619999999,15.983
4162,71.6718279999999,17.366
4163,71.6898739999999,18.046
4164,71.7059149999999,16.041
4165,71.7254119999999,19.497
4166,71.7398329999999,14.421
4167,71.7558339999999,16.001
4168,71.7838819999999,28.048
4169,71.7983919999999,14.51
4170,71.8274129999999,29.021
4171,71.8459099999999,18.497
4172,71.8632619999999,17.352
4173,71.8772619999999,14.0
4174,71.8901719999999,12.91
4175,71.9036619999999,13.49
4176,71.9198689999999,16.207
4177,71.9275469999999,7.678
4178,71.9469039999999,19.357
4179,71.9634679999999,16.564
4180,71.9819259999999,18.458
4181,71.9957309999999,13.805
4182,72.0125429999999,16.812
4183,72.0293399999999,16.797
4184,72.0457159999999,16.376
4185,72.0624399999999,16.724
4186,72.0793189999999,16.879
4187,72.0958089999999,16.49
4188,72.1136159999999,17.807
4189,72.1298709999999,16.255
4190,72.1460509999999,16.18
4191,72.1637959999999,17.745
4192,72.1790959999999,15.3
4193,72.1962369999999,17.141
4194,72.2125409999999,16.304
4195,72.2292649999999,16.724
4196,72.2456429999999,16.378
4197,72.2621959999999,16.553
4198,72.2794169999999,17.221
4199,72.2961879999999,16.771
4200,72.3138229999999,17.635
4201,72.3296779999999,15.855
4202,72.3466269999999,16.949
4203,72.3624539999999,15.827
4204,72.3796969999999,17.243
4205,72.3959789999999,16.282
4206,72.4126159999999,16.637
4207,72.4289709999999,16.355
4208,72.4454329999999,16.462
4209,72.4622949999999,16.862
4210,72.4800759999999,17.781
4211,72.4989739999999,18.898
4212,72.5133189999999,14.345
4213,72.5291699999999,15.851
4214,72.5456529999999,16.483
4215,72.5624739999999,16.821
4216,72.5791719999999,16.698
4217,72.5963099999999,17.138
4218,72.6126619999999,16.352
4219,72.6291329999999,16.471
4220,72.6454579999999,16.325
4221,72.6624319999999,16.974
4222,72.6788619999999,16.43
4223,72.6956929999999,16.831
4224,72.7128089999999,17.116
4225,72.7290279999999,16.219
4226,72.7465569999999,17.529
4227,72.7647169999999,18.16
4228,72.7832619999999,18.545
4229,72.8001859999999,16.924
4230,72.8131229999999,12.937
4231,72.8293669999999,16.244
4232,72.8454819999999,16.115
4233,72.8623309999999,16.849
4234,72.8795149999999,17.184
4235,72.8962149999999,16.7
4236,72.9127209999999,16.506
4237,72.9292509999999,16.53
4238,72.9454759999999,16.225
4239,72.9619929999999,16.517
4240,72.9805679999999,18.575
4241,73.0006659999999,20.098
4242,73.0157319999999,15.066
4243,73.0294789999999,13.747
4244,73.0465449999999,17.066
4245,73.0652279999999,18.683
4246,73.0798749999999,14.647
4247,73.0966079999999,16.733
4248,73.1126099999999,16.002
4249,73.1310089999999,18.399
4250,73.1461329999999,15.124
4251,73.1624129999999,16.28
4252,73.1794539999999,17.041
4253,73.1954119999999,15.958
4254,73.2123819999999,16.97
4255,73.2289939999999,16.612
4256,73.2456819999999,16.688
4257,73.2620319999999,16.35
4258,73.2793049999999,17.273
4259,73.2962779999999,16.973
4260,73.3130359999999,16.758
4261,73.3288379999999,15.802
4262,73.3455619999999,16.724
4263,73.3620319999999,16.47
4264,73.3790619999999,17.03
4265,73.3959279999999,16.866
4266,73.4138769999999,17.949
4267,73.4294249999999,15.548
4268,73.4453779999999,15.953
4269,73.4622629999999,16.885
4270,73.4789449999999,16.682
4271,73.4970249999999,18.08
4272,73.5120659999999,15.041
4273,73.5293529999999,17.287
4274,73.5455059999999,16.153
4275,73.5624519999999,16.946
4276,73.5795699999999,17.118
4277,73.5955779999999,16.008
4278,73.6121399999999,16.562
4279,73.6287659999999,16.626
4280,73.6456329999999,16.867
4281,73.6626349999999,17.002
4282,73.6795389999999,16.904
4283,73.6967439999999,17.205
4284,73.7135979999999,16.854
4285,73.7376489999999,24.051
4286,73.7531299999999,15.481
4287,73.7667699999999,13.64
4288,73.7793369999999,12.567
4289,73.7959129999999,16.576
4290,73.8129149999999,17.002
4291,73.8301089999999,17.194
4292,73.8461749999999,16.066
4293,73.8634589999999,17.284
4294,73.8802899999999,16.831
4295,73.8977329999999,17.443
4296,73.9119789999999,14.246
4297,73.9299009999999,17.922
4298,73.9468369999999,16.936
4299,73.9623499999999,15.513
4300,73.9797429999999,17.393
4301,74.0006759999999,20.933
4302,74.0203679999999,19.692
4303,74.0325809999999,12.213
4304,74.0526819999999,20.101
4305,74.0704849999999,17.803
4306,74.0860369999999,15.552
4307,74.1070549999999,21.018
4308,74.1266839999999,19.629
4309,74.1409129999999,14.229
4310,74.1527409999999,11.828
4311,74.1659849999999,13.244
4312,74.1935889999999,27.604
4313,74.2183159999999,24.727
4314,74.2452409999999,26.925
4315,74.2818479999999,36.607
4316,74.2978199999999,15.972
4317,74.3105739999999,12.754
4318,74.3252149999999,14.641
4319,74.3425229999999,17.308
4320,74.3568619999999,14.339
4321,74.3657059999999,8.844
4322,74.3791619999999,13.456
4323,74.3972309999999,18.069
4324,74.4138249999999,16.594
4325,74.4306079999999,16.783
4326,74.4473629999999,16.755
4327,74.4643899999999,17.027
4328,74.4809199999999,16.53
4329,74.4991649999999,18.245
4330,74.5135519999999,14.387
4331,74.5310259999999,17.474
4332,74.5470719999999,16.046
4333,74.5673149999999,20.243
4334,74.5828309999999,15.516
4335,74.5989739999999,16.143
4336,74.6144399999999,15.466
4337,74.6336239999999,19.184
4338,74.6504829999999,16.859
4339,74.6672529999999,16.77
4340,74.6882829999999,21.03
4341,74.7033949999999,15.112
4342,74.7153389999999,11.944
4343,74.7311569999999,15.818
4344,74.7480479999999,16.891
4345,74.7676859999999,19.638
4346,74.7866769999999,18.991
4347,74.8030859999999,16.409
4348,74.8162239999999,13.138
4349,74.8303079999999,14.084
4350,74.8472159999999,16.908
4351,74.8646739999999,17.458
4352,74.8807139999999,16.04
4353,74.8971939999999,16.48
4354,74.9135059999999,16.312
4355,74.9304079999999,16.902
4356,74.9468809999999,16.473
4357,74.9647449999999,17.864
4358,74.9823319999999,17.587
4359,74.9968039999999,14.472
4360,75.0141429999999,17.339
4361,75.0303179999999,16.175
4362,75.0470569999999,16.739
4363,75.0635189999999,16.462
4364,75.0821019999999,18.583
4365,75.0977499999999,15.648
4366,75.1145649999999,16.815
4367,75.1305159999999,15.951
4368,75.1474659999999,16.95
4369,75.1647689999999,17.303
4370,75.1804979999999,15.729
4371,75.1969719999999,16.474
4372,75.2137469999999,16.775
4373,75.2306309999999,16.884
4374,75.2472269999999,16.596
4375,75.2638969999999,16.67
4376,75.2818749999999,17.978
4377,75.2978289999999,15.954
4378,75.3139699999999,16.141
4379,75.3301299999999,16.16
4380,75.3470799999999,16.95
4381,75.3637289999999,16.649
4382,75.3823269999999,18.598
4383,75.3975519999999,15.225
4384,75.4140049999999,16.453
4385,75.4306129999999,16.608
4386,75.4469209999999,16.308
4387,75.4638529999999,16.932
4388,75.4808949999999,17.042
4389,75.5001919999999,19.297
4390,75.5209709999999,20.779
4391,75.5369519999999,15.981
4392,75.5603249999999,23.373
4393,75.5812809999999,20.956
4394,75.5967589999999,15.478
4395,75.6104509999999,13.692
4396,75.6203839999999,9.933
4397,75.6407609999999,20.377
4398,75.6570009999999,16.24
4399,75.6709269999999,13.926
4400,75.6837329999999,12.806
4401,75.7055339999999,21.801
4402,75.7239909999999,18.457
4403,75.7579779999999,33.987
4404,75.7778399999999,19.862
4405,75.8144829999999,36.643
4406,75.8392689999999,24.786
4407,75.8586699999999,19.401
4408,75.8729579999999,14.288
4409,75.8917539999999,18.796
4410,75.9084939999999,16.74
4411,75.9265179999999,18.024
4412,75.9480759999999,21.558
4413,75.9815569999999,33.481
4414,76.0229949999999,41.438
4415,76.0418519999999,18.857
4416,76.0695109999999,27.659
4417,76.1016319999999,32.121
4418,76.1369899999999,35.358
4419,76.1729979999999,36.008
4420,76.1933769999999,20.379
4421,76.2204729999999,27.096
4422,76.2453949999999,24.922
4423,76.2543429999999,8.948
4424,76.2690599999999,14.717
4425,76.2772359999999,8.176
4426,76.2945069999999,17.271
4427,76.3126719999999,18.165
4428,76.3277229999999,15.051
4429,76.3451429999999,17.42
4430,76.3616599999999,16.517
4431,76.3820469999999,20.387
4432,76.3978749999999,15.828
4433,76.4117989999999,13.924
4434,76.4276829999999,15.884
4435,76.4440479999999,16.365
4436,76.4610799999999,17.032
4437,76.4779009999999,16.821
4438,76.4945369999999,16.636
4439,76.5109409999999,16.404
4440,76.5281339999999,17.193
4441,76.5446949999999,16.561
4442,76.5614389999999,16.744
4443,76.5802959999999,18.857
4444,76.5959379999999,15.642
4445,76.6112519999999,15.314
4446,76.6276559999999,16.404
4447,76.6455579999999,17.902
4448,76.6613889999999,15.831
4449,76.6777399999999,16.351
4450,76.6949009999999,17.161
4451,76.7158199999999,20.919
4452,76.7288659999999,13.046
4453,76.7448929999999,16.027
4454,76.7623639999999,17.471
4455,76.7809469999999,18.583
4456,76.8066509999999,25.704
4457,76.8181669999999,11.516
4458,76.8277379999999,9.571
4459,76.8448939999999,17.156
4460,76.8607769999999,15.883
4461,76.8773819999999,16.605
4462,76.8943839999999,17.002
4463,76.9114539999999,17.07
4464,76.9276989999999,16.245
4465,76.9449659999999,17.267
4466,76.9612169999999,16.251
4467,76.9775609999999,16.344
4468,76.9953549999999,17.794
4469,77.0111569999999,15.802
4470,77.0277209999999,16.564
4471,77.0440219999999,16.301
4472,77.0615169999999,17.495
4473,77.0778429999999,16.326
4474,77.0951399999999,17.297
4475,77.1109449999999,15.805
4476,77.1276409999999,16.696
4477,77.1440999999999,16.459
4478,77.1613779999999,17.278
4479,77.1787529999999,17.375
4480,77.1946239999999,15.871
4481,77.2117439999999,17.12
4482,77.2276419999999,15.898
4483,77.2440169999999,16.375
4484,77.2609009999999,16.884
4485,77.2773529999999,16.452
4486,77.2946509999999,17.298
4487,77.3121229999999,17.472
4488,77.3292409999999,17.118
4489,77.3476219999999,18.381
4490,77.3652149999999,17.593
4491,77.3795239999999,14.309
4492,77.4008069999999,21.283
4493,77.4140489999999,13.242
4494,77.4304039999999,16.355
4495,77.4447429999999,14.339
4496,77.4610659999999,16.323
4497,77.4782889999999,17.223
4498,77.4943939999999,16.105
4499,77.5107909999999,16.397
4500,77.5273429999999,16.552
4501,77.5460899999999,18.747
4502,77.5607479999999,14.658
4503,77.5781289999999,17.381
4504,77.5953849999999,17.256
4505,77.6113039999999,15.919
4506,77.6273819999999,16.078
4507,77.6458289999999,18.447
4508,77.6609399999999,15.111
4509,77.6790619999999,18.122
4510,77.6950749999999,16.013
4511,77.7115259999999,16.451
4512,77.7284929999999,16.967
4513,77.7444359999999,15.943
4514,77.7609229999999,16.487
4515,77.7826649999999,21.742
4516,77.7968649999999,14.2
4517,77.8119529999999,15.088
4518,77.8289619999999,17.009
4519,77.8569849999999,28.023
4520,77.8708259999999,13.841
4521,77.8792239999999,8.398
4522,77.8951919999999,15.968
4523,77.9126729999999,17.481
4524,77.9286599999999,15.987
4525,77.9454219999999,16.762
4526,77.9619029999999,16.481
4527,77.9847549999999,22.852
4528,77.9946599999999,9.905
4529,78.0119509999999,17.291
4530,78.0283929999999,16.442
4531,78.0444159999999,16.023
4532,78.0607339999999,16.318
4533,78.0778669999999,17.133
4534,78.0950769999999,17.21
4535,78.1113539999999,16.277
4536,78.1278539999999,16.5
4537,78.1445569999999,16.703
4538,78.1609429999999,16.386
4539,78.1784279999999,17.485
4540,78.1948939999999,16.466
4541,78.2117979999999,16.904
4542,78.2274309999999,15.633
4543,78.2447159999999,17.285
4544,78.2615889999999,16.873
4545,78.2779059999999,16.317
4546,78.2947089999999,16.803
4547,78.3106589999999,15.95
4548,78.3274699999999,16.811
4549,78.3441789999999,16.709
4550,78.3624889999999,18.31
4551,78.3789989999999,16.51
4552,78.3946339999999,15.635
4553,78.4107849999999,16.151
4554,78.4272889999999,16.504
4555,78.4438899999999,16.601
4556,78.4604709999999,16.581
4557,78.4773369999999,16.866
4558,78.4941459999999,16.809
4559,78.5111589999999,17.013
4560,78.5274039999999,16.245
4561,78.5444059999999,17.002
4562,78.5629709999999,18.565
4563,78.5785049999999,15.534
4564,78.5948409999999,16.336
4565,78.6112669999999,16.426
4566,78.6275039999999,16.237
4567,78.6443849999999,16.881
4568,78.6612739999999,16.889
4569,78.6783339999999,17.06
4570,78.6943079999999,15.974
4571,78.7109029999999,16.595
4572,78.7301409999999,19.238
4573,78.7439819999999,13.841
4574,78.7619909999999,18.009
4575,78.7782749999999,16.284
4576,78.7940749999999,15.8
4577,78.8119359999999,17.861
4578,78.8284399999999,16.504
4579,78.8444399999999,16.0
4580,78.8611449999999,16.705
4581,78.8779349999999,16.79
4582,78.8954949999999,17.56
4583,78.9118639999999,16.369
4584,78.9278949999999,16.031
4585,78.9447369999999,16.842
4586,78.9617439999999,17.007
4587,78.9779869999999,16.243
4588,78.9944269999999,16.44
4589,79.0116169999999,17.19
4590,79.0276159999999,15.999
4591,79.0449739999999,17.358
4592,79.0620139999999,17.04
4593,79.0788949999999,16.881
4594,79.0952489999999,16.354
4595,79.1111299999999,15.881
4596,79.1277669999999,16.637
4597,79.1443649999999,16.598
4598,79.1640109999999,19.646
4599,79.1797189999999,15.708
4600,79.1949379999999,15.219
4601,79.2142159999999,19.278
4602,79.2291299999999,14.914
4603,79.2441019999999,14.972
4604,79.2611329999999,17.031
4605,79.2801349999999,19.002
4606,79.2955459999999,15.411
4607,79.3130769999999,17.531
