leg,process_frame,frame_ms,target_z,cell,focused
outward,1078,19.323,23.9945659637451,vale-0,true
outward,1079,22.209,23.9892997741699,vale-0,true
outward,1080,24.443,23.9823322296143,vale-0,true
outward,1081,20.211,23.9736671447754,vale-0,true
outward,1082,20.862,23.9633007049561,vale-0,true
outward,1083,16.884,23.9374694824219,vale-0,true
outward,1084,22.79,23.922004699707,vale-0,true
outward,1085,16.155,23.9048385620117,vale-0,true
outward,1086,20.037,23.8859729766846,vale-0,true
outward,1087,20.847,23.8654079437256,vale-0,true
outward,1088,16.41,23.8191795349121,vale-0,true
outward,1089,18.659,23.7935161590576,vale-0,true
outward,1090,22.704,23.7661533355713,vale-0,true
outward,1091,15.553,23.7370910644531,vale-0,true
outward,1092,23.9,23.7063312530518,vale-0,true
outward,1093,15.918,23.6397151947021,vale-0,true
outward,1094,24.16,23.6038589477539,vale-0,true
outward,1095,20.224,23.5663032531738,vale-0,true
outward,1096,20.633,23.5270500183105,vale-0,true
outward,1097,20.755,23.4860992431641,vale-0,true
outward,1098,16.397,23.3991012573242,vale-0,true
outward,1099,18.754,23.3530559539795,vale-0,true
outward,1100,22.482,23.3053131103516,vale-0,true
outward,1101,15.738,23.2558727264404,vale-0,true
outward,1102,23.637,23.2047348022461,vale-0,true
outward,1103,19.682,23.0973720550537,vale-0,true
outward,1104,22.031,23.041145324707,vale-0,true
outward,1105,20.162,22.9832229614258,vale-0,true
outward,1106,20.713,22.9236030578613,vale-0,true
outward,1107,15.858,22.8622894287109,vale-0,true
outward,1108,19.449,22.7345752716064,vale-0,true
outward,1109,22.015,22.6681747436523,vale-0,true
outward,1110,15.378,22.6000804901123,vale-0,true
outward,1111,24.016,22.5302906036377,vale-0,true
outward,1112,19.404,22.4588069915771,vale-0,true
outward,1113,23.139,22.3107585906982,vale-0,true
outward,1114,19.259,22.2341957092285,vale-0,true
outward,1115,16.099,22.1559371948242,vale-0,true
outward,1116,23.642,22.0759868621826,vale-0,true
outward,1117,19.571,21.9943447113037,vale-0,true
outward,1118,20.365,21.8259830474854,vale-0,true
outward,1119,20.214,21.7392654418945,vale-0,true
outward,1120,16.163,21.6508560180664,vale-0,true
outward,1121,18.889,21.5607585906982,vale-0,true
outward,1122,22.504,21.4689693450928,vale-0,true
outward,1123,15.772,21.3754901885986,vale-0,true
outward,1124,23.311,21.1834621429443,vale-0,true
outward,1125,19.377,21.0849151611328,vale-0,true
outward,1126,23.834,20.9846801757812,vale-0,true
outward,1127,19.881,20.8827571868896,vale-0,true
outward,1128,20.725,20.7791481018066,vale-0,true
outward,1129,16.426,20.5668659210205,vale-0,true
outward,1130,18.677,20.4581966400146,vale-0,true
outward,1131,22.255,20.3478393554688,vale-0,true
outward,1132,15.642,20.2357978820801,vale-0,true
outward,1133,23.551,20.1220722198486,vale-0,true
outward,1134,19.81,19.8895683288574,vale-0,true
outward,1135,23.62,19.7707901000977,vale-0,true
outward,1136,20.032,19.6503276824951,vale-0,true
outward,1137,20.622,19.5281829833984,vale-0,true
outward,1138,20.66,19.4043560028076,vale-0,true
outward,1139,16.326,19.1516590118408,vale-0,true
outward,1140,18.891,19.0227890014648,vale-0,true
outward,1141,22.251,18.8922386169434,vale-0,true
outward,1142,15.522,18.760009765625,vale-0,true
outward,1143,30.035,18.490514755249,vale-0,true
outward,1144,12.784,18.35325050354,vale-0,true
outward,1145,19.951,18.2143096923828,vale-0,true
outward,1146,5.52,18.0736904144287,vale-0,true
outward,1147,4.265,18.0736904144287,vale-0,true
outward,1148,8.381,17.931396484375,vale-0,true
outward,1149,4.892,17.931396484375,vale-0,true
outward,1150,5.282,17.931396484375,vale-0,true
outward,1151,3.895,17.931396484375,vale-0,true
outward,1152,5.839,17.787425994873,vale-0,true
outward,1153,4.305,17.787425994873,vale-0,true
outward,1154,5.376,17.787425994873,vale-0,true
outward,1155,6.522,17.6417789459229,vale-0,true
outward,1156,8.289,17.6417789459229,vale-0,true
outward,1157,5.671,17.6417789459229,vale-0,true
outward,1158,4.303,17.4944591522217,vale-0,true
outward,1159,3.791,17.4944591522217,vale-0,true
outward,1160,4.024,17.4944591522217,vale-0,true
outward,1161,4.007,17.4944591522217,vale-0,true
outward,1162,4.706,17.3454647064209,vale-0,true
outward,1163,4.709,17.3454647064209,vale-0,true
outward,1164,4.012,17.3454647064209,vale-0,true
outward,1165,6.201,17.1947975158691,vale-0,true
outward,1166,4.127,17.1947975158691,vale-0,true
outward,1167,4.683,17.1947975158691,vale-0,true
outward,1168,4.806,17.0424575805664,vale-0,true
outward,1169,4.473,17.0424575805664,vale-0,true
outward,1170,4.179,17.0424575805664,vale-0,true
outward,1171,4.339,17.0424575805664,vale-0,true
outward,1172,5.36,16.8884449005127,vale-0,true
outward,1173,3.846,16.8884449005127,vale-0,true
outward,1174,3.917,16.8884449005127,vale-0,true
outward,1175,3.54,16.8884449005127,vale-0,true
outward,1176,4.911,16.7327613830566,vale-0,true
outward,1177,4.033,16.7327613830566,vale-0,true
outward,1178,3.782,16.7327613830566,vale-0,true
outward,1179,3.681,16.7327613830566,vale-0,true
outward,1180,4.794,16.5754070281982,vale-0,true
outward,1181,3.792,16.5754070281982,vale-0,true
outward,1182,3.912,16.5754070281982,vale-0,true
outward,1183,3.54,16.5754070281982,vale-0,true
outward,1184,4.691,16.4163818359375,vale-0,true
outward,1185,3.937,16.4163818359375,vale-0,true
outward,1186,3.673,16.4163818359375,vale-0,true
outward,1187,4.751,16.4163818359375,vale-0,true
outward,1188,5.212,16.2556858062744,vale-0,true
outward,1189,4.7,16.2556858062744,vale-0,true
outward,1190,4.34,16.2556858062744,vale-0,true
outward,1191,3.659,16.2556858062744,vale-0,true
outward,1192,6.198,16.0933208465576,vale-0,true
outward,1193,3.765,16.0933208465576,vale-0,true
outward,1194,4.526,16.0933208465576,vale-0,true
outward,1195,4.954,16.0933208465576,vale-0,true
outward,1196,5.182,15.9292879104614,vale-0,true
outward,1197,3.606,15.9292879104614,vale-0,true
outward,1198,3.446,15.9292879104614,vale-0,true
outward,1199,3.666,15.9292879104614,vale-0,true
outward,1200,4.414,15.7635879516602,vale-0,true
outward,1201,3.727,15.7635879516602,vale-0,true
outward,1202,4.412,15.7635879516602,vale-0,true
outward,1203,4.282,15.7635879516602,vale-0,true
outward,1204,5.706,15.5962200164795,vale-0,true
outward,1205,3.407,15.5962200164795,vale-0,true
outward,1206,3.36,15.5962200164795,vale-0,true
outward,1207,4.34,15.5962200164795,vale-0,true
outward,1208,4.918,15.4271869659424,vale-0,true
outward,1209,4.21,15.4271869659424,vale-0,true
outward,1210,4.01,15.4271869659424,vale-0,true
outward,1211,4.733,15.4271869659424,vale-0,true
outward,1212,5.396,15.2564878463745,vale-0,true
outward,1213,4.068,15.2564878463745,vale-0,true
outward,1214,3.901,15.2564878463745,vale-0,true
outward,1215,4.399,15.2564878463745,vale-0,true
outward,1216,4.27,15.0841236114502,vale-0,true
outward,1217,3.838,15.0841236114502,vale-0,true
outward,1218,3.856,15.0841236114502,vale-0,true
outward,1219,5.251,15.0841236114502,vale-0,true
outward,1220,4.786,14.9100942611694,vale-0,true
outward,1221,4.545,14.9100942611694,vale-0,true
outward,1222,4.059,14.9100942611694,vale-0,true
outward,1223,4.431,14.9100942611694,vale-0,true
outward,1224,5.134,14.7344017028809,vale-0,true
outward,1225,3.703,14.7344017028809,vale-0,true
outward,1226,5.144,14.7344017028809,vale-0,true
outward,1227,4.131,14.7344017028809,vale-0,true
outward,1228,4.492,14.5570459365845,vale-0,true
outward,1229,3.848,14.5570459365845,vale-0,true
outward,1230,4.461,14.5570459365845,vale-0,true
outward,1231,4.933,14.5570459365845,vale-0,true
outward,1232,4.624,14.3780279159546,vale-0,true
outward,1233,4.847,14.3780279159546,vale-0,true
outward,1234,4.181,14.3780279159546,vale-0,true
outward,1235,4.803,14.1973485946655,vale-0,true
outward,1236,4.162,14.1973485946655,vale-0,true
outward,1237,4.685,14.1973485946655,vale-0,true
outward,1238,4.177,14.1973485946655,vale-0,true
outward,1239,4.738,14.0150079727173,vale-0,true
outward,1240,3.894,14.0150079727173,vale-0,true
outward,1241,4.898,14.0150079727173,vale-0,true
outward,1242,3.723,14.0150079727173,vale-0,true
outward,1243,4.347,13.8310079574585,vale-0,true
outward,1244,4.172,13.8310079574585,vale-0,true
outward,1245,5.07,13.8310079574585,vale-0,true
outward,1246,4.343,13.8310079574585,vale-0,true
outward,1247,5.08,13.6453485488892,vale-0,true
outward,1248,4.33,13.6453485488892,vale-0,true
outward,1249,4.501,13.6453485488892,vale-0,true
outward,1250,5.02,13.4580307006836,vale-0,true
outward,1251,3.999,13.4580307006836,vale-0,true
outward,1252,4.159,13.4580307006836,vale-0,true
outward,1253,3.924,13.4580307006836,vale-0,true
outward,1254,4.587,13.2690553665161,vale-0,true
outward,1255,4.401,13.2690553665161,vale-0,true
outward,1256,4.722,13.2690553665161,vale-0,true
outward,1257,5.153,13.2690553665161,vale-0,true
outward,1258,5.369,13.0784225463867,vale-0,true
outward,1259,4.248,13.0784225463867,vale-0,true
outward,1260,3.766,13.0784225463867,vale-0,true
outward,1261,3.377,13.0784225463867,vale-0,true
outward,1262,4.362,12.8861331939697,vale-0,true
outward,1263,3.863,12.8861331939697,vale-0,true
outward,1264,4.967,12.8861331939697,vale-0,true
outward,1265,3.552,12.8861331939697,vale-0,true
outward,1266,4.297,12.6921882629395,vale-0,true
outward,1267,3.772,12.6921882629395,vale-0,true
outward,1268,4.189,12.6921882629395,vale-0,true
outward,1269,4.215,12.6921882629395,vale-0,true
outward,1270,5.073,12.4965887069702,vale-0,true
outward,1271,4.412,12.4965887069702,vale-0,true
outward,1272,5.192,12.4965887069702,vale-0,true
outward,1273,4.528,12.299334526062,vale-0,true
outward,1274,4.447,12.299334526062,vale-0,true
outward,1275,4.344,12.299334526062,vale-0,true
outward,1276,3.981,12.299334526062,vale-0,true
outward,1277,4.881,12.1004276275635,vale-0,true
outward,1278,3.872,12.1004276275635,vale-0,true
outward,1279,4.68,12.1004276275635,vale-0,true
outward,1280,4.158,12.1004276275635,vale-0,true
outward,1281,5.002,11.8998680114746,vale-0,true
outward,1282,4.158,11.8998680114746,vale-0,true
outward,1283,4.269,11.8998680114746,vale-0,true
outward,1284,4.944,11.6976566314697,vale-0,true
outward,1285,4.265,11.6976566314697,vale-0,true
outward,1286,4.61,11.6976566314697,vale-0,true
outward,1287,4.916,11.6976566314697,vale-0,true
outward,1288,5.198,11.4937934875488,vale-0,true
outward,1289,4.027,11.4937934875488,vale-0,true
outward,1290,4.148,11.4937934875488,vale-0,true
outward,1291,4.249,11.4937934875488,vale-0,true
outward,1292,4.283,11.2882804870605,vale-0,true
outward,1293,3.954,11.2882804870605,vale-0,true
outward,1294,5.362,11.2882804870605,vale-0,true
outward,1295,5.384,11.0811185836792,vale-0,true
outward,1296,4.891,11.0811185836792,vale-0,true
outward,1297,5.631,11.0811185836792,vale-0,true
outward,1298,4.869,11.0811185836792,vale-0,true
outward,1299,5.966,10.8723087310791,vale-0,true
outward,1300,4.579,10.8723087310791,vale-0,true
outward,1301,5.376,10.8723087310791,vale-0,true
outward,1302,4.359,10.8723087310791,vale-0,true
outward,1303,4.6,10.6618509292603,vale-0,true
outward,1304,4.448,10.6618509292603,vale-0,true
outward,1305,3.725,10.6618509292603,vale-0,true
outward,1306,4.392,10.449746131897,vale-0,true
outward,1307,4.727,10.449746131897,vale-0,true
outward,1308,4.726,10.449746131897,vale-0,true
outward,1309,4.628,10.449746131897,vale-0,true
outward,1310,5.146,10.2359952926636,vale-0,true
outward,1311,4.82,10.2359952926636,vale-0,true
outward,1312,4.339,10.2359952926636,vale-0,true
outward,1313,4.374,10.2359952926636,vale-0,true
outward,1314,4.795,10.0205993652344,vale-0,true
outward,1315,4.382,10.0205993652344,vale-0,true
outward,1316,4.572,10.0205993652344,vale-0,true
outward,1317,4.856,9.80355930328369,vale-0,true
outward,1318,4.601,9.80355930328369,vale-0,true
outward,1319,4.504,9.80355930328369,vale-0,true
outward,1320,4.602,9.80355930328369,vale-0,true
outward,1321,4.228,9.58487510681152,vale-0,true
outward,1322,4.442,9.58487510681152,vale-0,true
outward,1323,4.324,9.58487510681152,vale-0,true
outward,1324,4.285,9.58487510681152,vale-0,true
outward,1325,5.61,9.36454772949219,vale-0,true
outward,1326,4.528,9.36454772949219,vale-0,true
outward,1327,4.312,9.36454772949219,vale-0,true
outward,1328,4.78,9.14257907867432,vale-0,true
outward,1329,5.885,9.14257907867432,vale-0,true
outward,1330,4.429,9.14257907867432,vale-0,true
outward,1331,4.036,9.14257907867432,vale-0,true
outward,1332,4.629,8.91897010803223,vale-0,true
outward,1333,4.293,8.91897010803223,vale-0,true
outward,1334,3.722,8.91897010803223,vale-0,true
outward,1335,3.792,8.91897010803223,vale-0,true
outward,1336,3.949,8.69372081756592,vale-0,true
outward,1337,4.415,8.69372081756592,vale-0,true
outward,1338,3.688,8.69372081756592,vale-0,true
outward,1339,5.81,8.46683216094971,vale-0,true
outward,1340,3.98,8.46683216094971,vale-0,true
outward,1341,4.43,8.46683216094971,vale-0,true
outward,1342,4.104,8.46683216094971,vale-0,true
outward,1343,4.496,8.23830604553223,vale-0,true
outward,1344,5.47,8.23830604553223,vale-0,true
outward,1345,4.262,8.23830604553223,vale-0,true
outward,1346,4.079,8.23830604553223,vale-0,true
outward,1347,5.662,8.00814151763916,vale-0,true
outward,1348,4.782,8.00814151763916,vale-0,true
outward,1349,4.147,8.00814151763916,vale-0,true
outward,1350,4.315,7.7763409614563,vale-0,true
outward,1351,4.351,7.7763409614563,vale-0,true
outward,1352,4.513,7.7763409614563,vale-0,true
outward,1353,3.855,7.7763409614563,vale-0,true
outward,1354,5.331,7.54290533065796,vale-0,true
outward,1355,4.714,7.54290533065796,vale-0,true
outward,1356,4.193,7.54290533065796,vale-0,true
outward,1357,3.775,7.54290533065796,vale-0,true
outward,1358,4.623,7.30783462524414,vale-0,true
outward,1359,3.969,7.30783462524414,vale-0,true
outward,1360,4.17,7.30783462524414,vale-0,true
outward,1361,4.369,7.07113075256348,vale-0,true
outward,1362,4.445,7.07113075256348,vale-0,true
outward,1363,5.033,7.07113075256348,vale-0,true
outward,1364,3.889,7.07113075256348,vale-0,true
outward,1365,4.276,6.83279371261597,vale-0,true
outward,1366,4.63,6.83279371261597,vale-0,true
outward,1367,4.734,6.83279371261597,vale-0,true
outward,1368,5.039,6.83279371261597,vale-0,true
outward,1369,5.119,6.59282493591309,vale-0,true
outward,1370,4.639,6.59282493591309,vale-0,true
outward,1371,3.978,6.59282493591309,vale-0,true
outward,1372,4.191,6.35122537612915,vale-0,true
outward,1373,4.325,6.35122537612915,vale-0,true
outward,1374,4.354,6.35122537612915,vale-0,true
outward,1375,4.09,6.35122537612915,vale-0,true
outward,1376,4.665,6.10799598693848,vale-0,true
outward,1377,4.182,6.10799598693848,vale-0,true
outward,1378,5.254,6.10799598693848,vale-0,true
outward,1379,3.656,6.10799598693848,vale-0,true
outward,1380,5.327,5.86313724517822,vale-0,true
outward,1381,4.311,5.86313724517822,vale-0,true
outward,1382,4.677,5.86313724517822,vale-0,true
outward,1383,4.854,5.61665058135986,vale-0,true
outward,1384,3.796,5.61665058135986,vale-0,true
outward,1385,5.163,5.61665058135986,vale-0,true
outward,1386,3.53,5.61665058135986,vale-0,true
outward,1387,4.954,5.36853694915771,vale-0,true
outward,1388,3.82,5.36853694915771,vale-0,true
outward,1389,3.886,5.36853694915771,vale-0,true
outward,1390,4.304,5.36853694915771,vale-0,true
outward,1391,5.19,5.11879682540894,vale-0,true
outward,1392,4.874,5.11879682540894,vale-0,true
outward,1393,4.774,5.11879682540894,vale-0,true
outward,1394,5.324,4.867431640625,vale-0,true
outward,1395,4.511,4.867431640625,vale-0,true
outward,1396,4.848,4.867431640625,vale-0,true
outward,1397,3.599,4.867431640625,vale-0,true
outward,1398,4.249,4.61444282531738,vale-0,true
outward,1399,4.237,4.61444282531738,vale-0,true
outward,1400,4.515,4.61444282531738,vale-0,true
outward,1401,4.734,4.61444282531738,vale-0,true
outward,1402,4.598,4.35983037948608,vale-0,true
outward,1403,3.858,4.35983037948608,vale-0,true
outward,1404,5.082,4.35983037948608,vale-0,true
outward,1405,3.709,4.35983037948608,vale-0,true
outward,1406,4.574,4.10359573364258,vale-0,true
outward,1407,3.681,4.10359573364258,vale-0,true
outward,1408,5.24,4.10359573364258,vale-0,true
outward,1409,3.973,4.10359573364258,vale-0,true
outward,1410,7.454,3.84574007987976,vale-0,true
outward,1411,4.778,3.84574007987976,vale-0,true
outward,1412,3.939,3.84574007987976,vale-0,true
outward,1413,5.189,3.58626389503479,vale-0,true
outward,1414,4.455,3.58626389503479,vale-0,true
outward,1415,5.399,3.58626389503479,vale-0,true
outward,1416,3.9,3.58626389503479,vale-0,true
outward,1417,4.512,3.32516860961914,vale-0,true
outward,1418,4.296,3.32516860961914,vale-0,true
outward,1419,4.583,3.32516860961914,vale-0,true
outward,1420,4.623,3.32516860961914,vale-0,true
outward,1421,5.139,3.06245517730713,vale-0,true
outward,1422,4.909,3.06245517730713,vale-0,true
outward,1423,4.36,3.06245517730713,vale-0,true
outward,1424,5.389,2.79812479019165,vale-0,true
outward,1425,4.253,2.79812479019165,vale-0,true
outward,1426,4.45,2.79812479019165,vale-0,true
outward,1427,4.302,2.79812479019165,vale-0,true
outward,1428,5.1,2.53217816352844,vale-0,true
outward,1429,4.676,2.53217816352844,vale-0,true
outward,1430,4.617,2.53217816352844,vale-0,true
outward,1431,4.692,2.53217816352844,vale-0,true
outward,1432,5.046,2.26461625099182,vale-0,true
outward,1433,4.359,2.26461625099182,vale-0,true
outward,1434,3.901,2.26461625099182,vale-0,true
outward,1435,6.284,1.99544024467468,vale-0,true
outward,1436,4.24,1.99544024467468,vale-0,true
outward,1437,4.556,1.99544024467468,vale-0,true
outward,1438,4.748,1.99544024467468,vale-0,true
outward,1439,5.024,1.72465121746063,vale-0,true
outward,1440,4.301,1.72465121746063,vale-0,true
outward,1441,4.074,1.72465121746063,vale-0,true
outward,1442,4.264,1.72465121746063,vale-0,true
outward,1443,5.547,1.45225024223328,vale-0,true
outward,1444,3.958,1.45225024223328,vale-0,true
outward,1445,4.863,1.45225024223328,vale-0,true
outward,1446,5.504,1.17823839187622,vale-0,true
outward,1447,4.3,1.17823839187622,vale-0,true
outward,1448,4.267,1.17823839187622,vale-0,true
outward,1449,4.351,1.17823839187622,vale-0,true
outward,1450,5.471,0.90261662006378,vale-0,true
outward,1451,4.18,0.90261662006378,vale-0,true
outward,1452,4.741,0.90261662006378,vale-0,true
outward,1453,4.521,0.90261662006378,vale-0,true
outward,1454,4.523,0.62538594007492,vale-0,true
outward,1455,4.09,0.62538594007492,vale-0,true
outward,1456,3.837,0.62538594007492,vale-0,true
outward,1457,6.084,0.34654748439789,vale-0,true
outward,1458,3.67,0.34654748439789,vale-0,true
outward,1459,3.81,0.34654748439789,vale-0,true
outward,1460,4.577,0.34654748439789,vale-0,true
outward,1461,5.474,0.06610232591629,vale-0,true
outward,1462,3.89,0.06610232591629,vale-0,true
outward,1463,3.541,0.06610232591629,vale-0,true
outward,1464,3.782,0.06610232591629,vale-0,true
outward,1465,4.873,-0.21594843268394,vale-0,true
outward,1466,3.687,-0.21594843268394,vale-0,true
outward,1467,3.792,-0.21594843268394,vale-0,true
outward,1468,4.642,-0.49960371851921,vale-0,true
outward,1469,4.755,-0.49960371851921,vale-0,true
outward,1470,3.84,-0.49960371851921,vale-0,true
outward,1471,3.648,-0.49960371851921,vale-0,true
outward,1472,7.902,-0.78486239910126,vale-0,true
outward,1473,4.164,-0.78486239910126,vale-0,true
outward,1474,4.349,-0.78486239910126,vale-0,true
outward,1475,4.42,-0.78486239910126,vale-0,true
outward,1476,5.182,-1.07172346115112,vale-0,true
outward,1477,3.743,-1.07172346115112,vale-0,true
outward,1478,3.863,-1.07172346115112,vale-0,true
outward,1479,4.714,-1.36018574237823,vale-0,true
outward,1480,4.873,-1.36018574237823,vale-0,true
outward,1481,4.12,-1.36018574237823,vale-0,true
outward,1482,3.823,-1.36018574237823,vale-0,true
outward,1483,5.703,-1.65024828910828,vale-0,true
outward,1484,4.455,-1.65024828910828,vale-0,true
outward,1485,4.549,-1.65024828910828,vale-0,true
outward,1486,4.028,-1.65024828910828,vale-0,true
outward,1487,5.242,-1.94190979003906,vale-0,true
outward,1488,4.238,-1.94190979003906,vale-0,true
outward,1489,4.31,-1.94190979003906,vale-0,true
outward,1490,5.851,-2.23516917228699,vale-0,true
outward,1491,4.991,-2.23516917228699,vale-0,true
outward,1492,4.558,-2.23516917228699,vale-0,true
outward,1493,4.323,-2.23516917228699,vale-0,true
outward,1494,5.753,-2.53002548217773,vale-0,true
outward,1495,21.49,-2.82647728919983,vale-0,true
outward,1496,16.119,-3.12452387809753,vale-0,true
outward,1497,19.817,-3.4241635799408,vale-0,true
outward,1498,23.073,-3.72539567947388,vale-0,true
outward,1499,16.266,-4.0282187461853,vale-0,true
outward,1500,24.502,-4.6386342048645,vale-0,true
outward,1501,19.727,-4.94622421264648,vale-0,true
outward,1502,24.568,-5.25540018081665,vale-0,true
outward,1503,21.188,-5.87850618362427,vale-0,true
outward,1504,20.85,-6.19243431091309,vale-0,true
outward,1505,21.042,-6.50794458389282,vale-0,true
outward,1506,16.171,-6.82503509521484,vale-0,true
outward,1507,24.42,-7.46395301818848,vale-0,true
outward,1508,19.41,-7.78577852249146,vale-0,true
outward,1509,24.253,-8.10917949676514,vale-0,true
outward,1510,20.644,-8.76070308685303,vale-0,true
outward,1511,20.363,-9.08882331848145,vale-0,true
outward,1512,20.863,-9.41851425170898,vale-0,true
outward,1513,16.233,-9.74977588653564,vale-0,true
outward,1514,19.638,-10.4170007705688,vale-0,true
outward,1515,21.596,-10.7529630661011,vale-0,true
outward,1516,15.52,-11.0904893875122,vale-0,true
outward,1517,23.57,-11.4295797348022,vale-0,true
outward,1518,19.891,-12.1124458312988,vale-0,true
outward,1519,19.76,-12.4562187194824,vale-0,true
outward,1520,21.002,-12.8015489578247,vale-0,true
outward,1521,15.821,-13.1484365463257,vale-0,true
outward,1522,24.052,-13.8468770980835,vale-0,true
outward,1523,19.221,-14.1984272003174,vale-0,true
outward,1524,23.994,-14.5515289306641,vale-0,true
outward,1525,20.082,-14.9061813354492,vale-0,true
outward,1526,21.157,-15.6201314926147,vale-0,true
outward,1527,15.481,-15.9794273376465,vale-0,true
outward,1528,19.462,-16.3402671813965,vale-0,true
outward,1529,21.979,-16.7026519775391,vale-0,true
outward,1530,15.631,-17.0665798187256,vale-0,true
outward,1531,24.054,-17.7990570068359,vale-0,true
outward,1532,19.381,-18.1676025390625,vale-0,true
outward,1533,22.5,-18.5376853942871,vale-0,true
outward,1534,20.186,-18.9093036651611,vale-0,true
outward,1535,16.475,-19.2824554443359,vale-0,true
outward,1536,19.397,-20.0333595275879,vale-0,true
outward,1537,22.221,-20.4111061096191,vale-0,true
outward,1538,15.306,-20.7903823852539,vale-0,true
outward,1539,23.981,-21.1711845397949,vale-0,true
outward,1540,19.52,-21.5535144805908,vale-0,true
outward,1541,24.591,-22.3227462768555,vale-0,true
outward,1542,19.774,-22.709644317627,vale-0,true
outward,1543,21.014,-23.0980625152588,vale-0,true
outward,1544,16.14,-23.488000869751,vale-0,true
outward,1545,23.831,-23.8794574737549,vale-0,true
outward,1546,20.264,-24.6669139862061,vale-0,true
outward,1547,23.815,-25.0629138946533,vale-0,true
outward,1548,20.234,-25.4604263305664,vale-0,true
outward,1549,20.931,-25.8594493865967,vale-0,true
outward,1550,21.197,-26.6620178222656,vale-0,true
outward,1551,20.854,-27.0655632019043,vale-0,true
outward,1552,15.89,-27.4706115722656,vale-0,true
outward,1553,23.9,-27.8771648406982,vale-0,true
outward,1554,19.672,-28.2852191925049,vale-0,true
outward,1555,24.594,-29.1058254241943,vale-0,true
outward,1556,19.963,-29.5183753967285,vale-0,true
outward,1557,20.887,-29.9324226379395,vale-0,true
outward,1558,16.152,-30.3479614257812,vale-0,true
outward,1559,24.496,-31.1835193634033,vale-0,true
outward,1560,18.951,-31.6035346984863,vale-0,true
outward,1561,22.489,-32.0250358581543,vale-0,true
outward,1562,20.331,-32.4480247497559,vale-0,true
outward,1563,20.455,-32.872501373291,vale-0,true
outward,1564,16.51,-33.7258987426758,vale-0,true
outward,1565,15.139,-34.1548194885254,vale-0,true
outward,1566,24.774,-34.5852203369141,vale-0,true
outward,1567,19.72,-35.0170974731445,vale-0,true
outward,1568,25.049,-35.8852767944336,vale-0,true
outward,1569,20.035,-36.3215789794922,vale-0,true
outward,1570,20.992,-36.7593536376953,vale-0,true
outward,1571,16.222,-37.1985969543457,vale-0,true
outward,1572,23.939,-37.6393089294434,vale-0,true
outward,1573,20.266,-38.5251312255859,vale-0,true
outward,1574,24.076,-38.9702377319336,vale-0,true
outward,1575,20.284,-39.4168090820312,vale-0,true
outward,1576,21.135,-39.8648414611816,vale-0,true
outward,1577,16.7,-40.7652778625488,vale-0,true
outward,1578,23.952,-41.2176818847656,vale-0,true
outward,1579,19.69,-41.6715393066406,vale-0,true
outward,1580,24.561,-42.1268501281738,vale-0,true
outward,1581,20.79,-43.0418281555176,vale-0,true
outward,1582,19.1,-43.5014877319336,vale-0,true
outward,1583,17.28,-43.9625930786133,vale-0,true
outward,1584,18.677,-44.4251441955566,vale-0,true
outward,1585,19.74,-45.3545761108398,vale-0,true
outward,1586,15.541,-45.8214530944824,vale-0,true
outward,1587,24.014,-46.2897644042969,vale-0,true
outward,1588,19.816,-46.7595176696777,vale-0,true
outward,1589,23.186,-47.7033195495605,vale-0,true
outward,1590,20.246,-48.1773643493652,vale-0,true
outward,1591,20.905,-48.6528472900391,vale-0,true
outward,1592,16.348,-49.1297569274902,vale-0,true
outward,1593,19.48,-49.608097076416,vale-0,true
outward,1594,22.976,-50.5690460205078,vale-0,true
outward,1595,15.36,-51.0516510009766,vale-0,true
outward,1596,23.899,-51.5356826782227,vale-0,true
outward,1597,19.626,-52.021125793457,vale-0,true
outward,1598,24.741,-52.9962692260742,vale-0,true
outward,1599,20.175,-53.4859657287598,vale-0,true
outward,1600,20.914,-53.9770698547363,vale-0,true
outward,1601,20.902,-54.4695892333984,vale-0,true
outward,1602,16.405,-54.9635124206543,vale-0,true
outward,1603,19.858,-55.9555816650391,vale-0,true
outward,1604,22.279,-56.4518585205078,vale-0,true
outward,1605,15.641,-56.9476699829102,vale-0,true
outward,1606,24.067,-57.4430236816406,vale-0,true
outward,1607,20.28,-58.4323425292969,vale-0,true
outward,1608,23.984,-58.9281768798828,vale-0,true
outward,1609,20.521,-59.4235534667969,vale-0,true
outward,1610,21.135,-59.9184646606445,vale-0,true
outward,1611,21.388,-60.9125099182129,vale-0,true
outward,1612,16.195,-61.4097709655762,vale-0,true
outward,1613,24.234,-61.9065628051758,vale-0,true
outward,1614,20.675,-62.4029006958008,vale-0,true
outward,1615,20.09,-63.3941802978516,vale-0,true
outward,1616,22.096,-63.8891258239746,vale-0,true
outward,1617,19.391,-64.3854827880859,vale-0,true
outward,1618,18.764,-64.8813705444336,vale-0,true
outward,1619,15.898,-65.3768005371094,vale-0,true
outward,1620,24.937,-66.3662796020508,vale-0,true
outward,1621,20.183,-66.862190246582,vale-0,true
outward,1622,19.535,-67.3576431274414,vale-0,true
outward,1623,20.868,-67.8526306152344,vale-0,true
outward,1624,21.361,-68.8468322753906,vale-0,true
outward,1625,15.934,-69.3441696166992,vale-0,true
outward,1626,19.41,-69.8410415649414,vale-0,true
outward,1627,22.244,-70.3374557495117,vale-0,true
outward,1628,15.675,-70.8334045410156,vale-0,true
outward,1629,24.025,-71.8239212036133,vale-0,true
outward,1630,19.24,-72.318489074707,vale-0,true
outward,1631,22.48,-72.8144607543945,vale-0,true
outward,1632,20.12,-73.3099746704102,vale-0,true
outward,1633,21.239,-74.2996139526367,vale-0,true
outward,1634,15.692,-74.7956085205078,vale-0,true
outward,1635,19.339,-75.291145324707,vale-0,true
outward,1636,22.502,-75.7862167358398,vale-0,true
outward,1637,15.705,-76.2808303833008,vale-0,true
outward,1638,24.268,-77.2742691040039,vale-0,true
outward,1639,19.581,-77.7712249755859,vale-0,true
outward,1640,22.592,-78.2677230834961,vale-0,true
outward,1641,20.505,-78.7637557983398,vale-0,true
outward,1642,21.227,-79.7544403076172,vale-0,true
outward,1643,15.975,-80.2490921020508,vale-0,true
outward,1644,19.42,-80.7451477050781,vale-0,true
outward,1645,22.816,-81.2407455444336,vale-0,true
outward,1646,15.687,-81.7358703613281,vale-0,true
outward,1647,24.248,-82.7247543334961,vale-0,true
outward,1648,19.308,-83.2203750610352,vale-0,true
outward,1649,18.111,-83.7155303955078,vale-0,true
outward,1650,4.93,-83.7155303955078,vale-0,true
outward,1651,5.268,-84.2102279663086,vale-0,true
outward,1652,4.874,-84.2102279663086,vale-0,true
outward,1653,5.147,-84.2102279663086,vale-0,true
outward,1654,6.695,-84.7063293457031,vale-0,true
outward,1655,4.766,-84.7063293457031,vale-0,true
outward,1656,4.6,-84.7063293457031,vale-0,true
outward,1657,4.253,-84.7063293457031,vale-0,true
outward,1658,5.74,-85.2019729614258,vale-0,true
outward,1659,4.85,-85.2019729614258,vale-0,true
outward,1660,4.758,-85.2019729614258,vale-0,true
outward,1661,4.831,-85.697151184082,vale-0,true
outward,1662,4.458,-85.697151184082,vale-0,true
outward,1663,3.818,-85.697151184082,vale-0,true
outward,1664,4.822,-85.697151184082,vale-0,true
outward,1665,5.6,-86.1918716430664,vale-0,true
outward,1666,4.654,-86.1918716430664,vale-0,true
outward,1667,4.273,-86.1918716430664,vale-0,true
outward,1668,5.371,-86.68798828125,vale-0,true
outward,1669,5.228,-86.68798828125,vale-0,true
outward,1670,4.205,-86.68798828125,vale-0,true
outward,1671,5.421,-86.68798828125,vale-0,true
outward,1672,4.679,-87.1836547851562,vale-0,true
outward,1673,5.191,-87.1836547851562,vale-0,true
outward,1674,3.923,-87.1836547851562,vale-0,true
outward,1675,5.083,-87.6788482666016,vale-0,true
outward,1676,3.921,-87.6788482666016,vale-0,true
outward,1677,3.693,-87.6788482666016,vale-0,true
outward,1678,3.919,-87.6788482666016,vale-0,true
outward,1679,5.201,-88.1735916137695,vale-0,true
outward,1680,4.526,-88.1735916137695,vale-0,true
outward,1681,4.68,-88.1735916137695,vale-0,true
outward,1682,4.467,-88.1735916137695,vale-0,true
outward,1683,4.312,-88.6697311401367,vale-0,true
outward,1684,3.965,-88.6697311401367,vale-0,true
outward,1685,4.066,-88.6697311401367,vale-0,true
outward,1686,4.674,-88.6697311401367,vale-0,true
outward,1687,4.936,-89.1654205322266,vale-0,true
outward,1688,4.221,-89.1654205322266,vale-0,true
outward,1689,4.328,-89.1654205322266,vale-0,true
outward,1690,4.908,-89.1654205322266,vale-0,true
outward,1691,4.405,-89.6606369018555,vale-0,true
outward,1692,4.205,-89.6606369018555,vale-0,true
outward,1693,4.818,-89.6606369018555,vale-0,true
outward,1694,4.242,-89.6606369018555,vale-0,true
outward,1695,5.313,-90.155403137207,vale-0,true
outward,1696,4.195,-90.155403137207,vale-0,true
outward,1697,4.933,-90.155403137207,vale-0,true
outward,1698,4.297,-90.155403137207,vale-0,true
outward,1699,5.154,-90.6515655517578,vale-0,true
outward,1700,5.173,-90.6515655517578,vale-0,true
outward,1701,5.063,-90.6515655517578,vale-0,true
outward,1702,4.219,-90.6515655517578,vale-0,true
outward,1703,5.21,-91.1472702026367,vale-0,true
outward,1704,5.04,-91.1472702026367,vale-0,true
outward,1705,3.489,-91.1472702026367,vale-0,true
outward,1706,3.904,-91.1472702026367,vale-0,true
outward,1707,4.332,-91.6425094604492,vale-0,true
outward,1708,5.115,-91.6425094604492,vale-0,true
outward,1709,4.333,-91.6425094604492,vale-0,true
outward,1710,5.135,-92.1372909545898,vale-0,true
outward,1711,4.91,-92.1372909545898,vale-0,true
outward,1712,4.404,-92.1372909545898,vale-0,true
outward,1713,4.368,-92.1372909545898,vale-0,true
outward,1714,5.015,-92.6334762573242,vale-0,true
outward,1715,4.779,-92.6334762573242,vale-0,true
outward,1716,3.862,-92.6334762573242,vale-0,true
outward,1717,3.961,-92.6334762573242,vale-0,true
outward,1718,6.136,-93.1292037963867,vale-0,true
outward,1719,3.926,-93.1292037963867,vale-0,true
outward,1720,3.981,-93.1292037963867,vale-0,true
outward,1721,6.247,-93.6244659423828,vale-0,true
outward,1722,5.097,-93.6244659423828,vale-0,true
outward,1723,4.141,-93.6244659423828,vale-0,true
outward,1724,4.465,-93.6244659423828,vale-0,true
outward,1725,4.936,-94.119270324707,vale-0,true
outward,1726,4.446,-94.119270324707,vale-0,true
outward,1727,4.708,-94.119270324707,vale-0,true
outward,1728,4.152,-94.119270324707,vale-0,true
outward,1729,5.307,-94.615478515625,vale-0,true
outward,1730,4.361,-94.615478515625,vale-0,true
outward,1731,4.703,-94.615478515625,vale-0,true
outward,1732,4.619,-95.1112289428711,vale-0,true
outward,1733,4.345,-95.1112289428711,vale-0,true
outward,1734,3.932,-95.1112289428711,vale-0,true
outward,1735,3.577,-95.1112289428711,vale-0,true
outward,1736,4.255,-95.6065139770508,vale-0,true
outward,1737,4.639,-95.6065139770508,vale-0,true
outward,1738,3.623,-95.6065139770508,vale-0,true
outward,1739,3.839,-95.6065139770508,vale-0,true
outward,1740,4.267,-96.1013412475586,vale-0,true
outward,1741,5.267,-96.1013412475586,vale-0,true
outward,1742,3.59,-96.1013412475586,vale-0,true
outward,1743,3.415,-96.1013412475586,vale-0,true
outward,1744,4.533,-96.5975723266602,vale-0,true
outward,1745,4.925,-96.5975723266602,vale-0,true
outward,1746,3.697,-96.5975723266602,vale-0,true
outward,1747,4.521,-96.5975723266602,vale-0,true
outward,1748,4.625,-97.0933456420898,vale-0,true
outward,1749,5.514,-97.0933456420898,vale-0,true
outward,1750,3.744,-97.0933456420898,vale-0,true
outward,1751,5.064,-97.5886535644531,vale-0,true
outward,1752,4.469,-97.5886535644531,vale-0,true
outward,1753,4.468,-97.5886535644531,vale-0,true
outward,1754,7.528,-97.5886535644531,vale-0,true
outward,1755,6.685,-98.0835037231445,vale-0,true
outward,1756,5.601,-98.0835037231445,vale-0,true
outward,1757,5.408,-98.0835037231445,vale-0,true
outward,1758,5.16,-98.0835037231445,vale-0,true
outward,1759,6.826,-98.5797500610352,vale-0,true
outward,1760,4.594,-98.5797500610352,vale-0,true
outward,1761,4.87,-98.5797500610352,vale-0,true
outward,1762,4.803,-99.0755462646484,vale-0,true
outward,1763,4.309,-99.0755462646484,vale-0,true
outward,1764,4.528,-99.0755462646484,vale-0,true
outward,1765,4.644,-99.5708694458008,vale-0,true
outward,1766,3.501,-99.5708694458008,vale-0,true
outward,1767,3.951,-99.5708694458008,vale-0,true
outward,1768,4.0,-99.5708694458008,vale-0,true
outward,1769,5.206,-100.065742492676,vale-0,true
outward,1770,5.114,-100.065742492676,vale-0,true
outward,1771,4.212,-100.065742492676,vale-0,true
outward,1772,5.003,-100.56201171875,vale-0,true
outward,1773,4.863,-100.56201171875,vale-0,true
outward,1774,4.015,-100.56201171875,vale-0,true
outward,1775,5.183,-101.057823181152,vale-0,true
outward,1776,4.056,-101.057823181152,vale-0,true
outward,1777,4.226,-101.057823181152,vale-0,true
outward,1778,4.353,-101.057823181152,vale-0,true
outward,1779,4.976,-101.553169250488,vale-0,true
outward,1780,4.507,-101.553169250488,vale-0,true
outward,1781,4.367,-101.553169250488,vale-0,true
outward,1782,5.741,-102.048057556152,vale-0,true
outward,1783,4.489,-102.048057556152,vale-0,true
outward,1784,4.019,-102.048057556152,vale-0,true
outward,1785,4.037,-102.048057556152,vale-0,true
outward,1786,4.495,-102.54434967041,vale-0,true
outward,1787,5.117,-102.54434967041,vale-0,true
outward,1788,4.217,-102.54434967041,vale-0,true
outward,1789,4.927,-103.040184020996,vale-0,true
outward,1790,4.41,-103.040184020996,vale-0,true
outward,1791,4.509,-103.040184020996,vale-0,true
outward,1792,4.367,-103.040184020996,vale-0,true
outward,1793,5.602,-103.535552978516,vale-0,true
outward,1794,4.954,-103.535552978516,vale-0,true
outward,1795,4.004,-103.535552978516,vale-0,true
outward,1796,5.223,-104.030464172363,vale-0,true
outward,1797,4.428,-104.030464172363,vale-0,true
outward,1798,8.122,-104.030464172363,vale-0,true
outward,1799,5.193,-104.526779174805,vale-0,true
outward,1800,4.419,-104.526779174805,vale-0,true
outward,1801,4.685,-104.526779174805,vale-0,true
outward,1802,4.428,-104.526779174805,vale-0,true
outward,1803,5.215,-105.022636413574,vale-0,true
outward,1804,4.774,-105.022636413574,vale-0,true
outward,1805,4.221,-105.022636413574,vale-0,true
outward,1806,6.084,-105.518028259277,vale-0,true
outward,1807,4.615,-105.518028259277,vale-0,true
outward,1808,4.557,-105.518028259277,vale-0,true
outward,1809,4.101,-105.518028259277,vale-0,true
outward,1810,4.802,-106.012962341309,vale-0,true
outward,1811,4.663,-106.012962341309,vale-0,true
outward,1812,3.969,-106.012962341309,vale-0,true
outward,1813,5.96,-106.509292602539,vale-0,true
outward,1814,4.268,-106.509292602539,vale-0,true
outward,1815,5.065,-106.509292602539,vale-0,true
outward,1816,4.37,-106.509292602539,vale-0,true
outward,1817,4.98,-107.005172729492,vale-0,true
outward,1818,4.455,-107.005172729492,vale-0,true
outward,1819,4.534,-107.005172729492,vale-0,true
outward,1820,6.357,-107.500579833984,vale-0,true
outward,1821,4.867,-107.500579833984,vale-0,true
outward,1822,4.195,-107.500579833984,vale-0,true
outward,1823,4.331,-107.500579833984,vale-0,true
outward,1824,5.538,-107.995536804199,vale-0,true
outward,1825,3.972,-107.995536804199,vale-0,true
outward,1826,3.71,-107.995536804199,vale-0,true
outward,1827,5.616,-108.491889953613,vale-0,true
outward,1828,4.118,-108.491889953613,vale-0,true
outward,1829,4.707,-108.491889953613,vale-0,true
outward,1830,3.782,-108.491889953613,vale-0,true
outward,1831,5.47,-108.987785339355,vale-0,true
outward,1832,4.297,-108.987785339355,vale-0,true
outward,1833,3.508,-108.987785339355,vale-0,true
outward,1834,4.58,-109.483215332031,vale-0,true
outward,1835,4.35,-109.483215332031,vale-0,true
outward,1836,5.245,-109.483215332031,vale-0,true
outward,1837,3.63,-109.483215332031,vale-0,true
outward,1838,4.257,-109.978187561035,vale-0,true
outward,1839,4.493,-109.978187561035,vale-0,true
outward,1840,4.291,-109.978187561035,vale-0,true
outward,1841,4.882,-110.474563598633,vale-0,true
outward,1842,4.105,-110.474563598633,vale-0,true
outward,1843,4.701,-110.474563598633,vale-0,true
outward,1844,4.036,-110.474563598633,vale-0,true
outward,1845,3.962,-110.970481872559,vale-0,true
outward,1846,4.781,-110.970481872559,vale-0,true
outward,1847,4.538,-110.970481872559,vale-0,true
outward,1848,5.19,-111.465934753418,vale-0,true
outward,1849,3.928,-111.465934753418,vale-0,true
outward,1850,3.672,-111.465934753418,vale-0,true
outward,1851,5.117,-111.465934753418,vale-0,true
outward,1852,5.055,-111.960929870605,vale-0,true
outward,1853,4.722,-111.960929870605,vale-0,true
outward,1854,4.087,-111.960929870605,vale-0,true
outward,1855,5.133,-112.457328796387,vale-0,true
outward,1856,4.019,-112.457328796387,vale-0,true
outward,1857,3.912,-112.457328796387,vale-0,true
outward,1858,4.793,-112.457328796387,vale-0,true
outward,1859,5.516,-112.953269958496,vale-0,true
outward,1860,4.467,-112.953269958496,vale-0,true
outward,1861,3.854,-112.953269958496,vale-0,true
outward,1862,4.884,-112.953269958496,vale-0,true
outward,1863,4.281,-113.448738098145,vale-0,true
outward,1864,3.981,-113.448738098145,vale-0,true
outward,1865,4.241,-113.448738098145,vale-0,true
outward,1866,4.617,-113.448738098145,vale-0,true
outward,1867,4.865,-113.943756103516,vale-0,true
outward,1868,3.961,-113.943756103516,vale-0,true
outward,1869,3.95,-113.943756103516,vale-0,true
outward,1870,4.69,-113.943756103516,vale-0,true
outward,1871,5.292,-114.43830871582,vale-0,true
outward,1872,3.877,-114.43830871582,vale-0,true
outward,1873,4.0,-114.43830871582,vale-0,true
outward,1874,6.084,-114.43830871582,vale-0,true
outward,1875,5.07,-114.934272766113,vale-0,true
outward,1876,4.534,-114.934272766113,vale-0,true
outward,1877,4.308,-114.934272766113,vale-0,true
outward,1878,3.706,-114.934272766113,vale-0,true
outward,1879,4.92,-115.429763793945,vale-0,true
outward,1880,4.231,-115.429763793945,vale-0,true
outward,1881,5.272,-115.429763793945,vale-0,true
outward,1882,4.13,-115.429763793945,vale-0,true
outward,1883,4.588,-115.9248046875,vale-0,true
outward,1884,4.205,-115.9248046875,vale-0,true
outward,1885,3.282,-115.9248046875,vale-0,true
outward,1886,4.025,-115.9248046875,vale-0,true
outward,1887,4.278,-116.419380187988,vale-0,true
outward,1888,3.872,-116.419380187988,vale-0,true
outward,1889,4.703,-116.419380187988,vale-0,true
outward,1890,3.619,-116.419380187988,vale-0,true
outward,1891,4.59,-116.915367126465,vale-0,true
outward,1892,4.477,-116.915367126465,vale-0,true
outward,1893,4.482,-116.915367126465,vale-0,true
outward,1894,4.599,-116.915367126465,vale-0,true
outward,1895,4.879,-117.41088104248,vale-0,true
outward,1896,4.66,-117.41088104248,vale-0,true
outward,1897,4.036,-117.41088104248,vale-0,true
outward,1898,4.024,-117.41088104248,vale-0,true
outward,1899,4.866,-117.905944824219,vale-0,true
outward,1900,4.154,-117.905944824219,vale-0,true
outward,1901,4.295,-117.905944824219,vale-0,true
outward,1902,4.901,-118.400543212891,vale-0,true
outward,1903,6.091,-118.400543212891,vale-0,true
outward,1904,4.083,-118.400543212891,vale-0,true
outward,1905,3.807,-118.400543212891,vale-0,true
outward,1906,4.584,-118.896553039551,vale-0,true
outward,1907,4.316,-118.896553039551,vale-0,true
outward,1908,4.365,-118.896553039551,vale-0,true
outward,1909,3.956,-118.896553039551,vale-0,true
outward,1910,4.289,-119.39208984375,vale-0,true
outward,1911,4.682,-119.39208984375,vale-0,true
outward,1912,4.218,-119.39208984375,vale-0,true
outward,1913,4.029,-119.39208984375,vale-0,true
outward,1914,4.396,-119.887176513672,vale-0,true
outward,1915,4.095,-119.887176513672,vale-0,true
outward,1916,3.804,-119.887176513672,vale-0,true
outward,1917,4.149,-119.887176513672,vale-0,true
outward,1918,5.189,-120.381790161133,vale-0,true
outward,1919,3.818,-120.381790161133,vale-0,true
outward,1920,3.484,-120.381790161133,vale-0,true
outward,1921,4.586,-120.381790161133,vale-0,true
outward,1922,4.829,-120.877822875977,vale-0,true
outward,1923,4.813,-120.877822875977,vale-0,true
outward,1924,3.81,-120.877822875977,vale-0,true
outward,1925,4.957,-121.373382568359,vale-0,true
outward,1926,4.036,-121.373382568359,vale-0,true
outward,1927,4.547,-121.373382568359,vale-0,true
outward,1928,4.489,-121.373382568359,vale-0,true
outward,1929,4.621,-121.868492126465,vale-0,true
outward,1930,4.647,-121.868492126465,vale-0,true
outward,1931,4.117,-121.868492126465,vale-0,true
outward,1932,3.858,-121.868492126465,vale-0,true
outward,1933,4.985,-122.363128662109,vale-0,true
outward,1934,4.404,-122.363128662109,vale-0,true
outward,1935,4.515,-122.363128662109,vale-0,true
outward,1936,4.143,-122.363128662109,vale-0,true
outward,1937,4.73,-122.859176635742,vale-0,true
outward,1938,4.309,-122.859176635742,vale-0,true
outward,1939,3.532,-122.859176635742,vale-0,true
outward,1940,4.067,-122.859176635742,vale-0,true
outward,1941,4.745,-123.354759216309,vale-0,true
outward,1942,4.087,-123.354759216309,vale-0,true
outward,1943,4.155,-123.354759216309,vale-0,true
outward,1944,5.012,-123.849884033203,vale-0,true
outward,1945,4.378,-123.849884033203,vale-0,true
outward,1946,4.399,-123.849884033203,vale-0,true
outward,1947,4.047,-123.849884033203,vale-0,true
outward,1948,4.613,-124.344543457031,vale-0,true
outward,1949,4.038,-124.344543457031,vale-0,true
outward,1950,4.966,-124.344543457031,vale-0,true
outward,1951,3.966,-124.344543457031,vale-0,true
outward,1952,5.408,-124.840614318848,vale-0,true
outward,1953,4.413,-124.840614318848,vale-0,true
outward,1954,3.578,-124.840614318848,vale-0,true
outward,1955,3.951,-124.840614318848,vale-0,true
outward,1956,4.357,-125.336219787598,vale-0,true
outward,1957,5.254,-125.336219787598,vale-0,true
outward,1958,3.769,-125.336219787598,vale-0,true
outward,1959,3.681,-125.336219787598,vale-0,true
outward,1960,4.993,-125.831367492676,vale-0,true
outward,1961,4.168,-125.831367492676,vale-0,true
outward,1962,3.592,-125.831367492676,vale-0,true
outward,1963,3.895,-125.831367492676,vale-0,true
outward,1964,4.448,-126.326049804688,vale-0,true
outward,1965,4.985,-126.326049804688,vale-0,true
outward,1966,3.535,-126.326049804688,vale-0,true
outward,1967,3.798,-126.326049804688,vale-0,true
outward,1968,4.512,-126.822143554688,vale-0,true
outward,1969,4.331,-126.822143554688,vale-0,true
outward,1970,4.777,-126.822143554688,vale-0,true
outward,1971,4.641,-127.317771911621,vale-0,true
outward,1972,3.971,-127.317771911621,vale-0,true
outward,1973,4.132,-127.317771911621,vale-0,true
outward,1974,3.845,-127.317771911621,vale-0,true
outward,1975,4.259,-127.812942504883,vale-0,true
outward,1976,4.142,-127.812942504883,vale-0,true
outward,1977,5.062,-127.812942504883,vale-0,true
outward,1978,3.693,-127.812942504883,vale-0,true
outward,1979,4.306,-128.307647705078,vale-0,true
outward,1980,4.164,-128.307647705078,vale-0,true
outward,1981,4.346,-128.307647705078,vale-0,true
outward,1982,4.019,-128.307647705078,vale-0,true
outward,1983,4.875,-128.803771972656,vale-0,true
outward,1984,4.192,-128.803771972656,vale-0,true
outward,1985,4.063,-128.803771972656,vale-0,true
outward,1986,3.87,-128.803771972656,vale-0,true
outward,1987,5.073,-129.299423217773,vale-0,true
outward,1988,4.612,-129.299423217773,vale-0,true
outward,1989,4.633,-129.299423217773,vale-0,true
outward,1990,3.791,-129.299423217773,vale-0,true
outward,1991,4.425,-129.794616699219,vale-0,true
outward,1992,4.735,-129.794616699219,vale-0,true
outward,1993,4.009,-129.794616699219,vale-0,true
outward,1994,4.412,-129.794616699219,vale-0,true
outward,1995,4.635,-130.289337158203,vale-0,true
outward,1996,4.77,-130.289337158203,vale-0,true
outward,1997,4.461,-130.289337158203,vale-0,true
outward,1998,12.67,-130.78547668457,vale-0,true
outward,1999,15.482,-130.78547668457,vale-0,true
outward,2000,20.162,-131.776351928711,vale-0,true
outward,2001,18.507,-132.271102905273,vale-0,true
outward,2002,16.445,-132.76725769043,vale-0,true
outward,2003,24.2,-133.758193969727,vale-0,true
outward,2004,19.529,-134.252960205078,vale-0,true
outward,2005,20.511,-134.749145507812,vale-0,true
outward,2006,20.704,-135.244857788086,vale-0,true
outward,2007,16.325,-136.234909057617,vale-0,true
outward,2008,18.686,-136.731109619141,vale-0,true
outward,2009,22.204,-137.226852416992,vale-0,true
outward,2010,15.425,-137.722137451172,vale-0,true
outward,2011,24.136,-138.711303710938,vale-0,true
outward,2012,18.533,-139.207061767578,vale-0,true
outward,2013,15.3,-139.702362060547,vale-0,true
outward,2014,23.56,-140.197204589844,vale-0,true
outward,2015,19.392,-140.693450927734,vale-0,true
outward,2016,19.997,-141.189239501953,vale-0,true
outward,2017,21.087,-142.179428100586,vale-0,true
outward,2018,15.606,-142.675704956055,vale-0,true
outward,2019,19.016,-143.171508789062,vale-0,true
outward,2020,22.22,-143.666854858398,vale-0,true
outward,2021,15.325,-144.161727905273,vale-0,true
outward,2022,19.041,-144.658020019531,vale-0,true
outward,2023,18.269,-145.153839111328,vale-0,true
outward,2024,16.047,-145.649200439453,vale-0,true
outward,2025,18.858,-146.144104003906,vale-0,true
outward,2026,22.833,-147.138122558594,vale-0,true
outward,2027,14.995,-147.635375976562,vale-0,true
outward,2028,23.718,-148.13215637207,vale-0,true
outward,2029,19.318,-148.628479003906,vale-0,true
outward,2030,19.977,-149.12434387207,vale-0,true
outward,2031,20.659,-149.619750976562,vale-0,true
outward,2032,15.951,-150.114685058594,vale-0,true
outward,2033,18.959,-150.611038208008,vale-0,true
outward,2034,22.745,-151.602340698242,vale-0,true
outward,2035,14.975,-152.097305297852,vale-0,true
outward,2036,23.78,-152.593673706055,vale-0,true
outward,2037,19.33,-153.089569091797,vale-0,true
outward,2038,20.021,-153.585006713867,vale-0,true
outward,2039,20.548,-154.079986572266,vale-0,true
outward,2040,15.895,-154.576370239258,vale-0,true
outward,2041,18.761,-155.072296142578,vale-0,true
outward,2042,22.418,-156.062759399414,vale-0,true
outward,2043,14.804,-156.55729675293,vale-0,true
outward,2044,23.595,-157.053237915039,vale-0,true
outward,2045,19.23,-157.548721313477,vale-0,true
outward,2046,22.077,-158.043746948242,vale-0,true
outward,2047,19.953,-158.538314819336,vale-0,true
outward,2048,20.929,-159.531661987305,vale-0,true
outward,2049,15.359,-160.028564453125,vale-0,true
outward,2050,18.626,-160.525009155273,vale-0,true
outward,2051,22.248,-161.02099609375,vale-0,true
outward,2052,15.382,-161.516525268555,vale-0,true
outward,2053,23.635,-162.011581420898,vale-0,true
outward,2054,19.663,-163.00032043457,vale-0,true
outward,2055,19.576,-163.495864868164,vale-0,true
outward,2056,20.329,-163.990951538086,vale-0,true
outward,2057,15.948,-164.485580444336,vale-0,true
outward,2058,18.958,-164.98161315918,vale-0,true
outward,2059,21.876,-165.477188110352,vale-0,true
outward,2060,15.63,-166.466934204102,vale-0,true
outward,2061,23.109,-166.962982177734,vale-0,true
outward,2062,19.319,-167.458572387695,vale-0,true
outward,2063,20.048,-167.953704833984,vale-0,true
outward,2064,20.665,-168.448379516602,vale-0,true
outward,2065,15.918,-168.944458007812,vale-0,true
outward,2066,19.348,-169.93522644043,vale-0,true
outward,2067,21.634,-170.429916381836,vale-0,true
outward,2068,15.324,-170.926010131836,vale-0,true
outward,2069,23.485,-171.421646118164,vale-0,true
outward,2070,19.084,-171.91682434082,vale-0,true
outward,2071,19.949,-172.411544799805,vale-0,true
outward,2072,20.739,-173.405197143555,vale-0,true
outward,2073,15.638,-173.902252197266,vale-0,true
outward,2074,18.94,-174.398849487305,vale-0,true
outward,2075,22.311,-174.894989013672,vale-0,true
outward,2076,15.13,-175.390670776367,vale-0,true
outward,2077,23.603,-175.885879516602,vale-0,true
outward,2078,19.654,-176.874923706055,vale-0,true
outward,2079,19.614,-177.370620727539,vale-0,true
outward,2080,20.298,-177.865859985352,vale-0,true
outward,2081,15.882,-178.360626220703,vale-0,true
outward,2082,18.912,-178.856811523438,vale-0,true
outward,2083,22.012,-179.352523803711,vale-0,true
outward,2084,15.454,-180.342575073242,vale-0,true
outward,2085,18.574,-180.838775634766,vale-0,true
outward,2086,23.097,-181.334518432617,vale-0,true
outward,2087,15.104,-181.829803466797,vale-0,true
outward,2088,23.771,-182.324615478516,vale-0,true
outward,2089,19.28,-182.820846557617,vale-0,true
outward,2090,15.453,-183.811904907227,vale-0,true
outward,2091,23.292,-184.306747436523,vale-0,true
outward,2092,19.29,-184.802993774414,vale-0,true
outward,2093,19.922,-185.298782348633,vale-0,true
outward,2094,20.069,-185.79411315918,vale-0,true
outward,2095,20.328,-186.288970947266,vale-0,true
outward,2096,16.274,-187.282913208008,vale-0,true
outward,2097,18.332,-187.780120849609,vale-0,true
outward,2098,22.013,-188.27685546875,vale-0,true
outward,2099,15.199,-188.773147583008,vale-0,true
outward,2100,23.284,-189.268966674805,vale-0,true
outward,2101,14.894,-189.76432800293,vale-0,true
outward,2102,20.787,-190.753662109375,vale-0,true
outward,2103,15.327,-191.249496459961,vale-0,true
outward,2104,18.607,-191.744873046875,vale-0,true
outward,2105,22.071,-192.239791870117,vale-0,true
outward,2106,14.918,-192.736114501953,vale-0,true
outward,2107,18.574,-193.231979370117,vale-0,true
outward,2108,22.085,-193.727386474609,vale-0,true
outward,2109,15.601,-194.716796875,vale-0,true
outward,2110,18.058,-195.212677001953,vale-0,true
outward,2111,21.871,-195.708099365234,vale-0,true
outward,2112,15.117,-196.203063964844,vale-0,true
outward,2113,22.889,-196.699432373047,vale-0,true
outward,2114,18.938,-197.195343017578,vale-0,true
outward,2115,14.85,-197.690795898438,vale-0,true
outward,2116,23.238,-198.173690795898,vale-0,true
outward,2117,14.796,-198.173690795898,vale-0,true
outward,2118,22.449,-198.173690795898,vale-0,true
outward,2119,14.701,-198.173690795898,vale-0,true
outward,2120,23.022,-198.173690795898,vale-0,true
outward,2121,19.238,-198.173690795898,vale-0,true
outward,2122,15.018,-198.173690795898,vale-0,true
outward,2123,18.946,-198.173690795898,vale-0,true
outward,2124,21.617,-198.173690795898,vale-0,true
outward,2125,15.173,-198.173690795898,vale-0,true
outward,2126,18.589,-198.173690795898,vale-0,true
outward,2127,18.026,-198.173690795898,vale-0,true
outward,2128,15.664,-198.173690795898,vale-0,true
outward,2129,18.641,-198.173690795898,vale-0,true
outward,2130,17.917,-198.173690795898,vale-0,true
outward,2131,15.722,-198.173690795898,vale-0,true
outward,2132,18.583,-198.173690795898,vale-0,true
outward,2133,18.118,-198.173690795898,vale-0,true
outward,2134,15.592,-198.173690795898,vale-0,true
outward,2135,18.673,-198.173690795898,vale-0,true
outward,2136,18.243,-198.173690795898,vale-0,true
outward,2137,15.397,-198.173690795898,vale-0,true
outward,2138,18.435,-198.173690795898,vale-0,true
outward,2139,18.355,-198.173690795898,vale-0,true
outward,2140,15.356,-198.173690795898,vale-0,true
outward,2141,18.846,-198.173690795898,vale-0,true
outward,2142,17.768,-198.173690795898,vale-0,true
outward,2143,15.728,-198.173690795898,vale-0,true
outward,2144,18.675,-198.173690795898,vale-0,true
outward,2145,18.098,-198.173690795898,vale-0,true
outward,2146,15.508,-198.173690795898,vale-0,true
outward,2147,18.761,-198.173690795898,vale-0,true
outward,2148,22.54,-198.173690795898,vale-0,true
outward,2149,14.672,-198.173690795898,vale-0,true
outward,2150,23.358,-198.173690795898,vale-0,true
outward,2151,15.007,-198.173690795898,vale-0,true
outward,2152,22.399,-198.173690795898,vale-0,true
outward,2153,15.182,-198.173690795898,vale-0,true
outward,2154,18.701,-198.173690795898,vale-0,true
outward,2155,22.015,-198.173690795898,vale-0,true
outward,2156,15.233,-198.173690795898,vale-0,true
outward,2157,18.596,-198.173690795898,vale-0,true
outward,2158,22.371,-198.173690795898,vale-0,true
outward,2159,14.541,-198.173690795898,vale-0,true
outward,2160,23.126,-198.173690795898,vale-0,true
outward,2161,15.13,-198.173690795898,vale-0,true
outward,2162,15.447,-198.173690795898,vale-0,true
outward,2163,18.766,-198.173690795898,vale-0,true
outward,2164,17.701,-198.173690795898,vale-0,true
outward,2165,10.259,-198.173690795898,vale-0,true
outward,2166,4.694,-198.173690795898,vale-0,true
outward,2167,3.296,-198.173690795898,vale-0,true
outward,2168,3.742,-198.173690795898,vale-0,true
outward,2169,6.033,-198.173690795898,vale-0,true
outward,2170,3.145,-198.173690795898,vale-0,true
outward,2171,3.133,-198.173690795898,vale-0,true
outward,2172,3.705,-198.173690795898,vale-0,true
outward,2173,3.724,-198.173690795898,vale-0,true
outward,2174,5.378,-198.173690795898,vale-0,true
outward,2175,3.024,-198.173690795898,vale-0,true
outward,2176,3.204,-198.173690795898,vale-0,true
outward,2177,3.856,-198.173690795898,vale-0,true
outward,2178,5.391,-198.173690795898,vale-0,true
outward,2179,2.922,-198.173690795898,vale-0,true
outward,2180,3.462,-198.173690795898,vale-0,true
outward,2181,3.67,-198.173690795898,vale-0,true
outward,2182,5.206,-198.173690795898,vale-0,true
outward,2183,4.185,-198.173690795898,vale-0,true
outward,2184,3.397,-198.173690795898,vale-0,true
outward,2185,3.761,-198.173690795898,vale-0,true
outward,2186,4.89,-198.173690795898,vale-0,true
outward,2187,4.322,-198.173690795898,vale-0,true
outward,2188,3.788,-198.173690795898,vale-0,true
outward,2189,3.452,-198.173690795898,vale-0,true
outward,2190,4.955,-198.173690795898,vale-0,true
outward,2191,3.433,-198.173690795898,vale-0,true
outward,2192,4.434,-198.173690795898,vale-0,true
outward,2193,3.76,-198.173690795898,vale-0,true
outward,2194,4.64,-198.173690795898,vale-0,true
outward,2195,3.541,-198.173690795898,vale-0,true
outward,2196,4.276,-198.173690795898,vale-0,true
outward,2197,3.239,-198.173690795898,vale-0,true
outward,2198,3.178,-198.173690795898,vale-0,true
outward,2199,4.53,-198.173690795898,vale-0,true
outward,2200,3.445,-198.173690795898,vale-0,true
outward,2201,4.343,-198.173690795898,vale-0,true
outward,2202,3.158,-198.173690795898,vale-0,true
outward,2203,4.472,-198.173690795898,vale-0,true
outward,2204,3.57,-198.173690795898,vale-0,true
outward,2205,4.24,-198.173690795898,vale-0,true
outward,2206,3.766,-198.173690795898,vale-0,true
outward,2207,4.478,-198.173690795898,vale-0,true
outward,2208,3.561,-198.173690795898,vale-0,true
outward,2209,3.681,-198.173690795898,vale-0,true
outward,2210,4.291,-198.173690795898,vale-0,true
outward,2211,4.109,-198.173690795898,vale-0,true
outward,2212,4.149,-198.173690795898,vale-0,true
outward,2213,2.878,-198.173690795898,vale-0,true
outward,2214,4.582,-198.173690795898,vale-0,true
outward,2215,3.637,-198.173690795898,vale-0,true
outward,2216,4.108,-198.173690795898,vale-0,true
outward,2217,3.499,-198.173690795898,vale-0,true
outward,2218,4.473,-198.173690795898,vale-0,true
outward,2219,3.312,-198.173690795898,vale-0,true
outward,2220,4.383,-198.173690795898,vale-0,true
outward,2221,3.612,-198.173690795898,vale-0,true
outward,2222,3.635,-198.173690795898,vale-0,true
outward,2223,4.574,-198.173690795898,vale-0,true
outward,2224,3.952,-198.173690795898,vale-0,true
outward,2225,4.0,-198.173690795898,vale-0,true
outward,2226,3.41,-198.173690795898,vale-0,true
outward,2227,4.264,-198.173690795898,vale-0,true
outward,2228,2.878,-198.173690795898,vale-0,true
outward,2229,4.671,-198.173690795898,vale-0,true
outward,2230,3.595,-198.173690795898,vale-0,true
outward,2231,4.463,-198.173690795898,vale-0,true
outward,2232,3.572,-198.173690795898,vale-0,true
outward,2233,6.455,-198.173690795898,vale-0,true
outward,2234,3.476,-198.173690795898,vale-0,true
outward,2235,4.779,-198.173690795898,vale-0,true
outward,2236,3.689,-198.173690795898,vale-0,true
outward,2237,3.337,-198.173690795898,vale-0,true
outward,2238,3.412,-198.173690795898,vale-0,true
outward,2239,5.022,-198.173690795898,vale-0,true
outward,2240,3.498,-198.173690795898,vale-0,true
outward,2241,3.068,-198.173690795898,vale-0,true
outward,2242,3.593,-198.173690795898,vale-0,true
outward,2243,3.101,-198.173690795898,vale-0,true
outward,2244,4.367,-198.173690795898,vale-0,true
outward,2245,3.706,-198.173690795898,vale-0,true
outward,2246,3.547,-198.173690795898,vale-0,true
outward,2247,3.539,-198.173690795898,vale-0,true
outward,2248,4.755,-198.173690795898,vale-0,true
outward,2249,3.429,-198.173690795898,vale-0,true
outward,2250,4.266,-198.173690795898,vale-0,true
outward,2251,4.019,-198.173690795898,vale-0,true
outward,2252,3.886,-198.173690795898,vale-0,true
outward,2253,3.38,-198.173690795898,vale-0,true
outward,2254,4.232,-198.173690795898,vale-0,true
outward,2255,3.735,-198.173690795898,vale-0,true
outward,2256,3.584,-198.173690795898,vale-0,true
outward,2257,4.432,-198.173690795898,vale-0,true
outward,2258,4.767,-198.173690795898,vale-0,true
outward,2259,3.45,-198.173690795898,vale-0,true
outward,2260,3.632,-198.173690795898,vale-0,true
outward,2261,4.446,-198.173690795898,vale-0,true
outward,2262,3.728,-198.173690795898,vale-0,true
outward,2263,3.983,-198.173690795898,vale-0,true
outward,2264,12.356,-198.173690795898,vale-0,true
outward,2265,13.104,-198.173690795898,vale-0,true
outward,2266,13.128,-198.173690795898,vale-0,true
outward,2267,15.95,-198.173690795898,vale-0,true
outward,2268,14.171,-198.173690795898,vale-0,true
outward,2269,10.684,-198.173690795898,vale-0,true
outward,2270,12.522,-198.173690795898,vale-0,true
outward,2271,12.912,-198.173690795898,vale-0,true
outward,2272,11.301,-198.173690795898,vale-0,true
outward,2273,11.736,-198.173690795898,vale-0,true
outward,2274,8.568,-198.173690795898,vale-0,true
outward,2275,10.352,-198.173690795898,vale-0,true
outward,2276,8.956,-198.173690795898,vale-0,true
outward,2277,7.786,-198.173690795898,vale-0,true
outward,2278,10.752,-198.173690795898,vale-0,true
outward,2279,13.511,-198.173690795898,vale-0,true
outward,2280,7.598,-198.173690795898,vale-0,true
outward,2281,11.561,-198.173690795898,vale-0,true
outward,2282,11.921,-198.173690795898,vale-0,true
outward,2283,7.393,-198.173690795898,vale-0,true
outward,2284,9.922,-198.173690795898,vale-0,true
outward,2285,12.351,-198.173690795898,vale-0,true
outward,2286,7.655,-198.173690795898,vale-0,true
outward,2287,5.243,-198.173690795898,vale-0,true
outward,2288,13.959,-198.173690795898,vale-0,true
outward,2289,5.5,-198.173690795898,vale-0,true
outward,2290,16.56,-198.173690795898,vale-0,true
outward,2291,6.183,-198.173690795898,vale-0,true
outward,2292,7.696,-198.173690795898,vale-0,true
outward,2293,6.543,-198.173690795898,vale-0,true
outward,2294,7.172,-198.173690795898,vale-0,true
outward,2295,3.981,-198.173690795898,vale-0,true
outward,2296,4.752,-198.173690795898,vale-0,true
outward,2297,3.55,-198.173690795898,vale-0,true
outward,2298,3.098,-198.173690795898,vale-0,true
outward,2299,4.06,-198.173690795898,vale-0,true
outward,2300,5.771,-198.173690795898,vale-0,true
outward,2301,3.406,-198.173690795898,vale-0,true
outward,2302,3.656,-198.173690795898,vale-0,true
outward,2303,3.54,-198.173690795898,vale-0,true
outward,2304,5.434,-198.173690795898,vale-0,true
outward,2305,2.807,-198.173690795898,vale-0,true
outward,2306,3.526,-198.173690795898,vale-0,true
outward,2307,3.686,-198.173690795898,vale-0,true
outward,2308,5.478,-198.173690795898,vale-0,true
outward,2309,3.41,-198.173690795898,vale-0,true
outward,2310,3.157,-198.173690795898,vale-0,true
outward,2311,3.613,-198.173690795898,vale-0,true
outward,2312,6.162,-198.173690795898,vale-0,true
outward,2313,3.354,-198.173690795898,vale-0,true
outward,2314,3.313,-198.173690795898,vale-0,true
outward,2315,4.495,-198.173690795898,vale-0,true
outward,2316,3.938,-198.173690795898,vale-0,true
outward,2317,4.864,-198.173690795898,vale-0,true
outward,2318,3.538,-198.173690795898,vale-0,true
outward,2319,3.771,-198.173690795898,vale-0,true
outward,2320,4.161,-198.173690795898,vale-0,true
outward,2321,4.379,-198.173690795898,vale-0,true
outward,2322,3.084,-198.173690795898,vale-0,true
outward,2323,3.548,-198.173690795898,vale-0,true
outward,2324,3.412,-198.173690795898,vale-0,true
outward,2325,4.659,-198.173690795898,vale-0,true
outward,2326,4.245,-198.173690795898,vale-0,true
outward,2327,3.405,-198.173690795898,vale-0,true
outward,2328,3.2,-198.173690795898,vale-0,true
outward,2329,4.681,-198.173690795898,vale-0,true
outward,2330,4.326,-198.173690795898,vale-0,true
outward,2331,3.088,-198.173690795898,vale-0,true
outward,2332,3.416,-198.173690795898,vale-0,true
outward,2333,5.044,-198.173690795898,vale-0,true
outward,2334,3.939,-198.173690795898,vale-0,true
outward,2335,4.07,-198.173690795898,vale-0,true
outward,2336,3.366,-198.173690795898,vale-0,true
outward,2337,4.848,-198.173690795898,vale-0,true
outward,2338,3.506,-198.173690795898,vale-0,true
outward,2339,4.382,-198.173690795898,vale-0,true
outward,2340,3.4,-198.173690795898,vale-0,true
outward,2341,4.275,-198.173690795898,vale-0,true
outward,2342,3.914,-198.173690795898,vale-0,true
outward,2343,3.435,-198.173690795898,vale-0,true
outward,2344,4.938,-198.173690795898,vale-0,true
outward,2345,3.669,-198.173690795898,vale-0,true
outward,2346,3.702,-198.173690795898,vale-0,true
outward,2347,3.533,-198.173690795898,vale-0,true
outward,2348,4.437,-198.173690795898,vale-0,true
outward,2349,3.498,-198.173690795898,vale-0,true
outward,2350,4.278,-198.173690795898,vale-0,true
outward,2351,3.511,-198.173690795898,vale-0,true
outward,2352,3.546,-198.173690795898,vale-0,true
outward,2353,4.526,-198.173690795898,vale-0,true
outward,2354,4.696,-198.173690795898,vale-0,true
outward,2355,3.749,-198.173690795898,vale-0,true
outward,2356,3.535,-198.173690795898,vale-0,true
outward,2357,4.298,-198.173690795898,vale-0,true
outward,2358,3.96,-198.173690795898,vale-0,true
outward,2359,3.987,-198.173690795898,vale-0,true
outward,2360,3.417,-198.173690795898,vale-0,true
outward,2361,4.607,-198.173690795898,vale-0,true
outward,2362,3.576,-198.173690795898,vale-0,true
outward,2363,3.85,-198.173690795898,vale-0,true
outward,2364,3.542,-198.173690795898,vale-0,true
outward,2365,4.55,-198.173690795898,vale-0,true
outward,2366,4.043,-198.173690795898,vale-0,true
outward,2367,3.678,-198.173690795898,vale-0,true
outward,2368,3.499,-198.173690795898,vale-0,true
outward,2369,3.802,-198.173690795898,vale-0,true
outward,2370,4.225,-198.173690795898,vale-0,true
outward,2371,4.839,-198.173690795898,vale-0,true
outward,2372,3.368,-198.173690795898,vale-0,true
outward,2373,3.585,-198.173690795898,vale-0,true
outward,2374,4.508,-198.173690795898,vale-0,true
outward,2375,4.372,-198.173690795898,vale-0,true
outward,2376,3.491,-198.173690795898,vale-0,true
outward,2377,4.078,-198.173690795898,vale-0,true
outward,2378,4.069,-198.173690795898,vale-0,true
outward,2379,3.533,-198.173690795898,vale-0,true
outward,2380,3.905,-198.173690795898,vale-0,true
outward,2381,3.424,-198.173690795898,vale-0,true
outward,2382,4.694,-198.173690795898,vale-0,true
outward,2383,3.245,-198.173690795898,vale-0,true
outward,2384,4.289,-198.173690795898,vale-0,true
outward,2385,3.664,-198.173690795898,vale-0,true
outward,2386,4.424,-198.173690795898,vale-0,true
outward,2387,3.817,-198.173690795898,vale-0,true
outward,2388,4.385,-198.173690795898,vale-0,true
outward,2389,3.642,-198.173690795898,vale-0,true
outward,2390,3.542,-198.173690795898,vale-0,true
outward,2391,4.281,-198.173690795898,vale-0,true
outward,2392,4.761,-198.173690795898,vale-0,true
outward,2393,3.761,-198.173690795898,vale-0,true
outward,2394,3.614,-198.173690795898,vale-0,true
outward,2395,4.397,-198.173690795898,vale-0,true
outward,2396,4.886,-198.173690795898,vale-0,true
outward,2397,3.616,-198.173690795898,vale-0,true
outward,2398,3.766,-198.173690795898,vale-0,true
outward,2399,4.364,-198.173690795898,vale-0,true
outward,2400,4.618,-198.173690795898,vale-0,true
outward,2401,3.724,-198.173690795898,vale-0,true
outward,2402,3.594,-198.173690795898,vale-0,true
outward,2403,4.477,-198.173690795898,vale-0,true
outward,2404,4.809,-198.173690795898,vale-0,true
outward,2405,3.655,-198.173690795898,vale-0,true
outward,2406,6.761,-198.173690795898,vale-0,true
outward,2407,4.02,-198.173690795898,vale-0,true
outward,2408,3.33,-198.173690795898,vale-0,true
outward,2409,3.248,-198.173690795898,vale-0,true
outward,2410,3.391,-198.173690795898,vale-0,true
outward,2411,4.578,-198.173690795898,vale-0,true
outward,2412,3.741,-198.173690795898,vale-0,true
outward,2413,3.397,-198.173690795898,vale-0,true
outward,2414,3.628,-198.173690795898,vale-0,true
outward,2415,4.249,-198.173690795898,vale-0,true
outward,2416,4.244,-198.173690795898,vale-0,true
outward,2417,3.615,-198.173690795898,vale-0,true
outward,2418,3.38,-198.173690795898,vale-0,true
outward,2419,4.982,-198.173690795898,vale-0,true
outward,2420,3.887,-198.173690795898,vale-0,true
outward,2421,3.147,-198.173690795898,vale-0,true
outward,2422,3.864,-198.173690795898,vale-0,true
outward,2423,3.458,-198.173690795898,vale-0,true
outward,2424,4.536,-198.173690795898,vale-0,true
outward,2425,4.846,-198.173690795898,vale-0,true
outward,2426,3.835,-198.173690795898,vale-0,true
outward,2427,3.436,-198.173690795898,vale-0,true
outward,2428,4.425,-198.173690795898,vale-0,true
outward,2429,4.796,-198.173690795898,vale-0,true
outward,2430,3.529,-198.173690795898,vale-0,true
outward,2431,3.74,-198.173690795898,vale-0,true
outward,2432,4.286,-198.173690795898,vale-0,true
outward,2433,4.518,-198.173690795898,vale-0,true
outward,2434,3.529,-198.173690795898,vale-0,true
outward,2435,3.793,-198.173690795898,vale-0,true
outward,2436,4.941,-198.173690795898,vale-0,true
outward,2437,3.694,-198.173690795898,vale-0,true
outward,2438,3.774,-198.173690795898,vale-0,true
outward,2439,3.525,-198.173690795898,vale-0,true
outward,2440,4.565,-198.173690795898,vale-0,true
outward,2441,3.228,-198.173690795898,vale-0,true
outward,2442,4.033,-198.173690795898,vale-0,true
outward,2443,3.736,-198.173690795898,vale-0,true
outward,2444,4.935,-198.173690795898,vale-0,true
outward,2445,4.098,-198.173690795898,vale-0,true
outward,2446,3.795,-198.173690795898,vale-0,true
outward,2447,2.975,-198.173690795898,vale-0,true
outward,2448,3.422,-198.173690795898,vale-0,true
outward,2449,4.558,-198.173690795898,vale-0,true
outward,2450,4.842,-198.173690795898,vale-0,true
outward,2451,3.668,-198.173690795898,vale-0,true
outward,2452,3.79,-198.173690795898,vale-0,true
outward,2453,4.108,-198.173690795898,vale-0,true
outward,2454,5.096,-198.173690795898,vale-0,true
outward,2455,3.46,-198.173690795898,vale-0,true
outward,2456,3.546,-198.173690795898,vale-0,true
outward,2457,4.708,-198.173690795898,vale-0,true
outward,2458,4.637,-198.173690795898,vale-0,true
outward,2459,3.486,-198.173690795898,vale-0,true
outward,2460,3.604,-198.173690795898,vale-0,true
outward,2461,4.286,-198.173690795898,vale-0,true
outward,2462,4.335,-198.173690795898,vale-0,true
outward,2463,3.688,-198.173690795898,vale-0,true
outward,2464,3.666,-198.173690795898,vale-0,true
outward,2465,4.221,-198.173690795898,vale-0,true
outward,2466,3.524,-198.173690795898,vale-0,true
outward,2467,4.488,-198.173690795898,vale-0,true
outward,2468,5.576,-198.173690795898,vale-0,true
outward,2469,5.742,-198.173690795898,vale-0,true
outward,2470,3.892,-198.173690795898,vale-0,true
outward,2471,3.847,-198.173690795898,vale-0,true
outward,2472,5.962,-198.173690795898,vale-0,true
outward,2473,3.804,-198.173690795898,vale-0,true
outward,2474,3.504,-198.173690795898,vale-0,true
outward,2475,3.515,-198.173690795898,vale-0,true
outward,2476,3.512,-198.173690795898,vale-0,true
outward,2477,4.743,-198.173690795898,vale-0,true
outward,2478,3.365,-198.173690795898,vale-0,true
outward,2479,3.139,-198.173690795898,vale-0,true
outward,2480,3.041,-198.173690795898,vale-0,true
outward,2481,4.619,-198.173690795898,vale-0,true
outward,2482,2.929,-198.173690795898,vale-0,true
outward,2483,4.423,-198.173690795898,vale-0,true
outward,2484,3.441,-198.173690795898,vale-0,true
outward,2485,3.811,-198.173690795898,vale-0,true
outward,2486,4.496,-198.173690795898,vale-0,true
outward,2487,4.485,-198.173690795898,vale-0,true
outward,2488,3.735,-198.173690795898,vale-0,true
outward,2489,3.465,-198.173690795898,vale-0,true
outward,2490,4.399,-198.173690795898,vale-0,true
outward,2491,4.374,-198.173690795898,vale-0,true
outward,2492,3.524,-198.173690795898,vale-0,true
outward,2493,3.543,-198.173690795898,vale-0,true
outward,2494,4.595,-198.173690795898,vale-0,true
outward,2495,4.771,-198.173690795898,vale-0,true
outward,2496,3.914,-198.173690795898,vale-0,true
outward,2497,3.191,-198.173690795898,vale-0,true
outward,2498,4.185,-198.173690795898,vale-0,true
outward,2499,4.05,-198.173690795898,vale-0,true
outward,2500,3.797,-198.173690795898,vale-0,true
outward,2501,3.456,-198.173690795898,vale-0,true
outward,2502,4.409,-198.173690795898,vale-0,true
outward,2503,2.905,-198.173690795898,vale-0,true
outward,2504,4.947,-198.173690795898,vale-0,true
outward,2505,3.311,-198.173690795898,vale-0,true
outward,2506,4.597,-198.173690795898,vale-0,true
outward,2507,3.602,-198.173690795898,vale-0,true
outward,2508,3.915,-198.173690795898,vale-0,true
outward,2509,3.458,-198.173690795898,vale-0,true
outward,2510,3.6,-198.173690795898,vale-0,true
outward,2511,9.52,-198.173690795898,vale-0,true
outward,2512,19.894,-198.173690795898,vale-0,true
outward,2513,15.45,-198.173690795898,vale-0,true
outward,2514,18.603,-198.173690795898,vale-0,true
outward,2515,21.881,-198.173690795898,vale-0,true
outward,2516,15.054,-198.173690795898,vale-0,true
outward,2517,18.652,-198.173690795898,vale-0,true
outward,2518,21.993,-198.173690795898,vale-0,true
outward,2519,14.955,-198.173690795898,vale-0,true
outward,2520,18.685,-198.173690795898,vale-0,true
outward,2521,22.425,-198.173690795898,vale-0,true
outward,2522,14.95,-198.173690795898,vale-0,true
outward,2523,23.026,-198.173690795898,vale-0,true
outward,2524,19.325,-198.173690795898,vale-0,true
outward,2525,14.74,-198.173690795898,vale-0,true
outward,2526,23.247,-198.173690795898,vale-0,true
outward,2527,19.59,-198.173690795898,vale-0,true
outward,2528,14.478,-198.173690795898,vale-0,true
outward,2529,23.537,-198.173690795898,vale-0,true
outward,2530,18.899,-198.173690795898,vale-0,true
outward,2531,19.645,-198.173690795898,vale-0,true
outward,2532,15.608,-198.173690795898,vale-0,true
outward,2533,19.095,-198.173690795898,vale-0,true
outward,2534,21.327,-198.173690795898,vale-0,true
outward,2535,15.037,-198.173690795898,vale-0,true
outward,2536,18.779,-198.173690795898,vale-0,true
outward,2537,18.029,-198.173690795898,vale-0,true
outward,2538,15.704,-198.173690795898,vale-0,true
outward,2539,18.672,-198.173690795898,vale-0,true
outward,2540,18.31,-198.173690795898,vale-0,true
outward,2541,15.311,-198.173690795898,vale-0,true
outward,2542,18.608,-198.173690795898,vale-0,true
outward,2543,21.993,-198.173690795898,vale-0,true
outward,2544,15.088,-198.173690795898,vale-0,true
outward,2545,19.28,-198.173690795898,vale-0,true
outward,2546,21.221,-198.173690795898,vale-0,true
outward,2547,15.016,-198.173690795898,vale-0,true
outward,2548,23.537,-198.173690795898,vale-0,true
outward,2549,14.662,-198.173690795898,vale-0,true
outward,2550,22.649,-198.173690795898,vale-0,true
outward,2551,14.9,-198.173690795898,vale-0,true
outward,2552,23.393,-198.173690795898,vale-0,true
outward,2553,15.081,-198.173690795898,vale-0,true
outward,2554,20.152,-198.173690795898,vale-0,true
outward,2555,15.727,-198.173690795898,vale-0,true
outward,2556,18.876,-198.173690795898,vale-0,true
outward,2557,17.737,-198.173690795898,vale-0,true
outward,2558,15.532,-198.173690795898,vale-0,true
outward,2559,18.47,-198.173690795898,vale-0,true
outward,2560,22.48,-198.173690795898,vale-0,true
outward,2561,14.434,-198.173690795898,vale-0,true
outward,2562,18.543,-198.173690795898,vale-0,true
outward,2563,18.876,-198.173690795898,vale-0,true
outward,2564,19.686,-198.173690795898,vale-0,true
outward,2565,19.685,-198.173690795898,vale-0,true
outward,2566,15.41,-198.173690795898,vale-0,true
outward,2567,19.159,-198.173690795898,vale-0,true
outward,2568,17.873,-198.173690795898,vale-0,true
outward,2569,15.287,-198.173690795898,vale-0,true
outward,2570,18.855,-198.173690795898,vale-0,true
outward,2571,17.591,-198.173690795898,vale-0,true
outward,2572,15.751,-198.173690795898,vale-0,true
outward,2573,18.457,-198.173690795898,vale-0,true
outward,2574,21.967,-198.173690795898,vale-0,true
outward,2575,15.089,-198.173690795898,vale-0,true
outward,2576,18.597,-198.173690795898,vale-0,true
outward,2577,18.201,-198.173690795898,vale-0,true
outward,2578,15.677,-198.173690795898,vale-0,true
outward,2579,19.141,-198.173690795898,vale-0,true
outward,2580,17.405,-198.173690795898,vale-0,true
outward,2581,15.689,-198.173690795898,vale-0,true
outward,2582,18.682,-198.173690795898,vale-0,true
outward,2583,18.109,-198.173690795898,vale-0,true
outward,2584,15.679,-198.173690795898,vale-0,true
outward,2585,18.543,-198.173690795898,vale-0,true
outward,2586,21.913,-198.173690795898,vale-0,true
outward,2587,15.039,-198.173690795898,vale-0,true
outward,2588,18.445,-198.173690795898,vale-0,true
outward,2589,22.2,-198.173690795898,vale-0,true
outward,2590,14.532,-198.173690795898,vale-0,true
outward,2591,23.312,-198.173690795898,vale-0,true
outward,2592,18.994,-198.173690795898,vale-0,true
outward,2593,15.184,-198.173690795898,vale-0,true
outward,2594,18.449,-198.173690795898,vale-0,true
outward,2595,22.02,-198.173690795898,vale-0,true
outward,2596,15.159,-198.173690795898,vale-0,true
outward,2597,18.575,-198.173690795898,vale-0,true
outward,2598,21.99,-198.173690795898,vale-0,true
outward,2599,15.064,-198.173690795898,vale-0,true
outward,2600,18.756,-198.173690795898,vale-0,true
outward,2601,18.243,-198.173690795898,vale-0,true
outward,2602,15.266,-198.173690795898,vale-0,true
outward,2603,23.057,-198.173690795898,vale-0,true
outward,2604,19.067,-198.173690795898,vale-0,true
outward,2605,19.612,-198.173690795898,vale-0,true
outward,2606,15.548,-198.173690795898,vale-0,true
outward,2607,18.605,-198.173690795898,vale-0,true
outward,2608,17.873,-198.173690795898,vale-0,true
outward,2609,15.571,-198.173690795898,vale-0,true
outward,2610,18.78,-198.173690795898,vale-0,true
outward,2611,17.989,-198.173690795898,vale-0,true
outward,2612,15.584,-198.173690795898,vale-0,true
outward,2613,21.921,-198.173690795898,vale-0,true
outward,2614,14.914,-198.173690795898,vale-0,true
outward,2615,23.235,-198.173690795898,vale-0,true
outward,2616,14.588,-198.173690795898,vale-0,true
outward,2617,18.143,-198.173690795898,vale-0,true
outward,2618,14.809,-198.173690795898,vale-0,true
outward,2619,15.11,-198.173690795898,vale-0,true
outward,2620,19.347,-198.173690795898,vale-0,true
outward,2621,18.433,-198.173690795898,vale-0,true
outward,2622,15.562,-198.173690795898,vale-0,true
outward,2623,18.771,-198.173690795898,vale-0,true
outward,2624,18.237,-198.173690795898,vale-0,true
outward,2625,15.682,-198.173690795898,vale-0,true
outward,2626,19.217,-198.173690795898,vale-0,true
outward,2627,17.38,-198.173690795898,vale-0,true
outward,2628,15.473,-198.173690795898,vale-0,true
outward,2629,18.611,-198.173690795898,vale-0,true
outward,2630,18.36,-198.173690795898,vale-0,true
outward,2631,15.198,-198.173690795898,vale-0,true
outward,2632,18.533,-198.173690795898,vale-0,true
outward,2633,18.028,-198.173690795898,vale-0,true
outward,2634,15.606,-198.173690795898,vale-0,true
outward,2635,18.784,-198.173690795898,vale-0,true
outward,2636,17.873,-198.173690795898,vale-0,true
outward,2637,15.667,-198.173690795898,vale-0,true
outward,2638,18.72,-198.173690795898,vale-0,true
outward,2639,17.925,-198.173690795898,vale-0,true
outward,2640,15.718,-198.175552368164,vale-0,true
outward,2641,18.562,-198.179122924805,vale-0,true
outward,2642,22.489,-198.191345214844,vale-0,true
outward,2643,14.585,-198.199996948242,vale-0,true
outward,2644,23.193,-198.210357666016,vale-0,true
outward,2645,15.019,-198.222412109375,vale-0,true
outward,2646,15.568,-198.236190795898,vale-0,true
outward,2647,18.803,-198.251663208008,vale-0,true
outward,2648,17.789,-198.268829345703,vale-0,true
outward,2649,15.628,-198.287689208984,vale-0,true
outward,2650,18.844,-198.308258056641,vale-0,true
outward,2651,17.743,-198.330520629883,vale-0,true
outward,2652,15.731,-198.3544921875,vale-0,true
outward,2653,18.617,-198.380157470703,vale-0,true
outward,2654,18.125,-198.407516479492,vale-0,true
outward,2655,15.625,-198.436584472656,vale-0,true
outward,2656,18.639,-198.467346191406,vale-0,true
outward,2657,18.073,-198.499801635742,vale-0,true
outward,2658,16.017,-198.533950805664,vale-0,true
outward,2659,18.467,-198.569808959961,vale-0,true
outward,2660,22.383,-198.646606445312,vale-0,true
outward,2661,14.618,-198.687561035156,vale-0,true
outward,2662,21.727,-198.730209350586,vale-0,true
outward,2663,19.172,-198.774566650391,vale-0,true
outward,2664,19.599,-198.820617675781,vale-0,true
outward,2665,20.251,-198.868362426758,vale-0,true
outward,2666,15.567,-198.917816162109,vale-0,true
outward,2667,18.598,-198.968948364258,vale-0,true
outward,2668,22.237,-199.021789550781,vale-0,true
outward,2669,14.837,-199.076309204102,vale-0,true
outward,2670,18.553,-199.132537841797,vale-0,true
outward,2671,17.977,-199.190460205078,vale-0,true
outward,2672,15.991,-199.311386108398,vale-0,true
outward,2673,18.281,-199.374389648438,vale-0,true
outward,2674,22.06,-199.439102172852,vale-0,true
outward,2675,14.978,-199.505493164062,vale-0,true
outward,2676,18.582,-199.573577880859,vale-0,true
outward,2677,18.052,-199.643356323242,vale-0,true
outward,2678,15.668,-199.714828491211,vale-0,true
outward,2679,18.716,-199.787994384766,vale-0,true
outward,2680,17.844,-199.862854003906,vale-0,true
outward,2681,15.638,-199.939422607422,vale-0,true
outward,2682,18.751,-200.017669677734,link-1,true
outward,2683,22.11,-200.097610473633,link-1,true
outward,2684,15.351,-200.262573242188,link-1,true
outward,2685,18.133,-200.347610473633,link-1,true
outward,2686,9.188,-200.434326171875,link-1,true
outward,2687,4.505,-200.434326171875,link-1,true
outward,2688,4.792,-200.522735595703,link-1,true
outward,2689,3.428,-200.522735595703,link-1,true
outward,2690,3.511,-200.522735595703,link-1,true
outward,2691,4.749,-200.522735595703,link-1,true
outward,2692,3.657,-200.522735595703,link-1,true
outward,2693,4.243,-200.612823486328,link-1,true
outward,2694,3.823,-200.612823486328,link-1,true
outward,2695,4.784,-200.612823486328,link-1,true
outward,2696,3.695,-200.612823486328,link-1,true
outward,2697,4.225,-200.704605102539,link-1,true
outward,2698,3.911,-200.704605102539,link-1,true
outward,2699,4.666,-200.704605102539,link-1,true
outward,2700,3.634,-200.704605102539,link-1,true
outward,2701,4.302,-200.704605102539,link-1,true
outward,2702,5.388,-200.798080444336,link-1,true
outward,2703,4.155,-200.798080444336,link-1,true
outward,2704,5.346,-200.798080444336,link-1,true
outward,2705,3.955,-200.798080444336,link-1,true
outward,2706,5.722,-200.893249511719,link-1,true
outward,2707,3.587,-200.893249511719,link-1,true
outward,2708,4.095,-200.893249511719,link-1,true
outward,2709,6.422,-200.893249511719,link-1,true
outward,2710,3.885,-200.990112304688,link-1,true
outward,2711,3.135,-200.990112304688,link-1,true
outward,2712,3.138,-200.990112304688,link-1,true
outward,2713,3.103,-200.990112304688,link-1,true
outward,2714,4.951,-201.088668823242,link-1,true
outward,2715,3.216,-201.088668823242,link-1,true
outward,2716,3.529,-201.088668823242,link-1,true
outward,2717,3.284,-201.088668823242,link-1,true
outward,2718,3.615,-201.088668823242,link-1,true
outward,2719,5.724,-201.188903808594,link-1,true
outward,2720,3.91,-201.188903808594,link-1,true
outward,2721,3.201,-201.188903808594,link-1,true
outward,2722,3.926,-201.188903808594,link-1,true
outward,2723,4.455,-201.290817260742,link-1,true
outward,2724,2.909,-201.290817260742,link-1,true
outward,2725,3.646,-201.290817260742,link-1,true
outward,2726,3.657,-201.290817260742,link-1,true
outward,2727,4.673,-201.394424438477,link-1,true
outward,2728,3.739,-201.394424438477,link-1,true
outward,2729,3.552,-201.394424438477,link-1,true
outward,2730,3.746,-201.394424438477,link-1,true
outward,2731,4.474,-201.499710083008,link-1,true
outward,2732,4.361,-201.499710083008,link-1,true
outward,2733,3.578,-201.499710083008,link-1,true
outward,2734,3.717,-201.499710083008,link-1,true
outward,2735,3.474,-201.499710083008,link-1,true
outward,2736,6.176,-201.606704711914,link-1,true
outward,2737,3.367,-201.606704711914,link-1,true
outward,2738,3.169,-201.606704711914,link-1,true
outward,2739,3.514,-201.606704711914,link-1,true
outward,2740,5.719,-201.715377807617,link-1,true
outward,2741,3.523,-201.715377807617,link-1,true
outward,2742,3.461,-201.715377807617,link-1,true
outward,2743,3.384,-201.715377807617,link-1,true
outward,2744,4.007,-201.825729370117,link-1,true
outward,2745,4.167,-201.825729370117,link-1,true
outward,2746,3.542,-201.825729370117,link-1,true
outward,2747,3.56,-201.825729370117,link-1,true
outward,2748,4.401,-201.937759399414,link-1,true
outward,2749,4.437,-201.937759399414,link-1,true
outward,2750,3.61,-201.937759399414,link-1,true
outward,2751,3.594,-201.937759399414,link-1,true
outward,2752,4.408,-202.051483154297,link-1,true
outward,2753,4.867,-202.051483154297,link-1,true
outward,2754,3.691,-202.051483154297,link-1,true
outward,2755,3.487,-202.051483154297,link-1,true
outward,2756,3.556,-202.051483154297,link-1,true
outward,2757,6.382,-202.166900634766,link-1,true
outward,2758,3.108,-202.166900634766,link-1,true
outward,2759,3.265,-202.166900634766,link-1,true
outward,2760,3.83,-202.166900634766,link-1,true
outward,2761,5.806,-202.283996582031,link-1,true
outward,2762,3.329,-202.283996582031,link-1,true
outward,2763,3.388,-202.283996582031,link-1,true
outward,2764,3.443,-202.283996582031,link-1,true
outward,2765,5.744,-202.402770996094,link-1,true
outward,2766,3.395,-202.402770996094,link-1,true
outward,2767,2.988,-202.402770996094,link-1,true
outward,2768,4.01,-202.402770996094,link-1,true
outward,2769,3.95,-202.523223876953,link-1,true
outward,2770,4.256,-202.523223876953,link-1,true
outward,2771,3.591,-202.523223876953,link-1,true
outward,2772,3.666,-202.523223876953,link-1,true
outward,2773,4.399,-202.645370483398,link-1,true
outward,2774,4.083,-202.645370483398,link-1,true
outward,2775,3.542,-202.645370483398,link-1,true
outward,2776,3.642,-202.645370483398,link-1,true
outward,2777,4.928,-202.76921081543,link-1,true
outward,2778,3.926,-202.76921081543,link-1,true
outward,2779,3.65,-202.76921081543,link-1,true
outward,2780,3.371,-202.76921081543,link-1,true
outward,2781,3.438,-202.76921081543,link-1,true
outward,2782,5.603,-202.894714355469,link-1,true
outward,2783,3.26,-202.894714355469,link-1,true
outward,2784,3.538,-202.894714355469,link-1,true
outward,2785,3.88,-202.894714355469,link-1,true
outward,2786,4.309,-203.021911621094,link-1,true
outward,2787,3.655,-203.021911621094,link-1,true
outward,2788,3.487,-203.021911621094,link-1,true
outward,2789,3.612,-203.021911621094,link-1,true
outward,2790,4.369,-203.150787353516,link-1,true
outward,2791,4.337,-203.150787353516,link-1,true
outward,2792,3.572,-203.150787353516,link-1,true
outward,2793,3.266,-203.150787353516,link-1,true
outward,2794,3.785,-203.150787353516,link-1,true
outward,2795,5.436,-203.281341552734,link-1,true
outward,2796,3.24,-203.281341552734,link-1,true
outward,2797,3.271,-203.281341552734,link-1,true
outward,2798,3.683,-203.281341552734,link-1,true
outward,2799,4.376,-203.41357421875,link-1,true
outward,2800,3.628,-203.41357421875,link-1,true
outward,2801,3.586,-203.41357421875,link-1,true
outward,2802,3.522,-203.41357421875,link-1,true
outward,2803,6.21,-203.547485351562,link-1,true
outward,2804,3.381,-203.547485351562,link-1,true
outward,2805,2.993,-203.547485351562,link-1,true
outward,2806,3.19,-203.547485351562,link-1,true
outward,2807,3.603,-203.547485351562,link-1,true
outward,2808,6.573,-203.683074951172,link-1,true
outward,2809,3.201,-203.683074951172,link-1,true
outward,2810,2.68,-203.683074951172,link-1,true
outward,2811,3.804,-203.683074951172,link-1,true
outward,2812,5.43,-203.820343017578,link-1,true
outward,2813,3.736,-203.820343017578,link-1,true
outward,2814,3.609,-203.820343017578,link-1,true
outward,2815,3.458,-203.820343017578,link-1,true
outward,2816,5.048,-203.959274291992,link-1,true
outward,2817,3.718,-203.959274291992,link-1,true
outward,2818,3.4,-203.959274291992,link-1,true
outward,2819,3.383,-203.959274291992,link-1,true
outward,2820,4.406,-204.099884033203,link-1,true
outward,2821,3.488,-204.099884033203,link-1,true
outward,2822,3.591,-204.099884033203,link-1,true
outward,2823,3.306,-204.099884033203,link-1,true
outward,2824,3.761,-204.099884033203,link-1,true
outward,2825,5.459,-204.2421875,link-1,true
outward,2826,3.273,-204.2421875,link-1,true
outward,2827,3.33,-204.2421875,link-1,true
outward,2828,4.534,-204.2421875,link-1,true
outward,2829,5.11,-204.386169433594,link-1,true
outward,2830,3.329,-204.386169433594,link-1,true
outward,2831,2.829,-204.386169433594,link-1,true
outward,2832,3.917,-204.386169433594,link-1,true
outward,2833,4.781,-204.531814575195,link-1,true
outward,2834,3.687,-204.531814575195,link-1,true
outward,2835,3.413,-204.531814575195,link-1,true
outward,2836,3.567,-204.531814575195,link-1,true
outward,2837,4.437,-204.679138183594,link-1,true
outward,2838,3.936,-204.679138183594,link-1,true
outward,2839,3.495,-204.679138183594,link-1,true
outward,2840,3.536,-204.679138183594,link-1,true
outward,2841,3.533,-204.679138183594,link-1,true
outward,2842,5.497,-204.828140258789,link-1,true
outward,2843,3.211,-204.828140258789,link-1,true
outward,2844,3.293,-204.828140258789,link-1,true
outward,2845,3.588,-204.828140258789,link-1,true
outward,2846,4.104,-204.978820800781,link-1,true
outward,2847,4.252,-204.978820800781,link-1,true
outward,2848,3.506,-204.978820800781,link-1,true
outward,2849,3.523,-204.978820800781,link-1,true
outward,2850,4.498,-205.131149291992,link-1,true
outward,2851,3.853,-205.131149291992,link-1,true
outward,2852,3.726,-205.131149291992,link-1,true
outward,2853,3.41,-205.131149291992,link-1,true
outward,2854,3.542,-205.131149291992,link-1,true
outward,2855,5.546,-205.28515625,link-1,true
outward,2856,3.537,-205.28515625,link-1,true
outward,2857,2.819,-205.28515625,link-1,true
outward,2858,3.713,-205.28515625,link-1,true
outward,2859,4.036,-205.440841674805,link-1,true
outward,2860,4.056,-205.440841674805,link-1,true
outward,2861,3.51,-205.440841674805,link-1,true
outward,2862,3.473,-205.440841674805,link-1,true
outward,2863,4.449,-205.598205566406,link-1,true
outward,2864,4.375,-205.598205566406,link-1,true
outward,2865,3.359,-205.598205566406,link-1,true
outward,2866,3.644,-205.598205566406,link-1,true
outward,2867,3.547,-205.598205566406,link-1,true
outward,2868,6.084,-205.757232666016,link-1,true
outward,2869,3.248,-205.757232666016,link-1,true
outward,2870,3.093,-205.757232666016,link-1,true
outward,2871,3.571,-205.757232666016,link-1,true
outward,2872,4.652,-205.917922973633,link-1,true
outward,2873,3.281,-205.917922973633,link-1,true
outward,2874,3.522,-205.917922973633,link-1,true
outward,2875,6.039,-205.917922973633,link-1,true
outward,2876,3.778,-206.080276489258,link-1,true
outward,2877,3.334,-206.080276489258,link-1,true
outward,2878,2.986,-206.080276489258,link-1,true
outward,2879,2.922,-206.080276489258,link-1,true
outward,2880,3.518,-206.080276489258,link-1,true
outward,2881,6.245,-206.24430847168,link-1,true
outward,2882,3.603,-206.24430847168,link-1,true
outward,2883,3.491,-206.24430847168,link-1,true
outward,2884,3.707,-206.24430847168,link-1,true
outward,2885,5.083,-206.410018920898,link-1,true
outward,2886,3.48,-206.410018920898,link-1,true
outward,2887,2.839,-206.410018920898,link-1,true
outward,2888,3.607,-206.410018920898,link-1,true
outward,2889,4.209,-206.577392578125,link-1,true
outward,2890,3.901,-206.577392578125,link-1,true
outward,2891,3.669,-206.577392578125,link-1,true
outward,2892,3.535,-206.577392578125,link-1,true
outward,2893,3.447,-206.577392578125,link-1,true
outward,2894,5.491,-206.74641418457,link-1,true
outward,2895,3.161,-206.74641418457,link-1,true
outward,2896,3.375,-206.74641418457,link-1,true
outward,2897,3.998,-206.74641418457,link-1,true
outward,2898,5.297,-206.917114257812,link-1,true
outward,2899,3.996,-206.917114257812,link-1,true
outward,2900,3.391,-206.917114257812,link-1,true
outward,2901,3.48,-206.917114257812,link-1,true
outward,2902,5.828,-207.089477539062,link-1,true
outward,2903,3.121,-207.089477539062,link-1,true
outward,2904,3.182,-207.089477539062,link-1,true
outward,2905,3.678,-207.089477539062,link-1,true
outward,2906,4.689,-207.26350402832,link-1,true
outward,2907,3.288,-207.26350402832,link-1,true
outward,2908,3.54,-207.26350402832,link-1,true
outward,2909,3.693,-207.26350402832,link-1,true
outward,2910,4.454,-207.439208984375,link-1,true
outward,2911,3.736,-207.439208984375,link-1,true
outward,2912,3.589,-207.439208984375,link-1,true
outward,2913,3.6,-207.439208984375,link-1,true
outward,2914,3.504,-207.439208984375,link-1,true
outward,2915,6.274,-207.616561889648,link-1,true
outward,2916,3.427,-207.616561889648,link-1,true
outward,2917,3.108,-207.616561889648,link-1,true
outward,2918,3.723,-207.616561889648,link-1,true
outward,2919,5.149,-207.79557800293,link-1,true
outward,2920,3.475,-207.79557800293,link-1,true
outward,2921,3.513,-207.79557800293,link-1,true
outward,2922,4.712,-207.79557800293,link-1,true
outward,2923,4.422,-207.976257324219,link-1,true
outward,2924,3.039,-207.976257324219,link-1,true
outward,2925,2.768,-207.976257324219,link-1,true
outward,2926,3.392,-207.976257324219,link-1,true
outward,2927,3.608,-207.976257324219,link-1,true
outward,2928,5.82,-208.158599853516,link-1,true
outward,2929,3.159,-208.158599853516,link-1,true
outward,2930,3.142,-208.158599853516,link-1,true
outward,2931,3.658,-208.158599853516,link-1,true
outward,2932,4.548,-208.34260559082,link-1,true
outward,2933,3.618,-208.34260559082,link-1,true
outward,2934,3.277,-208.34260559082,link-1,true
outward,2935,3.652,-208.34260559082,link-1,true
outward,2936,4.166,-208.528274536133,link-1,true
outward,2937,4.328,-208.528274536133,link-1,true
outward,2938,3.636,-208.528274536133,link-1,true
outward,2939,3.591,-208.528274536133,link-1,true
outward,2940,3.494,-208.528274536133,link-1,true
outward,2941,6.188,-208.715606689453,link-1,true
outward,2942,2.873,-208.715606689453,link-1,true
outward,2943,3.608,-208.715606689453,link-1,true
outward,2944,3.768,-208.715606689453,link-1,true
outward,2945,6.135,-208.904571533203,link-1,true
outward,2946,3.508,-208.904571533203,link-1,true
outward,2947,2.85,-208.904571533203,link-1,true
outward,2948,3.394,-208.904571533203,link-1,true
outward,2949,4.489,-209.095199584961,link-1,true
outward,2950,3.573,-209.095199584961,link-1,true
outward,2951,3.668,-209.095199584961,link-1,true
outward,2952,3.513,-209.095199584961,link-1,true
outward,2953,4.265,-209.287490844727,link-1,true
outward,2954,4.062,-209.287490844727,link-1,true
outward,2955,3.468,-209.287490844727,link-1,true
outward,2956,3.604,-209.287490844727,link-1,true
outward,2957,3.647,-209.287490844727,link-1,true
outward,2958,5.727,-209.481430053711,link-1,true
outward,2959,3.772,-209.481430053711,link-1,true
outward,2960,3.209,-209.481430053711,link-1,true
outward,2961,3.27,-209.481430053711,link-1,true
outward,2962,6.157,-209.677032470703,link-1,true
outward,2963,3.215,-209.677032470703,link-1,true
outward,2964,3.247,-209.677032470703,link-1,true
outward,2965,3.658,-209.677032470703,link-1,true
outward,2966,5.434,-209.874282836914,link-1,true
outward,2967,3.659,-209.874282836914,link-1,true
outward,2968,2.725,-209.874282836914,link-1,true
outward,2969,3.494,-209.874282836914,link-1,true
outward,2970,4.936,-210.073181152344,link-1,true
outward,2971,3.44,-210.073181152344,link-1,true
outward,2972,3.53,-210.073181152344,link-1,true
outward,2973,3.59,-210.073181152344,link-1,true
outward,2974,3.796,-210.073181152344,link-1,true
outward,2975,6.188,-210.273742675781,link-1,true
outward,2976,2.943,-210.273742675781,link-1,true
outward,2977,3.333,-210.273742675781,link-1,true
outward,2978,3.415,-210.273742675781,link-1,true
outward,2979,6.221,-210.475952148438,link-1,true
outward,2980,3.424,-210.475952148438,link-1,true
outward,2981,3.412,-210.475952148438,link-1,true
outward,2982,3.078,-210.475952148438,link-1,true
outward,2983,5.284,-210.679809570312,link-1,true
outward,2984,3.359,-210.679809570312,link-1,true
outward,2985,2.78,-210.679809570312,link-1,true
outward,2986,3.697,-210.679809570312,link-1,true
outward,2987,4.576,-210.885314941406,link-1,true
outward,2988,3.951,-210.885314941406,link-1,true
outward,2989,3.511,-210.885314941406,link-1,true
outward,2990,3.224,-210.885314941406,link-1,true
outward,2991,3.709,-210.885314941406,link-1,true
outward,2992,6.826,-211.092483520508,link-1,true
outward,2993,4.132,-211.092483520508,link-1,true
outward,2994,4.058,-211.092483520508,link-1,true
outward,2995,4.211,-211.092483520508,link-1,true
outward,2996,3.623,-211.301284790039,link-1,true
outward,2997,4.03,-211.301284790039,link-1,true
outward,2998,3.713,-211.301284790039,link-1,true
outward,2999,4.362,-211.301284790039,link-1,true
outward,3000,4.338,-211.511749267578,link-1,true
outward,3001,2.95,-211.511749267578,link-1,true
outward,3002,3.13,-211.511749267578,link-1,true
outward,3003,3.565,-211.511749267578,link-1,true
outward,3004,4.609,-211.723846435547,link-1,true
outward,3005,3.435,-211.723846435547,link-1,true
outward,3006,3.132,-211.723846435547,link-1,true
outward,3007,3.439,-211.723846435547,link-1,true
outward,3008,3.386,-211.723846435547,link-1,true
outward,3009,5.942,-211.937591552734,link-1,true
outward,3010,3.133,-211.937591552734,link-1,true
outward,3011,3.367,-211.937591552734,link-1,true
outward,3012,3.504,-211.937591552734,link-1,true
outward,3013,6.192,-212.152984619141,link-1,true
outward,3014,3.55,-212.152984619141,link-1,true
outward,3015,3.164,-212.152984619141,link-1,true
outward,3016,3.499,-212.152984619141,link-1,true
outward,3017,5.287,-212.370025634766,link-1,true
outward,3018,2.995,-212.370025634766,link-1,true
outward,3019,3.812,-212.370025634766,link-1,true
outward,3020,3.22,-212.370025634766,link-1,true
outward,3021,4.422,-212.58869934082,link-1,true
outward,3022,4.065,-212.58869934082,link-1,true
outward,3023,3.544,-212.58869934082,link-1,true
outward,3024,3.509,-212.58869934082,link-1,true
outward,3025,3.676,-212.58869934082,link-1,true
outward,3026,4.309,-212.809020996094,link-1,true
outward,3027,3.509,-212.809020996094,link-1,true
outward,3028,3.104,-212.809020996094,link-1,true
outward,3029,4.966,-212.809020996094,link-1,true
outward,3030,4.347,-213.030990600586,link-1,true
outward,3031,3.098,-213.030990600586,link-1,true
outward,3032,3.201,-213.030990600586,link-1,true
outward,3033,3.729,-213.030990600586,link-1,true
outward,3034,4.924,-213.254592895508,link-1,true
outward,3035,2.892,-213.254592895508,link-1,true
outward,3036,3.6,-213.254592895508,link-1,true
outward,3037,3.584,-213.254592895508,link-1,true
outward,3038,4.92,-213.254592895508,link-1,true
outward,3039,4.196,-213.479843139648,link-1,true
outward,3040,3.38,-213.479843139648,link-1,true
outward,3041,3.326,-213.479843139648,link-1,true
outward,3042,5.044,-213.479843139648,link-1,true
outward,3043,3.959,-213.706726074219,link-1,true
outward,3044,3.516,-213.706726074219,link-1,true
outward,3045,3.152,-213.706726074219,link-1,true
outward,3046,4.437,-213.706726074219,link-1,true
outward,3047,4.415,-213.935241699219,link-1,true
outward,3048,2.855,-213.935241699219,link-1,true
outward,3049,3.577,-213.935241699219,link-1,true
outward,3050,3.63,-213.935241699219,link-1,true
outward,3051,5.644,-214.165405273438,link-1,true
outward,3052,2.914,-214.165405273438,link-1,true
outward,3053,3.364,-214.165405273438,link-1,true
outward,3054,3.529,-214.165405273438,link-1,true
outward,3055,5.087,-214.165405273438,link-1,true
outward,3056,4.09,-214.397201538086,link-1,true
outward,3057,2.93,-214.397201538086,link-1,true
outward,3058,3.853,-214.397201538086,link-1,true
outward,3059,3.322,-214.397201538086,link-1,true
outward,3060,5.108,-214.630630493164,link-1,true
outward,3061,3.273,-214.630630493164,link-1,true
outward,3062,3.155,-214.630630493164,link-1,true
outward,3063,3.646,-214.630630493164,link-1,true
outward,3064,4.787,-214.630630493164,link-1,true
outward,3065,4.199,-214.865707397461,link-1,true
outward,3066,3.298,-214.865707397461,link-1,true
outward,3067,3.353,-214.865707397461,link-1,true
outward,3068,5.313,-214.865707397461,link-1,true
outward,3069,4.256,-215.102401733398,link-1,true
outward,3070,3.174,-215.102401733398,link-1,true
outward,3071,3.293,-215.102401733398,link-1,true
outward,3072,5.06,-215.102401733398,link-1,true
outward,3073,3.99,-215.340728759766,link-1,true
outward,3074,3.007,-215.340728759766,link-1,true
outward,3075,3.96,-215.340728759766,link-1,true
outward,3076,4.679,-215.340728759766,link-1,true
outward,3077,4.207,-215.580703735352,link-1,true
outward,3078,3.491,-215.580703735352,link-1,true
outward,3079,2.841,-215.580703735352,link-1,true
outward,3080,5.284,-215.580703735352,link-1,true
outward,3081,3.197,-215.580703735352,link-1,true
outward,3082,4.262,-215.822296142578,link-1,true
outward,3083,3.412,-215.822296142578,link-1,true
outward,3084,3.979,-215.822296142578,link-1,true
outward,3085,3.979,-215.822296142578,link-1,true
outward,3086,3.904,-216.065521240234,link-1,true
outward,3087,3.285,-216.065521240234,link-1,true
outward,3088,2.753,-216.065521240234,link-1,true
outward,3089,14.376,-216.065521240234,link-1,true
outward,3090,20.873,-216.556869506836,link-1,true
outward,3091,14.705,-216.804977416992,link-1,true
outward,3092,18.303,-217.054718017578,link-1,true
outward,3093,17.84,-217.306076049805,link-1,true
outward,3094,15.315,-217.559066772461,link-1,true
outward,3095,18.299,-217.813674926758,link-1,true
outward,3096,17.822,-218.069915771484,link-1,true
outward,3097,15.267,-218.327774047852,link-1,true
outward,3098,19.151,-218.587249755859,link-1,true
outward,3099,17.014,-218.848342895508,link-1,true
outward,3100,15.746,-219.111053466797,link-1,true
outward,3101,17.985,-219.375381469727,link-1,true
outward,3102,22.045,-219.908889770508,link-1,true
outward,3103,14.573,-220.178070068359,link-1,true
outward,3104,22.871,-220.448852539062,link-1,true
outward,3105,18.838,-220.721252441406,link-1,true
outward,3106,14.766,-220.995269775391,link-1,true
outward,3107,18.49,-221.270889282227,link-1,true
outward,3108,17.712,-221.548126220703,link-1,true
outward,3109,15.244,-221.826965332031,link-1,true
outward,3110,18.459,-222.107406616211,link-1,true
outward,3111,17.736,-222.389450073242,link-1,true
outward,3112,15.298,-222.673095703125,link-1,true
outward,3113,18.491,-222.958358764648,link-1,true
outward,3114,17.645,-223.245223999023,link-1,true
outward,3115,15.497,-223.53369140625,link-1,true
outward,3116,18.22,-223.823760986328,link-1,true
outward,3117,22.083,-224.408676147461,link-1,true
outward,3118,14.387,-224.703536987305,link-1,true
outward,3119,18.427,-224.999984741211,link-1,true
outward,3120,17.901,-225.29801940918,link-1,true
outward,3121,15.178,-225.59765625,link-1,true
outward,3122,18.49,-225.898880004883,link-1,true
outward,3123,21.619,-226.201705932617,link-1,true
outward,3124,14.944,-226.506118774414,link-1,true
outward,3125,18.47,-226.812118530273,link-1,true
outward,3126,17.615,-227.119689941406,link-1,true
outward,3127,15.335,-227.428863525391,link-1,true
outward,3128,18.363,-227.739624023438,link-1,true
outward,3129,17.991,-228.051956176758,link-1,true
outward,3130,15.625,-228.365875244141,link-1,true
outward,3131,18.366,-228.681381225586,link-1,true
outward,3132,21.649,-228.998458862305,link-1,true
outward,3133,14.862,-229.317123413086,link-1,true
outward,3134,23.161,-229.959167480469,link-1,true
outward,3135,18.568,-230.282562255859,link-1,true
outward,3136,19.418,-230.607528686523,link-1,true
outward,3137,20.12,-230.93408203125,link-1,true
outward,3138,15.629,-231.262191772461,link-1,true
outward,3139,18.279,-231.591888427734,link-1,true
outward,3140,17.831,-231.923141479492,link-1,true
outward,3141,15.441,-232.255966186523,link-1,true
outward,3142,18.189,-232.590362548828,link-1,true
outward,3143,17.877,-232.926315307617,link-1,true
outward,3144,15.511,-233.26383972168,link-1,true
outward,3145,18.463,-233.602905273438,link-1,true
outward,3146,18.239,-234.285736083984,link-1,true
outward,3147,14.93,-234.629501342773,link-1,true
outward,3148,18.449,-234.974807739258,link-1,true
outward,3149,17.862,-235.321670532227,link-1,true
outward,3150,15.41,-235.67008972168,link-1,true
outward,3151,18.377,-236.020080566406,link-1,true
outward,3152,17.877,-236.371612548828,link-1,true
outward,3153,15.306,-236.724685668945,link-1,true
outward,3154,18.404,-237.079315185547,link-1,true
outward,3155,17.765,-237.435485839844,link-1,true
outward,3156,15.495,-237.793212890625,link-1,true
outward,3157,18.391,-238.152481079102,link-1,true
outward,3158,17.547,-238.513305664062,link-1,true
outward,3159,15.511,-238.87565612793,link-1,true
outward,3160,18.268,-239.239562988281,link-1,true
outward,3161,21.693,-239.605010986328,link-1,true
outward,3162,15.47,-239.97200012207,link-1,true
outward,3163,18.008,-240.340530395508,link-1,true
outward,3164,22.121,-241.08219909668,link-1,true
outward,3165,14.486,-241.455322265625,link-1,true
outward,3166,18.75,-241.829971313477,link-1,true
outward,3167,17.855,-242.206161499023,link-1,true
outward,3168,15.037,-242.583892822266,link-1,true
outward,3169,18.382,-242.963134765625,link-1,true
outward,3170,18.908,-243.343902587891,link-1,true
outward,3171,14.356,-243.726196289062,link-1,true
outward,3172,23.108,-244.110015869141,link-1,true
outward,3173,18.751,-244.495346069336,link-1,true
outward,3174,19.598,-244.882217407227,link-1,true
outward,3175,15.26,-245.270599365234,link-1,true
outward,3176,18.465,-245.660507202148,link-1,true
outward,3177,17.618,-246.05192565918,link-1,true
outward,3178,15.403,-246.444854736328,link-1,true
outward,3179,18.234,-246.839294433594,link-1,true
outward,3180,18.204,-247.632736206055,link-1,true
outward,3181,15.098,-248.031707763672,link-1,true
outward,3182,18.443,-248.432189941406,link-1,true
outward,3183,17.736,-248.834182739258,link-1,true
outward,3184,15.34,-249.237686157227,link-1,true
outward,3185,18.294,-249.642669677734,link-1,true
outward,3186,17.545,-250.049163818359,link-1,true
outward,3187,15.257,-250.457153320312,link-1,true
outward,3188,18.234,-250.866653442383,link-1,true
outward,3189,17.749,-251.277633666992,link-1,true
outward,3190,15.407,-251.69010925293,link-1,true
outward,3191,18.357,-252.104080200195,link-1,true
outward,3192,17.877,-252.519546508789,link-1,true
outward,3193,15.46,-252.936508178711,link-1,true
outward,3194,18.137,-253.354965209961,link-1,true
outward,3195,21.672,-253.77490234375,link-1,true
outward,3196,14.802,-254.196334838867,link-1,true
outward,3197,18.515,-254.619247436523,link-1,true
outward,3198,21.235,-255.04362487793,link-1,true
outward,3199,14.712,-255.469497680664,link-1,true
outward,3200,18.578,-255.896850585938,link-1,true
outward,3201,17.844,-256.755981445312,link-1,true
outward,3202,14.957,-257.187744140625,link-1,true
outward,3203,18.346,-257.621002197266,link-1,true
outward,3204,17.5,-258.055725097656,link-1,true
outward,3205,15.349,-258.491912841797,link-1,true
outward,3206,18.325,-258.929595947266,link-1,true
outward,3207,17.812,-259.368713378906,link-1,true
outward,3208,15.372,-259.809295654297,link-1,true
outward,3209,18.569,-260.251342773438,link-1,true
outward,3210,17.683,-260.694854736328,link-1,true
outward,3211,15.278,-261.139831542969,link-1,true
outward,3212,18.233,-261.586242675781,link-1,true
outward,3213,17.67,-262.034118652344,link-1,true
outward,3214,15.197,-262.483489990234,link-1,true
outward,3215,19.226,-262.934295654297,link-1,true
outward,3216,18.084,-263.386535644531,link-1,true
outward,3217,15.5,-263.840209960938,link-1,true
outward,3218,18.579,-264.295349121094,link-1,true
outward,3219,18.079,-264.751953125,link-1,true
outward,3220,15.546,-265.209991455078,link-1,true
outward,3221,18.487,-265.669464111328,link-1,true
outward,3222,17.779,-266.130401611328,link-1,true
outward,3223,15.699,-266.592742919922,link-1,true
outward,3224,18.208,-267.056549072266,link-1,true
outward,3225,17.88,-267.521789550781,link-1,true
outward,3226,15.956,-267.988464355469,link-1,true
outward,3227,17.644,-268.456573486328,link-1,true
outward,3228,18.483,-268.926116943359,link-1,true
outward,3229,14.889,-269.397064208984,link-1,true
outward,3230,18.626,-269.869445800781,link-1,true
outward,3231,18.047,-270.818511962891,link-1,true
outward,3232,15.249,-271.295196533203,link-1,true
outward,3233,18.422,-271.773284912109,link-1,true
outward,3234,17.826,-272.252777099609,link-1,true
outward,3235,15.169,-272.733703613281,link-1,true
outward,3236,23.149,-273.216033935547,link-1,true
outward,3237,14.95,-273.699768066406,link-1,true
outward,3238,15.361,-274.184936523438,link-1,true
outward,3239,18.427,-274.671508789062,link-1,true
outward,3240,17.787,-275.159484863281,link-1,true
outward,3241,15.492,-275.648834228516,link-1,true
outward,3242,18.681,-276.139617919922,link-1,true
outward,3243,17.483,-276.631805419922,link-1,true
outward,3244,15.521,-277.125396728516,link-1,true
outward,3245,18.532,-277.620361328125,link-1,true
outward,3246,17.765,-278.114868164062,link-1,true
outward,3247,15.232,-278.610778808594,link-1,true
outward,3248,18.411,-279.106231689453,link-1,true
outward,3249,17.927,-279.601196289062,link-1,true
outward,3250,15.144,-280.095703125,link-1,true
outward,3251,18.361,-280.591583251953,link-1,true
outward,3252,17.692,-281.087005615234,link-1,true
outward,3253,15.312,-281.581970214844,link-1,true
outward,3254,18.385,-282.076446533203,link-1,true
outward,3255,17.838,-282.572326660156,link-1,true
outward,3256,15.321,-283.067718505859,link-1,true
outward,3257,18.318,-283.562652587891,link-1,true
outward,3258,17.607,-284.057098388672,link-1,true
outward,3259,15.122,-284.552947998047,link-1,true
outward,3260,18.212,-285.04833984375,link-1,true
outward,3261,19.535,-286.037689208984,link-1,true
outward,3262,13.299,-286.533508300781,link-1,true
outward,3263,20.832,-287.028869628906,link-1,true
outward,3264,14.683,-287.523742675781,link-1,true
outward,3265,15.166,-288.018157958984,link-1,true
outward,3266,18.428,-288.513946533203,link-1,true
outward,3267,17.692,-289.00927734375,link-1,true
outward,3268,15.269,-289.504119873047,link-1,true
outward,3269,18.149,-289.998504638672,link-1,true
outward,3270,4.987,-289.998504638672,link-1,true
outward,3271,5.627,-290.494262695312,link-1,true
outward,3272,3.388,-290.494262695312,link-1,true
outward,3273,4.114,-290.494262695312,link-1,true
outward,3274,4.738,-290.989532470703,link-1,true
outward,3275,3.412,-290.989532470703,link-1,true
outward,3276,4.181,-290.989532470703,link-1,true
outward,3277,3.388,-290.989532470703,link-1,true
outward,3278,3.048,-290.989532470703,link-1,true
outward,3279,4.315,-291.484344482422,link-1,true
outward,3280,2.761,-291.484344482422,link-1,true
outward,3281,4.943,-291.484344482422,link-1,true
outward,3282,3.506,-291.484344482422,link-1,true
outward,3283,4.171,-291.978698730469,link-1,true
outward,3284,3.923,-291.978698730469,link-1,true
outward,3285,4.202,-291.978698730469,link-1,true
outward,3286,3.758,-291.978698730469,link-1,true
outward,3287,5.115,-291.978698730469,link-1,true
outward,3288,4.689,-292.474426269531,link-1,true
outward,3289,3.719,-292.474426269531,link-1,true
outward,3290,2.655,-292.474426269531,link-1,true
outward,3291,2.978,-292.474426269531,link-1,true
outward,3292,4.218,-292.969665527344,link-1,true
outward,3293,3.157,-292.969665527344,link-1,true
outward,3294,4.51,-292.969665527344,link-1,true
outward,3295,3.345,-292.969665527344,link-1,true
outward,3296,3.687,-292.969665527344,link-1,true
outward,3297,4.306,-293.464447021484,link-1,true
outward,3298,5.352,-293.464447021484,link-1,true
outward,3299,2.821,-293.464447021484,link-1,true
outward,3300,3.121,-293.464447021484,link-1,true
outward,3301,4.703,-293.958740234375,link-1,true
outward,3302,3.377,-293.958740234375,link-1,true
outward,3303,3.9,-293.958740234375,link-1,true
outward,3304,3.515,-293.958740234375,link-1,true
outward,3305,3.775,-293.958740234375,link-1,true
outward,3306,4.22,-294.452545166016,link-1,true
outward,3307,5.448,-294.452545166016,link-1,true
outward,3308,3.003,-294.452545166016,link-1,true
outward,3309,3.538,-294.452545166016,link-1,true
outward,3310,4.357,-294.94775390625,link-1,true
outward,3311,3.221,-294.94775390625,link-1,true
outward,3312,3.705,-294.94775390625,link-1,true
outward,3313,3.755,-294.94775390625,link-1,true
outward,3314,4.308,-294.94775390625,link-1,true
outward,3315,6.406,-295.442474365234,link-1,true
outward,3316,3.614,-295.442474365234,link-1,true
outward,3317,3.368,-295.442474365234,link-1,true
outward,3318,3.724,-295.442474365234,link-1,true
outward,3319,4.096,-295.936737060547,link-1,true
outward,3320,3.568,-295.936737060547,link-1,true
outward,3321,2.981,-295.936737060547,link-1,true
outward,3322,3.306,-295.936737060547,link-1,true
outward,3323,3.677,-295.936737060547,link-1,true
outward,3324,5.428,-296.430511474609,link-1,true
outward,3325,4.582,-296.430511474609,link-1,true
outward,3326,4.155,-296.430511474609,link-1,true
outward,3327,3.823,-296.430511474609,link-1,true
outward,3328,4.574,-296.925659179688,link-1,true
outward,3329,4.073,-296.925659179688,link-1,true
outward,3330,5.46,-296.925659179688,link-1,true
outward,3331,3.862,-296.925659179688,link-1,true
outward,3332,4.437,-297.420349121094,link-1,true
outward,3333,3.49,-297.420349121094,link-1,true
outward,3334,3.936,-297.420349121094,link-1,true
outward,3335,3.766,-297.420349121094,link-1,true
outward,3336,4.507,-297.91455078125,link-1,true
outward,3337,7.148,-297.91455078125,link-1,true
outward,3338,5.377,-297.91455078125,link-1,true
outward,3339,3.448,-297.91455078125,link-1,true
outward,3340,3.619,-298.408264160156,link-1,true
outward,3341,3.904,-298.408264160156,link-1,true
outward,3342,3.004,-298.408264160156,link-1,true
outward,3343,3.412,-298.408264160156,link-1,true
outward,3344,4.378,-298.903381347656,link-1,true
outward,3345,2.903,-298.903381347656,link-1,true
outward,3346,3.621,-298.903381347656,link-1,true
outward,3347,3.323,-298.903381347656,link-1,true
outward,3348,5.249,-299.398010253906,link-1,true
outward,3349,2.993,-299.398010253906,link-1,true
outward,3350,3.178,-299.398010253906,link-1,true
outward,3351,3.317,-299.398010253906,link-1,true
outward,3352,5.86,-299.892150878906,link-1,true
outward,3353,2.942,-299.892150878906,link-1,true
outward,3354,3.584,-299.892150878906,link-1,true
outward,3355,3.525,-299.892150878906,link-1,true
outward,3356,5.257,-300.385803222656,link-1,true
outward,3357,3.349,-300.385803222656,link-1,true
outward,3358,3.306,-300.385803222656,link-1,true
outward,3359,5.94,-300.385803222656,link-1,true
outward,3360,2.61,-300.385803222656,link-1,true
outward,3361,4.299,-300.880859375,link-1,true
outward,3362,2.678,-300.880859375,link-1,true
outward,3363,3.735,-300.880859375,link-1,true
outward,3364,3.268,-300.880859375,link-1,true
outward,3365,5.632,-301.375457763672,link-1,true
outward,3366,3.019,-301.375457763672,link-1,true
outward,3367,3.385,-301.375457763672,link-1,true
outward,3368,3.709,-301.375457763672,link-1,true
outward,3369,5.21,-301.869567871094,link-1,true
outward,3370,2.806,-301.869567871094,link-1,true
outward,3371,3.618,-301.869567871094,link-1,true
outward,3372,3.617,-301.869567871094,link-1,true
outward,3373,3.392,-301.869567871094,link-1,true
outward,3374,5.709,-302.363189697266,link-1,true
outward,3375,2.667,-302.363189697266,link-1,true
outward,3376,3.778,-302.363189697266,link-1,true
outward,3377,3.367,-302.363189697266,link-1,true
outward,3378,5.61,-302.858184814453,link-1,true
outward,3379,3.074,-302.858184814453,link-1,true
outward,3380,3.245,-302.858184814453,link-1,true
outward,3381,3.708,-302.858184814453,link-1,true
outward,3382,5.29,-303.352722167969,link-1,true
outward,3383,2.957,-303.352722167969,link-1,true
outward,3384,3.465,-303.352722167969,link-1,true
outward,3385,3.94,-303.352722167969,link-1,true
outward,3386,3.283,-303.352722167969,link-1,true
outward,3387,5.409,-303.846771240234,link-1,true
outward,3388,2.827,-303.846771240234,link-1,true
outward,3389,3.49,-303.846771240234,link-1,true
outward,3390,4.325,-303.846771240234,link-1,true
outward,3391,4.968,-304.34033203125,link-1,true
outward,3392,2.956,-304.34033203125,link-1,true
outward,3393,3.544,-304.34033203125,link-1,true
outward,3394,3.39,-304.34033203125,link-1,true
outward,3395,5.259,-304.835296630859,link-1,true
outward,3396,3.289,-304.835296630859,link-1,true
outward,3397,3.2,-304.835296630859,link-1,true
outward,3398,3.649,-304.835296630859,link-1,true
outward,3399,3.344,-304.835296630859,link-1,true
outward,3400,5.235,-305.329742431641,link-1,true
outward,3401,2.806,-305.329742431641,link-1,true
outward,3402,3.576,-305.329742431641,link-1,true
outward,3403,3.689,-305.329742431641,link-1,true
outward,3404,5.911,-305.82373046875,link-1,true
outward,3405,2.852,-305.82373046875,link-1,true
outward,3406,3.46,-305.82373046875,link-1,true
outward,3407,3.69,-305.82373046875,link-1,true
outward,3408,4.511,-305.82373046875,link-1,true
outward,3409,4.287,-306.317230224609,link-1,true
outward,3410,2.704,-306.317230224609,link-1,true
outward,3411,3.738,-306.317230224609,link-1,true
outward,3412,3.201,-306.317230224609,link-1,true
outward,3413,5.44,-306.812103271484,link-1,true
outward,3414,2.647,-306.812103271484,link-1,true
outward,3415,3.792,-306.812103271484,link-1,true
outward,3416,3.393,-306.812103271484,link-1,true
outward,3417,5.698,-307.306488037109,link-1,true
outward,3418,3.234,-307.306488037109,link-1,true
outward,3419,3.198,-307.306488037109,link-1,true
outward,3420,3.57,-307.306488037109,link-1,true
outward,3421,3.574,-307.306488037109,link-1,true
outward,3422,5.207,-307.800384521484,link-1,true
outward,3423,2.731,-307.800384521484,link-1,true
outward,3424,3.777,-307.800384521484,link-1,true
outward,3425,3.615,-307.800384521484,link-1,true
outward,3426,5.45,-308.293792724609,link-1,true
outward,3427,2.765,-308.293792724609,link-1,true
outward,3428,3.627,-308.293792724609,link-1,true
outward,3429,3.591,-308.293792724609,link-1,true
outward,3430,5.697,-308.788604736328,link-1,true
outward,3431,3.005,-308.788604736328,link-1,true
outward,3432,3.224,-308.788604736328,link-1,true
outward,3433,3.708,-308.788604736328,link-1,true
outward,3434,3.183,-308.788604736328,link-1,true
outward,3435,5.175,-309.282928466797,link-1,true
outward,3436,2.847,-309.282928466797,link-1,true
outward,3437,3.432,-309.282928466797,link-1,true
outward,3438,3.51,-309.282928466797,link-1,true
outward,3439,5.667,-309.776794433594,link-1,true
outward,3440,3.047,-309.776794433594,link-1,true
outward,3441,3.158,-309.776794433594,link-1,true
outward,3442,3.599,-309.776794433594,link-1,true
outward,3443,4.677,-309.776794433594,link-1,true
outward,3444,4.356,-310.270141601562,link-1,true
outward,3445,2.731,-310.270141601562,link-1,true
outward,3446,3.487,-310.270141601562,link-1,true
outward,3447,3.668,-310.270141601562,link-1,true
outward,3448,5.5,-310.764892578125,link-1,true
outward,3449,3.087,-310.764892578125,link-1,true
outward,3450,3.253,-310.764892578125,link-1,true
outward,3451,3.442,-310.764892578125,link-1,true
outward,3452,5.784,-311.259155273438,link-1,true
outward,3453,2.625,-311.259155273438,link-1,true
outward,3454,3.379,-311.259155273438,link-1,true
outward,3455,3.676,-311.259155273438,link-1,true
outward,3456,3.278,-311.259155273438,link-1,true
outward,3457,5.565,-311.7529296875,link-1,true
outward,3458,3.233,-311.7529296875,link-1,true
outward,3459,2.872,-311.7529296875,link-1,true
outward,3460,3.269,-311.7529296875,link-1,true
outward,3461,5.422,-312.246215820312,link-1,true
outward,3462,2.737,-312.246215820312,link-1,true
outward,3463,4.122,-312.246215820312,link-1,true
outward,3464,2.909,-312.246215820312,link-1,true
outward,3465,4.55,-312.246215820312,link-1,true
outward,3466,4.67,-312.740875244141,link-1,true
outward,3467,2.389,-312.740875244141,link-1,true
outward,3468,3.959,-312.740875244141,link-1,true
outward,3469,3.546,-312.740875244141,link-1,true
outward,3470,5.363,-313.235046386719,link-1,true
outward,3471,2.711,-313.235046386719,link-1,true
outward,3472,3.837,-313.235046386719,link-1,true
outward,3473,3.242,-313.235046386719,link-1,true
outward,3474,6.259,-313.728759765625,link-1,true
outward,3475,3.298,-313.728759765625,link-1,true
outward,3476,2.679,-313.728759765625,link-1,true
outward,3477,3.505,-313.728759765625,link-1,true
outward,3478,3.297,-313.728759765625,link-1,true
outward,3479,5.13,-314.221984863281,link-1,true
outward,3480,3.063,-314.221984863281,link-1,true
outward,3481,3.13,-314.221984863281,link-1,true
outward,3482,3.523,-314.221984863281,link-1,true
outward,3483,5.303,-314.716552734375,link-1,true
outward,3484,3.261,-314.716552734375,link-1,true
outward,3485,3.066,-314.716552734375,link-1,true
outward,3486,3.572,-314.716552734375,link-1,true
outward,3487,3.303,-314.716552734375,link-1,true
outward,3488,5.037,-315.210632324219,link-1,true
outward,3489,2.911,-315.210632324219,link-1,true
outward,3490,3.461,-315.210632324219,link-1,true
outward,3491,3.351,-315.210632324219,link-1,true
outward,3492,5.503,-315.704223632812,link-1,true
outward,3493,2.808,-315.704223632812,link-1,true
outward,3494,3.398,-315.704223632812,link-1,true
outward,3495,3.53,-315.704223632812,link-1,true
outward,3496,4.447,-315.704223632812,link-1,true
outward,3497,4.44,-316.197326660156,link-1,true
outward,3498,2.774,-316.197326660156,link-1,true
outward,3499,3.565,-316.197326660156,link-1,true
outward,3500,3.477,-316.197326660156,link-1,true
outward,3501,5.665,-316.691833496094,link-1,true
outward,3502,2.959,-316.691833496094,link-1,true
outward,3503,3.347,-316.691833496094,link-1,true
outward,3504,3.087,-316.691833496094,link-1,true
outward,3505,5.716,-317.185852050781,link-1,true
outward,3506,2.998,-317.185852050781,link-1,true
outward,3507,3.402,-317.185852050781,link-1,true
outward,3508,3.625,-317.185852050781,link-1,true
outward,3509,3.515,-317.185852050781,link-1,true
outward,3510,4.855,-317.679382324219,link-1,true
outward,3511,3.001,-317.679382324219,link-1,true
outward,3512,3.585,-317.679382324219,link-1,true
outward,3513,3.349,-317.679382324219,link-1,true
outward,3514,5.89,-318.172424316406,link-1,true
outward,3515,3.04,-318.172424316406,link-1,true
outward,3516,3.358,-318.172424316406,link-1,true
outward,3517,3.755,-318.172424316406,link-1,true
outward,3518,3.452,-318.172424316406,link-1,true
outward,3519,5.154,-318.666839599609,link-1,true
outward,3520,2.752,-318.666839599609,link-1,true
outward,3521,3.601,-318.666839599609,link-1,true
outward,3522,3.374,-318.666839599609,link-1,true
outward,3523,5.418,-319.160766601562,link-1,true
outward,3524,2.786,-319.160766601562,link-1,true
outward,3525,3.574,-319.160766601562,link-1,true
outward,3526,3.419,-319.160766601562,link-1,true
outward,3527,5.811,-319.654205322266,link-1,true
outward,3528,3.723,-319.654205322266,link-1,true
outward,3529,6.12,-319.654205322266,link-1,true
outward,3530,3.986,-319.654205322266,link-1,true
outward,3531,3.533,-320.147186279297,link-1,true
outward,3532,3.371,-320.147186279297,link-1,true
outward,3533,3.814,-320.147186279297,link-1,true
outward,3534,4.583,-320.147186279297,link-1,true
outward,3535,4.52,-320.641510009766,link-1,true
outward,3536,2.858,-320.641510009766,link-1,true
outward,3537,2.339,-320.641510009766,link-1,true
outward,3538,3.564,-320.641510009766,link-1,true
outward,3539,3.298,-320.641510009766,link-1,true
outward,3540,5.39,-321.135345458984,link-1,true
outward,3541,3.031,-321.135345458984,link-1,true
outward,3542,3.496,-321.135345458984,link-1,true
outward,3543,3.403,-321.135345458984,link-1,true
outward,3544,5.748,-321.628692626953,link-1,true
outward,3545,2.724,-321.628692626953,link-1,true
outward,3546,3.458,-321.628692626953,link-1,true
outward,3547,4.169,-321.628692626953,link-1,true
outward,3548,2.793,-321.628692626953,link-1,true
outward,3549,5.174,-322.121551513672,link-1,true
outward,3550,3.308,-322.121551513672,link-1,true
outward,3551,3.224,-322.121551513672,link-1,true
outward,3552,3.322,-322.121551513672,link-1,true
outward,3553,5.558,-322.615783691406,link-1,true
outward,3554,2.711,-322.615783691406,link-1,true
outward,3555,3.581,-322.615783691406,link-1,true
outward,3556,3.599,-322.615783691406,link-1,true
outward,3557,4.607,-322.615783691406,link-1,true
outward,3558,4.315,-323.109558105469,link-1,true
outward,3559,2.657,-323.109558105469,link-1,true
outward,3560,3.625,-323.109558105469,link-1,true
outward,3561,3.508,-323.109558105469,link-1,true
outward,3562,5.378,-323.602844238281,link-1,true
outward,3563,2.871,-323.602844238281,link-1,true
outward,3564,4.169,-323.602844238281,link-1,true
outward,3565,2.66,-323.602844238281,link-1,true
outward,3566,5.515,-324.095642089844,link-1,true
outward,3567,3.236,-324.095642089844,link-1,true
outward,3568,3.265,-324.095642089844,link-1,true
outward,3569,3.458,-324.095642089844,link-1,true
outward,3570,3.602,-324.095642089844,link-1,true
outward,3571,4.946,-324.589782714844,link-1,true
outward,3572,2.617,-324.589782714844,link-1,true
outward,3573,3.6,-324.589782714844,link-1,true
outward,3574,3.385,-324.589782714844,link-1,true
outward,3575,5.633,-325.083435058594,link-1,true
outward,3576,2.67,-325.083435058594,link-1,true
outward,3577,3.312,-325.083435058594,link-1,true
outward,3578,3.617,-325.083435058594,link-1,true
outward,3579,3.5,-325.083435058594,link-1,true
outward,3580,4.939,-325.576599121094,link-1,true
outward,3581,3.044,-325.576599121094,link-1,true
outward,3582,3.462,-325.576599121094,link-1,true
outward,3583,3.218,-325.576599121094,link-1,true
outward,3584,5.966,-326.069274902344,link-1,true
outward,3585,2.912,-326.069274902344,link-1,true
outward,3586,3.327,-326.069274902344,link-1,true
outward,3587,4.123,-326.069274902344,link-1,true
outward,3588,5.137,-326.563323974609,link-1,true
outward,3589,2.876,-326.563323974609,link-1,true
outward,3590,3.528,-326.563323974609,link-1,true
outward,3591,3.537,-326.563323974609,link-1,true
outward,3592,3.357,-326.563323974609,link-1,true
outward,3593,5.267,-327.056915283203,link-1,true
outward,3594,2.77,-327.056915283203,link-1,true
outward,3595,3.419,-327.056915283203,link-1,true
outward,3596,4.299,-327.056915283203,link-1,true
outward,3597,4.322,-327.550018310547,link-1,true
outward,3598,3.097,-327.550018310547,link-1,true
outward,3599,3.386,-327.550018310547,link-1,true
outward,3600,3.496,-327.550018310547,link-1,true
outward,3601,3.419,-327.550018310547,link-1,true
outward,3602,4.93,-328.042633056641,link-1,true
outward,3603,2.655,-328.042633056641,link-1,true
outward,3604,4.011,-328.042633056641,link-1,true
outward,3605,6.801,-328.042633056641,link-1,true
outward,3606,3.45,-328.536590576172,link-1,true
outward,3607,2.748,-328.536590576172,link-1,true
outward,3608,2.992,-328.536590576172,link-1,true
outward,3609,3.799,-328.536590576172,link-1,true
outward,3610,5.82,-329.030059814453,link-1,true
outward,3611,2.914,-329.030059814453,link-1,true
outward,3612,3.151,-329.030059814453,link-1,true
outward,3613,3.494,-329.030059814453,link-1,true
outward,3614,3.333,-329.030059814453,link-1,true
outward,3615,5.259,-329.523040771484,link-1,true
outward,3616,2.531,-329.523040771484,link-1,true
outward,3617,3.646,-329.523040771484,link-1,true
outward,3618,3.642,-329.523040771484,link-1,true
outward,3619,5.865,-330.015533447266,link-1,true
outward,3620,2.539,-330.015533447266,link-1,true
outward,3621,3.514,-330.015533447266,link-1,true
outward,3622,3.552,-330.015533447266,link-1,true
outward,3623,4.971,-330.015533447266,link-1,true
outward,3624,4.132,-330.509399414062,link-1,true
outward,3625,2.751,-330.509399414062,link-1,true
outward,3626,3.783,-330.509399414062,link-1,true
outward,3627,3.382,-330.509399414062,link-1,true
outward,3628,5.062,-331.002777099609,link-1,true
outward,3629,2.8,-331.002777099609,link-1,true
outward,3630,3.448,-331.002777099609,link-1,true
outward,3631,3.376,-331.002777099609,link-1,true
outward,3632,5.731,-331.495666503906,link-1,true
outward,3633,2.832,-331.495666503906,link-1,true
outward,3634,3.306,-331.495666503906,link-1,true
outward,3635,3.806,-331.495666503906,link-1,true
outward,3636,3.288,-331.495666503906,link-1,true
outward,3637,5.11,-331.988098144531,link-1,true
outward,3638,2.879,-331.988098144531,link-1,true
outward,3639,3.397,-331.988098144531,link-1,true
outward,3640,3.473,-331.988098144531,link-1,true
outward,3641,5.943,-332.481872558594,link-1,true
outward,3642,2.784,-332.481872558594,link-1,true
outward,3643,3.997,-332.481872558594,link-1,true
outward,3644,2.887,-332.481872558594,link-1,true
outward,3645,5.106,-332.481872558594,link-1,true
outward,3646,4.263,-332.975158691406,link-1,true
outward,3647,2.684,-332.975158691406,link-1,true
outward,3648,3.614,-332.975158691406,link-1,true
outward,3649,3.422,-332.975158691406,link-1,true
outward,3650,4.949,-333.467956542969,link-1,true
outward,3651,2.736,-333.467956542969,link-1,true
outward,3652,3.333,-333.467956542969,link-1,true
outward,3653,3.729,-333.467956542969,link-1,true
outward,3654,4.741,-333.467956542969,link-1,true
outward,3655,4.269,-333.960266113281,link-1,true
outward,3656,2.67,-333.960266113281,link-1,true
outward,3657,3.617,-333.960266113281,link-1,true
outward,3658,3.58,-333.960266113281,link-1,true
outward,3659,4.76,-334.453948974609,link-1,true
outward,3660,3.07,-334.453948974609,link-1,true
outward,3661,3.355,-334.453948974609,link-1,true
outward,3662,3.349,-334.453948974609,link-1,true
outward,3663,5.911,-334.947143554688,link-1,true
outward,3664,2.641,-334.947143554688,link-1,true
outward,3665,3.535,-334.947143554688,link-1,true
outward,3666,3.688,-334.947143554688,link-1,true
outward,3667,3.614,-334.947143554688,link-1,true
outward,3668,5.158,-335.439849853516,link-1,true
outward,3669,2.593,-335.439849853516,link-1,true
outward,3670,3.495,-335.439849853516,link-1,true
outward,3671,3.28,-335.439849853516,link-1,true
outward,3672,5.601,-335.932067871094,link-1,true
outward,3673,2.696,-335.932067871094,link-1,true
outward,3674,3.561,-335.932067871094,link-1,true
outward,3675,3.421,-335.932067871094,link-1,true
outward,3676,4.372,-335.932067871094,link-1,true
outward,3677,4.899,-336.425659179688,link-1,true
outward,3678,2.767,-336.425659179688,link-1,true
outward,3679,3.672,-336.425659179688,link-1,true
outward,3680,3.647,-336.425659179688,link-1,true
outward,3681,4.2,-336.918762207031,link-1,true
outward,3682,13.195,-336.918762207031,link-1,true
outward,3683,15.223,-337.411376953125,link-1,true
outward,3684,18.179,-337.903503417969,link-1,true
outward,3685,17.407,-338.397003173828,link-1,true
outward,3686,15.45,-338.890014648438,link-1,true
outward,3687,18.085,-339.382537841797,link-1,true
outward,3688,18.051,-339.874572753906,link-1,true
outward,3689,14.792,-340.367980957031,link-1,true
outward,3690,18.152,-340.860900878906,link-1,true
outward,3691,17.641,-341.353332519531,link-1,true
outward,3692,15.253,-341.845275878906,link-1,true
outward,3693,18.073,-342.338623046875,link-1,true
outward,3694,17.688,-342.831481933594,link-1,true
outward,3695,15.093,-343.323852539062,link-1,true
outward,3696,18.313,-343.815734863281,link-1,true
outward,3697,17.533,-344.30712890625,link-1,true
outward,3698,15.243,-344.799865722656,link-1,true
outward,3699,18.219,-345.292114257812,link-1,true
outward,3700,17.796,-345.783905029297,link-1,true
outward,3701,14.881,-346.275207519531,link-1,true
outward,3702,18.155,-346.767883300781,link-1,true
outward,3703,17.456,-347.260070800781,link-1,true
outward,3704,15.255,-347.751770019531,link-1,true
outward,3705,18.132,-348.242980957031,link-1,true
outward,3706,17.842,-348.735595703125,link-1,true
outward,3707,15.152,-349.227722167969,link-1,true
outward,3708,18.215,-349.719360351562,link-1,true
outward,3709,17.75,-350.210510253906,link-1,true
outward,3710,15.135,-350.703063964844,link-1,true
outward,3711,18.302,-351.195129394531,link-1,true
outward,3712,18.036,-351.686706542969,link-1,true
outward,3713,15.006,-352.177795410156,link-1,true
outward,3714,18.53,-352.670257568359,link-1,true
outward,3715,17.755,-353.653778076172,link-1,true
outward,3716,14.766,-354.144805908203,link-1,true
outward,3717,18.195,-354.63720703125,link-1,true
outward,3718,17.543,-355.129150390625,link-1,true
outward,3719,15.359,-355.62060546875,link-1,true
outward,3720,18.208,-356.111572265625,link-1,true
outward,3721,17.672,-356.603942871094,link-1,true
outward,3722,15.317,-357.095825195312,link-1,true
outward,3723,18.05,-357.587219238281,link-1,true
outward,3724,17.62,-358.078125,link-1,true
outward,3725,15.198,-358.570434570312,link-1,true
outward,3726,18.269,-359.062255859375,link-1,true
outward,3727,17.744,-359.553619384766,link-1,true
outward,3728,15.428,-360.044494628906,link-1,true
outward,3729,18.154,-360.536743164062,link-1,true
outward,3730,17.342,-361.028503417969,link-1,true
outward,3731,16.53,-361.519805908203,link-1,true
outward,3732,18.818,-362.010620117188,link-1,true
outward,3733,15.92,-362.502838134766,link-1,true
outward,3734,14.617,-362.994567871094,link-1,true
outward,3735,18.299,-363.48583984375,link-1,true
outward,3736,17.486,-363.976654052734,link-1,true
outward,3737,15.232,-364.468841552734,link-1,true
outward,3738,18.433,-364.960540771484,link-1,true
outward,3739,17.378,-365.451782226562,link-1,true
outward,3740,15.445,-365.942535400391,link-1,true
outward,3741,18.684,-366.92822265625,link-1,true
outward,3742,17.059,-367.421264648438,link-1,true
outward,3743,15.243,-367.913879394531,link-1,true
outward,3744,18.139,-368.406005859375,link-1,true
outward,3745,17.534,-368.897674560547,link-1,true
outward,3746,15.175,-369.388885498047,link-1,true
outward,3747,18.081,-369.879608154297,link-1,true
outward,3748,17.244,-370.371734619141,link-1,true
outward,3749,15.165,-370.863372802734,link-1,true
outward,3750,18.228,-371.354583740234,link-1,true
outward,3751,17.363,-371.845306396484,link-1,true
outward,3752,15.227,-372.337432861328,link-1,true
outward,3753,17.962,-372.829071044922,link-1,true
outward,3754,17.483,-373.320281982422,link-1,true
outward,3755,15.268,-373.811004638672,link-1,true
outward,3756,18.048,-374.303131103516,link-1,true
outward,3757,17.678,-374.794799804688,link-1,true
outward,3758,15.066,-375.286010742188,link-1,true
outward,3759,18.153,-375.776763916016,link-1,true
outward,3760,17.634,-376.268890380859,link-1,true
outward,3761,14.882,-376.760589599609,link-1,true
outward,3762,17.969,-377.251831054688,link-1,true
outward,3763,17.258,-377.742584228516,link-1,true
outward,3764,15.163,-378.234741210938,link-1,true
outward,3765,18.234,-378.726440429688,link-1,true
outward,3766,17.42,-379.217712402344,link-1,true
outward,3767,15.306,-379.70849609375,link-1,true
outward,3768,18.103,-380.20068359375,link-1,true
outward,3769,17.53,-380.692413330078,link-1,true
outward,3770,15.304,-381.183715820312,link-1,true
outward,3771,18.039,-381.674530029297,link-1,true
outward,3772,17.572,-382.166748046875,link-1,true
outward,3773,15.257,-382.658508300781,link-1,true
outward,3774,17.828,-383.149810791016,link-1,true
outward,3775,17.488,-383.640686035156,link-1,true
outward,3776,15.13,-384.132934570312,link-1,true
outward,3777,18.253,-384.624755859375,link-1,true
outward,3778,17.419,-385.116119384766,link-1,true
outward,3779,15.283,-385.607025146484,link-1,true
outward,3780,18.061,-386.099334716797,link-1,true
outward,3781,17.484,-386.591217041016,link-1,true
outward,3782,14.75,-387.082641601562,link-1,true
outward,3783,18.216,-387.573638916016,link-1,true
outward,3784,17.653,-388.066009521484,link-1,true
outward,3785,14.984,-388.557952880859,link-1,true
outward,3786,18.06,-389.049438476562,link-1,true
outward,3787,17.636,-389.540496826172,link-1,true
outward,3788,15.284,-390.031097412109,link-1,true
outward,3789,18.249,-390.523132324219,link-1,true
outward,3790,17.457,-391.014678955078,link-1,true
outward,3791,15.437,-391.505798339844,link-1,true
outward,3792,17.976,-391.996459960938,link-1,true
outward,3793,17.503,-392.488525390625,link-1,true
outward,3794,15.146,-392.980163574219,link-1,true
outward,3795,18.247,-393.471374511719,link-1,true
outward,3796,17.586,-393.962127685547,link-1,true
outward,3797,15.211,-394.454315185547,link-1,true
outward,3798,18.229,-394.946075439453,link-1,true
outward,3799,17.658,-395.437377929688,link-1,true
outward,3800,15.255,-395.92822265625,link-1,true
outward,3801,18.193,-396.420501708984,link-1,true
outward,3802,17.815,-397.403717041016,link-1,true
outward,3803,15.006,-397.894683837891,link-1,true
outward,3804,18.393,-398.387054443359,link-1,true
outward,3805,17.776,-398.878997802734,link-1,true
outward,3806,15.443,-399.370483398438,link-1,true
outward,3807,18.408,-399.861541748047,link-1,true
outward,3808,17.929,-400.35400390625,link-1,true
outward,3809,15.057,-400.846038818359,link-1,true
outward,3810,18.485,-401.337646484375,link-1,true
outward,3811,17.245,-401.828826904297,link-1,true
outward,3812,15.194,-402.321411132812,link-1,true
outward,3813,18.254,-402.813568115234,link-1,true
outward,3814,17.466,-403.305297851562,link-1,true
outward,3815,15.139,-403.796569824219,link-1,true
outward,3816,18.264,-404.289276123047,link-1,true
outward,3817,17.291,-404.781555175781,link-1,true
outward,3818,15.496,-405.273376464844,link-1,true
outward,3819,17.606,-405.764770507812,link-1,true
outward,3820,17.783,-406.257598876953,link-1,true
outward,3821,14.489,-406.75,link-1,true
outward,3822,24.037,-407.241973876953,link-1,true
outward,3823,15.193,-407.733520507812,link-1,true
outward,3824,20.902,-408.226470947266,link-1,true
outward,3825,13.67,-408.718994140625,link-1,true
outward,3826,20.802,-409.211090087891,link-1,true
outward,3827,10.706,-409.702758789062,link-1,true
outward,3828,20.632,-410.195861816406,link-1,true
outward,3829,14.421,-410.688507080078,link-1,true
outward,3830,17.844,-411.180755615234,link-1,true
outward,3831,17.549,-411.672576904297,link-1,true
outward,3832,15.002,-412.165802001953,link-1,true
outward,3833,18.084,-412.658599853516,link-1,true
outward,3834,17.815,-413.150970458984,link-1,true
outward,3835,14.716,-413.642913818359,link-1,true
outward,3836,18.094,-414.136291503906,link-1,true
outward,3837,17.392,-414.629241943359,link-1,true
outward,3838,14.888,-415.121765136719,link-1,true
outward,3839,17.811,-415.613861083984,link-1,true
outward,3840,21.717,-416.602294921875,link-1,true
outward,3841,14.13,-417.096801757812,link-1,true
outward,3842,18.384,-417.590881347656,link-1,true
outward,3843,17.043,-418.084533691406,link-1,true
outward,3844,15.393,-418.577758789062,link-1,true
outward,3845,18.225,-419.070556640625,link-1,true
outward,3846,17.496,-419.562927246094,link-1,true
outward,3847,15.339,-420.056732177734,link-1,true
outward,3848,17.909,-420.550109863281,link-1,true
outward,3849,21.354,-421.043029785156,link-1,true
outward,3850,14.824,-421.535552978516,link-1,true
outward,3851,18.152,-422.029479980469,link-1,true
outward,3852,17.596,-422.522979736328,link-1,true
outward,3853,15.273,-423.016082763672,link-1,true
outward,3854,18.273,-423.508758544922,link-1,true
outward,3855,17.621,-424.002868652344,link-1,true
outward,3856,15.633,-424.496551513672,link-1,true
outward,3857,18.258,-424.989807128906,link-1,true
outward,3858,17.633,-425.482635498047,link-1,true
outward,3859,15.498,-425.976867675781,link-1,true
outward,3860,18.435,-426.470703125,link-1,true
outward,3861,17.655,-426.964080810547,link-1,true
outward,3862,15.623,-427.45703125,link-1,true
outward,3863,18.073,-427.951416015625,link-1,true
outward,3864,17.728,-428.445373535156,link-1,true
outward,3865,15.346,-428.938903808594,link-1,true
outward,3866,18.294,-429.432037353516,link-1,true
outward,3867,17.931,-429.926574707031,link-1,true
outward,3868,15.058,-430.420684814453,link-1,true
outward,3869,18.448,-430.914367675781,link-1,true
outward,3870,17.851,-431.900451660156,link-1,true
outward,3871,14.903,-432.394714355469,link-1,true
outward,3872,18.176,-432.888549804688,link-1,true
outward,3873,17.33,-433.381958007812,link-1,true
outward,3874,15.228,-433.876800537109,link-1,true
outward,3875,18.118,-434.371215820312,link-1,true
outward,3876,17.578,-434.865203857422,link-1,true
outward,3877,15.321,-435.358764648438,link-1,true
outward,3878,18.118,-435.853759765625,link-1,true
outward,3879,17.328,-436.348327636719,link-1,true
outward,3880,15.05,-436.842468261719,link-1,true
outward,3881,18.094,-437.336151123047,link-1,true
outward,3882,17.844,-437.831268310547,link-1,true
outward,3883,14.995,-438.325958251953,link-1,true
outward,3884,18.246,-438.820220947266,link-1,true
outward,3885,17.677,-439.314056396484,link-1,true
outward,3886,15.086,-439.809326171875,link-1,true
outward,3887,18.363,-440.304168701172,link-1,true
outward,3888,17.718,-440.798583984375,link-1,true
outward,3889,15.113,-441.292541503906,link-1,true
outward,3890,18.47,-441.786071777344,link-1,true
outward,3891,17.341,-442.281036376953,link-1,true
outward,3892,15.078,-442.775573730469,link-1,true
outward,3893,18.141,-443.269653320312,link-1,true
outward,3894,17.621,-443.763305664062,link-1,true
outward,3895,15.237,-444.258392333984,link-1,true
outward,3896,18.109,-444.753051757812,link-1,true
outward,3897,17.795,-445.247283935547,link-1,true
outward,3898,14.923,-445.741088867188,link-1,true
outward,3899,18.217,-446.236297607422,link-1,true
outward,3900,17.618,-446.731079101562,link-1,true
outward,3901,15.309,-447.225433349609,link-1,true
outward,3902,18.076,-447.719329833984,link-1,true
outward,3903,17.696,-448.214660644531,link-1,true
outward,3904,15.332,-448.709564208984,link-1,true
outward,3905,18.095,-449.204010009766,link-1,true
outward,3906,17.52,-449.698028564453,link-1,true
outward,3907,15.402,-450.193481445312,link-1,true
outward,3908,18.176,-450.6884765625,link-1,true
outward,3909,17.587,-451.183044433594,link-1,true
outward,3910,15.334,-451.677185058594,link-1,true
outward,3911,18.098,-452.172729492188,link-1,true
outward,3912,17.61,-452.667846679688,link-1,true
outward,3913,15.405,-453.162506103516,link-1,true
outward,3914,17.785,-453.65673828125,link-1,true
outward,3915,21.689,-454.649444580078,link-1,true
outward,3916,14.514,-455.146057128906,link-1,true
outward,3917,18.655,-455.642242431641,link-1,true
outward,3918,17.184,-456.137969970703,link-1,true
outward,3919,15.482,-456.633270263672,link-1,true
outward,3920,18.368,-457.128112792969,link-1,true
outward,3921,17.804,-457.622497558594,link-1,true
outward,3922,15.343,-458.118316650391,link-1,true
outward,3923,18.509,-458.613677978516,link-1,true
outward,3924,17.632,-459.108581542969,link-1,true
outward,3925,15.293,-459.603057861328,link-1,true
outward,3926,18.615,-460.098937988281,link-1,true
outward,3927,17.48,-460.594360351562,link-1,true
outward,3928,15.234,-461.089324951172,link-1,true
outward,3929,18.484,-461.583862304688,link-1,true
outward,3930,17.561,-462.079803466797,link-1,true
outward,3931,15.125,-462.575286865234,link-1,true
outward,3932,18.464,-463.0703125,link-1,true
outward,3933,17.283,-463.564910888672,link-1,true
outward,3934,15.272,-464.060913085938,link-1,true
outward,3935,18.49,-464.556457519531,link-1,true
outward,3936,17.3,-465.051544189453,link-1,true
outward,3937,15.3,-465.546173095703,link-1,true
outward,3938,18.196,-466.042205810547,link-1,true
outward,3939,17.276,-466.537780761719,link-1,true
outward,3940,15.122,-467.032897949219,link-1,true
outward,3941,18.283,-467.527557373047,link-1,true
outward,3942,17.299,-468.023620605469,link-1,true
outward,3943,15.279,-468.519226074219,link-1,true
outward,3944,18.328,-469.014373779297,link-1,true
outward,3945,17.625,-469.509063720703,link-1,true
outward,3946,15.004,-470.005157470703,link-1,true
outward,3947,18.767,-470.500793457031,link-1,true
outward,3948,16.81,-470.995971679688,link-1,true
outward,3949,15.257,-471.490692138672,link-1,true
outward,3950,18.229,-471.98681640625,link-1,true
outward,3951,17.447,-472.482452392578,link-1,true
outward,3952,15.237,-472.977630615234,link-1,true
outward,3953,18.14,-473.472351074219,link-1,true
outward,3954,17.496,-473.968475341797,link-1,true
outward,3955,15.158,-474.464111328125,link-1,true
outward,3956,18.181,-474.959289550781,link-1,true
outward,3957,17.8,-475.454010009766,link-1,true
outward,3958,14.864,-475.950103759766,link-1,true
outward,3959,18.03,-476.445739746094,link-1,true
outward,3960,13.076,-476.940887451172,link-1,true
outward,3961,4.535,-477.435577392578,link-1,true
outward,3962,3.195,-477.435577392578,link-1,true
outward,3963,3.6,-477.435577392578,link-1,true
outward,3964,4.566,-477.931671142578,link-1,true
outward,3965,3.544,-477.931671142578,link-1,true
outward,3966,3.346,-477.931671142578,link-1,true
outward,3967,3.683,-477.931671142578,link-1,true
outward,3968,4.252,-478.427276611328,link-1,true
outward,3969,3.826,-478.427276611328,link-1,true
outward,3970,3.48,-478.427276611328,link-1,true
outward,3971,3.652,-478.427276611328,link-1,true
outward,3972,3.444,-478.427276611328,link-1,true
outward,3973,6.429,-478.922393798828,link-1,true
outward,3974,2.843,-478.922393798828,link-1,true
outward,3975,3.099,-478.922393798828,link-1,true
outward,3976,3.786,-478.922393798828,link-1,true
outward,3977,3.747,-479.417053222656,link-1,true
outward,3978,3.695,-479.417053222656,link-1,true
outward,3979,3.515,-479.417053222656,link-1,true
outward,3980,3.509,-479.417053222656,link-1,true
outward,3981,3.243,-479.417053222656,link-1,true
outward,3982,5.553,-479.9130859375,link-1,true
outward,3983,2.95,-479.9130859375,link-1,true
outward,3984,3.222,-479.9130859375,link-1,true
outward,3985,3.559,-479.9130859375,link-1,true
outward,3986,4.083,-480.408660888672,link-1,true
outward,3987,3.655,-480.408660888672,link-1,true
outward,3988,3.533,-480.408660888672,link-1,true
outward,3989,3.451,-480.408660888672,link-1,true
outward,3990,3.409,-480.408660888672,link-1,true
outward,3991,5.53,-480.903747558594,link-1,true
outward,3992,3.133,-480.903747558594,link-1,true
outward,3993,3.203,-480.903747558594,link-1,true
outward,3994,3.433,-480.903747558594,link-1,true
outward,3995,5.133,-481.398376464844,link-1,true
outward,3996,3.165,-481.398376464844,link-1,true
outward,3997,3.396,-481.398376464844,link-1,true
outward,3998,3.589,-481.398376464844,link-1,true
outward,3999,4.243,-481.398376464844,link-1,true
outward,4000,5.053,-481.894378662109,link-1,true
outward,4001,3.063,-481.894378662109,link-1,true
outward,4002,3.238,-481.894378662109,link-1,true
outward,4003,3.507,-481.894378662109,link-1,true
outward,4004,5.875,-482.389892578125,link-1,true
outward,4005,2.789,-482.389892578125,link-1,true
outward,4006,3.264,-482.389892578125,link-1,true
outward,4007,3.703,-482.389892578125,link-1,true
outward,4008,4.533,-482.389892578125,link-1,true
outward,4009,4.226,-482.884948730469,link-1,true
outward,4010,3.014,-482.884948730469,link-1,true
outward,4011,3.523,-482.884948730469,link-1,true
outward,4012,3.315,-482.884948730469,link-1,true
outward,4013,5.492,-483.379516601562,link-1,true
outward,4014,2.781,-483.379516601562,link-1,true
outward,4015,3.551,-483.379516601562,link-1,true
outward,4016,3.567,-483.379516601562,link-1,true
outward,4017,4.532,-483.379516601562,link-1,true
outward,4018,4.481,-483.875457763672,link-1,true
outward,4019,2.71,-483.875457763672,link-1,true
outward,4020,3.62,-483.875457763672,link-1,true
outward,4021,3.428,-483.875457763672,link-1,true
outward,4022,4.927,-484.370941162109,link-1,true
outward,4023,2.919,-484.370941162109,link-1,true
outward,4024,3.667,-484.370941162109,link-1,true
outward,4025,3.558,-484.370941162109,link-1,true
outward,4026,4.943,-484.370941162109,link-1,true
outward,4027,4.395,-484.865936279297,link-1,true
outward,4028,2.832,-484.865936279297,link-1,true
outward,4029,3.451,-484.865936279297,link-1,true
outward,4030,4.723,-484.865936279297,link-1,true
outward,4031,4.326,-485.360443115234,link-1,true
outward,4032,2.782,-485.360443115234,link-1,true
outward,4033,3.656,-485.360443115234,link-1,true
outward,4034,3.335,-485.360443115234,link-1,true
outward,4035,4.926,-485.360443115234,link-1,true
outward,4036,4.456,-485.856323242188,link-1,true
outward,4037,2.919,-485.856323242188,link-1,true
outward,4038,3.406,-485.856323242188,link-1,true
outward,4039,4.779,-485.856323242188,link-1,true
outward,4040,3.975,-486.351715087891,link-1,true
outward,4041,3.274,-486.351715087891,link-1,true
outward,4042,3.427,-486.351715087891,link-1,true
outward,4043,5.085,-486.351715087891,link-1,true
outward,4044,6.81,-486.846618652344,link-1,true
outward,4045,4.624,-486.846618652344,link-1,true
outward,4046,3.967,-486.846618652344,link-1,true
outward,4047,3.406,-486.846618652344,link-1,true
outward,4048,4.13,-487.341033935547,link-1,true
outward,4049,3.296,-487.341033935547,link-1,true
outward,4050,3.057,-487.341033935547,link-1,true
outward,4051,4.376,-487.341033935547,link-1,true
outward,4052,4.13,-487.341033935547,link-1,true
outward,4053,5.902,-487.836822509766,link-1,true
outward,4054,3.048,-487.836822509766,link-1,true
outward,4055,2.331,-487.836822509766,link-1,true
outward,4056,3.436,-487.836822509766,link-1,true
outward,4057,3.99,-488.332153320312,link-1,true
outward,4058,3.394,-488.332153320312,link-1,true
outward,4059,3.172,-488.332153320312,link-1,true
outward,4060,4.894,-488.332153320312,link-1,true
outward,4061,4.009,-488.826965332031,link-1,true
outward,4062,2.868,-488.826965332031,link-1,true
outward,4063,3.457,-488.826965332031,link-1,true
outward,4064,4.421,-488.826965332031,link-1,true
outward,4065,3.914,-488.826965332031,link-1,true
outward,4066,3.958,-489.321319580078,link-1,true
outward,4067,3.048,-489.321319580078,link-1,true
outward,4068,3.576,-489.321319580078,link-1,true
outward,4069,4.407,-489.321319580078,link-1,true
outward,4070,4.557,-489.817016601562,link-1,true
outward,4071,3.225,-489.817016601562,link-1,true
outward,4072,2.885,-489.817016601562,link-1,true
outward,4073,4.473,-489.817016601562,link-1,true
outward,4074,3.644,-489.817016601562,link-1,true
outward,4075,3.954,-490.312255859375,link-1,true
outward,4076,3.011,-490.312255859375,link-1,true
outward,4077,4.775,-490.312255859375,link-1,true
outward,4078,4.017,-490.312255859375,link-1,true
outward,4079,4.535,-490.806976318359,link-1,true
outward,4080,3.268,-490.806976318359,link-1,true
outward,4081,3.604,-490.806976318359,link-1,true
outward,4082,3.505,-490.806976318359,link-1,true
outward,4083,3.337,-490.806976318359,link-1,true
outward,4084,4.186,-491.301208496094,link-1,true
outward,4085,3.148,-491.301208496094,link-1,true
outward,4086,4.716,-491.301208496094,link-1,true
outward,4087,3.326,-491.301208496094,link-1,true
outward,4088,4.678,-491.796813964844,link-1,true
outward,4089,3.153,-491.796813964844,link-1,true
outward,4090,4.006,-491.796813964844,link-1,true
outward,4091,3.366,-491.796813964844,link-1,true
outward,4092,4.029,-492.291931152344,link-1,true
outward,4093,3.005,-492.291931152344,link-1,true
outward,4094,3.606,-492.291931152344,link-1,true
outward,4095,5.139,-492.291931152344,link-1,true
outward,4096,4.317,-492.786560058594,link-1,true
outward,4097,2.693,-492.786560058594,link-1,true
outward,4098,3.457,-492.786560058594,link-1,true
outward,4099,4.668,-492.786560058594,link-1,true
outward,4100,3.751,-492.786560058594,link-1,true
outward,4101,3.928,-493.280700683594,link-1,true
outward,4102,3.508,-493.280700683594,link-1,true
outward,4103,2.744,-493.280700683594,link-1,true
outward,4104,4.335,-493.280700683594,link-1,true
outward,4105,4.406,-493.776184082031,link-1,true
outward,4106,2.889,-493.776184082031,link-1,true
outward,4107,3.637,-493.776184082031,link-1,true
outward,4108,4.467,-493.776184082031,link-1,true
outward,4109,3.583,-493.776184082031,link-1,true
outward,4110,4.175,-494.271179199219,link-1,true
outward,4111,3.319,-494.271179199219,link-1,true
outward,4112,3.166,-494.271179199219,link-1,true
outward,4113,4.487,-494.271179199219,link-1,true
outward,4114,3.831,-494.765686035156,link-1,true
outward,4115,2.782,-494.765686035156,link-1,true
outward,4116,4.351,-494.765686035156,link-1,true
outward,4117,3.877,-494.765686035156,link-1,true
outward,4118,3.381,-494.765686035156,link-1,true
outward,4119,4.368,-495.259704589844,link-1,true
outward,4120,3.034,-495.259704589844,link-1,true
outward,4121,2.834,-495.259704589844,link-1,true
outward,4122,4.837,-495.259704589844,link-1,true
outward,4123,3.96,-495.755065917969,link-1,true
outward,4124,2.969,-495.755065917969,link-1,true
outward,4125,4.085,-495.755065917969,link-1,true
outward,4126,4.286,-495.755065917969,link-1,true
outward,4127,3.551,-495.755065917969,link-1,true
outward,4128,4.048,-496.249938964844,link-1,true
outward,4129,3.277,-496.249938964844,link-1,true
outward,4130,4.295,-496.249938964844,link-1,true
outward,4131,3.654,-496.249938964844,link-1,true
outward,4132,4.07,-496.744323730469,link-1,true
outward,4133,3.837,-496.744323730469,link-1,true
outward,4134,3.627,-496.744323730469,link-1,true
outward,4135,3.098,-496.744323730469,link-1,true
outward,4136,3.549,-496.744323730469,link-1,true
outward,4137,4.143,-497.238189697266,link-1,true
outward,4138,2.955,-497.238189697266,link-1,true
outward,4139,5.046,-497.238189697266,link-1,true
outward,4140,3.405,-497.238189697266,link-1,true
outward,4141,3.975,-497.733428955078,link-1,true
outward,4142,3.017,-497.733428955078,link-1,true
outward,4143,3.406,-497.733428955078,link-1,true
outward,4144,4.736,-497.733428955078,link-1,true
outward,4145,4.115,-498.228179931641,link-1,true
outward,4146,3.155,-498.228179931641,link-1,true
outward,4147,3.487,-498.228179931641,link-1,true
outward,4148,5.013,-498.228179931641,link-1,true
outward,4149,3.262,-498.228179931641,link-1,true
outward,4150,4.193,-498.722412109375,link-1,true
outward,4151,3.616,-498.722412109375,link-1,true
outward,4152,4.289,-498.722412109375,link-1,true
outward,4153,3.313,-498.722412109375,link-1,true
outward,4154,3.995,-499.216156005859,link-1,true
outward,4155,3.082,-499.216156005859,link-1,true
outward,4156,3.419,-499.216156005859,link-1,true
outward,4157,4.698,-499.216156005859,link-1,true
outward,4158,4.318,-499.711242675781,link-1,true
outward,4159,3.014,-499.711242675781,link-1,true
outward,4160,3.126,-499.711242675781,link-1,true
outward,4161,5.197,-499.711242675781,link-1,true
outward,4162,3.444,-499.711242675781,link-1,true
outward,4163,4.23,-500.205841064453,link-1,true
outward,4164,3.436,-500.205841064453,link-1,true
outward,4165,4.156,-500.205841064453,link-1,true
outward,4166,3.499,-500.205841064453,link-1,true
outward,4167,4.201,-500.699920654297,link-1,true
outward,4168,3.289,-500.699920654297,link-1,true
outward,4169,2.925,-500.699920654297,link-1,true
outward,4170,4.996,-500.699920654297,link-1,true
outward,4171,3.409,-500.699920654297,link-1,true
outward,4172,4.217,-501.193511962891,link-1,true
outward,4173,2.96,-501.193511962891,link-1,true
outward,4174,4.89,-501.193511962891,link-1,true
outward,4175,3.556,-501.193511962891,link-1,true
outward,4176,3.947,-501.688446044922,link-1,true
outward,4177,3.214,-501.688446044922,link-1,true
outward,4178,3.521,-501.688446044922,link-1,true
outward,4179,4.292,-501.688446044922,link-1,true
outward,4180,3.976,-502.182861328125,link-1,true
outward,4181,2.937,-502.182861328125,link-1,true
outward,4182,3.402,-502.182861328125,link-1,true
outward,4183,5.161,-502.182861328125,link-1,true
outward,4184,3.575,-502.182861328125,link-1,true
outward,4185,4.385,-502.676788330078,link-1,true
outward,4186,3.181,-502.676788330078,link-1,true
outward,4187,4.671,-502.676788330078,link-1,true
outward,4188,3.33,-502.676788330078,link-1,true
outward,4189,7.177,-503.170196533203,link-1,true
outward,4190,3.093,-503.170196533203,link-1,true
outward,4191,2.765,-503.170196533203,link-1,true
outward,4192,2.664,-503.170196533203,link-1,true
outward,4193,3.998,-503.664947509766,link-1,true
outward,4194,2.849,-503.664947509766,link-1,true
outward,4195,3.618,-503.664947509766,link-1,true
outward,4196,4.995,-503.664947509766,link-1,true
outward,4197,3.431,-503.664947509766,link-1,true
outward,4198,4.148,-504.159210205078,link-1,true
outward,4199,3.129,-504.159210205078,link-1,true
outward,4200,4.957,-504.159210205078,link-1,true
outward,4201,3.541,-504.159210205078,link-1,true
outward,4202,4.045,-504.652954101562,link-1,true
outward,4203,3.333,-504.652954101562,link-1,true
outward,4204,3.116,-504.652954101562,link-1,true
outward,4205,5.137,-504.652954101562,link-1,true
outward,4206,3.949,-505.146179199219,link-1,true
outward,4207,3.02,-505.146179199219,link-1,true
outward,4208,3.248,-505.146179199219,link-1,true
outward,4209,4.754,-505.146179199219,link-1,true
outward,4210,3.331,-505.146179199219,link-1,true
outward,4211,4.53,-505.640747070312,link-1,true
outward,4212,3.139,-505.640747070312,link-1,true
outward,4213,4.708,-505.640747070312,link-1,true
outward,4214,3.6,-505.640747070312,link-1,true
outward,4215,3.985,-506.134826660156,link-1,true
outward,4216,2.949,-506.134826660156,link-1,true
outward,4217,3.382,-506.134826660156,link-1,true
outward,4218,4.803,-506.134826660156,link-1,true
outward,4219,4.355,-506.628387451172,link-1,true
outward,4220,3.142,-506.628387451172,link-1,true
outward,4221,3.125,-506.628387451172,link-1,true
outward,4222,5.112,-506.628387451172,link-1,true
outward,4223,3.277,-506.628387451172,link-1,true
outward,4224,3.995,-507.121429443359,link-1,true
outward,4225,3.324,-507.121429443359,link-1,true
outward,4226,4.651,-507.121429443359,link-1,true
outward,4227,3.512,-507.121429443359,link-1,true
outward,4228,4.352,-507.615814208984,link-1,true
outward,4229,2.942,-507.615814208984,link-1,true
outward,4230,3.237,-507.615814208984,link-1,true
outward,4231,4.64,-507.615814208984,link-1,true
outward,4232,4.124,-508.109710693359,link-1,true
outward,4233,2.791,-508.109710693359,link-1,true
outward,4234,3.481,-508.109710693359,link-1,true
outward,4235,5.062,-508.109710693359,link-1,true
outward,4236,3.664,-508.109710693359,link-1,true
outward,4237,4.118,-508.603088378906,link-1,true
outward,4238,3.789,-508.603088378906,link-1,true
outward,4239,4.35,-508.603088378906,link-1,true
outward,4240,3.539,-508.603088378906,link-1,true
outward,4241,4.518,-509.095947265625,link-1,true
outward,4242,3.342,-509.095947265625,link-1,true
outward,4243,3.67,-509.095947265625,link-1,true
outward,4244,3.645,-509.095947265625,link-1,true
outward,4245,4.24,-509.590148925781,link-1,true
outward,4246,2.948,-509.590148925781,link-1,true
outward,4247,3.686,-509.590148925781,link-1,true
outward,4248,4.869,-509.590148925781,link-1,true
outward,4249,3.594,-509.590148925781,link-1,true
outward,4250,4.309,-510.083831787109,link-1,true
outward,4251,3.065,-510.083831787109,link-1,true
outward,4252,4.768,-510.083831787109,link-1,true
outward,4253,3.647,-510.083831787109,link-1,true
outward,4254,4.068,-510.576995849609,link-1,true
outward,4255,3.211,-510.576995849609,link-1,true
outward,4256,4.283,-510.576995849609,link-1,true
outward,4257,3.687,-510.576995849609,link-1,true
outward,4258,5.479,-511.069641113281,link-1,true
outward,4259,3.297,-511.069641113281,link-1,true
outward,4260,2.99,-511.069641113281,link-1,true
outward,4261,3.731,-511.069641113281,link-1,true
outward,4262,3.597,-511.069641113281,link-1,true
outward,4263,3.931,-511.563629150391,link-1,true
outward,4264,5.896,-511.563629150391,link-1,true
outward,4265,2.83,-511.563629150391,link-1,true
outward,4266,2.87,-511.563629150391,link-1,true
outward,4267,4.441,-512.05712890625,link-1,true
outward,4268,3.155,-512.05712890625,link-1,true
outward,4269,4.317,-512.05712890625,link-1,true
outward,4270,3.497,-512.05712890625,link-1,true
outward,4271,4.189,-512.550109863281,link-1,true
outward,4272,3.376,-512.550109863281,link-1,true
outward,4273,3.192,-512.550109863281,link-1,true
outward,4274,4.607,-512.550109863281,link-1,true
outward,4275,3.59,-512.550109863281,link-1,true
outward,4276,4.056,-513.042541503906,link-1,true
outward,4277,3.148,-513.042541503906,link-1,true
outward,4278,4.733,-513.042541503906,link-1,true
outward,4279,3.564,-513.042541503906,link-1,true
outward,4280,4.296,-513.536315917969,link-1,true
outward,4281,3.337,-513.536315917969,link-1,true
outward,4282,2.972,-513.536315917969,link-1,true
outward,4283,4.561,-513.536315917969,link-1,true
outward,4284,3.255,-513.536315917969,link-1,true
outward,4285,4.306,-514.029602050781,link-1,true
outward,4286,3.553,-514.029602050781,link-1,true
outward,4287,4.109,-514.029602050781,link-1,true
outward,4288,3.533,-514.029602050781,link-1,true
outward,4289,4.162,-514.522338867188,link-1,true
outward,4290,3.588,-514.522338867188,link-1,true
outward,4291,4.648,-514.522338867188,link-1,true
outward,4292,3.529,-514.522338867188,link-1,true
outward,4293,4.217,-515.014587402344,link-1,true
outward,4294,3.476,-515.014587402344,link-1,true
outward,4295,3.09,-515.014587402344,link-1,true
outward,4296,4.122,-515.014587402344,link-1,true
outward,4297,4.324,-515.508117675781,link-1,true
outward,4298,2.877,-515.508117675781,link-1,true
outward,4299,3.284,-515.508117675781,link-1,true
outward,4300,5.277,-515.508117675781,link-1,true
outward,4301,3.259,-515.508117675781,link-1,true
outward,4302,4.013,-516.001159667969,link-1,true
outward,4303,3.159,-516.001159667969,link-1,true
outward,4304,4.385,-516.001159667969,link-1,true
outward,4305,3.782,-516.001159667969,link-1,true
outward,4306,4.245,-516.49365234375,link-1,true
outward,4307,3.298,-516.49365234375,link-1,true
outward,4308,3.142,-516.49365234375,link-1,true
outward,4309,4.612,-516.49365234375,link-1,true
outward,4310,3.484,-516.49365234375,link-1,true
outward,4311,4.524,-516.985656738281,link-1,true
outward,4312,3.395,-516.985656738281,link-1,true
outward,4313,4.101,-516.985656738281,link-1,true
outward,4314,3.526,-516.985656738281,link-1,true
outward,4315,4.17,-517.47900390625,link-1,true
outward,4316,3.35,-517.47900390625,link-1,true
outward,4317,4.195,-517.47900390625,link-1,true
outward,4318,3.571,-517.47900390625,link-1,true
outward,4319,4.143,-517.971801757812,link-1,true
outward,4320,2.957,-517.971801757812,link-1,true
outward,4321,3.633,-517.971801757812,link-1,true
outward,4322,4.851,-517.971801757812,link-1,true
outward,4323,3.335,-517.971801757812,link-1,true
outward,4324,4.15,-518.464050292969,link-1,true
outward,4325,2.996,-518.464050292969,link-1,true
outward,4326,5.008,-518.464050292969,link-1,true
outward,4327,3.253,-518.464050292969,link-1,true
outward,4328,4.433,-518.955810546875,link-1,true
outward,4329,3.013,-518.955810546875,link-1,true
outward,4330,4.417,-518.955810546875,link-1,true
outward,4331,3.659,-518.955810546875,link-1,true
outward,4332,3.903,-519.448913574219,link-1,true
outward,4333,3.031,-519.448913574219,link-1,true
outward,4334,3.493,-519.448913574219,link-1,true
outward,4335,5.13,-519.448913574219,link-1,true
outward,4336,3.552,-519.448913574219,link-1,true
outward,4337,4.083,-519.941467285156,link-1,true
outward,4338,3.067,-519.941467285156,link-1,true
outward,4339,5.11,-519.941467285156,link-1,true
outward,4340,3.272,-519.941467285156,link-1,true
outward,4341,4.123,-520.433532714844,link-1,true
outward,4342,3.614,-520.433532714844,link-1,true
outward,4343,3.371,-520.433532714844,link-1,true
outward,4344,3.319,-520.433532714844,link-1,true
outward,4345,3.695,-520.433532714844,link-1,true
outward,4346,4.292,-520.925048828125,link-1,true
outward,4347,3.612,-520.925048828125,link-1,true
outward,4348,3.904,-520.925048828125,link-1,true
outward,4349,3.439,-520.925048828125,link-1,true
outward,4350,4.398,-521.417907714844,link-1,true
outward,4351,4.02,-521.417907714844,link-1,true
outward,4352,3.491,-521.417907714844,link-1,true
outward,4353,3.645,-521.417907714844,link-1,true
outward,4354,4.079,-521.910217285156,link-1,true
outward,4355,3.163,-521.910217285156,link-1,true
outward,4356,4.17,-521.910217285156,link-1,true
outward,4357,3.573,-521.910217285156,link-1,true
outward,4358,3.852,-521.910217285156,link-1,true
outward,4359,4.386,-522.401977539062,link-1,true
outward,4360,3.513,-522.401977539062,link-1,true
outward,4361,3.589,-522.401977539062,link-1,true
outward,4362,3.445,-522.401977539062,link-1,true
outward,4363,4.226,-522.893249511719,link-1,true
outward,4364,4.109,-522.893249511719,link-1,true
outward,4365,3.369,-522.893249511719,link-1,true
outward,4366,3.439,-522.893249511719,link-1,true
outward,4367,4.146,-522.893249511719,link-1,true
outward,4368,4.214,-523.385864257812,link-1,true
outward,4369,3.335,-523.385864257812,link-1,true
outward,4370,3.689,-523.385864257812,link-1,true
outward,4371,3.462,-523.385864257812,link-1,true
outward,4372,4.12,-523.8779296875,link-1,true
outward,4373,4.395,-523.8779296875,link-1,true
outward,4374,12.772,-523.8779296875,link-1,true
outward,4375,15.147,-524.369445800781,link-1,true
outward,4376,18.24,-524.860473632812,link-1,true
outward,4377,17.467,-525.352783203125,link-1,true
outward,4378,15.259,-525.844604492188,link-1,true
outward,4379,18.392,-526.335876464844,link-1,true
outward,4380,17.588,-526.82666015625,link-1,true
outward,4381,15.224,-527.318725585938,link-1,true
outward,4382,18.467,-527.810302734375,link-1,true
outward,4383,17.382,-528.301330566406,link-1,true
outward,4384,15.368,-528.791809082031,link-1,true
outward,4385,18.246,-529.283630371094,link-1,true
outward,4386,17.54,-529.77490234375,link-1,true
outward,4387,32.27,-530.265686035156,link-1,true
outward,4388,6.378,-531.24560546875,link-1,true
outward,4389,12.998,-531.736633300781,link-1,true
outward,4390,19.771,-532.227111816406,link-1,true
outward,4391,14.738,-532.717102050781,link-1,true
outward,4392,18.363,-533.208374023438,link-1,true
outward,4393,17.697,-533.699096679688,link-1,true
outward,4394,15.364,-534.189331054688,link-1,true
outward,4395,18.093,-534.679016113281,link-1,true
outward,4396,17.609,-535.170043945312,link-1,true
outward,4397,15.379,-535.660522460938,link-1,true
outward,4398,18.656,-536.150451660156,link-1,true
outward,4399,17.225,-536.639892578125,link-1,true
outward,4400,15.491,-537.130615234375,link-1,true
outward,4401,18.385,-537.620788574219,link-1,true
outward,4402,17.436,-538.110473632812,link-1,true
outward,4403,15.481,-538.599609375,link-1,true
outward,4404,18.422,-539.088195800781,link-1,true
outward,4405,18.103,-540.0693359375,link-1,true
outward,4406,14.87,-540.56005859375,link-1,true
outward,4407,18.592,-541.050231933594,link-1,true
outward,4408,17.8,-541.539855957031,link-1,true
outward,4409,15.257,-542.028991699219,link-1,true
outward,4410,18.459,-542.517578125,link-1,true
outward,4411,17.492,-543.005615234375,link-1,true
outward,4412,15.481,-543.494995117188,link-1,true
outward,4413,18.51,-543.983825683594,link-1,true
outward,4414,17.957,-544.47216796875,link-1,true
outward,4415,14.985,-544.9599609375,link-1,true
outward,4416,18.45,-545.449096679688,link-1,true
outward,4417,17.807,-545.937683105469,link-1,true
outward,4418,15.225,-546.425720214844,link-1,true
outward,4419,18.287,-546.913269042969,link-1,true
outward,4420,17.682,-547.402099609375,link-1,true
outward,4421,15.274,-547.890380859375,link-1,true
outward,4422,18.194,-548.378173828125,link-1,true
outward,4423,17.677,-548.865417480469,link-1,true
outward,4424,15.134,-549.35400390625,link-1,true
outward,4425,18.164,-549.842041015625,link-1,true
outward,4426,17.667,-550.32958984375,link-1,true
outward,4427,15.46,-550.816589355469,link-1,true
outward,4428,18.201,-551.304870605469,link-1,true
outward,4429,17.606,-551.792663574219,link-1,true
outward,4430,15.079,-552.279907226562,link-1,true
outward,4431,18.274,-552.766662597656,link-1,true
outward,4432,17.518,-553.254699707031,link-1,true
outward,4433,15.462,-553.742248535156,link-1,true
outward,4434,17.926,-554.229248046875,link-1,true
outward,4435,17.365,-554.715698242188,link-1,true
outward,4436,15.265,-555.203491210938,link-1,true
outward,4437,18.076,-555.690734863281,link-1,true
outward,4438,18.788,-556.177490234375,link-1,true
outward,4439,14.28,-556.663696289062,link-1,true
outward,4440,17.402,-557.151245117188,link-1,true
outward,4441,14.768,-557.638244628906,link-1,true
outward,4442,18.747,-558.124755859375,link-1,true
outward,4443,17.961,-558.610778808594,link-1,true
outward,4444,15.135,-559.098083496094,link-1,true
outward,4445,18.444,-559.584838867188,link-1,true
outward,4446,18.085,-560.071105957031,link-1,true
outward,4447,15.051,-560.556823730469,link-1,true
outward,4448,18.838,-561.532287597656,link-1,true
outward,4449,17.198,-562.020141601562,link-1,true
outward,4450,15.375,-562.507507324219,link-1,true
outward,4451,17.842,-562.994323730469,link-1,true
outward,4452,17.67,-563.480651855469,link-1,true
outward,4453,15.298,-563.966430664062,link-1,true
outward,4454,18.372,-564.451721191406,link-1,true
outward,4455,17.545,-564.938354492188,link-1,true
outward,4456,15.349,-565.424438476562,link-1,true
outward,4457,18.192,-565.910034179688,link-1,true
outward,4458,17.899,-566.395080566406,link-1,true
outward,4459,15.102,-566.881469726562,link-1,true
outward,4460,18.244,-567.367370605469,link-1,true
outward,4461,17.691,-567.852783203125,link-1,true
outward,4462,15.145,-568.337646484375,link-1,true
outward,4463,18.417,-568.823852539062,link-1,true
outward,4464,17.727,-569.309509277344,link-1,true
outward,4465,15.469,-569.794677734375,link-1,true
outward,4466,18.315,-570.279357910156,link-1,true
outward,4467,17.615,-570.765380859375,link-1,true
outward,4468,15.273,-571.250854492188,link-1,true
outward,4469,18.198,-571.73583984375,link-1,true
outward,4470,17.79,-572.220336914062,link-1,true
outward,4471,15.23,-572.706176757812,link-1,true
outward,4472,18.394,-573.191467285156,link-1,true
outward,4473,17.919,-573.67626953125,link-1,true
outward,4474,14.975,-574.160583496094,link-1,true
outward,4475,18.213,-574.646240234375,link-1,true
outward,4476,18.525,-575.131408691406,link-1,true
outward,4477,14.416,-575.616088867188,link-1,true
outward,4478,18.42,-576.100219726562,link-1,true
outward,4479,17.462,-576.585693359375,link-1,true
outward,4480,15.409,-577.070678710938,link-1,true
outward,4481,17.987,-577.55517578125,link-1,true
outward,4482,17.513,-578.039184570312,link-1,true
outward,4483,15.254,-578.524536132812,link-1,true
outward,4484,18.103,-579.009399414062,link-1,true
outward,4485,17.514,-579.493713378906,link-1,true
outward,4486,15.258,-579.977600097656,link-1,true
outward,4487,18.329,-580.462768554688,link-1,true
outward,4488,17.483,-580.947509765625,link-1,true
outward,4489,15.175,-581.431701660156,link-1,true
outward,4490,18.06,-581.915405273438,link-1,true
outward,4491,17.884,-582.886840820312,link-1,true
outward,4492,14.912,-583.372741699219,link-1,true
outward,4493,18.259,-583.858154296875,link-1,true
outward,4494,17.404,-584.343078613281,link-1,true
outward,4495,15.261,-584.827514648438,link-1,true
outward,4496,18.124,-585.311462402344,link-1,true
outward,4497,17.636,-585.794982910156,link-1,true
outward,4498,15.085,-586.279846191406,link-1,true
outward,4499,18.277,-586.764221191406,link-1,true
outward,4500,17.448,-587.248107910156,link-1,true
outward,4501,15.08,-587.731506347656,link-1,true
outward,4502,18.012,-588.216247558594,link-1,true
outward,4503,17.689,-588.700500488281,link-1,true
outward,4504,15.355,-589.184326171875,link-1,true
outward,4505,18.098,-589.667663574219,link-1,true
outward,4506,17.487,-590.15234375,link-1,true
outward,4507,15.572,-590.636535644531,link-1,true
outward,4508,18.012,-591.120239257812,link-1,true
outward,4509,17.541,-591.603515625,link-1,true
outward,4510,15.193,-592.086303710938,link-1,true
outward,4511,18.275,-592.570434570312,link-1,true
outward,4512,17.609,-593.054138183594,link-1,true
outward,4513,15.128,-593.537353515625,link-1,true
outward,4514,18.263,-594.020080566406,link-1,true
outward,4515,17.616,-594.504211425781,link-1,true
outward,4516,15.103,-594.987854003906,link-1,true
outward,4517,18.446,-595.471008300781,link-1,true
outward,4518,17.473,-595.953735351562,link-1,true
outward,4519,15.394,-596.437805175781,link-1,true
outward,4520,18.438,-596.92138671875,link-1,true
outward,4521,17.384,-597.404541015625,link-1,true
outward,4522,15.293,-597.88720703125,link-1,true
outward,4523,18.35,-598.371276855469,link-1,true
outward,4524,17.671,-598.854919433594,link-1,true
outward,4525,15.212,-599.338073730469,link-1,true
outward,4526,18.356,-599.820739746094,link-1,true
outward,4527,17.663,-600.304748535156,link-2,true
outward,4528,15.396,-600.788330078125,link-2,true
outward,4529,18.373,-601.271484375,link-2,true
outward,4530,17.817,-601.754150390625,link-2,true
outward,4531,15.089,-602.238220214844,link-2,true
outward,4532,18.573,-602.721862792969,link-2,true
outward,4533,17.425,-603.205017089844,link-2,true
outward,4534,15.564,-603.687744140625,link-2,true
outward,4535,18.174,-604.171875,link-2,true
outward,4536,17.483,-604.655517578125,link-2,true
outward,4537,15.682,-605.138732910156,link-2,true
outward,4538,18.592,-606.103881835938,link-2,true
outward,4539,17.237,-606.587585449219,link-2,true
outward,4540,15.174,-607.070861816406,link-2,true
outward,4541,18.491,-607.553649902344,link-2,true
outward,4542,17.696,-608.037841796875,link-2,true
outward,4543,15.362,-608.521606445312,link-2,true
outward,4544,18.213,-609.0048828125,link-2,true
outward,4545,17.713,-609.487731933594,link-2,true
outward,4546,15.202,-609.971984863281,link-2,true
outward,4547,18.488,-610.455810546875,link-2,true
outward,4548,17.485,-610.939208984375,link-2,true
outward,4549,15.245,-611.422180175781,link-2,true
outward,4550,18.235,-611.906555175781,link-2,true
outward,4551,17.634,-612.390441894531,link-2,true
outward,4552,15.721,-612.873962402344,link-2,true
outward,4553,17.679,-613.356994628906,link-2,true
outward,4554,17.557,-613.841430664062,link-2,true
outward,4555,15.316,-614.325439453125,link-2,true
outward,4556,18.242,-614.809020996094,link-2,true
outward,4557,17.542,-615.292175292969,link-2,true
outward,4558,15.352,-615.776672363281,link-2,true
outward,4559,13.329,-616.260803222656,link-2,true
outward,4560,3.556,-616.260803222656,link-2,true
outward,4561,5.509,-616.744506835938,link-2,true
outward,4562,2.927,-616.744506835938,link-2,true
outward,4563,3.467,-616.744506835938,link-2,true
outward,4564,4.852,-616.744506835938,link-2,true
outward,4565,4.177,-617.227783203125,link-2,true
outward,4566,2.668,-617.227783203125,link-2,true
outward,4567,3.663,-617.227783203125,link-2,true
outward,4568,3.593,-617.227783203125,link-2,true
outward,4569,5.185,-617.71240234375,link-2,true
outward,4570,2.814,-617.71240234375,link-2,true
outward,4571,3.482,-617.71240234375,link-2,true
outward,4572,3.469,-617.71240234375,link-2,true
outward,4573,4.475,-617.71240234375,link-2,true
outward,4574,4.702,-618.196655273438,link-2,true
outward,4575,2.639,-618.196655273438,link-2,true
outward,4576,3.435,-618.196655273438,link-2,true
outward,4577,3.336,-618.196655273438,link-2,true
outward,4578,5.324,-618.680480957031,link-2,true
outward,4579,2.785,-618.680480957031,link-2,true
outward,4580,3.614,-618.680480957031,link-2,true
outward,4581,3.391,-618.680480957031,link-2,true
outward,4582,5.289,-618.680480957031,link-2,true
outward,4583,4.284,-619.163879394531,link-2,true
outward,4584,3.112,-619.163879394531,link-2,true
outward,4585,3.333,-619.163879394531,link-2,true
outward,4586,4.64,-619.163879394531,link-2,true
outward,4587,4.338,-619.648681640625,link-2,true
outward,4588,3.022,-619.648681640625,link-2,true
outward,4589,3.313,-619.648681640625,link-2,true
outward,4590,3.449,-619.648681640625,link-2,true
outward,4591,4.698,-619.648681640625,link-2,true
outward,4592,4.22,-620.133056640625,link-2,true
outward,4593,4.045,-620.133056640625,link-2,true
outward,4594,3.77,-620.133056640625,link-2,true
outward,4595,3.529,-620.133056640625,link-2,true
outward,4596,4.461,-620.617004394531,link-2,true
outward,4597,3.214,-620.617004394531,link-2,true
outward,4598,3.53,-620.617004394531,link-2,true
outward,4599,4.606,-620.617004394531,link-2,true
outward,4600,3.282,-620.617004394531,link-2,true
outward,4601,4.401,-621.100524902344,link-2,true
outward,4602,4.254,-621.100524902344,link-2,true
outward,4603,3.07,-621.100524902344,link-2,true
outward,4604,3.781,-621.100524902344,link-2,true
outward,4605,4.073,-621.585510253906,link-2,true
outward,4606,3.282,-621.585510253906,link-2,true
outward,4607,2.911,-621.585510253906,link-2,true
outward,4608,5.242,-621.585510253906,link-2,true
outward,4609,3.538,-621.585510253906,link-2,true
outward,4610,4.123,-622.070007324219,link-2,true
outward,4611,3.121,-622.070007324219,link-2,true
outward,4612,4.724,-622.070007324219,link-2,true
outward,4613,3.652,-622.070007324219,link-2,true
outward,4614,4.163,-622.554138183594,link-2,true
outward,4615,3.534,-622.554138183594,link-2,true
outward,4616,2.816,-622.554138183594,link-2,true
outward,4617,4.623,-622.554138183594,link-2,true
outward,4618,3.617,-622.554138183594,link-2,true
outward,4619,4.027,-623.037841796875,link-2,true
outward,4620,2.865,-623.037841796875,link-2,true
outward,4621,5.269,-623.037841796875,link-2,true
outward,4622,3.165,-623.037841796875,link-2,true
outward,4623,4.115,-623.52294921875,link-2,true
outward,4624,3.361,-623.52294921875,link-2,true
outward,4625,4.218,-623.52294921875,link-2,true
outward,4626,3.811,-623.52294921875,link-2,true
outward,4627,3.302,-623.52294921875,link-2,true
outward,4628,4.624,-624.007690429688,link-2,true
outward,4629,3.52,-624.007690429688,link-2,true
outward,4630,3.72,-624.007690429688,link-2,true
outward,4631,3.344,-624.007690429688,link-2,true
outward,4632,4.25,-624.491943359375,link-2,true
outward,4633,3.271,-624.491943359375,link-2,true
outward,4634,4.609,-624.491943359375,link-2,true
outward,4635,3.812,-624.491943359375,link-2,true
outward,4636,3.339,-624.491943359375,link-2,true
outward,4637,4.301,-624.975830078125,link-2,true
outward,4638,3.581,-624.975830078125,link-2,true
outward,4639,3.44,-624.975830078125,link-2,true
outward,4640,3.434,-624.975830078125,link-2,true
outward,4641,4.342,-625.461059570312,link-2,true
outward,4642,5.869,-625.461059570312,link-2,true
outward,4643,2.949,-625.461059570312,link-2,true
outward,4644,3.112,-625.461059570312,link-2,true
outward,4645,3.211,-625.461059570312,link-2,true
outward,4646,4.559,-625.945922851562,link-2,true
outward,4647,3.462,-625.945922851562,link-2,true
outward,4648,3.571,-625.945922851562,link-2,true
outward,4649,3.508,-625.945922851562,link-2,true
outward,4650,4.304,-626.430419921875,link-2,true
outward,4651,2.869,-626.430419921875,link-2,true
outward,4652,4.638,-626.430419921875,link-2,true
outward,4653,3.444,-626.430419921875,link-2,true
outward,4654,4.294,-626.914428710938,link-2,true
outward,4655,3.011,-626.914428710938,link-2,true
outward,4656,4.475,-626.914428710938,link-2,true
outward,4657,3.457,-626.914428710938,link-2,true
outward,4658,3.573,-626.914428710938,link-2,true
outward,4659,4.661,-627.39990234375,link-2,true
outward,4660,3.635,-627.39990234375,link-2,true
outward,4661,3.083,-627.39990234375,link-2,true
outward,4662,3.43,-627.39990234375,link-2,true
outward,4663,4.812,-627.885009765625,link-2,true
outward,4664,3.391,-627.885009765625,link-2,true
outward,4665,3.557,-627.885009765625,link-2,true
outward,4666,3.548,-627.885009765625,link-2,true
outward,4667,3.216,-627.885009765625,link-2,true
outward,4668,4.547,-628.36962890625,link-2,true
outward,4669,3.526,-628.36962890625,link-2,true
outward,4670,3.499,-628.36962890625,link-2,true
outward,4671,3.475,-628.36962890625,link-2,true
outward,4672,4.768,-628.853881835938,link-2,true
outward,4673,3.004,-628.853881835938,link-2,true
outward,4674,4.083,-628.853881835938,link-2,true
outward,4675,3.524,-628.853881835938,link-2,true
outward,4676,3.262,-628.853881835938,link-2,true
outward,4677,4.242,-629.339477539062,link-2,true
outward,4678,3.765,-629.339477539062,link-2,true
outward,4679,3.655,-629.339477539062,link-2,true
outward,4680,3.626,-629.339477539062,link-2,true
outward,4681,4.249,-629.82470703125,link-2,true
outward,4682,2.901,-629.82470703125,link-2,true
outward,4683,4.259,-629.82470703125,link-2,true
outward,4684,3.446,-629.82470703125,link-2,true
outward,4685,3.504,-629.82470703125,link-2,true
outward,4686,4.483,-630.3095703125,link-2,true
outward,4687,3.725,-630.3095703125,link-2,true
outward,4688,3.487,-630.3095703125,link-2,true
outward,4689,3.522,-630.3095703125,link-2,true
outward,4690,4.359,-630.7939453125,link-2,true
outward,4691,2.735,-630.7939453125,link-2,true
outward,4692,4.477,-630.7939453125,link-2,true
outward,4693,3.291,-630.7939453125,link-2,true
outward,4694,3.432,-630.7939453125,link-2,true
outward,4695,4.315,-631.27978515625,link-2,true
outward,4696,3.947,-631.27978515625,link-2,true
outward,4697,3.848,-631.27978515625,link-2,true
outward,4698,3.199,-631.27978515625,link-2,true
outward,4699,4.409,-631.765258789062,link-2,true
outward,4700,3.161,-631.765258789062,link-2,true
outward,4701,3.851,-631.765258789062,link-2,true
outward,4702,3.452,-631.765258789062,link-2,true
outward,4703,4.371,-632.250244140625,link-2,true
outward,4704,2.775,-632.250244140625,link-2,true
outward,4705,4.252,-632.250244140625,link-2,true
outward,4706,3.553,-632.250244140625,link-2,true
outward,4707,3.2,-632.250244140625,link-2,true
outward,4708,4.608,-632.73486328125,link-2,true
outward,4709,3.168,-632.73486328125,link-2,true
outward,4710,4.182,-632.73486328125,link-2,true
outward,4711,3.276,-632.73486328125,link-2,true
outward,4712,4.8,-633.220947265625,link-2,true
outward,4713,3.042,-633.220947265625,link-2,true
outward,4714,4.445,-633.220947265625,link-2,true
outward,4715,3.104,-633.220947265625,link-2,true
outward,4716,3.341,-633.220947265625,link-2,true
outward,4717,4.643,-633.706665039062,link-2,true
outward,4718,3.258,-633.706665039062,link-2,true
outward,4719,3.467,-633.706665039062,link-2,true
outward,4720,3.166,-633.706665039062,link-2,true
outward,4721,4.728,-634.19189453125,link-2,true
outward,4722,2.982,-634.19189453125,link-2,true
outward,4723,4.088,-634.19189453125,link-2,true
outward,4724,3.625,-634.19189453125,link-2,true
outward,4725,3.384,-634.19189453125,link-2,true
outward,4726,4.622,-634.6767578125,link-2,true
outward,4727,2.784,-634.6767578125,link-2,true
outward,4728,3.974,-634.6767578125,link-2,true
outward,4729,3.526,-634.6767578125,link-2,true
outward,4730,4.272,-635.161254882812,link-2,true
outward,4731,3.38,-635.161254882812,link-2,true
outward,4732,4.251,-635.161254882812,link-2,true
outward,4733,3.486,-635.161254882812,link-2,true
outward,4734,3.264,-635.161254882812,link-2,true
outward,4735,4.512,-635.647094726562,link-2,true
outward,4736,2.728,-635.647094726562,link-2,true
outward,4737,4.314,-635.647094726562,link-2,true
outward,4738,3.477,-635.647094726562,link-2,true
outward,4739,4.561,-636.132568359375,link-2,true
outward,4740,3.216,-636.132568359375,link-2,true
outward,4741,4.021,-636.132568359375,link-2,true
outward,4742,3.455,-636.132568359375,link-2,true
outward,4743,3.565,-636.132568359375,link-2,true
outward,4744,4.413,-636.61767578125,link-2,true
outward,4745,4.156,-636.61767578125,link-2,true
outward,4746,3.444,-636.61767578125,link-2,true
outward,4747,3.316,-636.61767578125,link-2,true
outward,4748,4.634,-637.102416992188,link-2,true
outward,4749,3.658,-637.102416992188,link-2,true
outward,4750,3.252,-637.102416992188,link-2,true
outward,4751,3.354,-637.102416992188,link-2,true
outward,4752,3.634,-637.102416992188,link-2,true
outward,4753,4.252,-637.588562011719,link-2,true
outward,4754,4.33,-637.588562011719,link-2,true
outward,4755,3.578,-637.588562011719,link-2,true
outward,4756,3.221,-637.588562011719,link-2,true
outward,4757,4.43,-638.074279785156,link-2,true
outward,4758,2.633,-638.074279785156,link-2,true
outward,4759,4.363,-638.074279785156,link-2,true
outward,4760,3.573,-638.074279785156,link-2,true
outward,4761,4.643,-638.559631347656,link-2,true
outward,4762,3.703,-638.559631347656,link-2,true
outward,4763,3.639,-638.559631347656,link-2,true
outward,4764,3.449,-638.559631347656,link-2,true
outward,4765,3.789,-638.559631347656,link-2,true
outward,4766,4.239,-639.044616699219,link-2,true
outward,4767,4.206,-639.044616699219,link-2,true
outward,4768,3.871,-639.044616699219,link-2,true
outward,4769,3.058,-639.044616699219,link-2,true
outward,4770,4.197,-639.530944824219,link-2,true
outward,4771,7.579,-639.530944824219,link-2,true
outward,4772,2.616,-639.530944824219,link-2,true
outward,4773,2.593,-639.530944824219,link-2,true
outward,4774,3.957,-640.016906738281,link-2,true
outward,4775,2.668,-640.016906738281,link-2,true
outward,4776,4.499,-640.016906738281,link-2,true
outward,4777,3.63,-640.016906738281,link-2,true
outward,4778,3.457,-640.016906738281,link-2,true
outward,4779,4.62,-640.502502441406,link-2,true
outward,4780,3.919,-640.502502441406,link-2,true
outward,4781,3.398,-640.502502441406,link-2,true
outward,4782,4.019,-640.502502441406,link-2,true
outward,4783,3.731,-640.987731933594,link-2,true
outward,4784,4.296,-640.987731933594,link-2,true
outward,4785,3.613,-640.987731933594,link-2,true
outward,4786,3.186,-640.987731933594,link-2,true
outward,4787,4.403,-641.474365234375,link-2,true
outward,4788,4.11,-641.474365234375,link-2,true
outward,4789,3.324,-641.474365234375,link-2,true
outward,4790,3.258,-641.474365234375,link-2,true
outward,4791,3.504,-641.474365234375,link-2,true
outward,4792,4.233,-641.960571289062,link-2,true
outward,4793,4.842,-641.960571289062,link-2,true
outward,4794,3.138,-641.960571289062,link-2,true
outward,4795,3.389,-641.960571289062,link-2,true
outward,4796,4.47,-642.446411132812,link-2,true
outward,4797,2.962,-642.446411132812,link-2,true
outward,4798,3.9,-642.446411132812,link-2,true
outward,4799,3.502,-642.446411132812,link-2,true
outward,4800,4.233,-642.931884765625,link-2,true
outward,4801,3.42,-642.931884765625,link-2,true
outward,4802,4.253,-642.931884765625,link-2,true
outward,4803,3.512,-642.931884765625,link-2,true
outward,4804,3.363,-642.931884765625,link-2,true
outward,4805,4.27,-643.418762207031,link-2,true
outward,4806,4.082,-643.418762207031,link-2,true
outward,4807,3.715,-643.418762207031,link-2,true
outward,4808,3.391,-643.418762207031,link-2,true
outward,4809,4.325,-643.905212402344,link-2,true
outward,4810,2.985,-643.905212402344,link-2,true
outward,4811,4.352,-643.905212402344,link-2,true
outward,4812,3.435,-643.905212402344,link-2,true
outward,4813,3.536,-643.905212402344,link-2,true
outward,4814,4.18,-644.391296386719,link-2,true
outward,4815,4.289,-644.391296386719,link-2,true
outward,4816,3.511,-644.391296386719,link-2,true
outward,4817,3.347,-644.391296386719,link-2,true
outward,4818,4.234,-644.877014160156,link-2,true
outward,4819,3.049,-644.877014160156,link-2,true
outward,4820,4.348,-644.877014160156,link-2,true
outward,4821,3.28,-644.877014160156,link-2,true
outward,4822,4.586,-645.364196777344,link-2,true
outward,4823,2.723,-645.364196777344,link-2,true
outward,4824,4.513,-645.364196777344,link-2,true
outward,4825,3.314,-645.364196777344,link-2,true
outward,4826,3.42,-645.364196777344,link-2,true
outward,4827,4.8,-645.850952148438,link-2,true
outward,4828,3.287,-645.850952148438,link-2,true
outward,4829,3.438,-645.850952148438,link-2,true
outward,4830,3.628,-645.850952148438,link-2,true
outward,4831,4.418,-646.337280273438,link-2,true
outward,4832,3.078,-646.337280273438,link-2,true
outward,4833,4.192,-646.337280273438,link-2,true
outward,4834,3.387,-646.337280273438,link-2,true
outward,4835,3.343,-646.337280273438,link-2,true
outward,4836,4.316,-646.8232421875,link-2,true
outward,4837,2.807,-646.8232421875,link-2,true
outward,4838,4.351,-646.8232421875,link-2,true
outward,4839,3.702,-646.8232421875,link-2,true
outward,4840,4.434,-647.310668945312,link-2,true
outward,4841,3.383,-647.310668945312,link-2,true
outward,4842,3.886,-647.310668945312,link-2,true
outward,4843,3.68,-647.310668945312,link-2,true
outward,4844,3.213,-647.310668945312,link-2,true
outward,4845,4.31,-647.797729492188,link-2,true
outward,4846,4.401,-647.797729492188,link-2,true
outward,4847,3.72,-647.797729492188,link-2,true
outward,4848,3.348,-647.797729492188,link-2,true
outward,4849,4.243,-648.284362792969,link-2,true
outward,4850,3.013,-648.284362792969,link-2,true
outward,4851,4.107,-648.284362792969,link-2,true
outward,4852,3.424,-648.284362792969,link-2,true
outward,4853,3.46,-648.284362792969,link-2,true
outward,4854,4.193,-648.770568847656,link-2,true
outward,4855,4.309,-648.770568847656,link-2,true
outward,4856,3.606,-648.770568847656,link-2,true
outward,4857,3.343,-648.770568847656,link-2,true
outward,4858,4.426,-649.258239746094,link-2,true
outward,4859,2.972,-649.258239746094,link-2,true
outward,4860,4.126,-649.258239746094,link-2,true
outward,4861,3.671,-649.258239746094,link-2,true
outward,4862,4.427,-649.745544433594,link-2,true
outward,4863,2.789,-649.745544433594,link-2,true
outward,4864,4.49,-649.745544433594,link-2,true
outward,4865,3.391,-649.745544433594,link-2,true
outward,4866,3.389,-649.745544433594,link-2,true
outward,4867,4.172,-650.232482910156,link-2,true
outward,4868,3.93,-650.232482910156,link-2,true
outward,4869,3.654,-650.232482910156,link-2,true
outward,4870,3.625,-650.232482910156,link-2,true
outward,4871,4.527,-650.719055175781,link-2,true
outward,4872,3.327,-650.719055175781,link-2,true
outward,4873,4.173,-650.719055175781,link-2,true
outward,4874,3.303,-650.719055175781,link-2,true
outward,4875,3.663,-650.719055175781,link-2,true
outward,4876,4.414,-651.20703125,link-2,true
outward,4877,4.239,-651.20703125,link-2,true
outward,4878,3.591,-651.20703125,link-2,true
outward,4879,3.336,-651.20703125,link-2,true
outward,4880,4.306,-651.694641113281,link-2,true
outward,4881,3.888,-651.694641113281,link-2,true
outward,4882,3.759,-651.694641113281,link-2,true
outward,4883,3.441,-651.694641113281,link-2,true
outward,4884,4.41,-652.181823730469,link-2,true
outward,4885,2.778,-652.181823730469,link-2,true
outward,4886,4.644,-652.181823730469,link-2,true
outward,4887,3.554,-652.181823730469,link-2,true
outward,4888,3.515,-652.181823730469,link-2,true
outward,4889,4.16,-652.668640136719,link-2,true
outward,4890,4.341,-652.668640136719,link-2,true
outward,4891,3.423,-652.668640136719,link-2,true
outward,4892,3.482,-652.668640136719,link-2,true
outward,4893,4.404,-653.156921386719,link-2,true
outward,4894,3.202,-653.156921386719,link-2,true
outward,4895,3.816,-653.156921386719,link-2,true
outward,4896,3.358,-653.156921386719,link-2,true
outward,4897,4.676,-653.644775390625,link-2,true
outward,4898,3.653,-653.644775390625,link-2,true
outward,4899,3.513,-653.644775390625,link-2,true
outward,4900,3.358,-653.644775390625,link-2,true
outward,4901,3.871,-653.644775390625,link-2,true
outward,4902,4.333,-654.132263183594,link-2,true
outward,4903,3.52,-654.132263183594,link-2,true
outward,4904,3.395,-654.132263183594,link-2,true
outward,4905,3.242,-654.132263183594,link-2,true
outward,4906,4.571,-654.619323730469,link-2,true
outward,4907,3.478,-654.619323730469,link-2,true
outward,4908,3.605,-654.619323730469,link-2,true
outward,4909,3.589,-654.619323730469,link-2,true
outward,4910,3.236,-654.619323730469,link-2,true
outward,4911,4.417,-655.107849121094,link-2,true
outward,4912,4.027,-655.107849121094,link-2,true
outward,4913,3.652,-655.107849121094,link-2,true
outward,4914,3.474,-655.107849121094,link-2,true
outward,4915,4.481,-655.596008300781,link-2,true
outward,4916,3.208,-655.596008300781,link-2,true
outward,4917,3.9,-655.596008300781,link-2,true
outward,4918,3.537,-655.596008300781,link-2,true
outward,4919,3.348,-655.596008300781,link-2,true
outward,4920,4.246,-656.083801269531,link-2,true
outward,4921,4.315,-656.083801269531,link-2,true
outward,4922,3.53,-656.083801269531,link-2,true
outward,4923,3.61,-656.083801269531,link-2,true
outward,4924,4.228,-656.571166992188,link-2,true
outward,4925,2.926,-656.571166992188,link-2,true
outward,4926,4.102,-656.571166992188,link-2,true
outward,4927,3.296,-656.571166992188,link-2,true
outward,4928,3.534,-656.571166992188,link-2,true
outward,4929,4.476,-657.059997558594,link-2,true
outward,4930,4.152,-657.059997558594,link-2,true
outward,4931,3.505,-657.059997558594,link-2,true
outward,4932,3.506,-657.059997558594,link-2,true
outward,4933,4.642,-657.548461914062,link-2,true
outward,4934,3.445,-657.548461914062,link-2,true
outward,4935,3.721,-657.548461914062,link-2,true
outward,4936,3.349,-657.548461914062,link-2,true
outward,4937,4.555,-658.036560058594,link-2,true
outward,4938,2.767,-658.036560058594,link-2,true
outward,4939,4.519,-658.036560058594,link-2,true
outward,4940,3.398,-658.036560058594,link-2,true
outward,4941,3.595,-658.036560058594,link-2,true
outward,4942,4.369,-658.524291992188,link-2,true
outward,4943,4.225,-658.524291992188,link-2,true
outward,4944,3.412,-658.524291992188,link-2,true
outward,4945,3.321,-658.524291992188,link-2,true
outward,4946,4.239,-659.013427734375,link-2,true
outward,4947,2.843,-659.013427734375,link-2,true
outward,4948,4.327,-659.013427734375,link-2,true
outward,4949,3.465,-659.013427734375,link-2,true
outward,4950,3.534,-659.013427734375,link-2,true
outward,4951,4.176,-659.502197265625,link-2,true
outward,4952,4.084,-659.502197265625,link-2,true
outward,4953,3.472,-659.502197265625,link-2,true
outward,4954,3.265,-659.502197265625,link-2,true
outward,4955,4.225,-659.990600585938,link-2,true
outward,4956,2.921,-659.990600585938,link-2,true
outward,4957,4.273,-659.990600585938,link-2,true
outward,4958,3.487,-659.990600585938,link-2,true
outward,4959,3.378,-659.990600585938,link-2,true
outward,4960,4.757,-660.478576660156,link-2,true
outward,4961,3.631,-660.478576660156,link-2,true
outward,4962,3.592,-660.478576660156,link-2,true
outward,4963,3.707,-660.478576660156,link-2,true
outward,4964,4.101,-660.968017578125,link-2,true
outward,4965,3.673,-660.968017578125,link-2,true
outward,4966,3.709,-660.968017578125,link-2,true
outward,4967,3.307,-660.968017578125,link-2,true
outward,4968,4.203,-661.457092285156,link-2,true
outward,4969,3.357,-661.457092285156,link-2,true
outward,4970,4.244,-661.457092285156,link-2,true
outward,4971,3.397,-661.457092285156,link-2,true
outward,4972,3.569,-661.457092285156,link-2,true
outward,4973,4.323,-661.945739746094,link-2,true
outward,4974,4.306,-661.945739746094,link-2,true
outward,4975,3.245,-661.945739746094,link-2,true
outward,4976,3.223,-661.945739746094,link-2,true
outward,4977,10.562,-662.434020996094,link-2,true
outward,4978,14.166,-662.434020996094,link-2,true
outward,4979,18.693,-662.923767089844,link-2,true
outward,4980,17.632,-663.413146972656,link-2,true
outward,4981,15.27,-663.902099609375,link-2,true
outward,4982,18.2,-664.390686035156,link-2,true
outward,4983,18.224,-665.372253417969,link-2,true
outward,4984,14.737,-665.863403320312,link-2,true
outward,4985,18.363,-666.354125976562,link-2,true
outward,4986,17.792,-666.844421386719,link-2,true
outward,4987,14.937,-667.334350585938,link-2,true
outward,4988,18.337,-667.823913574219,link-2,true
outward,4989,17.624,-668.313110351562,link-2,true
outward,4990,15.306,-668.803771972656,link-2,true
outward,4991,18.163,-669.294006347656,link-2,true
outward,4992,17.664,-669.783874511719,link-2,true
outward,4993,15.395,-670.273315429688,link-2,true
outward,4994,18.147,-670.764221191406,link-2,true
outward,4995,17.648,-671.254760742188,link-2,true
outward,4996,15.171,-671.744934082031,link-2,true
outward,4997,18.29,-672.234680175781,link-2,true
outward,4998,17.591,-672.725891113281,link-2,true
outward,4999,15.428,-673.216674804688,link-2,true
outward,5000,17.972,-673.707092285156,link-2,true
outward,5001,17.723,-674.197143554688,link-2,true
outward,5002,15.181,-674.688659667969,link-2,true
outward,5003,18.247,-675.179809570312,link-2,true
outward,5004,17.861,-676.160888671875,link-2,true
outward,5005,14.889,-676.652648925781,link-2,true
outward,5006,18.29,-677.14404296875,link-2,true
outward,5007,17.693,-677.635070800781,link-2,true
outward,5008,15.415,-678.125671386719,link-2,true
outward,5009,18.183,-678.617797851562,link-2,true
outward,5010,17.625,-679.109497070312,link-2,true
outward,5011,15.189,-679.600769042969,link-2,true
outward,5012,18.325,-680.091674804688,link-2,true
outward,5013,17.542,-680.584045410156,link-2,true
outward,5014,15.017,-681.076049804688,link-2,true
outward,5015,18.209,-681.567626953125,link-2,true
outward,5016,17.584,-682.058776855469,link-2,true
outward,5017,15.073,-682.551391601562,link-2,true
outward,5018,18.455,-683.043579101562,link-2,true
outward,5019,17.445,-683.535461425781,link-2,true
outward,5020,15.643,-684.026916503906,link-2,true
outward,5021,17.803,-684.519775390625,link-2,true
outward,5022,17.677,-685.012268066406,link-2,true
outward,5023,15.262,-685.50439453125,link-2,true
outward,5024,18.378,-685.99609375,link-2,true
outward,5025,17.485,-686.489196777344,link-2,true
outward,5026,15.484,-686.98193359375,link-2,true
outward,5027,17.609,-687.474304199219,link-2,true
outward,5028,21.548,-687.96630859375,link-2,true
outward,5029,14.71,-688.459716796875,link-2,true
outward,5030,18.181,-688.952697753906,link-2,true
outward,5031,17.541,-689.445251464844,link-2,true
outward,5032,15.222,-689.937438964844,link-2,true
outward,5033,18.28,-690.431091308594,link-2,true
outward,5034,17.649,-690.92431640625,link-2,true
outward,5035,15.208,-691.417175292969,link-2,true
outward,5036,18.356,-691.90966796875,link-2,true
outward,5037,17.22,-692.403564453125,link-2,true
outward,5038,15.416,-692.897033691406,link-2,true
outward,5039,18.205,-693.39013671875,link-2,true
outward,5040,17.508,-693.882751464844,link-2,true
outward,5041,15.205,-694.376831054688,link-2,true
outward,5042,18.379,-694.870544433594,link-2,true
outward,5043,17.867,-695.856750488281,link-2,true
outward,5044,15.014,-696.35107421875,link-2,true
outward,5045,18.207,-696.845031738281,link-2,true
outward,5046,17.813,-697.338500976562,link-2,true
outward,5047,15.233,-697.831604003906,link-2,true
outward,5048,18.213,-698.326171875,link-2,true
outward,5049,17.655,-698.8203125,link-2,true
outward,5050,15.254,-699.314025878906,link-2,true
outward,5051,18.229,-699.807373046875,link-2,true
outward,5052,17.43,-700.302124023438,link-2,true
outward,5053,15.207,-700.796447753906,link-2,true
outward,5054,18.238,-701.290344238281,link-2,true
outward,5055,17.886,-701.783813476562,link-2,true
outward,5056,15.048,-702.27880859375,link-2,true
outward,5057,18.193,-702.773315429688,link-2,true
outward,5058,17.305,-703.267395019531,link-2,true
outward,5059,15.239,-703.761108398438,link-2,true
outward,5060,18.923,-704.256225585938,link-2,true
outward,5061,18.066,-704.750915527344,link-2,true
outward,5062,15.029,-705.245239257812,link-2,true
outward,5063,18.509,-705.739074707031,link-2,true
outward,5064,17.983,-706.234375,link-2,true
outward,5065,15.126,-706.729248046875,link-2,true
outward,5066,18.525,-707.223693847656,link-2,true
outward,5067,17.202,-707.717712402344,link-2,true
outward,5068,15.286,-708.213134765625,link-2,true
outward,5069,17.918,-708.708190917969,link-2,true
outward,5070,17.694,-709.202758789062,link-2,true
outward,5071,15.205,-709.696960449219,link-2,true
outward,5072,17.769,-710.192565917969,link-2,true
outward,5073,17.612,-710.687744140625,link-2,true
outward,5074,15.215,-711.182434082031,link-2,true
outward,5075,18.031,-711.6767578125,link-2,true
outward,5076,17.549,-712.170654296875,link-2,true
outward,5077,15.195,-712.665954589844,link-2,true
outward,5078,18.26,-713.160827636719,link-2,true
outward,5079,17.388,-713.6552734375,link-2,true
outward,5080,15.23,-714.149291992188,link-2,true
outward,5081,18.183,-714.644714355469,link-2,true
outward,5082,17.426,-715.139709472656,link-2,true
outward,5083,15.168,-715.63427734375,link-2,true
outward,5084,18.123,-716.128356933594,link-2,true
outward,5085,20.401,-717.120910644531,link-2,true
outward,5086,12.182,-717.617431640625,link-2,true
outward,5087,21.134,-718.113525390625,link-2,true
outward,5088,14.605,-718.609191894531,link-2,true
outward,5089,15.114,-719.104370117188,link-2,true
outward,5090,18.153,-719.59912109375,link-2,true
outward,5091,17.518,-720.093444824219,link-2,true
outward,5092,15.136,-720.589172363281,link-2,true
outward,5093,17.737,-721.08447265625,link-2,true
outward,5094,21.555,-721.579284667969,link-2,true
outward,5095,14.484,-722.073669433594,link-2,true
outward,5096,18.137,-722.569458007812,link-2,true
outward,5097,17.476,-723.064819335938,link-2,true
outward,5098,15.35,-723.559753417969,link-2,true
outward,5099,17.878,-724.05419921875,link-2,true
outward,5100,17.717,-724.550048828125,link-2,true
outward,5101,15.206,-725.045471191406,link-2,true
outward,5102,18.202,-725.540405273438,link-2,true
outward,5103,21.399,-726.034912109375,link-2,true
outward,5104,14.858,-726.530822753906,link-2,true
outward,5105,17.984,-727.026306152344,link-2,true
outward,5106,17.815,-727.521301269531,link-2,true
outward,5107,15.501,-728.015869140625,link-2,true
outward,5108,18.099,-728.511840820312,link-2,true
outward,5109,17.347,-729.007385253906,link-2,true
outward,5110,15.638,-729.50244140625,link-2,true
outward,5111,17.913,-729.997009277344,link-2,true
outward,5112,17.53,-730.493041992188,link-2,true
outward,5113,15.459,-730.988586425781,link-2,true
outward,5114,17.955,-731.483642578125,link-2,true
outward,5115,17.556,-731.978271484375,link-2,true
outward,5116,15.528,-732.474304199219,link-2,true
outward,5117,18.054,-732.969848632812,link-2,true
outward,5118,22.134,-733.959533691406,link-2,true
outward,5119,14.203,-734.45556640625,link-2,true
outward,5120,18.703,-734.951110839844,link-2,true
outward,5121,17.338,-735.446228027344,link-2,true
outward,5122,15.049,-735.940856933594,link-2,true
outward,5123,18.234,-736.436889648438,link-2,true
outward,5124,21.632,-736.932434082031,link-2,true
outward,5125,14.621,-737.427490234375,link-2,true
outward,5126,18.209,-737.922119140625,link-2,true
outward,5127,17.8,-738.418151855469,link-2,true
outward,5128,14.811,-738.913696289062,link-2,true
outward,5129,18.228,-739.408752441406,link-2,true
outward,5130,17.474,-739.903381347656,link-2,true
outward,5131,15.26,-740.3994140625,link-2,true
outward,5132,17.799,-740.894958496094,link-2,true
outward,5133,17.419,-741.390014648438,link-2,true
outward,5134,14.983,-741.884582519531,link-2,true
outward,5135,23.979,-742.380554199219,link-2,true
outward,5136,12.632,-742.876037597656,link-2,true
outward,5137,20.355,-743.37109375,link-2,true
outward,5138,14.564,-743.865661621094,link-2,true
outward,5139,18.167,-744.361572265625,link-2,true
outward,5140,17.34,-744.856994628906,link-2,true
outward,5141,15.259,-745.351928710938,link-2,true
outward,5142,17.949,-745.846435546875,link-2,true
outward,5143,17.794,-746.342346191406,link-2,true
outward,5144,14.864,-746.837768554688,link-2,true
outward,5145,18.215,-747.332702636719,link-2,true
outward,5146,17.937,-748.321105957031,link-2,true
outward,5147,14.717,-748.816467285156,link-2,true
outward,5148,18.099,-749.311340332031,link-2,true
outward,5149,17.604,-749.805725097656,link-2,true
outward,5150,15.187,-750.301513671875,link-2,true
outward,5151,18.126,-750.796813964844,link-2,true
outward,5152,17.703,-751.291625976562,link-2,true
outward,5153,15.119,-751.785949707031,link-2,true
outward,5154,18.24,-752.281616210938,link-2,true
outward,5155,17.589,-752.776794433594,link-2,true
outward,5156,15.398,-753.271484375,link-2,true
outward,5157,18.094,-753.765686035156,link-2,true
outward,5158,17.264,-754.261291503906,link-2,true
outward,5159,15.049,-754.756408691406,link-2,true
outward,5160,18.298,-755.251037597656,link-2,true
outward,5161,17.374,-755.745239257812,link-2,true
outward,5162,15.301,-756.240783691406,link-2,true
outward,5163,18.196,-756.73583984375,link-2,true
outward,5164,17.672,-757.230407714844,link-2,true
outward,5165,15.356,-757.724487304688,link-2,true
outward,5166,18.221,-758.219909667969,link-2,true
outward,5167,17.319,-758.71484375,link-2,true
outward,5168,15.241,-759.209289550781,link-2,true
outward,5169,18.328,-759.703247070312,link-2,true
outward,5170,17.698,-760.198608398438,link-2,true
outward,5171,15.225,-760.693481445312,link-2,true
outward,5172,20.246,-761.187805175781,link-2,true
outward,5173,15.811,-761.681701660156,link-2,true
outward,5174,14.838,-762.176940917969,link-2,true
outward,5175,23.79,-762.671691894531,link-2,true
outward,5176,17.028,-763.165954589844,link-2,true
outward,5177,20.15,-764.152954101562,link-2,true
outward,5178,14.236,-764.647644042969,link-2,true
outward,5179,18.36,-765.141845703125,link-2,true
outward,5180,17.523,-765.635559082031,link-2,true
outward,5181,15.254,-766.130615234375,link-2,true
outward,5182,18.4,-766.625183105469,link-2,true
outward,5183,17.766,-767.119262695312,link-2,true
outward,5184,15.104,-767.612854003906,link-2,true
outward,5185,18.25,-768.107788085938,link-2,true
outward,5186,17.591,-768.602233886719,link-2,true
outward,5187,15.228,-769.09619140625,link-2,true
outward,5188,18.258,-769.589660644531,link-2,true
outward,5189,17.715,-770.08447265625,link-2,true
outward,5190,15.041,-770.578796386719,link-2,true
outward,5191,18.149,-771.072631835938,link-2,true
outward,5192,17.555,-771.565979003906,link-2,true
outward,5193,15.282,-772.060668945312,link-2,true
outward,5194,18.017,-772.554870605469,link-2,true
outward,5195,17.606,-773.048583984375,link-2,true
outward,5196,15.021,-773.541809082031,link-2,true
outward,5197,18.071,-774.036376953125,link-2,true
outward,5198,17.528,-774.530456542969,link-2,true
outward,5199,15.135,-775.024047851562,link-2,true
outward,5200,18.182,-775.517150878906,link-2,true
outward,5201,17.427,-776.011596679688,link-2,true
outward,5202,15.274,-776.505554199219,link-2,true
outward,5203,18.276,-776.9990234375,link-2,true
outward,5204,17.406,-777.492004394531,link-2,true
outward,5205,15.275,-777.986328125,link-2,true
outward,5206,18.371,-778.480163574219,link-2,true
outward,5207,17.329,-778.973510742188,link-2,true
outward,5208,15.457,-779.46630859375,link-2,true
outward,5209,17.773,-779.960510253906,link-2,true
outward,5210,17.541,-780.454223632812,link-2,true
outward,5211,15.262,-780.947448730469,link-2,true
outward,5212,18.234,-781.440185546875,link-2,true
outward,5213,17.688,-781.934265136719,link-2,true
outward,5214,15.342,-782.427856445312,link-2,true
outward,5215,18.216,-782.920959472656,link-2,true
outward,5216,17.719,-783.41357421875,link-2,true
outward,5217,15.067,-783.907531738281,link-2,true
outward,5218,18.974,-784.401000976562,link-2,true
outward,5219,16.805,-784.893981933594,link-2,true
outward,5220,15.421,-785.386474609375,link-2,true
outward,5221,18.111,-785.88037109375,link-2,true
outward,5222,17.506,-786.373718261719,link-2,true
outward,5223,15.318,-786.866577148438,link-2,true
outward,5224,19.646,-787.358947753906,link-2,true
outward,5225,15.576,-787.852661132812,link-2,true
outward,5226,15.23,-788.345886230469,link-2,true
outward,5227,18.189,-788.838623046875,link-2,true
outward,5228,18.218,-789.822631835938,link-2,true
outward,5229,14.477,-790.315795898438,link-2,true
outward,5230,18.169,-790.808471679688,link-2,true
outward,5231,17.67,-791.300659179688,link-2,true
outward,5232,15.049,-791.792358398438,link-2,true
outward,5233,18.443,-792.285400390625,link-2,true
outward,5234,17.464,-792.777954101562,link-2,true
outward,5235,15.303,-793.27001953125,link-2,true
outward,5236,18.142,-793.761596679688,link-2,true
outward,5237,17.726,-794.254516601562,link-2,true
outward,5238,15.181,-794.747009277344,link-2,true
outward,5239,18.044,-795.239013671875,link-2,true
outward,5240,17.764,-795.73046875,link-2,true
outward,5241,15.069,-796.223266601562,link-2,true
outward,5242,18.408,-796.715637207031,link-2,true
outward,5243,17.566,-797.20751953125,link-2,true
outward,5244,14.721,-797.698913574219,link-2,true
outward,5245,18.134,-798.191650390625,link-2,true
outward,5246,17.408,-798.683898925781,link-2,true
outward,5247,15.325,-799.175659179688,link-2,true
outward,5248,17.957,-799.666931152344,link-2,true
outward,5249,17.54,-800.159545898438,link-2,true
outward,5250,14.942,-800.651672363281,link-2,true
outward,5251,18.253,-801.143371582031,link-2,true
outward,5252,17.413,-801.634582519531,link-2,true
outward,5253,15.076,-802.127136230469,link-2,true
outward,5254,19.07,-802.619201660156,link-2,true
outward,5255,4.663,-803.110778808594,link-2,true
outward,5256,4.101,-803.110778808594,link-2,true
outward,5257,4.647,-803.110778808594,link-2,true
outward,5258,3.551,-803.110778808594,link-2,true
outward,5259,3.824,-803.601928710938,link-2,true
outward,5260,2.839,-803.601928710938,link-2,true
outward,5261,5.026,-803.601928710938,link-2,true
outward,5262,3.504,-803.601928710938,link-2,true
outward,5263,4.235,-804.094421386719,link-2,true
outward,5264,3.236,-804.094421386719,link-2,true
outward,5265,4.206,-804.094421386719,link-2,true
outward,5266,3.236,-804.094421386719,link-2,true
outward,5267,4.089,-804.58642578125,link-2,true
outward,5268,3.059,-804.58642578125,link-2,true
outward,5269,3.504,-804.58642578125,link-2,true
outward,5270,4.62,-804.58642578125,link-2,true
outward,5271,3.389,-804.58642578125,link-2,true
outward,5272,4.533,-805.077941894531,link-2,true
outward,5273,3.236,-805.077941894531,link-2,true
outward,5274,4.282,-805.077941894531,link-2,true
outward,5275,3.688,-805.077941894531,link-2,true
outward,5276,4.034,-805.568969726562,link-2,true
outward,5277,3.288,-805.568969726562,link-2,true
outward,5278,3.168,-805.568969726562,link-2,true
outward,5279,4.292,-805.568969726562,link-2,true
outward,5280,3.724,-805.568969726562,link-2,true
outward,5281,4.043,-806.061340332031,link-2,true
outward,5282,2.688,-806.061340332031,link-2,true
outward,5283,5.128,-806.061340332031,link-2,true
outward,5284,3.699,-806.061340332031,link-2,true
outward,5285,3.839,-806.553283691406,link-2,true
outward,5286,2.875,-806.553283691406,link-2,true
outward,5287,3.531,-806.553283691406,link-2,true
outward,5288,4.63,-806.553283691406,link-2,true
outward,5289,3.302,-806.553283691406,link-2,true
outward,5290,4.279,-807.044738769531,link-2,true
outward,5291,2.972,-807.044738769531,link-2,true
outward,5292,4.854,-807.044738769531,link-2,true
outward,5293,3.144,-807.044738769531,link-2,true
outward,5294,3.956,-807.535705566406,link-2,true
outward,5295,3.324,-807.535705566406,link-2,true
outward,5296,4.355,-807.535705566406,link-2,true
outward,5297,3.485,-807.535705566406,link-2,true
outward,5298,3.479,-807.535705566406,link-2,true
outward,5299,4.436,-808.028076171875,link-2,true
outward,5300,3.332,-808.028076171875,link-2,true
outward,5301,4.029,-808.028076171875,link-2,true
outward,5302,3.432,-808.028076171875,link-2,true
outward,5303,4.276,-808.519958496094,link-2,true
outward,5304,3.433,-808.519958496094,link-2,true
outward,5305,4.387,-808.519958496094,link-2,true
outward,5306,3.75,-808.519958496094,link-2,true
outward,5307,3.197,-808.519958496094,link-2,true
outward,5308,4.488,-809.011352539062,link-2,true
outward,5309,3.279,-809.011352539062,link-2,true
outward,5310,3.857,-809.011352539062,link-2,true
outward,5311,3.29,-809.011352539062,link-2,true
outward,5312,4.237,-809.502258300781,link-2,true
outward,5313,2.974,-809.502258300781,link-2,true
outward,5314,4.19,-809.502258300781,link-2,true
outward,5315,3.623,-809.502258300781,link-2,true
outward,5316,3.373,-809.502258300781,link-2,true
outward,5317,4.267,-809.994567871094,link-2,true
outward,5318,3.89,-809.994567871094,link-2,true
outward,5319,3.876,-809.994567871094,link-2,true
outward,5320,3.288,-809.994567871094,link-2,true
outward,5321,4.312,-810.486389160156,link-2,true
outward,5322,2.772,-810.486389160156,link-2,true
outward,5323,4.786,-810.486389160156,link-2,true
outward,5324,3.325,-810.486389160156,link-2,true
outward,5325,3.414,-810.486389160156,link-2,true
outward,5326,4.352,-810.977722167969,link-2,true
outward,5327,2.644,-810.977722167969,link-2,true
outward,5328,4.175,-810.977722167969,link-2,true
outward,5329,3.73,-810.977722167969,link-2,true
outward,5330,3.998,-811.468566894531,link-2,true
outward,5331,2.709,-811.468566894531,link-2,true
outward,5332,4.986,-811.468566894531,link-2,true
outward,5333,3.219,-811.468566894531,link-2,true
outward,5334,3.342,-811.468566894531,link-2,true
outward,5335,4.956,-811.960815429688,link-2,true
outward,5336,3.076,-811.960815429688,link-2,true
outward,5337,3.193,-811.960815429688,link-2,true
outward,5338,3.389,-811.960815429688,link-2,true
outward,5339,4.224,-812.452575683594,link-2,true
outward,5340,2.643,-812.452575683594,link-2,true
outward,5341,4.66,-812.452575683594,link-2,true
outward,5342,3.357,-812.452575683594,link-2,true
outward,5343,3.33,-812.452575683594,link-2,true
outward,5344,4.894,-812.94384765625,link-2,true
outward,5345,3.027,-812.94384765625,link-2,true
outward,5346,3.817,-812.94384765625,link-2,true
outward,5347,3.529,-812.94384765625,link-2,true
outward,5348,4.323,-813.434692382812,link-2,true
outward,5349,2.898,-813.434692382812,link-2,true
outward,5350,4.293,-813.434692382812,link-2,true
outward,5351,3.477,-813.434692382812,link-2,true
outward,5352,3.158,-813.434692382812,link-2,true
outward,5353,4.549,-813.926879882812,link-2,true
outward,5354,4.565,-813.926879882812,link-2,true
outward,5355,3.347,-813.926879882812,link-2,true
outward,5356,2.769,-813.926879882812,link-2,true
outward,5357,4.329,-814.418579101562,link-2,true
outward,5358,2.88,-814.418579101562,link-2,true
outward,5359,4.415,-814.418579101562,link-2,true
outward,5360,3.482,-814.418579101562,link-2,true
outward,5361,3.637,-814.418579101562,link-2,true
outward,5362,7.921,-814.909790039062,link-2,true
outward,5363,2.807,-814.909790039062,link-2,true
outward,5364,2.371,-814.909790039062,link-2,true
outward,5365,3.433,-814.909790039062,link-2,true
outward,5366,4.365,-815.400573730469,link-2,true
outward,5367,2.683,-815.400573730469,link-2,true
outward,5368,4.207,-815.400573730469,link-2,true
outward,5369,3.555,-815.400573730469,link-2,true
outward,5370,3.581,-815.400573730469,link-2,true
outward,5371,4.264,-815.892700195312,link-2,true
outward,5372,4.138,-815.892700195312,link-2,true
outward,5373,3.616,-815.892700195312,link-2,true
outward,5374,3.555,-815.892700195312,link-2,true
outward,5375,4.184,-816.384399414062,link-2,true
outward,5376,2.768,-816.384399414062,link-2,true
outward,5377,4.176,-816.384399414062,link-2,true
outward,5378,3.473,-816.384399414062,link-2,true
outward,5379,3.661,-816.384399414062,link-2,true
outward,5380,5.147,-816.875610351562,link-2,true
outward,5381,3.312,-816.875610351562,link-2,true
outward,5382,3.29,-816.875610351562,link-2,true
outward,5383,3.468,-816.875610351562,link-2,true
outward,5384,4.319,-817.366333007812,link-2,true
outward,5385,3.905,-817.366333007812,link-2,true
outward,5386,3.789,-817.366333007812,link-2,true
outward,5387,3.3,-817.366333007812,link-2,true
outward,5388,3.546,-817.366333007812,link-2,true
outward,5389,4.479,-817.858459472656,link-2,true
outward,5390,3.397,-817.858459472656,link-2,true
outward,5391,3.188,-817.858459472656,link-2,true
outward,5392,3.882,-817.858459472656,link-2,true
outward,5393,3.971,-818.35009765625,link-2,true
outward,5394,3.746,-818.35009765625,link-2,true
outward,5395,3.993,-818.35009765625,link-2,true
outward,5396,3.337,-818.35009765625,link-2,true
outward,5397,3.58,-818.35009765625,link-2,true
outward,5398,4.506,-818.841247558594,link-2,true
outward,5399,3.392,-818.841247558594,link-2,true
outward,5400,3.734,-818.841247558594,link-2,true
outward,5401,3.416,-818.841247558594,link-2,true
outward,5402,4.185,-819.331970214844,link-2,true
outward,5403,4.424,-819.331970214844,link-2,true
outward,5404,3.268,-819.331970214844,link-2,true
outward,5405,3.27,-819.331970214844,link-2,true
outward,5406,3.636,-819.331970214844,link-2,true
outward,5407,4.044,-819.824035644531,link-2,true
outward,5408,3.586,-819.824035644531,link-2,true
outward,5409,3.692,-819.824035644531,link-2,true
outward,5410,3.412,-819.824035644531,link-2,true
outward,5411,4.862,-820.315673828125,link-2,true
outward,5412,4.37,-820.315673828125,link-2,true
outward,5413,4.241,-820.315673828125,link-2,true
outward,5414,4.767,-820.315673828125,link-2,true
outward,5415,4.852,-820.806823730469,link-2,true
outward,5416,3.107,-820.806823730469,link-2,true
outward,5417,3.569,-820.806823730469,link-2,true
outward,5418,3.589,-820.806823730469,link-2,true
outward,5419,5.769,-821.297485351562,link-2,true
outward,5420,3.493,-821.297485351562,link-2,true
outward,5421,3.267,-821.297485351562,link-2,true
outward,5422,3.039,-821.297485351562,link-2,true
outward,5423,3.607,-821.297485351562,link-2,true
outward,5424,4.861,-821.78955078125,link-2,true
outward,5425,3.35,-821.78955078125,link-2,true
outward,5426,3.117,-821.78955078125,link-2,true
outward,5427,3.612,-821.78955078125,link-2,true
outward,5428,4.078,-822.281127929688,link-2,true
outward,5429,3.94,-822.281127929688,link-2,true
outward,5430,3.261,-822.281127929688,link-2,true
outward,5431,3.644,-822.281127929688,link-2,true
outward,5432,3.477,-822.281127929688,link-2,true
outward,5433,5.832,-822.772277832031,link-2,true
outward,5434,3.019,-822.772277832031,link-2,true
outward,5435,3.418,-822.772277832031,link-2,true
outward,5436,3.625,-822.772277832031,link-2,true
outward,5437,3.742,-823.262939453125,link-2,true
outward,5438,3.746,-823.262939453125,link-2,true
outward,5439,3.489,-823.262939453125,link-2,true
outward,5440,3.611,-823.262939453125,link-2,true
outward,5441,3.214,-823.262939453125,link-2,true
outward,5442,6.191,-823.755004882812,link-2,true
outward,5443,2.922,-823.755004882812,link-2,true
outward,5444,4.886,-823.755004882812,link-2,true
outward,5445,3.388,-823.755004882812,link-2,true
outward,5446,3.542,-824.24658203125,link-2,true
outward,5447,2.984,-824.24658203125,link-2,true
outward,5448,3.56,-824.24658203125,link-2,true
outward,5449,3.705,-824.24658203125,link-2,true
outward,5450,3.299,-824.24658203125,link-2,true
outward,5451,5.477,-824.737731933594,link-2,true
outward,5452,3.244,-824.737731933594,link-2,true
outward,5453,3.218,-824.737731933594,link-2,true
outward,5454,3.232,-824.737731933594,link-2,true
outward,5455,5.625,-825.228393554688,link-2,true
outward,5456,2.963,-825.228393554688,link-2,true
outward,5457,3.426,-825.228393554688,link-2,true
outward,5458,3.555,-825.228393554688,link-2,true
outward,5459,4.418,-825.720458984375,link-2,true
outward,5460,3.357,-825.720458984375,link-2,true
outward,5461,3.33,-825.720458984375,link-2,true
outward,5462,3.824,-825.720458984375,link-2,true
outward,5463,5.874,-826.212036132812,link-2,true
outward,5464,2.922,-826.212036132812,link-2,true
outward,5465,2.577,-826.212036132812,link-2,true
outward,5466,3.426,-826.212036132812,link-2,true
outward,5467,3.463,-826.212036132812,link-2,true
outward,5468,4.074,-826.703186035156,link-2,true
outward,5469,3.765,-826.703186035156,link-2,true
outward,5470,3.491,-826.703186035156,link-2,true
outward,5471,3.468,-826.703186035156,link-2,true
outward,5472,4.166,-827.19384765625,link-2,true
outward,5473,4.296,-827.19384765625,link-2,true
outward,5474,3.328,-827.19384765625,link-2,true
outward,5475,3.497,-827.19384765625,link-2,true
outward,5476,3.561,-827.19384765625,link-2,true
outward,5477,4.278,-827.685913085938,link-2,true
outward,5478,3.317,-827.685913085938,link-2,true
outward,5479,3.443,-827.685913085938,link-2,true
outward,5480,3.581,-827.685913085938,link-2,true
outward,5481,4.234,-828.177490234375,link-2,true
outward,5482,3.962,-828.177490234375,link-2,true
outward,5483,3.365,-828.177490234375,link-2,true
outward,5484,3.301,-828.177490234375,link-2,true
outward,5485,3.657,-828.177490234375,link-2,true
outward,5486,4.078,-828.668640136719,link-2,true
outward,5487,3.546,-828.668640136719,link-2,true
outward,5488,3.442,-828.668640136719,link-2,true
outward,5489,3.556,-828.668640136719,link-2,true
outward,5490,4.037,-829.159301757812,link-2,true
outward,5491,4.308,-829.159301757812,link-2,true
outward,5492,3.401,-829.159301757812,link-2,true
outward,5493,3.526,-829.159301757812,link-2,true
outward,5494,3.669,-829.159301757812,link-2,true
outward,5495,5.357,-829.6513671875,link-2,true
outward,5496,3.186,-829.6513671875,link-2,true
outward,5497,3.383,-829.6513671875,link-2,true
outward,5498,3.495,-829.6513671875,link-2,true
outward,5499,4.345,-830.142944335938,link-2,true
outward,5500,3.713,-830.142944335938,link-2,true
outward,5501,3.255,-830.142944335938,link-2,true
outward,5502,3.525,-830.142944335938,link-2,true
outward,5503,3.421,-830.142944335938,link-2,true
outward,5504,5.873,-830.634094238281,link-2,true
outward,5505,2.998,-830.634094238281,link-2,true
outward,5506,2.951,-830.634094238281,link-2,true
outward,5507,3.512,-830.634094238281,link-2,true
outward,5508,4.327,-831.124755859375,link-2,true
outward,5509,3.91,-831.124755859375,link-2,true
outward,5510,3.434,-831.124755859375,link-2,true
outward,5511,3.576,-831.124755859375,link-2,true
outward,5512,3.334,-831.124755859375,link-2,true
outward,5513,5.761,-831.616821289062,link-2,true
outward,5514,2.99,-831.616821289062,link-2,true
outward,5515,3.506,-831.616821289062,link-2,true
outward,5516,3.747,-831.616821289062,link-2,true
outward,5517,4.117,-832.108459472656,link-2,true
outward,5518,3.538,-832.108459472656,link-2,true
outward,5519,3.297,-832.108459472656,link-2,true
outward,5520,3.608,-832.108459472656,link-2,true
outward,5521,3.342,-832.108459472656,link-2,true
outward,5522,5.56,-832.599609375,link-2,true
outward,5523,2.798,-832.599609375,link-2,true
outward,5524,3.298,-832.599609375,link-2,true
outward,5525,3.363,-832.599609375,link-2,true
outward,5526,5.219,-833.09033203125,link-2,true
outward,5527,3.008,-833.09033203125,link-2,true
outward,5528,3.332,-833.09033203125,link-2,true
outward,5529,3.596,-833.09033203125,link-2,true
outward,5530,3.465,-833.09033203125,link-2,true
outward,5531,5.291,-833.582458496094,link-2,true
outward,5532,2.981,-833.582458496094,link-2,true
outward,5533,3.369,-833.582458496094,link-2,true
outward,5534,4.558,-833.582458496094,link-2,true
outward,5535,4.107,-834.074096679688,link-2,true
outward,5536,3.939,-834.074096679688,link-2,true
outward,5537,3.179,-834.074096679688,link-2,true
outward,5538,3.258,-834.074096679688,link-2,true
outward,5539,3.002,-834.074096679688,link-2,true
outward,5540,4.93,-834.565307617188,link-2,true
outward,5541,2.865,-834.565307617188,link-2,true
outward,5542,3.352,-834.565307617188,link-2,true
outward,5543,3.401,-834.565307617188,link-2,true
outward,5544,5.106,-835.056030273438,link-2,true
outward,5545,3.013,-835.056030273438,link-2,true
outward,5546,3.332,-835.056030273438,link-2,true
outward,5547,3.682,-835.056030273438,link-2,true
outward,5548,3.5,-835.056030273438,link-2,true
outward,5549,5.094,-835.546325683594,link-2,true
outward,5550,3.073,-835.546325683594,link-2,true
outward,5551,3.254,-835.546325683594,link-2,true
outward,5552,3.503,-835.546325683594,link-2,true
outward,5553,5.528,-836.038024902344,link-2,true
outward,5554,2.683,-836.038024902344,link-2,true
outward,5555,3.263,-836.038024902344,link-2,true
outward,5556,4.078,-836.038024902344,link-2,true
outward,5557,3.26,-836.038024902344,link-2,true
outward,5558,5.428,-836.529235839844,link-2,true
outward,5559,3.116,-836.529235839844,link-2,true
outward,5560,2.819,-836.529235839844,link-2,true
outward,5561,3.527,-836.529235839844,link-2,true
outward,5562,5.753,-837.02001953125,link-2,true
outward,5563,2.991,-837.02001953125,link-2,true
outward,5564,2.956,-837.02001953125,link-2,true
outward,5565,3.653,-837.02001953125,link-2,true
outward,5566,3.266,-837.02001953125,link-2,true
outward,5567,5.556,-837.510314941406,link-2,true
outward,5568,3.077,-837.510314941406,link-2,true
outward,5569,2.83,-837.510314941406,link-2,true
outward,5570,3.257,-837.510314941406,link-2,true
outward,5571,5.718,-838.002014160156,link-2,true
outward,5572,2.743,-838.002014160156,link-2,true
outward,5573,3.694,-838.002014160156,link-2,true
outward,5574,3.494,-838.002014160156,link-2,true
outward,5575,5.226,-838.493286132812,link-2,true
outward,5576,3.136,-838.493286132812,link-2,true
outward,5577,2.945,-838.493286132812,link-2,true
outward,5578,3.683,-838.493286132812,link-2,true
outward,5579,3.293,-838.493286132812,link-2,true
outward,5580,5.322,-838.984130859375,link-2,true
outward,5581,2.837,-838.984130859375,link-2,true
outward,5582,3.575,-838.984130859375,link-2,true
outward,5583,3.316,-838.984130859375,link-2,true
outward,5584,5.279,-839.474487304688,link-2,true
outward,5585,3.256,-839.474487304688,link-2,true
outward,5586,2.956,-839.474487304688,link-2,true
outward,5587,3.424,-839.474487304688,link-2,true
outward,5588,3.647,-839.474487304688,link-2,true
outward,5589,5.637,-839.966247558594,link-2,true
outward,5590,3.485,-839.966247558594,link-2,true
outward,5591,3.408,-839.966247558594,link-2,true
outward,5592,2.887,-839.966247558594,link-2,true
outward,5593,5.7,-840.457580566406,link-2,true
outward,5594,2.81,-840.457580566406,link-2,true
outward,5595,3.352,-840.457580566406,link-2,true
outward,5596,3.702,-840.457580566406,link-2,true
outward,5597,3.412,-840.457580566406,link-2,true
outward,5598,5.125,-840.948425292969,link-2,true
outward,5599,2.639,-840.948425292969,link-2,true
outward,5600,3.508,-840.948425292969,link-2,true
outward,5601,3.464,-840.948425292969,link-2,true
outward,5602,5.874,-841.438842773438,link-2,true
outward,5603,2.766,-841.438842773438,link-2,true
outward,5604,3.51,-841.438842773438,link-2,true
outward,5605,3.512,-841.438842773438,link-2,true
outward,5606,4.103,-841.9306640625,link-2,true
outward,5607,3.953,-841.9306640625,link-2,true
outward,5608,3.333,-841.9306640625,link-2,true
outward,5609,3.485,-841.9306640625,link-2,true
outward,5610,3.573,-841.9306640625,link-2,true
outward,5611,5.475,-842.422058105469,link-2,true
outward,5612,3.251,-842.422058105469,link-2,true
outward,5613,4.524,-842.422058105469,link-2,true
outward,5614,4.129,-842.422058105469,link-2,true
outward,5615,4.572,-842.912963867188,link-2,true
outward,5616,3.612,-842.912963867188,link-2,true
outward,5617,3.517,-842.912963867188,link-2,true
outward,5618,5.245,-842.912963867188,link-2,true
outward,5619,6.944,-843.403442382812,link-2,true
outward,5620,3.25,-843.403442382812,link-2,true
outward,5621,3.949,-843.403442382812,link-2,true
outward,5622,3.194,-843.403442382812,link-2,true
outward,5623,4.704,-843.895324707031,link-2,true
outward,5624,4.043,-843.895324707031,link-2,true
outward,5625,4.863,-843.895324707031,link-2,true
outward,5626,3.694,-843.895324707031,link-2,true
outward,5627,4.574,-844.386779785156,link-2,true
outward,5628,6.738,-844.386779785156,link-2,true
outward,5629,3.958,-844.386779785156,link-2,true
outward,5630,3.421,-844.386779785156,link-2,true
outward,5631,4.804,-844.877746582031,link-2,true
outward,5632,3.919,-844.877746582031,link-2,true
outward,5633,3.232,-844.877746582031,link-2,true
outward,5634,3.019,-844.877746582031,link-2,true
outward,5635,4.224,-845.368286132812,link-2,true
outward,5636,2.76,-845.368286132812,link-2,true
outward,5637,3.38,-845.368286132812,link-2,true
outward,5638,3.502,-845.368286132812,link-2,true
outward,5639,5.946,-845.860229492188,link-2,true
outward,5640,2.874,-845.860229492188,link-2,true
outward,5641,3.429,-845.860229492188,link-2,true
outward,5642,3.289,-845.860229492188,link-2,true
outward,5643,5.862,-846.351745605469,link-2,true
outward,5644,3.074,-846.351745605469,link-2,true
outward,5645,3.114,-846.351745605469,link-2,true
outward,5646,3.651,-846.351745605469,link-2,true
outward,5647,3.548,-846.351745605469,link-2,true
outward,5648,5.013,-846.8427734375,link-2,true
outward,5649,3.07,-846.8427734375,link-2,true
outward,5650,3.382,-846.8427734375,link-2,true
outward,5651,3.292,-846.8427734375,link-2,true
outward,5652,5.51,-847.333374023438,link-2,true
outward,5653,3.068,-847.333374023438,link-2,true
outward,5654,2.971,-847.333374023438,link-2,true
outward,5655,3.888,-847.333374023438,link-2,true
outward,5656,3.233,-847.333374023438,link-2,true
outward,5657,5.135,-847.825378417969,link-2,true
outward,5658,3.266,-847.825378417969,link-2,true
outward,5659,2.984,-847.825378417969,link-2,true
outward,5660,3.449,-847.825378417969,link-2,true
outward,5661,5.362,-848.316955566406,link-2,true
outward,5662,2.847,-848.316955566406,link-2,true
outward,5663,3.504,-848.316955566406,link-2,true
outward,5664,3.316,-848.316955566406,link-2,true
outward,5665,5.455,-848.80810546875,link-2,true
outward,5666,3.526,-848.80810546875,link-2,true
outward,5667,2.987,-848.80810546875,link-2,true
outward,5668,3.611,-848.80810546875,link-2,true
outward,5669,3.311,-848.80810546875,link-2,true
outward,5670,5.266,-849.298767089844,link-2,true
outward,5671,7.996,-849.298767089844,link-2,true
outward,5672,15.281,-849.790832519531,link-2,true
outward,5673,20.228,-850.282470703125,link-2,true
outward,5674,14.1,-850.773681640625,link-2,true
outward,5675,18.011,-851.264465332031,link-2,true
outward,5676,14.634,-851.756652832031,link-2,true
outward,5677,18.633,-852.248352050781,link-2,true
outward,5678,17.934,-852.739624023438,link-2,true
outward,5679,15.177,-853.23046875,link-2,true
outward,5680,18.541,-853.722717285156,link-2,true
outward,5681,19.12,-854.214538574219,link-2,true
outward,5682,13.318,-854.705932617188,link-2,true
outward,5683,21.192,-855.196899414062,link-2,true
outward,5684,14.425,-855.689270019531,link-2,true
outward,5685,15.221,-856.18115234375,link-2,true
outward,5686,18.224,-856.672607421875,link-2,true
outward,5687,17.127,-857.163635253906,link-2,true
outward,5688,15.322,-857.656066894531,link-2,true
outward,5689,18.008,-858.148071289062,link-2,true
outward,5690,17.478,-858.6396484375,link-2,true
outward,5691,15.095,-859.130798339844,link-2,true
outward,5692,17.953,-859.623352050781,link-2,true
outward,5693,17.501,-860.115478515625,link-2,true
outward,5694,15.141,-860.607177734375,link-2,true
outward,5695,17.993,-861.098388671875,link-2,true
outward,5696,17.718,-861.591064453125,link-2,true
outward,5697,14.827,-862.083251953125,link-2,true
outward,5698,18.232,-862.575012207031,link-2,true
outward,5699,17.251,-863.066345214844,link-2,true
outward,5700,15.277,-863.55908203125,link-2,true
outward,5701,18.209,-864.051391601562,link-2,true
outward,5702,17.126,-864.543273925781,link-2,true
outward,5703,15.097,-865.034729003906,link-2,true
outward,5704,18.092,-865.527587890625,link-2,true
outward,5705,17.37,-866.02001953125,link-2,true
outward,5706,15.154,-866.512023925781,link-2,true
outward,5707,18.101,-867.003601074219,link-2,true
outward,5708,17.589,-867.49658203125,link-2,true
outward,5709,15.01,-867.989135742188,link-2,true
outward,5710,18.635,-868.481262207031,link-2,true
outward,5711,17.054,-868.972961425781,link-2,true
outward,5712,15.238,-869.466064453125,link-2,true
outward,5713,18.089,-869.958740234375,link-2,true
outward,5714,17.396,-870.450988769531,link-2,true
outward,5715,15.093,-870.942810058594,link-2,true
outward,5716,18.126,-871.43603515625,link-2,true
outward,5717,17.534,-871.928833007812,link-2,true
outward,5718,15.195,-872.421203613281,link-2,true
outward,5719,18.095,-872.913146972656,link-2,true
outward,5720,17.628,-873.406494140625,link-2,true
outward,5721,15.161,-873.8994140625,link-2,true
outward,5722,18.373,-874.391906738281,link-2,true
outward,5723,17.456,-874.883972167969,link-2,true
outward,5724,15.046,-875.37744140625,link-2,true
outward,5725,18.142,-875.870483398438,link-2,true
outward,5726,17.871,-876.855285644531,link-2,true
outward,5727,14.836,-877.348876953125,link-2,true
outward,5728,18.221,-877.842041015625,link-2,true
outward,5729,17.464,-878.334777832031,link-2,true
outward,5730,15.144,-878.827087402344,link-2,true
outward,5731,18.374,-879.32080078125,link-2,true
outward,5732,17.469,-879.814086914062,link-2,true
outward,5733,15.167,-880.306945800781,link-2,true
outward,5734,18.048,-880.799377441406,link-2,true
outward,5735,17.68,-881.291381835938,link-2,true
outward,5736,15.176,-881.784790039062,link-2,true
outward,5737,18.032,-882.277770996094,link-2,true
outward,5738,17.583,-882.770324707031,link-2,true
outward,5739,15.101,-883.262451171875,link-2,true
outward,5740,18.21,-883.755981445312,link-2,true
outward,5741,17.615,-884.249084472656,link-2,true
outward,5742,15.186,-884.741760253906,link-2,true
outward,5743,18.148,-885.234008789062,link-2,true
outward,5744,17.686,-885.727661132812,link-2,true
outward,5745,14.888,-886.220886230469,link-2,true
outward,5746,18.107,-886.713684082031,link-2,true
outward,5747,17.636,-887.2060546875,link-2,true
outward,5748,14.755,-887.699829101562,link-2,true
outward,5749,18.07,-888.193176269531,link-2,true
outward,5750,17.16,-888.686096191406,link-2,true
outward,5751,15.062,-889.178588867188,link-2,true
outward,5752,17.979,-889.672485351562,link-2,true
outward,5753,17.406,-890.165954589844,link-2,true
outward,5754,15.045,-890.658996582031,link-2,true
outward,5755,18.015,-891.151611328125,link-2,true
outward,5756,17.514,-891.645629882812,link-2,true
outward,5757,14.902,-892.139221191406,link-2,true
outward,5758,18.201,-892.632385253906,link-2,true
outward,5759,17.271,-893.125122070312,link-2,true
outward,5760,15.114,-893.619262695312,link-2,true
outward,5761,18.11,-894.112976074219,link-2,true
outward,5762,17.259,-894.606262207031,link-2,true
outward,5763,15.205,-895.09912109375,link-2,true
outward,5764,18.635,-896.089111328125,link-2,true
outward,5765,16.939,-896.584350585938,link-2,true
outward,5766,15.115,-897.079162597656,link-2,true
outward,5767,18.316,-897.573547363281,link-2,true
outward,5768,17.468,-898.067504882812,link-2,true
outward,5769,15.262,-898.56103515625,link-2,true
outward,5770,18.179,-899.054138183594,link-2,true
outward,5771,17.338,-899.548645019531,link-2,true
outward,5772,15.037,-900.042724609375,link-2,true
outward,5773,18.014,-900.536376953125,link-2,true
outward,5774,17.496,-901.029602050781,link-2,true
outward,5775,15.105,-901.524230957031,link-2,true
outward,5776,18.298,-902.018432617188,link-2,true
outward,5777,17.452,-902.51220703125,link-2,true
outward,5778,15.302,-903.005493164062,link-2,true
outward,5779,18.184,-903.500244140625,link-2,true
outward,5780,17.816,-903.994567871094,link-2,true
outward,5781,14.973,-904.488403320312,link-2,true
outward,5782,18.212,-904.981811523438,link-2,true
outward,5783,17.478,-905.476684570312,link-2,true
outward,5784,15.212,-905.971069335938,link-2,true
outward,5785,18.288,-906.465026855469,link-2,true
outward,5786,17.44,-906.958557128906,link-2,true
outward,5787,15.472,-907.453491210938,link-2,true
outward,5788,18.063,-907.947998046875,link-2,true
outward,5789,17.494,-908.442077636719,link-2,true
outward,5790,15.218,-908.935729980469,link-2,true
outward,5791,18.364,-909.430786132812,link-2,true
outward,5792,17.826,-909.925415039062,link-2,true
outward,5793,14.869,-910.419616699219,link-2,true
outward,5794,18.261,-910.913330078125,link-2,true
outward,5795,17.627,-911.408508300781,link-2,true
outward,5796,15.265,-911.903259277344,link-2,true
outward,5797,18.425,-912.397521972656,link-2,true
outward,5798,17.434,-912.891357421875,link-2,true
outward,5799,15.391,-913.386596679688,link-2,true
outward,5800,18.274,-913.881408691406,link-2,true
outward,5801,17.686,-914.375793457031,link-2,true
outward,5802,15.308,-914.869750976562,link-2,true
outward,5803,18.117,-915.365112304688,link-2,true
outward,5804,21.916,-916.3544921875,link-2,true
outward,5805,14.359,-916.848510742188,link-2,true
outward,5806,18.235,-917.343933105469,link-2,true
outward,5807,17.591,-917.838928222656,link-2,true
outward,5808,15.198,-918.33349609375,link-2,true
outward,5809,18.212,-918.82763671875,link-2,true
outward,5810,17.771,-919.323181152344,link-2,true
outward,5811,15.119,-919.818298339844,link-2,true
outward,5812,18.293,-920.312927246094,link-2,true
outward,5813,17.776,-920.80712890625,link-2,true
outward,5814,17.858,-921.302734375,link-2,true
outward,5815,14.818,-921.797912597656,link-2,true
outward,5816,18.031,-922.292663574219,link-2,true
outward,5817,14.648,-922.786926269531,link-2,true
outward,5818,17.986,-923.282653808594,link-2,true
outward,5819,17.601,-923.777893066406,link-2,true
outward,5820,15.178,-924.272705078125,link-2,true
outward,5821,18.047,-924.76708984375,link-2,true
outward,5822,17.609,-925.262878417969,link-2,true
outward,5823,15.054,-925.758239746094,link-2,true
outward,5824,18.411,-926.253112792969,link-2,true
outward,5825,17.389,-926.74755859375,link-2,true
outward,5826,15.104,-927.243408203125,link-2,true
outward,5827,18.121,-927.738830566406,link-2,true
outward,5828,17.54,-928.233764648438,link-2,true
outward,5829,15.078,-928.728271484375,link-2,true
outward,5830,18.178,-929.224182128906,link-2,true
outward,5831,17.541,-929.719665527344,link-2,true
outward,5832,18.024,-930.214721679688,link-2,true
outward,5833,15.581,-930.709289550781,link-2,true
outward,5834,17.558,-931.205261230469,link-2,true
outward,5835,14.568,-931.700805664062,link-2,true
outward,5836,18.308,-932.195922851562,link-2,true
outward,5837,17.482,-932.690551757812,link-2,true
outward,5838,15.043,-933.184753417969,link-2,true
outward,5839,18.229,-933.680358886719,link-2,true
outward,5840,17.422,-934.175537109375,link-2,true
outward,5841,15.226,-934.670227050781,link-2,true
outward,5842,18.099,-935.164489746094,link-2,true
outward,5843,17.523,-935.66015625,link-2,true
outward,5844,15.21,-936.155395507812,link-2,true
outward,5845,18.149,-936.650146484375,link-2,true
outward,5846,17.529,-937.144470214844,link-2,true
outward,5847,15.165,-937.640197753906,link-2,true
outward,5848,18.248,-938.135498046875,link-2,true
outward,5849,17.609,-938.630310058594,link-2,true
outward,5850,15.175,-939.124694824219,link-2,true
outward,5851,18.124,-939.620483398438,link-2,true
outward,5852,17.596,-940.115783691406,link-2,true
outward,5853,15.1,-940.610656738281,link-2,true
outward,5854,18.257,-941.105102539062,link-2,true
outward,5855,17.517,-941.600952148438,link-2,true
outward,5856,15.058,-942.096313476562,link-2,true
outward,5857,18.076,-942.591247558594,link-2,true
outward,5858,6.21,-943.085693359375,link-2,true
outward,5859,3.583,-943.085693359375,link-2,true
outward,5860,4.305,-943.581604003906,link-2,true
outward,5861,4.495,-943.581604003906,link-2,true
outward,5862,3.484,-943.581604003906,link-2,true
outward,5863,3.59,-943.581604003906,link-2,true
outward,5864,4.021,-944.077026367188,link-2,true
outward,5865,3.843,-944.077026367188,link-2,true
outward,5866,3.601,-944.077026367188,link-2,true
outward,5867,3.475,-944.077026367188,link-2,true
outward,5868,4.17,-944.572021484375,link-2,true
outward,5869,2.992,-944.572021484375,link-2,true
outward,5870,4.505,-944.572021484375,link-2,true
outward,5871,3.593,-944.572021484375,link-2,true
outward,5872,3.399,-944.572021484375,link-2,true
outward,5873,4.062,-945.066528320312,link-2,true
outward,5874,4.027,-945.066528320312,link-2,true
outward,5875,3.44,-945.066528320312,link-2,true
outward,5876,3.475,-945.066528320312,link-2,true
outward,5877,4.162,-945.562438964844,link-2,true
outward,5878,2.893,-945.562438964844,link-2,true
outward,5879,4.638,-945.562438964844,link-2,true
outward,5880,3.59,-945.562438964844,link-2,true
outward,5881,3.572,-945.562438964844,link-2,true
outward,5882,4.172,-946.057922363281,link-2,true
outward,5883,4.289,-946.057922363281,link-2,true
outward,5884,3.526,-946.057922363281,link-2,true
outward,5885,3.534,-946.057922363281,link-2,true
outward,5886,4.279,-946.552917480469,link-2,true
outward,5887,3.845,-946.552917480469,link-2,true
outward,5888,3.518,-946.552917480469,link-2,true
outward,5889,3.322,-946.552917480469,link-2,true
outward,5890,3.591,-946.552917480469,link-2,true
outward,5891,4.336,-947.047485351562,link-2,true
outward,5892,3.819,-947.047485351562,link-2,true
outward,5893,3.289,-947.047485351562,link-2,true
outward,5894,3.625,-947.047485351562,link-2,true
outward,5895,4.208,-947.54345703125,link-2,true
outward,5896,3.984,-947.54345703125,link-2,true
outward,5897,3.538,-947.54345703125,link-2,true
outward,5898,3.432,-947.54345703125,link-2,true
outward,5899,3.668,-947.54345703125,link-2,true
outward,5900,4.182,-948.039001464844,link-2,true
outward,5901,3.895,-948.039001464844,link-2,true
outward,5902,3.313,-948.039001464844,link-2,true
outward,5903,3.378,-948.039001464844,link-2,true
outward,5904,4.207,-948.534057617188,link-2,true
outward,5905,4.342,-948.534057617188,link-2,true
outward,5906,3.312,-948.534057617188,link-2,true
outward,5907,3.32,-948.534057617188,link-2,true
outward,5908,4.525,-948.534057617188,link-2,true
outward,5909,3.85,-949.028686523438,link-2,true
outward,5910,3.429,-949.028686523438,link-2,true
outward,5911,3.345,-949.028686523438,link-2,true
outward,5912,3.428,-949.028686523438,link-2,true
outward,5913,4.104,-949.524719238281,link-2,true
outward,5914,4.485,-949.524719238281,link-2,true
outward,5915,3.395,-949.524719238281,link-2,true
outward,5916,3.242,-949.524719238281,link-2,true
outward,5917,3.842,-949.524719238281,link-2,true
outward,5918,4.299,-950.020263671875,link-2,true
outward,5919,3.251,-950.020263671875,link-2,true
outward,5920,3.38,-950.020263671875,link-2,true
outward,5921,3.523,-950.020263671875,link-2,true
outward,5922,3.991,-950.515380859375,link-2,true
outward,5923,4.469,-950.515380859375,link-2,true
outward,5924,3.267,-950.515380859375,link-2,true
outward,5925,3.755,-950.515380859375,link-2,true
outward,5926,3.589,-950.515380859375,link-2,true
outward,5927,4.677,-951.010009765625,link-2,true
outward,5928,3.298,-951.010009765625,link-2,true
outward,5929,3.331,-951.010009765625,link-2,true
outward,5930,3.583,-951.010009765625,link-2,true
outward,5931,4.144,-951.506042480469,link-2,true
outward,5932,4.246,-951.506042480469,link-2,true
outward,5933,3.304,-951.506042480469,link-2,true
outward,5934,3.437,-951.506042480469,link-2,true
outward,5935,3.665,-951.506042480469,link-2,true
outward,5936,5.26,-952.001647949219,link-2,true
outward,5937,2.826,-952.001647949219,link-2,true
outward,5938,3.234,-952.001647949219,link-2,true
outward,5939,3.483,-952.001647949219,link-2,true
outward,5940,4.407,-952.496765136719,link-2,true
outward,5941,3.729,-952.496765136719,link-2,true
outward,5942,4.044,-952.496765136719,link-2,true
outward,5943,2.988,-952.496765136719,link-2,true
outward,5944,3.758,-952.496765136719,link-2,true
outward,5945,5.275,-952.991455078125,link-2,true
outward,5946,2.793,-952.991455078125,link-2,true
outward,5947,3.506,-952.991455078125,link-2,true
outward,5948,3.635,-952.991455078125,link-2,true
outward,5949,4.185,-953.487548828125,link-2,true
outward,5950,3.828,-953.487548828125,link-2,true
outward,5951,3.453,-953.487548828125,link-2,true
outward,5952,3.494,-953.487548828125,link-2,true
outward,5953,3.491,-953.487548828125,link-2,true
outward,5954,5.785,-953.983154296875,link-2,true
outward,5955,2.923,-953.983154296875,link-2,true
outward,5956,3.338,-953.983154296875,link-2,true
outward,5957,3.483,-953.983154296875,link-2,true
outward,5958,5.262,-954.478332519531,link-2,true
outward,5959,3.076,-954.478332519531,link-2,true
outward,5960,3.425,-954.478332519531,link-2,true
outward,5961,3.546,-954.478332519531,link-2,true
outward,5962,3.543,-954.478332519531,link-2,true
outward,5963,5.495,-954.973022460938,link-2,true
outward,5964,3.217,-954.973022460938,link-2,true
outward,5965,3.715,-954.973022460938,link-2,true
outward,5966,3.921,-954.973022460938,link-2,true
outward,5967,4.775,-955.469177246094,link-2,true
outward,5968,3.784,-955.469177246094,link-2,true
outward,5969,3.634,-955.469177246094,link-2,true
outward,5970,4.259,-955.469177246094,link-2,true
outward,5971,3.16,-955.469177246094,link-2,true
outward,5972,4.243,-955.96484375,link-2,true
outward,5973,4.01,-955.96484375,link-2,true
outward,5974,2.959,-955.96484375,link-2,true
outward,5975,2.483,-955.96484375,link-2,true
outward,5976,4.953,-956.460083007812,link-2,true
outward,5977,3.142,-956.460083007812,link-2,true
outward,5978,2.859,-956.460083007812,link-2,true
outward,5979,3.411,-956.460083007812,link-2,true
outward,5980,3.651,-956.460083007812,link-2,true
outward,5981,5.246,-956.954833984375,link-2,true
outward,5982,3.37,-956.954833984375,link-2,true
outward,5983,3.197,-956.954833984375,link-2,true
outward,5984,3.411,-956.954833984375,link-2,true
outward,5985,4.957,-957.450988769531,link-2,true
outward,5986,2.991,-957.450988769531,link-2,true
outward,5987,3.1,-957.450988769531,link-2,true
outward,5988,3.699,-957.450988769531,link-2,true
outward,5989,3.218,-957.450988769531,link-2,true
outward,5990,5.038,-957.946655273438,link-2,true
outward,5991,3.003,-957.946655273438,link-2,true
outward,5992,3.145,-957.946655273438,link-2,true
outward,5993,3.566,-957.946655273438,link-2,true
outward,5994,5.704,-958.44189453125,link-2,true
outward,5995,3.239,-958.44189453125,link-2,true
outward,5996,3.53,-958.44189453125,link-2,true
outward,5997,3.174,-958.44189453125,link-2,true
outward,5998,4.488,-958.44189453125,link-2,true
outward,5999,4.413,-958.936645507812,link-2,true
outward,6000,2.807,-958.936645507812,link-2,true
outward,6001,3.367,-958.936645507812,link-2,true
outward,6002,3.395,-958.936645507812,link-2,true
outward,6003,5.485,-959.432861328125,link-2,true
outward,6004,3.206,-959.432861328125,link-2,true
outward,6005,3.13,-959.432861328125,link-2,true
outward,6006,3.348,-959.432861328125,link-2,true
outward,6007,5.119,-959.432861328125,link-2,true
outward,6008,3.94,-959.928588867188,link-2,true
outward,6009,2.791,-959.928588867188,link-2,true
outward,6010,3.757,-959.928588867188,link-2,true
outward,6011,3.298,-959.928588867188,link-2,true
outward,6012,5.013,-960.423828125,link-2,true
outward,6013,3.036,-960.423828125,link-2,true
outward,6014,3.263,-960.423828125,link-2,true
outward,6015,3.425,-960.423828125,link-2,true
outward,6016,5.126,-960.423828125,link-2,true
outward,6017,4.136,-960.918640136719,link-2,true
outward,6018,2.75,-960.918640136719,link-2,true
outward,6019,3.465,-960.918640136719,link-2,true
outward,6020,3.338,-960.918640136719,link-2,true
outward,6021,5.021,-961.414855957031,link-2,true
outward,6022,3.321,-961.414855957031,link-2,true
outward,6023,2.932,-961.414855957031,link-2,true
outward,6024,3.594,-961.414855957031,link-2,true
outward,6025,4.914,-961.414855957031,link-2,true
outward,6026,4.339,-961.910583496094,link-2,true
outward,6027,3.354,-961.910583496094,link-2,true
outward,6028,3.17,-961.910583496094,link-2,true
outward,6029,4.587,-961.910583496094,link-2,true
outward,6030,4.146,-962.405883789062,link-2,true
outward,6031,2.816,-962.405883789062,link-2,true
outward,6032,3.497,-962.405883789062,link-2,true
outward,6033,3.815,-962.405883789062,link-2,true
outward,6034,5.12,-962.900695800781,link-2,true
outward,6035,3.467,-962.900695800781,link-2,true
outward,6036,3.345,-962.900695800781,link-2,true
outward,6037,2.985,-962.900695800781,link-2,true
outward,6038,4.474,-962.900695800781,link-2,true
outward,6039,4.163,-963.396911621094,link-2,true
outward,6040,2.61,-963.396911621094,link-2,true
outward,6041,3.749,-963.396911621094,link-2,true
outward,6042,3.199,-963.396911621094,link-2,true
outward,6043,5.511,-963.892700195312,link-2,true
outward,6044,3.509,-963.892700195312,link-2,true
outward,6045,3.273,-963.892700195312,link-2,true
outward,6046,2.926,-963.892700195312,link-2,true
outward,6047,4.601,-963.892700195312,link-2,true
outward,6048,4.0,-964.388000488281,link-2,true
outward,6049,2.777,-964.388000488281,link-2,true
outward,6050,3.718,-964.388000488281,link-2,true
outward,6051,3.414,-964.388000488281,link-2,true
outward,6052,5.671,-964.882873535156,link-2,true
outward,6053,3.615,-964.882873535156,link-2,true
outward,6054,3.138,-964.882873535156,link-2,true
outward,6055,3.018,-964.882873535156,link-2,true
outward,6056,4.765,-964.882873535156,link-2,true
outward,6057,4.136,-965.379150390625,link-2,true
outward,6058,2.861,-965.379150390625,link-2,true
outward,6059,3.42,-965.379150390625,link-2,true
outward,6060,4.737,-965.379150390625,link-2,true
outward,6061,4.579,-965.874938964844,link-2,true
outward,6062,3.681,-965.874938964844,link-2,true
outward,6063,3.141,-965.874938964844,link-2,true
outward,6064,2.862,-965.874938964844,link-2,true
outward,6065,4.263,-965.874938964844,link-2,true
outward,6066,3.985,-966.370300292969,link-2,true
outward,6067,3.1,-966.370300292969,link-2,true
outward,6068,3.44,-966.370300292969,link-2,true
outward,6069,4.78,-966.370300292969,link-2,true
outward,6070,4.113,-966.865173339844,link-2,true
outward,6071,2.867,-966.865173339844,link-2,true
outward,6072,3.525,-966.865173339844,link-2,true
outward,6073,3.662,-966.865173339844,link-2,true
outward,6074,5.068,-967.361450195312,link-2,true
outward,6075,3.299,-967.361450195312,link-2,true
outward,6076,3.489,-967.361450195312,link-2,true
outward,6077,3.127,-967.361450195312,link-2,true
outward,6078,4.517,-967.361450195312,link-2,true
outward,6079,3.919,-967.857299804688,link-2,true
outward,6080,2.646,-967.857299804688,link-2,true
outward,6081,3.903,-967.857299804688,link-2,true
outward,6082,3.333,-967.857299804688,link-2,true
outward,6083,4.884,-968.352661132812,link-2,true
outward,6084,3.179,-968.352661132812,link-2,true
outward,6085,3.277,-968.352661132812,link-2,true
outward,6086,3.336,-968.352661132812,link-2,true
outward,6087,5.278,-968.352661132812,link-2,true
outward,6088,4.198,-968.847534179688,link-2,true
outward,6089,2.923,-968.847534179688,link-2,true
outward,6090,4.173,-968.847534179688,link-2,true
outward,6091,3.527,-968.847534179688,link-2,true
outward,6092,4.322,-969.343872070312,link-2,true
outward,6093,2.901,-969.343872070312,link-2,true
outward,6094,3.22,-969.343872070312,link-2,true
outward,6095,3.382,-969.343872070312,link-2,true
outward,6096,4.829,-969.343872070312,link-2,true
outward,6097,3.967,-969.839721679688,link-2,true
outward,6098,2.888,-969.839721679688,link-2,true
outward,6099,3.617,-969.839721679688,link-2,true
outward,6100,4.326,-969.839721679688,link-2,true
outward,6101,4.608,-970.335083007812,link-2,true
outward,6102,2.67,-970.335083007812,link-2,true
outward,6103,3.618,-970.335083007812,link-2,true
outward,6104,3.739,-970.335083007812,link-2,true
outward,6105,5.25,-970.830017089844,link-2,true
outward,6106,2.744,-970.830017089844,link-2,true
outward,6107,3.447,-970.830017089844,link-2,true
outward,6108,3.543,-970.830017089844,link-2,true
outward,6109,4.853,-970.830017089844,link-2,true
outward,6110,4.222,-971.326354980469,link-2,true
outward,6111,2.723,-971.326354980469,link-2,true
outward,6112,3.548,-971.326354980469,link-2,true
outward,6113,3.389,-971.326354980469,link-2,true
outward,6114,4.88,-971.822204589844,link-2,true
outward,6115,2.741,-971.822204589844,link-2,true
outward,6116,3.513,-971.822204589844,link-2,true
outward,6117,3.551,-971.822204589844,link-2,true
outward,6118,5.332,-971.822204589844,link-2,true
outward,6119,3.938,-972.317626953125,link-2,true
outward,6120,2.792,-972.317626953125,link-2,true
outward,6121,3.604,-972.317626953125,link-2,true
outward,6122,3.392,-972.317626953125,link-2,true
outward,6123,5.176,-972.812561035156,link-2,true
outward,6124,2.869,-972.812561035156,link-2,true
outward,6125,3.218,-972.812561035156,link-2,true
outward,6126,3.372,-972.812561035156,link-2,true
outward,6127,4.743,-972.812561035156,link-2,true
outward,6128,3.989,-973.308898925781,link-2,true
outward,6129,2.789,-973.308898925781,link-2,true
outward,6130,3.703,-973.308898925781,link-2,true
outward,6131,3.421,-973.308898925781,link-2,true
outward,6132,5.452,-973.804748535156,link-2,true
outward,6133,2.831,-973.804748535156,link-2,true
outward,6134,3.332,-973.804748535156,link-2,true
outward,6135,3.596,-973.804748535156,link-2,true
outward,6136,4.976,-973.804748535156,link-2,true
outward,6137,4.011,-974.300170898438,link-2,true
outward,6138,3.341,-974.300170898438,link-2,true
outward,6139,2.941,-974.300170898438,link-2,true
outward,6140,5.199,-974.300170898438,link-2,true
outward,6141,4.268,-974.795104980469,link-2,true
outward,6142,2.814,-974.795104980469,link-2,true
outward,6143,3.533,-974.795104980469,link-2,true
outward,6144,3.635,-974.795104980469,link-2,true
outward,6145,5.116,-975.291442871094,link-2,true
outward,6146,2.755,-975.291442871094,link-2,true
outward,6147,3.407,-975.291442871094,link-2,true
outward,6148,3.307,-975.291442871094,link-2,true
outward,6149,4.619,-975.291442871094,link-2,true
outward,6150,3.945,-975.787353515625,link-2,true
outward,6151,2.789,-975.787353515625,link-2,true
outward,6152,3.489,-975.787353515625,link-2,true
outward,6153,3.396,-975.787353515625,link-2,true
outward,6154,5.135,-976.282775878906,link-2,true
outward,6155,3.557,-976.282775878906,link-2,true
outward,6156,2.958,-976.282775878906,link-2,true
outward,6157,2.875,-976.282775878906,link-2,true
outward,6158,4.859,-976.282775878906,link-2,true
outward,6159,4.255,-976.777770996094,link-2,true
outward,6160,2.98,-976.777770996094,link-2,true
outward,6161,3.242,-976.777770996094,link-2,true
outward,6162,3.189,-976.777770996094,link-2,true
outward,6163,5.408,-977.274169921875,link-2,true
outward,6164,2.907,-977.274169921875,link-2,true
outward,6165,3.478,-977.274169921875,link-2,true
outward,6166,3.212,-977.274169921875,link-2,true
outward,6167,5.007,-977.274169921875,link-2,true
outward,6168,4.015,-977.770080566406,link-2,true
outward,6169,2.903,-977.770080566406,link-2,true
outward,6170,3.832,-977.770080566406,link-2,true
outward,6171,3.361,-977.770080566406,link-2,true
outward,6172,5.351,-978.265563964844,link-2,true
outward,6173,2.891,-978.265563964844,link-2,true
outward,6174,3.232,-978.265563964844,link-2,true
outward,6175,3.878,-978.265563964844,link-2,true
outward,6176,4.18,-978.265563964844,link-2,true
outward,6177,4.066,-978.760559082031,link-2,true
outward,6178,2.805,-978.760559082031,link-2,true
outward,6179,3.538,-978.760559082031,link-2,true
outward,6180,4.331,-978.760559082031,link-2,true
outward,6181,4.52,-979.255065917969,link-2,true
outward,6182,2.587,-979.255065917969,link-2,true
outward,6183,3.601,-979.255065917969,link-2,true
outward,6184,3.499,-979.255065917969,link-2,true
outward,6185,4.482,-979.255065917969,link-2,true
outward,6186,3.971,-979.7509765625,link-2,true
outward,6187,3.491,-979.7509765625,link-2,true
outward,6188,3.206,-979.7509765625,link-2,true
outward,6189,5.071,-979.7509765625,link-2,true
outward,6190,4.115,-980.246459960938,link-2,true
outward,6191,2.843,-980.246459960938,link-2,true
outward,6192,3.661,-980.246459960938,link-2,true
outward,6193,7.055,-980.246459960938,link-2,true
outward,6194,3.704,-980.741455078125,link-2,true
outward,6195,2.628,-980.741455078125,link-2,true
outward,6196,3.298,-980.741455078125,link-2,true
outward,6197,2.77,-980.741455078125,link-2,true
outward,6198,4.85,-980.741455078125,link-2,true
outward,6199,4.075,-981.236022949219,link-2,true
outward,6200,2.716,-981.236022949219,link-2,true
outward,6201,3.634,-981.236022949219,link-2,true
outward,6202,4.404,-981.236022949219,link-2,true
outward,6203,4.76,-981.731994628906,link-2,true
outward,6204,2.703,-981.731994628906,link-2,true
outward,6205,3.219,-981.731994628906,link-2,true
outward,6206,3.341,-981.731994628906,link-2,true
outward,6207,5.301,-982.227478027344,link-2,true
outward,6208,3.355,-982.227478027344,link-2,true
outward,6209,3.15,-982.227478027344,link-2,true
outward,6210,3.275,-982.227478027344,link-2,true
outward,6211,5.189,-982.227478027344,link-2,true
outward,6212,4.111,-982.722534179688,link-2,true
outward,6213,3.482,-982.722534179688,link-2,true
outward,6214,3.457,-982.722534179688,link-2,true
outward,6215,4.501,-982.722534179688,link-2,true
outward,6216,4.226,-983.217102050781,link-2,true
outward,6217,3.109,-983.217102050781,link-2,true
outward,6218,3.286,-983.217102050781,link-2,true
outward,6219,3.161,-983.217102050781,link-2,true
outward,6220,4.901,-983.217102050781,link-2,true
outward,6221,3.988,-983.713073730469,link-2,true
outward,6222,2.864,-983.713073730469,link-2,true
outward,6223,3.598,-983.713073730469,link-2,true
outward,6224,4.891,-983.713073730469,link-2,true
outward,6225,4.262,-984.208618164062,link-2,true
outward,6226,3.283,-984.208618164062,link-2,true
outward,6227,3.727,-984.208618164062,link-2,true
outward,6228,3.988,-984.208618164062,link-2,true
outward,6229,4.064,-984.703674316406,link-2,true
outward,6230,2.984,-984.703674316406,link-2,true
outward,6231,3.425,-984.703674316406,link-2,true
outward,6232,4.263,-984.703674316406,link-2,true
outward,6233,3.772,-984.703674316406,link-2,true
outward,6234,4.292,-985.1982421875,link-2,true
outward,6235,3.218,-985.1982421875,link-2,true
outward,6236,3.106,-985.1982421875,link-2,true
outward,6237,5.092,-985.1982421875,link-2,true
outward,6238,4.102,-985.694213867188,link-2,true
outward,6239,2.683,-985.694213867188,link-2,true
outward,6240,3.73,-985.694213867188,link-2,true
outward,6241,3.279,-985.694213867188,link-2,true
outward,6242,4.749,-985.694213867188,link-2,true
outward,6243,4.288,-986.189758300781,link-2,true
outward,6244,2.974,-986.189758300781,link-2,true
outward,6245,3.251,-986.189758300781,link-2,true
outward,6246,4.712,-986.189758300781,link-2,true
outward,6247,4.159,-986.684814453125,link-2,true
outward,6248,3.264,-986.684814453125,link-2,true
outward,6249,3.249,-986.684814453125,link-2,true
outward,6250,4.244,-986.684814453125,link-2,true
outward,6251,4.268,-987.179443359375,link-2,true
outward,6252,2.841,-987.179443359375,link-2,true
outward,6253,3.486,-987.179443359375,link-2,true
outward,6254,3.632,-987.179443359375,link-2,true
outward,6255,4.444,-987.179443359375,link-2,true
outward,6256,3.984,-987.675476074219,link-2,true
outward,6257,2.902,-987.675476074219,link-2,true
outward,6258,3.349,-987.675476074219,link-2,true
outward,6259,3.379,-987.675476074219,link-2,true
outward,6260,5.076,-988.171020507812,link-2,true
outward,6261,3.016,-988.171020507812,link-2,true
outward,6262,3.345,-988.171020507812,link-2,true
outward,6263,3.316,-988.171020507812,link-2,true
outward,6264,4.692,-988.171020507812,link-2,true
outward,6265,4.278,-988.666137695312,link-2,true
outward,6266,2.603,-988.666137695312,link-2,true
outward,6267,3.689,-988.666137695312,link-2,true
outward,6268,3.361,-988.666137695312,link-2,true
outward,6269,5.111,-989.160766601562,link-2,true
outward,6270,3.207,-989.160766601562,link-2,true
outward,6271,4.074,-989.160766601562,link-2,true
outward,6272,4.356,-989.160766601562,link-2,true
outward,6273,3.538,-989.160766601562,link-2,true
outward,6274,4.408,-989.656799316406,link-2,true
outward,6275,4.59,-989.656799316406,link-2,true
outward,6276,3.045,-989.656799316406,link-2,true
outward,6277,3.367,-989.656799316406,link-2,true
outward,6278,14.69,-990.15234375,link-2,true
outward,6279,14.779,-990.6474609375,link-2,true
outward,6280,17.771,-991.14208984375,link-2,true
outward,6281,17.642,-991.638122558594,link-2,true
outward,6282,15.048,-992.133728027344,link-2,true
outward,6283,18.242,-992.628845214844,link-2,true
outward,6284,17.467,-993.12353515625,link-2,true
outward,6285,15.299,-993.61962890625,link-2,true
outward,6286,17.864,-994.115234375,link-2,true
outward,6287,21.673,-994.610412597656,link-2,true
outward,6288,14.36,-995.105102539062,link-2,true
outward,6289,18.201,-995.601196289062,link-2,true
outward,6290,17.724,-996.096801757812,link-2,true
outward,6291,14.976,-996.591979980469,link-2,true
outward,6292,18.137,-997.086669921875,link-2,true
outward,6293,17.565,-997.582763671875,link-2,true
outward,6294,15.063,-998.078430175781,link-2,true
outward,6295,18.136,-998.573608398438,link-2,true
outward,6296,17.361,-999.068298339844,link-2,true
outward,6297,15.183,-999.564453125,link-2,true
outward,6298,18.936,-1000.06011962891,link-3,true
outward,6299,17.779,-1000.55529785156,link-3,true
outward,6300,15.185,-1001.05004882812,link-3,true
outward,6301,18.611,-1001.54620361328,link-3,true
outward,6302,17.932,-1002.04187011719,link-3,true
outward,6303,14.951,-1002.537109375,link-3,true
outward,6304,18.192,-1003.03192138672,link-3,true
outward,6305,17.479,-1003.52807617188,link-3,true
outward,6306,15.289,-1004.02380371094,link-3,true
outward,6307,18.488,-1004.51904296875,link-3,true
outward,6308,17.235,-1005.01385498047,link-3,true
outward,6309,19.76,-1006.00769042969,link-3,true
outward,6310,13.683,-1006.50482177734,link-3,true
outward,6311,18.155,-1007.00146484375,link-3,true
outward,6312,14.571,-1007.49761962891,link-3,true
outward,6313,18.074,-1007.99334716797,link-3,true
outward,6314,17.524,-1008.48864746094,link-3,true
outward,6315,15.232,-1008.98345947266,link-3,true
outward,6316,18.249,-1009.47967529297,link-3,true
outward,6317,17.913,-1009.97546386719,link-3,true
outward,6318,14.632,-1010.47076416016,link-3,true
outward,6319,18.254,-1010.96557617188,link-3,true
outward,6320,17.502,-1011.46185302734,link-3,true
outward,6321,15.213,-1011.95764160156,link-3,true
outward,6322,18.098,-1012.45294189453,link-3,true
outward,6323,17.893,-1012.94781494141,link-3,true
outward,6324,14.917,-1013.44403076172,link-3,true
outward,6325,18.268,-1013.93988037109,link-3,true
outward,6326,17.488,-1014.43524169922,link-3,true
outward,6327,15.133,-1014.93017578125,link-3,true
outward,6328,18.263,-1015.42645263672,link-3,true
outward,6329,17.582,-1015.92230224609,link-3,true
outward,6330,15.109,-1016.41766357422,link-3,true
outward,6331,18.1,-1016.91259765625,link-3,true
outward,6332,17.388,-1017.40893554688,link-3,true
outward,6333,15.087,-1017.90478515625,link-3,true
outward,6334,18.175,-1018.40020751953,link-3,true
outward,6335,17.304,-1018.89514160156,link-3,true
outward,6336,15.11,-1019.39147949219,link-3,true
outward,6337,17.952,-1019.88739013672,link-3,true
outward,6338,17.153,-1020.3828125,link-3,true
outward,6339,15.22,-1020.87774658203,link-3,true
outward,6340,17.851,-1021.37414550781,link-3,true
outward,6341,17.529,-1021.87005615234,link-3,true
outward,6342,14.609,-1022.36547851562,link-3,true
outward,6343,22.994,-1023.35504150391,link-3,true
outward,6344,12.558,-1023.85095214844,link-3,true
outward,6345,19.868,-1024.34643554688,link-3,true
outward,6346,14.355,-1024.84143066406,link-3,true
outward,6347,18.021,-1025.3359375,link-3,true
outward,6348,17.314,-1025.83190917969,link-3,true
outward,6349,15.327,-1026.32739257812,link-3,true
outward,6350,17.9,-1026.82238769531,link-3,true
outward,6351,17.658,-1027.31701660156,link-3,true
outward,6352,14.917,-1027.81298828125,link-3,true
outward,6353,18.012,-1028.30847167969,link-3,true
outward,6354,17.528,-1028.80358886719,link-3,true
outward,6355,15.111,-1029.29821777344,link-3,true
outward,6356,18.041,-1029.79418945312,link-3,true
outward,6357,17.38,-1030.28967285156,link-3,true
outward,6358,15.299,-1030.78479003906,link-3,true
outward,6359,17.959,-1031.27941894531,link-3,true
outward,6360,17.257,-1031.77551269531,link-3,true
outward,6361,15.057,-1032.27111816406,link-3,true
outward,6362,18.14,-1032.76623535156,link-3,true
outward,6363,17.581,-1033.26086425781,link-3,true
outward,6364,14.748,-1033.75695800781,link-3,true
outward,6365,18.665,-1034.25256347656,link-3,true
outward,6366,16.839,-1034.74768066406,link-3,true
outward,6367,15.115,-1035.24230957031,link-3,true
outward,6368,17.954,-1035.73840332031,link-3,true
outward,6369,17.749,-1036.23400878906,link-3,true
outward,6370,14.676,-1036.72912597656,link-3,true
outward,6371,17.957,-1037.22375488281,link-3,true
outward,6372,17.439,-1037.71984863281,link-3,true
outward,6373,14.914,-1038.21545410156,link-3,true
outward,6374,17.996,-1038.71057128906,link-3,true
outward,6375,17.455,-1039.20532226562,link-3,true
outward,6376,15.146,-1039.70141601562,link-3,true
outward,6377,17.945,-1040.19702148438,link-3,true
outward,6378,17.265,-1040.69226074219,link-3,true
outward,6379,15.333,-1041.18701171875,link-3,true
outward,6380,17.623,-1041.68310546875,link-3,true
outward,6381,17.132,-1042.1787109375,link-3,true
outward,6382,15.01,-1042.67395019531,link-3,true
outward,6383,17.959,-1043.16870117188,link-3,true
outward,6384,17.577,-1043.66479492188,link-3,true
outward,6385,14.874,-1044.16052246094,link-3,true
outward,6386,18.07,-1044.65576171875,link-3,true
outward,6387,17.332,-1045.15051269531,link-3,true
outward,6388,15.106,-1045.64672851562,link-3,true
outward,6389,18.086,-1046.14245605469,link-3,true
outward,6390,17.199,-1046.6376953125,link-3,true
outward,6391,14.924,-1047.13256835938,link-3,true
outward,6392,18.006,-1047.62878417969,link-3,true
outward,6393,17.538,-1048.12451171875,link-3,true
outward,6394,14.928,-1048.61987304688,link-3,true
outward,6395,18.124,-1049.11462402344,link-3,true
outward,6396,17.552,-1049.61083984375,link-3,true
outward,6397,14.835,-1050.10668945312,link-3,true
outward,6398,18.344,-1050.60192871094,link-3,true
outward,6399,17.119,-1051.09680175781,link-3,true
outward,6400,14.96,-1051.59313964844,link-3,true
outward,6401,17.998,-1052.0888671875,link-3,true
outward,6402,17.399,-1052.58422851562,link-3,true
outward,6403,15.043,-1053.0791015625,link-3,true
outward,6404,18.074,-1053.57543945312,link-3,true
outward,6405,17.207,-1054.0712890625,link-3,true
outward,6406,14.898,-1054.56665039062,link-3,true
outward,6407,18.096,-1055.0615234375,link-3,true
outward,6408,17.456,-1055.55786132812,link-3,true
outward,6409,15.042,-1056.0537109375,link-3,true
outward,6410,17.952,-1056.54907226562,link-3,true
outward,6411,17.403,-1057.0439453125,link-3,true
outward,6412,14.935,-1057.54028320312,link-3,true
outward,6413,17.965,-1058.0361328125,link-3,true
outward,6414,17.402,-1058.53149414062,link-3,true
outward,6415,14.905,-1059.0263671875,link-3,true
outward,6416,18.01,-1059.52270507812,link-3,true
outward,6417,17.274,-1060.0185546875,link-3,true
outward,6418,14.891,-1060.51391601562,link-3,true
outward,6419,18.112,-1061.00891113281,link-3,true
outward,6420,17.427,-1061.50524902344,link-3,true
outward,6421,14.977,-1062.00109863281,link-3,true
outward,6422,18.157,-1062.49645996094,link-3,true
outward,6423,17.399,-1062.99145507812,link-3,true
outward,6424,15.119,-1063.48779296875,link-3,true
outward,6425,18.109,-1063.98364257812,link-3,true
outward,6426,17.499,-1064.47912597656,link-3,true
outward,6427,15.119,-1064.97412109375,link-3,true
outward,6428,18.4,-1065.46862792969,link-3,true
outward,6429,17.501,-1065.96459960938,link-3,true
outward,6430,15.07,-1066.46008300781,link-3,true
outward,6431,18.523,-1066.955078125,link-3,true
outward,6432,17.171,-1067.44970703125,link-3,true
outward,6433,15.212,-1067.94567871094,link-3,true
outward,6434,17.992,-1068.44116210938,link-3,true
outward,6435,17.961,-1069.43090820312,link-3,true
outward,6436,14.831,-1069.92687988281,link-3,true
outward,6437,18.03,-1070.42248535156,link-3,true
outward,6438,17.499,-1070.91760253906,link-3,true
outward,6439,15.23,-1071.41223144531,link-3,true
outward,6440,18.144,-1071.90832519531,link-3,true
outward,6441,17.619,-1072.40380859375,link-3,true
outward,6442,15.065,-1072.89892578125,link-3,true
outward,6443,18.664,-1073.3935546875,link-3,true
outward,6444,16.981,-1073.8896484375,link-3,true
outward,6445,15.192,-1074.38525390625,link-3,true
outward,6446,18.039,-1074.88037109375,link-3,true
outward,6447,17.796,-1075.375,link-3,true
outward,6448,15.0,-1075.87109375,link-3,true
outward,6449,18.012,-1076.36669921875,link-3,true
outward,6450,17.624,-1076.86181640625,link-3,true
outward,6451,15.095,-1077.35656738281,link-3,true
outward,6452,18.185,-1077.85266113281,link-3,true
outward,6453,17.446,-1078.34826660156,link-3,true
outward,6454,15.144,-1078.84338378906,link-3,true
outward,6455,18.011,-1079.33801269531,link-3,true
outward,6456,17.546,-1079.83410644531,link-3,true
outward,6457,15.269,-1080.32971191406,link-3,true
outward,6458,17.985,-1080.82482910156,link-3,true
outward,6459,17.587,-1081.31958007812,link-3,true
outward,6460,15.298,-1081.81567382812,link-3,true
outward,6461,17.729,-1082.31127929688,link-3,true
outward,6462,17.551,-1082.80651855469,link-3,true
outward,6463,15.284,-1083.30126953125,link-3,true
outward,6464,17.681,-1083.79736328125,link-3,true
outward,6465,3.853,-1084.29296875,link-3,true
outward,6466,4.493,-1084.29296875,link-3,true
outward,6467,3.388,-1084.29296875,link-3,true
outward,6468,3.492,-1084.29296875,link-3,true
outward,6469,4.156,-1084.78820800781,link-3,true
outward,6470,4.063,-1084.78820800781,link-3,true
outward,6471,3.485,-1084.78820800781,link-3,true
outward,6472,3.624,-1084.78820800781,link-3,true
outward,6473,3.413,-1084.78820800781,link-3,true
outward,6474,5.453,-1085.28295898438,link-3,true
outward,6475,2.909,-1085.28295898438,link-3,true
outward,6476,2.988,-1085.28295898438,link-3,true
outward,6477,3.961,-1085.28295898438,link-3,true
outward,6478,4.01,-1085.77905273438,link-3,true
outward,6479,3.482,-1085.77905273438,link-3,true
outward,6480,3.564,-1085.77905273438,link-3,true
outward,6481,3.353,-1085.77905273438,link-3,true
outward,6482,3.313,-1085.77905273438,link-3,true
outward,6483,5.874,-1086.27478027344,link-3,true
outward,6484,2.69,-1086.27478027344,link-3,true
outward,6485,3.678,-1086.27478027344,link-3,true
outward,6486,3.627,-1086.27478027344,link-3,true
outward,6487,5.529,-1086.77001953125,link-3,true
outward,6488,3.162,-1086.77001953125,link-3,true
outward,6489,2.883,-1086.77001953125,link-3,true
outward,6490,3.571,-1086.77001953125,link-3,true
outward,6491,3.367,-1086.77001953125,link-3,true
outward,6492,5.49,-1087.26477050781,link-3,true
outward,6493,3.366,-1087.26477050781,link-3,true
outward,6494,2.762,-1087.26477050781,link-3,true
outward,6495,3.566,-1087.26477050781,link-3,true
outward,6496,5.767,-1087.76098632812,link-3,true
outward,6497,3.702,-1087.76098632812,link-3,true
outward,6498,3.121,-1087.76098632812,link-3,true
outward,6499,3.047,-1087.76098632812,link-3,true
outward,6500,4.481,-1087.76098632812,link-3,true
outward,6501,4.297,-1088.25671386719,link-3,true
outward,6502,2.71,-1088.25671386719,link-3,true
outward,6503,3.751,-1088.25671386719,link-3,true
outward,6504,3.421,-1088.25671386719,link-3,true
outward,6505,5.38,-1088.751953125,link-3,true
outward,6506,2.971,-1088.751953125,link-3,true
outward,6507,3.226,-1088.751953125,link-3,true
outward,6508,3.672,-1088.751953125,link-3,true
outward,6509,4.489,-1088.751953125,link-3,true
outward,6510,4.286,-1089.24670410156,link-3,true
outward,6511,3.336,-1089.24670410156,link-3,true
outward,6512,3.139,-1089.24670410156,link-3,true
outward,6513,3.388,-1089.24670410156,link-3,true
outward,6514,5.565,-1089.74291992188,link-3,true
outward,6515,2.776,-1089.74291992188,link-3,true
outward,6516,3.197,-1089.74291992188,link-3,true
outward,6517,3.643,-1089.74291992188,link-3,true
outward,6518,4.944,-1089.74291992188,link-3,true
outward,6519,4.284,-1090.23864746094,link-3,true
outward,6520,3.064,-1090.23864746094,link-3,true
outward,6521,3.203,-1090.23864746094,link-3,true
outward,6522,4.694,-1090.23864746094,link-3,true
outward,6523,4.326,-1090.73388671875,link-3,true
outward,6524,3.201,-1090.73388671875,link-3,true
outward,6525,7.169,-1090.73388671875,link-3,true
outward,6526,3.37,-1090.73388671875,link-3,true
outward,6527,3.912,-1090.73388671875,link-3,true
outward,6528,4.457,-1091.22863769531,link-3,true
outward,6529,3.781,-1091.22863769531,link-3,true
outward,6530,4.369,-1091.22863769531,link-3,true
outward,6531,3.829,-1091.22863769531,link-3,true
outward,6532,4.48,-1091.72485351562,link-3,true
outward,6533,3.435,-1091.72485351562,link-3,true
outward,6534,3.43,-1091.72485351562,link-3,true
outward,6535,3.959,-1091.72485351562,link-3,true
outward,6536,3.531,-1092.220703125,link-3,true
outward,6537,2.913,-1092.220703125,link-3,true
outward,6538,3.471,-1092.220703125,link-3,true
outward,6539,4.627,-1092.220703125,link-3,true
outward,6540,3.428,-1092.220703125,link-3,true
outward,6541,4.171,-1092.71606445312,link-3,true
outward,6542,3.254,-1092.71606445312,link-3,true
outward,6543,4.732,-1092.71606445312,link-3,true
outward,6544,3.585,-1092.71606445312,link-3,true
outward,6545,4.182,-1093.2109375,link-3,true
outward,6546,2.998,-1093.2109375,link-3,true
outward,6547,3.287,-1093.2109375,link-3,true
outward,6548,4.559,-1093.2109375,link-3,true
outward,6549,4.495,-1093.70715332031,link-3,true
outward,6550,3.328,-1093.70715332031,link-3,true
outward,6551,3.198,-1093.70715332031,link-3,true
outward,6552,4.42,-1093.70715332031,link-3,true
outward,6553,3.465,-1093.70715332031,link-3,true
outward,6554,4.198,-1094.20300292969,link-3,true
outward,6555,3.415,-1094.20300292969,link-3,true
outward,6556,3.911,-1094.20300292969,link-3,true
outward,6557,3.701,-1094.20300292969,link-3,true
outward,6558,4.317,-1094.69836425781,link-3,true
outward,6559,3.686,-1094.69836425781,link-3,true
outward,6560,3.107,-1094.69836425781,link-3,true
outward,6561,3.939,-1094.69836425781,link-3,true
outward,6562,3.406,-1094.69836425781,link-3,true
outward,6563,3.923,-1095.19323730469,link-3,true
outward,6564,3.601,-1095.19323730469,link-3,true
outward,6565,4.573,-1095.19323730469,link-3,true
outward,6566,3.3,-1095.19323730469,link-3,true
outward,6567,4.07,-1095.68957519531,link-3,true
outward,6568,3.469,-1095.68957519531,link-3,true
outward,6569,3.395,-1095.68957519531,link-3,true
outward,6570,4.267,-1095.68957519531,link-3,true
outward,6571,3.346,-1095.68957519531,link-3,true
outward,6572,4.019,-1096.18530273438,link-3,true
outward,6573,3.055,-1096.18530273438,link-3,true
outward,6574,4.706,-1096.18530273438,link-3,true
outward,6575,3.923,-1096.18530273438,link-3,true
outward,6576,4.091,-1096.6806640625,link-3,true
outward,6577,3.14,-1096.6806640625,link-3,true
outward,6578,4.231,-1096.6806640625,link-3,true
outward,6579,3.556,-1096.6806640625,link-3,true
outward,6580,4.177,-1097.17553710938,link-3,true
outward,6581,2.876,-1097.17553710938,link-3,true
outward,6582,3.294,-1097.17553710938,link-3,true
outward,6583,5.011,-1097.17553710938,link-3,true
outward,6584,3.375,-1097.17553710938,link-3,true
outward,6585,4.193,-1097.671875,link-3,true
outward,6586,3.968,-1097.671875,link-3,true
outward,6587,3.819,-1097.671875,link-3,true
outward,6588,3.499,-1097.671875,link-3,true
outward,6589,3.985,-1098.16772460938,link-3,true
outward,6590,3.024,-1098.16772460938,link-3,true
outward,6591,3.442,-1098.16772460938,link-3,true
outward,6592,4.694,-1098.16772460938,link-3,true
outward,6593,3.339,-1098.16772460938,link-3,true
outward,6594,4.483,-1098.6630859375,link-3,true
outward,6595,3.491,-1098.6630859375,link-3,true
outward,6596,3.641,-1098.6630859375,link-3,true
outward,6597,3.469,-1098.6630859375,link-3,true
outward,6598,4.022,-1099.15795898438,link-3,true
outward,6599,3.231,-1099.15795898438,link-3,true
outward,6600,2.934,-1099.15795898438,link-3,true
outward,6601,4.754,-1099.15795898438,link-3,true
outward,6602,4.29,-1099.654296875,link-3,true
outward,6603,3.721,-1099.654296875,link-3,true
outward,6604,3.404,-1099.654296875,link-3,true
outward,6605,3.617,-1099.654296875,link-3,true
outward,6606,3.812,-1099.654296875,link-3,true
outward,6607,4.133,-1100.15014648438,link-3,true
outward,6608,3.205,-1100.15014648438,link-3,true
outward,6609,4.255,-1100.15014648438,link-3,true
outward,6610,3.478,-1100.15014648438,link-3,true
outward,6611,3.774,-1100.6455078125,link-3,true
outward,6612,3.01,-1100.6455078125,link-3,true
outward,6613,3.375,-1100.6455078125,link-3,true
outward,6614,5.047,-1100.6455078125,link-3,true
outward,6615,3.406,-1100.6455078125,link-3,true
outward,6616,3.987,-1101.14038085938,link-3,true
outward,6617,3.651,-1101.14038085938,link-3,true
outward,6618,4.236,-1101.14038085938,link-3,true
outward,6619,3.573,-1101.14038085938,link-3,true
outward,6620,4.006,-1101.63671875,link-3,true
outward,6621,3.043,-1101.63671875,link-3,true
outward,6622,3.297,-1101.63671875,link-3,true
outward,6623,4.706,-1101.63671875,link-3,true
outward,6624,3.398,-1101.63671875,link-3,true
outward,6625,3.908,-1102.13256835938,link-3,true
outward,6626,3.354,-1102.13256835938,link-3,true
outward,6627,4.594,-1102.13256835938,link-3,true
outward,6628,3.365,-1102.13256835938,link-3,true
outward,6629,4.111,-1102.6279296875,link-3,true
outward,6630,2.895,-1102.6279296875,link-3,true
outward,6631,3.38,-1102.6279296875,link-3,true
outward,6632,4.711,-1102.6279296875,link-3,true
outward,6633,4.465,-1103.12292480469,link-3,true
outward,6634,3.195,-1103.12292480469,link-3,true
outward,6635,2.674,-1103.12292480469,link-3,true
outward,6636,4.629,-1103.12292480469,link-3,true
outward,6637,3.848,-1103.12292480469,link-3,true
outward,6638,4.028,-1103.61926269531,link-3,true
outward,6639,3.166,-1103.61926269531,link-3,true
outward,6640,4.098,-1103.61926269531,link-3,true
outward,6641,3.48,-1103.61926269531,link-3,true
outward,6642,3.984,-1104.11511230469,link-3,true
outward,6643,3.376,-1104.11511230469,link-3,true
outward,6644,2.777,-1104.11511230469,link-3,true
outward,6645,4.57,-1104.11511230469,link-3,true
outward,6646,3.509,-1104.11511230469,link-3,true
outward,6647,4.299,-1104.61047363281,link-3,true
outward,6648,3.231,-1104.61047363281,link-3,true
outward,6649,4.292,-1104.61047363281,link-3,true
outward,6650,3.295,-1104.61047363281,link-3,true
outward,6651,4.031,-1105.10546875,link-3,true
outward,6652,2.815,-1105.10546875,link-3,true
outward,6653,3.41,-1105.10546875,link-3,true
outward,6654,5.062,-1105.10546875,link-3,true
outward,6655,3.401,-1105.10546875,link-3,true
outward,6656,4.051,-1105.60180664062,link-3,true
outward,6657,3.534,-1105.60180664062,link-3,true
outward,6658,3.935,-1105.60180664062,link-3,true
outward,6659,3.388,-1105.60180664062,link-3,true
outward,6660,4.251,-1106.09765625,link-3,true
outward,6661,3.371,-1106.09765625,link-3,true
outward,6662,2.781,-1106.09765625,link-3,true
outward,6663,4.671,-1106.09765625,link-3,true
outward,6664,3.345,-1106.09765625,link-3,true
outward,6665,4.079,-1106.59313964844,link-3,true
outward,6666,3.926,-1106.59313964844,link-3,true
outward,6667,4.006,-1106.59313964844,link-3,true
outward,6668,3.38,-1106.59313964844,link-3,true
outward,6669,3.942,-1107.08813476562,link-3,true
outward,6670,2.855,-1107.08813476562,link-3,true
outward,6671,3.366,-1107.08813476562,link-3,true
outward,6672,4.756,-1107.08813476562,link-3,true
outward,6673,3.34,-1107.08813476562,link-3,true
outward,6674,3.889,-1107.58447265625,link-3,true
outward,6675,3.581,-1107.58447265625,link-3,true
outward,6676,4.408,-1107.58447265625,link-3,true
outward,6677,3.534,-1107.58447265625,link-3,true
outward,6678,4.07,-1108.08044433594,link-3,true
outward,6679,2.942,-1108.08044433594,link-3,true
outward,6680,3.178,-1108.08044433594,link-3,true
outward,6681,4.729,-1108.08044433594,link-3,true
outward,6682,3.348,-1108.08044433594,link-3,true
outward,6683,4.076,-1108.57592773438,link-3,true
outward,6684,3.119,-1108.57592773438,link-3,true
outward,6685,4.743,-1108.57592773438,link-3,true
outward,6686,3.398,-1108.57592773438,link-3,true
outward,6687,3.832,-1109.07092285156,link-3,true
outward,6688,3.117,-1109.07092285156,link-3,true
outward,6689,3.198,-1109.07092285156,link-3,true
outward,6690,4.216,-1109.07092285156,link-3,true
outward,6691,3.317,-1109.07092285156,link-3,true
outward,6692,4.474,-1109.5654296875,link-3,true
outward,6693,3.442,-1109.5654296875,link-3,true
outward,6694,3.84,-1109.5654296875,link-3,true
outward,6695,3.267,-1109.5654296875,link-3,true
outward,6696,4.131,-1110.06140136719,link-3,true
outward,6697,4.296,-1110.06140136719,link-3,true
outward,6698,3.153,-1110.06140136719,link-3,true
outward,6699,3.338,-1110.06140136719,link-3,true
outward,6700,3.608,-1110.06140136719,link-3,true
outward,6701,3.872,-1110.55688476562,link-3,true
outward,6702,3.117,-1110.55688476562,link-3,true
outward,6703,5.041,-1110.55688476562,link-3,true
outward,6704,3.544,-1110.55688476562,link-3,true
outward,6705,4.067,-1111.05187988281,link-3,true
outward,6706,3.671,-1111.05187988281,link-3,true
outward,6707,3.729,-1111.05187988281,link-3,true
outward,6708,3.632,-1111.05187988281,link-3,true
outward,6709,4.216,-1111.54638671875,link-3,true
outward,6710,2.626,-1111.54638671875,link-3,true
outward,6711,3.421,-1111.54638671875,link-3,true
outward,6712,4.581,-1111.54638671875,link-3,true
outward,6713,3.349,-1111.54638671875,link-3,true
outward,6714,3.932,-1112.04235839844,link-3,true
outward,6715,2.994,-1112.04235839844,link-3,true
outward,6716,3.583,-1112.04235839844,link-3,true
outward,6717,4.617,-1112.04235839844,link-3,true
outward,6718,3.657,-1112.53784179688,link-3,true
outward,6719,2.836,-1112.53784179688,link-3,true
outward,6720,3.52,-1112.53784179688,link-3,true
outward,6721,5.221,-1112.53784179688,link-3,true
outward,6722,3.431,-1112.53784179688,link-3,true
outward,6723,4.155,-1113.03283691406,link-3,true
outward,6724,3.006,-1113.03283691406,link-3,true
outward,6725,4.602,-1113.03283691406,link-3,true
outward,6726,3.4,-1113.03283691406,link-3,true
outward,6727,3.879,-1113.52746582031,link-3,true
outward,6728,2.743,-1113.52746582031,link-3,true
outward,6729,3.635,-1113.52746582031,link-3,true
outward,6730,5.174,-1113.52746582031,link-3,true
outward,6731,3.542,-1113.52746582031,link-3,true
outward,6732,3.884,-1114.0234375,link-3,true
outward,6733,3.058,-1114.0234375,link-3,true
outward,6734,5.129,-1114.0234375,link-3,true
outward,6735,3.347,-1114.0234375,link-3,true
outward,6736,4.219,-1114.51892089844,link-3,true
outward,6737,3.357,-1114.51892089844,link-3,true
outward,6738,3.914,-1114.51892089844,link-3,true
outward,6739,3.32,-1114.51892089844,link-3,true
outward,6740,4.322,-1115.01403808594,link-3,true
outward,6741,2.998,-1115.01403808594,link-3,true
outward,6742,3.019,-1115.01403808594,link-3,true
outward,6743,4.812,-1115.01403808594,link-3,true
outward,6744,3.224,-1115.01403808594,link-3,true
outward,6745,4.413,-1115.50866699219,link-3,true
outward,6746,3.831,-1115.50866699219,link-3,true
outward,6747,3.297,-1115.50866699219,link-3,true
outward,6748,3.821,-1115.50866699219,link-3,true
outward,6749,4.134,-1116.00463867188,link-3,true
outward,6750,3.561,-1116.00463867188,link-3,true
outward,6751,3.888,-1116.00463867188,link-3,true
outward,6752,3.308,-1116.00463867188,link-3,true
outward,6753,3.339,-1116.00463867188,link-3,true
outward,6754,4.099,-1116.50024414062,link-3,true
outward,6755,3.183,-1116.50024414062,link-3,true
outward,6756,4.134,-1116.50024414062,link-3,true
outward,6757,3.689,-1116.50024414062,link-3,true
outward,6758,4.195,-1116.99536132812,link-3,true
outward,6759,3.144,-1116.99536132812,link-3,true
outward,6760,3.388,-1116.99536132812,link-3,true
outward,6761,4.4,-1116.99536132812,link-3,true
outward,6762,3.294,-1116.99536132812,link-3,true
outward,6763,4.159,-1117.48999023438,link-3,true
outward,6764,3.075,-1117.48999023438,link-3,true
outward,6765,4.14,-1117.48999023438,link-3,true
outward,6766,3.839,-1117.48999023438,link-3,true
outward,6767,3.999,-1117.98608398438,link-3,true
outward,6768,3.346,-1117.98608398438,link-3,true
outward,6769,3.054,-1117.98608398438,link-3,true
outward,6770,4.529,-1117.98608398438,link-3,true
outward,6771,3.695,-1117.98608398438,link-3,true
outward,6772,3.946,-1118.48168945312,link-3,true
outward,6773,2.985,-1118.48168945312,link-3,true
outward,6774,4.897,-1118.48168945312,link-3,true
outward,6775,3.32,-1118.48168945312,link-3,true
outward,6776,3.942,-1118.97680664062,link-3,true
outward,6777,3.676,-1118.97680664062,link-3,true
outward,6778,3.914,-1118.97680664062,link-3,true
outward,6779,3.456,-1118.97680664062,link-3,true
outward,6780,3.093,-1118.97680664062,link-3,true
outward,6781,4.595,-1119.47143554688,link-3,true
outward,6782,3.096,-1119.47143554688,link-3,true
outward,6783,4.063,-1119.47143554688,link-3,true
outward,6784,3.369,-1119.47143554688,link-3,true
outward,6785,4.285,-1119.96752929688,link-3,true
outward,6786,7.929,-1119.96752929688,link-3,true
outward,6787,2.501,-1119.96752929688,link-3,true
outward,6788,2.714,-1119.96752929688,link-3,true
outward,6789,3.761,-1120.46313476562,link-3,true
outward,6790,3.391,-1120.46313476562,link-3,true
outward,6791,3.491,-1120.46313476562,link-3,true
outward,6792,3.605,-1120.46313476562,link-3,true
outward,6793,3.487,-1120.46313476562,link-3,true
outward,6794,4.232,-1120.95825195312,link-3,true
outward,6795,3.213,-1120.95825195312,link-3,true
outward,6796,3.805,-1120.95825195312,link-3,true
outward,6797,3.625,-1120.95825195312,link-3,true
outward,6798,4.568,-1121.45288085938,link-3,true
outward,6799,4.694,-1121.45288085938,link-3,true
outward,6800,2.945,-1121.45288085938,link-3,true
outward,6801,3.296,-1121.45288085938,link-3,true
outward,6802,4.195,-1121.94897460938,link-3,true
outward,6803,2.98,-1121.94897460938,link-3,true
outward,6804,3.514,-1121.94897460938,link-3,true
outward,6805,4.556,-1121.94897460938,link-3,true
outward,6806,3.432,-1121.94897460938,link-3,true
outward,6807,3.777,-1122.44458007812,link-3,true
outward,6808,3.602,-1122.44458007812,link-3,true
outward,6809,4.049,-1122.44458007812,link-3,true
outward,6810,3.486,-1122.44458007812,link-3,true
outward,6811,4.08,-1122.93981933594,link-3,true
outward,6812,3.137,-1122.93981933594,link-3,true
outward,6813,3.471,-1122.93981933594,link-3,true
outward,6814,4.498,-1122.93981933594,link-3,true
outward,6815,3.388,-1122.93981933594,link-3,true
outward,6816,4.352,-1123.4345703125,link-3,true
outward,6817,2.862,-1123.4345703125,link-3,true
outward,6818,3.257,-1123.4345703125,link-3,true
outward,6819,3.366,-1123.4345703125,link-3,true
outward,6820,4.108,-1123.9306640625,link-3,true
outward,6821,3.048,-1123.9306640625,link-3,true
outward,6822,4.876,-1123.9306640625,link-3,true
outward,6823,3.271,-1123.9306640625,link-3,true
outward,6824,3.351,-1123.9306640625,link-3,true
outward,6825,4.42,-1124.42626953125,link-3,true
outward,6826,3.587,-1124.42626953125,link-3,true
outward,6827,3.518,-1124.42626953125,link-3,true
outward,6828,3.46,-1124.42626953125,link-3,true
outward,6829,3.928,-1124.92138671875,link-3,true
outward,6830,2.985,-1124.92138671875,link-3,true
outward,6831,4.974,-1124.92138671875,link-3,true
outward,6832,3.61,-1124.92138671875,link-3,true
outward,6833,3.053,-1124.92138671875,link-3,true
outward,6834,5.136,-1125.41613769531,link-3,true
outward,6835,3.591,-1125.41613769531,link-3,true
outward,6836,3.226,-1125.41613769531,link-3,true
outward,6837,3.633,-1125.41613769531,link-3,true
outward,6838,4.714,-1125.91223144531,link-3,true
outward,6839,7.26,-1125.91223144531,link-3,true
outward,6840,2.719,-1125.91223144531,link-3,true
outward,6841,3.508,-1125.91223144531,link-3,true
outward,6842,4.568,-1126.40783691406,link-3,true
outward,6843,2.995,-1126.40783691406,link-3,true
outward,6844,3.236,-1126.40783691406,link-3,true
outward,6845,3.36,-1126.40783691406,link-3,true
outward,6846,3.371,-1126.40783691406,link-3,true
outward,6847,4.474,-1126.90307617188,link-3,true
outward,6848,3.588,-1126.90307617188,link-3,true
outward,6849,3.621,-1126.90307617188,link-3,true
outward,6850,3.476,-1126.90307617188,link-3,true
outward,6851,4.161,-1127.39782714844,link-3,true
outward,6852,3.714,-1127.39782714844,link-3,true
outward,6853,3.81,-1127.39782714844,link-3,true
outward,6854,3.739,-1127.39782714844,link-3,true
outward,6855,3.295,-1127.39782714844,link-3,true
outward,6856,4.192,-1127.89392089844,link-3,true
outward,6857,3.963,-1127.89392089844,link-3,true
outward,6858,3.659,-1127.89392089844,link-3,true
outward,6859,3.395,-1127.89392089844,link-3,true
outward,6860,4.396,-1128.3896484375,link-3,true
outward,6861,4.213,-1128.3896484375,link-3,true
outward,6862,3.371,-1128.3896484375,link-3,true
outward,6863,3.286,-1128.3896484375,link-3,true
outward,6864,4.511,-1128.88488769531,link-3,true
outward,6865,3.42,-1128.88488769531,link-3,true
outward,6866,3.5,-1128.88488769531,link-3,true
outward,6867,3.647,-1128.88488769531,link-3,true
outward,6868,3.346,-1128.88488769531,link-3,true
outward,6869,4.357,-1129.37963867188,link-3,true
outward,6870,3.982,-1129.37963867188,link-3,true
outward,6871,3.511,-1129.37963867188,link-3,true
outward,6872,3.411,-1129.37963867188,link-3,true
outward,6873,4.543,-1129.87585449219,link-3,true
outward,6874,3.817,-1129.87585449219,link-3,true
outward,6875,3.536,-1129.87585449219,link-3,true
outward,6876,3.749,-1129.87585449219,link-3,true
outward,6877,3.414,-1129.87585449219,link-3,true
outward,6878,4.389,-1130.37158203125,link-3,true
outward,6879,3.968,-1130.37158203125,link-3,true
outward,6880,3.251,-1130.37158203125,link-3,true
outward,6881,3.312,-1130.37158203125,link-3,true
outward,6882,4.024,-1130.86682128906,link-3,true
outward,6883,14.281,-1130.86682128906,link-3,true
outward,6884,14.883,-1131.36169433594,link-3,true
outward,6885,17.881,-1131.85791015625,link-3,true
outward,6886,14.569,-1132.35363769531,link-3,true
outward,6887,17.866,-1132.84887695312,link-3,true
outward,6888,17.962,-1133.34362792969,link-3,true
outward,6889,14.461,-1133.83984375,link-3,true
outward,6890,17.864,-1134.33557128906,link-3,true
outward,6891,17.716,-1134.83093261719,link-3,true
outward,6892,14.934,-1135.32580566406,link-3,true
outward,6893,18.064,-1135.82202148438,link-3,true
outward,6894,17.434,-1136.31787109375,link-3,true
outward,6895,15.083,-1136.81323242188,link-3,true
outward,6896,18.271,-1137.30810546875,link-3,true
outward,6897,17.301,-1137.80444335938,link-3,true
outward,6898,15.147,-1138.30029296875,link-3,true
outward,6899,17.858,-1138.79565429688,link-3,true
outward,6900,17.494,-1139.29052734375,link-3,true
outward,6901,15.093,-1139.78686523438,link-3,true
outward,6902,18.315,-1140.28271484375,link-3,true
outward,6903,17.366,-1140.77807617188,link-3,true
outward,6904,14.996,-1141.27294921875,link-3,true
outward,6905,18.124,-1141.76928710938,link-3,true
outward,6906,17.477,-1142.26513671875,link-3,true
outward,6907,15.055,-1142.76049804688,link-3,true
outward,6908,18.279,-1143.25537109375,link-3,true
outward,6909,17.23,-1143.75170898438,link-3,true
outward,6910,15.385,-1144.24755859375,link-3,true
outward,6911,17.885,-1144.74291992188,link-3,true
outward,6912,17.263,-1145.23779296875,link-3,true
outward,6913,15.141,-1145.73413085938,link-3,true
outward,6914,17.971,-1146.22998046875,link-3,true
outward,6915,17.477,-1146.72534179688,link-3,true
outward,6916,14.976,-1147.22033691406,link-3,true
outward,6917,18.094,-1147.71667480469,link-3,true
outward,6918,17.348,-1148.21252441406,link-3,true
outward,6919,14.327,-1148.7080078125,link-3,true
outward,6920,20.47,-1149.20300292969,link-3,true
outward,6921,17.645,-1149.69934082031,link-3,true
outward,6922,15.084,-1150.19519042969,link-3,true
outward,6923,18.47,-1150.69067382812,link-3,true
outward,6924,17.705,-1151.18566894531,link-3,true
outward,6925,15.272,-1151.68017578125,link-3,true
outward,6926,17.962,-1152.17614746094,link-3,true
outward,6927,21.841,-1153.16662597656,link-3,true
outward,6928,14.322,-1153.6611328125,link-3,true
outward,6929,18.105,-1154.15710449219,link-3,true
outward,6930,17.739,-1154.65258789062,link-3,true
outward,6931,15.002,-1155.14770507812,link-3,true
outward,6932,18.227,-1155.64221191406,link-3,true
outward,6933,17.655,-1156.13818359375,link-3,true
outward,6934,14.867,-1156.6337890625,link-3,true
outward,6935,18.206,-1157.12890625,link-3,true
outward,6936,17.544,-1157.62353515625,link-3,true
outward,6937,15.392,-1158.11962890625,link-3,true
outward,6938,18.172,-1158.615234375,link-3,true
outward,6939,17.317,-1159.1103515625,link-3,true
outward,6940,14.846,-1159.60498046875,link-3,true
outward,6941,18.048,-1160.10107421875,link-3,true
outward,6942,17.341,-1160.5966796875,link-3,true
outward,6943,15.011,-1161.091796875,link-3,true
outward,6944,18.068,-1161.58642578125,link-3,true
outward,6945,17.36,-1162.08251953125,link-3,true
outward,6946,14.941,-1162.578125,link-3,true
outward,6947,17.908,-1163.0732421875,link-3,true
outward,6948,17.472,-1163.56787109375,link-3,true
outward,6949,14.891,-1164.06396484375,link-3,true
outward,6950,18.001,-1164.5595703125,link-3,true
outward,6951,17.247,-1165.0546875,link-3,true
outward,6952,15.191,-1165.54943847656,link-3,true
outward,6953,17.633,-1166.04553222656,link-3,true
outward,6954,17.158,-1166.54113769531,link-3,true
outward,6955,14.933,-1167.03625488281,link-3,true
outward,6956,17.959,-1167.53100585938,link-3,true
outward,6957,18.053,-1168.52465820312,link-3,true
outward,6958,14.219,-1169.02172851562,link-3,true
outward,6959,22.396,-1169.51831054688,link-3,true
outward,6960,14.483,-1170.01440429688,link-3,true
outward,6961,14.844,-1170.51000976562,link-3,true
outward,6962,18.203,-1171.00524902344,link-3,true
outward,6963,17.253,-1171.5,link-3,true
outward,6964,14.625,-1171.99621582031,link-3,true
outward,6965,18.057,-1172.49194335938,link-3,true
outward,6966,17.351,-1172.98718261719,link-3,true
outward,6967,14.748,-1173.48193359375,link-3,true
outward,6968,17.984,-1173.97814941406,link-3,true
outward,6969,17.235,-1174.47387695312,link-3,true
outward,6970,14.732,-1174.96911621094,link-3,true
outward,6971,18.039,-1175.46398925781,link-3,true
outward,6972,17.276,-1175.96020507812,link-3,true
outward,6973,15.072,-1176.45593261719,link-3,true
outward,6974,17.869,-1176.95129394531,link-3,true
outward,6975,17.076,-1177.44616699219,link-3,true
outward,6976,14.846,-1177.9423828125,link-3,true
outward,6977,18.056,-1178.43811035156,link-3,true
outward,6978,17.556,-1178.93347167969,link-3,true
outward,6979,14.83,-1179.42834472656,link-3,true
outward,6980,17.997,-1179.92468261719,link-3,true
outward,6981,17.376,-1180.42053222656,link-3,true
outward,6982,15.282,-1180.91589355469,link-3,true
outward,6983,18.136,-1181.41076660156,link-3,true
outward,6984,17.595,-1181.90710449219,link-3,true
outward,6985,15.166,-1182.40295410156,link-3,true
outward,6986,18.308,-1182.89831542969,link-3,true
outward,6987,17.496,-1183.39318847656,link-3,true
outward,6988,15.284,-1183.88952636719,link-3,true
outward,6989,17.663,-1184.38537597656,link-3,true
outward,6990,17.837,-1184.88073730469,link-3,true
outward,6991,16.807,-1185.37561035156,link-3,true
outward,6992,19.931,-1185.87194824219,link-3,true
outward,6993,14.118,-1186.36779785156,link-3,true
outward,6994,19.976,-1186.86315917969,link-3,true
outward,6995,16.169,-1187.35815429688,link-3,true
outward,6996,19.517,-1187.8544921875,link-3,true
outward,6997,17.571,-1188.35034179688,link-3,true
outward,6998,20.222,-1188.845703125,link-3,true
outward,6999,17.105,-1189.34069824219,link-3,true
outward,7000,17.633,-1190.33483886719,link-3,true
outward,7001,18.105,-1190.83215332031,link-3,true
outward,7002,19.14,-1191.32897949219,link-3,true
outward,7003,18.895,-1191.82531738281,link-3,true
outward,7004,20.326,-1192.32116699219,link-3,true
outward,7005,18.383,-1192.81665039062,link-3,true
outward,7006,14.72,-1193.31164550781,link-3,true
outward,7007,17.682,-1193.80798339844,link-3,true
outward,7008,20.607,-1194.30395507812,link-3,true
outward,7009,14.646,-1194.79943847656,link-3,true
outward,7010,17.386,-1195.29443359375,link-3,true
outward,7011,21.208,-1195.78894042969,link-3,true
outward,7012,14.194,-1196.28491210938,link-3,true
outward,7013,17.943,-1197.27551269531,link-3,true
outward,7014,20.634,-1197.77014160156,link-3,true
outward,7015,14.245,-1198.26611328125,link-3,true
outward,7016,21.985,-1198.76159667969,link-3,true
outward,7017,18.574,-1199.25671386719,link-3,true
outward,7018,13.682,-1199.75122070312,link-3,true
outward,7019,22.233,-1200.24719238281,link-3,true
outward,7020,14.177,-1200.74267578125,link-3,true
outward,7021,14.761,-1201.23779296875,link-3,true
outward,7022,17.817,-1201.732421875,link-3,true
outward,7023,17.229,-1202.228515625,link-3,true
outward,7024,14.773,-1202.72412109375,link-3,true
outward,7025,17.795,-1203.21923828125,link-3,true
outward,7026,17.168,-1203.7138671875,link-3,true
outward,7027,14.726,-1204.2099609375,link-3,true
outward,7028,17.573,-1204.70556640625,link-3,true
outward,7029,17.307,-1205.20068359375,link-3,true
outward,7030,14.866,-1205.6953125,link-3,true
outward,7031,17.912,-1206.19140625,link-3,true
outward,7032,17.192,-1206.68701171875,link-3,true
outward,7033,15.003,-1207.18212890625,link-3,true
outward,7034,18.099,-1207.6767578125,link-3,true
outward,7035,17.05,-1208.1728515625,link-3,true
outward,7036,15.149,-1208.66845703125,link-3,true
outward,7037,22.274,-1209.16357421875,link-3,true
outward,7038,17.542,-1209.65832519531,link-3,true
outward,7039,21.967,-1210.65197753906,link-3,true
outward,7040,15.345,-1211.14904785156,link-3,true
outward,7041,20.903,-1211.64562988281,link-3,true
outward,7042,15.109,-1212.14172363281,link-3,true
outward,7043,23.085,-1212.63745117188,link-3,true
outward,7044,14.992,-1213.13269042969,link-3,true
outward,7045,13.121,-1213.62744140625,link-3,true
outward,7046,19.343,-1214.12353515625,link-3,true
outward,7047,19.04,-1214.61926269531,link-3,true
outward,7048,15.035,-1215.11450195312,link-3,true
outward,7049,18.052,-1215.60925292969,link-3,true
outward,7050,17.472,-1216.10546875,link-3,true
outward,7051,14.954,-1216.60119628906,link-3,true
outward,7052,18.081,-1217.09643554688,link-3,true
outward,7053,17.47,-1217.59118652344,link-3,true
outward,7054,14.902,-1218.08740234375,link-3,true
outward,7055,18.051,-1218.58312988281,link-3,true
outward,7056,17.248,-1219.07836914062,link-3,true
outward,7057,15.043,-1219.57312011719,link-3,true
outward,7058,18.038,-1220.0693359375,link-3,true
outward,7059,17.193,-1220.56506347656,link-3,true
outward,7060,14.92,-1221.06030273438,link-3,true
outward,7061,17.916,-1221.55517578125,link-3,true
outward,7062,17.405,-1222.05139160156,link-3,true
outward,7063,15.0,-1222.54711914062,link-3,true
outward,7064,17.95,-1223.04248046875,link-3,true
outward,7065,17.327,-1223.53735351562,link-3,true
outward,7066,15.075,-1224.03356933594,link-3,true
outward,7067,17.859,-1224.52941894531,link-3,true
outward,7068,17.488,-1225.02478027344,link-3,true
outward,7069,14.991,-1225.51965332031,link-3,true
outward,7070,17.762,-1226.01586914062,link-3,true
outward,7071,17.208,-1226.51171875,link-3,true
outward,7072,14.888,-1227.00708007812,link-3,true
outward,7073,18.215,-1227.501953125,link-3,true
outward,7074,17.13,-1227.99829101562,link-3,true
outward,7075,14.979,-1228.494140625,link-3,true
outward,7076,17.987,-1228.98950195312,link-3,true
outward,7077,17.1,-1229.484375,link-3,true
outward,7078,14.9,-1229.98071289062,link-3,true
outward,7079,17.9,-1230.4765625,link-3,true
outward,7080,17.384,-1230.97192382812,link-3,true
outward,7081,15.002,-1231.46691894531,link-3,true
outward,7082,17.682,-1231.96325683594,link-3,true
outward,7083,17.642,-1232.45910644531,link-3,true
outward,7084,14.573,-1232.95446777344,link-3,true
outward,7085,17.878,-1233.44946289062,link-3,true
outward,7086,17.617,-1233.94580078125,link-3,true
outward,7087,14.641,-1234.44165039062,link-3,true
outward,7088,17.82,-1234.93713378906,link-3,true
outward,7089,17.315,-1235.43212890625,link-3,true
outward,7090,14.916,-1235.92846679688,link-3,true
outward,7091,17.864,-1236.42443847656,link-3,true
outward,7092,17.242,-1236.919921875,link-3,true
outward,7093,15.038,-1237.41491699219,link-3,true
outward,7094,17.943,-1237.91137695312,link-3,true
outward,7095,17.421,-1238.40734863281,link-3,true
outward,7096,14.911,-1238.90283203125,link-3,true
outward,7097,17.917,-1239.39782714844,link-3,true
outward,7098,17.261,-1239.89233398438,link-3,true
outward,7099,15.012,-1240.38830566406,link-3,true
outward,7100,18.034,-1240.8837890625,link-3,true
outward,7101,17.559,-1241.37878417969,link-3,true
outward,7102,14.655,-1241.87341308594,link-3,true
outward,7103,18.613,-1242.36938476562,link-3,true
outward,7104,16.699,-1242.86486816406,link-3,true
outward,7105,14.961,-1243.35998535156,link-3,true
outward,7106,17.946,-1243.85461425781,link-3,true
outward,7107,17.411,-1244.3505859375,link-3,true
outward,7108,15.022,-1244.84606933594,link-3,true
outward,7109,17.797,-1245.34118652344,link-3,true
outward,7110,17.541,-1245.83581542969,link-3,true
outward,7111,14.969,-1246.33190917969,link-3,true
outward,7112,17.931,-1246.82751464844,link-3,true
outward,7113,17.495,-1247.32263183594,link-3,true
outward,7114,14.997,-1247.81726074219,link-3,true
outward,7115,17.957,-1248.31335449219,link-3,true
outward,7116,17.406,-1248.80895996094,link-3,true
outward,7117,14.766,-1249.30407714844,link-3,true
outward,7118,17.824,-1249.79870605469,link-3,true
outward,7119,17.367,-1250.29479980469,link-3,true
outward,7120,14.973,-1250.79040527344,link-3,true
outward,7121,17.743,-1251.28552246094,link-3,true
outward,7122,17.494,-1251.78015136719,link-3,true
outward,7123,14.664,-1252.27624511719,link-3,true
outward,7124,18.23,-1252.77185058594,link-3,true
outward,7125,17.127,-1253.26696777344,link-3,true
outward,7126,14.919,-1253.76171875,link-3,true
outward,7127,17.933,-1254.2578125,link-3,true
outward,7128,17.173,-1254.75341796875,link-3,true
outward,7129,14.701,-1255.24865722656,link-3,true
outward,7130,18.008,-1255.74340820312,link-3,true
outward,7131,17.355,-1256.23950195312,link-3,true
outward,7132,14.849,-1256.73522949219,link-3,true
outward,7133,17.669,-1257.23046875,link-3,true
outward,7134,17.352,-1257.72521972656,link-3,true
outward,7135,14.964,-1258.22143554688,link-3,true
outward,7136,17.778,-1258.71716308594,link-3,true
outward,7137,17.197,-1259.21240234375,link-3,true
outward,7138,14.621,-1259.70715332031,link-3,true
outward,7139,17.637,-1260.20336914062,link-3,true
outward,7140,17.298,-1260.69909667969,link-3,true
outward,7141,14.585,-1261.1943359375,link-3,true
outward,7142,18.075,-1261.68908691406,link-3,true
outward,7143,17.001,-1262.18530273438,link-3,true
outward,7144,14.779,-1262.68103027344,link-3,true
outward,7145,17.862,-1263.17626953125,link-3,true
outward,7146,17.343,-1263.67114257812,link-3,true
outward,7147,14.725,-1264.16735839844,link-3,true
outward,7148,17.855,-1264.6630859375,link-3,true
outward,7149,17.398,-1265.15844726562,link-3,true
outward,7150,14.545,-1265.6533203125,link-3,true
outward,7151,17.86,-1266.14953613281,link-3,true
outward,7152,16.959,-1266.64526367188,link-3,true
outward,7153,14.868,-1267.140625,link-3,true
outward,7154,14.42,-1267.63549804688,link-3,true
outward,7155,17.856,-1268.13171386719,link-3,true
outward,7156,17.543,-1268.62756347656,link-3,true
outward,7157,14.677,-1269.12292480469,link-3,true
outward,7158,17.934,-1269.61779785156,link-3,true
outward,7159,17.286,-1270.11413574219,link-3,true
outward,7160,14.772,-1270.60998535156,link-3,true
outward,7161,17.813,-1271.10534667969,link-3,true
outward,7162,16.005,-1271.60021972656,link-3,true
outward,7163,3.782,-1272.09655761719,link-3,true
outward,7164,3.216,-1272.09655761719,link-3,true
outward,7165,5.078,-1272.09655761719,link-3,true
outward,7166,4.189,-1272.59240722656,link-3,true
outward,7167,2.673,-1272.59240722656,link-3,true
outward,7168,3.502,-1272.59240722656,link-3,true
outward,7169,3.191,-1272.59240722656,link-3,true
outward,7170,4.811,-1273.08776855469,link-3,true
outward,7171,3.273,-1273.08776855469,link-3,true
outward,7172,3.331,-1273.08776855469,link-3,true
outward,7173,3.321,-1273.08776855469,link-3,true
outward,7174,4.979,-1273.08776855469,link-3,true
outward,7175,4.128,-1273.58264160156,link-3,true
outward,7176,2.587,-1273.58264160156,link-3,true
outward,7177,3.646,-1273.58264160156,link-3,true
outward,7178,3.359,-1273.58264160156,link-3,true
outward,7179,5.254,-1274.07897949219,link-3,true
outward,7180,2.824,-1274.07897949219,link-3,true
outward,7181,3.156,-1274.07897949219,link-3,true
outward,7182,3.296,-1274.07897949219,link-3,true
outward,7183,5.011,-1274.07897949219,link-3,true
outward,7184,3.927,-1274.57482910156,link-3,true
outward,7185,2.94,-1274.57482910156,link-3,true
outward,7186,3.514,-1274.57482910156,link-3,true
outward,7187,3.317,-1274.57482910156,link-3,true
outward,7188,5.268,-1275.07019042969,link-3,true
outward,7189,2.63,-1275.07019042969,link-3,true
outward,7190,3.53,-1275.07019042969,link-3,true
outward,7191,3.446,-1275.07019042969,link-3,true
outward,7192,4.834,-1275.07019042969,link-3,true
outward,7193,4.469,-1275.56518554688,link-3,true
outward,7194,2.944,-1275.56518554688,link-3,true
outward,7195,3.17,-1275.56518554688,link-3,true
outward,7196,3.356,-1275.56518554688,link-3,true
outward,7197,5.125,-1276.0615234375,link-3,true
outward,7198,2.684,-1276.0615234375,link-3,true
outward,7199,3.383,-1276.0615234375,link-3,true
outward,7200,3.478,-1276.0615234375,link-3,true
outward,7201,4.802,-1276.0615234375,link-3,true
outward,7202,4.11,-1276.55737304688,link-3,true
outward,7203,2.771,-1276.55737304688,link-3,true
outward,7204,3.402,-1276.55737304688,link-3,true
outward,7205,3.431,-1276.55737304688,link-3,true
outward,7206,5.124,-1277.05285644531,link-3,true
outward,7207,2.768,-1277.05285644531,link-3,true
outward,7208,3.71,-1277.05285644531,link-3,true
outward,7209,3.193,-1277.05285644531,link-3,true
outward,7210,4.635,-1277.05285644531,link-3,true
outward,7211,4.276,-1277.5478515625,link-3,true
outward,7212,2.534,-1277.5478515625,link-3,true
outward,7213,3.633,-1277.5478515625,link-3,true
outward,7214,3.274,-1277.5478515625,link-3,true
outward,7215,4.183,-1277.5478515625,link-3,true
outward,7216,3.717,-1278.04418945312,link-3,true
outward,7217,3.29,-1278.04418945312,link-3,true
outward,7218,3.174,-1278.04418945312,link-3,true
outward,7219,5.0,-1278.04418945312,link-3,true
outward,7220,3.414,-1278.04418945312,link-3,true
outward,7221,4.179,-1278.5400390625,link-3,true
outward,7222,2.818,-1278.5400390625,link-3,true
outward,7223,3.396,-1278.5400390625,link-3,true
outward,7224,4.438,-1278.5400390625,link-3,true
outward,7225,3.361,-1278.5400390625,link-3,true
outward,7226,4.416,-1279.03552246094,link-3,true
outward,7227,3.029,-1279.03552246094,link-3,true
outward,7228,4.085,-1279.03552246094,link-3,true
outward,7229,3.639,-1279.03552246094,link-3,true
outward,7230,3.098,-1279.03552246094,link-3,true
outward,7231,4.517,-1279.53051757812,link-3,true
outward,7232,2.614,-1279.53051757812,link-3,true
outward,7233,4.245,-1279.53051757812,link-3,true
outward,7234,3.603,-1279.53051757812,link-3,true
outward,7235,3.205,-1279.53051757812,link-3,true
outward,7236,4.098,-1280.02685546875,link-3,true
outward,7237,4.041,-1280.02685546875,link-3,true
outward,7238,3.603,-1280.02685546875,link-3,true
outward,7239,3.172,-1280.02685546875,link-3,true
outward,7240,3.564,-1280.02685546875,link-3,true
outward,7241,4.154,-1280.52282714844,link-3,true
outward,7242,3.879,-1280.52282714844,link-3,true
outward,7243,3.547,-1280.52282714844,link-3,true
outward,7244,3.346,-1280.52282714844,link-3,true
outward,7245,4.136,-1281.01831054688,link-3,true
outward,7246,4.006,-1281.01831054688,link-3,true
outward,7247,3.487,-1281.01831054688,link-3,true
outward,7248,3.42,-1281.01831054688,link-3,true
outward,7249,3.606,-1281.01831054688,link-3,true
outward,7250,4.251,-1281.51330566406,link-3,true
outward,7251,3.889,-1281.51330566406,link-3,true
outward,7252,3.373,-1281.51330566406,link-3,true
outward,7253,3.161,-1281.51330566406,link-3,true
outward,7254,4.195,-1282.0078125,link-3,true
outward,7255,4.321,-1282.0078125,link-3,true
outward,7256,3.512,-1282.0078125,link-3,true
outward,7257,3.365,-1282.0078125,link-3,true
outward,7258,3.47,-1282.0078125,link-3,true
outward,7259,4.275,-1282.50378417969,link-3,true
outward,7260,3.385,-1282.50378417969,link-3,true
outward,7261,3.652,-1282.50378417969,link-3,true
outward,7262,3.124,-1282.50378417969,link-3,true
outward,7263,4.916,-1282.99926757812,link-3,true
outward,7264,3.33,-1282.99926757812,link-3,true
outward,7265,3.531,-1282.99926757812,link-3,true
outward,7266,3.382,-1282.99926757812,link-3,true
outward,7267,3.402,-1282.99926757812,link-3,true
outward,7268,4.221,-1283.49426269531,link-3,true
outward,7269,4.016,-1283.49426269531,link-3,true
outward,7270,3.224,-1283.49426269531,link-3,true
outward,7271,3.276,-1283.49426269531,link-3,true
outward,7272,4.77,-1283.98889160156,link-3,true
outward,7273,3.417,-1283.98889160156,link-3,true
outward,7274,3.459,-1283.98889160156,link-3,true
outward,7275,3.477,-1283.98889160156,link-3,true
outward,7276,3.479,-1283.98889160156,link-3,true
outward,7277,4.3,-1284.48486328125,link-3,true
outward,7278,3.788,-1284.48486328125,link-3,true
outward,7279,3.286,-1284.48486328125,link-3,true
outward,7280,4.116,-1284.48486328125,link-3,true
outward,7281,5.121,-1284.98034667969,link-3,true
outward,7282,7.122,-1284.98034667969,link-3,true
outward,7283,3.116,-1284.98034667969,link-3,true
outward,7284,3.32,-1284.98034667969,link-3,true
outward,7285,4.544,-1284.98034667969,link-3,true
outward,7286,4.041,-1285.47534179688,link-3,true
outward,7287,3.193,-1285.47534179688,link-3,true
outward,7288,5.827,-1285.47534179688,link-3,true
outward,7289,5.038,-1285.47534179688,link-3,true
outward,7290,4.352,-1285.96997070312,link-3,true
outward,7291,2.891,-1285.96997070312,link-3,true
outward,7292,4.085,-1285.96997070312,link-3,true
outward,7293,5.144,-1285.96997070312,link-3,true
outward,7294,3.546,-1286.46594238281,link-3,true
outward,7295,2.662,-1286.46594238281,link-3,true
outward,7296,2.457,-1286.46594238281,link-3,true
outward,7297,3.412,-1286.46594238281,link-3,true
outward,7298,5.512,-1286.96142578125,link-3,true
outward,7299,2.628,-1286.96142578125,link-3,true
outward,7300,3.352,-1286.96142578125,link-3,true
outward,7301,3.381,-1286.96142578125,link-3,true
outward,7302,7.467,-1287.45654296875,link-3,true
outward,7303,4.308,-1287.45654296875,link-3,true
outward,7304,3.192,-1287.45654296875,link-3,true
outward,7305,3.412,-1287.45654296875,link-3,true
outward,7306,5.112,-1287.951171875,link-3,true
outward,7307,3.035,-1287.951171875,link-3,true
outward,7308,2.483,-1287.951171875,link-3,true
outward,7309,3.77,-1287.951171875,link-3,true
outward,7310,5.281,-1288.44714355469,link-3,true
outward,7311,2.562,-1288.44714355469,link-3,true
outward,7312,3.522,-1288.44714355469,link-3,true
outward,7313,3.392,-1288.44714355469,link-3,true
outward,7314,3.921,-1288.94274902344,link-3,true
outward,7315,3.36,-1288.94274902344,link-3,true
outward,7316,4.188,-1288.94274902344,link-3,true
outward,7317,6.69,-1288.94274902344,link-3,true
outward,7318,3.514,-1289.43786621094,link-3,true
outward,7319,3.095,-1289.43786621094,link-3,true
outward,7320,3.459,-1289.43786621094,link-3,true
outward,7321,3.393,-1289.43786621094,link-3,true
outward,7322,5.817,-1289.93249511719,link-3,true
outward,7323,13.205,-1289.93249511719,link-3,true
outward,7324,14.863,-1290.42858886719,link-3,true
outward,7325,5.487,-1290.42858886719,link-3,true
outward,7326,3.477,-1290.42858886719,link-3,true
outward,7327,4.35,-1290.92419433594,link-3,true
outward,7328,5.634,-1290.92419433594,link-3,true
outward,7329,5.011,-1290.92419433594,link-3,true
outward,7330,4.073,-1291.41931152344,link-3,true
outward,7331,7.945,-1291.41931152344,link-3,true
outward,7332,8.471,-1291.41931152344,link-3,true
outward,7333,8.368,-1291.91394042969,link-3,true
outward,7334,6.794,-1291.91394042969,link-3,true
outward,7335,5.555,-1292.41003417969,link-3,true
outward,7336,6.24,-1292.41003417969,link-3,true
outward,7337,3.947,-1292.41003417969,link-3,true
outward,7338,3.262,-1292.90563964844,link-3,true
outward,7339,4.584,-1292.90563964844,link-3,true
outward,7340,3.423,-1292.90563964844,link-3,true
outward,7341,4.218,-1293.40075683594,link-3,true
outward,7342,2.646,-1293.40075683594,link-3,true
outward,7343,5.479,-1293.40075683594,link-3,true
outward,7344,6.755,-1293.89538574219,link-3,true
outward,7345,3.374,-1293.89538574219,link-3,true
outward,7346,3.405,-1293.89538574219,link-3,true
outward,7347,3.632,-1294.39147949219,link-3,true
outward,7348,5.438,-1294.39147949219,link-3,true
outward,7349,5.131,-1294.39147949219,link-3,true
outward,7350,6.268,-1294.88708496094,link-3,true
outward,7351,4.735,-1294.88708496094,link-3,true
outward,7352,2.939,-1294.88708496094,link-3,true
outward,7353,2.631,-1294.88708496094,link-3,true
outward,7354,4.463,-1295.38220214844,link-3,true
outward,7355,2.725,-1295.38220214844,link-3,true
outward,7356,3.034,-1295.38220214844,link-3,true
outward,7357,3.444,-1295.38220214844,link-3,true
outward,7358,6.138,-1295.876953125,link-3,true
outward,7359,4.333,-1295.876953125,link-3,true
outward,7360,3.236,-1295.876953125,link-3,true
outward,7361,3.059,-1295.876953125,link-3,true
outward,7362,3.592,-1295.876953125,link-3,true
outward,7363,4.395,-1296.373046875,link-3,true
outward,7364,6.69,-1296.373046875,link-3,true
outward,7365,6.463,-1296.373046875,link-3,true
outward,7366,5.438,-1296.373046875,link-3,true
outward,7367,7.207,-1296.86865234375,link-3,true
outward,7368,3.538,-1296.86865234375,link-3,true
outward,7369,3.966,-1296.86865234375,link-3,true
outward,7370,7.215,-1296.86865234375,link-3,true
outward,7371,4.646,-1297.36389160156,link-3,true
outward,7372,4.031,-1297.36389160156,link-3,true
outward,7373,6.246,-1297.36389160156,link-3,true
outward,7374,4.526,-1297.36389160156,link-3,true
outward,7375,6.436,-1297.85864257812,link-3,true
outward,7376,3.755,-1297.85864257812,link-3,true
outward,7377,3.116,-1297.85864257812,link-3,true
outward,7378,4.11,-1297.85864257812,link-3,true
outward,7379,4.652,-1298.35473632812,link-3,true
outward,7380,3.392,-1298.35473632812,link-3,true
outward,7381,4.203,-1298.35473632812,link-3,true
outward,7382,5.72,-1298.35473632812,link-3,true
outward,7383,3.161,-1298.85046386719,link-3,true
outward,7384,3.487,-1298.85046386719,link-3,true
outward,7385,3.616,-1298.85046386719,link-3,true
outward,7386,2.808,-1298.85046386719,link-3,true
outward,7387,5.269,-1299.345703125,link-3,true
outward,7388,3.014,-1299.345703125,link-3,true
outward,7389,2.675,-1299.345703125,link-3,true
outward,7390,3.838,-1299.345703125,link-3,true
outward,7391,5.402,-1299.84045410156,link-3,true
outward,7392,3.368,-1299.84045410156,link-3,true
outward,7393,3.522,-1299.84045410156,link-3,true
outward,7394,3.503,-1299.84045410156,link-3,true
outward,7395,4.725,-1300.33654785156,link-3,true
outward,7396,3.515,-1300.33654785156,link-3,true
outward,7397,2.971,-1300.33654785156,link-3,true
outward,7398,4.053,-1300.33654785156,link-3,true
outward,7399,4.699,-1300.83227539062,link-3,true
outward,7400,3.382,-1300.83227539062,link-3,true
outward,7401,3.414,-1300.83227539062,link-3,true
outward,7402,3.186,-1300.83227539062,link-3,true
outward,7403,4.251,-1301.32751464844,link-3,true
outward,7404,4.323,-1301.32751464844,link-3,true
outward,7405,3.187,-1301.32751464844,link-3,true
outward,7406,2.726,-1301.32751464844,link-3,true
outward,7407,3.229,-1301.32751464844,link-3,true
outward,7408,3.798,-1301.822265625,link-3,true
outward,7409,3.283,-1301.822265625,link-3,true
outward,7410,3.914,-1301.822265625,link-3,true
outward,7411,3.141,-1301.822265625,link-3,true
outward,7412,4.697,-1302.31848144531,link-3,true
outward,7413,4.016,-1302.31848144531,link-3,true
outward,7414,3.511,-1302.31848144531,link-3,true
outward,7415,3.05,-1302.31848144531,link-3,true
outward,7416,3.393,-1302.31848144531,link-3,true
outward,7417,4.355,-1302.81420898438,link-3,true
outward,7418,3.945,-1302.81420898438,link-3,true
outward,7419,3.461,-1302.81420898438,link-3,true
outward,7420,3.252,-1302.81420898438,link-3,true
outward,7421,4.642,-1303.30944824219,link-3,true
outward,7422,4.635,-1303.30944824219,link-3,true
outward,7423,3.985,-1303.30944824219,link-3,true
outward,7424,3.232,-1303.30944824219,link-3,true
outward,7425,2.987,-1303.30944824219,link-3,true
outward,7426,4.298,-1303.80419921875,link-3,true
outward,7427,3.414,-1303.80419921875,link-3,true
outward,7428,3.16,-1303.80419921875,link-3,true
outward,7429,3.406,-1303.80419921875,link-3,true
outward,7430,4.724,-1304.30041503906,link-3,true
outward,7431,3.334,-1304.30041503906,link-3,true
outward,7432,3.397,-1304.30041503906,link-3,true
outward,7433,3.19,-1304.30041503906,link-3,true
outward,7434,3.36,-1304.30041503906,link-3,true
outward,7435,4.413,-1304.79614257812,link-3,true
outward,7436,3.746,-1304.79614257812,link-3,true
outward,7437,3.471,-1304.79614257812,link-3,true
outward,7438,3.35,-1304.79614257812,link-3,true
outward,7439,4.645,-1305.29138183594,link-3,true
outward,7440,3.605,-1305.29138183594,link-3,true
outward,7441,3.323,-1305.29138183594,link-3,true
outward,7442,3.944,-1305.29138183594,link-3,true
outward,7443,2.774,-1305.29138183594,link-3,true
outward,7444,3.934,-1305.78625488281,link-3,true
outward,7445,3.963,-1305.78625488281,link-3,true
outward,7446,3.582,-1305.78625488281,link-3,true
outward,7447,3.28,-1305.78625488281,link-3,true
outward,7448,4.268,-1306.28247070312,link-3,true
outward,7449,3.068,-1306.28247070312,link-3,true
outward,7450,2.929,-1306.28247070312,link-3,true
outward,7451,5.265,-1306.28247070312,link-3,true
outward,7452,3.198,-1306.28247070312,link-3,true
outward,7453,3.788,-1306.77819824219,link-3,true
outward,7454,2.44,-1306.77819824219,link-3,true
outward,7455,3.375,-1306.77819824219,link-3,true
outward,7456,4.325,-1306.77819824219,link-3,true
outward,7457,5.385,-1307.2734375,link-3,true
outward,7458,3.581,-1307.2734375,link-3,true
outward,7459,4.242,-1307.2734375,link-3,true
outward,7460,3.663,-1307.2734375,link-3,true
outward,7461,3.55,-1307.2734375,link-3,true
outward,7462,4.223,-1307.76831054688,link-3,true
outward,7463,2.624,-1307.76831054688,link-3,true
outward,7464,3.564,-1307.76831054688,link-3,true
outward,7465,3.4,-1307.76831054688,link-3,true
outward,7466,5.283,-1308.26452636719,link-3,true
outward,7467,3.258,-1308.26452636719,link-3,true
outward,7468,2.723,-1308.26452636719,link-3,true
outward,7469,3.428,-1308.26452636719,link-3,true
outward,7470,3.318,-1308.26452636719,link-3,true
outward,7471,4.968,-1308.76025390625,link-3,true
outward,7472,2.703,-1308.76025390625,link-3,true
outward,7473,3.413,-1308.76025390625,link-3,true
outward,7474,5.823,-1308.76025390625,link-3,true
outward,7475,7.115,-1309.25561523438,link-3,true
outward,7476,2.26,-1309.25561523438,link-3,true
outward,7477,2.484,-1309.25561523438,link-3,true
outward,7478,3.237,-1309.25561523438,link-3,true
outward,7479,5.354,-1309.75048828125,link-3,true
outward,7480,2.724,-1309.75048828125,link-3,true
outward,7481,3.334,-1309.75048828125,link-3,true
outward,7482,3.574,-1309.75048828125,link-3,true
outward,7483,3.252,-1309.75048828125,link-3,true
outward,7484,5.108,-1310.24670410156,link-3,true
outward,7485,2.791,-1310.24670410156,link-3,true
outward,7486,3.348,-1310.24670410156,link-3,true
outward,7487,3.341,-1310.24670410156,link-3,true
outward,7488,4.905,-1310.74255371094,link-3,true
outward,7489,2.821,-1310.74255371094,link-3,true
outward,7490,3.414,-1310.74255371094,link-3,true
outward,7491,3.439,-1310.74255371094,link-3,true
outward,7492,3.443,-1310.74255371094,link-3,true
outward,7493,5.566,-1311.23791503906,link-3,true
outward,7494,2.652,-1311.23791503906,link-3,true
outward,7495,4.828,-1311.23791503906,link-3,true
outward,7496,3.196,-1311.23791503906,link-3,true
outward,7497,4.096,-1311.73278808594,link-3,true
outward,7498,2.831,-1311.73278808594,link-3,true
outward,7499,3.229,-1311.73278808594,link-3,true
outward,7500,3.676,-1311.73278808594,link-3,true
outward,7501,3.121,-1311.73278808594,link-3,true
outward,7502,5.946,-1312.22912597656,link-3,true
outward,7503,2.68,-1312.22912597656,link-3,true
outward,7504,3.227,-1312.22912597656,link-3,true
outward,7505,3.698,-1312.22912597656,link-3,true
outward,7506,5.285,-1312.72497558594,link-3,true
outward,7507,3.819,-1312.72497558594,link-3,true
outward,7508,2.815,-1312.72497558594,link-3,true
outward,7509,3.011,-1312.72497558594,link-3,true
outward,7510,3.27,-1312.72497558594,link-3,true
outward,7511,5.526,-1313.22033691406,link-3,true
outward,7512,3.186,-1313.22033691406,link-3,true
outward,7513,2.703,-1313.22033691406,link-3,true
outward,7514,3.466,-1313.22033691406,link-3,true
outward,7515,5.271,-1313.71520996094,link-3,true
outward,7516,4.702,-1313.71520996094,link-3,true
outward,7517,2.463,-1313.71520996094,link-3,true
outward,7518,3.251,-1313.71520996094,link-3,true
outward,7519,4.651,-1313.71520996094,link-3,true
outward,7520,4.188,-1314.21154785156,link-3,true
outward,7521,2.496,-1314.21154785156,link-3,true
outward,7522,4.267,-1314.21154785156,link-3,true
outward,7523,4.69,-1314.21154785156,link-3,true
outward,7524,7.119,-1314.70739746094,link-3,true
outward,7525,4.515,-1314.70739746094,link-3,true
outward,7526,6.059,-1314.70739746094,link-3,true
outward,7527,2.844,-1314.70739746094,link-3,true
outward,7528,3.449,-1315.20275878906,link-3,true
outward,7529,6.331,-1315.20275878906,link-3,true
outward,7530,4.379,-1315.20275878906,link-3,true
outward,7531,13.531,-1315.69763183594,link-3,true
outward,7532,4.974,-1315.69763183594,link-3,true
outward,7533,10.777,-1316.19396972656,link-3,true
outward,7534,17.869,-1316.68981933594,link-3,true
outward,7535,3.916,-1316.68981933594,link-3,true
outward,7536,4.001,-1317.18518066406,link-3,true
outward,7537,2.881,-1317.18518066406,link-3,true
outward,7538,3.779,-1317.68017578125,link-3,true
outward,7539,3.593,-1317.68017578125,link-3,true
outward,7540,3.162,-1317.68017578125,link-3,true
outward,7541,3.44,-1317.68017578125,link-3,true
outward,7542,4.618,-1318.17651367188,link-3,true
outward,7543,2.4,-1318.17651367188,link-3,true
outward,7544,4.612,-1318.17651367188,link-3,true
outward,7545,3.338,-1318.17651367188,link-3,true
outward,7546,3.366,-1318.17651367188,link-3,true
outward,7547,4.439,-1318.67236328125,link-3,true
outward,7548,2.941,-1318.67236328125,link-3,true
outward,7549,3.987,-1318.67236328125,link-3,true
outward,7550,3.155,-1318.67236328125,link-3,true
outward,7551,5.07,-1319.16772460938,link-3,true
outward,7552,13.51,-1319.16772460938,link-3,true
outward,7553,19.855,-1319.66271972656,link-3,true
outward,7554,13.592,-1319.66271972656,link-3,true
outward,7555,18.185,-1320.15905761719,link-3,true
outward,7556,19.31,-1321.150390625,link-3,true
outward,7557,14.254,-1321.64538574219,link-3,true
outward,7558,17.666,-1322.14172363281,link-3,true
outward,7559,16.999,-1322.6376953125,link-3,true
outward,7560,14.83,-1323.13317871094,link-3,true
outward,7561,17.706,-1323.62817382812,link-3,true
outward,7562,17.126,-1324.12268066406,link-3,true
outward,7563,14.53,-1324.61865234375,link-3,true
outward,7564,17.742,-1325.11413574219,link-3,true
outward,7565,17.347,-1325.60913085938,link-3,true
outward,7566,14.458,-1326.10363769531,link-3,true
outward,7567,17.824,-1326.599609375,link-3,true
outward,7568,17.012,-1327.09509277344,link-3,true
outward,7569,14.544,-1327.59008789062,link-3,true
outward,7570,17.45,-1328.08471679688,link-3,true
outward,7571,17.139,-1328.58068847656,link-3,true
outward,7572,14.375,-1329.076171875,link-3,true
outward,7573,17.704,-1329.5712890625,link-3,true
outward,7574,19.344,-1330.06591796875,link-3,true
outward,7575,12.772,-1330.56188964844,link-3,true
outward,7576,20.292,-1331.05749511719,link-3,true
outward,7577,14.175,-1331.55261230469,link-3,true
outward,7578,14.804,-1332.04724121094,link-3,true
outward,7579,17.637,-1332.54333496094,link-3,true
outward,7580,16.845,-1333.03894042969,link-3,true
outward,7581,15.401,-1333.53405761719,link-3,true
outward,7582,17.088,-1334.02868652344,link-3,true
outward,7583,17.087,-1334.52478027344,link-3,true
outward,7584,14.768,-1335.02038574219,link-3,true
outward,7585,17.794,-1335.51550292969,link-3,true
outward,7586,17.197,-1336.01013183594,link-3,true
outward,7587,14.797,-1336.50622558594,link-3,true
outward,7588,17.702,-1337.00183105469,link-3,true
outward,7589,17.071,-1337.49694824219,link-3,true
outward,7590,14.734,-1337.99169921875,link-3,true
outward,7591,17.787,-1338.48779296875,link-3,true
outward,7592,16.698,-1338.9833984375,link-3,true
outward,7593,14.667,-1339.47863769531,link-3,true
outward,7594,17.713,-1339.97338867188,link-3,true
outward,7595,17.22,-1340.46948242188,link-3,true
outward,7596,14.413,-1340.96508789062,link-3,true
outward,7597,17.636,-1341.46032714844,link-3,true
outward,7598,17.394,-1341.955078125,link-3,true
outward,7599,14.364,-1342.451171875,link-3,true
outward,7600,17.647,-1342.94689941406,link-3,true
outward,7601,17.137,-1343.44213867188,link-3,true
outward,7602,14.883,-1343.93688964844,link-3,true
outward,7603,17.6,-1344.43310546875,link-3,true
outward,7604,16.822,-1344.92883300781,link-3,true
outward,7605,14.801,-1345.42407226562,link-3,true
outward,7606,17.542,-1345.91882324219,link-3,true
outward,7607,17.07,-1346.4150390625,link-3,true
outward,7608,14.713,-1346.91076660156,link-3,true
outward,7609,17.715,-1347.40600585938,link-3,true
outward,7610,16.925,-1347.90075683594,link-3,true
outward,7611,14.829,-1348.39697265625,link-3,true
outward,7612,17.618,-1348.89270019531,link-3,true
outward,7613,17.025,-1349.38793945312,link-3,true
outward,7614,14.677,-1349.8828125,link-3,true
return,7655,0.582,-1350.0,link-3,true
return,7656,14.828,-1349.99816894531,link-3,true
return,7657,18.617,-1349.99450683594,link-3,true
return,7658,17.876,-1349.9892578125,link-3,true
return,7659,15.489,-1349.98229980469,link-3,true
return,7660,18.637,-1349.9736328125,link-3,true
return,7661,18.08,-1349.96325683594,link-3,true
return,7662,15.37,-1349.951171875,link-3,true
return,7663,18.38,-1349.93737792969,link-3,true
return,7664,22.324,-1349.90478515625,link-3,true
return,7665,14.5,-1349.88598632812,link-3,true
return,7666,23.043,-1349.86547851562,link-3,true
return,7667,18.931,-1349.84326171875,link-3,true
return,7668,19.811,-1349.8193359375,link-3,true
return,7669,20.181,-1349.79370117188,link-3,true
return,7670,15.614,-1349.76623535156,link-3,true
return,7671,18.377,-1349.73718261719,link-3,true
return,7672,22.001,-1349.70642089844,link-3,true
return,7673,14.751,-1349.67395019531,link-3,true
return,7674,23.447,-1349.60388183594,link-3,true
return,7675,18.606,-1349.56628417969,link-3,true
return,7676,19.237,-1349.52697753906,link-3,true
return,7677,20.22,-1349.48596191406,link-3,true
return,7678,15.674,-1349.44323730469,link-3,true
return,7679,18.425,-1349.39892578125,link-3,true
return,7680,22.541,-1349.30517578125,link-3,true
return,7681,13.992,-1349.25573730469,link-3,true
return,7682,23.166,-1349.20458984375,link-3,true
return,7683,18.709,-1349.15173339844,link-3,true
return,7684,19.799,-1349.09716796875,link-3,true
return,7685,15.486,-1349.04089355469,link-3,true
return,7686,18.709,-1348.92333984375,link-3,true
return,7687,17.518,-1348.86206054688,link-3,true
return,7688,15.435,-1348.79907226562,link-3,true
return,7689,18.514,-1348.734375,link-3,true
return,7690,21.697,-1348.66796875,link-3,true
return,7691,15.054,-1348.59985351562,link-3,true
return,7692,18.428,-1348.53002929688,link-3,true
return,7693,17.962,-1348.38525390625,link-3,true
return,7694,15.26,-1348.31042480469,link-3,true
return,7695,18.69,-1348.23388671875,link-3,true
return,7696,17.878,-1348.15563964844,link-3,true
return,7697,15.343,-1348.07568359375,link-3,true
return,7698,18.484,-1347.99401855469,link-3,true
return,7699,17.793,-1347.91064453125,link-3,true
return,7700,15.664,-1347.82556152344,link-3,true
return,7701,18.419,-1347.73876953125,link-3,true
return,7702,18.01,-1347.650390625,link-3,true
return,7703,15.394,-1347.56030273438,link-3,true
return,7704,18.634,-1347.46850585938,link-3,true
return,7705,17.805,-1347.375,link-3,true
return,7706,15.68,-1347.27978515625,link-3,true
return,7707,18.266,-1347.18286132812,link-3,true
return,7708,17.82,-1347.08422851562,link-3,true
return,7709,15.412,-1346.98400878906,link-3,true
return,7710,19.063,-1346.88208007812,link-3,true
return,7711,17.48,-1346.77844238281,link-3,true
return,7712,15.394,-1346.67309570312,link-3,true
return,7713,18.571,-1346.56604003906,link-3,true
return,7714,17.937,-1346.45739746094,link-3,true
return,7715,15.461,-1346.34704589844,link-3,true
return,7716,18.559,-1346.23510742188,link-3,true
return,7717,17.726,-1346.12145996094,link-3,true
return,7718,15.347,-1346.00610351562,link-3,true
return,7719,18.574,-1345.88903808594,link-3,true
return,7720,17.751,-1345.77026367188,link-3,true
return,7721,15.61,-1345.64978027344,link-3,true
return,7722,18.353,-1345.52770996094,link-3,true
return,7723,17.875,-1345.40393066406,link-3,true
return,7724,15.35,-1345.27844238281,link-3,true
return,7725,18.421,-1345.15124511719,link-3,true
return,7726,22.186,-1344.89172363281,link-3,true
return,7727,14.629,-1344.75952148438,link-3,true
return,7728,23.057,-1344.62561035156,link-3,true
return,7729,18.792,-1344.48999023438,link-3,true
return,7730,14.808,-1344.35266113281,link-3,true
return,7731,18.384,-1344.21374511719,link-3,true
return,7732,21.886,-1344.07312011719,link-3,true
return,7733,15.039,-1343.93090820312,link-3,true
return,7734,18.432,-1343.78698730469,link-3,true
return,7735,18.004,-1343.64135742188,link-3,true
return,7736,15.413,-1343.49401855469,link-3,true
return,7737,18.495,-1343.34497070312,link-3,true
return,7738,18.016,-1343.1943359375,link-3,true
return,7739,15.361,-1343.0419921875,link-3,true
return,7740,19.2,-1342.73217773438,link-3,true
return,7741,17.262,-1342.57482910156,link-3,true
return,7742,15.609,-1342.41589355469,link-3,true
return,7743,18.58,-1342.25524902344,link-3,true
return,7744,17.568,-1342.09289550781,link-3,true
return,7745,15.628,-1341.92883300781,link-3,true
return,7746,18.154,-1341.76318359375,link-3,true
return,7747,21.878,-1341.59582519531,link-3,true
return,7748,14.738,-1341.4267578125,link-3,true
return,7749,18.546,-1341.25598144531,link-3,true
return,7750,17.774,-1341.08361816406,link-3,true
return,7751,15.422,-1340.90966796875,link-3,true
return,7752,18.346,-1340.73400878906,link-3,true
return,7753,17.952,-1340.556640625,link-3,true
return,7754,15.257,-1340.37756347656,link-3,true
return,7755,18.325,-1340.19689941406,link-3,true
return,7756,17.749,-1340.01452636719,link-3,true
return,7757,15.411,-1339.83056640625,link-3,true
return,7758,18.036,-1339.64489746094,link-3,true
return,7759,22.173,-1339.26867675781,link-3,true
return,7760,14.447,-1339.07800292969,link-3,true
return,7761,23.318,-1338.88562011719,link-3,true
return,7762,14.457,-1338.69165039062,link-3,true
return,7763,20.008,-1338.49609375,link-3,true
return,7764,15.482,-1338.298828125,link-3,true
return,7765,18.488,-1338.09997558594,link-3,true
return,7766,21.87,-1337.8994140625,link-3,true
return,7767,14.758,-1337.69714355469,link-3,true
return,7768,18.353,-1337.49328613281,link-3,true
return,7769,21.668,-1337.28784179688,link-3,true
return,7770,15.192,-1337.08068847656,link-3,true
return,7771,18.454,-1336.66137695312,link-3,true
return,7772,21.404,-1336.44921875,link-3,true
return,7773,14.842,-1336.23547363281,link-3,true
return,7774,24.201,-1336.02014160156,link-3,true
return,7775,17.486,-1335.80310058594,link-3,true
return,7776,15.186,-1335.58435058594,link-3,true
return,7777,14.643,-1335.36413574219,link-3,true
return,7778,18.955,-1335.14221191406,link-3,true
return,7779,17.893,-1334.91857910156,link-3,true
return,7780,14.988,-1334.693359375,link-3,true
return,7781,18.254,-1334.46643066406,link-3,true
return,7782,18.022,-1334.23791503906,link-3,true
return,7783,15.304,-1334.0078125,link-3,true
return,7784,17.965,-1333.77600097656,link-3,true
return,7785,22.458,-1333.30749511719,link-3,true
return,7786,13.915,-1333.07080078125,link-3,true
return,7787,21.083,-1332.83239746094,link-3,true
return,7788,18.598,-1332.59240722656,link-3,true
return,7789,19.09,-1332.35083007812,link-3,true
return,7790,20.008,-1332.10754394531,link-3,true
return,7791,15.079,-1331.86267089844,link-3,true
return,7792,22.549,-1331.6162109375,link-3,true
return,7793,19.269,-1331.3681640625,link-3,true
return,7794,14.291,-1331.11840820312,link-3,true
return,7795,22.794,-1330.86694335938,link-3,true
return,7796,15.056,-1330.61401367188,link-3,true
return,7797,15.514,-1330.10314941406,link-3,true
return,7798,20.131,-1329.84533691406,link-3,true
return,7799,19.324,-1329.58581542969,link-3,true
return,7800,14.47,-1329.32470703125,link-3,true
return,7801,18.35,-1329.06201171875,link-3,true
return,7802,17.808,-1328.79772949219,link-3,true
return,7803,15.219,-1328.53173828125,link-3,true
return,7804,18.31,-1328.26428222656,link-3,true
return,7805,17.629,-1327.9951171875,link-3,true
return,7806,15.28,-1327.72424316406,link-3,true
return,7807,19.747,-1327.45190429688,link-3,true
return,7808,20.381,-1327.17785644531,link-3,true
return,7809,14.529,-1326.90222167969,link-3,true
return,7810,23.331,-1326.34619140625,link-3,true
return,7811,14.624,-1326.06567382812,link-3,true
return,7812,19.816,-1325.78369140625,link-3,true
return,7813,15.362,-1325.5,link-3,true
return,7814,18.447,-1325.21472167969,link-3,true
return,7815,17.621,-1324.92785644531,link-3,true
return,7816,15.407,-1324.63940429688,link-3,true
return,7817,18.537,-1324.34936523438,link-3,true
return,7818,17.525,-1324.05773925781,link-3,true
return,7819,15.479,-1323.76440429688,link-3,true
return,7820,18.276,-1323.46960449219,link-3,true
return,7821,21.833,-1323.17309570312,link-3,true
return,7822,14.698,-1322.87512207031,link-3,true
return,7823,23.424,-1322.27429199219,link-3,true
return,7824,14.163,-1321.97143554688,link-3,true
return,7825,24.135,-1321.6669921875,link-3,true
return,7826,14.682,-1321.36096191406,link-3,true
return,7827,18.585,-1321.05334472656,link-3,true
return,7828,14.517,-1320.744140625,link-3,true
return,7829,18.425,-1320.43334960938,link-3,true
return,7830,17.645,-1320.12109375,link-3,true
return,7831,15.396,-1319.80712890625,link-3,true
return,7832,18.471,-1319.49169921875,link-3,true
return,7833,17.751,-1319.17456054688,link-3,true
return,7834,15.437,-1318.85595703125,link-3,true
return,7835,18.141,-1318.53564453125,link-3,true
return,7836,17.779,-1318.2138671875,link-3,true
return,7837,15.531,-1317.89050292969,link-3,true
return,7838,18.268,-1317.56555175781,link-3,true
return,7839,17.87,-1317.23901367188,link-3,true
return,7840,15.223,-1316.91088867188,link-3,true
return,7841,18.346,-1316.58117675781,link-3,true
return,7842,17.904,-1316.25,link-3,true
return,7843,15.26,-1315.91711425781,link-3,true
return,7844,18.248,-1315.58276367188,link-3,true
return,7845,17.785,-1315.24682617188,link-3,true
return,7846,15.387,-1314.90930175781,link-3,true
return,7847,18.367,-1314.57019042969,link-3,true
return,7848,22.208,-1313.88732910156,link-3,true
return,7849,14.449,-1313.54357910156,link-3,true
return,7850,23.29,-1313.19836425781,link-3,true
return,7851,14.679,-1312.85144042969,link-3,true
return,7852,20.171,-1312.50305175781,link-3,true
return,7853,15.076,-1312.15307617188,link-3,true
return,7854,18.252,-1311.80151367188,link-3,true
return,7855,17.788,-1311.44836425781,link-3,true
return,7856,15.425,-1311.09375,link-3,true
return,7857,18.301,-1310.73754882812,link-3,true
return,7858,17.841,-1310.37976074219,link-3,true
return,7859,15.492,-1310.0205078125,link-3,true
return,7860,18.308,-1309.65966796875,link-3,true
return,7861,17.845,-1309.29724121094,link-3,true
return,7862,15.546,-1308.93334960938,link-3,true
return,7863,18.138,-1308.56787109375,link-3,true
return,7864,21.955,-1307.83227539062,link-3,true
return,7865,14.847,-1307.46215820312,link-3,true
return,7866,22.617,-1307.09057617188,link-3,true
return,7867,18.776,-1306.71740722656,link-3,true
return,7868,14.563,-1306.34265136719,link-3,true
return,7869,23.127,-1305.96643066406,link-3,true
return,7870,14.649,-1305.58874511719,link-3,true
return,7871,15.283,-1305.20947265625,link-3,true
return,7872,18.08,-1304.82861328125,link-3,true
return,7873,21.809,-1304.4462890625,link-3,true
return,7874,14.412,-1304.06237792969,link-3,true
return,7875,22.912,-1303.67700195312,link-3,true
return,7876,15.061,-1302.90173339844,link-3,true
return,7877,14.76,-1302.51171875,link-3,true
return,7878,18.181,-1302.12023925781,link-3,true
return,7879,17.483,-1301.72729492188,link-3,true
return,7880,18.351,-1301.33288574219,link-3,true
return,7881,15.193,-1300.93688964844,link-3,true
return,7882,18.144,-1300.53930664062,link-3,true
return,7883,14.663,-1300.14025878906,link-3,true
return,7884,18.146,-1299.73974609375,link-3,true
return,7885,17.561,-1299.33764648438,link-3,true
return,7886,15.217,-1298.93408203125,link-3,true
return,7887,18.286,-1298.52905273438,link-3,true
return,7888,17.842,-1298.12255859375,link-3,true
return,7889,15.085,-1297.71459960938,link-3,true
return,7890,18.084,-1297.30505371094,link-3,true
return,7891,17.656,-1296.89392089844,link-3,true
return,7892,15.038,-1296.48132324219,link-3,true
return,7893,9.719,-1296.06726074219,link-3,true
return,7894,3.331,-1296.06726074219,link-3,true
return,7895,3.573,-1296.06726074219,link-3,true
return,7896,4.289,-1295.65173339844,link-3,true
return,7897,3.146,-1295.65173339844,link-3,true
return,7898,4.277,-1295.65173339844,link-3,true
return,7899,3.626,-1295.65173339844,link-3,true
return,7900,4.41,-1295.23474121094,link-3,true
return,7901,3.445,-1295.23474121094,link-3,true
return,7902,3.96,-1295.23474121094,link-3,true
return,7903,3.499,-1295.23474121094,link-3,true
return,7904,3.408,-1295.23474121094,link-3,true
return,7905,4.161,-1294.81616210938,link-3,true
return,7906,3.901,-1294.81616210938,link-3,true
return,7907,3.802,-1294.81616210938,link-3,true
return,7908,3.108,-1294.81616210938,link-3,true
return,7909,4.364,-1294.39611816406,link-3,true
return,7910,3.955,-1294.39611816406,link-3,true
return,7911,3.647,-1294.39611816406,link-3,true
return,7912,3.31,-1294.39611816406,link-3,true
return,7913,3.503,-1294.39611816406,link-3,true
return,7914,4.574,-1293.974609375,link-3,true
return,7915,4.814,-1293.974609375,link-3,true
return,7916,3.32,-1293.974609375,link-3,true
return,7917,3.516,-1293.974609375,link-3,true
return,7918,4.322,-1293.55163574219,link-3,true
return,7919,3.938,-1293.55163574219,link-3,true
return,7920,3.48,-1293.55163574219,link-3,true
return,7921,3.69,-1293.55163574219,link-3,true
return,7922,3.108,-1293.55163574219,link-3,true
return,7923,4.238,-1293.12719726562,link-3,true
return,7924,4.441,-1293.12719726562,link-3,true
return,7925,3.54,-1293.12719726562,link-3,true
return,7926,3.448,-1293.12719726562,link-3,true
return,7927,4.932,-1292.70129394531,link-3,true
return,7928,3.903,-1292.70129394531,link-3,true
return,7929,3.584,-1292.70129394531,link-3,true
return,7930,3.421,-1292.70129394531,link-3,true
return,7931,3.498,-1292.70129394531,link-3,true
return,7932,4.687,-1292.27392578125,link-3,true
return,7933,3.215,-1292.27392578125,link-3,true
return,7934,3.24,-1292.27392578125,link-3,true
return,7935,3.647,-1292.27392578125,link-3,true
return,7936,4.184,-1291.84497070312,link-3,true
return,7937,4.046,-1291.84497070312,link-3,true
return,7938,3.52,-1291.84497070312,link-3,true
return,7939,3.281,-1291.84497070312,link-3,true
return,7940,3.594,-1291.84497070312,link-3,true
return,7941,5.495,-1291.41455078125,link-3,true
return,7942,2.903,-1291.41455078125,link-3,true
return,7943,3.498,-1291.41455078125,link-3,true
return,7944,3.609,-1291.41455078125,link-3,true
return,7945,4.276,-1290.98266601562,link-3,true
return,7946,4.133,-1290.98266601562,link-3,true
return,7947,3.354,-1290.98266601562,link-3,true
return,7948,3.531,-1290.98266601562,link-3,true
return,7949,3.63,-1290.98266601562,link-3,true
return,7950,5.573,-1290.54931640625,link-3,true
return,7951,3.185,-1290.54931640625,link-3,true
return,7952,3.11,-1290.54931640625,link-3,true
return,7953,3.488,-1290.54931640625,link-3,true
return,7954,5.186,-1290.11450195312,link-3,true
return,7955,3.213,-1290.11450195312,link-3,true
return,7956,2.97,-1290.11450195312,link-3,true
return,7957,3.524,-1290.11450195312,link-3,true
return,7958,3.537,-1290.11450195312,link-3,true
return,7959,5.709,-1289.67822265625,link-3,true
return,7960,3.631,-1289.67822265625,link-3,true
return,7961,3.364,-1289.67822265625,link-3,true
return,7962,3.033,-1289.67822265625,link-3,true
return,7963,5.61,-1289.24047851562,link-3,true
return,7964,3.657,-1289.24047851562,link-3,true
return,7965,2.909,-1289.24047851562,link-3,true
return,7966,3.599,-1289.24047851562,link-3,true
return,7967,3.348,-1289.24047851562,link-3,true
return,7968,5.029,-1288.80126953125,link-3,true
return,7969,3.167,-1288.80126953125,link-3,true
return,7970,2.85,-1288.80126953125,link-3,true
return,7971,3.435,-1288.80126953125,link-3,true
return,7972,5.854,-1288.36059570312,link-3,true
return,7973,3.044,-1288.36059570312,link-3,true
return,7974,3.044,-1288.36059570312,link-3,true
return,7975,3.596,-1288.36059570312,link-3,true
return,7976,4.549,-1288.36059570312,link-3,true
return,7977,4.678,-1287.91845703125,link-3,true
return,7978,3.037,-1287.91845703125,link-3,true
return,7979,2.962,-1287.91845703125,link-3,true
return,7980,3.729,-1287.91845703125,link-3,true
return,7981,5.335,-1287.47485351562,link-3,true
return,7982,3.246,-1287.47485351562,link-3,true
return,7983,3.599,-1287.47485351562,link-3,true
return,7984,2.893,-1287.47485351562,link-3,true
return,7985,5.692,-1287.02978515625,link-3,true
return,7986,3.09,-1287.02978515625,link-3,true
return,7987,3.254,-1287.02978515625,link-3,true
return,7988,3.55,-1287.02978515625,link-3,true
return,7989,3.589,-1287.02978515625,link-3,true
return,7990,4.706,-1286.58325195312,link-3,true
return,7991,3.298,-1286.58325195312,link-3,true
return,7992,3.09,-1286.58325195312,link-3,true
return,7993,3.524,-1286.58325195312,link-3,true
return,7994,5.917,-1286.13525390625,link-3,true
return,7995,3.23,-1286.13525390625,link-3,true
return,7996,2.777,-1286.13525390625,link-3,true
return,7997,3.691,-1286.13525390625,link-3,true
return,7998,3.367,-1286.13525390625,link-3,true
return,7999,5.138,-1285.68579101562,link-3,true
return,8000,3.414,-1285.68579101562,link-3,true
return,8001,3.224,-1285.68579101562,link-3,true
return,8002,3.262,-1285.68579101562,link-3,true
return,8003,5.24,-1285.23486328125,link-3,true
return,8004,3.156,-1285.23486328125,link-3,true
return,8005,3.19,-1285.23486328125,link-3,true
return,8006,3.597,-1285.23486328125,link-3,true
return,8007,6.18,-1284.78247070312,link-3,true
return,8008,3.759,-1284.78247070312,link-3,true
return,8009,3.025,-1284.78247070312,link-3,true
return,8010,3.151,-1284.78247070312,link-3,true
return,8011,4.544,-1284.78247070312,link-3,true
return,8012,4.141,-1284.32849121094,link-3,true
return,8013,2.778,-1284.32849121094,link-3,true
return,8014,3.752,-1284.32849121094,link-3,true
return,8015,3.373,-1284.32849121094,link-3,true
return,8016,6.28,-1283.87316894531,link-3,true
return,8017,3.483,-1283.87316894531,link-3,true
return,8018,3.36,-1283.87316894531,link-3,true
return,8019,3.229,-1283.87316894531,link-3,true
return,8020,5.101,-1283.41650390625,link-3,true
return,8021,3.128,-1283.41650390625,link-3,true
return,8022,3.096,-1283.41650390625,link-3,true
return,8023,3.514,-1283.41650390625,link-3,true
return,8024,3.471,-1283.41650390625,link-3,true
return,8025,5.293,-1282.95837402344,link-3,true
return,8026,3.559,-1282.95837402344,link-3,true
return,8027,2.982,-1282.95837402344,link-3,true
return,8028,3.588,-1282.95837402344,link-3,true
return,8029,5.159,-1282.49877929688,link-3,true
return,8030,3.386,-1282.49877929688,link-3,true
return,8031,2.996,-1282.49877929688,link-3,true
return,8032,3.592,-1282.49877929688,link-3,true
return,8033,5.995,-1282.03771972656,link-3,true
return,8034,3.341,-1282.03771972656,link-3,true
return,8035,3.112,-1282.03771972656,link-3,true
return,8036,3.512,-1282.03771972656,link-3,true
return,8037,3.339,-1282.03771972656,link-3,true
return,8038,5.585,-1281.5751953125,link-3,true
return,8039,2.976,-1281.5751953125,link-3,true
return,8040,3.222,-1281.5751953125,link-3,true
return,8041,3.471,-1281.5751953125,link-3,true
return,8042,5.506,-1281.11120605469,link-3,true
return,8043,2.912,-1281.11120605469,link-3,true
return,8044,3.206,-1281.11120605469,link-3,true
return,8045,3.603,-1281.11120605469,link-3,true
return,8046,4.595,-1281.11120605469,link-3,true
return,8047,4.175,-1280.64575195312,link-3,true
return,8048,3.002,-1280.64575195312,link-3,true
return,8049,3.538,-1280.64575195312,link-3,true
return,8050,3.614,-1280.64575195312,link-3,true
return,8051,5.216,-1280.17895507812,link-3,true
return,8052,2.512,-1280.17895507812,link-3,true
return,8053,3.614,-1280.17895507812,link-3,true
return,8054,3.6,-1280.17895507812,link-3,true
return,8055,4.352,-1280.17895507812,link-3,true
return,8056,4.523,-1279.71069335938,link-3,true
return,8057,2.828,-1279.71069335938,link-3,true
return,8058,3.497,-1279.71069335938,link-3,true
return,8059,3.272,-1279.71069335938,link-3,true
return,8060,5.52,-1279.24096679688,link-3,true
return,8061,2.903,-1279.24096679688,link-3,true
return,8062,3.624,-1279.24096679688,link-3,true
return,8063,3.264,-1279.24096679688,link-3,true
return,8064,5.87,-1278.76977539062,link-3,true
return,8065,3.116,-1278.76977539062,link-3,true
return,8066,3.16,-1278.76977539062,link-3,true
return,8067,6.577,-1278.76977539062,link-3,true
return,8068,3.703,-1278.29711914062,link-3,true
return,8069,3.007,-1278.29711914062,link-3,true
return,8070,2.682,-1278.29711914062,link-3,true
return,8071,3.339,-1278.29711914062,link-3,true
return,8072,3.035,-1278.29711914062,link-3,true
return,8073,5.076,-1277.82299804688,link-3,true
return,8074,3.292,-1277.82299804688,link-3,true
return,8075,4.103,-1277.82299804688,link-3,true
return,8076,3.371,-1277.82299804688,link-3,true
return,8077,4.335,-1277.34753417969,link-3,true
return,8078,3.492,-1277.34753417969,link-3,true
return,8079,2.909,-1277.34753417969,link-3,true
return,8080,3.447,-1277.34753417969,link-3,true
return,8081,3.822,-1277.34753417969,link-3,true
return,8082,5.056,-1276.87060546875,link-3,true
return,8083,3.289,-1276.87060546875,link-3,true
return,8084,3.256,-1276.87060546875,link-3,true
return,8085,3.468,-1276.87060546875,link-3,true
return,8086,5.922,-1276.39221191406,link-3,true
return,8087,3.164,-1276.39221191406,link-3,true
return,8088,3.219,-1276.39221191406,link-3,true
return,8089,3.675,-1276.39221191406,link-3,true
return,8090,5.835,-1275.91247558594,link-3,true
return,8091,4.281,-1275.91247558594,link-3,true
return,8092,4.148,-1275.91247558594,link-3,true
return,8093,4.197,-1275.91247558594,link-3,true
return,8094,4.566,-1275.43127441406,link-3,true
return,8095,3.625,-1275.43127441406,link-3,true
return,8096,4.843,-1275.43127441406,link-3,true
return,8097,5.157,-1275.43127441406,link-3,true
return,8098,4.51,-1274.94873046875,link-3,true
return,8099,3.402,-1274.94873046875,link-3,true
return,8100,3.175,-1274.94873046875,link-3,true
return,8101,3.089,-1274.94873046875,link-3,true
return,8102,3.718,-1274.94873046875,link-3,true
return,8103,4.225,-1274.46472167969,link-3,true
return,8104,2.971,-1274.46472167969,link-3,true
return,8105,3.3,-1274.46472167969,link-3,true
return,8106,3.579,-1274.46472167969,link-3,true
return,8107,5.39,-1273.97924804688,link-3,true
return,8108,3.634,-1273.97924804688,link-3,true
return,8109,3.044,-1273.97924804688,link-3,true
return,8110,3.137,-1273.97924804688,link-3,true
return,8111,5.434,-1273.49230957031,link-3,true
return,8112,3.117,-1273.49230957031,link-3,true
return,8113,3.088,-1273.49230957031,link-3,true
return,8114,3.745,-1273.49230957031,link-3,true
return,8115,3.483,-1273.49230957031,link-3,true
return,8116,5.172,-1273.00402832031,link-3,true
return,8117,2.866,-1273.00402832031,link-3,true
return,8118,3.193,-1273.00402832031,link-3,true
return,8119,3.532,-1273.00402832031,link-3,true
return,8120,5.496,-1272.51440429688,link-3,true
return,8121,3.01,-1272.51440429688,link-3,true
return,8122,3.207,-1272.51440429688,link-3,true
return,8123,3.536,-1272.51440429688,link-3,true
return,8124,4.708,-1272.51440429688,link-3,true
return,8125,4.469,-1272.02331542969,link-3,true
return,8126,3.155,-1272.02331542969,link-3,true
return,8127,3.375,-1272.02331542969,link-3,true
return,8128,3.738,-1272.02331542969,link-3,true
return,8129,4.894,-1271.53076171875,link-3,true
return,8130,2.941,-1271.53076171875,link-3,true
return,8131,3.534,-1271.53076171875,link-3,true
return,8132,3.491,-1271.53076171875,link-3,true
return,8133,5.789,-1271.03686523438,link-3,true
return,8134,3.602,-1271.03686523438,link-3,true
return,8135,3.046,-1271.03686523438,link-3,true
return,8136,3.69,-1271.03686523438,link-3,true
return,8137,4.85,-1271.03686523438,link-3,true
return,8138,4.212,-1270.54150390625,link-3,true
return,8139,3.162,-1270.54150390625,link-3,true
return,8140,3.274,-1270.54150390625,link-3,true
return,8141,3.081,-1270.54150390625,link-3,true
return,8142,5.491,-1270.04663085938,link-3,true
return,8143,2.861,-1270.04663085938,link-3,true
return,8144,3.502,-1270.04663085938,link-3,true
return,8145,3.719,-1270.04663085938,link-3,true
return,8146,5.286,-1269.55029296875,link-3,true
return,8147,3.468,-1269.55029296875,link-3,true
return,8148,2.967,-1269.55029296875,link-3,true
return,8149,3.654,-1269.55029296875,link-3,true
return,8150,3.663,-1269.55029296875,link-3,true
return,8151,4.959,-1269.05444335938,link-3,true
return,8152,3.35,-1269.05444335938,link-3,true
return,8153,3.356,-1269.05444335938,link-3,true
return,8154,3.299,-1269.05444335938,link-3,true
return,8155,5.629,-1268.55908203125,link-3,true
return,8156,3.03,-1268.55908203125,link-3,true
return,8157,2.941,-1268.55908203125,link-3,true
return,8158,3.642,-1268.55908203125,link-3,true
return,8159,6.261,-1268.06420898438,link-3,true
return,8160,3.374,-1268.06420898438,link-3,true
return,8161,3.343,-1268.06420898438,link-3,true
return,8162,3.276,-1268.06420898438,link-3,true
return,8163,4.214,-1268.06420898438,link-3,true
return,8164,4.359,-1267.56787109375,link-3,true
return,8165,2.83,-1267.56787109375,link-3,true
return,8166,3.625,-1267.56787109375,link-3,true
return,8167,3.524,-1267.56787109375,link-3,true
return,8168,5.341,-1267.07202148438,link-3,true
return,8169,2.885,-1267.07202148438,link-3,true
return,8170,3.35,-1267.07202148438,link-3,true
return,8171,3.551,-1267.07202148438,link-3,true
return,8172,6.127,-1266.57666015625,link-3,true
return,8173,3.079,-1266.57666015625,link-3,true
return,8174,3.239,-1266.57666015625,link-3,true
return,8175,3.736,-1266.57666015625,link-3,true
return,8176,3.311,-1266.57666015625,link-3,true
return,8177,5.1,-1266.08178710938,link-3,true
return,8178,3.504,-1266.08178710938,link-3,true
return,8179,3.581,-1266.08178710938,link-3,true
return,8180,3.539,-1266.08178710938,link-3,true
return,8181,4.623,-1265.58544921875,link-3,true
return,8182,2.742,-1265.58544921875,link-3,true
return,8183,3.532,-1265.58544921875,link-3,true
return,8184,3.535,-1265.58544921875,link-3,true
return,8185,5.45,-1265.58544921875,link-3,true
return,8186,4.23,-1265.08959960938,link-3,true
return,8187,2.706,-1265.08959960938,link-3,true
return,8188,3.498,-1265.08959960938,link-3,true
return,8189,3.708,-1265.08959960938,link-3,true
return,8190,5.094,-1264.59423828125,link-3,true
return,8191,2.845,-1264.59423828125,link-3,true
return,8192,3.358,-1264.59423828125,link-3,true
return,8193,3.468,-1264.59423828125,link-3,true
return,8194,5.956,-1264.09936523438,link-3,true
return,8195,3.018,-1264.09936523438,link-3,true
return,8196,3.302,-1264.09936523438,link-3,true
return,8197,3.739,-1264.09936523438,link-3,true
return,8198,5.937,-1263.60302734375,link-3,true
return,8199,2.95,-1263.60302734375,link-3,true
return,8200,3.467,-1263.60302734375,link-3,true
return,8201,3.536,-1263.60302734375,link-3,true
return,8202,4.383,-1263.60302734375,link-3,true
return,8203,4.737,-1263.10717773438,link-3,true
return,8204,3.302,-1263.10717773438,link-3,true
return,8205,3.266,-1263.10717773438,link-3,true
return,8206,3.643,-1263.10717773438,link-3,true
return,8207,4.977,-1262.61181640625,link-3,true
return,8208,3.147,-1262.61181640625,link-3,true
return,8209,3.211,-1262.61181640625,link-3,true
return,8210,3.401,-1262.61181640625,link-3,true
return,8211,5.164,-1262.61181640625,link-3,true
return,8212,4.342,-1262.11682128906,link-3,true
return,8213,2.709,-1262.11682128906,link-3,true
return,8214,3.39,-1262.11682128906,link-3,true
return,8215,3.643,-1262.11682128906,link-3,true
return,8216,5.247,-1261.62048339844,link-3,true
return,8217,3.35,-1261.62048339844,link-3,true
return,8218,3.337,-1261.62048339844,link-3,true
return,8219,2.969,-1261.62048339844,link-3,true
return,8220,5.433,-1261.12463378906,link-3,true
return,8221,3.274,-1261.12463378906,link-3,true
return,8222,3.31,-1261.12463378906,link-3,true
return,8223,3.431,-1261.12463378906,link-3,true
return,8224,5.263,-1261.12463378906,link-3,true
return,8225,4.213,-1260.62927246094,link-3,true
return,8226,2.996,-1260.62927246094,link-3,true
return,8227,3.439,-1260.62927246094,link-3,true
return,8228,3.475,-1260.62927246094,link-3,true
return,8229,5.074,-1260.13427734375,link-3,true
return,8230,3.117,-1260.13427734375,link-3,true
return,8231,3.272,-1260.13427734375,link-3,true
return,8232,3.39,-1260.13427734375,link-3,true
return,8233,5.919,-1259.63793945312,link-3,true
return,8234,3.384,-1259.63793945312,link-3,true
return,8235,2.997,-1259.63793945312,link-3,true
return,8236,3.183,-1259.63793945312,link-3,true
return,8237,5.194,-1259.63793945312,link-3,true
return,8238,4.377,-1259.14208984375,link-3,true
return,8239,3.034,-1259.14208984375,link-3,true
return,8240,3.327,-1259.14208984375,link-3,true
return,8241,3.323,-1259.14208984375,link-3,true
return,8242,5.281,-1258.64660644531,link-3,true
return,8243,3.303,-1258.64660644531,link-3,true
return,8244,2.822,-1258.64660644531,link-3,true
return,8245,3.574,-1258.64660644531,link-3,true
return,8246,5.843,-1258.15161132812,link-3,true
return,8247,3.172,-1258.15161132812,link-3,true
return,8248,3.188,-1258.15161132812,link-3,true
return,8249,3.502,-1258.15161132812,link-3,true
return,8250,4.503,-1258.15161132812,link-3,true
return,8251,4.298,-1257.6552734375,link-3,true
return,8252,2.839,-1257.6552734375,link-3,true
return,8253,3.417,-1257.6552734375,link-3,true
return,8254,3.509,-1257.6552734375,link-3,true
return,8255,5.393,-1257.15930175781,link-3,true
return,8256,3.193,-1257.15930175781,link-3,true
return,8257,3.404,-1257.15930175781,link-3,true
return,8258,3.468,-1257.15930175781,link-3,true
return,8259,5.952,-1256.66381835938,link-3,true
return,8260,3.02,-1256.66381835938,link-3,true
return,8261,3.08,-1256.66381835938,link-3,true
return,8262,3.749,-1256.66381835938,link-3,true
return,8263,4.423,-1256.66381835938,link-3,true
return,8264,4.561,-1256.16882324219,link-3,true
return,8265,3.085,-1256.16882324219,link-3,true
return,8266,3.371,-1256.16882324219,link-3,true
return,8267,3.456,-1256.16882324219,link-3,true
return,8268,5.441,-1255.67419433594,link-3,true
return,8269,3.145,-1255.67419433594,link-3,true
return,8270,3.207,-1255.67419433594,link-3,true
return,8271,3.479,-1255.67419433594,link-3,true
return,8272,6.44,-1255.17822265625,link-3,true
return,8273,3.385,-1255.17822265625,link-3,true
return,8274,3.096,-1255.17822265625,link-3,true
return,8275,3.519,-1255.17822265625,link-3,true
return,8276,2.897,-1255.17822265625,link-3,true
return,8277,4.177,-1254.68273925781,link-3,true
return,8278,3.511,-1254.68273925781,link-3,true
return,8279,3.018,-1254.68273925781,link-3,true
return,8280,4.762,-1254.68273925781,link-3,true
return,8281,4.387,-1254.18762207031,link-3,true
return,8282,2.963,-1254.18762207031,link-3,true
return,8283,2.905,-1254.18762207031,link-3,true
return,8284,5.057,-1254.18762207031,link-3,true
return,8285,3.576,-1254.18762207031,link-3,true
return,8286,4.534,-1253.69299316406,link-3,true
return,8287,3.803,-1253.69299316406,link-3,true
return,8288,3.829,-1253.69299316406,link-3,true
return,8289,3.865,-1253.69299316406,link-3,true
return,8290,4.029,-1253.19702148438,link-3,true
return,8291,3.392,-1253.19702148438,link-3,true
return,8292,3.722,-1253.19702148438,link-3,true
return,8293,3.951,-1253.19702148438,link-3,true
return,8294,3.441,-1253.19702148438,link-3,true
return,8295,4.395,-1252.70141601562,link-3,true
return,8296,3.389,-1252.70141601562,link-3,true
return,8297,3.854,-1252.70141601562,link-3,true
return,8298,3.49,-1252.70141601562,link-3,true
return,8299,4.076,-1252.20629882812,link-3,true
return,8300,3.322,-1252.20629882812,link-3,true
return,8301,4.474,-1252.20629882812,link-3,true
return,8302,3.582,-1252.20629882812,link-3,true
return,8303,4.418,-1251.71166992188,link-3,true
return,8304,3.23,-1251.71166992188,link-3,true
return,8305,2.816,-1251.71166992188,link-3,true
return,8306,8.985,-1251.71166992188,link-3,true
return,8307,15.354,-1251.21557617188,link-3,true
return,8308,14.774,-1250.71997070312,link-3,true
return,8309,18.369,-1250.22485351562,link-3,true
return,8310,17.586,-1249.73022460938,link-3,true
return,8311,15.465,-1249.23413085938,link-3,true
return,8312,18.197,-1248.73852539062,link-3,true
return,8313,21.443,-1248.24340820312,link-3,true
return,8314,14.673,-1247.74877929688,link-3,true
return,8315,22.986,-1247.25268554688,link-3,true
return,8316,14.688,-1246.75708007812,link-3,true
return,8317,15.3,-1246.26196289062,link-3,true
return,8318,18.279,-1245.76733398438,link-3,true
return,8319,17.787,-1245.27124023438,link-3,true
return,8320,15.342,-1244.77563476562,link-3,true
return,8321,18.33,-1244.28051757812,link-3,true
return,8322,22.137,-1243.29162597656,link-3,true
return,8323,14.079,-1242.79602050781,link-3,true
return,8324,22.856,-1242.30090332031,link-3,true
return,8325,14.707,-1241.80615234375,link-3,true
return,8326,15.589,-1241.31005859375,link-3,true
return,8327,17.727,-1240.814453125,link-3,true
return,8328,14.903,-1240.31921386719,link-3,true
return,8329,18.255,-1239.82446289062,link-3,true
return,8330,17.756,-1239.32836914062,link-3,true
return,8331,15.419,-1238.83276367188,link-3,true
return,8332,19.509,-1238.33752441406,link-3,true
return,8333,21.627,-1237.8427734375,link-3,true
return,8334,13.386,-1236.84912109375,link-3,true
return,8335,20.508,-1236.35205078125,link-3,true
return,8336,18.762,-1235.85546875,link-3,true
return,8337,19.259,-1235.35925292969,link-3,true
return,8338,15.333,-1234.86352539062,link-3,true
return,8339,18.165,-1234.36828613281,link-3,true
return,8340,17.6,-1233.87353515625,link-3,true
return,8341,15.126,-1233.37731933594,link-3,true
return,8342,18.096,-1232.88159179688,link-3,true
return,8343,17.527,-1232.38635253906,link-3,true
return,8344,15.002,-1231.89147949219,link-3,true
return,8345,18.004,-1231.39526367188,link-3,true
return,8346,17.439,-1230.89953613281,link-3,true
return,8347,15.309,-1230.40417480469,link-3,true
return,8348,18.233,-1229.90930175781,link-3,true
return,8349,17.569,-1229.4130859375,link-3,true
return,8350,15.222,-1228.91723632812,link-3,true
return,8351,18.015,-1228.421875,link-3,true
return,8352,17.502,-1227.92700195312,link-3,true
return,8353,15.026,-1227.4306640625,link-3,true
return,8354,18.207,-1226.93481445312,link-3,true
return,8355,17.458,-1226.439453125,link-3,true
return,8356,15.242,-1225.94458007812,link-3,true
return,8357,18.073,-1225.4482421875,link-3,true
return,8358,17.49,-1224.95239257812,link-3,true
return,8359,15.257,-1224.45703125,link-3,true
return,8360,18.724,-1223.4677734375,link-3,true
return,8361,17.176,-1222.97192382812,link-3,true
return,8362,15.062,-1222.4765625,link-3,true
return,8363,18.29,-1221.98168945312,link-3,true
return,8364,17.601,-1221.4853515625,link-3,true
return,8365,15.331,-1220.98950195312,link-3,true
return,8366,18.361,-1220.494140625,link-3,true
return,8367,17.469,-1219.99926757812,link-3,true
return,8368,15.325,-1219.5029296875,link-3,true
return,8369,18.271,-1219.00708007812,link-3,true
return,8370,17.561,-1218.51171875,link-3,true
return,8371,15.313,-1218.01672363281,link-3,true
return,8372,18.36,-1217.52038574219,link-3,true
return,8373,17.587,-1217.02453613281,link-3,true
return,8374,15.311,-1216.52905273438,link-3,true
return,8375,18.864,-1216.03405761719,link-3,true
return,8376,17.322,-1215.53771972656,link-3,true
return,8377,14.966,-1215.04187011719,link-3,true
return,8378,18.184,-1214.54638671875,link-3,true
return,8379,17.56,-1214.05139160156,link-3,true
return,8380,15.211,-1213.55688476562,link-3,true
return,8381,18.119,-1213.06091308594,link-3,true
return,8382,17.553,-1212.5654296875,link-3,true
return,8383,15.177,-1212.07043457031,link-3,true
return,8384,18.252,-1211.57580566406,link-3,true
return,8385,17.547,-1211.07983398438,link-3,true
return,8386,13.998,-1210.58435058594,link-3,true
return,8387,14.377,-1210.08923339844,link-3,true
return,8388,20.424,-1209.59460449219,link-3,true
return,8389,17.633,-1209.0986328125,link-3,true
return,8390,15.06,-1208.60302734375,link-3,true
return,8391,18.184,-1208.10791015625,link-3,true
return,8392,17.708,-1207.61328125,link-3,true
return,8393,14.816,-1207.1171875,link-3,true
return,8394,17.995,-1206.62158203125,link-3,true
return,8395,17.539,-1206.12646484375,link-3,true
return,8396,15.039,-1205.6318359375,link-3,true
return,8397,17.897,-1205.1357421875,link-3,true
return,8398,17.55,-1204.64013671875,link-3,true
return,8399,15.026,-1204.14501953125,link-3,true
return,8400,18.087,-1203.650390625,link-3,true
return,8401,17.576,-1203.154296875,link-3,true
return,8402,15.11,-1202.65869140625,link-3,true
return,8403,18.211,-1202.16357421875,link-3,true
return,8404,17.59,-1201.6689453125,link-3,true
return,8405,14.962,-1201.1728515625,link-3,true
return,8406,17.926,-1200.67724609375,link-3,true
return,8407,17.523,-1200.18200683594,link-3,true
return,8408,15.154,-1199.68725585938,link-3,true
return,8409,18.175,-1199.19116210938,link-3,true
return,8410,17.506,-1198.69555664062,link-3,true
return,8411,15.077,-1198.20043945312,link-3,true
return,8412,18.202,-1197.70568847656,link-3,true
return,8413,17.554,-1197.20959472656,link-3,true
return,8414,15.155,-1196.7138671875,link-3,true
return,8415,18.194,-1196.21875,link-3,true
return,8416,17.613,-1195.72399902344,link-3,true
return,8417,15.015,-1195.22790527344,link-3,true
return,8418,18.19,-1194.73217773438,link-3,true
return,8419,17.584,-1194.23693847656,link-3,true
return,8420,15.212,-1193.7421875,link-3,true
return,8421,18.626,-1192.74841308594,link-3,true
return,8422,17.281,-1192.25134277344,link-3,true
return,8423,15.604,-1191.75463867188,link-3,true
return,8424,18.109,-1191.25842285156,link-3,true
return,8425,17.402,-1190.7626953125,link-3,true
return,8426,15.327,-1190.26745605469,link-3,true
return,8427,18.418,-1189.77270507812,link-3,true
return,8428,17.676,-1189.27648925781,link-3,true
return,8429,15.333,-1188.78076171875,link-3,true
return,8430,18.219,-1188.28552246094,link-3,true
return,8431,17.765,-1187.79064941406,link-3,true
return,8432,14.99,-1187.29443359375,link-3,true
return,8433,18.259,-1186.79870605469,link-3,true
return,8434,17.555,-1186.30334472656,link-3,true
return,8435,15.45,-1185.80847167969,link-3,true
return,8436,17.832,-1185.31225585938,link-3,true
return,8437,17.694,-1184.81640625,link-3,true
return,8438,15.299,-1184.32104492188,link-3,true
return,8439,17.777,-1183.826171875,link-3,true
return,8440,17.479,-1183.32995605469,link-3,true
return,8441,15.478,-1182.83422851562,link-3,true
return,8442,17.8,-1182.3388671875,link-3,true
return,8443,17.679,-1181.84399414062,link-3,true
return,8444,14.93,-1181.34765625,link-3,true
return,8445,18.099,-1180.85180664062,link-3,true
return,8446,17.479,-1180.3564453125,link-3,true
return,8447,15.443,-1179.86157226562,link-3,true
return,8448,18.118,-1179.365234375,link-3,true
return,8449,22.112,-1178.86938476562,link-3,true
return,8450,14.526,-1178.3740234375,link-3,true
return,8451,23.34,-1177.38464355469,link-3,true
return,8452,14.837,-1176.88879394531,link-3,true
return,8453,19.754,-1176.39343261719,link-3,true
return,8454,15.431,-1175.8984375,link-3,true
return,8455,18.626,-1175.40209960938,link-3,true
return,8456,17.999,-1174.90612792969,link-3,true
return,8457,15.548,-1174.41064453125,link-3,true
return,8458,17.987,-1173.91564941406,link-3,true
return,8459,21.836,-1173.41931152344,link-3,true
return,8460,14.903,-1172.92333984375,link-3,true
return,8461,18.745,-1172.42785644531,link-3,true
return,8462,17.606,-1171.93286132812,link-3,true
return,8463,15.427,-1171.4365234375,link-3,true
return,8464,18.567,-1170.94067382812,link-3,true
return,8465,17.564,-1170.44519042969,link-3,true
return,8466,15.307,-1169.9501953125,link-3,true
return,8467,18.4,-1169.45568847656,link-3,true
return,8468,21.877,-1168.46240234375,link-3,true
return,8469,14.497,-1167.96545410156,link-3,true
return,8470,18.3,-1167.46899414062,link-3,true
return,8471,17.598,-1166.97302246094,link-3,true
return,8472,16.066,-1166.4775390625,link-3,true
return,8473,17.537,-1165.982421875,link-3,true
return,8474,18.119,-1165.48779296875,link-3,true
return,8475,14.767,-1164.99169921875,link-3,true
return,8476,23.187,-1164.49621582031,link-3,true
return,8477,13.391,-1164.00109863281,link-3,true
return,8478,20.584,-1163.50646972656,link-3,true
return,8479,14.683,-1163.01049804688,link-3,true
return,8480,18.287,-1162.51489257812,link-3,true
return,8481,17.646,-1162.01977539062,link-3,true
return,8482,15.136,-1161.52514648438,link-3,true
return,8483,18.478,-1161.02905273438,link-3,true
return,8484,17.634,-1160.53344726562,link-3,true
return,8485,15.201,-1160.03833007812,link-3,true
return,8486,18.22,-1159.54370117188,link-3,true
return,8487,17.724,-1159.04760742188,link-3,true
return,8488,15.222,-1158.55200195312,link-3,true
return,8489,17.97,-1158.05688476562,link-3,true
return,8490,11.034,-1157.56225585938,link-3,true
return,8491,4.073,-1157.06616210938,link-3,true
return,8492,3.869,-1157.06616210938,link-3,true
return,8493,3.555,-1157.06616210938,link-3,true
return,8494,3.943,-1157.06616210938,link-3,true
return,8495,4.597,-1156.57055664062,link-3,true
return,8496,3.303,-1156.57055664062,link-3,true
return,8497,3.569,-1156.57055664062,link-3,true
return,8498,3.544,-1156.57055664062,link-3,true
return,8499,5.062,-1156.07543945312,link-3,true
return,8500,3.574,-1156.07543945312,link-3,true
return,8501,3.455,-1156.07543945312,link-3,true
return,8502,3.404,-1156.07543945312,link-3,true
return,8503,3.63,-1156.07543945312,link-3,true
return,8504,4.446,-1155.58068847656,link-3,true
return,8505,3.459,-1155.58068847656,link-3,true
return,8506,3.607,-1155.58068847656,link-3,true
return,8507,3.586,-1155.58068847656,link-3,true
return,8508,4.504,-1155.08459472656,link-3,true
return,8509,3.831,-1155.08459472656,link-3,true
return,8510,3.404,-1155.08459472656,link-3,true
return,8511,3.815,-1155.08459472656,link-3,true
return,8512,3.339,-1155.08459472656,link-3,true
return,8513,5.757,-1154.58898925781,link-3,true
return,8514,3.335,-1154.58898925781,link-3,true
return,8515,2.855,-1154.58898925781,link-3,true
return,8516,3.569,-1154.58898925781,link-3,true
return,8517,4.146,-1154.09375,link-3,true
return,8518,4.103,-1154.09375,link-3,true
return,8519,3.3,-1154.09375,link-3,true
return,8520,3.525,-1154.09375,link-3,true
return,8521,3.441,-1154.09375,link-3,true
return,8522,5.714,-1153.59899902344,link-3,true
return,8523,3.373,-1153.59899902344,link-3,true
return,8524,3.067,-1153.59899902344,link-3,true
return,8525,4.436,-1153.59899902344,link-3,true
return,8526,4.697,-1153.10290527344,link-3,true
return,8527,3.075,-1153.10290527344,link-3,true
return,8528,3.261,-1153.10290527344,link-3,true
return,8529,3.542,-1153.10290527344,link-3,true
return,8530,3.358,-1153.10290527344,link-3,true
return,8531,5.334,-1152.60717773438,link-3,true
return,8532,2.99,-1152.60717773438,link-3,true
return,8533,3.146,-1152.60717773438,link-3,true
return,8534,4.491,-1152.60717773438,link-3,true
return,8535,4.77,-1152.11193847656,link-3,true
return,8536,3.246,-1152.11193847656,link-3,true
return,8537,3.099,-1152.11193847656,link-3,true
return,8538,3.509,-1152.11193847656,link-3,true
return,8539,4.104,-1152.11193847656,link-3,true
return,8540,4.517,-1151.6171875,link-3,true
return,8541,2.978,-1151.6171875,link-3,true
return,8542,3.392,-1151.6171875,link-3,true
return,8543,3.625,-1151.6171875,link-3,true
return,8544,5.459,-1151.12109375,link-3,true
return,8545,3.189,-1151.12109375,link-3,true
return,8546,3.19,-1151.12109375,link-3,true
return,8547,3.607,-1151.12109375,link-3,true
return,8548,5.744,-1151.12109375,link-3,true
return,8549,3.735,-1150.62536621094,link-3,true
return,8550,3.39,-1150.62536621094,link-3,true
return,8551,3.868,-1150.62536621094,link-3,true
return,8552,4.098,-1150.62536621094,link-3,true
return,8553,4.146,-1150.13012695312,link-3,true
return,8554,3.23,-1150.13012695312,link-3,true
return,8555,3.207,-1150.13012695312,link-3,true
return,8556,3.624,-1150.13012695312,link-3,true
return,8557,4.226,-1150.13012695312,link-3,true
return,8558,4.38,-1149.63537597656,link-3,true
return,8559,3.038,-1149.63537597656,link-3,true
return,8560,3.758,-1149.63537597656,link-3,true
return,8561,5.78,-1149.63537597656,link-3,true
return,8562,4.169,-1149.13916015625,link-3,true
return,8563,3.246,-1149.13916015625,link-3,true
return,8564,3.865,-1149.13916015625,link-3,true
return,8565,3.548,-1149.13916015625,link-3,true
return,8566,3.393,-1149.13916015625,link-3,true
return,8567,4.284,-1148.64343261719,link-3,true
return,8568,3.446,-1148.64343261719,link-3,true
return,8569,3.479,-1148.64343261719,link-3,true
return,8570,4.103,-1148.64343261719,link-3,true
return,8571,4.095,-1148.14819335938,link-3,true
return,8572,3.188,-1148.14819335938,link-3,true
return,8573,3.191,-1148.14819335938,link-3,true
return,8574,4.723,-1148.14819335938,link-3,true
return,8575,3.794,-1148.14819335938,link-3,true
return,8576,4.241,-1147.6533203125,link-3,true
return,8577,3.514,-1147.6533203125,link-3,true
return,8578,3.937,-1147.6533203125,link-3,true
return,8579,3.553,-1147.6533203125,link-3,true
return,8580,4.093,-1147.15710449219,link-3,true
return,8581,3.092,-1147.15710449219,link-3,true
return,8582,3.115,-1147.15710449219,link-3,true
return,8583,4.628,-1147.15710449219,link-3,true
return,8584,4.291,-1146.66137695312,link-3,true
return,8585,2.817,-1146.66137695312,link-3,true
return,8586,3.507,-1146.66137695312,link-3,true
return,8587,4.415,-1146.66137695312,link-3,true
return,8588,3.649,-1146.66137695312,link-3,true
return,8589,4.214,-1146.16613769531,link-3,true
return,8590,3.58,-1146.16613769531,link-3,true
return,8591,3.232,-1146.16613769531,link-3,true
return,8592,4.369,-1146.16613769531,link-3,true
return,8593,4.241,-1145.67126464844,link-3,true
return,8594,2.842,-1145.67126464844,link-3,true
return,8595,3.403,-1145.67126464844,link-3,true
return,8596,5.106,-1145.67126464844,link-3,true
return,8597,3.404,-1145.67126464844,link-3,true
return,8598,4.064,-1145.17504882812,link-3,true
return,8599,3.198,-1145.17504882812,link-3,true
return,8600,4.312,-1145.17504882812,link-3,true
return,8601,3.502,-1145.17504882812,link-3,true
return,8602,4.156,-1144.67932128906,link-3,true
return,8603,2.944,-1144.67932128906,link-3,true
return,8604,3.432,-1144.67932128906,link-3,true
return,8605,5.254,-1144.67932128906,link-3,true
return,8606,4.483,-1144.18395996094,link-3,true
return,8607,3.639,-1144.18395996094,link-3,true
return,8608,3.349,-1144.18395996094,link-3,true
return,8609,3.513,-1144.18395996094,link-3,true
return,8610,3.636,-1144.18395996094,link-3,true
return,8611,3.941,-1143.68920898438,link-3,true
return,8612,4.345,-1143.68920898438,link-3,true
return,8613,3.402,-1143.68920898438,link-3,true
return,8614,3.518,-1143.68920898438,link-3,true
return,8615,4.135,-1143.19299316406,link-3,true
return,8616,3.454,-1143.19299316406,link-3,true
return,8617,3.749,-1143.19299316406,link-3,true
return,8618,4.041,-1143.19299316406,link-3,true
return,8619,4.346,-1142.69714355469,link-3,true
return,8620,3.5,-1142.69714355469,link-3,true
return,8621,3.21,-1142.69714355469,link-3,true
return,8622,4.733,-1142.69714355469,link-3,true
return,8623,3.61,-1142.69714355469,link-3,true
return,8624,4.003,-1142.20178222656,link-3,true
return,8625,3.363,-1142.20178222656,link-3,true
return,8626,3.065,-1142.20178222656,link-3,true
return,8627,4.332,-1142.20178222656,link-3,true
return,8628,4.108,-1141.70690917969,link-3,true
return,8629,3.1,-1141.70690917969,link-3,true
return,8630,3.362,-1141.70690917969,link-3,true
return,8631,4.974,-1141.70690917969,link-3,true
return,8632,3.688,-1141.70690917969,link-3,true
return,8633,4.619,-1141.21069335938,link-3,true
return,8634,5.105,-1141.21069335938,link-3,true
return,8635,3.247,-1141.21069335938,link-3,true
return,8636,3.394,-1141.21069335938,link-3,true
return,8637,4.237,-1140.71484375,link-3,true
return,8638,4.179,-1140.71484375,link-3,true
return,8639,4.451,-1140.71484375,link-3,true
return,8640,3.919,-1140.71484375,link-3,true
return,8641,4.231,-1140.21948242188,link-3,true
return,8642,3.378,-1140.21948242188,link-3,true
return,8643,3.814,-1140.21948242188,link-3,true
return,8644,3.302,-1140.21948242188,link-3,true
return,8645,4.388,-1139.724609375,link-3,true
return,8646,3.378,-1139.724609375,link-3,true
return,8647,3.167,-1139.724609375,link-3,true
return,8648,4.63,-1139.724609375,link-3,true
return,8649,4.192,-1139.22827148438,link-3,true
return,8650,3.324,-1139.22827148438,link-3,true
return,8651,3.358,-1139.22827148438,link-3,true
return,8652,4.708,-1139.22827148438,link-3,true
return,8653,3.599,-1139.22827148438,link-3,true
return,8654,4.003,-1138.732421875,link-3,true
return,8655,3.89,-1138.732421875,link-3,true
return,8656,3.949,-1138.732421875,link-3,true
return,8657,3.373,-1138.732421875,link-3,true
return,8658,4.317,-1138.23706054688,link-3,true
return,8659,3.442,-1138.23706054688,link-3,true
return,8660,3.593,-1138.23706054688,link-3,true
return,8661,4.232,-1138.23706054688,link-3,true
return,8662,3.149,-1138.23706054688,link-3,true
return,8663,4.095,-1137.7421875,link-3,true
return,8664,3.877,-1137.7421875,link-3,true
return,8665,4.175,-1137.7421875,link-3,true
return,8666,3.475,-1137.7421875,link-3,true
return,8667,5.019,-1137.24584960938,link-3,true
return,8668,3.54,-1137.24584960938,link-3,true
return,8669,3.193,-1137.24584960938,link-3,true
return,8670,3.611,-1137.24584960938,link-3,true
return,8671,3.999,-1136.75,link-3,true
return,8672,2.858,-1136.75,link-3,true
return,8673,3.866,-1136.75,link-3,true
return,8674,4.746,-1136.75,link-3,true
return,8675,4.387,-1136.25463867188,link-3,true
return,8676,3.137,-1136.25463867188,link-3,true
return,8677,3.374,-1136.25463867188,link-3,true
return,8678,4.318,-1136.25463867188,link-3,true
return,8679,3.577,-1136.25463867188,link-3,true
return,8680,4.135,-1135.759765625,link-3,true
return,8681,3.305,-1135.759765625,link-3,true
return,8682,3.07,-1135.759765625,link-3,true
return,8683,4.807,-1135.759765625,link-3,true
return,8684,4.571,-1135.26342773438,link-3,true
return,8685,3.765,-1135.26342773438,link-3,true
return,8686,3.798,-1135.26342773438,link-3,true
return,8687,3.303,-1135.26342773438,link-3,true
return,8688,3.488,-1135.26342773438,link-3,true
return,8689,4.178,-1134.767578125,link-3,true
return,8690,3.457,-1134.767578125,link-3,true
return,8691,4.173,-1134.767578125,link-3,true
return,8692,3.621,-1134.767578125,link-3,true
return,8693,4.303,-1134.27221679688,link-3,true
return,8694,4.02,-1134.27221679688,link-3,true
return,8695,3.816,-1134.27221679688,link-3,true
return,8696,2.977,-1134.27221679688,link-3,true
return,8697,3.291,-1134.27221679688,link-3,true
return,8698,4.077,-1133.77722167969,link-3,true
return,8699,3.508,-1133.77722167969,link-3,true
return,8700,5.254,-1133.77722167969,link-3,true
return,8701,3.288,-1133.77722167969,link-3,true
return,8702,4.234,-1133.28088378906,link-3,true
return,8703,3.902,-1133.28088378906,link-3,true
return,8704,3.556,-1133.28088378906,link-3,true
return,8705,3.672,-1133.28088378906,link-3,true
return,8706,4.085,-1132.78503417969,link-3,true
return,8707,3.285,-1132.78503417969,link-3,true
return,8708,3.35,-1132.78503417969,link-3,true
return,8709,4.572,-1132.78503417969,link-3,true
return,8710,4.129,-1132.28955078125,link-3,true
return,8711,2.914,-1132.28955078125,link-3,true
return,8712,3.757,-1132.28955078125,link-3,true
return,8713,5.331,-1132.28955078125,link-3,true
return,8714,3.732,-1132.28955078125,link-3,true
return,8715,4.201,-1131.79455566406,link-3,true
return,8716,3.526,-1131.79455566406,link-3,true
return,8717,4.525,-1131.79455566406,link-3,true
return,8718,3.553,-1131.79455566406,link-3,true
return,8719,4.238,-1131.29821777344,link-3,true
return,8720,3.654,-1131.29821777344,link-3,true
return,8721,3.614,-1131.29821777344,link-3,true
return,8722,3.816,-1131.29821777344,link-3,true
return,8723,4.283,-1130.80236816406,link-3,true
return,8724,3.433,-1130.80236816406,link-3,true
return,8725,3.494,-1130.80236816406,link-3,true
return,8726,4.206,-1130.80236816406,link-3,true
return,8727,3.517,-1130.80236816406,link-3,true
return,8728,4.265,-1130.30688476562,link-3,true
return,8729,3.723,-1130.30688476562,link-3,true
return,8730,4.292,-1130.30688476562,link-3,true
return,8731,3.494,-1130.30688476562,link-3,true
return,8732,3.886,-1129.81188964844,link-3,true
return,8733,3.197,-1129.81188964844,link-3,true
return,8734,3.506,-1129.81188964844,link-3,true
return,8735,4.61,-1129.81188964844,link-3,true
return,8736,4.368,-1129.31555175781,link-3,true
return,8737,3.369,-1129.31555175781,link-3,true
return,8738,3.52,-1129.31555175781,link-3,true
return,8739,4.159,-1129.31555175781,link-3,true
return,8740,3.483,-1129.31555175781,link-3,true
return,8741,3.984,-1128.81958007812,link-3,true
return,8742,3.686,-1128.81958007812,link-3,true
return,8743,4.765,-1128.81958007812,link-3,true
return,8744,3.451,-1128.81958007812,link-3,true
return,8745,4.098,-1128.32409667969,link-3,true
return,8746,2.969,-1128.32409667969,link-3,true
return,8747,3.477,-1128.32409667969,link-3,true
return,8748,4.845,-1128.32409667969,link-3,true
return,8749,4.081,-1127.8291015625,link-3,true
return,8750,3.793,-1127.8291015625,link-3,true
return,8751,3.35,-1127.8291015625,link-3,true
return,8752,3.916,-1127.8291015625,link-3,true
return,8753,3.625,-1127.8291015625,link-3,true
return,8754,4.036,-1127.33459472656,link-3,true
return,8755,3.26,-1127.33459472656,link-3,true
return,8756,4.364,-1127.33459472656,link-3,true
return,8757,3.591,-1127.33459472656,link-3,true
return,8758,4.115,-1126.83862304688,link-3,true
return,8759,3.191,-1126.83862304688,link-3,true
return,8760,3.442,-1126.83862304688,link-3,true
return,8761,4.96,-1126.83862304688,link-3,true
return,8762,3.873,-1126.34313964844,link-3,true
return,8763,3.133,-1126.34313964844,link-3,true
return,8764,9.184,-1126.34313964844,link-3,true
return,8765,3.012,-1126.34313964844,link-3,true
return,8766,3.76,-1125.84814453125,link-3,true
return,8767,3.637,-1125.84814453125,link-3,true
return,8768,3.592,-1125.84814453125,link-3,true
return,8769,3.682,-1125.84814453125,link-3,true
return,8770,4.29,-1125.35363769531,link-3,true
return,8771,3.47,-1125.35363769531,link-3,true
return,8772,4.383,-1125.35363769531,link-3,true
return,8773,3.486,-1125.35363769531,link-3,true
return,8774,4.203,-1124.85766601562,link-3,true
return,8775,3.328,-1124.85766601562,link-3,true
return,8776,3.502,-1124.85766601562,link-3,true
return,8777,4.598,-1124.85766601562,link-3,true
return,8778,3.63,-1124.85766601562,link-3,true
return,8779,4.173,-1124.36218261719,link-3,true
return,8780,3.437,-1124.36218261719,link-3,true
return,8781,3.989,-1124.36218261719,link-3,true
return,8782,3.677,-1124.36218261719,link-3,true
return,8783,4.163,-1123.8671875,link-3,true
return,8784,3.071,-1123.8671875,link-3,true
return,8785,3.345,-1123.8671875,link-3,true
return,8786,4.866,-1123.8671875,link-3,true
return,8787,3.955,-1123.37255859375,link-3,true
return,8788,3.509,-1123.37255859375,link-3,true
return,8789,3.266,-1123.37255859375,link-3,true
return,8790,5.089,-1123.37255859375,link-3,true
return,8791,3.544,-1123.37255859375,link-3,true
return,8792,4.288,-1122.87658691406,link-3,true
return,8793,3.695,-1122.87658691406,link-3,true
return,8794,4.251,-1122.87658691406,link-3,true
return,8795,3.507,-1122.87658691406,link-3,true
return,8796,3.881,-1122.38110351562,link-3,true
return,8797,3.592,-1122.38110351562,link-3,true
return,8798,3.172,-1122.38110351562,link-3,true
return,8799,4.712,-1122.38110351562,link-3,true
return,8800,4.153,-1121.88598632812,link-3,true
return,8801,3.363,-1121.88598632812,link-3,true
return,8802,3.543,-1121.88598632812,link-3,true
return,8803,4.008,-1121.88598632812,link-3,true
return,8804,3.632,-1121.88598632812,link-3,true
return,8805,4.376,-1121.39135742188,link-3,true
return,8806,3.514,-1121.39135742188,link-3,true
return,8807,5.134,-1121.39135742188,link-3,true
return,8808,3.511,-1121.39135742188,link-3,true
return,8809,3.912,-1120.89538574219,link-3,true
return,8810,3.714,-1120.89538574219,link-3,true
return,8811,3.74,-1120.89538574219,link-3,true
return,8812,3.57,-1120.89538574219,link-3,true
return,8813,4.264,-1120.39978027344,link-3,true
return,8814,3.304,-1120.39978027344,link-3,true
return,8815,3.225,-1120.39978027344,link-3,true
return,8816,4.554,-1120.39978027344,link-3,true
return,8817,3.482,-1120.39978027344,link-3,true
return,8818,3.962,-1119.90466308594,link-3,true
return,8819,4.057,-1119.90466308594,link-3,true
return,8820,4.061,-1119.90466308594,link-3,true
return,8821,3.638,-1119.90466308594,link-3,true
return,8822,4.224,-1119.41003417969,link-3,true
return,8823,3.554,-1119.41003417969,link-3,true
return,8824,3.953,-1119.41003417969,link-3,true
return,8825,3.811,-1119.41003417969,link-3,true
return,8826,4.146,-1118.91394042969,link-3,true
return,8827,4.538,-1118.91394042969,link-3,true
return,8828,3.736,-1118.91394042969,link-3,true
return,8829,3.341,-1118.91394042969,link-3,true
return,8830,3.951,-1118.41833496094,link-3,true
return,8831,3.162,-1118.41833496094,link-3,true
return,8832,4.09,-1118.41833496094,link-3,true
return,8833,4.381,-1118.41833496094,link-3,true
return,8834,3.54,-1118.41833496094,link-3,true
return,8835,4.319,-1117.92321777344,link-3,true
return,8836,3.693,-1117.92321777344,link-3,true
return,8837,4.581,-1117.92321777344,link-3,true
return,8838,3.729,-1117.92321777344,link-3,true
return,8839,4.042,-1117.42858886719,link-3,true
return,8840,3.567,-1117.42858886719,link-3,true
return,8841,4.227,-1117.42858886719,link-3,true
return,8842,3.747,-1117.42858886719,link-3,true
return,8843,4.281,-1116.93249511719,link-3,true
return,8844,3.311,-1116.93249511719,link-3,true
return,8845,3.224,-1116.93249511719,link-3,true
return,8846,4.535,-1116.93249511719,link-3,true
return,8847,3.515,-1116.93249511719,link-3,true
return,8848,4.128,-1116.43688964844,link-3,true
return,8849,4.323,-1116.43688964844,link-3,true
return,8850,3.421,-1116.43688964844,link-3,true
return,8851,3.806,-1116.43688964844,link-3,true
return,8852,3.936,-1115.94177246094,link-3,true
return,8853,3.178,-1115.94177246094,link-3,true
return,8854,3.168,-1115.94177246094,link-3,true
return,8855,4.453,-1115.94177246094,link-3,true
return,8856,4.159,-1115.44714355469,link-3,true
return,8857,3.5,-1115.44714355469,link-3,true
return,8858,3.4,-1115.44714355469,link-3,true
return,8859,4.142,-1115.44714355469,link-3,true
return,8860,3.488,-1115.44714355469,link-3,true
return,8861,4.219,-1114.95104980469,link-3,true
return,8862,3.51,-1114.95104980469,link-3,true
return,8863,3.952,-1114.95104980469,link-3,true
return,8864,3.761,-1114.95104980469,link-3,true
return,8865,4.307,-1114.45544433594,link-3,true
return,8866,3.309,-1114.45544433594,link-3,true
return,8867,2.912,-1114.45544433594,link-3,true
return,8868,5.023,-1114.45544433594,link-3,true
return,8869,3.933,-1113.96032714844,link-3,true
return,8870,3.43,-1113.96032714844,link-3,true
return,8871,3.972,-1113.96032714844,link-3,true
return,8872,4.231,-1113.96032714844,link-3,true
return,8873,3.561,-1113.96032714844,link-3,true
return,8874,4.12,-1113.46557617188,link-3,true
return,8875,3.454,-1113.46557617188,link-3,true
return,8876,5.284,-1113.46557617188,link-3,true
return,8877,3.197,-1113.46557617188,link-3,true
return,8878,4.287,-1112.96948242188,link-3,true
return,8879,3.799,-1112.96948242188,link-3,true
return,8880,3.701,-1112.96948242188,link-3,true
return,8881,3.584,-1112.96948242188,link-3,true
return,8882,4.359,-1112.47387695312,link-3,true
return,8883,3.261,-1112.47387695312,link-3,true
return,8884,4.815,-1112.47387695312,link-3,true
return,8885,3.083,-1112.47387695312,link-3,true
return,8886,3.462,-1112.47387695312,link-3,true
return,8887,4.052,-1111.97875976562,link-3,true
return,8888,3.58,-1111.97875976562,link-3,true
return,8889,4.828,-1111.97875976562,link-3,true
return,8890,3.661,-1111.97875976562,link-3,true
return,8891,3.989,-1111.48400878906,link-3,true
return,8892,3.425,-1111.48400878906,link-3,true
return,8893,4.181,-1111.48400878906,link-3,true
return,8894,3.692,-1111.48400878906,link-3,true
return,8895,4.149,-1110.98791503906,link-3,true
return,8896,3.877,-1110.98791503906,link-3,true
return,8897,4.002,-1110.98791503906,link-3,true
return,8898,3.413,-1110.98791503906,link-3,true
return,8899,4.172,-1110.4921875,link-3,true
return,8900,8.085,-1110.4921875,link-3,true
return,8901,14.804,-1110.4921875,link-3,true
return,8902,19.295,-1109.50219726562,link-3,true
return,8903,17.26,-1109.00610351562,link-3,true
return,8904,15.484,-1108.51037597656,link-3,true
return,8905,18.197,-1108.01513671875,link-3,true
return,8906,21.721,-1107.52038574219,link-3,true
return,8907,14.448,-1107.02416992188,link-3,true
return,8908,23.195,-1106.033203125,link-3,true
return,8909,14.685,-1105.53845214844,link-3,true
return,8910,23.944,-1105.04223632812,link-3,true
return,8911,14.655,-1104.54650878906,link-3,true
return,8912,23.056,-1104.05126953125,link-3,true
return,8913,14.678,-1103.55651855469,link-3,true
return,8914,15.413,-1103.06030273438,link-3,true
return,8915,18.592,-1102.06921386719,link-3,true
return,8916,17.548,-1101.57434082031,link-3,true
return,8917,15.134,-1101.078125,link-3,true
return,8918,18.484,-1100.58239746094,link-3,true
return,8919,17.678,-1100.08703613281,link-3,true
return,8920,15.276,-1099.59216308594,link-3,true
return,8921,18.59,-1099.09594726562,link-3,true
return,8922,17.523,-1098.60009765625,link-3,true
return,8923,15.307,-1098.10473632812,link-3,true
return,8924,18.484,-1097.60986328125,link-3,true
return,8925,17.337,-1097.11364746094,link-3,true
return,8926,15.342,-1096.61779785156,link-3,true
return,8927,18.35,-1096.12243652344,link-3,true
return,8928,17.563,-1095.62756347656,link-3,true
return,8929,15.24,-1095.13122558594,link-3,true
return,8930,18.343,-1094.63537597656,link-3,true
return,8931,18.023,-1094.14001464844,link-3,true
return,8932,15.09,-1093.64514160156,link-3,true
return,8933,18.384,-1093.14880371094,link-3,true
return,8934,17.831,-1092.65295410156,link-3,true
return,8935,15.285,-1092.15759277344,link-3,true
return,8936,18.515,-1091.66259765625,link-3,true
return,8937,17.451,-1091.16625976562,link-3,true
return,8938,15.395,-1090.67041015625,link-3,true
return,8939,18.159,-1090.17504882812,link-3,true
return,8940,17.586,-1089.68005371094,link-3,true
return,8941,15.506,-1089.18371582031,link-3,true
return,8942,18.164,-1088.68786621094,link-3,true
return,8943,17.64,-1088.1923828125,link-3,true
return,8944,15.324,-1087.69738769531,link-3,true
return,8945,18.295,-1087.20104980469,link-3,true
return,8946,17.756,-1086.705078125,link-3,true
return,8947,15.162,-1086.20959472656,link-3,true
return,8948,18.328,-1085.71459960938,link-3,true
return,8949,17.678,-1085.21813964844,link-3,true
return,8950,15.217,-1084.72216796875,link-3,true
return,8951,18.574,-1084.22668457031,link-3,true
return,8952,17.239,-1083.73168945312,link-3,true
return,8953,15.186,-1083.23718261719,link-3,true
return,8954,18.273,-1082.7412109375,link-3,true
return,8955,17.778,-1082.24572753906,link-3,true
return,8956,15.227,-1081.75073242188,link-3,true
return,8957,18.487,-1081.25610351562,link-3,true
return,8958,17.371,-1080.76013183594,link-3,true
return,8959,15.349,-1080.2646484375,link-3,true
return,8960,18.282,-1079.76953125,link-3,true
return,8961,17.752,-1079.27490234375,link-3,true
return,8962,15.0,-1078.77893066406,link-3,true
return,8963,18.277,-1078.28332519531,link-3,true
return,8964,17.495,-1077.78820800781,link-3,true
return,8965,15.134,-1077.29357910156,link-3,true
return,8966,18.487,-1076.79760742188,link-3,true
return,8967,17.379,-1076.30200195312,link-3,true
return,8968,15.339,-1075.80688476562,link-3,true
return,8969,18.199,-1075.31225585938,link-3,true
return,8970,17.978,-1074.31872558594,link-3,true
return,8971,14.889,-1073.82177734375,link-3,true
return,8972,17.869,-1073.3251953125,link-3,true
return,8973,17.723,-1072.8291015625,link-3,true
return,8974,15.245,-1072.33349609375,link-3,true
return,8975,18.02,-1071.83837890625,link-3,true
return,8976,17.751,-1071.34375,link-3,true
return,8977,15.088,-1070.84765625,link-3,true
return,8978,18.216,-1070.35205078125,link-3,true
return,8979,17.528,-1069.85693359375,link-3,true
return,8980,15.095,-1069.36218261719,link-3,true
return,8981,18.343,-1068.86608886719,link-3,true
return,8982,17.512,-1068.37048339844,link-3,true
return,8983,15.12,-1067.87524414062,link-3,true
return,8984,18.2,-1067.38049316406,link-3,true
return,8985,17.641,-1066.88427734375,link-3,true
return,8986,15.07,-1066.38854980469,link-3,true
return,8987,18.184,-1065.89331054688,link-3,true
return,8988,17.533,-1065.39855957031,link-3,true
return,8989,15.178,-1064.90246582031,link-3,true
return,8990,18.1,-1064.40673828125,link-3,true
return,8991,17.651,-1063.91149902344,link-3,true
return,8992,15.25,-1063.41674804688,link-3,true
return,8993,18.212,-1062.92053222656,link-3,true
return,8994,17.102,-1062.4248046875,link-3,true
return,8995,15.302,-1061.92956542969,link-3,true
return,8996,18.765,-1061.43481445312,link-3,true
return,8997,17.834,-1060.93859863281,link-3,true
return,8998,15.284,-1060.44287109375,link-3,true
return,8999,18.24,-1059.94763183594,link-3,true
return,9000,17.812,-1059.45288085938,link-3,true
return,9001,15.216,-1058.95666503906,link-3,true
return,9002,18.43,-1058.4609375,link-3,true
return,9003,17.536,-1057.96569824219,link-3,true
return,9004,15.048,-1057.47082519531,link-3,true
return,9005,18.15,-1056.974609375,link-3,true
return,9006,17.453,-1056.47888183594,link-3,true
return,9007,15.236,-1055.98352050781,link-3,true
return,9008,18.153,-1055.48864746094,link-3,true
return,9009,17.717,-1054.99243164062,link-3,true
return,9010,15.331,-1054.49658203125,link-3,true
return,9011,17.747,-1054.00122070312,link-3,true
return,9012,17.522,-1053.50634765625,link-3,true
return,9013,15.138,-1053.01000976562,link-3,true
return,9014,18.138,-1052.51416015625,link-3,true
return,9015,17.593,-1052.01879882812,link-3,true
return,9016,15.018,-1051.52392578125,link-3,true
return,9017,18.24,-1051.02758789062,link-3,true
return,9018,17.403,-1050.53173828125,link-3,true
return,9019,15.277,-1050.03637695312,link-3,true
return,9020,18.251,-1049.54150390625,link-3,true
return,9021,17.917,-1048.54748535156,link-3,true
return,9022,14.875,-1048.05017089844,link-3,true
return,9023,18.116,-1047.55334472656,link-3,true
return,9024,17.534,-1047.05700683594,link-3,true
return,9025,15.257,-1046.56115722656,link-3,true
return,9026,18.041,-1046.06579589844,link-3,true
return,9027,17.308,-1045.57080078125,link-3,true
return,9028,15.38,-1045.07446289062,link-3,true
return,9029,18.344,-1044.57861328125,link-3,true
return,9030,17.513,-1044.08312988281,link-3,true
return,9031,15.242,-1043.58813476562,link-3,true
return,9032,18.115,-1043.091796875,link-3,true
return,9033,17.622,-1042.59582519531,link-3,true
return,9034,15.23,-1042.10034179688,link-3,true
return,9035,18.29,-1041.60534667969,link-3,true
return,9036,17.685,-1041.10888671875,link-3,true
return,9037,15.532,-1040.61291503906,link-3,true
return,9038,18.018,-1040.11743164062,link-3,true
return,9039,21.374,-1039.62243652344,link-3,true
return,9040,14.671,-1039.1279296875,link-3,true
return,9041,18.236,-1038.63195800781,link-3,true
return,9042,17.986,-1038.13647460938,link-3,true
return,9043,15.021,-1037.64147949219,link-3,true
return,9044,18.373,-1037.14685058594,link-3,true
return,9045,17.685,-1036.65087890625,link-3,true
return,9046,15.369,-1036.15539550781,link-3,true
return,9047,18.216,-1035.66027832031,link-3,true
return,9048,17.97,-1035.16564941406,link-3,true
return,9049,15.174,-1034.66967773438,link-3,true
return,9050,18.442,-1034.17419433594,link-3,true
return,9051,17.991,-1033.67907714844,link-3,true
return,9052,15.174,-1033.18444824219,link-3,true
return,9053,18.55,-1032.6884765625,link-3,true
return,9054,17.567,-1032.19287109375,link-3,true
return,9055,15.442,-1031.69775390625,link-3,true
return,9056,18.736,-1030.708984375,link-3,true
return,9057,17.396,-1030.21337890625,link-3,true
return,9058,15.458,-1029.71826171875,link-3,true
return,9059,18.466,-1029.2236328125,link-3,true
return,9060,17.642,-1028.7275390625,link-3,true
return,9061,15.284,-1028.23193359375,link-3,true
return,9062,18.381,-1027.73681640625,link-3,true
return,9063,17.421,-1027.2421875,link-3,true
return,9064,15.358,-1026.74609375,link-3,true
return,9065,18.236,-1026.25048828125,link-3,true
return,9066,17.564,-1025.75537109375,link-3,true
return,9067,15.218,-1025.26062011719,link-3,true
return,9068,18.219,-1024.76452636719,link-3,true
return,9069,17.557,-1024.26892089844,link-3,true
return,9070,15.244,-1023.77374267578,link-3,true
return,9071,18.137,-1023.27899169922,link-3,true
return,9072,17.67,-1022.78283691406,link-3,true
return,9073,15.334,-1022.28717041016,link-3,true
return,9074,18.017,-1021.79193115234,link-3,true
return,9075,17.582,-1021.29718017578,link-3,true
return,9076,15.45,-1020.80102539062,link-3,true
return,9077,18.365,-1020.30535888672,link-3,true
return,9078,17.339,-1019.81011962891,link-3,true
return,9079,15.302,-1019.31536865234,link-3,true
return,9080,18.372,-1018.81915283203,link-3,true
return,9081,17.638,-1018.32342529297,link-3,true
return,9082,15.141,-1017.82818603516,link-3,true
return,9083,18.554,-1017.33337402344,link-3,true
return,9084,17.216,-1016.83715820312,link-3,true
return,9085,5.75,-1016.34143066406,link-3,true
return,9086,4.409,-1016.34143066406,link-3,true
return,9087,4.607,-1015.84613037109,link-3,true
return,9088,4.104,-1015.84613037109,link-3,true
return,9089,3.405,-1015.84613037109,link-3,true
return,9090,3.612,-1015.84613037109,link-3,true
return,9091,5.948,-1015.35131835938,link-3,true
return,9092,3.602,-1015.35131835938,link-3,true
return,9093,2.989,-1015.35131835938,link-3,true
return,9094,3.381,-1015.35131835938,link-3,true
return,9095,4.427,-1015.35131835938,link-3,true
return,9096,4.3,-1014.85510253906,link-3,true
return,9097,2.836,-1014.85510253906,link-3,true
return,9098,4.307,-1014.85510253906,link-3,true
return,9099,2.955,-1014.85510253906,link-3,true
return,9100,5.182,-1014.35931396484,link-3,true
return,9101,3.59,-1014.35931396484,link-3,true
return,9102,3.06,-1014.35931396484,link-3,true
return,9103,3.263,-1014.35931396484,link-3,true
return,9104,5.21,-1014.35931396484,link-3,true
return,9105,4.108,-1013.86401367188,link-3,true
return,9106,3.187,-1013.86401367188,link-3,true
return,9107,3.352,-1013.86401367188,link-3,true
return,9108,3.473,-1013.86401367188,link-3,true
return,9109,5.258,-1013.36920166016,link-3,true
return,9110,2.901,-1013.36920166016,link-3,true
return,9111,3.293,-1013.36920166016,link-3,true
return,9112,3.604,-1013.36920166016,link-3,true
return,9113,4.329,-1013.36920166016,link-3,true
return,9114,4.029,-1012.87292480469,link-3,true
return,9115,3.065,-1012.87292480469,link-3,true
return,9116,3.439,-1012.87292480469,link-3,true
return,9117,3.361,-1012.87292480469,link-3,true
return,9118,4.866,-1012.37713623047,link-3,true
return,9119,2.981,-1012.37713623047,link-3,true
return,9120,3.584,-1012.37713623047,link-3,true
return,9121,4.12,-1012.37713623047,link-3,true
return,9122,4.076,-1012.37713623047,link-3,true
return,9123,4.279,-1011.8818359375,link-3,true
return,9124,2.975,-1011.8818359375,link-3,true
return,9125,3.286,-1011.8818359375,link-3,true
return,9126,4.827,-1011.8818359375,link-3,true
return,9127,4.272,-1011.38696289062,link-3,true
return,9128,3.15,-1011.38696289062,link-3,true
return,9129,3.884,-1011.38696289062,link-3,true
return,9130,2.912,-1011.38696289062,link-3,true
return,9131,4.79,-1011.38696289062,link-3,true
return,9132,3.88,-1010.89068603516,link-3,true
return,9133,3.251,-1010.89068603516,link-3,true
return,9134,3.217,-1010.89068603516,link-3,true
return,9135,4.758,-1010.89068603516,link-3,true
return,9136,3.951,-1010.39489746094,link-3,true
return,9137,2.998,-1010.39489746094,link-3,true
return,9138,3.587,-1010.39489746094,link-3,true
return,9139,3.399,-1010.39489746094,link-3,true
return,9140,4.377,-1010.39489746094,link-3,true
return,9141,4.169,-1009.89953613281,link-3,true
return,9142,3.066,-1009.89953613281,link-3,true
return,9143,3.483,-1009.89953613281,link-3,true
return,9144,4.729,-1009.89953613281,link-3,true
return,9145,4.055,-1009.40466308594,link-3,true
return,9146,3.003,-1009.40466308594,link-3,true
return,9147,3.524,-1009.40466308594,link-3,true
return,9148,4.484,-1009.40466308594,link-3,true
return,9149,3.694,-1009.40466308594,link-3,true
return,9150,4.097,-1008.90838623047,link-3,true
return,9151,3.425,-1008.90838623047,link-3,true
return,9152,3.611,-1008.90838623047,link-3,true
return,9153,4.12,-1008.90838623047,link-3,true
return,9154,3.96,-1008.41253662109,link-3,true
return,9155,3.001,-1008.41253662109,link-3,true
return,9156,3.886,-1008.41253662109,link-3,true
return,9157,3.138,-1008.41253662109,link-3,true
return,9158,4.346,-1008.41253662109,link-3,true
return,9159,4.083,-1007.91717529297,link-3,true
return,9160,4.207,-1007.91717529297,link-3,true
return,9161,3.54,-1007.91717529297,link-3,true
return,9162,3.034,-1007.91717529297,link-3,true
return,9163,4.259,-1007.42224121094,link-3,true
return,9164,3.265,-1007.42224121094,link-3,true
return,9165,3.261,-1007.42224121094,link-3,true
return,9166,4.96,-1007.42224121094,link-3,true
return,9167,3.437,-1007.42224121094,link-3,true
return,9168,4.046,-1006.92590332031,link-3,true
return,9169,3.251,-1006.92590332031,link-3,true
return,9170,4.254,-1006.92590332031,link-3,true
return,9171,3.521,-1006.92590332031,link-3,true
return,9172,4.316,-1006.43005371094,link-3,true
return,9173,9.247,-1006.43005371094,link-3,true
return,9174,3.137,-1006.43005371094,link-3,true
return,9175,3.82,-1006.43005371094,link-3,true
return,9176,7.329,-1005.93469238281,link-3,true
return,9177,3.427,-1005.93469238281,link-3,true
return,9178,3.968,-1005.93469238281,link-3,true
return,9179,3.97,-1005.93469238281,link-3,true
return,9180,5.045,-1005.43975830078,link-3,true
return,9181,3.288,-1005.43975830078,link-3,true
return,9182,3.083,-1005.43975830078,link-3,true
return,9183,2.634,-1005.43975830078,link-3,true
return,9184,4.105,-1004.94342041016,link-3,true
return,9185,2.993,-1004.94342041016,link-3,true
return,9186,4.604,-1004.94342041016,link-3,true
return,9187,3.361,-1004.94342041016,link-3,true
return,9188,3.43,-1004.94342041016,link-3,true
return,9189,4.54,-1004.44757080078,link-3,true
return,9190,3.941,-1004.44757080078,link-3,true
return,9191,3.032,-1004.44757080078,link-3,true
return,9192,3.98,-1004.44757080078,link-3,true
return,9193,4.024,-1003.9521484375,link-3,true
return,9194,3.407,-1003.9521484375,link-3,true
return,9195,3.949,-1003.9521484375,link-3,true
return,9196,3.613,-1003.9521484375,link-3,true
return,9197,4.112,-1003.45721435547,link-3,true
return,9198,4.464,-1003.45721435547,link-3,true
return,9199,3.301,-1003.45721435547,link-3,true
return,9200,3.306,-1003.45721435547,link-3,true
return,9201,3.371,-1003.45721435547,link-3,true
return,9202,4.328,-1002.96087646484,link-3,true
return,9203,3.265,-1002.96087646484,link-3,true
return,9204,4.293,-1002.96087646484,link-3,true
return,9205,3.698,-1002.96087646484,link-3,true
return,9206,4.203,-1002.46496582031,link-3,true
return,9207,4.217,-1002.46496582031,link-3,true
return,9208,3.375,-1002.46496582031,link-3,true
return,9209,3.581,-1002.46496582031,link-3,true
return,9210,3.376,-1002.46496582031,link-3,true
return,9211,4.118,-1001.96954345703,link-3,true
return,9212,3.057,-1001.96954345703,link-3,true
return,9213,4.353,-1001.96954345703,link-3,true
return,9214,3.372,-1001.96954345703,link-3,true
return,9215,4.431,-1001.474609375,link-3,true
return,9216,3.365,-1001.474609375,link-3,true
return,9217,4.186,-1001.474609375,link-3,true
return,9218,3.491,-1001.474609375,link-3,true
return,9219,3.98,-1000.97821044922,link-3,true
return,9220,4.287,-1000.97821044922,link-3,true
return,9221,2.919,-1000.97821044922,link-3,true
return,9222,3.577,-1000.97821044922,link-3,true
return,9223,3.587,-1000.97821044922,link-3,true
return,9224,4.352,-1000.48229980469,link-3,true
return,9225,2.947,-1000.48229980469,link-3,true
return,9226,4.765,-1000.48229980469,link-3,true
return,9227,3.4,-1000.48229980469,link-3,true
return,9228,4.242,-999.986877441406,link-2,true
return,9229,3.589,-999.986877441406,link-2,true
return,9230,3.928,-999.986877441406,link-2,true
return,9231,3.493,-999.986877441406,link-2,true
return,9232,3.628,-999.986877441406,link-2,true
return,9233,5.145,-999.491882324219,link-2,true
return,9234,3.707,-999.491882324219,link-2,true
return,9235,3.139,-999.491882324219,link-2,true
return,9236,2.818,-999.491882324219,link-2,true
return,9237,4.618,-998.995483398438,link-2,true
return,9238,3.091,-998.995483398438,link-2,true
return,9239,4.127,-998.995483398438,link-2,true
return,9240,3.495,-998.995483398438,link-2,true
return,9241,3.472,-998.995483398438,link-2,true
return,9242,4.265,-998.499572753906,link-2,true
return,9243,3.607,-998.499572753906,link-2,true
return,9244,3.717,-998.499572753906,link-2,true
return,9245,3.318,-998.499572753906,link-2,true
return,9246,4.455,-998.004089355469,link-2,true
return,9247,3.067,-998.004089355469,link-2,true
return,9248,4.342,-998.004089355469,link-2,true
return,9249,3.561,-998.004089355469,link-2,true
return,9250,4.144,-997.509033203125,link-2,true
return,9251,3.503,-997.509033203125,link-2,true
return,9252,4.463,-997.509033203125,link-2,true
return,9253,3.678,-997.509033203125,link-2,true
return,9254,3.332,-997.509033203125,link-2,true
return,9255,4.403,-997.014465332031,link-2,true
return,9256,2.947,-997.014465332031,link-2,true
return,9257,4.323,-997.014465332031,link-2,true
return,9258,3.488,-997.014465332031,link-2,true
return,9259,4.36,-996.5185546875,link-2,true
return,9260,3.46,-996.5185546875,link-2,true
return,9261,4.273,-996.5185546875,link-2,true
return,9262,3.352,-996.5185546875,link-2,true
return,9263,3.52,-996.5185546875,link-2,true
return,9264,4.287,-996.023071289062,link-2,true
return,9265,3.826,-996.023071289062,link-2,true
return,9266,3.872,-996.023071289062,link-2,true
return,9267,3.421,-996.023071289062,link-2,true
return,9268,4.63,-995.528015136719,link-2,true
return,9269,3.148,-995.528015136719,link-2,true
return,9270,4.182,-995.528015136719,link-2,true
return,9271,5.482,-995.528015136719,link-2,true
return,9272,4.232,-995.033447265625,link-2,true
return,9273,3.228,-995.033447265625,link-2,true
return,9274,2.877,-995.033447265625,link-2,true
return,9275,3.357,-995.033447265625,link-2,true
return,9276,3.527,-995.033447265625,link-2,true
return,9277,4.395,-994.537475585938,link-2,true
return,9278,3.744,-994.537475585938,link-2,true
return,9279,4.25,-994.537475585938,link-2,true
return,9280,3.096,-994.537475585938,link-2,true
return,9281,4.505,-994.041931152344,link-2,true
return,9282,3.382,-994.041931152344,link-2,true
return,9283,4.107,-994.041931152344,link-2,true
return,9284,3.341,-994.041931152344,link-2,true
return,9285,4.44,-993.546875,link-2,true
return,9286,2.916,-993.546875,link-2,true
return,9287,4.429,-993.546875,link-2,true
return,9288,3.669,-993.546875,link-2,true
return,9289,3.39,-993.546875,link-2,true
return,9290,3.982,-993.052307128906,link-2,true
return,9291,2.854,-993.052307128906,link-2,true
return,9292,4.448,-993.052307128906,link-2,true
return,9293,3.315,-993.052307128906,link-2,true
return,9294,4.465,-992.556274414062,link-2,true
return,9295,2.955,-992.556274414062,link-2,true
return,9296,4.58,-992.556274414062,link-2,true
return,9297,3.568,-992.556274414062,link-2,true
return,9298,3.34,-992.556274414062,link-2,true
return,9299,4.384,-992.060729980469,link-2,true
return,9300,3.706,-992.060729980469,link-2,true
return,9301,3.501,-992.060729980469,link-2,true
return,9302,3.536,-992.060729980469,link-2,true
return,9303,4.195,-991.565673828125,link-2,true
return,9304,2.887,-991.565673828125,link-2,true
return,9305,4.616,-991.565673828125,link-2,true
return,9306,3.719,-991.565673828125,link-2,true
return,9307,4.263,-991.071044921875,link-2,true
return,9308,3.03,-991.071044921875,link-2,true
return,9309,4.432,-991.071044921875,link-2,true
return,9310,3.73,-991.071044921875,link-2,true
return,9311,3.135,-991.071044921875,link-2,true
return,9312,4.392,-990.575012207031,link-2,true
return,9313,3.279,-990.575012207031,link-2,true
return,9314,3.793,-990.575012207031,link-2,true
return,9315,3.444,-990.575012207031,link-2,true
return,9316,4.415,-990.079467773438,link-2,true
return,9317,3.322,-990.079467773438,link-2,true
return,9318,3.914,-990.079467773438,link-2,true
return,9319,3.681,-990.079467773438,link-2,true
return,9320,3.464,-990.079467773438,link-2,true
return,9321,4.218,-989.584350585938,link-2,true
return,9322,3.473,-989.584350585938,link-2,true
return,9323,3.492,-989.584350585938,link-2,true
return,9324,3.494,-989.584350585938,link-2,true
return,9325,4.393,-989.089721679688,link-2,true
return,9326,3.209,-989.089721679688,link-2,true
return,9327,4.127,-989.089721679688,link-2,true
return,9328,3.58,-989.089721679688,link-2,true
return,9329,3.371,-989.089721679688,link-2,true
return,9330,4.4,-988.593688964844,link-2,true
return,9331,3.169,-988.593688964844,link-2,true
return,9332,3.786,-988.593688964844,link-2,true
return,9333,3.614,-988.593688964844,link-2,true
return,9334,4.021,-988.098083496094,link-2,true
return,9335,3.041,-988.098083496094,link-2,true
return,9336,4.606,-988.098083496094,link-2,true
return,9337,3.291,-988.098083496094,link-2,true
return,9338,3.434,-988.098083496094,link-2,true
return,9339,4.432,-987.602966308594,link-2,true
return,9340,3.681,-987.602966308594,link-2,true
return,9341,3.539,-987.602966308594,link-2,true
return,9342,3.493,-987.602966308594,link-2,true
return,9343,4.246,-987.108276367188,link-2,true
return,9344,3.108,-987.108276367188,link-2,true
return,9345,4.084,-987.108276367188,link-2,true
return,9346,3.336,-987.108276367188,link-2,true
return,9347,3.295,-987.108276367188,link-2,true
return,9348,4.489,-986.612243652344,link-2,true
return,9349,3.819,-986.612243652344,link-2,true
return,9350,3.52,-986.612243652344,link-2,true
return,9351,3.443,-986.612243652344,link-2,true
return,9352,4.527,-986.116638183594,link-2,true
return,9353,3.632,-986.116638183594,link-2,true
return,9354,3.716,-986.116638183594,link-2,true
return,9355,3.338,-986.116638183594,link-2,true
return,9356,4.728,-985.621459960938,link-2,true
return,9357,3.45,-985.621459960938,link-2,true
return,9358,3.407,-985.621459960938,link-2,true
return,9359,3.575,-985.621459960938,link-2,true
return,9360,3.248,-985.621459960938,link-2,true
return,9361,4.557,-985.126770019531,link-2,true
return,9362,3.47,-985.126770019531,link-2,true
return,9363,3.964,-985.126770019531,link-2,true
return,9364,3.36,-985.126770019531,link-2,true
return,9365,4.507,-984.630676269531,link-2,true
return,9366,2.856,-984.630676269531,link-2,true
return,9367,5.05,-984.630676269531,link-2,true
return,9368,3.043,-984.630676269531,link-2,true
return,9369,3.524,-984.630676269531,link-2,true
return,9370,4.265,-984.135009765625,link-2,true
return,9371,3.095,-984.135009765625,link-2,true
return,9372,4.075,-984.135009765625,link-2,true
return,9373,3.434,-984.135009765625,link-2,true
return,9374,4.262,-983.639831542969,link-2,true
return,9375,2.749,-983.639831542969,link-2,true
return,9376,4.804,-983.639831542969,link-2,true
return,9377,3.44,-983.639831542969,link-2,true
return,9378,3.41,-983.639831542969,link-2,true
return,9379,4.538,-983.145141601562,link-2,true
return,9380,3.47,-983.145141601562,link-2,true
return,9381,3.512,-983.145141601562,link-2,true
return,9382,3.425,-983.145141601562,link-2,true
return,9383,4.144,-982.648986816406,link-2,true
return,9384,2.791,-982.648986816406,link-2,true
return,9385,3.511,-982.648986816406,link-2,true
return,9386,3.509,-982.648986816406,link-2,true
return,9387,3.476,-982.648986816406,link-2,true
return,9388,5.441,-982.1533203125,link-2,true
return,9389,3.336,-982.1533203125,link-2,true
return,9390,2.932,-982.1533203125,link-2,true
return,9391,3.53,-982.1533203125,link-2,true
return,9392,4.454,-981.658142089844,link-2,true
return,9393,4.147,-981.658142089844,link-2,true
return,9394,3.101,-981.658142089844,link-2,true
return,9395,3.631,-981.658142089844,link-2,true
return,9396,4.326,-981.658142089844,link-2,true
return,9397,5.066,-981.163452148438,link-2,true
return,9398,3.19,-981.163452148438,link-2,true
return,9399,3.156,-981.163452148438,link-2,true
return,9400,3.506,-981.163452148438,link-2,true
return,9401,5.427,-980.667358398438,link-2,true
return,9402,2.973,-980.667358398438,link-2,true
return,9403,2.988,-980.667358398438,link-2,true
return,9404,3.38,-980.667358398438,link-2,true
return,9405,3.478,-980.667358398438,link-2,true
return,9406,5.364,-980.171691894531,link-2,true
return,9407,3.13,-980.171691894531,link-2,true
return,9408,2.98,-980.171691894531,link-2,true
return,9409,3.379,-980.171691894531,link-2,true
return,9410,5.423,-979.676513671875,link-2,true
return,9411,2.804,-979.676513671875,link-2,true
return,9412,3.31,-979.676513671875,link-2,true
return,9413,3.332,-979.676513671875,link-2,true
return,9414,3.664,-979.676513671875,link-2,true
return,9415,5.885,-979.181762695312,link-2,true
return,9416,3.184,-979.181762695312,link-2,true
return,9417,2.88,-979.181762695312,link-2,true
return,9418,3.505,-979.181762695312,link-2,true
return,9419,5.9,-978.685607910156,link-2,true
return,9420,2.776,-978.685607910156,link-2,true
return,9421,3.356,-978.685607910156,link-2,true
return,9422,3.561,-978.685607910156,link-2,true
return,9423,4.619,-978.18994140625,link-2,true
return,9424,3.875,-978.18994140625,link-2,true
return,9425,3.236,-978.18994140625,link-2,true
return,9426,3.301,-978.18994140625,link-2,true
return,9427,3.691,-978.18994140625,link-2,true
return,9428,4.976,-977.694702148438,link-2,true
return,9429,2.868,-977.694702148438,link-2,true
return,9430,3.514,-977.694702148438,link-2,true
return,9431,4.315,-977.694702148438,link-2,true
return,9432,5.135,-977.199890136719,link-2,true
return,9433,3.167,-977.199890136719,link-2,true
return,9434,3.209,-977.199890136719,link-2,true
return,9435,2.775,-977.199890136719,link-2,true
return,9436,3.625,-977.199890136719,link-2,true
return,9437,5.246,-976.703735351562,link-2,true
return,9438,2.848,-976.703735351562,link-2,true
return,9439,3.45,-976.703735351562,link-2,true
return,9440,3.422,-976.703735351562,link-2,true
return,9441,5.912,-976.2080078125,link-2,true
return,9442,3.192,-976.2080078125,link-2,true
return,9443,3.189,-976.2080078125,link-2,true
return,9444,3.527,-976.2080078125,link-2,true
return,9445,4.224,-975.712768554688,link-2,true
return,9446,3.709,-975.712768554688,link-2,true
return,9447,3.66,-975.712768554688,link-2,true
return,9448,3.448,-975.712768554688,link-2,true
return,9449,3.456,-975.712768554688,link-2,true
return,9450,6.079,-975.217956542969,link-2,true
return,9451,2.71,-975.217956542969,link-2,true
return,9452,3.435,-975.217956542969,link-2,true
return,9453,3.483,-975.217956542969,link-2,true
return,9454,5.247,-974.721740722656,link-2,true
return,9455,2.944,-974.721740722656,link-2,true
return,9456,3.215,-974.721740722656,link-2,true
return,9457,3.347,-974.721740722656,link-2,true
return,9458,3.393,-974.721740722656,link-2,true
return,9459,5.375,-974.225952148438,link-2,true
return,9460,2.814,-974.225952148438,link-2,true
return,9461,3.684,-974.225952148438,link-2,true
return,9462,3.378,-974.225952148438,link-2,true
return,9463,5.185,-973.730651855469,link-2,true
return,9464,2.95,-973.730651855469,link-2,true
return,9465,3.432,-973.730651855469,link-2,true
return,9466,3.416,-973.730651855469,link-2,true
return,9467,4.4,-973.23583984375,link-2,true
return,9468,3.712,-973.23583984375,link-2,true
return,9469,3.375,-973.23583984375,link-2,true
return,9470,3.692,-973.23583984375,link-2,true
return,9471,3.677,-973.23583984375,link-2,true
return,9472,5.524,-972.739624023438,link-2,true
return,9473,3.435,-972.739624023438,link-2,true
return,9474,3.323,-972.739624023438,link-2,true
return,9475,4.106,-972.739624023438,link-2,true
return,9476,4.727,-972.243835449219,link-2,true
return,9477,3.475,-972.243835449219,link-2,true
return,9478,3.648,-972.243835449219,link-2,true
return,9479,4.999,-972.243835449219,link-2,true
return,9480,5.522,-971.74853515625,link-2,true
return,9481,3.004,-971.74853515625,link-2,true
return,9482,3.009,-971.74853515625,link-2,true
return,9483,2.948,-971.74853515625,link-2,true
return,9484,3.07,-971.74853515625,link-2,true
return,9485,5.649,-971.253723144531,link-2,true
return,9486,2.93,-971.253723144531,link-2,true
return,9487,3.386,-971.253723144531,link-2,true
return,9488,4.293,-971.253723144531,link-2,true
return,9489,5.139,-970.757446289062,link-2,true
return,9490,2.779,-970.757446289062,link-2,true
return,9491,3.12,-970.757446289062,link-2,true
return,9492,3.697,-970.757446289062,link-2,true
return,9493,4.457,-970.261657714844,link-2,true
return,9494,3.342,-970.261657714844,link-2,true
return,9495,3.608,-970.261657714844,link-2,true
return,9496,3.518,-970.261657714844,link-2,true
return,9497,3.609,-970.261657714844,link-2,true
return,9498,5.749,-969.766357421875,link-2,true
return,9499,3.083,-969.766357421875,link-2,true
return,9500,8.044,-969.766357421875,link-2,true
return,9501,15.361,-969.271545410156,link-2,true
return,9502,18.122,-968.775268554688,link-2,true
return,9503,17.511,-968.279479980469,link-2,true
return,9504,15.285,-967.7841796875,link-2,true
return,9505,18.276,-967.289306640625,link-2,true
return,9506,17.543,-966.793029785156,link-2,true
return,9507,16.131,-966.297241210938,link-2,true
return,9508,17.319,-965.801879882812,link-2,true
return,9509,21.669,-965.306945800781,link-2,true
return,9510,14.558,-964.810668945312,link-2,true
return,9511,18.115,-964.314880371094,link-2,true
return,9512,17.956,-963.819519042969,link-2,true
return,9513,14.619,-963.324584960938,link-2,true
return,9514,18.221,-962.828308105469,link-2,true
return,9515,17.584,-962.332458496094,link-2,true
return,9516,14.996,-961.837036132812,link-2,true
return,9517,18.232,-961.342102050781,link-2,true
return,9518,17.449,-960.845764160156,link-2,true
return,9519,15.228,-960.349853515625,link-2,true
return,9520,18.089,-959.854431152344,link-2,true
return,9521,17.769,-958.864990234375,link-2,true
return,9522,14.713,-958.369079589844,link-2,true
return,9523,18.154,-957.873657226562,link-2,true
return,9524,17.84,-957.378723144531,link-2,true
return,9525,14.947,-956.88232421875,link-2,true
return,9526,18.308,-956.386413574219,link-2,true
return,9527,17.538,-955.890991210938,link-2,true
return,9528,14.987,-955.39599609375,link-2,true
return,9529,18.34,-954.901428222656,link-2,true
return,9530,17.624,-954.405517578125,link-2,true
return,9531,15.148,-953.910095214844,link-2,true
return,9532,18.406,-953.415100097656,link-2,true
return,9533,17.529,-952.920532226562,link-2,true
return,9534,15.295,-952.424621582031,link-2,true
return,9535,17.861,-951.929138183594,link-2,true
return,9536,17.37,-951.43408203125,link-2,true
return,9537,15.08,-950.939514160156,link-2,true
return,9538,18.311,-950.443603515625,link-2,true
return,9539,17.747,-949.948120117188,link-2,true
return,9540,15.254,-949.453063964844,link-2,true
return,9541,23.31,-948.464416503906,link-2,true
return,9542,14.41,-947.968872070312,link-2,true
return,9543,15.264,-947.473815917969,link-2,true
return,9544,18.197,-946.979248046875,link-2,true
return,9545,17.578,-946.483276367188,link-2,true
return,9546,15.302,-945.987731933594,link-2,true
return,9547,18.2,-945.49267578125,link-2,true
return,9548,17.58,-944.998107910156,link-2,true
return,9549,15.246,-944.502136230469,link-2,true
return,9550,18.257,-944.006591796875,link-2,true
return,9551,17.613,-943.511535644531,link-2,true
return,9552,15.374,-943.016967773438,link-2,true
return,9553,18.155,-942.520935058594,link-2,true
return,9554,18.042,-942.025390625,link-2,true
return,9555,14.995,-941.530334472656,link-2,true
return,9556,18.244,-941.035766601562,link-2,true
return,9557,17.67,-940.539733886719,link-2,true
return,9558,15.357,-940.044189453125,link-2,true
return,9559,18.361,-939.549133300781,link-2,true
return,9560,17.622,-939.054565429688,link-2,true
return,9561,15.14,-938.55859375,link-2,true
return,9562,18.036,-938.063049316406,link-2,true
return,9563,17.687,-937.567993164062,link-2,true
return,9564,15.372,-937.073425292969,link-2,true
return,9565,18.216,-936.577392578125,link-2,true
return,9566,17.799,-936.081848144531,link-2,true
return,9567,15.207,-935.586791992188,link-2,true
return,9568,18.419,-935.092224121094,link-2,true
return,9569,17.662,-934.59619140625,link-2,true
return,9570,15.582,-934.100646972656,link-2,true
return,9571,18.063,-933.605590820312,link-2,true
return,9572,17.713,-933.111022949219,link-2,true
return,9573,15.078,-932.614990234375,link-2,true
return,9574,18.174,-932.119445800781,link-2,true
return,9575,17.613,-931.624389648438,link-2,true
return,9576,15.457,-931.129821777344,link-2,true
return,9577,17.99,-930.633850097656,link-2,true
return,9578,17.523,-930.138305664062,link-2,true
return,9579,15.055,-929.643249511719,link-2,true
return,9580,18.241,-929.148681640625,link-2,true
return,9581,17.601,-928.652648925781,link-2,true
return,9582,15.221,-928.157104492188,link-2,true
return,9583,18.136,-927.662048339844,link-2,true
return,9584,17.497,-927.16748046875,link-2,true
return,9585,15.081,-926.671508789062,link-2,true
return,9586,18.355,-926.176025390625,link-2,true
return,9587,17.161,-925.680969238281,link-2,true
return,9588,15.222,-925.186401367188,link-2,true
return,9589,18.129,-924.6904296875,link-2,true
return,9590,17.877,-923.699951171875,link-2,true
return,9591,14.902,-923.205383300781,link-2,true
return,9592,17.924,-922.70947265625,link-2,true
return,9593,9.824,-922.214050292969,link-2,true
return,9594,2.797,-922.214050292969,link-2,true
return,9595,4.505,-922.214050292969,link-2,true
return,9596,3.382,-922.214050292969,link-2,true
return,9597,5.332,-921.719055175781,link-2,true
return,9598,2.787,-921.719055175781,link-2,true
return,9599,3.361,-921.719055175781,link-2,true
return,9600,3.352,-921.719055175781,link-2,true
return,9601,4.817,-921.719055175781,link-2,true
return,9602,4.198,-921.224548339844,link-2,true
return,9603,2.961,-921.224548339844,link-2,true
return,9604,3.371,-921.224548339844,link-2,true
return,9605,4.936,-921.224548339844,link-2,true
return,9606,4.18,-920.728637695312,link-2,true
return,9607,2.776,-920.728637695312,link-2,true
return,9608,4.084,-920.728637695312,link-2,true
return,9609,3.061,-920.728637695312,link-2,true
return,9610,4.942,-920.728637695312,link-2,true
return,9611,3.867,-920.233215332031,link-2,true
return,9612,3.168,-920.233215332031,link-2,true
return,9613,3.298,-920.233215332031,link-2,true
return,9614,4.657,-920.233215332031,link-2,true
return,9615,4.065,-919.73828125,link-2,true
return,9616,2.784,-919.73828125,link-2,true
return,9617,3.673,-919.73828125,link-2,true
return,9618,3.327,-919.73828125,link-2,true
return,9619,4.256,-919.73828125,link-2,true
return,9620,4.347,-919.243835449219,link-2,true
return,9621,3.156,-919.243835449219,link-2,true
return,9622,3.06,-919.243835449219,link-2,true
return,9623,4.702,-919.243835449219,link-2,true
return,9624,3.963,-918.747924804688,link-2,true
return,9625,2.889,-918.747924804688,link-2,true
return,9626,3.578,-918.747924804688,link-2,true
return,9627,3.647,-918.747924804688,link-2,true
return,9628,4.267,-918.747924804688,link-2,true
return,9629,4.176,-918.252502441406,link-2,true
return,9630,2.816,-918.252502441406,link-2,true
return,9631,3.564,-918.252502441406,link-2,true
return,9632,4.742,-918.252502441406,link-2,true
return,9633,3.984,-917.757568359375,link-2,true
return,9634,2.863,-917.757568359375,link-2,true
return,9635,5.834,-917.757568359375,link-2,true
return,9636,2.55,-917.757568359375,link-2,true
return,9637,3.49,-917.757568359375,link-2,true
return,9638,3.882,-917.263122558594,link-2,true
return,9639,2.917,-917.263122558594,link-2,true
return,9640,3.782,-917.263122558594,link-2,true
return,9641,4.408,-917.263122558594,link-2,true
return,9642,3.957,-916.767272949219,link-2,true
return,9643,2.925,-916.767272949219,link-2,true
return,9644,3.424,-916.767272949219,link-2,true
return,9645,5.174,-916.767272949219,link-2,true
return,9646,3.658,-916.767272949219,link-2,true
return,9647,4.158,-916.271911621094,link-2,true
return,9648,2.917,-916.271911621094,link-2,true
return,9649,4.348,-916.271911621094,link-2,true
return,9650,3.486,-916.271911621094,link-2,true
return,9651,4.344,-915.776977539062,link-2,true
return,9652,2.995,-915.776977539062,link-2,true
return,9653,3.155,-915.776977539062,link-2,true
return,9654,5.006,-915.776977539062,link-2,true
return,9655,3.389,-915.776977539062,link-2,true
return,9656,4.071,-915.282531738281,link-2,true
return,9657,3.661,-915.282531738281,link-2,true
return,9658,4.255,-915.282531738281,link-2,true
return,9659,3.551,-915.282531738281,link-2,true
return,9660,4.067,-914.786743164062,link-2,true
return,9661,3.02,-914.786743164062,link-2,true
return,9662,3.107,-914.786743164062,link-2,true
return,9663,5.217,-914.786743164062,link-2,true
return,9664,4.48,-914.786743164062,link-2,true
return,9665,4.681,-914.291442871094,link-2,true
return,9666,3.498,-914.291442871094,link-2,true
return,9667,3.49,-914.291442871094,link-2,true
return,9668,3.456,-914.291442871094,link-2,true
return,9669,4.029,-913.796569824219,link-2,true
return,9670,4.083,-913.796569824219,link-2,true
return,9671,4.172,-913.796569824219,link-2,true
return,9672,3.822,-913.796569824219,link-2,true
return,9673,3.964,-913.796569824219,link-2,true
return,9674,3.964,-913.302185058594,link-2,true
return,9675,3.794,-913.302185058594,link-2,true
return,9676,3.66,-913.302185058594,link-2,true
return,9677,3.498,-913.302185058594,link-2,true
return,9678,4.561,-912.806396484375,link-2,true
return,9679,3.791,-912.806396484375,link-2,true
return,9680,3.603,-912.806396484375,link-2,true
return,9681,3.421,-912.806396484375,link-2,true
return,9682,3.595,-912.806396484375,link-2,true
return,9683,4.453,-912.311096191406,link-2,true
return,9684,4.571,-912.311096191406,link-2,true
return,9685,3.271,-912.311096191406,link-2,true
return,9686,3.355,-912.311096191406,link-2,true
return,9687,4.692,-911.816284179688,link-2,true
return,9688,4.22,-911.816284179688,link-2,true
return,9689,4.536,-911.816284179688,link-2,true
return,9690,3.077,-911.816284179688,link-2,true
return,9691,4.114,-911.321960449219,link-2,true
return,9692,3.446,-911.321960449219,link-2,true
return,9693,3.087,-911.321960449219,link-2,true
return,9694,3.446,-911.321960449219,link-2,true
return,9695,3.243,-911.321960449219,link-2,true
return,9696,4.381,-910.826232910156,link-2,true
return,9697,4.276,-910.826232910156,link-2,true
return,9698,3.746,-910.826232910156,link-2,true
return,9699,3.264,-910.826232910156,link-2,true
return,9700,4.229,-910.330993652344,link-2,true
return,9701,2.981,-910.330993652344,link-2,true
return,9702,4.347,-910.330993652344,link-2,true
return,9703,3.544,-910.330993652344,link-2,true
return,9704,3.538,-910.330993652344,link-2,true
return,9705,4.352,-909.836181640625,link-2,true
return,9706,3.85,-909.836181640625,link-2,true
return,9707,3.583,-909.836181640625,link-2,true
return,9708,3.338,-909.836181640625,link-2,true
return,9709,4.284,-909.341857910156,link-2,true
return,9710,4.073,-909.341857910156,link-2,true
return,9711,3.508,-909.341857910156,link-2,true
return,9712,3.29,-909.341857910156,link-2,true
return,9713,3.501,-909.341857910156,link-2,true
return,9714,4.191,-908.84619140625,link-2,true
return,9715,3.989,-908.84619140625,link-2,true
return,9716,3.881,-908.84619140625,link-2,true
return,9717,3.226,-908.84619140625,link-2,true
return,9718,4.386,-908.351013183594,link-2,true
return,9719,4.198,-908.351013183594,link-2,true
return,9720,3.45,-908.351013183594,link-2,true
return,9721,3.805,-908.351013183594,link-2,true
return,9722,4.528,-907.856323242188,link-2,true
return,9723,3.769,-907.856323242188,link-2,true
return,9724,3.651,-907.856323242188,link-2,true
return,9725,3.342,-907.856323242188,link-2,true
return,9726,3.512,-907.856323242188,link-2,true
return,9727,4.407,-907.362060546875,link-2,true
return,9728,4.017,-907.362060546875,link-2,true
return,9729,3.425,-907.362060546875,link-2,true
return,9730,3.555,-907.362060546875,link-2,true
return,9731,4.195,-906.868286132812,link-2,true
return,9732,4.468,-906.868286132812,link-2,true
return,9733,3.442,-906.868286132812,link-2,true
return,9734,3.451,-906.868286132812,link-2,true
return,9735,4.275,-906.373107910156,link-2,true
return,9736,2.642,-906.373107910156,link-2,true
return,9737,4.265,-906.373107910156,link-2,true
return,9738,3.333,-906.373107910156,link-2,true
return,9739,3.605,-906.373107910156,link-2,true
return,9740,4.347,-905.87841796875,link-2,true
return,9741,3.878,-905.87841796875,link-2,true
return,9742,3.527,-905.87841796875,link-2,true
return,9743,3.265,-905.87841796875,link-2,true
return,9744,4.484,-905.384216308594,link-2,true
return,9745,3.246,-905.384216308594,link-2,true
return,9746,3.914,-905.384216308594,link-2,true
return,9747,3.383,-905.384216308594,link-2,true
return,9748,3.8,-905.384216308594,link-2,true
return,9749,4.742,-904.890502929688,link-2,true
return,9750,3.577,-904.890502929688,link-2,true
return,9751,3.373,-904.890502929688,link-2,true
return,9752,6.756,-904.890502929688,link-2,true
return,9753,4.986,-904.395385742188,link-2,true
return,9754,3.206,-904.395385742188,link-2,true
return,9755,2.999,-904.395385742188,link-2,true
return,9756,3.415,-904.395385742188,link-2,true
return,9757,4.407,-903.900756835938,link-2,true
return,9758,3.345,-903.900756835938,link-2,true
return,9759,3.438,-903.900756835938,link-2,true
return,9760,3.49,-903.900756835938,link-2,true
return,9761,4.162,-903.406616210938,link-2,true
return,9762,2.926,-903.406616210938,link-2,true
return,9763,4.174,-903.406616210938,link-2,true
return,9764,3.196,-903.406616210938,link-2,true
return,9765,3.664,-903.406616210938,link-2,true
return,9766,4.228,-902.912902832031,link-2,true
return,9767,4.211,-902.912902832031,link-2,true
return,9768,3.501,-902.912902832031,link-2,true
return,9769,3.827,-902.912902832031,link-2,true
return,9770,4.167,-902.417846679688,link-2,true
return,9771,4.376,-902.417846679688,link-2,true
return,9772,3.369,-902.417846679688,link-2,true
return,9773,3.498,-902.417846679688,link-2,true
return,9774,3.661,-902.417846679688,link-2,true
return,9775,4.227,-901.923278808594,link-2,true
return,9776,3.697,-901.923278808594,link-2,true
return,9777,3.386,-901.923278808594,link-2,true
return,9778,3.492,-901.923278808594,link-2,true
return,9779,4.135,-901.42919921875,link-2,true
return,9780,4.476,-901.42919921875,link-2,true
return,9781,3.576,-901.42919921875,link-2,true
return,9782,3.211,-901.42919921875,link-2,true
return,9783,4.271,-900.935607910156,link-2,true
return,9784,2.632,-900.935607910156,link-2,true
return,9785,4.31,-900.935607910156,link-2,true
return,9786,3.45,-900.935607910156,link-2,true
return,9787,3.534,-900.935607910156,link-2,true
return,9788,4.41,-900.440612792969,link-2,true
return,9789,3.872,-900.440612792969,link-2,true
return,9790,3.427,-900.440612792969,link-2,true
return,9791,3.66,-900.440612792969,link-2,true
return,9792,3.981,-899.946105957031,link-2,true
return,9793,2.664,-899.946105957031,link-2,true
return,9794,4.308,-899.946105957031,link-2,true
return,9795,3.342,-899.946105957031,link-2,true
return,9796,3.593,-899.946105957031,link-2,true
return,9797,4.316,-899.452026367188,link-2,true
return,9798,3.815,-899.452026367188,link-2,true
return,9799,3.566,-899.452026367188,link-2,true
return,9800,3.49,-899.452026367188,link-2,true
return,9801,4.276,-898.958435058594,link-2,true
return,9802,3.024,-898.958435058594,link-2,true
return,9803,4.202,-898.958435058594,link-2,true
return,9804,3.321,-898.958435058594,link-2,true
return,9805,3.678,-898.958435058594,link-2,true
return,9806,4.076,-898.463500976562,link-2,true
return,9807,3.943,-898.463500976562,link-2,true
return,9808,4.028,-898.463500976562,link-2,true
return,9809,2.899,-898.463500976562,link-2,true
return,9810,4.058,-897.969055175781,link-2,true
return,9811,2.949,-897.969055175781,link-2,true
return,9812,4.025,-897.969055175781,link-2,true
return,9813,3.47,-897.969055175781,link-2,true
return,9814,6.471,-897.47509765625,link-2,true
return,9815,3.155,-897.47509765625,link-2,true
return,9816,2.991,-897.47509765625,link-2,true
return,9817,3.362,-897.47509765625,link-2,true
return,9818,3.169,-897.47509765625,link-2,true
return,9819,4.207,-896.981628417969,link-2,true
return,9820,3.953,-896.981628417969,link-2,true
return,9821,3.514,-896.981628417969,link-2,true
return,9822,3.587,-896.981628417969,link-2,true
return,9823,5.117,-896.486755371094,link-2,true
return,9824,3.567,-896.486755371094,link-2,true
return,9825,2.98,-896.486755371094,link-2,true
return,9826,3.396,-896.486755371094,link-2,true
return,9827,3.761,-896.486755371094,link-2,true
return,9828,4.419,-895.992370605469,link-2,true
return,9829,4.051,-895.992370605469,link-2,true
return,9830,3.503,-895.992370605469,link-2,true
return,9831,3.373,-895.992370605469,link-2,true
return,9832,4.295,-895.498474121094,link-2,true
return,9833,2.917,-895.498474121094,link-2,true
return,9834,4.247,-895.498474121094,link-2,true
return,9835,3.434,-895.498474121094,link-2,true
return,9836,3.503,-895.498474121094,link-2,true
return,9837,4.311,-895.005065917969,link-2,true
return,9838,3.879,-895.005065917969,link-2,true
return,9839,3.31,-895.005065917969,link-2,true
return,9840,3.5,-895.005065917969,link-2,true
return,9841,4.491,-894.51025390625,link-2,true
return,9842,3.658,-894.51025390625,link-2,true
return,9843,3.327,-894.51025390625,link-2,true
return,9844,3.396,-894.51025390625,link-2,true
return,9845,3.507,-894.51025390625,link-2,true
return,9846,4.377,-894.015930175781,link-2,true
return,9847,4.162,-894.015930175781,link-2,true
return,9848,3.69,-894.015930175781,link-2,true
return,9849,3.374,-894.015930175781,link-2,true
return,9850,4.318,-893.522094726562,link-2,true
return,9851,4.27,-893.522094726562,link-2,true
return,9852,3.407,-893.522094726562,link-2,true
return,9853,3.346,-893.522094726562,link-2,true
return,9854,4.583,-893.028747558594,link-2,true
return,9855,3.051,-893.028747558594,link-2,true
return,9856,3.535,-893.028747558594,link-2,true
return,9857,3.327,-893.028747558594,link-2,true
return,9858,3.295,-893.028747558594,link-2,true
return,9859,4.345,-892.534057617188,link-2,true
return,9860,3.876,-892.534057617188,link-2,true
return,9861,3.633,-892.534057617188,link-2,true
return,9862,3.507,-892.534057617188,link-2,true
return,9863,4.296,-892.039855957031,link-2,true
return,9864,2.574,-892.039855957031,link-2,true
return,9865,4.969,-892.039855957031,link-2,true
return,9866,3.437,-892.039855957031,link-2,true
return,9867,3.67,-892.039855957031,link-2,true
return,9868,4.241,-891.546081542969,link-2,true
return,9869,2.686,-891.546081542969,link-2,true
return,9870,3.415,-891.546081542969,link-2,true
return,9871,3.99,-891.546081542969,link-2,true
return,9872,3.762,-891.052856445312,link-2,true
return,9873,3.564,-891.052856445312,link-2,true
return,9874,3.415,-891.052856445312,link-2,true
return,9875,3.396,-891.052856445312,link-2,true
return,9876,3.549,-891.052856445312,link-2,true
return,9877,6.03,-890.558227539062,link-2,true
return,9878,3.844,-890.558227539062,link-2,true
return,9879,3.016,-890.558227539062,link-2,true
return,9880,3.512,-890.558227539062,link-2,true
return,9881,4.984,-890.064025878906,link-2,true
return,9882,3.432,-890.064025878906,link-2,true
return,9883,2.897,-890.064025878906,link-2,true
return,9884,3.181,-890.064025878906,link-2,true
return,9885,3.524,-890.064025878906,link-2,true
return,9886,5.469,-889.5703125,link-2,true
return,9887,2.941,-889.5703125,link-2,true
return,9888,3.256,-889.5703125,link-2,true
return,9889,3.741,-889.5703125,link-2,true
return,9890,4.904,-889.077087402344,link-2,true
return,9891,3.454,-889.077087402344,link-2,true
return,9892,2.745,-889.077087402344,link-2,true
return,9893,3.525,-889.077087402344,link-2,true
return,9894,3.299,-889.077087402344,link-2,true
return,9895,5.688,-888.58251953125,link-2,true
return,9896,2.981,-888.58251953125,link-2,true
return,9897,3.378,-888.58251953125,link-2,true
return,9898,3.381,-888.58251953125,link-2,true
return,9899,5.463,-888.088439941406,link-2,true
return,9900,3.026,-888.088439941406,link-2,true
return,9901,2.917,-888.088439941406,link-2,true
return,9902,3.429,-888.088439941406,link-2,true
return,9903,3.557,-888.088439941406,link-2,true
return,9904,5.076,-887.594848632812,link-2,true
return,9905,3.499,-887.594848632812,link-2,true
return,9906,3.284,-887.594848632812,link-2,true
return,9907,3.05,-887.594848632812,link-2,true
return,9908,5.566,-887.101745605469,link-2,true
return,9909,3.007,-887.101745605469,link-2,true
return,9910,3.1,-887.101745605469,link-2,true
return,9911,3.637,-887.101745605469,link-2,true
return,9912,3.378,-887.101745605469,link-2,true
return,9913,5.307,-886.607299804688,link-2,true
return,9914,3.018,-886.607299804688,link-2,true
return,9915,2.824,-886.607299804688,link-2,true
return,9916,3.506,-886.607299804688,link-2,true
return,9917,5.799,-886.113342285156,link-2,true
return,9918,2.951,-886.113342285156,link-2,true
return,9919,3.313,-886.113342285156,link-2,true
return,9920,3.56,-886.113342285156,link-2,true
return,9921,5.177,-885.619873046875,link-2,true
return,9922,3.158,-885.619873046875,link-2,true
return,9923,3.291,-885.619873046875,link-2,true
return,9924,3.515,-885.619873046875,link-2,true
return,9925,3.511,-885.619873046875,link-2,true
return,9926,5.241,-885.126892089844,link-2,true
return,9927,2.787,-885.126892089844,link-2,true
return,9928,3.73,-885.126892089844,link-2,true
return,9929,3.218,-885.126892089844,link-2,true
return,9930,7.312,-884.632507324219,link-2,true
return,9931,2.964,-884.632507324219,link-2,true
return,9932,3.208,-884.632507324219,link-2,true
return,9933,3.547,-884.632507324219,link-2,true
return,9934,4.638,-884.138549804688,link-2,true
return,9935,2.807,-884.138549804688,link-2,true
return,9936,3.417,-884.138549804688,link-2,true
return,9937,3.338,-884.138549804688,link-2,true
return,9938,3.38,-884.138549804688,link-2,true
return,9939,5.658,-883.645080566406,link-2,true
return,9940,2.837,-883.645080566406,link-2,true
return,9941,3.45,-883.645080566406,link-2,true
return,9942,3.575,-883.645080566406,link-2,true
return,9943,5.683,-883.152099609375,link-2,true
return,9944,2.779,-883.152099609375,link-2,true
return,9945,3.376,-883.152099609375,link-2,true
return,9946,3.497,-883.152099609375,link-2,true
return,9947,3.444,-883.152099609375,link-2,true
return,9948,5.099,-882.657775878906,link-2,true
return,9949,2.817,-882.657775878906,link-2,true
return,9950,3.417,-882.657775878906,link-2,true
return,9951,3.514,-882.657775878906,link-2,true
return,9952,5.826,-882.163940429688,link-2,true
return,9953,3.171,-882.163940429688,link-2,true
return,9954,3.268,-882.163940429688,link-2,true
return,9955,3.46,-882.163940429688,link-2,true
return,9956,4.617,-882.163940429688,link-2,true
return,9957,4.274,-881.670593261719,link-2,true
return,9958,2.778,-881.670593261719,link-2,true
return,9959,3.545,-881.670593261719,link-2,true
return,9960,3.401,-881.670593261719,link-2,true
return,9961,5.466,-881.177734375,link-2,true
return,9962,2.948,-881.177734375,link-2,true
return,9963,3.333,-881.177734375,link-2,true
return,9964,3.383,-881.177734375,link-2,true
return,9965,5.915,-880.683532714844,link-2,true
return,9966,2.948,-880.683532714844,link-2,true
return,9967,3.53,-880.683532714844,link-2,true
return,9968,3.426,-880.683532714844,link-2,true
return,9969,3.335,-880.683532714844,link-2,true
return,9970,5.19,-880.189819335938,link-2,true
return,9971,3.137,-880.189819335938,link-2,true
return,9972,3.282,-880.189819335938,link-2,true
return,9973,3.711,-880.189819335938,link-2,true
return,9974,5.497,-879.696594238281,link-2,true
return,9975,2.526,-879.696594238281,link-2,true
return,9976,3.619,-879.696594238281,link-2,true
return,9977,3.452,-879.696594238281,link-2,true
return,9978,4.551,-879.696594238281,link-2,true
return,9979,4.413,-879.203857421875,link-2,true
return,9980,2.924,-879.203857421875,link-2,true
return,9981,3.396,-879.203857421875,link-2,true
return,9982,3.662,-879.203857421875,link-2,true
return,9983,5.536,-878.709716796875,link-2,true
return,9984,3.548,-878.709716796875,link-2,true
return,9985,3.125,-878.709716796875,link-2,true
return,9986,3.904,-878.709716796875,link-2,true
return,9987,4.761,-878.216064453125,link-2,true
return,9988,2.916,-878.216064453125,link-2,true
return,9989,3.518,-878.216064453125,link-2,true
return,9990,3.451,-878.216064453125,link-2,true
return,9991,4.638,-878.216064453125,link-2,true
return,9992,4.383,-877.722961425781,link-2,true
return,9993,2.825,-877.722961425781,link-2,true
return,9994,3.209,-877.722961425781,link-2,true
return,9995,3.538,-877.722961425781,link-2,true
return,9996,5.7,-877.230346679688,link-2,true
return,9997,2.755,-877.230346679688,link-2,true
return,9998,3.469,-877.230346679688,link-2,true
return,9999,3.515,-877.230346679688,link-2,true
return,10000,5.249,-876.736328125,link-2,true
return,10001,3.129,-876.736328125,link-2,true
return,10002,3.376,-876.736328125,link-2,true
return,10003,3.545,-876.736328125,link-2,true
return,10004,3.694,-876.736328125,link-2,true
return,10005,4.978,-876.242736816406,link-2,true
return,10006,2.675,-876.242736816406,link-2,true
return,10007,3.701,-876.242736816406,link-2,true
return,10008,3.436,-876.242736816406,link-2,true
return,10009,5.665,-875.749633789062,link-2,true
return,10010,2.665,-875.749633789062,link-2,true
return,10011,13.024,-875.749633789062,link-2,true
return,10012,15.401,-875.257019042969,link-2,true
return,10013,17.929,-874.763061523438,link-2,true
return,10014,17.591,-874.269592285156,link-2,true
return,10015,15.368,-873.776611328125,link-2,true
return,10016,18.029,-873.284118652344,link-2,true
return,10017,17.576,-872.790283203125,link-2,true
return,10018,15.141,-872.296936035156,link-2,true
return,10019,18.149,-871.804016113281,link-2,true
return,10020,17.119,-871.311645507812,link-2,true
return,10021,15.103,-870.81787109375,link-2,true
return,10022,18.094,-870.324584960938,link-2,true
return,10023,17.32,-869.831726074219,link-2,true
return,10024,15.207,-869.33935546875,link-2,true
return,10025,17.913,-868.845642089844,link-2,true
return,10026,17.538,-868.352416992188,link-2,true
return,10027,15.152,-867.859680175781,link-2,true
return,10028,18.09,-867.367431640625,link-2,true
return,10029,17.692,-866.873840332031,link-2,true
return,10030,15.044,-866.380676269531,link-2,true
return,10031,18.026,-865.888061523438,link-2,true
return,10032,17.561,-865.395935058594,link-2,true
return,10033,15.03,-864.902465820312,link-2,true
return,10034,18.042,-864.409423828125,link-2,true
return,10035,17.429,-863.916870117188,link-2,true
return,10036,15.31,-863.424865722656,link-2,true
return,10037,17.93,-862.931396484375,link-2,true
return,10038,17.466,-862.438415527344,link-2,true
return,10039,15.159,-861.945983886719,link-2,true
return,10040,17.995,-861.453979492188,link-2,true
return,10041,17.672,-860.960632324219,link-2,true
return,10042,14.921,-860.4677734375,link-2,true
return,10043,18.186,-859.975402832031,link-2,true
return,10044,17.491,-859.483520507812,link-2,true
return,10045,15.0,-858.990295410156,link-2,true
return,10046,18.324,-858.49755859375,link-2,true
return,10047,17.68,-857.513488769531,link-2,true
return,10048,14.862,-857.022155761719,link-2,true
return,10049,18.137,-856.529418945312,link-2,true
return,10050,17.508,-856.037170410156,link-2,true
return,10051,15.191,-855.54541015625,link-2,true
return,10052,17.94,-855.054138183594,link-2,true
return,10053,17.652,-854.5615234375,link-2,true
return,10054,15.254,-854.069396972656,link-2,true
return,10055,18.114,-853.577697753906,link-2,true
return,10056,17.659,-853.086547851562,link-2,true
return,10057,15.23,-852.593933105469,link-2,true
return,10058,18.428,-852.101806640625,link-2,true
return,10059,17.519,-851.610168457031,link-2,true
return,10060,15.078,-851.119018554688,link-2,true
return,10061,18.146,-850.626525878906,link-2,true
return,10062,17.566,-850.134521484375,link-2,true
return,10063,15.085,-849.643005371094,link-2,true
return,10064,18.133,-849.151977539062,link-2,true
return,10065,17.407,-848.659484863281,link-2,true
return,10066,15.021,-848.16748046875,link-2,true
return,10067,18.165,-847.675964355469,link-2,true
return,10068,17.684,-847.184936523438,link-2,true
return,10069,14.922,-846.692565917969,link-2,true
return,10070,18.279,-846.20068359375,link-2,true
return,10071,17.269,-845.709228515625,link-2,true
return,10072,15.097,-845.21826171875,link-2,true
return,10073,18.076,-844.725891113281,link-2,true
return,10074,17.539,-844.234008789062,link-2,true
return,10075,15.265,-843.742614746094,link-2,true
return,10076,18.109,-843.251708984375,link-2,true
return,10077,17.743,-842.265686035156,link-2,true
return,10078,14.76,-841.7724609375,link-2,true
return,10079,18.109,-841.279724121094,link-2,true
return,10080,17.721,-840.787475585938,link-2,true
return,10081,14.89,-840.295715332031,link-2,true
return,10082,18.071,-839.804443359375,link-2,true
return,10083,17.471,-839.313598632812,link-2,true
return,10084,14.701,-838.821350097656,link-2,true
return,10085,18.508,-838.32958984375,link-2,true
return,10086,19.376,-837.838317871094,link-2,true
return,10087,12.411,-837.347534179688,link-2,true
return,10088,20.533,-836.855285644531,link-2,true
return,10089,18.54,-836.363586425781,link-2,true
return,10090,14.539,-835.872314453125,link-2,true
return,10091,18.04,-835.381530761719,link-2,true
return,10092,17.451,-834.889343261719,link-2,true
return,10093,14.907,-834.397583007812,link-2,true
return,10094,18.01,-833.906311035156,link-2,true
return,10095,17.514,-833.41552734375,link-2,true
return,10096,14.918,-832.923400878906,link-2,true
return,10097,18.347,-832.431640625,link-2,true
return,10098,17.118,-831.940368652344,link-2,true
return,10099,15.114,-831.449584960938,link-2,true
return,10100,17.774,-830.957458496094,link-2,true
return,10101,17.797,-830.465759277344,link-2,true
return,10102,14.767,-829.974487304688,link-2,true
return,10103,17.985,-829.483703613281,link-2,true
return,10104,17.781,-828.991516113281,link-2,true
return,10105,14.86,-828.499816894531,link-2,true
return,10106,18.145,-828.008544921875,link-2,true
return,10107,17.431,-827.517761230469,link-2,true
return,10108,15.064,-827.025634765625,link-2,true
return,10109,18.432,-826.533874511719,link-2,true
return,10110,17.087,-826.042602539062,link-2,true
return,10111,15.279,-825.551818847656,link-2,true
return,10112,17.821,-825.0595703125,link-2,true
return,10113,17.635,-824.567810058594,link-2,true
return,10114,15.098,-824.076538085938,link-2,true
return,10115,18.144,-823.585754394531,link-2,true
return,10116,17.426,-823.093505859375,link-2,true
return,10117,15.138,-822.601745605469,link-2,true
return,10118,18.264,-822.110473632812,link-2,true
return,10119,17.569,-821.61962890625,link-2,true
return,10120,15.139,-821.127380371094,link-2,true
return,10121,18.268,-820.635559082031,link-2,true
return,10122,17.321,-820.144226074219,link-2,true
return,10123,15.644,-819.6533203125,link-2,true
return,10124,17.949,-819.161071777344,link-2,true
return,10125,17.578,-818.669189453125,link-2,true
return,10126,14.977,-818.177795410156,link-2,true
return,10127,18.144,-817.686889648438,link-2,true
return,10128,17.31,-817.194580078125,link-2,true
return,10129,15.167,-816.702697753906,link-2,true
return,10130,18.12,-816.211303710938,link-2,true
return,10131,17.522,-815.720336914062,link-2,true
return,10132,15.156,-815.227966308594,link-2,true
return,10133,18.132,-814.736022949219,link-2,true
return,10134,17.256,-814.244506835938,link-2,true
return,10135,15.231,-813.753479003906,link-2,true
return,10136,18.049,-813.262878417969,link-2,true
return,10137,17.374,-812.770874023438,link-2,true
return,10138,15.151,-812.279357910156,link-2,true
return,10139,18.164,-811.788269042969,link-2,true
return,10140,17.389,-811.297607421875,link-2,true
return,10141,14.924,-810.805541992188,link-2,true
return,10142,18.018,-810.313903808594,link-2,true
return,10143,17.465,-809.82275390625,link-2,true
return,10144,14.924,-809.33203125,link-2,true
return,10145,18.128,-808.839904785156,link-2,true
return,10146,17.705,-807.85693359375,link-2,true
return,10147,14.766,-807.366088867188,link-2,true
return,10148,17.978,-806.873901367188,link-2,true
return,10149,17.539,-806.382141113281,link-2,true
return,10150,14.963,-805.890808105469,link-2,true
return,10151,18.02,-805.39990234375,link-2,true
return,10152,17.451,-804.907531738281,link-2,true
return,10153,14.93,-804.415649414062,link-2,true
return,10154,17.638,-803.924194335938,link-2,true
return,10155,17.464,-803.433227539062,link-2,true
return,10156,14.954,-802.940795898438,link-2,true
return,10157,18.21,-802.448852539062,link-2,true
return,10158,17.523,-801.957336425781,link-2,true
return,10159,15.033,-801.466247558594,link-2,true
return,10160,18.061,-800.973693847656,link-2,true
return,10161,17.482,-800.481628417969,link-2,true
return,10162,15.183,-799.989990234375,link-2,true
return,10163,17.917,-799.498779296875,link-2,true
return,10164,17.409,-799.006164550781,link-2,true
return,10165,15.105,-798.513977050781,link-2,true
return,10166,18.097,-798.022277832031,link-2,true
return,10167,17.426,-797.530944824219,link-2,true
return,10168,15.132,-797.038208007812,link-2,true
return,10169,18.094,-796.5458984375,link-2,true
return,10170,17.428,-796.054016113281,link-2,true
return,10171,15.032,-795.562561035156,link-2,true
return,10172,18.193,-795.069702148438,link-2,true
return,10173,17.525,-794.577270507812,link-2,true
return,10174,15.08,-794.085266113281,link-2,true
return,10175,18.017,-793.593688964844,link-2,true
return,10176,17.736,-793.100708007812,link-2,true
return,10177,14.881,-792.608154296875,link-2,true
return,10178,18.205,-792.116027832031,link-2,true
return,10179,17.556,-791.624328613281,link-2,true
return,10180,15.123,-791.131164550781,link-2,true
return,10181,18.19,-790.638488769531,link-2,true
return,10182,17.416,-790.146240234375,link-2,true
return,10183,15.5,-789.654418945312,link-2,true
return,10184,17.907,-789.161193847656,link-2,true
return,10185,17.475,-788.668395996094,link-2,true
return,10186,15.239,-788.176025390625,link-2,true
return,10187,18.226,-787.68408203125,link-2,true
return,10188,17.527,-787.190734863281,link-2,true
return,10189,15.262,-786.69775390625,link-2,true
return,10190,18.003,-786.205200195312,link-2,true
return,10191,17.479,-785.713134765625,link-2,true
return,10192,15.216,-785.219665527344,link-2,true
return,10193,18.42,-784.7265625,link-2,true
return,10194,17.221,-784.23388671875,link-2,true
return,10195,15.249,-783.74169921875,link-2,true
return,10196,18.407,-783.248046875,link-2,true
return,10197,17.32,-782.754821777344,link-2,true
return,10198,7.399,-782.262023925781,link-2,true
return,10199,4.927,-782.262023925781,link-2,true
return,10200,3.575,-781.769653320312,link-2,true
return,10201,3.07,-781.769653320312,link-2,true
return,10202,4.958,-781.769653320312,link-2,true
return,10203,3.466,-781.769653320312,link-2,true
return,10204,4.122,-781.27587890625,link-2,true
return,10205,3.106,-781.27587890625,link-2,true
return,10206,3.091,-781.27587890625,link-2,true
return,10207,4.623,-781.27587890625,link-2,true
return,10208,3.211,-781.27587890625,link-2,true
return,10209,4.408,-780.782531738281,link-2,true
return,10210,2.593,-780.782531738281,link-2,true
return,10211,4.847,-780.782531738281,link-2,true
return,10212,3.571,-780.782531738281,link-2,true
return,10213,4.134,-780.289611816406,link-2,true
return,10214,2.814,-780.289611816406,link-2,true
return,10215,3.679,-780.289611816406,link-2,true
return,10216,4.36,-780.289611816406,link-2,true
return,10217,3.437,-780.289611816406,link-2,true
return,10218,4.433,-779.797119140625,link-2,true
return,10219,3.802,-779.797119140625,link-2,true
return,10220,3.536,-779.797119140625,link-2,true
return,10221,3.614,-779.797119140625,link-2,true
return,10222,4.066,-779.303161621094,link-2,true
return,10223,3.27,-779.303161621094,link-2,true
return,10224,4.515,-779.303161621094,link-2,true
return,10225,3.417,-779.303161621094,link-2,true
return,10226,3.41,-779.303161621094,link-2,true
return,10227,4.156,-778.809631347656,link-2,true
return,10228,2.855,-778.809631347656,link-2,true
return,10229,5.008,-778.809631347656,link-2,true
return,10230,3.375,-778.809631347656,link-2,true
return,10231,3.865,-778.316528320312,link-2,true
return,10232,3.698,-778.316528320312,link-2,true
return,10233,4.47,-778.316528320312,link-2,true
return,10234,3.392,-778.316528320312,link-2,true
return,10235,3.526,-778.316528320312,link-2,true
return,10236,4.023,-777.823852539062,link-2,true
return,10237,3.099,-777.823852539062,link-2,true
return,10238,4.14,-777.823852539062,link-2,true
return,10239,3.454,-777.823852539062,link-2,true
return,10240,4.505,-777.329772949219,link-2,true
return,10241,3.332,-777.329772949219,link-2,true
return,10242,3.98,-777.329772949219,link-2,true
return,10243,3.551,-777.329772949219,link-2,true
return,10244,3.173,-777.329772949219,link-2,true
return,10245,4.173,-776.836120605469,link-2,true
return,10246,3.271,-776.836120605469,link-2,true
return,10247,3.949,-776.836120605469,link-2,true
return,10248,3.431,-776.836120605469,link-2,true
return,10249,4.521,-776.342895507812,link-2,true
return,10250,3.232,-776.342895507812,link-2,true
return,10251,3.955,-776.342895507812,link-2,true
return,10252,3.531,-776.342895507812,link-2,true
return,10253,3.258,-776.342895507812,link-2,true
return,10254,4.232,-775.85009765625,link-2,true
return,10255,3.845,-775.85009765625,link-2,true
return,10256,3.641,-775.85009765625,link-2,true
return,10257,3.192,-775.85009765625,link-2,true
return,10258,4.447,-775.355895996094,link-2,true
return,10259,2.869,-775.355895996094,link-2,true
return,10260,4.501,-775.355895996094,link-2,true
return,10261,3.402,-775.355895996094,link-2,true
return,10262,3.243,-775.355895996094,link-2,true
return,10263,4.258,-774.862121582031,link-2,true
return,10264,2.774,-774.862121582031,link-2,true
return,10265,4.499,-774.862121582031,link-2,true
return,10266,3.799,-774.862121582031,link-2,true
return,10267,4.305,-774.368774414062,link-2,true
return,10268,3.488,-774.368774414062,link-2,true
return,10269,3.912,-774.368774414062,link-2,true
return,10270,3.386,-774.368774414062,link-2,true
return,10271,3.432,-774.368774414062,link-2,true
return,10272,4.272,-773.875854492188,link-2,true
return,10273,3.949,-773.875854492188,link-2,true
return,10274,3.759,-773.875854492188,link-2,true
return,10275,3.474,-773.875854492188,link-2,true
return,10276,4.071,-773.381469726562,link-2,true
return,10277,2.768,-773.381469726562,link-2,true
return,10278,4.668,-773.381469726562,link-2,true
return,10279,3.412,-773.381469726562,link-2,true
return,10280,3.522,-773.381469726562,link-2,true
return,10281,4.433,-772.887512207031,link-2,true
return,10282,4.302,-772.887512207031,link-2,true
return,10283,3.525,-772.887512207031,link-2,true
return,10284,3.453,-772.887512207031,link-2,true
return,10285,4.008,-772.393981933594,link-2,true
return,10286,2.934,-772.393981933594,link-2,true
return,10287,4.18,-772.393981933594,link-2,true
return,10288,3.34,-772.393981933594,link-2,true
return,10289,3.63,-772.393981933594,link-2,true
return,10290,4.246,-771.90087890625,link-2,true
return,10291,4.474,-771.90087890625,link-2,true
return,10292,3.489,-771.90087890625,link-2,true
return,10293,3.25,-771.90087890625,link-2,true
return,10294,4.293,-771.406372070312,link-2,true
return,10295,3.934,-771.406372070312,link-2,true
return,10296,3.468,-771.406372070312,link-2,true
return,10297,3.52,-771.406372070312,link-2,true
return,10298,5.838,-771.406372070312,link-2,true
return,10299,3.828,-770.912292480469,link-2,true
return,10300,4.213,-770.912292480469,link-2,true
return,10301,3.092,-770.912292480469,link-2,true
return,10302,3.652,-770.912292480469,link-2,true
return,10303,4.398,-770.418640136719,link-2,true
return,10304,3.394,-770.418640136719,link-2,true
return,10305,3.842,-770.418640136719,link-2,true
return,10306,3.835,-770.418640136719,link-2,true
return,10307,3.31,-770.418640136719,link-2,true
return,10308,4.615,-769.925415039062,link-2,true
return,10309,3.225,-769.925415039062,link-2,true
return,10310,2.932,-769.925415039062,link-2,true
return,10311,3.509,-769.925415039062,link-2,true
return,10312,4.097,-769.430786132812,link-2,true
return,10313,3.832,-769.430786132812,link-2,true
return,10314,3.55,-769.430786132812,link-2,true
return,10315,3.342,-769.430786132812,link-2,true
return,10316,3.339,-769.430786132812,link-2,true
return,10317,6.025,-768.9365234375,link-2,true
return,10318,2.999,-768.9365234375,link-2,true
return,10319,3.129,-768.9365234375,link-2,true
return,10320,3.523,-768.9365234375,link-2,true
return,10321,4.425,-768.442749023438,link-2,true
return,10322,3.43,-768.442749023438,link-2,true
return,10323,3.434,-768.442749023438,link-2,true
return,10324,3.576,-768.442749023438,link-2,true
return,10325,3.428,-768.442749023438,link-2,true
return,10326,5.689,-767.949401855469,link-2,true
return,10327,2.763,-767.949401855469,link-2,true
return,10328,7.847,-767.949401855469,link-2,true
return,10329,2.804,-767.949401855469,link-2,true
return,10330,3.663,-767.454650878906,link-2,true
return,10331,3.051,-767.454650878906,link-2,true
return,10332,2.721,-767.454650878906,link-2,true
return,10333,3.335,-767.454650878906,link-2,true
return,10334,4.496,-766.960266113281,link-2,true
return,10335,3.307,-766.960266113281,link-2,true
return,10336,3.323,-766.960266113281,link-2,true
return,10337,3.767,-766.960266113281,link-2,true
return,10338,4.435,-766.960266113281,link-2,true
return,10339,4.041,-766.46630859375,link-2,true
return,10340,3.231,-766.46630859375,link-2,true
return,10341,5.657,-766.46630859375,link-2,true
return,10342,2.871,-766.46630859375,link-2,true
return,10343,3.643,-765.972778320312,link-2,true
return,10344,3.805,-765.972778320312,link-2,true
return,10345,5.641,-765.972778320312,link-2,true
return,10346,3.039,-765.972778320312,link-2,true
return,10347,4.398,-765.477844238281,link-2,true
return,10348,3.479,-765.477844238281,link-2,true
return,10349,3.583,-765.477844238281,link-2,true
return,10350,3.595,-765.477844238281,link-2,true
return,10351,3.473,-765.477844238281,link-2,true
return,10352,5.429,-764.983337402344,link-2,true
return,10353,2.898,-764.983337402344,link-2,true
return,10354,3.812,-764.983337402344,link-2,true
return,10355,3.236,-764.983337402344,link-2,true
return,10356,5.385,-764.4892578125,link-2,true
return,10357,3.081,-764.4892578125,link-2,true
return,10358,3.168,-764.4892578125,link-2,true
return,10359,5.401,-764.4892578125,link-2,true
return,10360,3.467,-763.99560546875,link-2,true
return,10361,3.138,-763.99560546875,link-2,true
return,10362,3.367,-763.99560546875,link-2,true
return,10363,3.727,-763.99560546875,link-2,true
return,10364,3.431,-763.99560546875,link-2,true
return,10365,5.378,-763.502380371094,link-2,true
return,10366,2.751,-763.502380371094,link-2,true
return,10367,3.6,-763.502380371094,link-2,true
return,10368,3.347,-763.502380371094,link-2,true
return,10369,5.931,-763.007690429688,link-2,true
return,10370,2.927,-763.007690429688,link-2,true
return,10371,3.036,-763.007690429688,link-2,true
return,10372,3.647,-763.007690429688,link-2,true
return,10373,4.346,-762.513488769531,link-2,true
return,10374,3.535,-762.513488769531,link-2,true
return,10375,3.619,-762.513488769531,link-2,true
return,10376,3.479,-762.513488769531,link-2,true
return,10377,3.343,-762.513488769531,link-2,true
return,10378,5.429,-762.019714355469,link-2,true
return,10379,3.026,-762.019714355469,link-2,true
return,10380,3.259,-762.019714355469,link-2,true
return,10381,3.655,-762.019714355469,link-2,true
return,10382,4.178,-761.5263671875,link-2,true
return,10383,3.517,-761.5263671875,link-2,true
return,10384,3.414,-761.5263671875,link-2,true
return,10385,3.484,-761.5263671875,link-2,true
return,10386,3.458,-761.5263671875,link-2,true
return,10387,5.384,-761.031555175781,link-2,true
return,10388,2.891,-761.031555175781,link-2,true
return,10389,3.34,-761.031555175781,link-2,true
return,10390,6.756,-761.031555175781,link-2,true
return,10391,3.264,-760.537170410156,link-2,true
return,10392,2.938,-760.537170410156,link-2,true
return,10393,2.618,-760.537170410156,link-2,true
return,10394,3.602,-760.537170410156,link-2,true
return,10395,8.271,-760.043212890625,link-2,true
return,10396,2.894,-760.043212890625,link-2,true
return,10397,2.755,-760.043212890625,link-2,true
return,10398,2.83,-760.043212890625,link-2,true
return,10399,3.669,-760.043212890625,link-2,true
return,10400,5.608,-759.549743652344,link-2,true
return,10401,3.255,-759.549743652344,link-2,true
return,10402,3.054,-759.549743652344,link-2,true
return,10403,3.35,-759.549743652344,link-2,true
return,10404,5.288,-759.054809570312,link-2,true
return,10405,2.836,-759.054809570312,link-2,true
return,10406,3.494,-759.054809570312,link-2,true
return,10407,3.569,-759.054809570312,link-2,true
return,10408,7.627,-758.560302734375,link-2,true
return,10409,3.019,-758.560302734375,link-2,true
return,10410,2.603,-758.560302734375,link-2,true
return,10411,3.279,-758.560302734375,link-2,true
return,10412,4.901,-758.066223144531,link-2,true
return,10413,3.267,-758.066223144531,link-2,true
return,10414,3.086,-758.066223144531,link-2,true
return,10415,3.706,-758.066223144531,link-2,true
return,10416,3.347,-758.066223144531,link-2,true
return,10417,5.448,-757.572631835938,link-2,true
return,10418,2.688,-757.572631835938,link-2,true
return,10419,3.62,-757.572631835938,link-2,true
return,10420,3.518,-757.572631835938,link-2,true
return,10421,4.107,-757.077575683594,link-2,true
return,10422,3.81,-757.077575683594,link-2,true
return,10423,3.924,-757.077575683594,link-2,true
return,10424,3.534,-757.077575683594,link-2,true
return,10425,3.234,-757.077575683594,link-2,true
return,10426,5.657,-756.582946777344,link-2,true
return,10427,2.828,-756.582946777344,link-2,true
return,10428,3.487,-756.582946777344,link-2,true
return,10429,3.319,-756.582946777344,link-2,true
return,10430,5.703,-756.088745117188,link-2,true
return,10431,3.478,-756.088745117188,link-2,true
return,10432,2.453,-756.088745117188,link-2,true
return,10433,3.864,-756.088745117188,link-2,true
return,10434,3.486,-756.088745117188,link-2,true
return,10435,4.855,-755.594970703125,link-2,true
return,10436,2.781,-755.594970703125,link-2,true
return,10437,3.458,-755.594970703125,link-2,true
return,10438,3.636,-755.594970703125,link-2,true
return,10439,6.309,-755.099792480469,link-2,true
return,10440,3.331,-755.099792480469,link-2,true
return,10441,2.851,-755.099792480469,link-2,true
return,10442,3.757,-755.099792480469,link-2,true
return,10443,4.998,-754.605041503906,link-2,true
return,10444,2.825,-754.605041503906,link-2,true
return,10445,3.523,-754.605041503906,link-2,true
return,10446,3.641,-754.605041503906,link-2,true
return,10447,3.268,-754.605041503906,link-2,true
return,10448,5.647,-754.110717773438,link-2,true
return,10449,3.167,-754.110717773438,link-2,true
return,10450,2.896,-754.110717773438,link-2,true
return,10451,3.501,-754.110717773438,link-2,true
return,10452,5.705,-753.616821289062,link-2,true
return,10453,3.408,-753.616821289062,link-2,true
return,10454,2.953,-753.616821289062,link-2,true
return,10455,5.27,-753.616821289062,link-2,true
return,10456,4.303,-753.121520996094,link-2,true
return,10457,2.863,-753.121520996094,link-2,true
return,10458,2.513,-753.121520996094,link-2,true
return,10459,3.557,-753.121520996094,link-2,true
return,10460,3.15,-753.121520996094,link-2,true
return,10461,5.5,-752.626647949219,link-2,true
return,10462,3.495,-752.626647949219,link-2,true
return,10463,2.844,-752.626647949219,link-2,true
return,10464,3.593,-752.626647949219,link-2,true
return,10465,4.254,-752.132202148438,link-2,true
return,10466,3.465,-752.132202148438,link-2,true
return,10467,3.299,-752.132202148438,link-2,true
return,10468,3.531,-752.132202148438,link-2,true
return,10469,3.282,-752.132202148438,link-2,true
return,10470,6.059,-751.638244628906,link-2,true
return,10471,3.221,-751.638244628906,link-2,true
return,10472,2.872,-751.638244628906,link-2,true
return,10473,3.308,-751.638244628906,link-2,true
return,10474,4.339,-751.142822265625,link-2,true
return,10475,3.468,-751.142822265625,link-2,true
return,10476,3.603,-751.142822265625,link-2,true
return,10477,3.387,-751.142822265625,link-2,true
return,10478,3.306,-751.142822265625,link-2,true
return,10479,5.521,-750.647827148438,link-2,true
return,10480,3.393,-750.647827148438,link-2,true
return,10481,2.833,-750.647827148438,link-2,true
return,10482,3.799,-750.647827148438,link-2,true
return,10483,4.875,-750.153259277344,link-2,true
return,10484,2.948,-750.153259277344,link-2,true
return,10485,3.442,-750.153259277344,link-2,true
return,10486,3.52,-750.153259277344,link-2,true
return,10487,3.474,-750.153259277344,link-2,true
return,10488,5.378,-749.6591796875,link-2,true
return,10489,3.033,-749.6591796875,link-2,true
return,10490,3.417,-749.6591796875,link-2,true
return,10491,3.359,-749.6591796875,link-2,true
return,10492,5.621,-749.163635253906,link-2,true
return,10493,3.407,-749.163635253906,link-2,true
return,10494,3.079,-749.163635253906,link-2,true
return,10495,3.388,-749.163635253906,link-2,true
return,10496,3.285,-749.163635253906,link-2,true
return,10497,5.386,-748.668579101562,link-2,true
return,10498,3.023,-748.668579101562,link-2,true
return,10499,3.251,-748.668579101562,link-2,true
return,10500,3.412,-748.668579101562,link-2,true
return,10501,5.682,-748.173950195312,link-2,true
return,10502,3.175,-748.173950195312,link-2,true
return,10503,3.22,-748.173950195312,link-2,true
return,10504,3.554,-748.173950195312,link-2,true
return,10505,3.395,-748.173950195312,link-2,true
return,10506,4.993,-747.679748535156,link-2,true
return,10507,3.107,-747.679748535156,link-2,true
return,10508,3.315,-747.679748535156,link-2,true
return,10509,3.349,-747.679748535156,link-2,true
return,10510,5.595,-747.184143066406,link-2,true
return,10511,2.847,-747.184143066406,link-2,true
return,10512,3.332,-747.184143066406,link-2,true
return,10513,3.487,-747.184143066406,link-2,true
return,10514,5.399,-746.68896484375,link-2,true
return,10515,3.217,-746.68896484375,link-2,true
return,10516,3.07,-746.68896484375,link-2,true
return,10517,3.517,-746.68896484375,link-2,true
return,10518,3.39,-746.68896484375,link-2,true
return,10519,5.635,-746.194213867188,link-2,true
return,10520,3.349,-746.194213867188,link-2,true
return,10521,2.812,-746.194213867188,link-2,true
return,10522,3.55,-746.194213867188,link-2,true
return,10523,5.777,-745.699951171875,link-2,true
return,10524,3.263,-745.699951171875,link-2,true
return,10525,3.237,-745.699951171875,link-2,true
return,10526,3.486,-745.699951171875,link-2,true
return,10527,5.133,-745.204223632812,link-2,true
return,10528,3.164,-745.204223632812,link-2,true
return,10529,3.08,-745.204223632812,link-2,true
return,10530,3.621,-745.204223632812,link-2,true
return,10531,3.264,-745.204223632812,link-2,true
return,10532,5.551,-744.708984375,link-2,true
return,10533,2.904,-744.708984375,link-2,true
return,10534,3.508,-744.708984375,link-2,true
return,10535,3.39,-744.708984375,link-2,true
return,10536,4.961,-744.214172363281,link-2,true
return,10537,2.958,-744.214172363281,link-2,true
return,10538,3.279,-744.214172363281,link-2,true
return,10539,3.627,-744.214172363281,link-2,true
return,10540,3.492,-744.214172363281,link-2,true
return,10541,6.136,-743.719787597656,link-2,true
return,10542,2.953,-743.719787597656,link-2,true
return,10543,3.576,-743.719787597656,link-2,true
return,10544,3.361,-743.719787597656,link-2,true
return,10545,5.316,-743.223999023438,link-2,true
return,10546,2.826,-743.223999023438,link-2,true
return,10547,4.174,-743.223999023438,link-2,true
return,10548,3.151,-743.223999023438,link-2,true
return,10549,4.7,-742.728637695312,link-2,true
return,10550,3.102,-742.728637695312,link-2,true
return,10551,3.084,-742.728637695312,link-2,true
return,10552,3.576,-742.728637695312,link-2,true
return,10553,3.589,-742.728637695312,link-2,true
return,10554,5.207,-742.233703613281,link-2,true
return,10555,3.026,-742.233703613281,link-2,true
return,10556,3.363,-742.233703613281,link-2,true
return,10557,3.561,-742.233703613281,link-2,true
return,10558,4.224,-741.7392578125,link-2,true
return,10559,3.465,-741.7392578125,link-2,true
return,10560,3.413,-741.7392578125,link-2,true
return,10561,3.578,-741.7392578125,link-2,true
return,10562,3.484,-741.7392578125,link-2,true
return,10563,5.617,-741.243408203125,link-2,true
return,10564,3.279,-741.243408203125,link-2,true
return,10565,3.112,-741.243408203125,link-2,true
return,10566,3.482,-741.243408203125,link-2,true
return,10567,4.063,-740.747985839844,link-2,true
return,10568,2.942,-740.747985839844,link-2,true
return,10569,3.368,-740.747985839844,link-2,true
return,10570,3.483,-740.747985839844,link-2,true
return,10571,4.871,-740.747985839844,link-2,true
return,10572,3.989,-740.252990722656,link-2,true
return,10573,3.068,-740.252990722656,link-2,true
return,10574,4.163,-740.252990722656,link-2,true
return,10575,4.67,-740.252990722656,link-2,true
return,10576,3.9,-739.758483886719,link-2,true
return,10577,3.089,-739.758483886719,link-2,true
return,10578,3.194,-739.758483886719,link-2,true
return,10579,5.028,-739.758483886719,link-2,true
return,10580,3.509,-739.758483886719,link-2,true
return,10581,4.471,-739.262512207031,link-2,true
return,10582,3.42,-739.262512207031,link-2,true
return,10583,2.794,-739.262512207031,link-2,true
return,10584,4.188,-739.262512207031,link-2,true
return,10585,4.13,-738.766967773438,link-2,true
return,10586,3.007,-738.766967773438,link-2,true
return,10587,3.424,-738.766967773438,link-2,true
return,10588,5.076,-738.766967773438,link-2,true
return,10589,4.062,-738.271911621094,link-2,true
return,10590,2.909,-738.271911621094,link-2,true
return,10591,3.454,-738.271911621094,link-2,true
return,10592,3.442,-738.271911621094,link-2,true
return,10593,4.461,-738.271911621094,link-2,true
return,10594,4.069,-737.777282714844,link-2,true
return,10595,2.792,-737.777282714844,link-2,true
return,10596,4.419,-737.777282714844,link-2,true
return,10597,4.222,-737.777282714844,link-2,true
return,10598,4.495,-737.28125,link-2,true
return,10599,3.397,-737.28125,link-2,true
return,10600,3.304,-737.28125,link-2,true
return,10601,4.645,-737.28125,link-2,true
return,10602,7.861,-736.785705566406,link-2,true
return,10603,3.455,-736.785705566406,link-2,true
return,10604,3.547,-736.785705566406,link-2,true
return,10605,3.831,-736.785705566406,link-2,true
return,10606,3.547,-736.290588378906,link-2,true
return,10607,3.214,-736.290588378906,link-2,true
return,10608,2.989,-736.290588378906,link-2,true
return,10609,5.354,-736.290588378906,link-2,true
return,10610,4.008,-735.795959472656,link-2,true
return,10611,3.325,-735.795959472656,link-2,true
return,10612,3.112,-735.795959472656,link-2,true
return,10613,4.673,-735.795959472656,link-2,true
return,10614,11.291,-735.299926757812,link-2,true
return,10615,13.871,-735.299926757812,link-2,true
return,10616,20.566,-734.804321289062,link-2,true
return,10617,14.968,-734.309143066406,link-2,true
return,10618,17.535,-733.814453125,link-2,true
return,10619,22.513,-732.820861816406,link-2,true
return,10620,13.77,-732.323791503906,link-2,true
return,10621,22.821,-731.827209472656,link-2,true
return,10622,14.852,-731.3310546875,link-2,true
return,10623,15.08,-730.835388183594,link-2,true
return,10624,18.386,-730.340209960938,link-2,true
return,10625,17.635,-729.845458984375,link-2,true
return,10626,15.219,-729.349304199219,link-2,true
return,10627,18.391,-728.853637695312,link-2,true
return,10628,17.47,-728.3583984375,link-2,true
return,10629,15.334,-727.863647460938,link-2,true
return,10630,18.299,-727.367492675781,link-2,true
return,10631,21.964,-726.376586914062,link-2,true
return,10632,14.221,-725.8818359375,link-2,true
return,10633,18.469,-725.385681152344,link-2,true
return,10634,17.634,-724.889953613281,link-2,true
return,10635,15.389,-724.394714355469,link-2,true
return,10636,18.142,-723.899963378906,link-2,true
return,10637,17.45,-723.40380859375,link-2,true
return,10638,15.457,-722.908142089844,link-2,true
return,10639,18.258,-722.412963867188,link-2,true
return,10640,17.446,-721.918273925781,link-2,true
return,10641,15.104,-721.422180175781,link-2,true
return,10642,18.223,-720.926513671875,link-2,true
return,10643,17.526,-720.431335449219,link-2,true
return,10644,15.029,-719.936645507812,link-2,true
return,10645,18.42,-719.440551757812,link-2,true
return,10646,17.456,-718.944946289062,link-2,true
return,10647,19.164,-718.449829101562,link-2,true
return,10648,13.956,-717.955200195312,link-2,true
return,10649,18.713,-717.459167480469,link-2,true
return,10650,13.413,-716.963623046875,link-2,true
return,10651,22.575,-716.468566894531,link-2,true
return,10652,15.265,-715.973999023438,link-2,true
return,10653,14.454,-715.47802734375,link-2,true
return,10654,18.201,-714.982543945312,link-2,true
return,10655,17.648,-714.487548828125,link-2,true
return,10656,15.127,-713.993041992188,link-2,true
return,10657,18.44,-713.497131347656,link-2,true
return,10658,17.609,-713.001708984375,link-2,true
return,10659,15.126,-712.506774902344,link-2,true
return,10660,18.182,-712.012329101562,link-2,true
return,10661,17.513,-711.516479492188,link-2,true
return,10662,15.271,-711.021118164062,link-2,true
return,10663,18.231,-710.526245117188,link-2,true
return,10664,17.719,-710.031921386719,link-2,true
return,10665,15.064,-709.536193847656,link-2,true
return,10666,18.074,-709.040954589844,link-2,true
return,10667,17.44,-708.546203613281,link-2,true
return,10668,15.248,-708.051940917969,link-2,true
return,10669,18.524,-707.059326171875,link-2,true
return,10670,17.377,-706.562805175781,link-2,true
return,10671,15.216,-706.066833496094,link-2,true
return,10672,18.205,-705.571350097656,link-2,true
return,10673,17.542,-705.076354980469,link-2,true
return,10674,15.168,-704.581848144531,link-2,true
return,10675,18.163,-704.087829589844,link-2,true
return,10676,17.598,-703.592468261719,link-2,true
return,10677,15.383,-703.097595214844,link-2,true
return,10678,18.229,-702.603210449219,link-2,true
return,10679,17.662,-702.109313964844,link-2,true
return,10680,15.32,-701.614074707031,link-2,true
return,10681,18.133,-701.119323730469,link-2,true
return,10682,17.582,-700.625061035156,link-2,true
return,10683,15.0,-700.13134765625,link-2,true
return,10684,18.23,-699.63623046875,link-2,true
return,10685,17.503,-699.141662597656,link-2,true
return,10686,15.273,-698.647644042969,link-2,true
return,10687,18.514,-698.154052734375,link-2,true
return,10688,17.845,-697.659118652344,link-2,true
return,10689,15.085,-697.164672851562,link-2,true
return,10690,18.405,-696.670776367188,link-2,true
return,10691,17.578,-696.177368164062,link-2,true
return,10692,15.67,-695.6826171875,link-2,true
return,10693,18.119,-695.188354492188,link-2,true
return,10694,17.457,-694.694641113281,link-2,true
return,10695,15.304,-694.201416015625,link-2,true
return,10696,18.348,-693.706787109375,link-2,true
return,10697,17.599,-693.212707519531,link-2,true
return,10698,15.309,-692.719116210938,link-2,true
return,10699,18.179,-692.22607421875,link-2,true
return,10700,17.498,-691.731689453125,link-2,true
return,10701,15.272,-691.23779296875,link-2,true
return,10702,18.2,-690.744445800781,link-2,true
return,10703,17.374,-690.251586914062,link-2,true
return,10704,15.268,-689.757385253906,link-2,true
return,10705,18.096,-689.263732910156,link-2,true
return,10706,17.599,-688.770568847656,link-2,true
return,10707,15.05,-688.277954101562,link-2,true
return,10708,18.341,-687.783996582031,link-2,true
return,10709,17.59,-687.29052734375,link-2,true
return,10710,15.008,-686.797607421875,link-2,true
return,10711,18.247,-686.30517578125,link-2,true
return,10712,17.699,-685.811401367188,link-2,true
return,10713,14.944,-685.318176269531,link-2,true
return,10714,18.275,-684.825439453125,link-2,true
return,10715,17.524,-684.333251953125,link-2,true
return,10716,14.982,-683.839721679688,link-2,true
return,10717,18.969,-682.854248046875,link-2,true
return,10718,16.812,-682.3623046875,link-2,true
return,10719,15.541,-681.869018554688,link-2,true
return,10720,17.843,-681.376220703125,link-2,true
return,10721,17.477,-680.883972167969,link-2,true
return,10722,15.256,-680.392272949219,link-2,true
return,10723,18.152,-679.899230957031,link-2,true
return,10724,17.871,-679.406677246094,link-2,true
return,10725,14.924,-678.914672851562,link-2,true
return,10726,18.203,-678.423217773438,link-2,true
return,10727,17.671,-677.930419921875,link-2,true
return,10728,14.996,-677.438171386719,link-2,true
return,10729,18.312,-676.946411132812,link-2,true
return,10730,17.366,-676.455200195312,link-2,true
return,10731,15.418,-675.962646484375,link-2,true
return,10732,18.011,-675.470642089844,link-2,true
return,10733,17.544,-674.979125976562,link-2,true
return,10734,15.26,-674.488159179688,link-2,true
return,10735,18.187,-673.995849609375,link-2,true
return,10736,17.636,-673.504089355469,link-2,true
return,10737,15.179,-673.012878417969,link-2,true
return,10738,18.13,-672.522155761719,link-2,true
return,10739,17.526,-672.030151367188,link-2,true
return,10740,15.192,-671.538635253906,link-2,true
return,10741,18.365,-671.047668457031,link-2,true
return,10742,17.654,-670.557250976562,link-2,true
return,10743,15.001,-670.065490722656,link-2,true
return,10744,20.572,-669.574279785156,link-2,true
return,10745,15.881,-669.083557128906,link-2,true
return,10746,14.725,-668.593383789062,link-2,true
return,10747,18.749,-668.101867675781,link-2,true
return,10748,17.338,-667.610900878906,link-2,true
return,10749,14.8,-667.120483398438,link-2,true
return,10750,18.169,-666.630554199219,link-2,true
return,10751,17.671,-666.139343261719,link-2,true
return,10752,15.212,-665.648681640625,link-2,true
return,10753,18.093,-665.158569335938,link-2,true
return,10754,17.771,-664.6689453125,link-2,true
return,10755,14.826,-664.179870605469,link-2,true
return,10756,18.435,-663.689453125,link-2,true
return,10757,17.361,-663.199584960938,link-2,true
return,10758,15.266,-662.710205078125,link-2,true
return,10759,18.192,-662.221374511719,link-2,true
return,10760,17.383,-661.731201171875,link-2,true
return,10761,15.061,-661.241577148438,link-2,true
return,10762,18.262,-660.752502441406,link-2,true
return,10763,17.642,-660.263977050781,link-2,true
return,10764,15.135,-659.774108886719,link-2,true
return,10765,18.17,-659.284790039062,link-2,true
return,10766,17.51,-658.795959472656,link-2,true
return,10767,15.228,-658.307678222656,link-2,true
return,10768,18.084,-657.818054199219,link-2,true
return,10769,17.443,-657.328979492188,link-2,true
return,10770,15.367,-656.840454101562,link-2,true
return,10771,17.93,-656.352478027344,link-2,true
return,10772,17.695,-655.37255859375,link-2,true
return,10773,14.758,-654.882507324219,link-2,true
return,10774,18.157,-654.392944335938,link-2,true
return,10775,17.447,-653.903930664062,link-2,true
return,10776,15.313,-653.415405273438,link-2,true
return,10777,18.332,-652.927429199219,link-2,true
return,10778,17.102,-652.440002441406,link-2,true
return,10779,15.003,-651.951232910156,link-2,true
return,10780,18.466,-651.463012695312,link-2,true
return,10781,17.264,-650.975280761719,link-2,true
return,10782,15.081,-650.488098144531,link-2,true
return,10783,18.207,-649.999572753906,link-2,true
return,10784,17.395,-649.511596679688,link-2,true
return,10785,15.393,-649.024169921875,link-2,true
return,10786,17.992,-648.537231445312,link-2,true
return,10787,17.64,-648.049011230469,link-2,true
return,10788,15.253,-647.561279296875,link-2,true
return,10789,18.047,-647.074096679688,link-2,true
return,10790,17.66,-646.58740234375,link-2,true
return,10791,15.101,-646.099426269531,link-2,true
return,10792,18.071,-645.611938476562,link-2,true
return,10793,17.536,-645.125,link-2,true
return,10794,15.399,-644.638610839844,link-2,true
return,10795,19.59,-644.15087890625,link-2,true
return,10796,16.688,-643.663696289062,link-2,true
return,10797,14.98,-643.177001953125,link-2,true
return,10798,18.419,-642.690856933594,link-2,true
return,10799,17.548,-642.203369140625,link-2,true
return,10800,4.55,-641.716430664062,link-2,true
return,10801,4.407,-641.716430664062,link-2,true
return,10802,3.471,-641.716430664062,link-2,true
return,10803,3.489,-641.716430664062,link-2,true
return,10804,4.279,-641.22998046875,link-2,true
return,10805,4.533,-641.22998046875,link-2,true
return,10806,3.634,-641.22998046875,link-2,true
return,10807,3.116,-641.22998046875,link-2,true
return,10808,4.183,-640.744079589844,link-2,true
return,10809,4.579,-640.744079589844,link-2,true
return,10810,3.466,-640.744079589844,link-2,true
return,10811,3.351,-640.744079589844,link-2,true
return,10812,4.332,-640.2568359375,link-2,true
return,10813,2.819,-640.2568359375,link-2,true
return,10814,4.147,-640.2568359375,link-2,true
return,10815,3.574,-640.2568359375,link-2,true
return,10816,3.625,-640.2568359375,link-2,true
return,10817,4.204,-639.770141601562,link-2,true
return,10818,4.223,-639.770141601562,link-2,true
return,10819,3.426,-639.770141601562,link-2,true
return,10820,3.278,-639.770141601562,link-2,true
return,10821,4.569,-639.283935546875,link-2,true
return,10822,3.219,-639.283935546875,link-2,true
return,10823,3.811,-639.283935546875,link-2,true
return,10824,3.328,-639.283935546875,link-2,true
return,10825,3.585,-639.283935546875,link-2,true
return,10826,4.409,-638.798278808594,link-2,true
return,10827,3.891,-638.798278808594,link-2,true
return,10828,3.426,-638.798278808594,link-2,true
return,10829,3.635,-638.798278808594,link-2,true
return,10830,3.931,-638.311279296875,link-2,true
return,10831,4.224,-638.311279296875,link-2,true
return,10832,3.602,-638.311279296875,link-2,true
return,10833,3.391,-638.311279296875,link-2,true
return,10834,3.624,-638.311279296875,link-2,true
return,10835,4.396,-637.824768066406,link-2,true
return,10836,3.768,-637.824768066406,link-2,true
return,10837,3.775,-637.824768066406,link-2,true
return,10838,3.224,-637.824768066406,link-2,true
return,10839,4.14,-637.338806152344,link-2,true
return,10840,4.47,-637.338806152344,link-2,true
return,10841,3.309,-637.338806152344,link-2,true
return,10842,3.349,-637.338806152344,link-2,true
return,10843,3.818,-637.338806152344,link-2,true
return,10844,4.021,-636.853332519531,link-2,true
return,10845,3.484,-636.853332519531,link-2,true
return,10846,3.551,-636.853332519531,link-2,true
return,10847,3.381,-636.853332519531,link-2,true
return,10848,4.188,-636.366577148438,link-2,true
return,10849,4.682,-636.366577148438,link-2,true
return,10850,3.319,-636.366577148438,link-2,true
return,10851,3.41,-636.366577148438,link-2,true
return,10852,3.496,-636.366577148438,link-2,true
return,10853,5.113,-635.880310058594,link-2,true
return,10854,3.029,-635.880310058594,link-2,true
return,10855,3.418,-635.880310058594,link-2,true
return,10856,3.67,-635.880310058594,link-2,true
return,10857,4.71,-635.39453125,link-2,true
return,10858,3.707,-635.39453125,link-2,true
return,10859,3.354,-635.39453125,link-2,true
return,10860,3.682,-635.39453125,link-2,true
return,10861,3.37,-635.39453125,link-2,true
return,10862,5.419,-634.909301757812,link-2,true
return,10863,2.879,-634.909301757812,link-2,true
return,10864,3.421,-634.909301757812,link-2,true
return,10865,3.935,-634.909301757812,link-2,true
return,10866,4.819,-634.422729492188,link-2,true
return,10867,3.254,-634.422729492188,link-2,true
return,10868,3.703,-634.422729492188,link-2,true
return,10869,3.857,-634.422729492188,link-2,true
return,10870,3.879,-634.422729492188,link-2,true
return,10871,4.486,-633.936706542969,link-2,true
return,10872,3.084,-633.936706542969,link-2,true
return,10873,3.181,-633.936706542969,link-2,true
return,10874,4.237,-633.936706542969,link-2,true
return,10875,5.532,-633.451171875,link-2,true
return,10876,2.732,-633.451171875,link-2,true
return,10877,3.314,-633.451171875,link-2,true
return,10878,3.557,-633.451171875,link-2,true
return,10879,3.421,-633.451171875,link-2,true
return,10880,5.337,-632.966125488281,link-2,true
return,10881,2.969,-632.966125488281,link-2,true
return,10882,3.729,-632.966125488281,link-2,true
return,10883,4.499,-632.966125488281,link-2,true
return,10884,4.126,-632.479797363281,link-2,true
return,10885,3.195,-632.479797363281,link-2,true
return,10886,3.065,-632.479797363281,link-2,true
return,10887,3.608,-632.479797363281,link-2,true
return,10888,4.51,-632.479797363281,link-2,true
return,10889,4.21,-631.993957519531,link-2,true
return,10890,2.647,-631.993957519531,link-2,true
return,10891,4.067,-631.993957519531,link-2,true
return,10892,3.483,-631.993957519531,link-2,true
return,10893,5.57,-631.508605957031,link-2,true
return,10894,3.311,-631.508605957031,link-2,true
return,10895,2.767,-631.508605957031,link-2,true
return,10896,3.381,-631.508605957031,link-2,true
return,10897,5.212,-631.508605957031,link-2,true
return,10898,4.17,-631.023803710938,link-2,true
return,10899,3.058,-631.023803710938,link-2,true
return,10900,3.603,-631.023803710938,link-2,true
return,10901,4.562,-631.023803710938,link-2,true
return,10902,4.617,-630.537658691406,link-2,true
return,10903,3.048,-630.537658691406,link-2,true
return,10904,3.232,-630.537658691406,link-2,true
return,10905,3.59,-630.537658691406,link-2,true
return,10906,5.29,-630.052001953125,link-2,true
return,10907,2.872,-630.052001953125,link-2,true
return,10908,3.536,-630.052001953125,link-2,true
return,10909,3.373,-630.052001953125,link-2,true
return,10910,5.201,-630.052001953125,link-2,true
return,10911,4.28,-629.56689453125,link-2,true
return,10912,2.98,-629.56689453125,link-2,true
return,10913,3.261,-629.56689453125,link-2,true
return,10914,4.385,-629.56689453125,link-2,true
return,10915,7.591,-629.082275390625,link-2,true
return,10916,3.085,-629.082275390625,link-2,true
return,10917,3.059,-629.082275390625,link-2,true
return,10918,3.992,-629.082275390625,link-2,true
return,10919,4.308,-628.596313476562,link-2,true
return,10920,3.326,-628.596313476562,link-2,true
return,10921,3.606,-628.596313476562,link-2,true
return,10922,4.064,-628.596313476562,link-2,true
return,10923,4.352,-628.11083984375,link-2,true
return,10924,2.983,-628.11083984375,link-2,true
return,10925,3.295,-628.11083984375,link-2,true
return,10926,3.273,-628.11083984375,link-2,true
return,10927,4.907,-628.11083984375,link-2,true
return,10928,3.97,-627.625915527344,link-2,true
return,10929,3.163,-627.625915527344,link-2,true
return,10930,3.352,-627.625915527344,link-2,true
return,10931,4.313,-627.625915527344,link-2,true
return,10932,4.395,-627.141479492188,link-2,true
return,10933,2.639,-627.141479492188,link-2,true
return,10934,3.76,-627.141479492188,link-2,true
return,10935,3.427,-627.141479492188,link-2,true
return,10936,4.604,-627.141479492188,link-2,true
return,10937,4.01,-626.655700683594,link-2,true
return,10938,3.46,-626.655700683594,link-2,true
return,10939,3.211,-626.655700683594,link-2,true
return,10940,5.117,-626.655700683594,link-2,true
return,10941,3.956,-626.17041015625,link-2,true
return,10942,2.704,-626.17041015625,link-2,true
return,10943,3.697,-626.17041015625,link-2,true
return,10944,3.744,-626.17041015625,link-2,true
return,10945,4.782,-625.685668945312,link-2,true
return,10946,2.747,-625.685668945312,link-2,true
return,10947,4.23,-625.685668945312,link-2,true
return,10948,2.754,-625.685668945312,link-2,true
return,10949,4.861,-625.685668945312,link-2,true
return,10950,4.143,-625.201354980469,link-2,true
return,10951,2.647,-625.201354980469,link-2,true
return,10952,3.667,-625.201354980469,link-2,true
return,10953,3.459,-625.201354980469,link-2,true
return,10954,5.003,-624.715759277344,link-2,true
return,10955,2.819,-624.715759277344,link-2,true
return,10956,4.952,-624.715759277344,link-2,true
return,10957,3.509,-624.715759277344,link-2,true
return,10958,3.379,-624.715759277344,link-2,true
return,10959,4.11,-624.230651855469,link-2,true
return,10960,2.607,-624.230651855469,link-2,true
return,10961,4.684,-624.230651855469,link-2,true
return,10962,3.492,-624.230651855469,link-2,true
return,10963,4.49,-623.746032714844,link-2,true
return,10964,2.877,-623.746032714844,link-2,true
return,10965,3.624,-623.746032714844,link-2,true
return,10966,3.519,-623.746032714844,link-2,true
return,10967,4.497,-623.746032714844,link-2,true
return,10968,4.082,-623.261901855469,link-2,true
return,10969,2.997,-623.261901855469,link-2,true
return,10970,3.327,-623.261901855469,link-2,true
return,10971,4.24,-623.261901855469,link-2,true
return,10972,4.504,-622.776428222656,link-2,true
return,10973,2.66,-622.776428222656,link-2,true
return,10974,4.456,-622.776428222656,link-2,true
return,10975,2.556,-622.776428222656,link-2,true
return,10976,5.504,-622.29150390625,link-2,true
return,10977,2.754,-622.29150390625,link-2,true
return,10978,3.486,-622.29150390625,link-2,true
return,10979,3.355,-622.29150390625,link-2,true
return,10980,5.12,-622.29150390625,link-2,true
return,10981,4.0,-621.807067871094,link-2,true
return,10982,2.768,-621.807067871094,link-2,true
return,10983,4.46,-621.807067871094,link-2,true
return,10984,2.743,-621.807067871094,link-2,true
return,10985,4.683,-621.323120117188,link-2,true
return,10986,2.979,-621.323120117188,link-2,true
return,10987,3.477,-621.323120117188,link-2,true
return,10988,3.527,-621.323120117188,link-2,true
return,10989,4.738,-621.323120117188,link-2,true
return,10990,4.021,-620.837829589844,link-2,true
return,10991,2.775,-620.837829589844,link-2,true
return,10992,3.657,-620.837829589844,link-2,true
return,10993,3.343,-620.837829589844,link-2,true
return,10994,4.901,-620.35302734375,link-2,true
return,10995,2.896,-620.35302734375,link-2,true
return,10996,3.409,-620.35302734375,link-2,true
return,10997,3.536,-620.35302734375,link-2,true
return,10998,5.088,-620.35302734375,link-2,true
return,10999,3.938,-619.868713378906,link-2,true
return,11000,2.805,-619.868713378906,link-2,true
return,11001,3.795,-619.868713378906,link-2,true
return,11002,4.539,-619.868713378906,link-2,true
return,11003,4.346,-619.384887695312,link-2,true
return,11004,2.769,-619.384887695312,link-2,true
return,11005,3.497,-619.384887695312,link-2,true
return,11006,3.89,-619.384887695312,link-2,true
return,11007,4.516,-619.384887695312,link-2,true
return,11008,4.107,-618.899719238281,link-2,true
return,11009,3.715,-618.899719238281,link-2,true
return,11010,3.033,-618.899719238281,link-2,true
return,11011,7.674,-618.899719238281,link-2,true
return,11012,3.989,-618.4150390625,link-2,true
return,11013,4.564,-618.4150390625,link-2,true
return,11014,3.707,-618.4150390625,link-2,true
return,11015,3.681,-618.4150390625,link-2,true
return,11016,4.15,-617.930847167969,link-2,true
return,11017,2.974,-617.930847167969,link-2,true
return,11018,3.458,-617.930847167969,link-2,true
return,11019,4.856,-617.930847167969,link-2,true
return,11020,4.128,-617.447143554688,link-2,true
return,11021,3.012,-617.447143554688,link-2,true
return,11022,3.598,-617.447143554688,link-2,true
return,11023,4.554,-617.447143554688,link-2,true
return,11024,4.245,-616.962097167969,link-2,true
return,11025,2.878,-616.962097167969,link-2,true
return,11026,3.541,-616.962097167969,link-2,true
return,11027,3.376,-616.962097167969,link-2,true
return,11028,5.202,-616.4775390625,link-2,true
return,11029,2.816,-616.4775390625,link-2,true
return,11030,3.445,-616.4775390625,link-2,true
return,11031,3.4,-616.4775390625,link-2,true
return,11032,4.7,-616.4775390625,link-2,true
return,11033,4.312,-615.993469238281,link-2,true
return,11034,2.676,-615.993469238281,link-2,true
return,11035,3.569,-615.993469238281,link-2,true
return,11036,3.607,-615.993469238281,link-2,true
return,11037,5.171,-615.509887695312,link-2,true
return,11038,2.778,-615.509887695312,link-2,true
return,11039,3.609,-615.509887695312,link-2,true
return,11040,3.487,-615.509887695312,link-2,true
return,11041,4.891,-615.509887695312,link-2,true
return,11042,4.171,-615.024963378906,link-2,true
return,11043,3.112,-615.024963378906,link-2,true
return,11044,3.439,-615.024963378906,link-2,true
return,11045,4.883,-615.024963378906,link-2,true
return,11046,4.178,-614.54052734375,link-2,true
return,11047,2.992,-614.54052734375,link-2,true
return,11048,3.387,-614.54052734375,link-2,true
return,11049,3.349,-614.54052734375,link-2,true
return,11050,5.232,-614.056579589844,link-2,true
return,11051,3.075,-614.056579589844,link-2,true
return,11052,3.298,-614.056579589844,link-2,true
return,11053,3.615,-614.056579589844,link-2,true
return,11054,4.828,-614.056579589844,link-2,true
return,11055,4.57,-613.573120117188,link-2,true
return,11056,2.956,-613.573120117188,link-2,true
return,11057,3.055,-613.573120117188,link-2,true
return,11058,5.149,-613.573120117188,link-2,true
return,11059,4.079,-613.088317871094,link-2,true
return,11060,2.594,-613.088317871094,link-2,true
return,11061,3.929,-613.088317871094,link-2,true
return,11062,3.044,-613.088317871094,link-2,true
return,11063,4.683,-613.088317871094,link-2,true
return,11064,4.186,-612.603942871094,link-2,true
return,11065,2.66,-612.603942871094,link-2,true
return,11066,3.755,-612.603942871094,link-2,true
return,11067,5.146,-612.603942871094,link-2,true
return,11068,3.933,-612.120056152344,link-2,true
return,11069,2.724,-612.120056152344,link-2,true
return,11070,3.68,-612.120056152344,link-2,true
return,11071,3.415,-612.120056152344,link-2,true
return,11072,5.421,-611.636657714844,link-2,true
return,11073,2.93,-611.636657714844,link-2,true
return,11074,2.942,-611.636657714844,link-2,true
return,11075,3.68,-611.636657714844,link-2,true
return,11076,4.618,-611.636657714844,link-2,true
return,11077,4.149,-611.153747558594,link-2,true
return,11078,3.254,-611.153747558594,link-2,true
return,11079,3.214,-611.153747558594,link-2,true
return,11080,5.09,-611.153747558594,link-2,true
return,11081,4.322,-610.669494628906,link-2,true
return,11082,2.959,-610.669494628906,link-2,true
return,11083,3.384,-610.669494628906,link-2,true
return,11084,3.509,-610.669494628906,link-2,true
return,11085,4.306,-610.669494628906,link-2,true
return,11086,4.154,-610.185668945312,link-2,true
return,11087,2.9,-610.185668945312,link-2,true
return,11088,3.241,-610.185668945312,link-2,true
return,11089,5.258,-610.185668945312,link-2,true
return,11090,4.168,-609.702331542969,link-2,true
return,11091,2.766,-609.702331542969,link-2,true
return,11092,3.754,-609.702331542969,link-2,true
return,11093,3.248,-609.702331542969,link-2,true
return,11094,5.05,-609.219482421875,link-2,true
return,11095,2.815,-609.219482421875,link-2,true
return,11096,3.402,-609.219482421875,link-2,true
return,11097,3.399,-609.219482421875,link-2,true
return,11098,4.677,-609.219482421875,link-2,true
return,11099,4.175,-608.735290527344,link-2,true
return,11100,2.725,-608.735290527344,link-2,true
return,11101,3.607,-608.735290527344,link-2,true
return,11102,3.459,-608.735290527344,link-2,true
return,11103,5.319,-608.251525878906,link-2,true
return,11104,2.858,-608.251525878906,link-2,true
return,11105,3.45,-608.251525878906,link-2,true
return,11106,3.32,-608.251525878906,link-2,true
return,11107,4.827,-608.251525878906,link-2,true
return,11108,4.111,-607.768249511719,link-2,true
return,11109,3.342,-607.768249511719,link-2,true
return,11110,3.234,-607.768249511719,link-2,true
return,11111,4.67,-607.768249511719,link-2,true
return,11112,4.169,-607.285461425781,link-2,true
return,11113,2.541,-607.285461425781,link-2,true
return,11114,3.671,-607.285461425781,link-2,true
return,11115,3.534,-607.285461425781,link-2,true
return,11116,4.594,-607.285461425781,link-2,true
return,11117,4.115,-606.801330566406,link-2,true
return,11118,3.817,-606.801330566406,link-2,true
return,11119,3.242,-606.801330566406,link-2,true
return,11120,4.114,-606.801330566406,link-2,true
return,11121,4.038,-606.317626953125,link-2,true
return,11122,2.642,-606.317626953125,link-2,true
return,11123,3.383,-606.317626953125,link-2,true
return,11124,3.684,-606.317626953125,link-2,true
return,11125,4.583,-606.317626953125,link-2,true
return,11126,4.351,-605.834411621094,link-2,true
return,11127,2.999,-605.834411621094,link-2,true
return,11128,3.068,-605.834411621094,link-2,true
return,11129,4.874,-605.834411621094,link-2,true
return,11130,4.041,-605.351623535156,link-2,true
return,11131,2.728,-605.351623535156,link-2,true
return,11132,3.608,-605.351623535156,link-2,true
return,11133,3.468,-605.351623535156,link-2,true
return,11134,4.297,-605.351623535156,link-2,true
return,11135,4.183,-604.867492675781,link-2,true
return,11136,3.065,-604.867492675781,link-2,true
return,11137,3.369,-604.867492675781,link-2,true
return,11138,4.925,-604.867492675781,link-2,true
return,11139,3.903,-604.383850097656,link-2,true
return,11140,2.916,-604.383850097656,link-2,true
return,11141,3.68,-604.383850097656,link-2,true
return,11142,3.513,-604.383850097656,link-2,true
return,11143,5.145,-603.900634765625,link-2,true
return,11144,2.946,-603.900634765625,link-2,true
return,11145,3.505,-603.900634765625,link-2,true
return,11146,3.504,-603.900634765625,link-2,true
return,11147,4.407,-603.900634765625,link-2,true
return,11148,4.298,-603.417907714844,link-2,true
return,11149,3.045,-603.417907714844,link-2,true
return,11150,3.23,-603.417907714844,link-2,true
return,11151,5.038,-603.417907714844,link-2,true
return,11152,4.182,-602.933837890625,link-2,true
return,11153,2.701,-602.933837890625,link-2,true
return,11154,4.402,-602.933837890625,link-2,true
return,11155,3.192,-602.933837890625,link-2,true
return,11156,4.175,-602.933837890625,link-2,true
return,11157,4.221,-602.4501953125,link-2,true
return,11158,2.923,-602.4501953125,link-2,true
return,11159,4.943,-602.4501953125,link-2,true
return,11160,3.123,-602.4501953125,link-2,true
return,11161,4.112,-601.967041015625,link-2,true
return,11162,2.918,-601.967041015625,link-2,true
return,11163,4.246,-601.967041015625,link-2,true
return,11164,2.778,-601.967041015625,link-2,true
return,11165,4.903,-601.484313964844,link-2,true
return,11166,2.789,-601.484313964844,link-2,true
return,11167,3.587,-601.484313964844,link-2,true
return,11168,3.435,-601.484313964844,link-2,true
return,11169,5.372,-601.484313964844,link-2,true
return,11170,4.029,-601.000183105469,link-2,true
return,11171,3.073,-601.000183105469,link-2,true
return,11172,3.33,-601.000183105469,link-2,true
return,11173,4.183,-601.000183105469,link-2,true
return,11174,4.737,-600.516540527344,link-2,true
return,11175,3.09,-600.516540527344,link-2,true
return,11176,3.695,-600.516540527344,link-2,true
return,11177,4.315,-600.516540527344,link-2,true
return,11178,2.868,-600.516540527344,link-2,true
return,11179,4.06,-600.033386230469,link-2,true
return,11180,3.019,-600.033386230469,link-2,true
return,11181,3.401,-600.033386230469,link-2,true
return,11182,5.179,-600.033386230469,link-2,true
return,11183,4.225,-599.550659179688,link-1,true
return,11184,2.746,-599.550659179688,link-1,true
return,11185,3.562,-599.550659179688,link-1,true
return,11186,3.372,-599.550659179688,link-1,true
return,11187,4.37,-599.550659179688,link-1,true
return,11188,4.276,-599.066528320312,link-1,true
return,11189,3.548,-599.066528320312,link-1,true
return,11190,2.605,-599.066528320312,link-1,true
return,11191,4.979,-599.066528320312,link-1,true
return,11192,3.944,-598.582885742188,link-1,true
return,11193,2.628,-598.582885742188,link-1,true
return,11194,3.775,-598.582885742188,link-1,true
return,11195,3.43,-598.582885742188,link-1,true
return,11196,5.245,-598.099731445312,link-1,true
return,11197,3.153,-598.099731445312,link-1,true
return,11198,3.311,-598.099731445312,link-1,true
return,11199,3.371,-598.099731445312,link-1,true
return,11200,4.711,-598.099731445312,link-1,true
return,11201,4.023,-597.617004394531,link-1,true
return,11202,2.905,-597.617004394531,link-1,true
return,11203,3.761,-597.617004394531,link-1,true
return,11204,4.603,-597.617004394531,link-1,true
return,11205,4.447,-597.132873535156,link-1,true
return,11206,2.522,-597.132873535156,link-1,true
return,11207,3.628,-597.132873535156,link-1,true
return,11208,3.215,-597.132873535156,link-1,true
return,11209,5.026,-597.132873535156,link-1,true
return,11210,4.087,-596.649230957031,link-1,true
return,11211,3.077,-596.649230957031,link-1,true
return,11212,3.222,-596.649230957031,link-1,true
return,11213,5.023,-596.649230957031,link-1,true
return,11214,4.223,-596.166015625,link-1,true
return,11215,3.13,-596.166015625,link-1,true
return,11216,10.194,-596.166015625,link-1,true
return,11217,19.915,-595.683227539062,link-1,true
return,11218,15.384,-595.199096679688,link-1,true
return,11219,18.235,-594.715454101562,link-1,true
return,11220,17.402,-594.232177734375,link-1,true
return,11221,15.2,-593.749389648438,link-1,true
return,11222,17.87,-593.265258789062,link-1,true
return,11223,17.482,-592.781494140625,link-1,true
return,11224,15.218,-592.298217773438,link-1,true
return,11225,18.259,-591.815368652344,link-1,true
return,11226,17.299,-591.331115722656,link-1,true
return,11227,15.316,-590.847351074219,link-1,true
return,11228,17.998,-590.363952636719,link-1,true
return,11229,17.562,-589.881042480469,link-1,true
return,11230,15.123,-589.396728515625,link-1,true
return,11231,18.074,-588.912841796875,link-1,true
return,11232,17.54,-588.429382324219,link-1,true
return,11233,15.048,-587.946350097656,link-1,true
return,11234,18.263,-587.461975097656,link-1,true
return,11235,17.64,-586.977966308594,link-1,true
return,11236,15.256,-586.494445800781,link-1,true
return,11237,18.257,-586.011352539062,link-1,true
return,11238,17.489,-585.52685546875,link-1,true
return,11239,15.298,-585.042785644531,link-1,true
return,11240,18.069,-584.559143066406,link-1,true
return,11241,17.961,-583.593139648438,link-1,true
return,11242,14.612,-583.108947753906,link-1,true
return,11243,18.006,-582.625183105469,link-1,true
return,11244,17.59,-582.141845703125,link-1,true
return,11245,15.22,-581.657104492188,link-1,true
return,11246,18.063,-581.172790527344,link-1,true
return,11247,17.46,-580.688903808594,link-1,true
return,11248,15.02,-580.205444335938,link-1,true
return,11249,18.207,-579.720581054688,link-1,true
return,11250,17.406,-579.236083984375,link-1,true
return,11251,15.103,-578.752075195312,link-1,true
return,11252,18.064,-578.268432617188,link-1,true
return,11253,17.42,-577.783447265625,link-1,true
return,11254,15.027,-577.298828125,link-1,true
return,11255,18.118,-576.814636230469,link-1,true
return,11256,17.407,-576.330871582031,link-1,true
return,11257,15.093,-575.845642089844,link-1,true
return,11258,17.961,-575.360900878906,link-1,true
return,11259,17.375,-574.876525878906,link-1,true
return,11260,15.106,-574.392578125,link-1,true
return,11261,17.964,-573.9072265625,link-1,true
return,11262,17.322,-573.422241210938,link-1,true
return,11263,15.198,-572.937744140625,link-1,true
return,11264,17.783,-572.45361328125,link-1,true
return,11265,17.576,-571.968017578125,link-1,true
return,11266,14.918,-571.48291015625,link-1,true
return,11267,17.821,-570.998168945312,link-1,true
return,11268,17.585,-570.513793945312,link-1,true
return,11269,14.978,-570.028076171875,link-1,true
return,11270,17.843,-569.542724609375,link-1,true
return,11271,17.374,-569.057739257812,link-1,true
return,11272,15.296,-568.5732421875,link-1,true
return,11273,17.828,-568.089111328125,link-1,true
return,11274,21.866,-567.116577148438,link-1,true
return,11275,13.84,-566.630004882812,link-1,true
return,11276,17.899,-566.143798828125,link-1,true
return,11277,17.403,-565.658020019531,link-1,true
return,11278,16.113,-565.172668457031,link-1,true
return,11279,17.054,-564.687683105469,link-1,true
return,11280,18.059,-564.203063964844,link-1,true
return,11281,14.483,-563.717102050781,link-1,true
return,11282,17.941,-563.231506347656,link-1,true
return,11283,17.615,-562.746276855469,link-1,true
return,11284,14.994,-562.261474609375,link-1,true
return,11285,18.055,-561.775268554688,link-1,true
return,11286,17.444,-561.289428710938,link-1,true
return,11287,15.151,-560.803955078125,link-1,true
return,11288,18.003,-560.318908691406,link-1,true
return,11289,17.558,-559.832397460938,link-1,true
return,11290,15.279,-559.346313476562,link-1,true
return,11291,18.029,-558.860595703125,link-1,true
return,11292,17.596,-558.375244140625,link-1,true
return,11293,15.061,-557.888549804688,link-1,true
return,11294,18.345,-557.402221679688,link-1,true
return,11295,17.537,-556.916259765625,link-1,true
return,11296,15.075,-556.4306640625,link-1,true
return,11297,18.173,-555.943664550781,link-1,true
return,11298,17.482,-555.457092285156,link-1,true
return,11299,15.32,-554.970886230469,link-1,true
return,11300,18.153,-554.485046386719,link-1,true
return,11301,17.619,-553.997741699219,link-1,true
return,11302,15.29,-553.510864257812,link-1,true
return,11303,17.815,-553.0244140625,link-1,true
return,11304,17.727,-552.538330078125,link-1,true
return,11305,15.156,-552.05078125,link-1,true
return,11306,17.97,-551.563659667969,link-1,true
return,11307,17.352,-551.076904296875,link-1,true
return,11308,15.12,-550.590576171875,link-1,true
return,11309,14.73,-550.102783203125,link-1,true
return,11310,4.263,-549.615356445312,link-1,true
return,11311,4.0,-549.615356445312,link-1,true
return,11312,3.81,-549.615356445312,link-1,true
return,11313,3.389,-549.615356445312,link-1,true
return,11314,3.381,-549.615356445312,link-1,true
return,11315,5.841,-549.128295898438,link-1,true
return,11316,2.753,-549.128295898438,link-1,true
return,11317,3.247,-549.128295898438,link-1,true
return,11318,3.527,-549.128295898438,link-1,true
return,11319,4.159,-548.641662597656,link-1,true
return,11320,3.787,-548.641662597656,link-1,true
return,11321,3.624,-548.641662597656,link-1,true
return,11322,3.326,-548.641662597656,link-1,true
return,11323,3.422,-548.641662597656,link-1,true
return,11324,5.76,-548.153564453125,link-1,true
return,11325,2.607,-548.153564453125,link-1,true
return,11326,3.538,-548.153564453125,link-1,true
return,11327,3.393,-548.153564453125,link-1,true
return,11328,4.303,-547.665832519531,link-1,true
return,11329,3.491,-547.665832519531,link-1,true
return,11330,3.557,-547.665832519531,link-1,true
return,11331,3.399,-547.665832519531,link-1,true
return,11332,3.6,-547.665832519531,link-1,true
return,11333,5.459,-547.178466796875,link-1,true
return,11334,2.782,-547.178466796875,link-1,true
return,11335,3.485,-547.178466796875,link-1,true
return,11336,3.52,-547.178466796875,link-1,true
return,11337,4.238,-546.691528320312,link-1,true
return,11338,3.381,-546.691528320312,link-1,true
return,11339,3.415,-546.691528320312,link-1,true
return,11340,3.613,-546.691528320312,link-1,true
return,11341,3.448,-546.691528320312,link-1,true
return,11342,5.534,-546.203125,link-1,true
return,11343,2.79,-546.203125,link-1,true
return,11344,3.295,-546.203125,link-1,true
return,11345,3.558,-546.203125,link-1,true
return,11346,4.126,-545.715087890625,link-1,true
return,11347,3.427,-545.715087890625,link-1,true
return,11348,3.421,-545.715087890625,link-1,true
return,11349,3.576,-545.715087890625,link-1,true
return,11350,3.354,-545.715087890625,link-1,true
return,11351,5.869,-545.227478027344,link-1,true
return,11352,3.18,-545.227478027344,link-1,true
return,11353,2.951,-545.227478027344,link-1,true
return,11354,3.443,-545.227478027344,link-1,true
return,11355,4.328,-544.740234375,link-1,true
return,11356,3.247,-544.740234375,link-1,true
return,11357,3.413,-544.740234375,link-1,true
return,11358,3.669,-544.740234375,link-1,true
return,11359,3.346,-544.740234375,link-1,true
return,11360,5.524,-544.251525878906,link-1,true
return,11361,3.001,-544.251525878906,link-1,true
return,11362,2.972,-544.251525878906,link-1,true
return,11363,3.562,-544.251525878906,link-1,true
return,11364,4.106,-543.76318359375,link-1,true
return,11365,3.553,-543.76318359375,link-1,true
return,11366,3.216,-543.76318359375,link-1,true
return,11367,3.713,-543.76318359375,link-1,true
return,11368,3.385,-543.76318359375,link-1,true
return,11369,5.754,-543.275268554688,link-1,true
return,11370,2.834,-543.275268554688,link-1,true
return,11371,3.124,-543.275268554688,link-1,true
return,11372,3.672,-543.275268554688,link-1,true
return,11373,4.02,-542.787719726562,link-1,true
return,11374,3.956,-542.787719726562,link-1,true
return,11375,3.61,-542.787719726562,link-1,true
return,11376,3.521,-542.787719726562,link-1,true
return,11377,3.242,-542.787719726562,link-1,true
return,11378,5.46,-542.298706054688,link-1,true
return,11379,3.228,-542.298706054688,link-1,true
return,11380,2.852,-542.298706054688,link-1,true
return,11381,3.872,-542.298706054688,link-1,true
return,11382,3.845,-541.810119628906,link-1,true
return,11383,3.479,-541.810119628906,link-1,true
return,11384,3.387,-541.810119628906,link-1,true
return,11385,3.444,-541.810119628906,link-1,true
return,11386,3.596,-541.810119628906,link-1,true
return,11387,5.698,-541.321899414062,link-1,true
return,11388,2.707,-541.321899414062,link-1,true
return,11389,3.529,-541.321899414062,link-1,true
return,11390,3.405,-541.321899414062,link-1,true
return,11391,5.126,-540.834106445312,link-1,true
return,11392,2.796,-540.834106445312,link-1,true
return,11393,3.628,-540.834106445312,link-1,true
return,11394,3.513,-540.834106445312,link-1,true
return,11395,3.239,-540.834106445312,link-1,true
return,11396,6.019,-540.344848632812,link-1,true
return,11397,2.968,-540.344848632812,link-1,true
return,11398,3.31,-540.344848632812,link-1,true
return,11399,3.362,-540.344848632812,link-1,true
return,11400,5.65,-539.85595703125,link-1,true
return,11401,2.998,-539.85595703125,link-1,true
return,11402,3.254,-539.85595703125,link-1,true
return,11403,3.632,-539.85595703125,link-1,true
return,11404,3.279,-539.85595703125,link-1,true
return,11405,5.439,-539.367431640625,link-1,true
return,11406,2.835,-539.367431640625,link-1,true
return,11407,3.424,-539.367431640625,link-1,true
return,11408,3.426,-539.367431640625,link-1,true
return,11409,5.687,-538.879333496094,link-1,true
return,11410,2.798,-538.879333496094,link-1,true
return,11411,3.219,-538.879333496094,link-1,true
return,11412,3.94,-538.879333496094,link-1,true
return,11413,3.156,-538.879333496094,link-1,true
return,11414,4.89,-538.389770507812,link-1,true
return,11415,3.088,-538.389770507812,link-1,true
return,11416,3.145,-538.389770507812,link-1,true
return,11417,3.364,-538.389770507812,link-1,true
return,11418,5.794,-537.900573730469,link-1,true
return,11419,2.712,-537.900573730469,link-1,true
return,11420,3.494,-537.900573730469,link-1,true
return,11421,5.929,-537.900573730469,link-1,true
return,11422,3.189,-537.900573730469,link-1,true
return,11423,3.719,-537.411743164062,link-1,true
return,11424,2.709,-537.411743164062,link-1,true
return,11425,3.844,-537.411743164062,link-1,true
return,11426,6.693,-537.411743164062,link-1,true
return,11427,3.429,-536.92333984375,link-1,true
return,11428,2.598,-536.92333984375,link-1,true
return,11429,3.055,-536.92333984375,link-1,true
return,11430,3.298,-536.92333984375,link-1,true
return,11431,4.64,-536.92333984375,link-1,true
return,11432,4.046,-536.433471679688,link-1,true
return,11433,2.997,-536.433471679688,link-1,true
return,11434,3.358,-536.433471679688,link-1,true
return,11435,3.357,-536.433471679688,link-1,true
return,11436,5.003,-535.943969726562,link-1,true
return,11437,2.974,-535.943969726562,link-1,true
return,11438,3.566,-535.943969726562,link-1,true
return,11439,3.295,-535.943969726562,link-1,true
return,11440,4.794,-535.943969726562,link-1,true
return,11441,3.92,-535.454895019531,link-1,true
return,11442,2.701,-535.454895019531,link-1,true
return,11443,3.577,-535.454895019531,link-1,true
return,11444,3.325,-535.454895019531,link-1,true
return,11445,4.978,-534.966186523438,link-1,true
return,11446,2.788,-534.966186523438,link-1,true
return,11447,3.4,-534.966186523438,link-1,true
return,11448,3.372,-534.966186523438,link-1,true
return,11449,5.347,-534.966186523438,link-1,true
return,11450,4.044,-534.476013183594,link-1,true
return,11451,2.629,-534.476013183594,link-1,true
return,11452,3.485,-534.476013183594,link-1,true
return,11453,3.413,-534.476013183594,link-1,true
return,11454,5.1,-533.986206054688,link-1,true
return,11455,3.032,-533.986206054688,link-1,true
return,11456,3.437,-533.986206054688,link-1,true
return,11457,3.253,-533.986206054688,link-1,true
return,11458,4.811,-533.986206054688,link-1,true
return,11459,4.073,-533.496826171875,link-1,true
return,11460,2.634,-533.496826171875,link-1,true
return,11461,3.652,-533.496826171875,link-1,true
return,11462,3.357,-533.496826171875,link-1,true
return,11463,4.99,-533.0078125,link-1,true
return,11464,2.696,-533.0078125,link-1,true
return,11465,3.55,-533.0078125,link-1,true
return,11466,3.422,-533.0078125,link-1,true
return,11467,5.111,-533.0078125,link-1,true
return,11468,4.061,-532.517333984375,link-1,true
return,11469,2.921,-532.517333984375,link-1,true
return,11470,3.375,-532.517333984375,link-1,true
return,11471,4.416,-532.517333984375,link-1,true
return,11472,4.44,-532.027282714844,link-1,true
return,11473,2.822,-532.027282714844,link-1,true
return,11474,3.433,-532.027282714844,link-1,true
return,11475,3.601,-532.027282714844,link-1,true
return,11476,4.848,-532.027282714844,link-1,true
return,11477,3.86,-531.53759765625,link-1,true
return,11478,3.01,-531.53759765625,link-1,true
return,11479,3.43,-531.53759765625,link-1,true
return,11480,5.061,-531.53759765625,link-1,true
return,11481,4.057,-531.048278808594,link-1,true
return,11482,2.888,-531.048278808594,link-1,true
return,11483,3.428,-531.048278808594,link-1,true
return,11484,7.229,-531.048278808594,link-1,true
return,11485,2.659,-531.048278808594,link-1,true
return,11486,3.681,-530.557495117188,link-1,true
return,11487,3.016,-530.557495117188,link-1,true
return,11488,3.194,-530.557495117188,link-1,true
return,11489,4.532,-530.557495117188,link-1,true
return,11490,3.81,-530.067077636719,link-1,true
return,11491,2.807,-530.067077636719,link-1,true
return,11492,3.575,-530.067077636719,link-1,true
return,11493,4.71,-530.067077636719,link-1,true
return,11494,3.695,-530.067077636719,link-1,true
return,11495,3.971,-529.577087402344,link-1,true
return,11496,3.036,-529.577087402344,link-1,true
return,11497,3.243,-529.577087402344,link-1,true
return,11498,4.374,-529.577087402344,link-1,true
return,11499,4.002,-529.087463378906,link-1,true
return,11500,3.059,-529.087463378906,link-1,true
return,11501,3.466,-529.087463378906,link-1,true
return,11502,4.783,-529.087463378906,link-1,true
return,11503,3.707,-529.087463378906,link-1,true
return,11504,3.993,-528.596374511719,link-1,true
return,11505,3.125,-528.596374511719,link-1,true
return,11506,4.274,-528.596374511719,link-1,true
return,11507,3.383,-528.596374511719,link-1,true
return,11508,4.013,-528.105712890625,link-1,true
return,11509,3.052,-528.105712890625,link-1,true
return,11510,3.373,-528.105712890625,link-1,true
return,11511,4.658,-528.105712890625,link-1,true
return,11512,3.395,-528.105712890625,link-1,true
return,11513,4.029,-527.615417480469,link-1,true
return,11514,3.235,-527.615417480469,link-1,true
return,11515,4.206,-527.615417480469,link-1,true
return,11516,3.74,-527.615417480469,link-1,true
return,11517,4.056,-527.12548828125,link-1,true
return,11518,2.782,-527.12548828125,link-1,true
return,11519,3.45,-527.12548828125,link-1,true
return,11520,5.117,-527.12548828125,link-1,true
return,11521,4.263,-526.634094238281,link-1,true
return,11522,2.829,-526.634094238281,link-1,true
return,11523,3.521,-526.634094238281,link-1,true
return,11524,4.903,-526.634094238281,link-1,true
return,11525,3.428,-526.634094238281,link-1,true
return,11526,4.235,-526.143127441406,link-1,true
return,11527,3.248,-526.143127441406,link-1,true
return,11528,3.085,-526.143127441406,link-1,true
return,11529,4.458,-526.143127441406,link-1,true
return,11530,3.97,-525.652587890625,link-1,true
return,11531,2.997,-525.652587890625,link-1,true
return,11532,3.38,-525.652587890625,link-1,true
return,11533,5.156,-525.652587890625,link-1,true
return,11534,3.478,-525.652587890625,link-1,true
return,11535,4.12,-525.162414550781,link-1,true
return,11536,2.92,-525.162414550781,link-1,true
return,11537,4.85,-525.162414550781,link-1,true
return,11538,3.508,-525.162414550781,link-1,true
return,11539,3.995,-524.670776367188,link-1,true
return,11540,3.63,-524.670776367188,link-1,true
return,11541,2.591,-524.670776367188,link-1,true
return,11542,4.218,-524.670776367188,link-1,true
return,11543,4.425,-524.179504394531,link-1,true
return,11544,2.59,-524.179504394531,link-1,true
return,11545,3.518,-524.179504394531,link-1,true
return,11546,4.547,-524.179504394531,link-1,true
return,11547,3.406,-524.179504394531,link-1,true
return,11548,4.248,-523.688598632812,link-1,true
return,11549,3.101,-523.688598632812,link-1,true
return,11550,2.945,-523.688598632812,link-1,true
return,11551,4.746,-523.688598632812,link-1,true
return,11552,4.101,-523.198120117188,link-1,true
return,11553,2.77,-523.198120117188,link-1,true
return,11554,3.697,-523.198120117188,link-1,true
return,11555,3.201,-523.198120117188,link-1,true
return,11556,4.281,-523.198120117188,link-1,true
return,11557,4.64,-522.706237792969,link-1,true
return,11558,2.82,-522.706237792969,link-1,true
return,11559,2.933,-522.706237792969,link-1,true
return,11560,4.779,-522.706237792969,link-1,true
return,11561,3.843,-522.214721679688,link-1,true
return,11562,2.833,-522.214721679688,link-1,true
return,11563,3.454,-522.214721679688,link-1,true
return,11564,3.305,-522.214721679688,link-1,true
return,11565,4.211,-522.214721679688,link-1,true
return,11566,4.318,-521.723571777344,link-1,true
return,11567,3.051,-521.723571777344,link-1,true
return,11568,3.168,-521.723571777344,link-1,true
return,11569,4.656,-521.723571777344,link-1,true
return,11570,4.044,-521.232788085938,link-1,true
return,11571,3.17,-521.232788085938,link-1,true
return,11572,3.594,-521.232788085938,link-1,true
return,11573,3.945,-521.232788085938,link-1,true
return,11574,5.565,-521.232788085938,link-1,true
return,11575,3.432,-520.740539550781,link-1,true
return,11576,3.02,-520.740539550781,link-1,true
return,11577,2.679,-520.740539550781,link-1,true
return,11578,3.896,-520.740539550781,link-1,true
return,11579,4.084,-520.248718261719,link-1,true
return,11580,2.888,-520.248718261719,link-1,true
return,11581,3.351,-520.248718261719,link-1,true
return,11582,3.318,-520.248718261719,link-1,true
return,11583,4.344,-520.248718261719,link-1,true
return,11584,4.185,-519.75732421875,link-1,true
return,11585,2.937,-519.75732421875,link-1,true
return,11586,3.592,-519.75732421875,link-1,true
return,11587,4.753,-519.75732421875,link-1,true
return,11588,4.076,-519.266296386719,link-1,true
return,11589,2.605,-519.266296386719,link-1,true
return,11590,3.93,-519.266296386719,link-1,true
return,11591,3.122,-519.266296386719,link-1,true
return,11592,4.443,-519.266296386719,link-1,true
return,11593,3.975,-518.773864746094,link-1,true
return,11594,2.96,-518.773864746094,link-1,true
return,11595,3.253,-518.773864746094,link-1,true
return,11596,5.074,-518.773864746094,link-1,true
return,11597,4.379,-518.28173828125,link-1,true
return,11598,2.682,-518.28173828125,link-1,true
return,11599,3.364,-518.28173828125,link-1,true
return,11600,4.648,-518.28173828125,link-1,true
return,11601,3.274,-518.28173828125,link-1,true
return,11602,4.132,-517.7900390625,link-1,true
return,11603,3.18,-517.7900390625,link-1,true
return,11604,3.118,-517.7900390625,link-1,true
return,11605,4.697,-517.7900390625,link-1,true
return,11606,4.101,-517.298767089844,link-1,true
return,11607,2.959,-517.298767089844,link-1,true
return,11608,3.429,-517.298767089844,link-1,true
return,11609,4.616,-517.298767089844,link-1,true
return,11610,3.347,-517.298767089844,link-1,true
return,11611,4.097,-516.805969238281,link-1,true
return,11612,3.481,-516.805969238281,link-1,true
return,11613,4.766,-516.805969238281,link-1,true
return,11614,2.892,-516.805969238281,link-1,true
return,11615,4.03,-516.313598632812,link-1,true
return,11616,2.799,-516.313598632812,link-1,true
return,11617,3.388,-516.313598632812,link-1,true
return,11618,4.539,-516.313598632812,link-1,true
return,11619,3.561,-516.313598632812,link-1,true
return,11620,3.96,-515.821655273438,link-1,true
return,11621,3.284,-515.821655273438,link-1,true
return,11622,3.028,-515.821655273438,link-1,true
return,11623,4.706,-515.821655273438,link-1,true
return,11624,3.984,-515.330139160156,link-1,true
return,11625,2.894,-515.330139160156,link-1,true
return,11626,3.524,-515.330139160156,link-1,true
return,11627,4.387,-515.330139160156,link-1,true
return,11628,3.572,-515.330139160156,link-1,true
return,11629,4.075,-514.837097167969,link-1,true
return,11630,2.931,-514.837097167969,link-1,true
return,11631,3.16,-514.837097167969,link-1,true
return,11632,4.766,-514.837097167969,link-1,true
return,11633,4.013,-514.344482421875,link-1,true
return,11634,2.609,-514.344482421875,link-1,true
return,11635,3.716,-514.344482421875,link-1,true
return,11636,4.587,-514.344482421875,link-1,true
return,11637,3.586,-514.344482421875,link-1,true
return,11638,4.476,-513.852294921875,link-1,true
return,11639,3.628,-513.852294921875,link-1,true
return,11640,3.703,-513.852294921875,link-1,true
return,11641,3.567,-513.852294921875,link-1,true
return,11642,3.856,-513.360473632812,link-1,true
return,11643,2.846,-513.360473632812,link-1,true
return,11644,3.389,-513.360473632812,link-1,true
return,11645,5.236,-513.360473632812,link-1,true
return,11646,3.341,-513.360473632812,link-1,true
return,11647,3.969,-512.867248535156,link-1,true
return,11648,3.088,-512.867248535156,link-1,true
return,11649,4.631,-512.867248535156,link-1,true
return,11650,3.409,-512.867248535156,link-1,true
return,11651,3.995,-512.374389648438,link-1,true
return,11652,2.897,-512.374389648438,link-1,true
return,11653,3.148,-512.374389648438,link-1,true
return,11654,5.03,-512.374389648438,link-1,true
return,11655,3.433,-512.374389648438,link-1,true
return,11656,3.859,-511.881896972656,link-1,true
return,11657,3.097,-511.881896972656,link-1,true
return,11658,4.592,-511.881896972656,link-1,true
return,11659,3.449,-511.881896972656,link-1,true
return,11660,4.229,-511.389831542969,link-1,true
return,11661,2.99,-511.389831542969,link-1,true
return,11662,2.998,-511.389831542969,link-1,true
return,11663,4.765,-511.389831542969,link-1,true
return,11664,3.19,-511.389831542969,link-1,true
return,11665,3.938,-510.896301269531,link-1,true
return,11666,3.104,-510.896301269531,link-1,true
return,11667,4.62,-510.896301269531,link-1,true
return,11668,3.603,-510.896301269531,link-1,true
return,11669,4.221,-510.403198242188,link-1,true
return,11670,2.901,-510.403198242188,link-1,true
return,11671,3.236,-510.403198242188,link-1,true
return,11672,4.98,-510.403198242188,link-1,true
return,11673,3.289,-510.403198242188,link-1,true
return,11674,3.894,-509.910461425781,link-1,true
return,11675,3.116,-509.910461425781,link-1,true
return,11676,4.458,-509.910461425781,link-1,true
return,11677,3.504,-509.910461425781,link-1,true
return,11678,4.029,-509.418151855469,link-1,true
return,11679,2.793,-509.418151855469,link-1,true
return,11680,3.395,-509.418151855469,link-1,true
return,11681,4.945,-509.418151855469,link-1,true
return,11682,3.961,-508.924377441406,link-1,true
return,11683,2.993,-508.924377441406,link-1,true
return,11684,3.635,-508.924377441406,link-1,true
return,11685,5.126,-508.924377441406,link-1,true
return,11686,3.436,-508.924377441406,link-1,true
return,11687,4.107,-508.431030273438,link-1,true
return,11688,3.278,-508.431030273438,link-1,true
return,11689,4.748,-508.431030273438,link-1,true
return,11690,3.349,-508.431030273438,link-1,true
return,11691,4.342,-507.938049316406,link-1,true
return,11692,3.044,-507.938049316406,link-1,true
return,11693,2.871,-507.938049316406,link-1,true
return,11694,5.353,-507.938049316406,link-1,true
return,11695,3.9,-507.445495605469,link-1,true
return,11696,2.752,-507.445495605469,link-1,true
return,11697,3.51,-507.445495605469,link-1,true
return,11698,5.412,-507.445495605469,link-1,true
return,11699,4.767,-506.951477050781,link-1,true
return,11700,3.145,-506.951477050781,link-1,true
return,11701,2.759,-506.951477050781,link-1,true
return,11702,3.911,-506.951477050781,link-1,true
return,11703,3.6,-506.951477050781,link-1,true
return,11704,4.055,-506.457885742188,link-1,true
return,11705,2.724,-506.457885742188,link-1,true
return,11706,3.602,-506.457885742188,link-1,true
return,11707,4.975,-506.457885742188,link-1,true
return,11708,4.494,-505.964721679688,link-1,true
return,11709,2.816,-505.964721679688,link-1,true
return,11710,3.093,-505.964721679688,link-1,true
return,11711,5.136,-505.964721679688,link-1,true
return,11712,3.385,-505.964721679688,link-1,true
return,11713,4.12,-505.471923828125,link-1,true
return,11714,3.52,-505.471923828125,link-1,true
return,11715,2.743,-505.471923828125,link-1,true
return,11716,4.455,-505.471923828125,link-1,true
return,11717,4.236,-504.977691650391,link-1,true
return,11718,2.733,-504.977691650391,link-1,true
return,11719,3.462,-504.977691650391,link-1,true
return,11720,4.858,-504.977691650391,link-1,true
return,11721,3.491,-504.977691650391,link-1,true
return,11722,4.042,-504.483856201172,link-1,true
return,11723,3.509,-504.483856201172,link-1,true
return,11724,3.797,-504.483856201172,link-1,true
return,11725,3.733,-504.483856201172,link-1,true
return,11726,4.432,-503.990447998047,link-1,true
return,11727,3.935,-503.990447998047,link-1,true
return,11728,4.282,-503.990447998047,link-1,true
return,11729,3.253,-503.990447998047,link-1,true
return,11730,3.277,-503.990447998047,link-1,true
return,11731,7.178,-503.497467041016,link-1,true
return,11732,12.197,-503.497467041016,link-1,true
return,11733,20.309,-503.003021240234,link-1,true
return,11734,14.456,-502.509002685547,link-1,true
return,11735,18.007,-502.015380859375,link-1,true
return,11736,17.41,-501.522155761719,link-1,true
return,11737,15.054,-501.027496337891,link-1,true
return,11738,18.174,-500.533264160156,link-1,true
return,11739,17.453,-500.039428710938,link-1,true
return,11740,15.218,-499.546020507812,link-1,true
return,11741,18.185,-499.053039550781,link-1,true
return,11742,17.268,-498.55859375,link-1,true
return,11743,15.007,-498.064575195312,link-1,true
return,11744,17.948,-497.570983886719,link-1,true
return,11745,17.57,-497.077819824219,link-1,true
return,11746,15.112,-496.583190917969,link-1,true
return,11747,17.945,-496.088989257812,link-1,true
return,11748,17.258,-495.59521484375,link-1,true
return,11749,15.007,-495.101867675781,link-1,true
return,11750,18.151,-494.607055664062,link-1,true
return,11751,17.431,-494.112670898438,link-1,true
return,11752,14.991,-493.618713378906,link-1,true
return,11753,18.158,-493.125183105469,link-1,true
return,11754,17.545,-492.133819580078,link-1,true
return,11755,14.737,-491.637847900391,link-1,true
return,11756,18.141,-491.142303466797,link-1,true
return,11757,17.315,-490.647186279297,link-1,true
return,11758,14.853,-490.152526855469,link-1,true
return,11759,18.018,-489.658264160156,link-1,true
return,11760,19.024,-489.164459228516,link-1,true
return,11761,13.382,-488.669189453125,link-1,true
return,11762,22.625,-488.174377441406,link-1,true
return,11763,14.739,-487.679992675781,link-1,true
return,11764,14.933,-487.18603515625,link-1,true
return,11765,18.063,-486.690643310547,link-1,true
return,11766,17.095,-486.195678710938,link-1,true
return,11767,15.146,-485.701171875,link-1,true
return,11768,17.885,-485.207092285156,link-1,true
return,11769,17.382,-484.711578369141,link-1,true
return,11770,15.044,-484.216522216797,link-1,true
return,11771,18.129,-483.721893310547,link-1,true
return,11772,17.439,-483.227722167969,link-1,true
return,11773,14.852,-482.732086181641,link-1,true
return,11774,17.955,-482.236907958984,link-1,true
return,11775,17.611,-481.7421875,link-1,true
return,11776,14.928,-481.247894287109,link-1,true
return,11777,18.158,-480.752197265625,link-1,true
return,11778,17.415,-480.256927490234,link-1,true
return,11779,15.056,-479.762115478516,link-1,true
return,11780,17.909,-479.267730712891,link-1,true
return,11781,17.407,-478.771911621094,link-1,true
return,11782,14.961,-478.276550292969,link-1,true
return,11783,18.131,-477.781646728516,link-1,true
return,11784,17.801,-477.287200927734,link-1,true
return,11785,14.572,-476.791320800781,link-1,true
return,11786,17.898,-476.2958984375,link-1,true
return,11787,17.464,-475.800933837891,link-1,true
return,11788,15.049,-475.306427001953,link-1,true
return,11789,18.015,-474.810485839844,link-1,true
return,11790,17.444,-474.315002441406,link-1,true
return,11791,15.189,-473.819976806641,link-1,true
return,11792,17.988,-473.325408935547,link-1,true
return,11793,17.351,-472.829406738281,link-1,true
return,11794,15.006,-472.333892822266,link-1,true
return,11795,18.052,-471.838806152344,link-1,true
return,11796,18.773,-470.850036621094,link-1,true
return,11797,14.602,-470.354461669922,link-1,true
return,11798,18.223,-469.859344482422,link-1,true
return,11799,17.548,-469.364685058594,link-1,true
return,11800,15.085,-468.868621826172,link-1,true
return,11801,18.568,-468.373046875,link-1,true
return,11802,17.292,-467.877899169922,link-1,true
return,11803,15.041,-467.383239746094,link-1,true
return,11804,18.094,-466.887176513672,link-1,true
return,11805,17.528,-466.391571044922,link-1,true
return,11806,15.098,-465.896423339844,link-1,true
return,11807,18.028,-465.401733398438,link-1,true
return,11808,17.314,-464.905670166016,link-1,true
return,11809,14.858,-464.410064697266,link-1,true
return,11810,17.817,-463.914916992188,link-1,true
return,11811,17.309,-463.420227050781,link-1,true
return,11812,14.914,-462.924163818359,link-1,true
return,11813,18.164,-462.428558349609,link-1,true
return,11814,17.174,-461.933410644531,link-1,true
return,11815,15.016,-461.438751220703,link-1,true
return,11816,17.993,-460.942687988281,link-1,true
return,11817,17.364,-460.447113037109,link-1,true
return,11818,15.017,-459.951995849609,link-1,true
return,11819,17.909,-459.457336425781,link-1,true
return,11820,17.324,-458.961273193359,link-1,true
return,11821,14.859,-458.465698242188,link-1,true
return,11822,17.937,-457.970611572266,link-1,true
return,11823,17.228,-457.475982666016,link-1,true
return,11824,14.973,-456.97998046875,link-1,true
return,11825,17.851,-456.484436035156,link-1,true
return,11826,17.336,-455.989379882812,link-1,true
return,11827,15.006,-455.494812011719,link-1,true
return,11828,18.037,-454.998840332031,link-1,true
return,11829,17.583,-454.503356933594,link-1,true
return,11830,14.868,-454.008331298828,link-1,true
return,11831,18.076,-453.513793945312,link-1,true
return,11832,17.279,-453.017883300781,link-1,true
return,11833,14.897,-452.522430419922,link-1,true
return,11834,18.213,-452.027465820312,link-1,true
return,11835,17.513,-451.532989501953,link-1,true
return,11836,14.999,-451.037139892578,link-1,true
return,11837,18.167,-450.541748046875,link-1,true
return,11838,17.402,-450.046844482422,link-1,true
return,11839,14.884,-449.552429199219,link-1,true
return,11840,18.179,-449.056640625,link-1,true
return,11841,17.606,-448.561340332031,link-1,true
return,11842,14.941,-448.066528320312,link-1,true
return,11843,18.224,-447.572204589844,link-1,true
return,11844,17.474,-447.076507568359,link-1,true
return,11845,15.214,-446.581268310547,link-1,true
return,11846,17.994,-446.086517333984,link-1,true
return,11847,17.421,-445.59228515625,link-1,true
return,11848,15.279,-445.096649169922,link-1,true
return,11849,18.071,-444.601501464844,link-1,true
return,11850,17.526,-444.106842041016,link-1,true
return,11851,15.018,-443.612670898438,link-1,true
return,11852,18.047,-443.117126464844,link-1,true
return,11853,17.623,-442.6220703125,link-1,true
return,11854,14.758,-442.127502441406,link-1,true
return,11855,18.14,-441.633422851562,link-1,true
return,11856,17.69,-441.137969970703,link-1,true
return,11857,14.62,-440.643005371094,link-1,true
return,11858,17.945,-440.148529052734,link-1,true
return,11859,17.54,-439.654541015625,link-1,true
return,11860,14.613,-439.1591796875,link-1,true
return,11861,17.688,-438.664337158203,link-1,true
return,11862,17.636,-438.169952392578,link-1,true
return,11863,15.155,-437.676055908203,link-1,true
return,11864,17.894,-437.180786132812,link-1,true
return,11865,18.893,-436.68603515625,link-1,true
return,11866,12.323,-436.191741943359,link-1,true
return,11867,27.052,-435.697967529297,link-1,true
return,11868,11.031,-435.202819824219,link-1,true
return,11869,19.509,-434.708160400391,link-1,true
return,11870,14.055,-434.213989257812,link-1,true
return,11871,17.975,-433.720306396484,link-1,true
return,11872,17.155,-433.225280761719,link-1,true
return,11873,14.865,-432.730743408203,link-1,true
return,11874,17.797,-432.236694335938,link-1,true
return,11875,17.312,-431.743133544922,link-1,true
return,11876,14.799,-431.248199462891,link-1,true
return,11877,17.903,-430.753784179688,link-1,true
return,11878,17.331,-430.259857177734,link-1,true
return,11879,14.842,-429.766418457031,link-1,true
return,11880,17.994,-429.271606445312,link-1,true
return,11881,17.259,-428.777282714844,link-1,true
return,11882,14.668,-428.283447265625,link-1,true
return,11883,17.912,-427.790100097656,link-1,true
return,11884,17.143,-427.29541015625,link-1,true
return,11885,15.044,-426.801239013672,link-1,true
return,11886,18.125,-426.307556152344,link-1,true
return,11887,17.136,-425.814331054688,link-1,true
return,11888,14.994,-425.319732666016,link-1,true
return,11889,17.792,-424.825653076172,link-1,true
return,11890,17.271,-424.332092285156,link-1,true
return,11891,14.93,-423.839019775391,link-1,true
return,11892,17.832,-423.344573974609,link-1,true
return,11893,17.438,-422.850616455078,link-1,true
return,11894,14.677,-422.357147216797,link-1,true
return,11895,18.121,-421.864196777344,link-1,true
return,11896,17.034,-421.369873046875,link-1,true
return,11897,15.088,-420.876037597656,link-1,true
return,11898,17.719,-420.382690429688,link-1,true
return,11899,17.322,-419.889862060547,link-1,true
return,11900,15.003,-419.395660400391,link-1,true
return,11901,17.848,-418.901947021484,link-1,true
return,11902,17.241,-418.408721923828,link-1,true
return,11903,15.065,-417.915985107422,link-1,true
return,11904,17.952,-417.421875,link-1,true
return,11905,17.217,-416.928283691406,link-1,true
return,11906,14.826,-416.435180664062,link-1,true
return,11907,17.916,-415.942565917969,link-1,true
return,11908,17.474,-415.448577880859,link-1,true
return,11909,14.888,-414.955108642578,link-1,true
return,11910,17.956,-414.462127685547,link-1,true
return,11911,17.185,-413.969635009766,link-1,true
return,11912,15.054,-413.477630615234,link-1,true
return,11913,18.237,-412.984252929688,link-1,true
return,11914,17.411,-412.491363525391,link-1,true
return,11915,15.254,-411.998962402344,link-1,true
return,11916,18.09,-411.507049560547,link-1,true
return,11917,17.94,-410.519195556641,link-1,true
return,11918,14.631,-410.025054931641,link-1,true
return,11919,17.88,-409.531402587891,link-1,true
return,11920,17.505,-409.038238525391,link-1,true
return,11921,14.847,-408.545562744141,link-1,true
return,11922,18.19,-408.053405761719,link-1,true
return,11923,17.193,-407.561737060547,link-1,true
return,11924,14.765,-407.068695068359,link-1,true
return,11925,17.908,-406.576141357422,link-1,true
return,11926,17.236,-406.084075927734,link-1,true
return,11927,14.643,-405.592498779297,link-1,true
return,11928,18.012,-405.099578857422,link-1,true
return,11929,17.127,-404.607116699219,link-1,true
return,11930,14.703,-404.115173339844,link-1,true
return,11931,17.994,-403.623718261719,link-1,true
return,11932,17.446,-403.130889892578,link-1,true
return,11933,14.595,-402.638519287109,link-1,true
return,11934,17.494,-402.146636962891,link-1,true
return,11935,17.083,-401.6552734375,link-1,true
return,11936,14.809,-401.162536621094,link-1,true
return,11937,17.758,-400.670288085938,link-1,true
return,11938,17.264,-400.178527832031,link-1,true
return,11939,14.922,-399.687225341797,link-1,true
return,11940,17.759,-399.194580078125,link-1,true
return,11941,17.386,-398.702392578125,link-1,true
return,11942,14.993,-398.210693359375,link-1,true
return,11943,17.72,-397.719482421875,link-1,true
return,11944,17.314,-397.226898193359,link-1,true
return,11945,14.754,-396.734802246094,link-1,true
return,11946,17.983,-396.243194580078,link-1,true
return,11947,17.337,-395.752075195312,link-1,true
return,11948,15.02,-395.259582519531,link-1,true
return,11949,17.922,-394.767578125,link-1,true
return,11950,17.318,-394.276031494141,link-1,true
return,11951,14.792,-393.784973144531,link-1,true
return,11952,18.037,-393.292541503906,link-1,true
return,11953,17.488,-392.800598144531,link-1,true
return,11954,14.953,-392.309143066406,link-1,true
return,11955,17.976,-391.818145751953,link-1,true
return,11956,17.127,-391.325775146484,link-1,true
return,11957,14.957,-390.833892822266,link-1,true
return,11958,17.984,-390.342468261719,link-1,true
return,11959,17.272,-389.851531982422,link-1,true
return,11960,14.739,-389.359222412109,link-1,true
return,11961,17.836,-388.867401123047,link-1,true
return,11962,17.383,-388.376037597656,link-1,true
return,11963,14.742,-387.885162353516,link-1,true
return,11964,17.911,-387.392913818359,link-1,true
return,11965,17.21,-386.901153564453,link-1,true
return,11966,14.843,-386.409851074219,link-1,true
return,11967,17.794,-385.919006347656,link-1,true
return,11968,17.303,-385.426818847656,link-1,true
return,11969,14.656,-384.935089111328,link-1,true
return,11970,17.651,-384.443817138672,link-1,true
return,11971,17.192,-383.953033447266,link-1,true
return,11972,14.719,-383.460876464844,link-1,true
return,11973,17.928,-382.969177246094,link-1,true
return,11974,17.194,-382.477966308594,link-1,true
return,11975,14.765,-381.987213134766,link-1,true
return,11976,17.853,-381.495056152344,link-1,true
return,11977,17.158,-381.003387451172,link-1,true
return,11978,14.798,-380.512176513672,link-1,true
return,11979,17.785,-380.021453857422,link-1,true
return,11980,17.608,-379.529327392578,link-1,true
return,11981,225.694,-375.609222412109,link-1,true
return,11982,7.96,-374.628295898438,link-1,true
return,11983,14.725,-374.137573242188,link-1,true
return,11984,23.381,-373.645477294922,link-1,true
return,11985,19.74,-372.662689208984,link-1,true
return,11986,19.838,-372.171997070312,link-1,true
return,11987,15.24,-371.679901123047,link-1,true
return,11988,18.419,-371.188262939453,link-1,true
return,11989,17.776,-370.697082519531,link-1,true
return,11990,15.063,-370.206390380859,link-1,true
return,11991,18.23,-369.714294433594,link-1,true
return,11992,21.874,-369.22265625,link-1,true
return,11993,15.001,-368.731475830078,link-1,true
return,11994,22.976,-368.240753173828,link-1,true
return,11995,19.295,-367.260681152344,link-1,true
return,11996,23.258,-366.769470214844,link-1,true
return,11997,19.434,-366.278717041016,link-1,true
return,11998,20.107,-365.788421630859,link-1,true
return,11999,15.543,-365.296722412109,link-1,true
return,12000,23.154,-364.805480957031,link-1,true
return,12001,18.803,-364.314697265625,link-1,true
return,12002,23.629,-363.824371337891,link-1,true
return,12003,19.577,-363.332641601562,link-1,true
return,12004,20.345,-362.350555419922,link-1,true
return,12005,15.254,-361.860198974609,link-1,true
return,12006,18.749,-361.368408203125,link-1,true
return,12007,18.32,-360.877075195312,link-1,true
return,12008,15.051,-360.386199951172,link-1,true
return,12009,22.905,-359.895782470703,link-1,true
return,12010,18.901,-359.403961181641,link-1,true
return,12011,19.811,-358.91259765625,link-1,true
return,12012,20.412,-357.931182861328,link-1,true
return,12013,15.066,-357.439300537109,link-1,true
return,12014,18.67,-356.947875976562,link-1,true
return,12015,21.658,-356.456909179688,link-1,true
return,12016,14.922,-355.966369628906,link-1,true
return,12017,18.169,-355.474426269531,link-1,true
return,12018,21.715,-354.982940673828,link-1,true
return,12019,14.951,-354.491882324219,link-1,true
return,12020,23.296,-353.511108398438,link-1,true
return,12021,18.445,-353.01953125,link-1,true
return,12022,23.536,-352.528411865234,link-1,true
return,12023,19.1,-352.037719726562,link-1,true
return,12024,20.018,-351.545623779297,link-1,true
return,12025,15.421,-351.053985595703,link-1,true
return,12026,18.571,-350.562774658203,link-1,true
return,12027,22.198,-349.581695556641,link-1,true
return,12028,14.295,-349.089965820312,link-1,true
return,12029,23.011,-348.598693847656,link-1,true
return,12030,19.17,-348.107849121094,link-1,true
return,12031,19.152,-347.615600585938,link-1,true
return,12032,20.187,-347.123779296875,link-1,true
return,12033,15.082,-346.632415771484,link-1,true
return,12034,18.832,-345.651000976562,link-1,true
return,12035,21.318,-345.159088134766,link-1,true
return,12036,14.943,-344.667633056641,link-1,true
return,12037,22.886,-344.176605224609,link-1,true
return,12038,18.86,-343.684173583984,link-1,true
return,12039,24.196,-342.700622558594,link-1,true
return,12040,19.094,-342.209503173828,link-1,true
return,12041,20.099,-341.716979980469,link-1,true
return,12042,15.503,-341.224884033203,link-1,true
return,12043,18.62,-340.733215332031,link-1,true
return,12044,21.874,-340.242004394531,link-1,true
return,12045,15.172,-339.255310058594,link-1,true
return,12046,22.946,-338.761688232422,link-1,true
return,12047,18.938,-338.268524169922,link-1,true
return,12048,21.934,-337.775787353516,link-1,true
return,12049,19.526,-337.283477783203,link-1,true
return,12050,20.666,-336.300201416016,link-1,true
return,12051,19.989,-335.807342529297,link-1,true
return,12052,20.181,-335.31494140625,link-1,true
return,12053,15.662,-334.822967529297,link-1,true
return,12054,23.192,-334.331420898438,link-1,true
return,12055,19.083,-333.838470458984,link-1,true
return,12056,22.558,-332.853851318359,link-1,true
return,12057,19.39,-332.362213134766,link-1,true
return,12058,15.496,-331.869140625,link-1,true
return,12059,23.395,-331.376495361328,link-1,true
return,12060,19.216,-330.884307861328,link-1,true
return,12061,22.446,-329.901214599609,link-1,true
return,12062,19.568,-329.408447265625,link-1,true
return,12063,15.66,-328.916137695312,link-1,true
return,12064,23.437,-328.424255371094,link-1,true
return,12065,19.335,-327.930938720703,link-1,true
return,12066,24.885,-326.945617675781,link-1,true
return,12067,18.723,-326.45361328125,link-1,true
return,12068,15.55,-325.960174560547,link-1,true
return,12069,21.344,-325.467163085938,link-1,true
return,12070,15.14,-324.974609375,link-1,true
return,12071,24.533,-323.990783691406,link-1,true
return,12072,19.016,-323.497680664062,link-1,true
return,12073,24.102,-323.005004882812,link-1,true
return,12074,20.028,-322.512756347656,link-1,true
return,12075,20.796,-321.529541015625,link-1,true
return,12076,15.834,-321.036712646484,link-1,true
return,12077,18.712,-320.544342041016,link-1,true
return,12078,22.29,-320.052398681641,link-1,true
return,12079,14.775,-319.559020996094,link-1,true
return,12080,23.574,-318.573577880859,link-1,true
return,12081,6.101,-318.081512451172,link-1,true
return,12082,4.832,-318.081512451172,link-1,true
return,12083,4.956,-318.081512451172,link-1,true
return,12084,5.08,-317.588012695312,link-1,true
return,12085,4.475,-317.588012695312,link-1,true
return,12086,4.914,-317.588012695312,link-1,true
return,12087,3.996,-317.588012695312,link-1,true
return,12088,4.863,-317.094940185547,link-1,true
return,12089,4.308,-317.094940185547,link-1,true
return,12090,4.823,-317.094940185547,link-1,true
return,12091,3.517,-317.094940185547,link-1,true
return,12092,4.661,-316.602294921875,link-1,true
return,12093,4.403,-316.602294921875,link-1,true
return,12094,5.027,-316.602294921875,link-1,true
return,12095,5.834,-316.110076904297,link-1,true
return,12096,3.668,-316.110076904297,link-1,true
return,12097,5.445,-316.110076904297,link-1,true
return,12098,4.017,-316.110076904297,link-1,true
return,12099,4.714,-315.616455078125,link-1,true
return,12100,3.937,-315.616455078125,link-1,true
return,12101,4.193,-315.616455078125,link-1,true
return,12102,4.16,-315.616455078125,link-1,true
return,12103,4.557,-315.123260498047,link-1,true
return,12104,3.762,-315.123260498047,link-1,true
return,12105,4.611,-315.123260498047,link-1,true
return,12106,3.879,-315.123260498047,link-1,true
return,12107,4.506,-314.630493164062,link-1,true
return,12108,3.546,-314.630493164062,link-1,true
return,12109,4.151,-314.630493164062,link-1,true
return,12110,3.989,-314.630493164062,link-1,true
return,12111,4.57,-314.138153076172,link-1,true
return,12112,3.729,-314.138153076172,link-1,true
return,12113,4.02,-314.138153076172,link-1,true
return,12114,3.615,-314.138153076172,link-1,true
return,12115,4.667,-313.644409179688,link-1,true
return,12116,3.748,-313.644409179688,link-1,true
return,12117,4.49,-313.644409179688,link-1,true
return,12118,4.674,-313.644409179688,link-1,true
return,12119,4.484,-313.151092529297,link-1,true
return,12120,4.843,-313.151092529297,link-1,true
return,12121,4.043,-313.151092529297,link-1,true
return,12122,3.688,-313.151092529297,link-1,true
return,12123,5.206,-312.658203125,link-1,true
return,12124,3.816,-312.658203125,link-1,true
return,12125,4.492,-312.658203125,link-1,true
return,12126,4.027,-312.658203125,link-1,true
return,12127,4.646,-312.165740966797,link-1,true
return,12128,4.281,-312.165740966797,link-1,true
return,12129,3.845,-312.165740966797,link-1,true
return,12130,4.513,-312.165740966797,link-1,true
return,12131,4.938,-311.671875,link-1,true
return,12132,4.807,-311.671875,link-1,true
return,12133,4.203,-311.671875,link-1,true
return,12134,4.585,-311.671875,link-1,true
return,12135,4.903,-311.178436279297,link-1,true
return,12136,4.02,-311.178436279297,link-1,true
return,12137,3.837,-311.178436279297,link-1,true
return,12138,3.61,-311.178436279297,link-1,true
return,12139,4.038,-310.685424804688,link-1,true
return,12140,4.66,-310.685424804688,link-1,true
return,12141,4.213,-310.685424804688,link-1,true
return,12142,4.318,-310.685424804688,link-1,true
return,12143,4.668,-310.192840576172,link-1,true
return,12144,4.375,-310.192840576172,link-1,true
return,12145,4.875,-310.192840576172,link-1,true
return,12146,3.988,-310.192840576172,link-1,true
return,12147,5.33,-309.698822021484,link-1,true
return,12148,4.007,-309.698822021484,link-1,true
return,12149,4.245,-309.698822021484,link-1,true
return,12150,3.53,-309.698822021484,link-1,true
return,12151,4.726,-309.205261230469,link-1,true
return,12152,4.072,-309.205261230469,link-1,true
return,12153,3.435,-309.205261230469,link-1,true
return,12154,3.934,-309.205261230469,link-1,true
return,12155,4.738,-308.712127685547,link-1,true
return,12156,3.609,-308.712127685547,link-1,true
return,12157,3.676,-308.712127685547,link-1,true
return,12158,3.971,-308.712127685547,link-1,true
return,12159,4.722,-308.219421386719,link-1,true
return,12160,4.02,-308.219421386719,link-1,true
return,12161,3.553,-308.219421386719,link-1,true
return,12162,3.547,-308.219421386719,link-1,true
return,12163,4.533,-307.725280761719,link-1,true
return,12164,4.303,-307.725280761719,link-1,true
return,12165,4.047,-307.725280761719,link-1,true
return,12166,4.547,-307.725280761719,link-1,true
return,12167,5.198,-307.231597900391,link-1,true
return,12168,3.905,-307.231597900391,link-1,true
return,12169,3.872,-307.231597900391,link-1,true
return,12170,4.132,-307.231597900391,link-1,true
return,12171,5.666,-306.738342285156,link-1,true
return,12172,4.314,-306.738342285156,link-1,true
return,12173,3.973,-306.738342285156,link-1,true
return,12174,3.823,-306.738342285156,link-1,true
return,12175,5.402,-306.245513916016,link-1,true
return,12176,3.852,-306.245513916016,link-1,true
return,12177,3.905,-306.245513916016,link-1,true
return,12178,3.556,-306.245513916016,link-1,true
return,12179,5.017,-305.751251220703,link-1,true
return,12180,4.016,-305.751251220703,link-1,true
return,12181,3.64,-305.751251220703,link-1,true
return,12182,4.271,-305.751251220703,link-1,true
return,12183,5.245,-305.257446289062,link-1,true
return,12184,3.77,-305.257446289062,link-1,true
return,12185,5.19,-305.257446289062,link-1,true
return,12186,7.257,-304.764068603516,link-1,true
return,12187,4.865,-304.764068603516,link-1,true
return,12188,4.745,-304.764068603516,link-1,true
return,12189,6.399,-304.764068603516,link-1,true
return,12190,5.065,-304.271118164062,link-1,true
return,12191,5.718,-304.271118164062,link-1,true
return,12192,3.999,-304.271118164062,link-1,true
return,12193,4.709,-304.271118164062,link-1,true
return,12194,4.32,-303.776733398438,link-1,true
return,12195,3.819,-303.776733398438,link-1,true
return,12196,4.269,-303.776733398438,link-1,true
return,12197,4.749,-303.282806396484,link-1,true
return,12198,4.359,-303.282806396484,link-1,true
return,12199,3.551,-303.282806396484,link-1,true
return,12200,4.488,-303.282806396484,link-1,true
return,12201,4.836,-302.789306640625,link-1,true
return,12202,4.118,-302.789306640625,link-1,true
return,12203,4.078,-302.789306640625,link-1,true
return,12204,4.712,-302.789306640625,link-1,true
return,12205,5.006,-302.296234130859,link-1,true
return,12206,3.938,-302.296234130859,link-1,true
return,12207,3.786,-302.296234130859,link-1,true
return,12208,6.086,-301.801727294922,link-1,true
return,12209,3.907,-301.801727294922,link-1,true
return,12210,3.893,-301.801727294922,link-1,true
return,12211,4.311,-301.801727294922,link-1,true
return,12212,4.925,-301.307678222656,link-1,true
return,12213,3.558,-301.307678222656,link-1,true
return,12214,4.027,-301.307678222656,link-1,true
return,12215,4.722,-301.307678222656,link-1,true
return,12216,4.811,-300.814056396484,link-1,true
return,12217,3.945,-300.814056396484,link-1,true
return,12218,3.568,-300.814056396484,link-1,true
return,12219,4.042,-300.814056396484,link-1,true
return,12220,5.831,-300.320861816406,link-1,true
return,12221,4.077,-300.320861816406,link-1,true
return,12222,4.327,-300.320861816406,link-1,true
return,12223,5.354,-299.826263427734,link-1,true
return,12224,3.975,-299.826263427734,link-1,true
return,12225,4.209,-299.826263427734,link-1,true
return,12226,4.092,-299.826263427734,link-1,true
return,12227,5.582,-299.332092285156,link-1,true
return,12228,3.992,-299.332092285156,link-1,true
return,12229,4.038,-299.332092285156,link-1,true
return,12230,4.014,-299.332092285156,link-1,true
return,12231,5.268,-298.838348388672,link-1,true
return,12232,4.207,-298.838348388672,link-1,true
return,12233,3.961,-298.838348388672,link-1,true
return,12234,5.238,-298.345031738281,link-1,true
return,12235,4.303,-298.345031738281,link-1,true
return,12236,3.668,-298.345031738281,link-1,true
return,12237,4.219,-298.345031738281,link-1,true
return,12238,5.046,-297.850311279297,link-1,true
return,12239,3.965,-297.850311279297,link-1,true
return,12240,3.892,-297.850311279297,link-1,true
return,12241,3.785,-297.850311279297,link-1,true
return,12242,6.084,-297.356018066406,link-1,true
return,12243,4.101,-297.356018066406,link-1,true
return,12244,4.003,-297.356018066406,link-1,true
return,12245,4.171,-297.356018066406,link-1,true
return,12246,4.973,-296.862182617188,link-1,true
return,12247,3.434,-296.862182617188,link-1,true
return,12248,3.75,-296.862182617188,link-1,true
return,12249,3.847,-296.862182617188,link-1,true
return,12250,4.896,-296.368774414062,link-1,true
return,12251,4.616,-296.368774414062,link-1,true
return,12252,4.046,-296.368774414062,link-1,true
return,12253,3.309,-296.368774414062,link-1,true
return,12254,5.218,-295.873931884766,link-1,true
return,12255,3.543,-295.873931884766,link-1,true
return,12256,3.912,-295.873931884766,link-1,true
return,12257,4.163,-295.873931884766,link-1,true
return,12258,4.713,-295.379516601562,link-1,true
return,12259,4.926,-295.379516601562,link-1,true
return,12260,4.236,-295.379516601562,link-1,true
return,12261,6.216,-294.885559082031,link-1,true
return,12262,3.872,-294.885559082031,link-1,true
return,12263,3.973,-294.885559082031,link-1,true
return,12264,3.976,-294.885559082031,link-1,true
return,12265,5.105,-294.392028808594,link-1,true
return,12266,4.19,-294.392028808594,link-1,true
return,12267,4.564,-294.392028808594,link-1,true
return,12268,3.831,-294.392028808594,link-1,true
return,12269,5.106,-293.897094726562,link-1,true
return,12270,3.967,-293.897094726562,link-1,true
return,12271,4.471,-293.897094726562,link-1,true
return,12272,3.892,-293.897094726562,link-1,true
return,12273,4.943,-293.402587890625,link-1,true
return,12274,4.176,-293.402587890625,link-1,true
return,12275,3.527,-293.402587890625,link-1,true
return,12276,5.11,-293.402587890625,link-1,true
return,12277,5.522,-292.908538818359,link-1,true
return,12278,4.145,-292.908538818359,link-1,true
return,12279,3.585,-292.908538818359,link-1,true
return,12280,5.311,-292.414916992188,link-1,true
return,12281,4.181,-292.414916992188,link-1,true
return,12282,4.467,-292.414916992188,link-1,true
return,12283,4.452,-292.414916992188,link-1,true
return,12284,5.375,-291.919860839844,link-1,true
return,12285,4.365,-291.919860839844,link-1,true
return,12286,3.809,-291.919860839844,link-1,true
return,12287,5.364,-291.919860839844,link-1,true
return,12288,4.713,-291.425231933594,link-1,true
return,12289,4.322,-291.425231933594,link-1,true
return,12290,4.453,-291.425231933594,link-1,true
return,12291,5.172,-290.931060791016,link-1,true
return,12292,4.286,-290.931060791016,link-1,true
return,12293,4.261,-290.931060791016,link-1,true
return,12294,3.944,-290.931060791016,link-1,true
return,12295,5.443,-290.437316894531,link-1,true
return,12296,3.6,-290.437316894531,link-1,true
return,12297,4.26,-290.437316894531,link-1,true
return,12298,3.842,-290.437316894531,link-1,true
return,12299,6.115,-289.942169189453,link-1,true
return,12300,4.081,-289.942169189453,link-1,true
return,12301,3.905,-289.942169189453,link-1,true
return,12302,4.139,-289.942169189453,link-1,true
return,12303,4.757,-289.447448730469,link-1,true
return,12304,4.707,-289.447448730469,link-1,true
return,12305,4.447,-289.447448730469,link-1,true
return,12306,5.443,-288.953186035156,link-1,true
return,12307,4.01,-288.953186035156,link-1,true
return,12308,4.025,-288.953186035156,link-1,true
return,12309,4.643,-288.953186035156,link-1,true
return,12310,5.447,-288.459350585938,link-1,true
return,12311,4.08,-288.459350585938,link-1,true
return,12312,4.248,-288.459350585938,link-1,true
return,12313,3.912,-288.459350585938,link-1,true
return,12314,5.27,-287.964111328125,link-1,true
return,12315,4.057,-287.964111328125,link-1,true
return,12316,4.163,-287.964111328125,link-1,true
return,12317,4.597,-287.469299316406,link-1,true
return,12318,4.039,-287.469299316406,link-1,true
return,12319,4.174,-287.469299316406,link-1,true
return,12320,4.462,-287.469299316406,link-1,true
return,12321,5.165,-286.974914550781,link-1,true
return,12322,4.343,-286.974914550781,link-1,true
return,12323,3.983,-286.974914550781,link-1,true
return,12324,3.742,-286.974914550781,link-1,true
return,12325,4.887,-286.480987548828,link-1,true
return,12326,4.419,-286.480987548828,link-1,true
return,12327,4.123,-286.480987548828,link-1,true
return,12328,4.866,-286.480987548828,link-1,true
return,12329,4.931,-285.985626220703,link-1,true
return,12330,4.362,-285.985626220703,link-1,true
return,12331,4.116,-285.985626220703,link-1,true
return,12332,4.774,-285.49072265625,link-1,true
return,12333,4.551,-285.49072265625,link-1,true
return,12334,3.958,-285.49072265625,link-1,true
return,12335,4.121,-285.49072265625,link-1,true
return,12336,4.854,-284.996246337891,link-1,true
return,12337,3.768,-284.996246337891,link-1,true
return,12338,4.306,-284.996246337891,link-1,true
return,12339,3.76,-284.996246337891,link-1,true
return,12340,4.917,-284.502227783203,link-1,true
return,12341,4.098,-284.502227783203,link-1,true
return,12342,5.9,-284.502227783203,link-1,true
return,12343,5.007,-284.502227783203,link-1,true
return,12344,5.509,-284.006774902344,link-1,true
return,12345,3.92,-284.006774902344,link-1,true
return,12346,3.794,-284.006774902344,link-1,true
return,12347,5.487,-283.511779785156,link-1,true
return,12348,3.903,-283.511779785156,link-1,true
return,12349,3.862,-283.511779785156,link-1,true
return,12350,4.341,-283.511779785156,link-1,true
return,12351,6.075,-283.017211914062,link-1,true
return,12352,4.037,-283.017211914062,link-1,true
return,12353,3.821,-283.017211914062,link-1,true
return,12354,3.89,-283.017211914062,link-1,true
return,12355,4.864,-282.523101806641,link-1,true
return,12356,3.88,-282.523101806641,link-1,true
return,12357,4.052,-282.523101806641,link-1,true
return,12358,4.724,-282.523101806641,link-1,true
return,12359,5.014,-282.027557373047,link-1,true
return,12360,4.028,-282.027557373047,link-1,true
return,12361,3.931,-282.027557373047,link-1,true
return,12362,5.431,-281.532470703125,link-1,true
return,12363,4.122,-281.532470703125,link-1,true
return,12364,4.907,-281.532470703125,link-1,true
return,12365,3.744,-281.532470703125,link-1,true
return,12366,5.463,-281.037811279297,link-1,true
return,12367,6.49,-281.037811279297,link-1,true
return,12368,3.765,-281.037811279297,link-1,true
return,12369,3.987,-281.037811279297,link-1,true
return,12370,4.77,-280.543609619141,link-1,true
return,12371,4.73,-280.543609619141,link-1,true
return,12372,3.98,-280.543609619141,link-1,true
return,12373,5.443,-280.047973632812,link-1,true
return,12374,4.031,-280.047973632812,link-1,true
return,12375,4.734,-280.047973632812,link-1,true
return,12376,3.717,-280.047973632812,link-1,true
return,12377,4.932,-279.552795410156,link-1,true
return,12378,4.355,-279.552795410156,link-1,true
return,12379,3.927,-279.552795410156,link-1,true
return,12380,3.665,-279.552795410156,link-1,true
return,12381,5.047,-279.058044433594,link-1,true
return,12382,3.75,-279.058044433594,link-1,true
return,12383,4.081,-279.058044433594,link-1,true
return,12384,3.917,-279.058044433594,link-1,true
return,12385,5.345,-278.563751220703,link-1,true
return,12386,3.866,-278.563751220703,link-1,true
return,12387,3.942,-278.563751220703,link-1,true
return,12388,4.245,-278.563751220703,link-1,true
return,12389,5.457,-278.068023681641,link-1,true
return,12390,4.495,-278.068023681641,link-1,true
return,12391,3.61,-278.068023681641,link-1,true
return,12392,4.708,-277.57275390625,link-1,true
return,12393,4.173,-277.57275390625,link-1,true
return,12394,3.998,-277.57275390625,link-1,true
return,12395,3.753,-277.57275390625,link-1,true
return,12396,4.85,-277.077941894531,link-1,true
return,12397,3.689,-277.077941894531,link-1,true
return,12398,3.633,-277.077941894531,link-1,true
return,12399,3.854,-277.077941894531,link-1,true
return,12400,4.622,-276.583587646484,link-1,true
return,12401,4.733,-276.583587646484,link-1,true
return,12402,7.163,-276.583587646484,link-1,true
return,12403,6.251,-276.087799072266,link-1,true
return,12404,10.302,-276.087799072266,link-1,true
return,12405,4.157,-276.087799072266,link-1,true
return,12406,4.505,-276.087799072266,link-1,true
return,12407,8.577,-275.592437744141,link-1,true
return,12408,4.507,-275.592437744141,link-1,true
return,12409,5.607,-275.592437744141,link-1,true
return,12410,5.044,-275.097534179688,link-1,true
return,12411,4.391,-275.097534179688,link-1,true
return,12412,6.405,-275.097534179688,link-1,true
return,12413,9.104,-274.603088378906,link-1,true
return,12414,4.811,-274.603088378906,link-1,true
return,12415,4.956,-274.603088378906,link-1,true
return,12416,5.32,-274.109069824219,link-1,true
return,12417,5.868,-274.109069824219,link-1,true
return,12418,3.959,-274.109069824219,link-1,true
return,12419,5.529,-273.613647460938,link-1,true
return,12420,5.232,-273.613647460938,link-1,true
return,12421,3.376,-273.613647460938,link-1,true
return,12422,4.255,-273.118682861328,link-1,true
return,12423,3.267,-273.118682861328,link-1,true
return,12424,4.315,-273.118682861328,link-1,true
return,12425,4.394,-272.624145507812,link-1,true
return,12426,3.968,-272.624145507812,link-1,true
return,12427,7.624,-272.624145507812,link-1,true
return,12428,5.135,-272.130065917969,link-1,true
return,12429,3.975,-272.130065917969,link-1,true
return,12430,3.759,-272.130065917969,link-1,true
return,12431,4.406,-272.130065917969,link-1,true
return,12432,5.298,-271.634582519531,link-1,true
return,12433,3.488,-271.634582519531,link-1,true
return,12434,10.653,-271.634582519531,link-1,true
return,12435,15.39,-271.139526367188,link-1,true
return,12436,18.476,-270.644927978516,link-1,true
return,12437,22.415,-270.150787353516,link-1,true
return,12438,16.531,-269.655212402344,link-1,true
return,12439,21.863,-268.665435791016,link-1,true
return,12440,15.01,-268.171234130859,link-1,true
return,12441,23.957,-267.675598144531,link-1,true
return,12442,19.263,-267.180419921875,link-1,true
return,12443,20.295,-266.685699462891,link-1,true
return,12444,15.424,-266.19140625,link-1,true
return,12445,18.64,-265.695709228516,link-1,true
return,12446,22.107,-264.705657958984,link-1,true
return,12447,14.83,-264.211303710938,link-1,true
return,12448,22.801,-263.715545654297,link-1,true
return,12449,19.342,-263.220245361328,link-1,true
return,12450,22.07,-262.231018066406,link-1,true
return,12451,19.157,-261.735198974609,link-1,true
return,12452,15.52,-261.239837646484,link-1,true
return,12453,23.02,-260.744934082031,link-1,true
return,12454,18.758,-260.25048828125,link-1,true
return,12455,23.754,-259.25732421875,link-1,true
return,12456,19.214,-258.760498046875,link-1,true
return,12457,20.146,-258.264129638672,link-1,true
return,12458,20.223,-257.768218994141,link-1,true
return,12459,20.529,-256.777770996094,link-1,true
return,12460,14.981,-256.283233642578,link-1,true
return,12461,18.379,-255.78727722168,link-1,true
return,12462,21.711,-255.291778564453,link-1,true
return,12463,14.918,-254.796722412109,link-1,true
return,12464,23.417,-253.807983398438,link-1,true
return,12465,18.657,-253.312423706055,link-1,true
return,12466,21.908,-252.817337036133,link-1,true
return,12467,19.551,-252.322692871094,link-1,true
return,12468,15.446,-251.826644897461,link-1,true
return,12469,18.874,-250.835922241211,link-1,true
return,12470,21.39,-250.341247558594,link-1,true
return,12471,15.055,-249.845153808594,link-1,true
return,12472,23.04,-249.349517822266,link-1,true
return,12473,18.882,-248.854339599609,link-1,true
return,12474,19.855,-247.865356445312,link-1,true
return,12475,19.838,-247.369689941406,link-1,true
return,12476,15.56,-246.874481201172,link-1,true
return,12477,23.365,-246.379730224609,link-1,true
return,12478,19.049,-245.883560180664,link-1,true
return,12479,22.106,-244.892608642578,link-1,true
return,12480,19.435,-244.397827148438,link-1,true
return,12481,15.404,-243.901626586914,link-1,true
return,12482,22.881,-243.405883789062,link-1,true
return,12483,18.93,-242.910614013672,link-1,true
return,12484,19.699,-242.415786743164,link-1,true
return,12485,20.693,-241.421936035156,link-1,true
return,12486,14.579,-241.421936035156,link-1,true
return,12487,19.097,-240.924774169922,link-1,true
return,12488,21.889,-240.428070068359,link-1,true
return,12489,15.073,-239.931823730469,link-1,true
return,12490,22.883,-239.43603515625,link-1,true
return,12491,19.053,-238.940719604492,link-1,true
return,12492,22.492,-237.951446533203,link-1,true
return,12493,19.189,-237.455627441406,link-1,true
return,12494,19.86,-236.96028137207,link-1,true
return,12495,20.208,-236.465393066406,link-1,true
return,12496,15.654,-235.969100952148,link-1,true
return,12497,18.336,-235.473266601562,link-1,true
return,12498,22.358,-234.482971191406,link-1,true
return,12499,14.851,-233.98664855957,link-1,true
return,12500,23.349,-233.490783691406,link-1,true
return,12501,19.086,-232.995391845703,link-1,true
return,12502,19.375,-232.500457763672,link-1,true
return,12503,20.459,-232.004119873047,link-1,true
return,12504,15.902,-231.012817382812,link-1,true
return,12505,18.397,-230.517852783203,link-1,true
return,12506,22.008,-230.021484375,link-1,true
return,12507,14.831,-229.525573730469,link-1,true
return,12508,23.423,-229.030136108398,link-1,true
return,12509,18.854,-228.53515625,link-1,true
return,12510,19.692,-227.540985107422,link-1,true
return,12511,20.229,-227.043670654297,link-1,true
return,12512,19.96,-226.546813964844,link-1,true
return,12513,18.127,-226.050415039062,link-1,true
return,12514,15.38,-225.554473876953,link-1,true
return,12515,21.828,-225.059005737305,link-1,true
return,12516,20.034,-224.069442749023,link-1,true
return,12517,15.11,-223.573486328125,link-1,true
return,12518,18.695,-223.078002929688,link-1,true
return,12519,21.861,-222.582977294922,link-1,true
return,12520,14.908,-222.088409423828,link-1,true
return,12521,23.263,-221.592437744141,link-1,true
return,12522,19.208,-220.60188293457,link-1,true
return,12523,21.696,-220.107299804688,link-1,true
return,12524,19.715,-219.611312866211,link-1,true
return,12525,15.827,-219.115783691406,link-1,true
return,12526,23.016,-218.620712280273,link-1,true
return,12527,19.216,-218.126098632812,link-1,true
return,12528,22.414,-217.132675170898,link-1,true
return,12529,18.938,-216.635726928711,link-1,true
return,12530,15.67,-216.139236450195,link-1,true
return,12531,27.0,-215.643203735352,link-1,true
return,12532,15.098,-215.147644042969,link-1,true
return,12533,20.183,-214.652542114258,link-1,true
return,12534,15.244,-213.66374206543,link-1,true
return,12535,22.781,-213.168167114258,link-1,true
return,12536,19.058,-212.673049926758,link-1,true
return,12537,23.805,-212.17839050293,link-1,true
return,12538,15.022,-211.682327270508,link-1,true
return,12539,23.317,-211.186737060547,link-1,true
return,12540,19.758,-210.196914672852,link-1,true
return,12541,23.469,-209.700836181641,link-1,true
return,12542,19.835,-209.205215454102,link-1,true
return,12543,20.5,-208.710052490234,link-1,true
return,12544,15.821,-208.215362548828,link-1,true
return,12545,19.13,-207.221755981445,link-1,true
return,12546,21.912,-206.724716186523,link-1,true
return,12547,15.542,-206.228149414062,link-1,true
return,12548,23.344,-205.732040405273,link-1,true
return,12549,19.48,-205.236389160156,link-1,true
return,12550,20.111,-204.246475219727,link-1,true
return,12551,21.833,-203.750335693359,link-1,true
return,12552,14.08,-203.254669189453,link-1,true
return,12553,22.122,-202.759460449219,link-1,true
return,12554,19.115,-202.264709472656,link-1,true
return,12555,22.756,-201.27099609375,link-1,true
return,12556,19.968,-200.773895263672,link-1,true
return,12557,20.603,-200.277252197266,link-1,true
return,12558,20.874,-199.78108215332,vale-0,true
return,12559,15.733,-199.285369873047,vale-0,true
return,12560,19.763,-198.295333862305,vale-0,true
return,12561,21.896,-197.79914855957,vale-0,true
return,12562,15.651,-197.303436279297,vale-0,true
return,12563,23.753,-196.808166503906,vale-0,true
return,12564,19.476,-196.313354492188,vale-0,true
return,12565,22.966,-195.319534301758,vale-0,true
return,12566,19.432,-194.822387695312,vale-0,true
return,12567,20.474,-194.325698852539,vale-0,true
return,12568,16.022,-193.829483032227,vale-0,true
return,12569,19.032,-193.333709716797,vale-0,true
return,12570,22.673,-192.343566894531,vale-0,true
return,12571,15.126,-191.847320556641,vale-0,true
return,12572,23.588,-191.351547241211,vale-0,true
return,12573,19.173,-190.856231689453,vale-0,true
return,12574,20.02,-190.361358642578,vale-0,true
return,12575,21.143,-189.367416381836,vale-0,true
return,12576,15.24,-188.870208740234,vale-0,true
return,12577,18.99,-188.373474121094,vale-0,true
return,12578,22.287,-187.877197265625,vale-0,true
return,12579,15.235,-187.381378173828,vale-0,true
return,12580,23.853,-186.391143798828,vale-0,true
return,12581,18.917,-185.894836425781,vale-0,true
return,12582,23.909,-185.398986816406,vale-0,true
return,12583,19.642,-184.903610229492,vale-0,true
return,12584,20.224,-184.40869140625,vale-0,true
return,12585,16.205,-183.414627075195,vale-0,true
return,12586,18.276,-182.917358398438,vale-0,true
return,12587,22.033,-182.420562744141,vale-0,true
return,12588,14.929,-181.924209594727,vale-0,true
return,12589,23.213,-181.428329467773,vale-0,true
return,12590,19.022,-180.932907104492,vale-0,true
return,12591,20.062,-179.943450927734,vale-0,true
return,12592,19.91,-179.447540283203,vale-0,true
return,12593,15.893,-178.952087402344,vale-0,true
return,12594,18.718,-178.457107543945,vale-0,true
return,12595,21.771,-177.962585449219,vale-0,true
return,12596,6.964,-177.466659545898,vale-0,true
return,12597,5.442,-177.466659545898,vale-0,true
return,12598,6.033,-176.97119140625,vale-0,true
return,12599,4.96,-176.97119140625,vale-0,true
return,12600,3.687,-176.97119140625,vale-0,true
return,12601,4.434,-176.476181030273,vale-0,true
return,12602,4.46,-176.476181030273,vale-0,true
return,12603,3.623,-176.476181030273,vale-0,true
return,12604,3.475,-176.476181030273,vale-0,true
return,12605,4.743,-175.981628417969,vale-0,true
return,12606,4.382,-175.981628417969,vale-0,true
return,12607,4.717,-175.981628417969,vale-0,true
return,12608,3.788,-175.981628417969,vale-0,true
return,12609,4.557,-175.48567199707,vale-0,true
return,12610,4.059,-175.48567199707,vale-0,true
return,12611,3.525,-175.48567199707,vale-0,true
return,12612,3.299,-175.48567199707,vale-0,true
return,12613,3.638,-175.48567199707,vale-0,true
return,12614,4.719,-174.990173339844,vale-0,true
return,12615,4.497,-174.990173339844,vale-0,true
return,12616,3.641,-174.990173339844,vale-0,true
return,12617,3.333,-174.990173339844,vale-0,true
return,12618,4.482,-174.495132446289,vale-0,true
return,12619,4.278,-174.495132446289,vale-0,true
return,12620,4.071,-174.495132446289,vale-0,true
return,12621,3.799,-174.495132446289,vale-0,true
return,12622,3.528,-174.495132446289,vale-0,true
return,12623,5.759,-174.000549316406,vale-0,true
return,12624,3.904,-174.000549316406,vale-0,true
return,12625,4.434,-174.000549316406,vale-0,true
return,12626,4.569,-174.000549316406,vale-0,true
return,12627,5.042,-173.50456237793,vale-0,true
return,12628,3.853,-173.50456237793,vale-0,true
return,12629,3.589,-173.50456237793,vale-0,true
return,12630,4.726,-173.50456237793,vale-0,true
return,12631,5.184,-173.009048461914,vale-0,true
return,12632,3.97,-173.009048461914,vale-0,true
return,12633,3.553,-173.009048461914,vale-0,true
return,12634,4.39,-173.009048461914,vale-0,true
return,12635,4.715,-172.51399230957,vale-0,true
return,12636,3.721,-172.51399230957,vale-0,true
return,12637,3.494,-172.51399230957,vale-0,true
return,12638,4.449,-172.51399230957,vale-0,true
return,12639,4.479,-172.019393920898,vale-0,true
return,12640,4.22,-172.019393920898,vale-0,true
return,12641,3.745,-172.019393920898,vale-0,true
return,12642,4.107,-172.019393920898,vale-0,true
return,12643,4.763,-171.523376464844,vale-0,true
return,12644,3.872,-171.523376464844,vale-0,true
return,12645,3.848,-171.523376464844,vale-0,true
return,12646,4.555,-171.523376464844,vale-0,true
return,12647,5.051,-171.02783203125,vale-0,true
return,12648,3.64,-171.02783203125,vale-0,true
return,12649,4.432,-171.02783203125,vale-0,true
return,12650,4.903,-171.02783203125,vale-0,true
return,12651,4.844,-170.532745361328,vale-0,true
return,12652,4.687,-170.532745361328,vale-0,true
return,12653,4.787,-170.532745361328,vale-0,true
return,12654,5.794,-170.532745361328,vale-0,true
return,12655,5.653,-170.038116455078,vale-0,true
return,12656,5.535,-170.038116455078,vale-0,true
return,12657,3.958,-170.038116455078,vale-0,true
return,12658,4.399,-170.038116455078,vale-0,true
return,12659,5.347,-169.542098999023,vale-0,true
return,12660,3.987,-169.542098999023,vale-0,true
return,12661,4.225,-169.542098999023,vale-0,true
return,12662,3.638,-169.542098999023,vale-0,true
return,12663,4.201,-169.046539306641,vale-0,true
return,12664,4.842,-169.046539306641,vale-0,true
return,12665,3.477,-169.046539306641,vale-0,true
return,12666,3.451,-169.046539306641,vale-0,true
return,12667,4.818,-168.55143737793,vale-0,true
return,12668,4.696,-168.55143737793,vale-0,true
return,12669,4.543,-168.55143737793,vale-0,true
return,12670,3.735,-168.55143737793,vale-0,true
return,12671,4.899,-168.056793212891,vale-0,true
return,12672,4.067,-168.056793212891,vale-0,true
return,12673,4.053,-168.056793212891,vale-0,true
return,12674,4.167,-168.056793212891,vale-0,true
return,12675,4.534,-167.560745239258,vale-0,true
return,12676,3.882,-167.560745239258,vale-0,true
return,12677,4.022,-167.560745239258,vale-0,true
return,12678,4.041,-167.560745239258,vale-0,true
return,12679,5.057,-167.065155029297,vale-0,true
return,12680,3.938,-167.065155029297,vale-0,true
return,12681,3.489,-167.065155029297,vale-0,true
return,12682,4.187,-167.065155029297,vale-0,true
return,12683,6.279,-166.570022583008,vale-0,true
return,12684,7.056,-166.570022583008,vale-0,true
return,12685,3.703,-166.570022583008,vale-0,true
return,12686,4.201,-166.075347900391,vale-0,true
return,12687,4.315,-166.075347900391,vale-0,true
return,12688,4.482,-166.075347900391,vale-0,true
return,12689,3.713,-166.075347900391,vale-0,true
return,12690,5.032,-165.57926940918,vale-0,true
return,12691,3.882,-165.57926940918,vale-0,true
return,12692,4.169,-165.57926940918,vale-0,true
return,12693,4.993,-165.57926940918,vale-0,true
return,12694,4.969,-165.083648681641,vale-0,true
return,12695,4.293,-165.083648681641,vale-0,true
return,12696,3.492,-165.083648681641,vale-0,true
return,12697,4.133,-164.588485717773,vale-0,true
return,12698,4.562,-164.588485717773,vale-0,true
return,12699,4.284,-164.588485717773,vale-0,true
return,12700,4.575,-164.588485717773,vale-0,true
return,12701,4.538,-164.093795776367,vale-0,true
return,12702,4.578,-164.093795776367,vale-0,true
return,12703,4.05,-164.093795776367,vale-0,true
return,12704,3.382,-164.093795776367,vale-0,true
return,12705,4.496,-163.597702026367,vale-0,true
return,12706,4.188,-163.597702026367,vale-0,true
return,12707,3.655,-163.597702026367,vale-0,true
return,12708,4.972,-163.10205078125,vale-0,true
return,12709,3.685,-163.10205078125,vale-0,true
return,12710,4.738,-163.10205078125,vale-0,true
return,12711,4.156,-163.10205078125,vale-0,true
return,12712,4.346,-162.606872558594,vale-0,true
return,12713,5.453,-162.606872558594,vale-0,true
return,12714,4.609,-162.606872558594,vale-0,true
return,12715,4.063,-162.606872558594,vale-0,true
return,12716,4.82,-162.112152099609,vale-0,true
return,12717,4.053,-162.112152099609,vale-0,true
return,12718,4.135,-162.112152099609,vale-0,true
return,12719,4.376,-161.616027832031,vale-0,true
return,12720,4.397,-161.616027832031,vale-0,true
return,12721,3.492,-161.616027832031,vale-0,true
return,12722,3.873,-161.616027832031,vale-0,true
return,12723,4.426,-161.120361328125,vale-0,true
return,12724,3.665,-161.120361328125,vale-0,true
return,12725,3.416,-161.120361328125,vale-0,true
return,12726,4.572,-161.120361328125,vale-0,true
return,12727,5.089,-160.625152587891,vale-0,true
return,12728,3.79,-160.625152587891,vale-0,true
return,12729,3.353,-160.625152587891,vale-0,true
return,12730,3.92,-160.625152587891,vale-0,true
return,12731,4.087,-160.130416870117,vale-0,true
return,12732,3.766,-160.130416870117,vale-0,true
return,12733,4.161,-160.130416870117,vale-0,true
return,12734,6.013,-160.130416870117,vale-0,true
return,12735,4.495,-159.634262084961,vale-0,true
return,12736,3.675,-159.634262084961,vale-0,true
return,12737,3.954,-159.634262084961,vale-0,true
return,12738,4.563,-159.634262084961,vale-0,true
return,12739,5.109,-159.138580322266,vale-0,true
return,12740,5.406,-159.138580322266,vale-0,true
return,12741,5.543,-159.138580322266,vale-0,true
return,12742,5.001,-158.643356323242,vale-0,true
return,12743,3.899,-158.643356323242,vale-0,true
return,12744,4.101,-158.643356323242,vale-0,true
return,12745,3.873,-158.643356323242,vale-0,true
return,12746,4.339,-158.148590087891,vale-0,true
return,12747,4.017,-158.148590087891,vale-0,true
return,12748,3.833,-158.148590087891,vale-0,true
return,12749,4.099,-158.148590087891,vale-0,true
return,12750,4.949,-157.652420043945,vale-0,true
return,12751,3.48,-157.652420043945,vale-0,true
return,12752,3.561,-157.652420043945,vale-0,true
return,12753,4.21,-157.652420043945,vale-0,true
return,12754,4.234,-157.156707763672,vale-0,true
return,12755,3.946,-157.156707763672,vale-0,true
return,12756,3.704,-157.156707763672,vale-0,true
return,12757,4.085,-157.156707763672,vale-0,true
return,12758,4.731,-156.66145324707,vale-0,true
return,12759,3.832,-156.66145324707,vale-0,true
return,12760,3.853,-156.66145324707,vale-0,true
return,12761,4.149,-156.66145324707,vale-0,true
return,12762,4.665,-156.166656494141,vale-0,true
return,12763,4.622,-156.166656494141,vale-0,true
return,12764,3.719,-156.166656494141,vale-0,true
return,12765,4.182,-156.166656494141,vale-0,true
return,12766,4.459,-155.670455932617,vale-0,true
return,12767,3.951,-155.670455932617,vale-0,true
return,12768,4.011,-155.670455932617,vale-0,true
return,12769,3.696,-155.670455932617,vale-0,true
return,12770,4.354,-155.174713134766,vale-0,true
return,12771,3.712,-155.174713134766,vale-0,true
return,12772,3.961,-155.174713134766,vale-0,true
return,12773,3.937,-155.174713134766,vale-0,true
return,12774,4.842,-154.679443359375,vale-0,true
return,12775,3.488,-154.679443359375,vale-0,true
return,12776,3.691,-154.679443359375,vale-0,true
return,12777,3.492,-154.679443359375,vale-0,true
return,12778,4.104,-154.184631347656,vale-0,true
return,12779,4.141,-154.184631347656,vale-0,true
return,12780,3.587,-154.184631347656,vale-0,true
return,12781,4.493,-154.184631347656,vale-0,true
return,12782,4.537,-153.688415527344,vale-0,true
return,12783,3.249,-153.688415527344,vale-0,true
return,12784,3.427,-153.688415527344,vale-0,true
return,12785,3.913,-153.688415527344,vale-0,true
return,12786,5.477,-153.192657470703,vale-0,true
return,12787,3.715,-153.192657470703,vale-0,true
return,12788,3.579,-153.192657470703,vale-0,true
return,12789,4.031,-153.192657470703,vale-0,true
return,12790,5.517,-152.697372436523,vale-0,true
return,12791,3.323,-152.697372436523,vale-0,true
return,12792,3.659,-152.697372436523,vale-0,true
return,12793,3.559,-152.697372436523,vale-0,true
return,12794,4.429,-152.202545166016,vale-0,true
return,12795,5.078,-152.202545166016,vale-0,true
return,12796,3.579,-152.202545166016,vale-0,true
return,12797,3.928,-152.202545166016,vale-0,true
return,12798,4.955,-151.706298828125,vale-0,true
return,12799,3.996,-151.706298828125,vale-0,true
return,12800,4.235,-151.706298828125,vale-0,true
return,12801,3.806,-151.706298828125,vale-0,true
return,12802,4.717,-151.210510253906,vale-0,true
return,12803,3.448,-151.210510253906,vale-0,true
return,12804,3.517,-151.210510253906,vale-0,true
return,12805,6.649,-151.210510253906,vale-0,true
return,12806,4.881,-150.715194702148,vale-0,true
return,12807,3.834,-150.715194702148,vale-0,true
return,12808,3.435,-150.715194702148,vale-0,true
return,12809,3.713,-150.715194702148,vale-0,true
return,12810,5.021,-150.220352172852,vale-0,true
return,12811,3.842,-150.220352172852,vale-0,true
return,12812,4.622,-150.220352172852,vale-0,true
return,12813,3.88,-150.220352172852,vale-0,true
return,12814,4.932,-149.724090576172,vale-0,true
return,12815,3.683,-149.724090576172,vale-0,true
return,12816,3.46,-149.724090576172,vale-0,true
return,12817,3.404,-149.724090576172,vale-0,true
return,12818,4.778,-149.228302001953,vale-0,true
return,12819,3.471,-149.228302001953,vale-0,true
return,12820,3.531,-149.228302001953,vale-0,true
return,12821,3.839,-149.228302001953,vale-0,true
return,12822,5.015,-148.732971191406,vale-0,true
return,12823,4.228,-148.732971191406,vale-0,true
return,12824,3.92,-148.732971191406,vale-0,true
return,12825,3.744,-148.732971191406,vale-0,true
return,12826,5.246,-148.238098144531,vale-0,true
return,12827,3.63,-148.238098144531,vale-0,true
return,12828,3.769,-148.238098144531,vale-0,true
return,12829,3.366,-148.238098144531,vale-0,true
return,12830,4.997,-147.741821289062,vale-0,true
return,12831,4.287,-147.741821289062,vale-0,true
return,12832,3.397,-147.741821289062,vale-0,true
return,12833,3.306,-147.741821289062,vale-0,true
return,12834,4.293,-147.246002197266,vale-0,true
return,12835,3.56,-147.246002197266,vale-0,true
return,12836,4.202,-147.246002197266,vale-0,true
return,12837,3.595,-147.246002197266,vale-0,true
return,12838,5.165,-146.750640869141,vale-0,true
return,12839,4.34,-146.750640869141,vale-0,true
return,12840,4.075,-146.750640869141,vale-0,true
return,12841,3.474,-146.750640869141,vale-0,true
return,12842,4.438,-146.255737304688,vale-0,true
return,12843,3.884,-146.255737304688,vale-0,true
return,12844,3.698,-146.255737304688,vale-0,true
return,12845,3.597,-146.255737304688,vale-0,true
return,12846,4.216,-145.75944519043,vale-0,true
return,12847,4.201,-145.75944519043,vale-0,true
return,12848,3.741,-145.75944519043,vale-0,true
return,12849,3.525,-145.75944519043,vale-0,true
return,12850,4.71,-145.263595581055,vale-0,true
return,12851,4.405,-145.263595581055,vale-0,true
return,12852,3.667,-145.263595581055,vale-0,true
return,12853,3.539,-145.263595581055,vale-0,true
return,12854,3.898,-144.768218994141,vale-0,true
return,12855,4.329,-144.768218994141,vale-0,true
return,12856,3.775,-144.768218994141,vale-0,true
return,12857,4.366,-144.768218994141,vale-0,true
return,12858,4.279,-144.273300170898,vale-0,true
return,12859,4.259,-144.273300170898,vale-0,true
return,12860,4.023,-144.273300170898,vale-0,true
return,12861,3.548,-144.273300170898,vale-0,true
return,12862,4.411,-143.776977539062,vale-0,true
return,12863,4.472,-143.776977539062,vale-0,true
return,12864,3.712,-143.776977539062,vale-0,true
return,12865,3.832,-143.776977539062,vale-0,true
return,12866,4.136,-143.281112670898,vale-0,true
return,12867,4.02,-143.281112670898,vale-0,true
return,12868,4.223,-143.281112670898,vale-0,true
return,12869,3.641,-143.281112670898,vale-0,true
return,12870,3.196,-143.281112670898,vale-0,true
return,12871,4.303,-142.785720825195,vale-0,true
return,12872,4.042,-142.785720825195,vale-0,true
return,12873,4.42,-142.785720825195,vale-0,true
return,12874,4.0,-142.785720825195,vale-0,true
return,12875,4.217,-142.290771484375,vale-0,true
return,12876,4.28,-142.290771484375,vale-0,true
return,12877,3.286,-142.290771484375,vale-0,true
return,12878,3.57,-142.290771484375,vale-0,true
return,12879,4.157,-142.290771484375,vale-0,true
return,12880,4.573,-141.79443359375,vale-0,true
return,12881,3.936,-141.79443359375,vale-0,true
return,12882,3.758,-141.79443359375,vale-0,true
return,12883,3.637,-141.79443359375,vale-0,true
return,12884,6.604,-141.298553466797,vale-0,true
return,12885,3.913,-141.298553466797,vale-0,true
return,12886,3.657,-141.298553466797,vale-0,true
return,12887,3.615,-141.298553466797,vale-0,true
return,12888,3.785,-141.298553466797,vale-0,true
return,12889,4.786,-140.803115844727,vale-0,true
return,12890,4.4,-140.803115844727,vale-0,true
return,12891,3.383,-140.803115844727,vale-0,true
return,12892,3.877,-140.803115844727,vale-0,true
return,12893,4.231,-140.308151245117,vale-0,true
return,12894,4.206,-140.308151245117,vale-0,true
return,12895,3.888,-140.308151245117,vale-0,true
return,12896,3.569,-140.308151245117,vale-0,true
return,12897,4.652,-139.811782836914,vale-0,true
return,12898,3.994,-139.811782836914,vale-0,true
return,12899,4.681,-139.811782836914,vale-0,true
return,12900,3.731,-139.811782836914,vale-0,true
return,12901,4.345,-139.315872192383,vale-0,true
return,12902,3.723,-139.315872192383,vale-0,true
return,12903,3.276,-139.315872192383,vale-0,true
return,12904,3.883,-139.315872192383,vale-0,true
return,12905,3.662,-139.315872192383,vale-0,true
return,12906,4.299,-138.820419311523,vale-0,true
return,12907,3.898,-138.820419311523,vale-0,true
return,12908,4.308,-138.820419311523,vale-0,true
return,12909,3.487,-138.820419311523,vale-0,true
return,12910,4.443,-138.325439453125,vale-0,true
return,12911,3.812,-138.325439453125,vale-0,true
return,12912,4.337,-138.325439453125,vale-0,true
return,12913,3.791,-138.325439453125,vale-0,true
return,12914,4.228,-137.829055786133,vale-0,true
return,12915,3.662,-137.829055786133,vale-0,true
return,12916,6.265,-137.829055786133,vale-0,true
return,12917,3.477,-137.829055786133,vale-0,true
return,12918,4.501,-137.333129882812,vale-0,true
return,12919,3.682,-137.333129882812,vale-0,true
return,12920,4.543,-137.333129882812,vale-0,true
return,12921,3.52,-137.333129882812,vale-0,true
return,12922,3.966,-136.837661743164,vale-0,true
return,12923,3.954,-136.837661743164,vale-0,true
return,12924,4.541,-136.837661743164,vale-0,true
return,12925,3.878,-136.837661743164,vale-0,true
return,12926,5.885,-136.342651367188,vale-0,true
return,12927,4.646,-136.342651367188,vale-0,true
return,12928,4.622,-136.342651367188,vale-0,true
return,12929,4.45,-136.342651367188,vale-0,true
return,12930,5.769,-135.848098754883,vale-0,true
return,12931,4.544,-135.848098754883,vale-0,true
return,12932,4.485,-135.848098754883,vale-0,true
return,12933,4.188,-135.848098754883,vale-0,true
return,12934,4.404,-135.352142333984,vale-0,true
return,12935,4.554,-135.352142333984,vale-0,true
return,12936,3.651,-135.352142333984,vale-0,true
return,12937,3.437,-135.352142333984,vale-0,true
return,12938,4.469,-134.856658935547,vale-0,true
return,12939,4.445,-134.856658935547,vale-0,true
return,12940,3.7,-134.856658935547,vale-0,true
return,12941,3.417,-134.856658935547,vale-0,true
return,12942,3.926,-134.361633300781,vale-0,true
return,12943,4.072,-134.361633300781,vale-0,true
return,12944,3.085,-134.361633300781,vale-0,true
return,12945,3.365,-134.361633300781,vale-0,true
return,12946,4.523,-133.867065429688,vale-0,true
return,12947,4.004,-133.867065429688,vale-0,true
return,12948,4.307,-133.867065429688,vale-0,true
return,12949,3.777,-133.867065429688,vale-0,true
return,12950,4.247,-133.37109375,vale-0,true
return,12951,4.264,-133.37109375,vale-0,true
return,12952,3.762,-133.37109375,vale-0,true
return,12953,3.9,-133.37109375,vale-0,true
return,12954,4.421,-132.875579833984,vale-0,true
return,12955,4.028,-132.875579833984,vale-0,true
return,12956,4.624,-132.875579833984,vale-0,true
return,12957,4.307,-132.875579833984,vale-0,true
return,12958,4.481,-132.380523681641,vale-0,true
return,12959,4.301,-132.380523681641,vale-0,true
return,12960,3.299,-132.380523681641,vale-0,true
return,12961,3.786,-132.380523681641,vale-0,true
return,12962,4.228,-131.885940551758,vale-0,true
return,12963,3.375,-131.885940551758,vale-0,true
return,12964,3.729,-131.885940551758,vale-0,true
return,12965,4.47,-131.885940551758,vale-0,true
return,12966,4.457,-131.389938354492,vale-0,true
return,12967,4.14,-131.389938354492,vale-0,true
return,12968,3.905,-131.389938354492,vale-0,true
return,12969,3.617,-131.389938354492,vale-0,true
return,12970,4.588,-130.894409179688,vale-0,true
return,12971,3.67,-130.894409179688,vale-0,true
return,12972,4.671,-130.894409179688,vale-0,true
return,12973,11.378,-130.894409179688,vale-0,true
return,12974,16.116,-130.399337768555,vale-0,true
return,12975,21.141,-129.410583496094,vale-0,true
return,12976,19.605,-128.915023803711,vale-0,true
return,12977,15.909,-128.419921875,vale-0,true
return,12978,19.49,-127.925285339355,vale-0,true
return,12979,22.245,-127.429244995117,vale-0,true
return,12980,15.468,-126.933662414551,vale-0,true
return,12981,23.995,-125.943893432617,vale-0,true
return,12982,18.945,-125.447830200195,vale-0,true
return,12983,19.871,-124.952224731445,vale-0,true
return,12984,20.725,-124.457084655762,vale-0,true
return,12985,16.009,-123.962409973145,vale-0,true
return,12986,18.826,-123.466323852539,vale-0,true
return,12987,22.528,-122.475540161133,vale-0,true
return,12988,14.609,-121.980842590332,vale-0,true
return,12989,23.128,-121.484733581543,vale-0,true
return,12990,14.937,-120.98908996582,vale-0,true
return,12991,20.164,-120.49390411377,vale-0,true
return,12992,15.46,-119.999183654785,vale-0,true
return,12993,18.581,-119.503059387207,vale-0,true
return,12994,18.163,-118.512184143066,vale-0,true
return,12995,15.052,-118.017440795898,vale-0,true
return,12996,23.377,-117.521293640137,vale-0,true
return,12997,18.59,-117.025611877441,vale-0,true
return,12998,14.955,-116.530380249023,vale-0,true
return,12999,23.068,-116.035614013672,vale-0,true
return,13000,18.99,-115.539443969727,vale-0,true
return,13001,20.17,-114.548484802246,vale-0,true
return,13002,19.394,-114.053695678711,vale-0,true
return,13003,15.814,-113.557502746582,vale-0,true
return,13004,18.301,-113.06177520752,vale-0,true
return,13005,21.697,-112.566505432129,vale-0,true
return,13006,14.697,-112.07169342041,vale-0,true
return,13007,22.952,-111.575477600098,vale-0,true
return,13008,19.331,-110.584434509277,vale-0,true
return,13009,18.849,-110.08960723877,vale-0,true
return,13010,20.099,-109.593376159668,vale-0,true
return,13011,15.444,-109.097602844238,vale-0,true
return,13012,18.45,-108.602294921875,vale-0,true
return,13013,17.713,-108.107444763184,vale-0,true
return,13014,15.414,-107.611190795898,vale-0,true
return,13015,18.887,-106.620071411133,vale-0,true
return,13016,21.532,-106.125205993652,vale-0,true
return,13017,14.957,-105.628929138184,vale-0,true
return,13018,18.594,-105.133117675781,vale-0,true
return,13019,17.866,-104.637763977051,vale-0,true
return,13020,15.345,-104.142875671387,vale-0,true
return,13021,18.506,-103.646575927734,vale-0,true
return,13022,21.9,-103.150741577148,vale-0,true
return,13023,15.235,-102.655364990234,vale-0,true
return,13024,17.858,-102.160453796387,vale-0,true
return,13025,18.533,-101.664131164551,vale-0,true
return,13026,15.013,-101.168273925781,vale-0,true
return,13027,18.587,-100.672874450684,vale-0,true
return,13028,22.026,-100.177940368652,vale-0,true
return,13029,15.146,-99.6816024780273,vale-0,true
return,13030,18.662,-99.1857223510742,vale-0,true
return,13031,18.108,-98.690299987793,vale-0,true
return,13032,15.541,-98.1953430175781,vale-0,true
return,13033,18.538,-97.6989822387695,vale-0,true
return,13034,18.512,-97.2030868530273,vale-0,true
return,13035,15.479,-96.707649230957,vale-0,true
return,13036,19.098,-95.7181549072266,vale-0,true
return,13037,21.931,-95.2222290039062,vale-0,true
return,13038,15.184,-94.7267684936523,vale-0,true
return,13039,18.838,-94.2317657470703,vale-0,true
return,13040,22.281,-93.7372283935547,vale-0,true
return,13041,15.22,-93.2412796020508,vale-0,true
return,13042,23.374,-92.7457962036133,vale-0,true
return,13043,15.181,-92.2507781982422,vale-0,true
return,13044,15.668,-91.756217956543,vale-0,true
return,13045,19.01,-91.2602462768555,vale-0,true
return,13046,17.98,-90.7647399902344,vale-0,true
return,13047,15.802,-90.2696914672852,vale-0,true
return,13048,19.063,-89.2809829711914,vale-0,true
return,13049,17.869,-88.7854537963867,vale-0,true
return,13050,15.915,-88.2903823852539,vale-0,true
return,13051,18.802,-87.7957763671875,vale-0,true
return,13052,22.09,-87.2997589111328,vale-0,true
return,13053,14.868,-86.80419921875,vale-0,true
return,13054,23.168,-86.3091049194336,vale-0,true
return,13055,19.133,-85.8144760131836,vale-0,true
return,13056,19.566,-85.3184432983398,vale-0,true
return,13057,15.55,-84.822868347168,vale-0,true
return,13058,18.665,-84.327751159668,vale-0,true
return,13059,17.815,-83.8330993652344,vale-0,true
return,13060,15.999,-82.8395767211914,vale-0,true
return,13061,18.406,-82.3425750732422,vale-0,true
return,13062,21.812,-81.8460388183594,vale-0,true
return,13063,15.197,-81.3499603271484,vale-0,true
return,13064,18.594,-80.8543472290039,vale-0,true
return,13065,18.041,-80.3591918945312,vale-0,true
return,13066,15.58,-79.8644943237305,vale-0,true
return,13067,18.337,-79.3684005737305,vale-0,true
return,13068,21.854,-78.8727645874023,vale-0,true
return,13069,14.876,-78.3775863647461,vale-0,true
return,13070,18.301,-77.8828735351562,vale-0,true
return,13071,17.789,-77.3867568969727,vale-0,true
return,13072,15.71,-76.3958969116211,vale-0,true
return,13073,18.044,-75.9011611938477,vale-0,true
return,13074,21.718,-75.4050216674805,vale-0,true
return,13075,14.918,-74.9093399047852,vale-0,true
return,13076,18.366,-74.4141159057617,vale-0,true
return,13077,17.887,-73.9193572998047,vale-0,true
return,13078,15.277,-73.4231872558594,vale-0,true
return,13079,18.568,-72.9274826049805,vale-0,true
return,13080,17.778,-72.432243347168,vale-0,true
return,13081,15.477,-71.9374618530273,vale-0,true
return,13082,18.546,-71.4412689208984,vale-0,true
return,13083,17.892,-70.9455413818359,vale-0,true
return,13084,15.717,-70.4502716064453,vale-0,true
return,13085,18.692,-69.9554672241211,vale-0,true
return,13086,18.134,-68.9616470336914,vale-0,true
return,13087,14.871,-68.4644927978516,vale-0,true
return,13088,18.435,-67.9678039550781,vale-0,true
return,13089,17.801,-67.4715805053711,vale-0,true
return,13090,15.875,-66.9758148193359,vale-0,true
return,13091,18.335,-66.4805145263672,vale-0,true
return,13092,22.002,-65.9856719970703,vale-0,true
return,13093,14.941,-65.4894256591797,vale-0,true
return,13094,18.631,-64.9936370849609,vale-0,true
return,13095,18.005,-64.4983139038086,vale-0,true
return,13096,15.535,-64.0034561157227,vale-0,true
return,13097,18.653,-63.5071868896484,vale-0,true
return,13098,18.184,-63.0113792419434,vale-0,true
return,13099,15.933,-62.5160369873047,vale-0,true
return,13100,18.33,-62.0211524963379,vale-0,true
return,13101,18.051,-61.5248641967773,vale-0,true
return,13102,15.651,-61.0290374755859,vale-0,true
return,13103,18.715,-60.5336723327637,vale-0,true
return,13104,18.349,-59.5443267822266,vale-0,true
return,13105,15.164,-59.0484733581543,vale-0,true
return,13106,18.661,-58.5530815124512,vale-0,true
return,13107,17.925,-58.0581550598145,vale-0,true
return,13108,15.479,-57.5618209838867,vale-0,true
return,13109,18.433,-57.0659484863281,vale-0,true
return,13110,17.958,-56.5705413818359,vale-0,true
return,13111,15.324,-56.0755920410156,vale-0,true
return,13112,18.392,-55.5792350769043,vale-0,true
return,13113,21.819,-55.0833435058594,vale-0,true
return,13114,14.752,-54.5879135131836,vale-0,true
return,13115,18.058,-54.092945098877,vale-0,true
return,13116,21.898,-53.5965690612793,vale-0,true
return,13117,14.995,-53.1006546020508,vale-0,true
return,13118,18.425,-52.6052055358887,vale-0,true
return,13119,17.489,-52.1102142333984,vale-0,true
return,13120,15.252,-51.6138191223145,vale-0,true
return,13121,18.417,-51.1178855895996,vale-0,true
return,13122,18.064,-50.1274032592773,vale-0,true
return,13123,14.541,-49.6328544616699,vale-0,true
return,13124,18.113,-49.1368980407715,vale-0,true
return,13125,17.499,-48.6414031982422,vale-0,true
return,13126,15.053,-48.1463737487793,vale-0,true
return,13127,18.172,-47.6518020629883,vale-0,true
return,13128,17.421,-47.1558227539062,vale-0,true
return,13129,15.076,-46.6603050231934,vale-0,true
return,13130,18.206,-46.1652526855469,vale-0,true
return,13131,17.46,-45.6706581115723,vale-0,true
return,13132,15.262,-45.1746559143066,vale-0,true
return,13133,18.02,-44.6791191101074,vale-0,true
return,13134,17.538,-44.1840400695801,vale-0,true
return,13135,14.949,-43.6894226074219,vale-0,true
return,13136,18.011,-43.1933975219727,vale-0,true
return,13137,17.458,-42.6978378295898,vale-0,true
return,13138,15.143,-42.2027359008789,vale-0,true
return,13139,17.887,-41.7080955505371,vale-0,true
return,13140,17.36,-41.2120513916016,vale-0,true
return,13141,15.149,-40.7164688110352,vale-0,true
return,13142,18.088,-40.2213478088379,vale-0,true
return,13143,17.397,-39.7266845703125,vale-0,true
return,13144,15.129,-39.2306213378906,vale-0,true
return,13145,18.037,-38.7350158691406,vale-0,true
return,13146,17.597,-38.2398719787598,vale-0,true
return,13147,15.005,-37.745189666748,vale-0,true
return,13148,18.098,-37.2490997314453,vale-0,true
return,13149,18.35,-36.753475189209,vale-0,true
return,13150,4.475,-36.2583045959473,vale-0,true
return,13151,3.553,-36.2583045959473,vale-0,true
return,13152,3.54,-36.2583045959473,vale-0,true
return,13153,3.56,-36.2583045959473,vale-0,true
return,13154,4.731,-35.763599395752,vale-0,true
return,13155,3.358,-35.763599395752,vale-0,true
return,13156,3.165,-35.763599395752,vale-0,true
return,13157,3.397,-35.763599395752,vale-0,true
return,13158,3.764,-35.763599395752,vale-0,true
return,13159,4.601,-35.2674903869629,vale-0,true
return,13160,3.861,-35.2674903869629,vale-0,true
return,13161,8.645,-35.2674903869629,vale-0,true
return,13162,3.804,-35.2674903869629,vale-0,true
return,13163,4.846,-34.7718391418457,vale-0,true
return,13164,3.697,-34.7718391418457,vale-0,true
return,13165,3.438,-34.7718391418457,vale-0,true
return,13166,4.728,-34.7718391418457,vale-0,true
return,13167,3.837,-34.7718391418457,vale-0,true
return,13168,4.169,-34.2766532897949,vale-0,true
return,13169,3.673,-34.2766532897949,vale-0,true
return,13170,3.49,-34.2766532897949,vale-0,true
return,13171,3.603,-34.2766532897949,vale-0,true
return,13172,3.998,-33.781925201416,vale-0,true
return,13173,2.542,-33.781925201416,vale-0,true
return,13174,3.878,-33.781925201416,vale-0,true
return,13175,3.35,-33.781925201416,vale-0,true
return,13176,4.893,-33.781925201416,vale-0,true
return,13177,3.954,-33.2857971191406,vale-0,true
return,13178,3.203,-33.2857971191406,vale-0,true
return,13179,3.157,-33.2857971191406,vale-0,true
return,13180,4.783,-33.2857971191406,vale-0,true
return,13181,4.125,-32.7901229858398,vale-0,true
return,13182,2.825,-32.7901229858398,vale-0,true
return,13183,3.597,-32.7901229858398,vale-0,true
return,13184,3.308,-32.7901229858398,vale-0,true
return,13185,5.641,-32.2949180603027,vale-0,true
return,13186,2.632,-32.2949180603027,vale-0,true
return,13187,3.48,-32.2949180603027,vale-0,true
return,13188,3.534,-32.2949180603027,vale-0,true
return,13189,5.16,-32.2949180603027,vale-0,true
return,13190,4.714,-31.8001670837402,vale-0,true
return,13191,3.155,-31.8001670837402,vale-0,true
return,13192,2.968,-31.8001670837402,vale-0,true
return,13193,4.424,-31.8001670837402,vale-0,true
return,13194,4.013,-31.3040161132812,vale-0,true
return,13195,2.774,-31.3040161132812,vale-0,true
return,13196,4.442,-31.3040161132812,vale-0,true
return,13197,3.437,-31.3040161132812,vale-0,true
return,13198,4.184,-31.3040161132812,vale-0,true
return,13199,4.124,-30.8083209991455,vale-0,true
return,13200,3.105,-30.8083209991455,vale-0,true
return,13201,3.102,-30.8083209991455,vale-0,true
return,13202,5.325,-30.8083209991455,vale-0,true
return,13203,4.164,-30.3130931854248,vale-0,true
return,13204,3.113,-30.3130931854248,vale-0,true
return,13205,2.987,-30.3130931854248,vale-0,true
return,13206,3.337,-30.3130931854248,vale-0,true
return,13207,5.75,-29.8183212280273,vale-0,true
return,13208,2.906,-29.8183212280273,vale-0,true
return,13209,2.737,-29.8183212280273,vale-0,true
return,13210,3.683,-29.8183212280273,vale-0,true
return,13211,5.444,-29.8183212280273,vale-0,true
return,13212,4.01,-29.3221473693848,vale-0,true
return,13213,4.779,-29.3221473693848,vale-0,true
return,13214,3.838,-29.3221473693848,vale-0,true
return,13215,3.599,-29.3221473693848,vale-0,true
return,13216,4.185,-28.8264293670654,vale-0,true
return,13217,4.924,-28.8264293670654,vale-0,true
return,13218,3.675,-28.8264293670654,vale-0,true
return,13219,3.484,-28.8264293670654,vale-0,true
return,13220,4.17,-28.3311786651611,vale-0,true
return,13221,2.795,-28.3311786651611,vale-0,true
return,13222,3.129,-28.3311786651611,vale-0,true
return,13223,3.514,-28.3311786651611,vale-0,true
return,13224,5.455,-27.8363838195801,vale-0,true
return,13225,2.933,-27.8363838195801,vale-0,true
return,13226,3.217,-27.8363838195801,vale-0,true
return,13227,3.626,-27.8363838195801,vale-0,true
return,13228,5.006,-27.8363838195801,vale-0,true
return,13229,7.153,-27.3401832580566,vale-0,true
return,13230,3.464,-27.3401832580566,vale-0,true
return,13231,3.872,-27.3401832580566,vale-0,true
return,13232,3.315,-27.3401832580566,vale-0,true
return,13233,3.495,-26.8444442749023,vale-0,true
return,13234,2.719,-26.8444442749023,vale-0,true
return,13235,3.536,-26.8444442749023,vale-0,true
return,13236,4.981,-26.8444442749023,vale-0,true
return,13237,4.327,-26.3491668701172,vale-0,true
return,13238,2.756,-26.3491668701172,vale-0,true
return,13239,3.303,-26.3491668701172,vale-0,true
return,13240,3.652,-26.3491668701172,vale-0,true
return,13241,5.315,-25.8543510437012,vale-0,true
return,13242,3.058,-25.8543510437012,vale-0,true
return,13243,3.389,-25.8543510437012,vale-0,true
return,13244,3.184,-25.8543510437012,vale-0,true
return,13245,5.15,-25.8543510437012,vale-0,true
return,13246,4.342,-25.3581352233887,vale-0,true
return,13247,2.961,-25.3581352233887,vale-0,true
return,13248,3.239,-25.3581352233887,vale-0,true
return,13249,5.057,-25.3581352233887,vale-0,true
return,13250,4.1,-24.8623752593994,vale-0,true
return,13251,3.25,-24.8623752593994,vale-0,true
return,13252,3.231,-24.8623752593994,vale-0,true
return,13253,3.464,-24.8623752593994,vale-0,true
return,13254,4.524,-24.8623752593994,vale-0,true
return,13255,4.188,-24.3670825958252,vale-0,true
return,13256,2.996,-24.3670825958252,vale-0,true
return,13257,3.296,-24.3670825958252,vale-0,true
return,13258,5.123,-24.3670825958252,vale-0,true
return,13259,4.282,-23.8722457885742,vale-0,true
return,13260,3.291,-23.8722457885742,vale-0,true
return,13261,3.031,-23.8722457885742,vale-0,true
return,13262,4.944,-23.8722457885742,vale-0,true
return,13263,3.889,-23.3760032653809,vale-0,true
return,13264,2.819,-23.3760032653809,vale-0,true
return,13265,3.466,-23.3760032653809,vale-0,true
return,13266,3.386,-23.3760032653809,vale-0,true
return,13267,4.89,-23.3760032653809,vale-0,true
return,13268,4.044,-22.8802223205566,vale-0,true
return,13269,3.166,-22.8802223205566,vale-0,true
return,13270,3.504,-22.8802223205566,vale-0,true
return,13271,4.944,-22.8802223205566,vale-0,true
return,13272,4.048,-22.3849086761475,vale-0,true
return,13273,2.691,-22.3849086761475,vale-0,true
return,13274,3.747,-22.3849086761475,vale-0,true
return,13275,3.574,-22.3849086761475,vale-0,true
return,13276,5.288,-21.8900489807129,vale-0,true
return,13277,2.999,-21.8900489807129,vale-0,true
return,13278,3.018,-21.8900489807129,vale-0,true
return,13279,3.336,-21.8900489807129,vale-0,true
return,13280,5.132,-21.8900489807129,vale-0,true
return,13281,4.134,-21.3937892913818,vale-0,true
return,13282,3.044,-21.3937892913818,vale-0,true
return,13283,3.423,-21.3937892913818,vale-0,true
return,13284,4.482,-21.3937892913818,vale-0,true
return,13285,4.589,-20.897985458374,vale-0,true
return,13286,2.767,-20.897985458374,vale-0,true
return,13287,3.61,-20.897985458374,vale-0,true
return,13288,3.639,-20.897985458374,vale-0,true
return,13289,4.521,-20.897985458374,vale-0,true
return,13290,4.44,-20.4026489257812,vale-0,true
return,13291,3.349,-20.4026489257812,vale-0,true
return,13292,2.897,-20.4026489257812,vale-0,true
return,13293,4.541,-20.4026489257812,vale-0,true
return,13294,4.288,-19.9077682495117,vale-0,true
return,13295,2.774,-19.9077682495117,vale-0,true
return,13296,3.874,-19.9077682495117,vale-0,true
return,13297,3.042,-19.9077682495117,vale-0,true
return,13298,5.515,-19.4114875793457,vale-0,true
return,13299,2.84,-19.4114875793457,vale-0,true
return,13300,3.516,-19.4114875793457,vale-0,true
return,13301,3.465,-19.4114875793457,vale-0,true
return,13302,4.886,-19.4114875793457,vale-0,true
return,13303,4.205,-18.9156627655029,vale-0,true
return,13304,2.794,-18.9156627655029,vale-0,true
return,13305,3.623,-18.9156627655029,vale-0,true
return,13306,4.607,-18.9156627655029,vale-0,true
return,13307,4.486,-18.4203052520752,vale-0,true
return,13308,2.755,-18.4203052520752,vale-0,true
return,13309,3.459,-18.4203052520752,vale-0,true
return,13310,3.474,-18.4203052520752,vale-0,true
return,13311,5.343,-17.9254035949707,vale-0,true
return,13312,2.895,-17.9254035949707,vale-0,true
return,13313,3.901,-17.9254035949707,vale-0,true
return,13314,3.278,-17.9254035949707,vale-0,true
return,13315,4.757,-17.9254035949707,vale-0,true
return,13316,3.973,-17.4291019439697,vale-0,true
return,13317,2.906,-17.4291019439697,vale-0,true
return,13318,3.58,-17.4291019439697,vale-0,true
return,13319,3.437,-17.4291019439697,vale-0,true
return,13320,5.129,-16.933256149292,vale-0,true
return,13321,3.241,-16.933256149292,vale-0,true
return,13322,3.16,-16.933256149292,vale-0,true
return,13323,3.464,-16.933256149292,vale-0,true
return,13324,4.813,-16.933256149292,vale-0,true
return,13325,3.986,-16.4378776550293,vale-0,true
return,13326,2.899,-16.4378776550293,vale-0,true
return,13327,3.681,-16.4378776550293,vale-0,true
return,13328,4.693,-16.4378776550293,vale-0,true
return,13329,4.08,-15.9429550170898,vale-0,true
return,13330,3.213,-15.9429550170898,vale-0,true
return,13331,3.507,-15.9429550170898,vale-0,true
return,13332,3.255,-15.9429550170898,vale-0,true
return,13333,5.73,-15.4466323852539,vale-0,true
return,13334,2.69,-15.4466323852539,vale-0,true
return,13335,3.419,-15.4466323852539,vale-0,true
return,13336,3.674,-15.4466323852539,vale-0,true
return,13337,5.094,-15.4466323852539,vale-0,true
return,13338,4.371,-14.9507656097412,vale-0,true
return,13339,2.924,-14.9507656097412,vale-0,true
return,13340,3.21,-14.9507656097412,vale-0,true
return,13341,5.122,-14.9507656097412,vale-0,true
return,13342,4.005,-14.4553661346436,vale-0,true
return,13343,2.867,-14.4553661346436,vale-0,true
return,13344,3.621,-14.4553661346436,vale-0,true
return,13345,3.59,-14.4553661346436,vale-0,true
return,13346,4.632,-14.4553661346436,vale-0,true
return,13347,3.815,-13.9604225158691,vale-0,true
return,13348,3.018,-13.9604225158691,vale-0,true
return,13349,3.388,-13.9604225158691,vale-0,true
return,13350,5.173,-13.9604225158691,vale-0,true
return,13351,4.221,-13.464072227478,vale-0,true
return,13352,3.116,-13.464072227478,vale-0,true
return,13353,3.2,-13.464072227478,vale-0,true
return,13354,4.905,-13.464072227478,vale-0,true
return,13355,4.198,-12.9681844711304,vale-0,true
return,13356,2.809,-12.9681844711304,vale-0,true
return,13357,3.801,-12.9681844711304,vale-0,true
return,13358,3.45,-12.9681844711304,vale-0,true
return,13359,5.647,-12.4727592468262,vale-0,true
return,13360,2.751,-12.4727592468262,vale-0,true
return,13361,3.532,-12.4727592468262,vale-0,true
return,13362,3.372,-12.4727592468262,vale-0,true
return,13363,4.965,-12.4727592468262,vale-0,true
return,13364,4.208,-11.9777946472168,vale-0,true
return,13365,3.057,-11.9777946472168,vale-0,true
return,13366,3.562,-11.9777946472168,vale-0,true
return,13367,4.944,-11.9777946472168,vale-0,true
return,13368,4.382,-11.4814300537109,vale-0,true
return,13369,2.803,-11.4814300537109,vale-0,true
return,13370,3.594,-11.4814300537109,vale-0,true
return,13371,3.403,-11.4814300537109,vale-0,true
return,13372,4.477,-11.4814300537109,vale-0,true
return,13373,4.096,-10.9855222702026,vale-0,true
return,13374,2.989,-10.9855222702026,vale-0,true
return,13375,3.496,-10.9855222702026,vale-0,true
return,13376,4.686,-10.9855222702026,vale-0,true
return,13377,4.304,-10.4900817871094,vale-0,true
return,13378,2.7,-10.4900817871094,vale-0,true
return,13379,3.631,-10.4900817871094,vale-0,true
return,13380,3.588,-10.4900817871094,vale-0,true
return,13381,4.86,-9.99509620666504,vale-0,true
return,13382,2.904,-9.99509620666504,vale-0,true
return,13383,3.62,-9.99509620666504,vale-0,true
return,13384,3.354,-9.99509620666504,vale-0,true
return,13385,5.251,-9.99509620666504,vale-0,true
return,13386,4.004,-9.49871063232422,vale-0,true
return,13387,2.933,-9.49871063232422,vale-0,true
return,13388,3.647,-9.49871063232422,vale-0,true
return,13389,4.565,-9.49871063232422,vale-0,true
return,13390,4.395,-9.00278186798096,vale-0,true
return,13391,2.96,-9.00278186798096,vale-0,true
return,13392,3.566,-9.00278186798096,vale-0,true
return,13393,3.451,-9.00278186798096,vale-0,true
return,13394,4.249,-9.00278186798096,vale-0,true
return,13395,4.285,-8.50732040405273,vale-0,true
return,13396,2.651,-8.50732040405273,vale-0,true
return,13397,3.58,-8.50732040405273,vale-0,true
return,13398,4.854,-8.50732040405273,vale-0,true
return,13399,4.16,-8.01231479644775,vale-0,true
return,13400,2.585,-8.01231479644775,vale-0,true
return,13401,3.596,-8.01231479644775,vale-0,true
return,13402,3.466,-8.01231479644775,vale-0,true
return,13403,4.974,-7.51777505874634,vale-0,true
return,13404,2.723,-7.51777505874634,vale-0,true
return,13405,3.473,-7.51777505874634,vale-0,true
return,13406,3.453,-7.51777505874634,vale-0,true
return,13407,5.084,-7.51777505874634,vale-0,true
return,13408,4.156,-7.02182292938232,vale-0,true
return,13409,2.764,-7.02182292938232,vale-0,true
return,13410,3.457,-7.02182292938232,vale-0,true
return,13411,3.669,-7.02182292938232,vale-0,true
return,13412,5.015,-6.52633285522461,vale-0,true
return,13413,2.861,-6.52633285522461,vale-0,true
return,13414,3.536,-6.52633285522461,vale-0,true
return,13415,3.443,-6.52633285522461,vale-0,true
return,13416,4.634,-6.52633285522461,vale-0,true
return,13417,4.167,-6.03131008148193,vale-0,true
return,13418,2.531,-6.03131008148193,vale-0,true
return,13419,3.65,-6.03131008148193,vale-0,true
return,13420,4.676,-6.03131008148193,vale-0,true
return,13421,4.218,-5.53674221038818,vale-0,true
return,13422,2.839,-5.53674221038818,vale-0,true
return,13423,3.906,-5.53674221038818,vale-0,true
return,13424,3.167,-5.53674221038818,vale-0,true
return,13425,4.94,-5.53674221038818,vale-0,true
return,13426,4.123,-5.04077339172363,vale-0,true
return,13427,3.007,-5.04077339172363,vale-0,true
return,13428,3.26,-5.04077339172363,vale-0,true
return,13429,4.781,-5.04077339172363,vale-0,true
return,13430,3.973,-4.54526090621948,vale-0,true
return,13431,3.054,-4.54526090621948,vale-0,true
return,13432,3.497,-4.54526090621948,vale-0,true
return,13433,3.482,-4.54526090621948,vale-0,true
return,13434,5.216,-4.05021524429321,vale-0,true
return,13435,2.778,-4.05021524429321,vale-0,true
return,13436,3.518,-4.05021524429321,vale-0,true
return,13437,3.474,-4.05021524429321,vale-0,true
return,13438,5.1,-4.05021524429321,vale-0,true
return,13439,4.19,-3.55562472343445,vale-0,true
return,13440,2.669,-3.55562472343445,vale-0,true
return,13441,3.611,-3.55562472343445,vale-0,true
return,13442,4.613,-3.55562472343445,vale-0,true
return,13443,4.374,-3.05962777137756,vale-0,true
return,13444,2.55,-3.05962777137756,vale-0,true
return,13445,3.457,-3.05962777137756,vale-0,true
return,13446,3.541,-3.05962777137756,vale-0,true
return,13447,5.01,-3.05962777137756,vale-0,true
return,13448,4.27,-2.5640926361084,vale-0,true
return,13449,2.765,-2.5640926361084,vale-0,true
return,13450,3.534,-2.5640926361084,vale-0,true
return,13451,5.334,-2.5640926361084,vale-0,true
return,13452,3.833,-2.06901884078979,vale-0,true
return,13453,2.826,-2.06901884078979,vale-0,true
return,13454,3.595,-2.06901884078979,vale-0,true
return,13455,4.797,-2.06901884078979,vale-0,true
return,13456,4.495,-1.57440567016602,vale-0,true
return,13457,2.951,-1.57440567016602,vale-0,true
return,13458,3.36,-1.57440567016602,vale-0,true
return,13459,4.251,-1.57440567016602,vale-0,true
return,13460,5.036,-1.07839179039001,vale-0,true
return,13461,2.882,-1.07839179039001,vale-0,true
return,13462,7.216,-1.07839179039001,vale-0,true
return,13463,3.123,-1.07839179039001,vale-0,true
return,13464,5.369,-0.58283400535583,vale-0,true
return,13465,3.059,-0.58283400535583,vale-0,true
return,13466,6.829,-0.58283400535583,vale-0,true
return,13467,2.422,-0.58283400535583,vale-0,true
return,13468,3.113,-0.08773761987686,vale-0,true
return,13469,2.801,-0.08773761987686,vale-0,true
return,13470,3.342,-0.08773761987686,vale-0,true
return,13471,3.493,-0.08773761987686,vale-0,true
return,13472,4.729,-0.08773761987686,vale-0,true
return,13473,4.274,0.40689241886139,vale-0,true
return,13474,2.644,0.40689241886139,vale-0,true
return,13475,3.53,0.40689241886139,vale-0,true
return,13476,5.353,0.40689241886139,vale-0,true
return,13477,4.051,0.90293449163437,vale-0,true
return,13478,2.772,0.90293449163437,vale-0,true
return,13479,3.608,0.90293449163437,vale-0,true
return,13480,3.394,0.90293449163437,vale-0,true
return,13481,4.508,0.90293449163437,vale-0,true
return,13482,3.981,1.39850902557373,vale-0,true
return,13483,3.297,1.39850902557373,vale-0,true
return,13484,3.028,1.39850902557373,vale-0,true
return,13485,4.691,1.39850902557373,vale-0,true
return,13486,4.265,1.89362788200378,vale-0,true
return,13487,2.738,1.89362788200378,vale-0,true
return,13488,3.578,1.89362788200378,vale-0,true
return,13489,3.439,1.89362788200378,vale-0,true
return,13490,5.331,2.38828611373901,vale-0,true
return,13491,2.5,2.38828611373901,vale-0,true
return,13492,3.548,2.38828611373901,vale-0,true
return,13493,3.372,2.38828611373901,vale-0,true
return,13494,5.024,2.38828611373901,vale-0,true
return,13495,4.186,2.88435053825378,vale-0,true
return,13496,2.843,2.88435053825378,vale-0,true
return,13497,3.364,2.88435053825378,vale-0,true
return,13498,4.347,2.88435053825378,vale-0,true
return,13499,4.125,3.37995290756226,vale-0,true
return,13500,3.203,3.37995290756226,vale-0,true
return,13501,3.03,3.37995290756226,vale-0,true
return,13502,3.28,3.37995290756226,vale-0,true
return,13503,5.15,3.37995290756226,vale-0,true
return,13504,3.691,3.87509393692017,vale-0,true
return,13505,2.786,3.87509393692017,vale-0,true
return,13506,3.32,3.87509393692017,vale-0,true
return,13507,3.324,3.87509393692017,vale-0,true
return,13508,4.73,4.36976861953735,vale-0,true
return,13509,3.072,4.36976861953735,vale-0,true
return,13510,3.139,4.36976861953735,vale-0,true
return,13511,3.204,4.36976861953735,vale-0,true
return,13512,5.042,4.36976861953735,vale-0,true
return,13513,3.919,4.86585521697998,vale-0,true
return,13514,2.577,4.86585521697998,vale-0,true
return,13515,3.68,4.86585521697998,vale-0,true
return,13516,3.031,4.86585521697998,vale-0,true
return,13517,4.978,5.36147403717041,vale-0,true
return,13518,2.872,5.36147403717041,vale-0,true
return,13519,3.376,5.36147403717041,vale-0,true
return,13520,3.158,5.36147403717041,vale-0,true
return,13521,4.634,5.36147403717041,vale-0,true
return,13522,4.005,5.85663747787476,vale-0,true
return,13523,2.573,5.85663747787476,vale-0,true
return,13524,3.527,5.85663747787476,vale-0,true
return,13525,3.071,5.85663747787476,vale-0,true
return,13526,5.194,6.35133457183838,vale-0,true
return,13527,3.035,6.35133457183838,vale-0,true
return,13528,2.876,6.35133457183838,vale-0,true
return,13529,3.459,6.35133457183838,vale-0,true
return,13530,3.294,6.35133457183838,vale-0,true
return,13531,4.935,6.84744358062744,vale-0,true
return,13532,2.746,6.84744358062744,vale-0,true
return,13533,3.379,6.84744358062744,vale-0,true
return,13534,3.198,6.84744358062744,vale-0,true
return,13535,4.135,7.34308481216431,vale-0,true
return,13536,3.331,7.34308481216431,vale-0,true
return,13537,3.198,7.34308481216431,vale-0,true
return,13538,3.335,7.34308481216431,vale-0,true
return,13539,3.353,7.34308481216431,vale-0,true
return,13540,5.582,7.83827018737793,vale-0,true
return,13541,2.816,7.83827018737793,vale-0,true
return,13542,2.852,7.83827018737793,vale-0,true
return,13543,3.604,7.83827018737793,vale-0,true
return,13544,3.967,8.33299541473389,vale-0,true
return,13545,3.76,8.33299541473389,vale-0,true
return,13546,3.202,8.33299541473389,vale-0,true
return,13547,3.238,8.33299541473389,vale-0,true
return,13548,3.474,8.33299541473389,vale-0,true
return,13549,4.032,8.82912635803223,vale-0,true
return,13550,3.37,8.82912635803223,vale-0,true
return,13551,3.373,8.82912635803223,vale-0,true
return,13552,3.083,8.82912635803223,vale-0,true
return,13553,4.15,9.32479000091553,vale-0,true
return,13554,2.591,9.32479000091553,vale-0,true
return,13555,4.167,9.32479000091553,vale-0,true
return,13556,3.262,9.32479000091553,vale-0,true
return,13557,4.725,9.32479000091553,vale-0,true
return,13558,3.447,9.81999778747559,vale-0,true
return,13559,2.838,9.81999778747559,vale-0,true
return,13560,3.498,9.81999778747559,vale-0,true
return,13561,3.387,9.81999778747559,vale-0,true
return,13562,3.642,9.81999778747559,vale-0,true
return,13563,4.521,10.3147392272949,vale-0,true
return,13564,2.878,10.3147392272949,vale-0,true
return,13565,3.115,10.3147392272949,vale-0,true
return,13566,7.91,10.3147392272949,vale-0,true
return,13567,14.605,10.8108921051025,vale-0,true
return,13568,16.747,10.8108921051025,vale-0,true
return,13569,17.648,11.3065776824951,vale-0,true
return,13570,14.092,11.8018074035645,vale-0,true
return,13571,17.882,12.2965698242188,vale-0,true
return,13572,16.339,12.7927446365356,vale-0,true
return,13573,14.509,13.2884511947632,vale-0,true
return,13574,17.446,13.7837018966675,vale-0,true
return,13575,16.683,14.2784862518311,vale-0,true
return,13576,14.519,14.7746820449829,vale-0,true
return,13577,17.267,15.2704105377197,vale-0,true
return,13578,16.848,15.7656831741333,vale-0,true
return,13579,14.503,16.2604885101318,vale-0,true
return,13580,17.424,16.756706237793,vale-0,true
return,13581,16.7,17.252462387085,vale-0,true
return,13582,14.396,17.7477512359619,vale-0,true
return,13583,17.614,18.2425842285156,vale-0,true
return,13584,16.508,18.7388210296631,vale-0,true
return,13585,14.216,19.23459815979,vale-0,true
return,13586,17.302,19.7299137115479,vale-0,true
