frame,elapsed_seconds,frame_ms
0,0.00333,3.33
1,0.025776,22.446
2,0.039029,13.253
3,0.041573,2.544
4,0.054609,13.036
5,0.059237,4.628
6,0.07689,17.653
7,0.092439,15.549
8,0.102741,10.302
9,0.106227,3.486
10,0.110086,3.859
11,0.131306,21.22
12,0.134103,2.797
13,0.146979,12.876
14,0.15067,3.691
15,0.155876,5.206
16,0.165415,9.539
17,0.170327,4.912
18,0.18124,10.913
19,0.185709,4.469
20,0.189598,3.889
21,0.207705,18.107
22,0.210519,2.814
23,0.213789,3.27
24,0.21581,2.021
25,0.225259,9.449
26,0.257465,32.206
27,0.26071,3.245
28,0.265071,4.361
29,0.270169,5.098
30,0.278461,8.292
31,0.286536,8.075
32,0.291263,4.727
33,0.294378,3.115
34,0.297515,3.137
35,0.3004,2.885
36,0.319177,18.777
37,0.326332,7.155
38,0.329203,2.871
39,0.335163,5.96
40,0.338881,3.718
41,0.35236,13.479
42,0.376947,24.587
43,0.380541,3.594
44,0.384934,4.393
45,0.412147,27.213
46,0.415422,3.275
47,0.446132,30.71
48,0.450328,4.196
49,0.454952,4.624
50,0.467564,12.612
51,0.471578,4.014
52,0.506468,34.89
53,0.510111,3.643
54,0.513015,2.904
55,0.515493,2.478
56,0.518586,3.093
57,0.544139,25.553
58,0.559172,15.033
59,0.562114,2.942
60,0.565581,3.467
61,0.568869,3.288
62,0.586907,18.038
63,0.599805,12.898
64,0.603745,3.94
65,0.608294,4.549
66,0.611561,3.267
67,0.619768,8.207
68,0.641485,21.717
69,0.644689,3.204
70,0.666091,21.402
71,0.674262,8.171
72,0.678282,4.02
73,0.684737,6.455
74,0.689408,4.671
75,0.697013,7.605
76,0.707928,10.915
77,0.712531,4.603
78,0.714726,2.195
79,0.717535,2.809
80,0.736854,19.319
81,0.756255,19.401
82,0.761709,5.454
83,0.765671,3.962
84,0.769314,3.643
85,0.774466,5.152
86,0.78237,7.904
87,0.797627,15.257
88,0.80052,2.893
89,0.803575,3.055
90,0.813673,10.098
91,0.827823,14.15
92,0.838912,11.089
93,0.843345,4.433
94,0.845904,2.559
95,0.848602,2.698
96,0.866591,17.989
97,0.879285,12.694
98,0.883609,4.324
99,0.886671,3.062
100,0.891074,4.403
101,0.893947,2.873
102,0.917607,23.66
103,0.921607,4.0
104,0.926309,4.702
105,0.933492,7.183
106,0.938573,5.081
107,0.946563,7.99
108,0.951893,5.33
109,0.965791,13.898
110,0.96986,4.069
111,0.973876,4.016
112,0.98188,8.004
113,0.988927,7.047
114,1.011558,22.631
115,1.016524,4.966
116,1.019585,3.061
117,1.022427,2.842
118,1.025841,3.414
119,1.060645,34.804
120,1.065527,4.882
121,1.086713,21.186
122,1.091072,4.359
123,1.093605,2.533
124,1.126128,32.523
125,1.131023,4.895
126,1.139713,8.69
127,1.143015,3.302
128,1.14618,3.165
129,1.174518,28.338
130,1.177526,3.008
131,1.20937,31.844
132,1.213334,3.964
133,1.216834,3.5
134,1.243276,26.442
135,1.247298,4.022
136,1.275682,28.384
137,1.280557,4.875
138,1.283056,2.499
139,1.299898,16.842
140,1.303327,3.429
141,1.315818,12.491
142,1.329976,14.158
143,1.337947,7.971
144,1.341127,3.18
145,1.344649,3.522
146,1.359347,14.698
147,1.374247,14.9
148,1.39573,21.483
149,1.411584,15.854
150,1.414885,3.301
151,1.419641,4.756
152,1.445163,25.522
153,1.448481,3.318
154,1.474511,26.03
155,1.483272,8.761
156,1.488131,4.859
157,1.491861,3.73
158,1.494801,2.94
159,1.509353,14.552
160,1.537872,28.519
161,1.540672,2.8
162,1.544481,3.809
163,1.547,2.519
164,1.556851,9.851
165,1.587408,30.557
166,1.590964,3.556
167,1.595647,4.683
168,1.599229,3.582
169,1.604717,5.488
170,1.611505,6.788
171,1.62562,14.115
172,1.629018,3.398
173,1.632369,3.351
174,1.639177,6.808
175,1.642266,3.089
176,1.660624,18.358
177,1.664809,4.185
178,1.670876,6.067
179,1.67412,3.244
180,1.676998,2.878
181,1.686802,9.804
182,1.690159,3.357
183,1.694857,4.698
184,1.707725,12.868
185,1.717744,10.019
186,1.721558,3.814
187,1.724528,2.97
188,1.735572,11.044
189,1.756242,20.67
190,1.759148,2.906
191,1.773072,13.924
192,1.776365,3.293
193,1.77944,3.075
194,1.796154,16.714
195,1.799075,2.921
196,1.810308,11.233
197,1.8219,11.592
198,1.824789,2.889
199,1.83808,13.291
200,1.84122,3.14
201,1.85023,9.01
202,1.873117,22.887
203,1.876531,3.414
204,1.880408,3.877
205,1.8836,3.192
206,1.88961,6.01
207,1.903685,14.075
208,1.90958,5.895
209,1.914347,4.767
210,1.924215,9.868
211,1.930121,5.906
212,1.937368,7.247
213,1.947181,9.813
214,1.954601,7.42
215,1.972498,17.897
216,1.984498,12.0
217,1.995123,10.625
218,2.004728,9.605
219,2.019342,14.614
220,2.027319,7.977
221,2.043085,15.766
222,2.056717,13.632
223,2.06633,9.613
224,2.08338,17.05
225,2.099533,16.153
226,2.116599,17.066
227,2.131117,14.518
228,2.148622,17.505
229,2.160529,11.907
230,2.175124,14.595
231,2.189964,14.84
232,2.208909,18.945
233,2.227489,18.58
234,2.243889,16.4
235,2.261709,17.82
236,2.277698,15.989
237,2.291289,13.591
238,2.30123,9.941
239,2.311375,10.145
240,2.319356,7.981
241,2.327766,8.41
242,2.339382,11.616
243,2.348049,8.667
244,2.356725,8.676
245,2.363272,6.547
246,2.374202,10.93
247,2.380237,6.035
248,2.390655,10.418
249,2.398083,7.428
250,2.40894,10.857
251,2.416275,7.335
252,2.424591,8.316
253,2.431159,6.568
254,2.439086,7.927
255,2.449454,10.368
256,2.45793,8.476
257,2.46405,6.12
258,2.474495,10.445
259,2.481153,6.658
260,2.492085,10.932
261,2.498823,6.738
262,2.511438,12.615
263,2.517831,6.393
264,2.526315,8.484
265,2.532098,5.783
266,2.537642,5.544
267,2.544914,7.272
268,2.551156,6.242
269,2.558809,7.653
270,2.562272,3.463
271,2.580066,17.794
272,2.592667,12.601
273,2.605356,12.689
274,2.621159,15.803
275,2.632482,11.323
276,2.64695,14.468
277,2.661929,14.979
278,2.673258,11.329
279,2.678823,5.565
280,2.685602,6.779
281,2.68985,4.248
282,2.69529,5.44
283,2.698732,3.442
284,2.705474,6.742
285,2.709134,3.66
286,2.719782,10.648
287,2.724676,4.894
288,2.750089,25.413
289,2.755195,5.106
290,2.76128,6.085
291,2.774382,13.102
292,2.789041,14.659
293,2.79245,3.409
294,2.80632,13.87
295,2.819149,12.829
296,2.821662,2.513
297,2.834351,12.689
298,2.838076,3.725
299,2.849893,11.817
300,2.853876,3.983
301,2.85836,4.484
302,2.862231,3.871
303,2.872604,10.373
304,2.876047,3.443
305,2.883133,7.086
306,2.887097,3.964
307,2.890044,2.947
308,2.916445,26.401
309,2.92118,4.735
310,2.925112,3.932
311,2.92991,4.798
312,2.932652,2.742
313,2.946465,13.813
314,2.956711,10.246
315,2.970234,13.523
316,2.972756,2.522
317,2.976171,3.415
318,2.98501,8.839
319,2.999859,14.849
320,3.012009,12.15
321,3.015201,3.192
322,3.021894,6.693
323,3.027914,6.02
324,3.039336,11.422
325,3.05449,15.154
326,3.060646,6.156
327,3.064935,4.289
328,3.069904,4.969
329,3.089385,19.481
330,3.094044,4.659
331,3.097765,3.721
332,3.100961,3.196
333,3.106489,5.528
334,3.129891,23.402
335,3.144769,14.878
336,3.148571,3.802
337,3.151751,3.18
338,3.155852,4.101
339,3.17167,15.818
340,3.186364,14.694
341,3.192905,6.541
342,3.199234,6.329
343,3.203135,3.901
344,3.211318,8.183
345,3.214547,3.229
346,3.221452,6.905
347,3.240909,19.457
348,3.244741,3.832
349,3.259189,14.448
350,3.264059,4.87
351,3.268766,4.707
352,3.288675,19.909
353,3.291623,2.948
354,3.301958,10.335
355,3.306185,4.227
356,3.311652,5.467
357,3.324207,12.555
358,3.331487,7.28
359,3.339339,7.852
360,3.353058,13.719
361,3.356538,3.48
362,3.360031,3.493
363,3.362669,2.638
364,3.372518,9.849
365,3.386501,13.983
366,3.399625,13.124
367,3.403477,3.852
368,3.407311,3.834
369,3.432255,24.944
370,3.43576,3.505
371,3.440039,4.279
372,3.447006,6.967
373,3.450142,3.136
374,3.473049,22.907
375,3.476073,3.024
376,3.489494,13.421
377,3.493345,3.851
378,3.49712,3.775
379,3.523167,26.047
380,3.528243,5.076
381,3.540395,12.152
382,3.543503,3.108
383,3.549042,5.539
384,3.572519,23.477
385,3.576406,3.887
386,3.588407,12.001
387,3.59171,3.303
388,3.597256,5.546
389,3.60543,8.174
390,3.609706,4.276
391,3.612753,3.047
392,3.620786,8.033
393,3.623779,2.993
394,3.645698,21.919
395,3.648726,3.028
396,3.652132,3.406
397,3.673124,20.992
398,3.678195,5.071
399,3.707281,29.086
400,3.710919,3.638
401,3.715578,4.659
402,3.745957,30.379
403,3.749643,3.686
404,3.778144,28.501
405,3.785341,7.197
406,3.790616,5.275
407,3.794675,4.059
408,3.808252,13.577
409,3.823078,14.826
410,3.827171,4.093
411,3.831434,4.263
412,3.837414,5.98
413,3.85101,13.596
414,3.881078,30.068
415,3.885726,4.648
416,3.889458,3.732
417,3.894056,4.598
418,3.905232,11.176
419,3.92845,23.218
420,3.948214,19.764
421,3.953011,4.797
422,3.955856,2.845
423,3.960896,5.04
424,3.986575,25.679
425,4.017929,31.354
426,4.022826,4.897
427,4.026464,3.638
428,4.030641,4.177
429,4.056261,25.62
430,4.087117,30.856
431,4.091373,4.256
432,4.094602,3.229
433,4.099442,4.84
434,4.106708,7.266
435,4.14717,40.462
436,4.151195,4.025
437,4.155342,4.147
438,4.159064,3.722
439,4.163499,4.435
440,4.197055,33.556
441,4.219654,22.599
442,4.224361,4.707
443,4.228383,4.022
444,4.233431,5.048
445,4.259944,26.513
446,4.287648,27.704
447,4.292596,4.948
448,4.297016,4.42
449,4.304927,7.911
450,4.329858,24.931
451,4.35891,29.052
452,4.363538,4.628
453,4.36773,4.192
454,4.372351,4.621
455,4.376708,4.357
456,4.427838,51.13
457,4.432549,4.711
458,4.43721,4.661
459,4.440819,3.609
460,4.444638,3.819
461,4.480173,35.535
462,4.489492,9.319
463,4.493541,4.049
464,4.49786,4.319
465,4.501597,3.737
466,4.512092,10.495
467,4.515478,3.386
468,4.528017,12.539
469,4.532129,4.112
470,4.542316,10.187
471,4.545077,2.761
472,4.548045,2.968
473,4.557991,9.946
474,4.560895,2.904
475,4.569864,8.969
476,4.577926,8.062
477,4.581149,3.223
478,4.590525,9.376
479,4.59395999999999,3.435
480,4.60268599999999,8.726
481,4.606633,3.947
482,4.610187,3.554
483,4.61572,5.533
484,4.62376,8.04
485,4.626501,2.741
486,4.629411,2.91
487,4.632668,3.257
488,4.637733,5.065
489,4.670966,33.233
490,4.67433,3.364
491,4.678507,4.177
492,4.68222,3.713
493,4.686874,4.654
494,4.715587,28.713
495,4.721157,5.57
496,4.72469,3.533
497,4.731275,6.585
498,4.736071,4.796
499,4.758971,22.9
500,4.768126,9.155
501,4.778345,10.219
502,4.793664,15.319
503,4.804792,11.128
504,4.808797,4.005
505,4.813386,4.589
506,4.818533,5.147
507,4.822947,4.414
508,4.834552,11.605
509,4.854438,19.886
510,4.8582,3.762
511,4.868795,10.595
512,4.873016,4.221
513,4.888515,15.499
514,4.900883,12.368
515,4.905517,4.634
516,4.922158,16.641
517,4.936442,14.284
518,4.940396,3.954
519,4.959856,19.46
520,4.973352,13.496
521,4.978371,5.019
522,5.006777,28.406
523,5.011147,4.37
524,5.015032,3.885
525,5.033213,18.181
526,5.037028,3.815
527,5.077832,40.804
528,5.083296,5.464
529,5.087739,4.443
530,5.091561,3.822
531,5.094961,3.4
532,5.122484,27.523
533,5.139879,17.395
534,5.153509,13.63
535,5.156172,2.663
536,5.159637,3.465
537,5.17205,12.413
538,5.196418,24.368
539,5.220173,23.755
540,5.226042,5.869
541,5.23102,4.978
542,5.237568,6.548
543,5.240856,3.288
544,5.275425,34.569
545,5.280202,4.777
546,5.285724,5.522
547,5.308456,22.732
548,5.313386,4.93
549,5.323951,10.565
550,5.331213,7.262
551,5.336008,4.795
552,5.351013,15.005
553,5.355241,4.228
554,5.375112,19.871
555,5.381142,6.03
556,5.385699,4.557
557,5.404436,18.737
558,5.409025,4.589
559,5.421352,12.327
560,5.43406,12.708
561,5.440951,6.891
562,5.44656,5.609
563,5.453631,7.071
564,5.459374,5.743
565,5.463825,4.451
566,5.467342,3.517
567,5.487572,20.23
568,5.497917,10.345
569,5.520508,22.591
570,5.524612,4.104
571,5.527658,3.046
572,5.537855,10.197
573,5.540855,3.0
574,5.553537,12.682
575,5.556916,3.379
576,5.559783,2.867
577,5.572802,13.019
578,5.576256,3.454
579,5.579518,3.262
580,5.590855,11.337
581,5.593999,3.144
582,5.597771,3.772
583,5.601065,3.294
584,5.605453,4.388
585,5.609593,4.14
586,5.613683,4.09
587,5.620253,6.57
588,5.623441,3.188
589,5.626377,2.936
590,5.647429,21.052
591,5.651667,4.238
592,5.655971,4.304
593,5.660797,4.826
594,5.663772,2.975
595,5.669899,6.127
596,5.674231,4.332
597,5.681116,6.885
598,5.693757,12.641
599,5.696394,2.637
600,5.706901,10.507
601,5.71004,3.139
602,5.713236,3.196
603,5.72062,7.384
604,5.723371,2.751
605,5.735943,12.572
606,5.738718,2.775
607,5.741559,2.841
608,5.745353,3.794
609,5.748202,2.849
610,5.759097,10.895
611,5.763049,3.952
612,5.768366,5.317
613,5.771488,3.122
614,5.775852,4.364
615,5.779114,3.262
616,5.782243,3.129
617,5.789044,6.801
618,5.791896,2.852
619,5.794882,2.986
620,5.798409,3.527
621,5.805026,6.617
622,5.808383,3.357
623,5.811403,3.02
624,5.814696,3.293
625,5.818963,4.267
626,5.824769,5.806
627,5.831465,6.696
628,5.836257,4.792
629,5.839288,3.031
630,5.846351,7.063
631,5.850992,4.641
632,5.855122,4.13
633,5.8601,4.978
634,5.862947,2.847
635,5.866173,3.226
636,5.873725,7.552
637,5.881136,7.411
638,5.884496,3.36
639,5.888266,3.77
640,5.891185,2.919
641,5.898325,7.14
642,5.902345,4.02
643,5.910251,7.906
644,5.913287,3.036
645,5.916774,3.487
646,5.919787,3.013
647,5.929519,9.732
648,5.932666,3.147
649,5.93568,3.014
650,5.941424,5.744
651,5.946224,4.8
652,5.950382,4.158
653,5.953996,3.614
654,5.960614,6.618
655,5.963372,2.758
656,5.966711,3.339
657,5.972727,6.016
658,5.980562,7.835
659,5.986459,5.897
660,5.989447,2.988
661,5.992793,3.346
662,6.001332,8.539
663,6.004583,3.251
664,6.012668,8.085
665,6.016504,3.836
666,6.019743,3.239
667,6.025341,5.598
668,6.034508,9.167
669,6.037706,3.198
670,6.040697,2.991
671,6.043544,2.847
672,6.05081,7.266
673,6.058224,7.414
674,6.061559,3.335
675,6.06555,3.991
676,6.068853,3.303
677,6.072278,3.425
678,6.075752,3.474
679,6.085822,10.07
680,6.088675,2.853
681,6.096454,7.779
682,6.101622,5.168
683,6.104851,3.229
684,6.110358,5.507
685,6.113643,3.285
686,6.117576,3.933
687,6.120573,2.997
688,6.12368,3.107
689,6.135545,11.865
690,6.138871,3.326
691,6.141666,2.795
692,6.148216,6.55
693,6.152543,4.327
694,6.158771,6.228
695,6.163844,5.073
696,6.16992,6.076
697,6.173167,3.247
698,6.176197,3.03
699,6.185559,9.362
700,6.18861,3.051
701,6.196104,7.494
702,6.201032,4.928
703,6.204181,3.149
704,6.211148,6.967
705,6.214386,3.238
706,6.218023,3.637
707,6.227843,9.82
708,6.230789,2.946
709,6.235049,4.26
710,6.23826,3.211
711,6.240966,2.706
712,6.246358,5.392
713,6.250707,4.349
714,6.257943,7.236
715,6.261394,3.451
716,6.265289,3.895
717,6.26812,2.831
718,6.27055,2.43
719,6.28161,11.06
720,6.284627,3.017
721,6.287612,2.985
722,6.294198,6.586
723,6.298793,4.595
724,6.302365,3.572
725,6.309195,6.83
726,6.312827,3.632
727,6.316456,3.629
728,6.319426,2.97
729,6.329164,9.738
730,6.332352,3.188
731,6.335511,3.159
732,6.341144,5.633
733,6.346324,5.18
734,6.350992,4.668
735,6.354517,3.525
736,6.360045,5.528
737,6.363466,3.421
738,6.366294,2.828
739,6.372376,6.082
740,6.38472,12.344
741,6.387848,3.128
742,6.390548,2.7
743,6.393964,3.416
744,6.396906,2.942
745,6.410053,13.147
746,6.413661,3.608
747,6.417552,3.891
748,6.421011,3.459
749,6.423789,2.778
750,6.430516,6.727
751,6.433892,3.376
752,6.441196,7.304
753,6.445419,4.223
754,6.448654,3.235
755,6.452019,3.365
756,6.454714,2.695
757,6.462772,8.058
758,6.465949,3.177
759,6.469246,3.297
760,6.472854,3.608
761,6.475485,2.631
762,6.481425,5.94
763,6.48436,2.935
764,6.493198,8.838
765,6.49622,3.022
766,6.499505,3.285
767,6.503105,3.6
768,6.506065,2.96
769,6.512948,6.883
770,6.516153,3.205
771,6.519336,3.183
772,6.525372,6.036
773,6.530122,4.75
774,6.533725,3.603
775,6.537315,3.59
776,6.5401,2.785
777,6.547177,7.077
778,6.550376,3.199
779,6.553773,3.397
780,6.558437,4.664
781,6.563909,5.472
782,6.568042,4.133
783,6.571536,3.494
784,6.574333,2.797
785,6.58096,6.627
786,6.584001,3.041
787,6.587209,3.208
788,6.595585,8.376
789,6.598697,3.112
790,6.602351,3.654
791,6.605655,3.304
792,6.608448,2.793
793,6.6149,6.452
794,6.618099,3.199
795,6.622294,4.195
796,6.633335,11.041
797,6.637273,3.938
798,6.640004,2.731
799,6.647422,7.418
800,6.650846,3.424
801,6.658153,7.307
802,6.662507,4.354
803,6.66577,3.263
804,6.668856,3.086
805,6.671901,3.045
806,6.682416,10.515
807,6.685263,2.847
808,6.688695,3.432
809,6.695917,7.222
810,6.702598,6.681
811,6.70801,5.412
812,6.71216,4.15
813,6.717462,5.302
814,6.72175,4.288
815,6.726134,4.384
816,6.7301,3.966
817,6.734174,4.074
818,6.736828,2.654
819,6.743337,6.509
820,6.746453,3.116
821,6.750777,4.324
822,6.758321,7.544
823,6.761446,3.125
824,6.76627,4.824
825,6.769433,3.163
826,6.774319,4.886
827,6.780005,5.686
828,6.787988,7.983
829,6.793781,5.793
830,6.80402,10.239
831,6.807968,3.948
832,6.811896,3.928
833,6.816924,5.028
834,6.819651,2.727
835,6.82287,3.219
836,6.826565,3.695
837,6.829376,2.811
838,6.837332,7.956
839,6.840718,3.386
840,6.843688,2.97
841,6.846512,2.824
842,6.85007,3.558
843,6.857704,7.634
844,6.86108,3.376
845,6.864593,3.513
846,6.868759,4.166
847,6.873137,4.378
848,6.880228,7.091
849,6.883522,3.294
850,6.887356,3.834
851,6.895098,7.742
852,6.899329,4.231
853,6.903051,3.722
854,6.909859,6.808
855,6.912862,3.003
856,6.916239,3.377
857,6.919688,3.449
858,6.92247,2.782
859,6.933125,10.655
860,6.936729,3.604
861,6.93973,3.001
862,6.946762,7.032
863,6.950646,3.884
864,6.958959,8.313
865,6.962144,3.185
866,6.965491,3.347
867,6.968992,3.501
868,6.971841,2.849
869,6.982548,10.707
870,6.985395,2.847
871,6.988919,3.524
872,6.996363,7.444
873,7.00001,3.647
874,7.008486,8.476
875,7.011985,3.499
876,7.014696,2.711
877,7.017273,2.577
878,7.021009,3.736
879,7.027357,6.348
880,7.038006,10.649
881,7.041741,3.735
882,7.044963,3.222
883,7.048608,3.645
884,7.053191,4.583
885,7.064074,10.883
886,7.067861,3.787
887,7.070823,2.962
888,7.075848,5.025
889,7.07865,2.802
890,7.081804,3.154
891,7.088556,6.752
892,7.101679,13.123
893,7.105763,4.084
894,7.10984,4.077
895,7.115319,5.479
896,7.119442,4.123
897,7.123022,3.58
898,7.127782,4.76
899,7.137674,9.892
900,7.146005,8.331
901,7.153763,7.758
902,7.158191,4.428
903,7.16239,4.199
904,7.168038,5.648
905,7.172852,4.814
906,7.178246,5.394
907,7.186322,8.076
908,7.190334,4.012
909,7.194203,3.869
910,7.200864,6.661
911,7.205875,5.011
912,7.210885,5.01
913,7.220687,9.802
914,7.225592,4.905
915,7.229072,3.48
916,7.237625,8.553
917,7.244742,7.117
918,7.257019,12.277
919,7.262447,5.428
920,7.269555,7.108
921,7.274756,5.201
922,7.278794,4.038
923,7.289589,10.795
924,7.295198,5.609
925,7.302631,7.433
926,7.309717,7.086
927,7.313044,3.327
928,7.318695,5.651
929,7.322141,3.446
930,7.325902,3.761
931,7.328914,3.012
932,7.332986,4.072
933,7.337662,4.676
934,7.341323,3.661
935,7.346037,4.714
936,7.349749,3.712
937,7.355125,5.376
938,7.363758,8.633
939,7.368906,5.148
940,7.378465,9.559
941,7.386451,7.986
942,7.395775,9.324
943,7.414585,18.81
944,7.42332,8.735
945,7.431544,8.224
946,7.454071,22.527
947,7.467043,12.972
948,7.481525,14.482
949,7.492225,10.7
950,7.496472,4.247
951,7.502282,5.81
952,7.51906,16.778
953,7.527211,8.151
954,7.530785,3.574
955,7.534524,3.739
956,7.545373,10.849
957,7.548875,3.502
958,7.553229,4.354
959,7.556586,3.357
960,7.562342,5.756
961,7.567738,5.396
962,7.572498,4.76
963,7.576792,4.294
964,7.580601,3.809
965,7.589821,9.22
966,7.593282,3.461
967,7.597886,4.604
968,7.608495,10.609
969,7.611779,3.284
970,7.61569,3.911
971,7.619505,3.815
972,7.623798,4.293
973,7.6274,3.602
974,7.632265,4.865
975,7.636696,4.431
976,7.643387,6.691
977,7.647367,3.98
978,7.65106,3.693
979,7.655106,4.046
980,7.658848,3.742
981,7.664103,5.255
982,7.667904,3.801
983,7.673309,5.405
984,7.678462,5.153
985,7.682496,4.034
986,7.687261,4.765
987,7.691405,4.144
988,7.695163,3.758
989,7.698525,3.362
990,7.704018,5.493
991,7.713535,9.517
992,7.71703,3.495
993,7.721069,4.039
994,7.72622,5.151
995,7.729476,3.256
996,7.733174,3.698
997,7.737772,4.598
998,7.741685,3.913
999,7.745094,3.409
1000,7.74944,4.346
1001,7.756372,6.932
1002,7.760483,4.111
1003,7.764191,3.708
1004,7.767734,3.543
1005,7.773376,5.642
1006,7.776911,3.535
1007,7.780585,3.674
1008,7.78625,5.665
1009,7.790199,3.949
1010,7.7934,3.201
1011,7.796843,3.443
1012,7.801141,4.298
1013,7.810528,9.387
1014,7.814314,3.786
1015,7.817315,3.001
1016,7.820624,3.309
1017,7.824118,3.494
1018,7.827123,3.005
1019,7.829996,2.873
1020,7.837816,7.82
1021,7.840971,3.155
1022,7.845167,4.196
1023,7.84806,2.893
1024,7.850823,2.763
1025,7.857141,6.318
1026,7.860913,3.772
1027,7.863577,2.664
1028,7.871673,8.096
1029,7.875241,3.568
1030,7.878946,3.705
1031,7.882374,3.428
1032,7.884934,2.56
1033,7.891284,6.35
1034,7.894646,3.362
1035,7.897602,2.956
1036,7.905847,8.245
1037,7.909037,3.19
1038,7.913199,4.162
1039,7.915996,2.797
1040,7.918736,2.74
1041,7.925131,6.395
1042,7.92986,4.729
1043,7.932667,2.807
1044,7.939729,7.062
1045,7.943073,3.344
1046,7.946849,3.776
1047,7.949582,2.733
1048,7.952153,2.571
1049,7.959109,6.956
1050,7.962503,3.394
1051,7.965025,2.522
1052,7.973872,8.847
1053,7.977819,3.947
1054,7.982879,5.06
1055,7.985826,2.947
1056,7.988669,2.843
1057,7.992987,4.318
1058,7.996417,3.43
1059,8.005364,8.947
1060,8.008601,3.237
1061,8.011828,3.227
1062,8.01578600000001,3.958
1063,8.01856200000001,2.776
1064,8.02490300000001,6.341
1065,8.02776700000001,2.864
1066,8.03118300000001,3.416
1067,8.03627200000001,5.089
1068,8.04182500000001,5.553
1069,8.04502700000001,3.202
1070,8.04869200000001,3.665
1071,8.05155100000001,2.859
1072,8.05884900000001,7.298
1073,8.06173700000001,2.888
1074,8.06506400000001,3.327
1075,8.06789300000001,2.829
1076,8.07584900000001,7.956
1077,8.07895900000001,3.11
1078,8.08301300000001,4.054
1079,8.08580400000001,2.791
1080,8.08829100000001,2.487
1081,8.09532800000001,7.037
1082,8.09986400000001,4.536
1083,8.10266100000001,2.797
1084,8.10996700000001,7.306
1085,8.11341400000001,3.447
1086,8.11798600000001,4.572
1087,8.12070200000001,2.716
1088,8.12313000000001,2.428
1089,8.12932700000001,6.197
1090,8.13255600000001,3.229
1091,8.14043700000001,7.881
1092,8.14411400000001,3.677
1093,8.14815800000001,4.044
1094,8.15140700000001,3.249
1095,8.15432600000001,2.919
1096,8.16107800000001,6.752
1097,8.16381700000001,2.739
1098,8.16699400000001,3.177
1099,8.17562800000001,8.634
1100,8.17893300000001,3.305
1101,8.18232300000001,3.39
1102,8.18625100000001,3.928
1103,8.18901800000001,2.767
1104,8.19571400000001,6.696
1105,8.19987100000001,4.157
1106,8.20402800000001,4.157
1107,8.20782100000001,3.793
1108,8.21368900000001,5.868
1109,8.21959400000001,5.905
1110,8.22479900000001,5.205
1111,8.23040700000001,5.608
1112,8.23763700000001,7.23
1113,8.24142100000001,3.784
1114,8.24536900000001,3.948
1115,8.24871600000001,3.347
1116,8.25496300000001,6.247
1117,8.25868400000001,3.721
1118,8.26291400000001,4.23
1119,8.26770600000001,4.792
1120,8.27280800000001,5.102
1121,8.28066600000001,7.858
1122,8.29050100000001,9.835
1123,8.29532000000001,4.819
1124,8.29963300000001,4.313
1125,8.30349500000001,3.862
1126,8.30612000000001,2.625
1127,8.30885600000001,2.736
1128,8.31593500000001,7.079
1129,8.31920400000001,3.269
1130,8.32441700000001,5.213
1131,8.32951400000001,5.097
1132,8.33602200000001,6.508
1133,8.34066400000001,4.642
1134,8.34948400000001,8.82
1135,8.35379700000001,4.313
1136,8.35837900000001,4.582
1137,8.36747600000001,9.097
1138,8.37193700000001,4.461
1139,8.37807100000001,6.134
1140,8.38536800000001,7.297
1141,8.38906800000001,3.7
1142,8.393481,4.413
1143,8.404526,11.045
1144,8.414298,9.772
1145,8.436232,21.934
1146,8.441502,5.27
1147,8.444373,2.871
1148,8.448839,4.466
1149,8.451856,3.017
1150,8.455431,3.575
1151,8.458303,2.872
1152,8.460911,2.608
1153,8.464528,3.617
1154,8.467445,2.917
1155,8.47170500000001,4.26
1156,8.47438600000001,2.681
1157,8.47699100000001,2.605
1158,8.48108100000001,4.09
1159,8.48686600000001,5.785
1160,8.48984500000001,2.979
1161,8.49225600000001,2.411
1162,8.49593100000001,3.675
1163,8.49915700000001,3.226
1164,8.50629700000001,7.14
1165,8.50884500000001,2.548
1166,8.51203400000001,3.189
1167,8.51453600000001,2.502
1168,8.52333500000001,8.799
1169,8.52592100000001,2.586
1170,8.52863300000001,2.712
1171,8.53137500000001,2.742
1172,8.53413400000001,2.759
1173,8.54297000000001,8.836
1174,8.54555600000001,2.586
1175,8.54793000000001,2.374
1176,8.55681400000001,8.884
1177,8.56026300000001,3.449
1178,8.56332600000001,3.063
1179,8.56671800000001,3.392
1180,8.56940200000001,2.684
1181,8.57693300000001,7.531
1182,8.58036300000001,3.43
1183,8.58324000000001,2.877
1184,8.59088300000001,7.643
1185,8.59450800000001,3.625
1186,8.59768000000001,3.172
1187,8.60097000000001,3.29
1188,8.60369200000001,2.722
1189,8.61090900000001,7.217
1190,8.61329100000001,2.382
1191,8.62151800000001,8.227
1192,8.62496100000001,3.443
1193,8.62888900000001,3.928
1194,8.63168900000001,2.8
1195,8.63434600000001,2.657
1196,8.64200300000001,7.657
1197,8.64572400000001,3.721
1198,8.64846900000001,2.745
1199,8.65395000000001,5.481
1200,8.65916500000001,5.215
1201,8.66293500000001,3.77
1202,8.66584100000001,2.906
1203,8.66841700000001,2.576
1204,8.67626400000001,7.847
1205,8.67967800000001,3.414
1206,8.68279300000001,3.115
1207,8.69075,7.957
1208,8.69375200000001,3.002
1209,8.69794600000001,4.194
1210,8.70063000000001,2.684
1211,8.70326600000001,2.636
1212,8.71017700000001,6.911
1213,8.71352200000001,3.345
1214,8.71610300000001,2.581
1215,8.72466900000001,8.566
1216,8.72874400000001,4.075
1217,8.73219900000001,3.455
1218,8.73527800000001,3.079
1219,8.73785100000001,2.573
1220,8.74411200000001,6.261
1221,8.74748200000001,3.37
1222,8.75509200000001,7.61
1223,8.75857500000001,3.483
1224,8.76156700000001,2.992
1225,8.76583600000001,4.269
1226,8.76868600000001,2.85
1227,8.77574400000001,7.058
1228,8.77838300000001,2.639
1229,8.78177100000001,3.388
1230,8.78723900000001,5.468
1231,8.79261800000001,5.379
1232,8.79570300000001,3.085
1233,8.79896000000001,3.257
1234,8.80180400000001,2.844
1235,8.80966600000001,7.862
1236,8.81253900000001,2.873
1237,8.81580500000001,3.266
1238,8.82428300000001,8.478
1239,8.82709600000001,2.813
1240,8.83000400000001,2.908
1241,8.83328600000001,3.282
1242,8.83604500000001,2.759
1243,8.84347700000001,7.432
1244,8.84638700000001,2.91
1245,8.849502,3.115
1246,8.858249,8.747
1247,8.863441,5.192
1248,8.870261,6.82
1249,8.873046,2.785
1250,8.875564,2.518
1251,8.878276,2.712
1252,8.881934,3.658
1253,8.889788,7.854
1254,8.89305,3.262
1255,8.895611,2.561
1256,8.899237,3.626
1257,8.906747,7.51
1258,8.909272,2.525
1259,8.912978,3.706
1260,8.915681,2.703
1261,8.923926,8.245
1262,8.926953,3.027
1263,8.931081,4.128
1264,8.933893,2.812
1265,8.940675,6.782
1266,8.943596,2.921
1267,8.947956,4.36
1268,8.950749,2.793
1269,8.958084,7.335
1270,8.961991,3.907
1271,8.964866,2.875
1272,8.967582,2.716
1273,8.970357,2.775
1274,8.977927,7.57
1275,8.980822,2.895
1276,8.988259,7.437
1277,8.991965,3.706
1278,8.996766,4.801
1279,8.999245,2.479
1280,9.00214,2.895
1281,9.008891,6.751
1282,9.012375,3.484
1283,9.015058,2.683
1284,9.024087,9.029
1285,9.030742,6.655
1286,9.035566,4.824
1287,9.038959,3.393
1288,9.042293,3.334
1289,9.048969,6.676
1290,9.051568,2.599
1291,9.054837,3.269
1292,9.057488,2.651
1293,9.060593,3.105
1294,9.069579,8.986
1295,9.073652,4.073
1296,9.077167,3.515
1297,9.080713,3.546
1298,9.083505,2.792
1299,9.088961,5.456
1300,9.092139,3.178
1301,9.094687,2.548
1302,9.097347,2.66
1303,9.106184,8.837
1304,9.109804,3.62
1305,9.112689,2.885
1306,9.115567,2.878
1307,9.118123,2.556
1308,9.126469,8.346
1309,9.12918,2.711
1310,9.131821,2.641
1311,9.140143,8.322
1312,9.144211,4.068
1313,9.147164,2.953
1314,9.149566,2.402
1315,9.152011,2.445
1316,9.160411,8.4
1317,9.16284,2.429
1318,9.17067,7.83
1319,9.17429,3.62
1320,9.177864,3.574
1321,9.180886,3.022
1322,9.183744,2.858
1323,9.191351,7.607
1324,9.19463,3.279
1325,9.197566,2.936
1326,9.205933,8.367
1327,9.208706,2.773
1328,9.213195,4.489
1329,9.215833,2.638
1330,9.218912,3.079
1331,9.225354,6.442
1332,9.228605,3.251
1333,9.231297,2.692
1334,9.240078,8.781
1335,9.243681,3.603
1336,9.246627,2.946
1337,9.249211,2.584
1338,9.251945,2.734
1339,9.260241,8.296
1340,9.262977,2.736
1341,9.265196,2.219
1342,9.274285,9.089
1343,9.278,3.715
1344,9.280904,2.904
1345,9.283386,2.482
1346,9.286037,2.651
1347,9.294357,8.32
1348,9.296992,2.635
1349,9.299651,2.659
1350,9.308194,8.543
1351,9.311622,3.428
1352,9.31491,3.288
1353,9.317464,2.554
1354,9.320161,2.697
1355,9.328451,8.29
1356,9.330938,2.487
1357,9.333401,2.463
1358,9.3426,9.199
1359,9.346412,3.812
1360,9.349014,2.602
1361,9.351624,2.61
1362,9.354021,2.397
1363,9.362895,8.874
1364,9.365466,2.571
1365,9.36835,2.884
1366,9.377307,8.957
1367,9.380182,2.875
1368,9.383115,2.933
1369,9.385806,2.691
1370,9.389015,3.209
1371,9.396091,7.076
1372,9.398583,2.492
1373,9.401118,2.535
1374,9.411399,10.281
1375,9.414221,2.822
1376,9.417182,2.961
1377,9.419797,2.615
1378,9.423243,3.446
1379,9.430097,6.854
1380,9.432537,2.44
1381,9.434897,2.36
1382,9.445557,10.66
1383,9.448209,2.652
1384,9.451489,3.28
1385,9.454006,2.517
1386,9.457106,3.1
1387,9.464268,7.162
1388,9.466648,2.38
1389,9.46915,2.502
1390,9.479559,10.409
1391,9.482654,3.095
1392,9.485454,2.8
1393,9.487939,2.485
1394,9.491265,3.326
1395,9.498217,6.952
1396,9.500775,2.558
1397,9.503671,2.896
1398,9.513918,10.247
1399,9.516609,2.691
1400,9.520382,3.773
1401,9.522876,2.494
1402,9.526564,3.688
1403,9.532334,5.77
1404,9.534754,2.42
1405,9.536903,2.149
1406,9.547793,10.89
1407,9.550379,2.586
1408,9.553682,3.303
1409,9.556274,2.592
1410,9.559423,3.149
1411,9.566442,7.019
1412,9.568945,2.503
1413,9.572378,3.433
1414,9.582494,10.116
1415,9.585128,2.634
1416,9.587696,2.568
1417,9.590229,2.533
1418,9.593419,3.19
1419,9.600513,7.094
1420,9.602871,2.358
1421,9.605055,2.184
1422,9.615912,10.857
1423,9.618688,2.776
1424,9.621843,3.155
1425,9.624401,2.558
1426,9.62786,3.459
1427,9.63459,6.73
1428,9.637072,2.482
1429,9.639545,2.473
1430,9.650043,10.498
1431,9.652742,2.699
1432,9.656182,3.44
1433,9.65859,2.408
1434,9.662008,3.418
1435,9.668851,6.843
1436,9.671213,2.362
1437,9.673714,2.501
1438,9.68445,10.736
1439,9.686982,2.532
1440,9.690274,3.292
1441,9.692683,2.409
1442,9.695516,2.833
1443,9.702893,7.377
1444,9.705484,2.591
1445,9.708197,2.713
1446,9.718827,10.63
1447,9.721669,2.842
1448,9.724237,2.568
1449,9.727701,3.464
1450,9.730356,2.655
1451,9.733075,2.719
1452,9.739638,6.563
1453,9.74334700000001,3.709
1454,9.746215,2.868
1455,9.748852,2.637
1456,9.751223,2.371
1457,9.760043,8.82
1458,9.762913,2.87
1459,9.765787,2.874
1460,9.768513,2.726
1461,9.771587,3.074
1462,9.778835,7.248
1463,9.78171300000001,2.878
1464,9.78528300000001,3.57
1465,9.78846300000001,3.18
1466,9.79091400000001,2.451
1467,9.79799200000001,7.078
1468,9.80055200000001,2.56
1469,9.80694900000001,6.397
1470,9.81249100000001,5.542
1471,9.81497700000001,2.486
1472,9.81742000000001,2.443
1473,9.82055600000001,3.136
1474,9.82313300000001,2.577
1475,9.831935,8.802
1476,9.83442200000001,2.487
1477,9.83774500000001,3.323
1478,9.84574400000001,7.999
1479,9.84898,3.236
1480,9.85133600000001,2.356
1481,9.85460900000001,3.273
1482,9.857128,2.519
1483,9.85988100000001,2.753
1484,9.86872000000001,8.839
1485,9.871837,3.117
1486,9.874202,2.365
1487,9.883226,9.024
1488,9.88568,2.454
1489,9.888661,2.981
1490,9.89111200000001,2.451
1491,9.893859,2.747
1492,9.902789,8.93
1493,9.90596,3.171
1494,9.908249,2.289
1495,9.91604,7.791
1496,9.919672,3.632
1497,9.923303,3.631
1498,9.926381,3.078
1499,9.928981,2.6
1500,9.931275,2.294
1501,9.939944,8.669
1502,9.942595,2.651
1503,9.945804,3.209
1504,9.948385,2.581
1505,9.950926,2.541
1506,9.959488,8.562
1507,9.962262,2.774
1508,9.965384,3.122
1509,9.968017,2.633
1510,9.971105,3.088
1511,9.978418,7.313
1512,9.980846,2.428
1513,9.983765,2.919
1514,9.992793,9.028
1515,9.996294,3.501
1516,9.999282,2.988
1517,10.001841,2.559
1518,10.004411,2.57
1519,10.01312,8.709
1520,10.015517,2.397
1521,10.017775,2.258
1522,10.026964,9.189
1523,10.030329,3.365
1524,10.032869,2.54
1525,10.036166,3.297
1526,10.038889,2.723
1527,10.047361,8.472
1528,10.049856,2.495
1529,10.052287,2.431
1530,10.06096,8.673
1531,10.06466,3.7
1532,10.067876,3.216
1533,10.070248,2.372
1534,10.07286,2.612
1535,10.081509,8.649
1536,10.084172,2.663
1537,10.091337,7.165
1538,10.095024,3.687
1539,10.098137,3.113
1540,10.100676,2.539
1541,10.103005,2.329
1542,10.112122,9.117
1543,10.11543,3.308
1544,10.117934,2.504
1545,10.12026,2.326
1546,10.128993,8.733
1547,10.132389,3.396
1548,10.135642,3.253
1549,10.138247,2.605
1550,10.140689,2.442
1551,10.149402,8.713
1552,10.151903,2.501
1553,10.154253,2.35
1554,10.163258,9.005
1555,10.166484,3.226
1556,10.170197,3.713
1557,10.174258,4.061
1558,10.177252,2.994
1559,10.183296,6.044
1560,10.186185,2.889
1561,10.194629,8.444
1562,10.197825,3.196
1563,10.202166,4.341
1564,10.205449,3.283
1565,10.208503,3.054
1566,10.214132,5.629
1567,10.217963,3.831
1568,10.220778,2.815
1569,10.228646,7.868
1570,10.232815,4.169
1571,10.236294,3.479
1572,10.239564,3.27
1573,10.242211,2.647
1574,10.248118,5.907
1575,10.252892,4.774
1576,10.255827,2.935
1577,10.264046,8.219
1578,10.269276,5.23
1579,10.272663,3.387
1580,10.276576,3.913
1581,10.280325,3.749
1582,10.286471,6.146
1583,10.292505,6.034
1584,10.296022,3.517
1585,10.299691,3.669
1586,10.30411,4.419
1587,10.307959,3.849
1588,10.311196,3.237
1589,10.315592,4.396
1590,10.320392,4.8
1591,10.323614,3.222
1592,10.326646,3.032
1593,10.330734,4.088
1594,10.333892,3.158
1595,10.33722,3.328
1596,10.340519,3.299
1597,10.351701,11.182
1598,10.355093,3.392
1599,10.358187,3.094
1600,10.363006,4.819
1601,10.36603,3.024
1602,10.368795,2.765
1603,10.3741,5.305
1604,10.37791,3.81
1605,10.381017,3.107
1606,10.384406,3.389
1607,10.387845,3.439
1608,10.39407,6.225
1609,10.397158,3.088
1610,10.400155,2.997
1611,10.40269,2.535
1612,10.410879,8.189
1613,10.414043,3.164
1614,10.41756,3.517
1615,10.421787,4.227
1616,10.425707,3.92
1617,10.429507,3.8
1618,10.432634,3.127
1619,10.43549,2.856
1620,10.445303,9.813
1621,10.448408,3.105
1622,10.451277,2.869
1623,10.454369,3.092
1624,10.458684,4.315
1625,10.463606,4.922
1626,10.466381,2.775
1627,10.469051,2.67
1628,10.476026,6.975
1629,10.480625,4.599
1630,10.48472,4.095
1631,10.487704,2.984
1632,10.491843,4.139
1633,10.497544,5.701
1634,10.50041,2.866
1635,10.503025,2.615
1636,10.512964,9.939
1637,10.515822,2.858
1638,10.518702,2.88
1639,10.521572,2.87
1640,10.52547,3.898
1641,10.531677,6.207
1642,10.534508,2.831
1643,10.53722,2.712
1644,10.547117,9.897
1645,10.550246,3.129
1646,10.553271,3.025
1647,10.556845,3.574
1648,10.560988,4.143
1649,10.565727,4.739
1650,10.569819,4.092
1651,10.57222,2.401
1652,10.581022,8.802
1653,10.584478,3.456
1654,10.58774,3.262
1655,10.591968,4.228
1656,10.595919,3.951
1657,10.599595,3.676
1658,10.602334,2.739
1659,10.612637,10.303
1660,10.615661,3.024
1661,10.61854,2.879
1662,10.621295,2.755
1663,10.625024,3.729
1664,10.631385,6.361
1665,10.635479,4.094
1666,10.638144,2.665
1667,10.646737,8.593
1668,10.649935,3.198
1669,10.653463,3.528
1670,10.657584,4.121
1671,10.661409,3.825
1672,10.66533,3.921
1673,10.668244,2.914
1674,10.670868,2.624
1675,10.680748,9.88
1676,10.683944,3.196
1677,10.686889,2.945
1678,10.689697,2.808
1679,10.69331,3.613
1680,10.699364,6.054
1681,10.702366,3.002
1682,10.711127,8.761
1683,10.71412,2.993
1684,10.718011,3.891
1685,10.72212,4.109
1686,10.725632,3.512
1687,10.73095,5.318
1688,10.733937,2.987
1689,10.73636,2.423
1690,10.746238,9.878
1691,10.749534,3.296
1692,10.752518,2.984
1693,10.755412,2.894
1694,10.759425,4.013
1695,10.764883,5.458
1696,10.767829,2.946
1697,10.770693,2.864
1698,10.777292,6.599
1699,10.782032,4.74
1700,10.785967,3.935
1701,10.788837,2.87
1702,10.792429,3.592
1703,10.798844,6.415
1704,10.801944,3.1
1705,10.804632,2.688
1706,10.81418,9.548
1707,10.816966,2.786
1708,10.820095,3.129
1709,10.823085,2.99
1710,10.826741,3.656
1711,10.83277,6.029
1712,10.835554,2.784
1713,10.838269,2.715
1714,10.848237,9.968
1715,10.851482,3.245
1716,10.854776,3.294
1717,10.858134,3.358
1718,10.861885,3.751
1719,10.866926,5.041
1720,10.86978,2.854
1721,10.879167,9.387
1722,10.881923,2.756
1723,10.885529,3.606
1724,10.888963,3.434
1725,10.892385,3.422
1726,10.898435,6.05
1727,10.901755,3.32
1728,10.904243,2.488
1729,10.913816,9.573
1730,10.917813,3.997
1731,10.922098,4.285
1732,10.925961,3.863
1733,10.931609,5.648
1734,10.935598,3.989
1735,10.941198,5.6
1736,10.945678,4.48
1737,10.949752,4.074
1738,10.954118,4.366
1739,10.958244,4.126
1740,10.962433,4.189
1741,10.965712,3.279
1742,10.969558,3.846
1743,10.975683,6.125
1744,10.980214,4.531
1745,10.984729,4.515
1746,10.99059,5.861
1747,10.999248,8.658
1748,11.004876,5.628
1749,11.00962,4.744
1750,11.01405,4.43
1751,11.019246,5.196
1752,11.024976,5.73
1753,11.030647,5.671
1754,11.033886,3.239
1755,11.038639,4.753
1756,11.041757,3.118
1757,11.04501,3.253
1758,11.049018,4.008
1759,11.052197,3.179
1760,11.056174,3.977
1761,11.059291,3.117
1762,11.063549,4.258
1763,11.066163,2.614
1764,11.068898,2.735
1765,11.074396,5.498
1766,11.078039,3.643
1767,11.080904,2.865
1768,11.084176,3.272
1769,11.087945,3.769
1770,11.096572,8.627
1771,11.099252,2.68
1772,11.101987,2.735
1773,11.105351,3.364
1774,11.111952,6.601
1775,11.115113,3.161
1776,11.117925,2.812
1777,11.120715,2.79
1778,11.128695,7.98
1779,11.131728,3.033
1780,11.134496,2.768
1781,11.137493,2.997
1782,11.145817,8.324
1783,11.149378,3.561
1784,11.152551,3.173
1785,11.155974,3.423
1786,11.162858,6.884
1787,11.165784,2.926
1788,11.168396,2.612
1789,11.171288,2.892
1790,11.179502,8.214
1791,11.182643,3.141
1792,11.185439,2.796
1793,11.188426,2.987
1794,11.196535,8.109
1795,11.199842,3.307
1796,11.202582,2.74
1797,11.205737,3.155
1798,11.213857,8.12
1799,11.216842,2.985
1800,11.219709,2.867
1801,11.222447,2.738
1802,11.23068,8.233
1803,11.233519,2.839
1804,11.236097,2.578
1805,11.245158,9.061
1806,11.248168,3.01
1807,11.250992,2.824
1808,11.254286,3.294
1809,11.258132,3.846
1810,11.26384,5.708
1811,11.266814,2.974
1812,11.269583,2.769
1813,11.27655,6.967
1814,11.281033,4.483
1815,11.285081,4.048
1816,11.287715,2.634
1817,11.29115,3.435
1818,11.297963,6.813
1819,11.300823,2.86
1820,11.303445,2.622
1821,11.313416,9.971
1822,11.316911,3.495
1823,11.31964,2.729
1824,11.323616,3.976
1825,11.327188,3.572
1826,11.331872,4.684
1827,11.334323,2.451
1828,11.341033,6.71
1829,11.347472,6.439
1830,11.350748,3.276
1831,11.353669,2.921
1832,11.356612,2.943
1833,11.364442,7.83
1834,11.367465,3.023
1835,11.370137,2.672
1836,11.379194,9.057
1837,11.382081,2.887
1838,11.385173,3.092
1839,11.388186,3.013
1840,11.391644,3.458
1841,11.399308,7.664
1842,11.402018,2.71
1843,11.404353,2.335
1844,11.412939,8.586
1845,11.416049,3.11
1846,11.419325,3.276
1847,11.422859,3.534
1848,11.426356,3.497
1849,11.431427,5.071
1850,11.435604,4.177
1851,11.438514,2.91
1852,11.446757,8.243
1853,11.449962,3.205
1854,11.453594,3.632
1855,11.456703,3.109
1856,11.463813,7.11
1857,11.466402,2.589
1858,11.469981,3.579
1859,11.47274,2.759
1860,11.481101,8.361
1861,11.484203,3.102
1862,11.487035,2.832
1863,11.489888,2.853
1864,11.497877,7.989
1865,11.501404,3.527
1866,11.504007,2.603
1867,11.506662,2.655
1868,11.51499,8.328
1869,11.518054,3.064
1870,11.52099,2.936
1871,11.523796,2.806
1872,11.532115,8.319
1873,11.534822,2.707
1874,11.537383,2.561
1875,11.546703,9.32
1876,11.549528,2.825
1877,11.552776,3.248
1878,11.555913,3.137
1879,11.559471,3.558
1880,11.565325,5.854
1881,11.568112,2.787
1882,11.570719,2.607
1883,11.577637,6.918
1884,11.582435,4.798
1885,11.586468,4.033
1886,11.58941,2.942
1887,11.593098,3.688
1888,11.599341,6.243
1889,11.601976,2.635
1890,11.604606,2.63
1891,11.614992,10.386
1892,11.617791,2.799
1893,11.620992,3.201
1894,11.623927,2.935
1895,11.627405,3.478
1896,11.633475,6.07
1897,11.636268,2.793
1898,11.645282,9.014
1899,11.648326,3.044
1900,11.652061,3.735
1901,11.65518,3.119
1902,11.658788,3.608
1903,11.665245,6.457
1904,11.66774,2.495
1905,11.670437,2.697
1906,11.680478,10.041
1907,11.683948,3.47
1908,11.686826,2.878
1909,11.69009,3.264
1910,11.693826,3.736
1911,11.699198,5.372
1912,11.70207,2.872
1913,11.704721,2.651
1914,11.714527,9.806
1915,11.717491,2.964
1916,11.720494,3.003
1917,11.723924,3.43
1918,11.727694,3.77
1919,11.733081,5.387
1920,11.7373,4.219
1921,11.739819,2.519
1922,11.748372,8.553
1923,11.751039,2.667
1924,11.754086,3.047
1925,11.757591,3.505
1926,11.761383,3.792
1927,11.76693,5.547
1928,11.770161,3.231
1929,11.772752,2.591
1930,11.782295,9.543
1931,11.78565,3.355
1932,11.788192,2.542
1933,11.791571,3.379
1934,11.795213,3.642
1935,11.801034,5.821
1936,11.803637,2.603
1937,11.806055,2.418
1938,11.813275,7.22
1939,11.817982,4.707
1940,11.822359,4.377
1941,11.825505,3.146
1942,11.829313,3.808
1943,11.834946,5.633
1944,11.837668,2.722
1945,11.840222,2.554
1946,11.850452,10.23
1947,11.85325,2.798
1948,11.856401,3.151
1949,11.859517,3.116
1950,11.863958,4.441
1951,11.86652,2.562
1952,11.869301,2.781
1953,11.874468,5.167
1954,11.878586,4.118
1955,11.881214,2.628
1956,11.883949,2.735
1957,11.886821,2.872
1958,11.894849,8.028
1959,11.89775,2.901
1960,11.900842,3.092
1961,11.903471,2.629
1962,11.907127,3.656
1963,11.913339,6.212
1964,11.916049,2.71
1965,11.920114,4.065
1966,11.92374,3.626
1967,11.930457,6.717
1968,11.933441,2.984
1969,11.939139,5.698
1970,11.942615,3.476
1971,11.947257,4.642
1972,11.949902,2.645
1973,11.952146,2.244
1974,11.962804,10.658
1975,11.966297,3.493
1976,11.969111,2.814
1977,11.973011,3.9
1978,11.976788,3.777
1979,11.981364,4.576
1980,11.985638,4.274
1981,11.988703,3.065
1982,11.996969,8.266
1983,12.000409,3.44
1984,12.003624,3.215
1985,12.007097,3.473
1986,12.013768,6.671
1987,12.016758,2.99
1988,12.019615,2.857
1989,12.022693,3.078
1990,12.031004,8.311
1991,12.033876,2.872
1992,12.036877,3.001
1993,12.039721,2.844
1994,12.047629,7.908
1995,12.051225,3.596
1996,12.054014,2.789
1997,12.056853,2.839
1998,12.064935,8.082
1999,12.067641,2.706
2000,12.070265,2.624
2001,12.079257,8.992
2002,12.082193,2.936
2003,12.085502,3.309
2004,12.088349,2.847
2005,12.091707,3.358
2006,12.098144,6.437
2007,12.100916,2.772
2008,12.103489,2.573
2009,12.113488,9.999
2010,12.116583,3.095
2011,12.119219,2.636
2012,12.121882,2.663
2013,12.125584,3.702
2014,12.132273,6.689
2015,12.136353,4.08
2016,12.138872,2.519
2017,12.147421,8.549
2018,12.150455,3.034
2019,12.154067,3.612
2020,12.158242,4.175
2021,12.161893,3.651
2022,12.166299,4.406
2023,12.169039,2.74
2024,12.178994,9.955
2025,12.182053,3.059
2026,12.18554,3.487
2027,12.188884,3.344
2028,12.192472,3.588
2029,12.198892,6.42
2030,12.201795,2.903
2031,12.204344,2.549
2032,12.21307,8.726
2033,12.215873,2.803
2034,12.219698,3.825
2035,12.223847,4.149
2036,12.227895,4.048
2037,12.23171,3.815
2038,12.235264,3.554
2039,12.238708,3.444
2040,12.247035,8.327
2041,12.250033,2.998
2042,12.25272,2.687
2043,12.25598,3.26
2044,12.26388,7.9
2045,12.267415,3.535
2046,12.270396,2.981
2047,12.273174,2.778
2048,12.281237,8.063
2049,12.284126,2.889
2050,12.287077,2.951
2051,12.290025,2.948
2052,12.298042,8.017
2053,12.301235,3.193
2054,12.304774,3.539
2055,12.308902,4.128
2056,12.312684,3.782
2057,12.316773,4.089
2058,12.319283,2.51
2059,12.329596,10.313
2060,12.332347,2.751
2061,12.335511,3.164
2062,12.338619,3.108
2063,12.342186,3.567
2064,12.348478,6.292
2065,12.352568,4.09
2066,12.354992,2.424
2067,12.363872,8.88
2068,12.366751,2.879
2069,12.370264,3.513
2070,12.373339,3.075
2071,12.376928,3.589
2072,12.38249,5.562
2073,12.385447,2.957
2074,12.39419,8.743
2075,12.397783,3.593
2076,12.400665,2.882
2077,12.404162,3.497
2078,12.407697,3.535
2079,12.414068,6.371
2080,12.417025,2.957
2081,12.419943,2.918
2082,12.424598,4.655
2083,12.427528,2.93
2084,12.433322,5.794
2085,12.436468,3.146
2086,12.440677,4.209
2087,12.444985,4.308
2088,12.450342,5.357
2089,12.454359,4.017
2090,12.457586,3.227
2091,12.460446,2.86
2092,12.467604,7.158
2093,12.470291,2.687
2094,12.473846,3.555
2095,12.482046,8.2
2096,12.485414,3.368
2097,12.488661,3.247
2098,12.492366,3.705
2099,12.495016,2.65
2100,12.49809,3.074
2101,12.500841,2.751
2102,12.507032,6.191
2103,12.510066,3.034
2104,12.512752,2.686
2105,12.515944,3.192
2106,12.518903,2.959
2107,12.525615,6.712
2108,12.528729,3.114
2109,12.531931,3.202
2110,12.534524,2.593
2111,12.538166,3.642
2112,12.545057,6.891
2113,12.547669,2.612
2114,12.55031,2.641
2115,12.553715,3.405
2116,12.556534,2.819
2117,12.564473,7.939
2118,12.567967,3.494
2119,12.570847,2.88
2120,12.574077,3.23
2121,12.58165,7.573
2122,12.584507,2.857
2123,12.587104,2.597
2124,12.591072,3.968
2125,12.598578,7.506
2126,12.601244,2.666
2127,12.604266,3.022
2128,12.607267,3.001
2129,12.616598,9.331
2130,12.619344,2.746
2131,12.622264,2.92
2132,12.624736,2.472
2133,12.634448,9.712
2134,12.640241,5.793
2135,12.645196,4.955
2136,12.6489,3.704
2137,12.653286,4.386
2138,12.656885,3.599
2139,12.660556,3.671
2140,12.664096,3.54
2141,12.667415,3.319
2142,12.670243,2.828
2143,12.683032,12.789
2144,12.687203,4.171
2145,12.689992,2.789
2146,12.69381,3.818
2147,12.696777,2.967
2148,12.702774,5.997
2149,12.705527,2.753
2150,12.714453,8.926
2151,12.717297,2.844
2152,12.721745,4.448
2153,12.724379,2.634
2154,12.72772,3.341
2155,12.731176,3.456
2156,12.733809,2.633
2157,12.739151,5.342
2158,12.742491,3.34
2159,12.746477,3.986
2160,12.749422,2.945
2161,12.752365,2.943
2162,12.75862,6.255
2163,12.762094,3.474
2164,12.764553,2.459
2165,12.766915,2.362
2166,12.775553,8.638
2167,12.779719,4.166
2168,12.782623,2.904
2169,12.785715,3.092
2170,12.788792,3.077
2171,12.795689,6.897
2172,12.798688,2.999
2173,12.801377,2.689
2174,12.806461,5.084
2175,12.812919,6.458
2176,12.81614,3.221
2177,12.819691,3.551
2178,12.822337,2.646
2179,12.830028,7.691
2180,12.832844,2.816
2181,12.835508,2.664
2182,12.844555,9.047
2183,12.847847,3.292
2184,12.851152,3.305
2185,12.854431,3.279
2186,12.858058,3.627
2187,12.863161,5.103
2188,12.867366,4.205
2189,12.87,2.634
2190,12.878592,8.592
2191,12.882072,3.48
2192,12.885455,3.383
2193,12.889532,4.077
2194,12.893447,3.915
2195,12.897165,3.718
2196,12.900251,3.086
2197,12.903197,2.946
2198,12.912738,9.541
2199,12.916289,3.551
2200,12.919114,2.825
2201,12.921985,2.871
2202,12.926118,4.133
2203,12.931295,5.177
2204,12.933801,2.506
2205,12.943953,10.152
2206,12.946969,3.016
2207,12.950184,3.215
2208,12.954221,4.037
2209,12.958123,3.902
2210,12.962988,4.865
2211,12.965977,2.989
2212,12.970779,4.802
2213,12.974318,3.539
2214,12.977383,3.065
2215,12.982288,4.905
2216,12.986741,4.453
2217,12.992991,6.25
2218,12.996834,3.843
2219,12.999789,2.955
2220,13.003746,3.957
2221,13.008042,4.296
2222,13.011077,3.035
2223,13.016277,5.2
2224,13.019358,3.081
2225,13.022739,3.381
2226,13.028012,5.273
2227,13.033224,5.212
2228,13.037469,4.245
2229,13.040912,3.443
2230,13.044137,3.225
2231,13.050217,6.08
2232,13.053168,2.951
2233,13.056678,3.51
2234,13.064848,8.17
2235,13.06799,3.142
2236,13.071496,3.506
2237,13.074872,3.376
2238,13.077884,3.012
2239,13.084167,6.283
2240,13.087108,2.941
2241,13.090446,3.338
2242,13.09899,8.544
2243,13.102742,3.752
2244,13.105767,3.025
2245,13.110247,4.48
2246,13.113064,2.817
2247,13.11603,2.966
2248,13.12115,5.12
2249,13.125305,4.155
2250,13.128058,2.753
2251,13.130885,2.827
2252,13.133358,2.473
2253,13.141183,7.825
2254,13.144574,3.391
2255,13.147276,2.702
2256,13.150402,3.126
2257,13.15528,4.878
2258,13.159913,4.633
2259,13.162852,2.939
2260,13.166397,3.545
2261,13.170082,3.685
2262,13.177038,6.956
2263,13.180994,3.956
2264,13.183658,2.664
2265,13.187941,4.283
2266,13.193835,5.894
2267,13.196737,2.902
2268,13.200597,3.86
2269,13.204104,3.507
2270,13.210745,6.641
2271,13.213787,3.042
2272,13.216468,2.681
2273,13.220148,3.68
2274,13.227863,7.715
2275,13.230843,2.98
2276,13.234401,3.558
2277,13.237903,3.502
2278,13.244791,6.888
2279,13.247637,2.846
2280,13.25155,3.913
2281,13.255054,3.504
2282,13.26202,6.966
2283,13.265894,3.874
2284,13.268504,2.61
2285,13.277126,8.622
2286,13.280615,3.489
2287,13.285098,4.483
2288,13.288624,3.526
2289,13.293027,4.403
2290,13.297187,4.16
2291,13.301127,3.94
2292,13.305163,4.036
2293,13.313112,7.949
2294,13.317648,4.536
2295,13.322155,4.507
2296,13.328638,6.483
2297,13.333431,4.793
2298,13.33952,6.089
2299,13.344588,5.068
2300,13.348599,4.011
2301,13.352429,3.83
2302,13.36068,8.251
2303,13.364721,4.041
2304,13.369986,5.265
2305,13.374278,4.292
2306,13.381805,7.527
2307,13.390621,8.816
2308,13.395821,5.2
2309,13.398617,2.796
2310,13.402476,3.859
2311,13.405235,2.759
2312,13.408056,2.821
2313,13.411929,3.873
2314,13.415662,3.733
2315,13.420016,4.354
2316,13.423035,3.019
2317,13.426633,3.598
2318,13.429958,3.325
2319,13.4328,2.842
2320,13.439637,6.837
2321,13.443369,3.732
2322,13.446458,3.089
2323,13.449326,2.868
2324,13.452796,3.47
2325,13.459164,6.368
2326,13.462119,2.955
2327,13.465006,2.887
2328,13.467721,2.715
2329,13.47694,9.219
2330,13.480027,3.087
2331,13.482574,2.547
2332,13.487098,4.524
2333,13.491507,4.409
2334,13.495433,3.926
2335,13.498436,3.003
2336,13.501805,3.369
2337,13.5047,2.895
2338,13.513215,8.515
2339,13.515737,2.522
2340,13.518501,2.764
2341,13.526977,8.476
2342,13.53077,3.793
2343,13.534025,3.255
2344,13.537376,3.351
2345,13.54026,2.884
2346,13.547159,6.899
2347,13.549964,2.805
2348,13.552754,2.79
2349,13.561004,8.25
2350,13.565942,4.938
2351,13.569756,3.814
2352,13.57277,3.014
2353,13.575567,2.797
2354,13.58096,5.393
2355,13.583462,2.502
2356,13.592718,9.256
2357,13.595638,2.92
2358,13.599121,3.483
2359,13.602328,3.207
2360,13.605489,3.161
2361,13.611953,6.464
2362,13.615437,3.484
2363,13.617921,2.484
2364,13.626532,8.611
2365,13.629693,3.161
2366,13.633891,4.198
2367,13.637409,3.518
2368,13.640132,2.723
2369,13.646157,6.025
2370,13.650502,4.345
2371,13.653536,3.034
2372,13.660539,7.003
2373,13.663505,2.966
2374,13.667982,4.477
2375,13.671282,3.3
2376,13.6741,2.818
2377,13.680067,5.967
2378,13.683429,3.362
2379,13.686129,2.7
2380,13.694616,8.487
2381,13.697466,2.85
2382,13.701921,4.455
2383,13.705525,3.604
2384,13.708282,2.757
2385,13.714066,5.784
2386,13.71802,3.954
2387,13.720943,2.923
2388,13.728743,7.8
2389,13.731777,3.034
2390,13.736042,4.265
2391,13.739966,3.924
2392,13.745647,5.681
2393,13.748415,2.768
2394,13.751921,3.506
2395,13.757219,5.298
2396,13.762665,5.446
2397,13.765846,3.181
2398,13.769735,3.889
2399,13.772867,3.132
2400,13.779787,6.92
2401,13.782219,2.432
2402,13.785218,2.999
2403,13.794227,9.009
2404,13.797015,2.788
2405,13.800927,3.912
2406,13.804523,3.596
2407,13.80797,3.447
2408,13.813767,5.797
2409,13.816168,2.401
2410,13.819212,3.044
2411,13.828173,8.961
2412,13.830936,2.763
2413,13.835633,4.697
2414,13.838371,2.738
2415,13.841885,3.514
2416,13.847651,5.766
2417,13.851545,3.894
2418,13.853857,2.312
2419,13.859418,5.561
2420,13.864766,5.348
2421,13.869704,4.938
2422,13.87233,2.626
2423,13.875638,3.308
2424,13.882535,6.897
2425,13.885027,2.492
2426,13.887697,2.67
2427,13.896381,8.684
2428,13.900193,3.812
2429,13.903099,2.906
2430,13.906288,3.189
2431,13.909384,3.096
2432,13.916368,6.984
2433,13.918921,2.553
2434,13.926863,7.942
2435,13.931627,4.764
2436,13.934424,2.797
2437,13.93744,3.016
2438,13.940258,2.818
2439,13.948055,7.797
2440,13.950768,2.713
2441,13.953162,2.394
2442,13.961926,8.764
2443,13.965478,3.552
2444,13.968543,3.065
2445,13.971157,2.614
2446,13.974083,2.926
2447,13.98231,8.227
2448,13.984807,2.497
2449,13.98781,3.003
2450,13.99434,6.53
2451,13.99835,4.01
2452,14.002604,4.254
2453,14.005081,2.477
2454,14.009761,4.68
2455,14.015247,5.486
2456,14.017942,2.695
2457,14.020651,2.709
2458,14.030713,10.062
2459,14.033791,3.078
2460,14.038201,4.41
2461,14.041446,3.245
2462,14.044741,3.295
2463,14.049232,4.491
2464,14.051754,2.522
2465,14.062468,10.714
2466,14.065085,2.617
2467,14.068924,3.839
2468,14.072296,3.372
2469,14.075746,3.45
2470,14.078767,3.021
2471,14.082068,3.301
2472,14.087759,5.691
2473,14.091475,3.716
2474,14.094448,2.973
2475,14.097532,3.084
2476,14.100021,2.489
2477,14.107384,7.363
2478,14.110253,2.869
2479,14.113311,3.058
2480,14.116081,2.77
2481,14.119586,3.505
2482,14.126134,6.548
2483,14.130052,3.918
2484,14.13272,2.668
2485,14.136286,3.566
2486,14.142983,6.697
2487,14.147089,4.106
2488,14.150198,3.109
2489,14.153608,3.41
2490,14.16008,6.472
2491,14.164089,4.009
2492,14.166841,2.752
2493,14.17041,3.569
2494,14.177161,6.751
2495,14.181181,4.02
2496,14.183971,2.79
2497,14.188462,4.491
2498,14.194103,5.641
2499,14.198195,4.092
2500,14.200836,2.641
2501,14.209493,8.657
2502,14.212331,2.838
2503,14.215341,3.01
2504,14.219117,3.776
2505,14.22243,3.313
2506,14.228195,5.765
2507,14.232455,4.26
2508,14.234781,2.326
2509,14.243697,8.916
2510,14.246378,2.681
2511,14.24939,3.012
2512,14.25219,2.8
2513,14.255753,3.563
2514,14.262422,6.669
2515,14.266411,3.989
2516,14.268804,2.393
2517,14.277925,9.121
2518,14.281318,3.393
2519,14.284042,2.724
2520,14.287343,3.301
2521,14.292702,5.359
2522,14.296426,3.724
2523,14.298781,2.355
2524,14.307703,8.922
2525,14.311698,3.995
2526,14.314692,2.994
2527,14.317713,3.021
2528,14.320938,3.225
2529,14.328852,7.914
2530,14.331489,2.637
2531,14.33404,2.551
2532,14.342735,8.695
2533,14.346316,3.581
2534,14.349458,3.142
2535,14.353706,4.248
2536,14.356915,3.209
2537,14.362821,5.906
2538,14.365285,2.464
2539,14.368018,2.733
2540,14.377578,9.56
2541,14.380727,3.149
2542,14.383347,2.62
2543,14.385954,2.607
2544,14.394681,8.727
2545,14.39765,2.969
2546,14.400663,3.013
2547,14.403336,2.673
2548,14.411736,8.4
2549,14.414643,2.907
2550,14.416883,2.24
2551,14.425527,8.644
2552,14.429236,3.709
2553,14.432037,2.801
2554,14.434527,2.49
2555,14.437335,2.808
2556,14.445838,8.503
2557,14.448403,2.565
2558,14.451764,3.361
2559,14.454539,2.775
2560,14.463077,8.538
2561,14.46558,2.503
2562,14.468059,2.479
2563,14.477332,9.273
2564,14.480216,2.884
2565,14.483132,2.916
2566,14.485832,2.7
2567,14.490021,4.189
2568,14.496037,6.016
2569,14.498529,2.492
2570,14.500917,2.388
2571,14.51136,10.443
2572,14.514082,2.722
2573,14.517058,2.976
2574,14.519657,2.599
2575,14.522735,3.078
2576,14.530158,7.423
2577,14.532746,2.588
2578,14.535114,2.368
2579,14.545488,10.374
2580,14.548479,2.991
2581,14.551218,2.739
2582,14.553764,2.546
2583,14.556856,3.092
2584,14.564258,7.402
2585,14.567054,2.796
2586,14.569548,2.494
2587,14.579451,9.903
2588,14.582356,2.905
2589,14.585325,2.969
2590,14.588104,2.779
2591,14.591838,3.734
2592,14.598549,6.711
2593,14.602307,3.758
2594,14.604795,2.488
2595,14.613614,8.819
2596,14.616354,2.74
2597,14.619596,3.242
2598,14.622295,2.699
2599,14.625556,3.261
2600,14.632404,6.848
2601,14.634973,2.569
2602,14.637369,2.396
2603,14.647769,10.4
2604,14.650727,2.958
2605,14.654203,3.476
2606,14.656918,2.715
2607,14.661247,4.329
2608,14.664618,3.371
2609,14.667398,2.78
2610,14.671893,4.495
2611,14.676817,4.924
2612,14.679438,2.621
2613,14.682991,3.553
2614,14.685807,2.816
2615,14.69247,6.663
2616,14.695182,2.712
2617,14.698136,2.954
2618,14.700662,2.526
2619,14.709191,8.529
2620,14.711814,2.623
2621,14.715005,3.191
2622,14.717711,2.706
2623,14.721176,3.465
2624,14.727786,6.61
2625,14.730418,2.632
2626,14.733162,2.744
2627,14.736663,3.501
2628,14.745043,8.38
2629,14.747811,2.768
2630,14.750352,2.541
2631,14.7534,3.048
2632,14.762065,8.665
2633,14.764742,2.677
2634,14.767863,3.121
2635,14.772197,4.334
2636,14.775092,2.895
2637,14.78158,6.488
2638,14.784003,2.423
2639,14.787353,3.35
2640,14.796095,8.742
2641,14.799187,3.092
2642,14.803052,3.865
2643,14.807971,4.919
2644,14.810985,3.014
2645,14.815425,4.44
2646,14.817893,2.468
2647,14.828979,11.086
2648,14.831777,2.798
2649,14.83471,2.933
2650,14.838063,3.353
2651,14.842345,4.282
2652,14.844721,2.376
2653,14.848398,3.677
2654,14.851388,2.99
2655,14.855855,4.467
2656,14.859081,3.226
2657,14.861818,2.737
2658,14.864412,2.594
2659,14.867094,2.682
2660,14.875712,8.618
2661,14.878355,2.643
2662,14.881419,3.064
2663,14.885821,4.402
2664,14.889507,3.686
2665,14.894186,4.679
2666,14.896832,2.646
2667,14.899184,2.352
2668,14.908848,9.664
2669,14.912384,3.536
2670,14.915075,2.691
2671,14.918091,3.016
2672,14.920756,2.665
2673,14.929059,8.303
2674,14.931684,2.625
2675,14.934055,2.371
2676,14.942929,8.874
2677,14.946428,3.499
2678,14.949449,3.021
2679,14.952324,2.875
2680,14.955266,2.942
2681,14.963128,7.862
2682,14.96581,2.682
2683,14.967908,2.098
2684,14.977011,9.103
2685,14.980391,3.38
2686,14.983038,2.647
2687,14.986345,3.307
2688,14.989287,2.942
2689,14.997333,8.046
2690,14.999957,2.624
2691,15.002409,2.452
2692,15.011314,8.905
2693,15.015365,4.051
2694,15.018439,3.074
2695,15.022059,3.62
2696,15.024915,2.856
2697,15.031067,6.152
2698,15.033712,2.645
2699,15.04255,8.838
2700,15.045578,3.028
2701,15.04968,4.102
2702,15.052508,2.828
2703,15.055574,3.066
2704,15.062145,6.571
2705,15.06583,3.685
2706,15.068383,2.553
2707,15.073965,5.582
2708,15.079002,5.037
2709,15.083721,4.719
2710,15.086576,2.855
2711,15.089525,2.949
2712,15.096046,6.521
2713,15.099279,3.233
2714,15.101824,2.545
2715,15.110697,8.873
2716,15.113863,3.166
2717,15.117209,3.346
2718,15.120449,3.24
2719,15.123447,2.998
2720,15.130187,6.74
2721,15.133732,3.545
2722,15.136152,2.42
2723,15.141788,5.636
2724,15.147335,5.547
2725,15.150964,3.629
2726,15.153782,2.818
2727,15.157563,3.781
2728,15.164241,6.678
2729,15.168711,4.47
2730,15.171196,2.485
2731,15.178805,7.609
2732,15.181529,2.724
2733,15.185192,3.663
2734,15.188179,2.987
2735,15.191214,3.035
2736,15.198246,7.032
2737,15.201275,3.029
2738,15.203707,2.432
2739,15.212746,9.039
2740,15.215661,2.915
2741,15.219381,3.72
2742,15.222131,2.75
2743,15.224799,2.668
2744,15.232214,7.415
2745,15.235162,2.948
2746,15.237624,2.462
2747,15.246836,9.212
2748,15.24969,2.854
2749,15.253758,4.068
2750,15.256682,2.924
2751,15.260865,4.183
2752,15.264747,3.882
2753,15.269619,4.872
2754,15.275795,6.176
2755,15.279347,3.552
2756,15.282713,3.366
2757,15.287362,4.649
2758,15.291328,3.966
2759,15.296192,4.864
2760,15.299351,3.159
2761,15.303068,3.717
2762,15.305616,2.548
2763,15.309201,3.585
2764,15.312145,2.944
2765,15.319712,7.567
2766,15.32244,2.728
2767,15.324884,2.444
2768,15.333474,8.59
2769,15.337789,4.315
2770,15.340681,2.892
2771,15.343892,3.211
2772,15.347337,3.445
2773,15.350498,3.161
2774,15.357195,6.697
2775,15.361462,4.267
2776,15.364465,3.003
2777,15.368806,4.341
2778,15.3714,2.594
2779,15.37733,5.93
2780,15.379772,2.442
2781,15.385596,5.824
2782,15.394251,8.655
2783,15.397401,3.15
2784,15.405063,7.662
2785,15.409519,4.456
2786,15.41427,4.751
2787,15.422083,7.813
2788,15.427542,5.459
2789,15.431278,3.736
2790,15.437222,5.944
2791,15.44226,5.038
2792,15.447254,4.994
2793,15.452198,4.944
2794,15.456428,4.23
2795,15.459872,3.444
2796,15.463851,3.979
2797,15.46886,5.009
2798,15.472493,3.633
2799,15.477508,5.015
2800,15.48136,3.852
2801,15.485024,3.664
2802,15.489779,4.755
2803,15.495988,6.209
2804,15.499782,3.794
2805,15.502537,2.755
2806,15.507219,4.682
2807,15.512319,5.1
2808,15.515743,3.424
2809,15.520492,4.749
2810,15.523452,2.96
2811,15.525943,2.491
2812,15.528887,2.944
2813,15.531188,2.301
2814,15.539538,8.35
2815,15.542434,2.896
2816,15.545056,2.622
2817,15.549386,4.33
2818,15.553112,3.726
2819,15.557954,4.842
2820,15.560472,2.518
2821,15.56296,2.488
2822,15.56529,2.33
2823,15.567582,2.292
2824,15.578271,10.689
2825,15.58096,2.689
2826,15.584247,3.287
2827,15.588758,4.511
2828,15.591614,2.856
2829,15.597655,6.041
2830,15.600117,2.462
2831,15.60245,2.333
2832,15.611692,9.242
2833,15.614589,2.897
2834,15.619334,4.745
2835,15.623041,3.707
2836,15.628675,5.634
2837,15.631283,2.608
2838,15.633802,2.519
2839,15.638845,5.043
2840,15.641605,2.76
2841,15.648133,6.528
2842,15.650627,2.494
2843,15.653669,3.042
2844,15.662894,9.225
2845,15.665444,2.55
2846,15.669091,3.647
2847,15.672197,3.106
2848,15.675057,2.86
2849,15.678745,3.688
2850,15.68222,3.475
2851,15.684858,2.638
2852,15.690467,5.609
2853,15.693207,2.74
2854,15.697854,4.647
2855,15.701491,3.637
2856,15.704288,2.797
2857,15.710459,6.171
2858,15.713182,2.723
2859,15.716514,3.332
2860,15.719233,2.719
2861,15.727556,8.323
2862,15.730387,2.831
2863,15.733724,3.337
2864,15.736234,2.51
2865,15.744607,8.373
2866,15.747579,2.972
2867,15.750384,2.805
2868,15.753039,2.655
2869,15.761643,8.604
2870,15.764314,2.671
2871,15.767491,3.177
2872,15.770361,2.87
2873,15.778565,8.204
2874,15.781582,3.017
2875,15.784706,3.124
2876,15.787221,2.515
2877,15.795769,8.548
2878,15.798648,2.879
2879,15.801896,3.248
2880,15.804415,2.519
2881,15.812846,8.431
2882,15.815361,2.515
2883,15.818821,3.46
2884,15.821184,2.363
2885,15.829984,8.8
2886,15.833174,3.19
2887,15.835947,2.773
2888,15.838524,2.577
2889,15.841711,3.187
2890,15.848437,6.726
2891,15.850813,2.376
2892,15.859381,8.568
2893,15.863654,4.273
2894,15.86646,2.806
2895,15.869821,3.361
2896,15.872414,2.593
2897,15.877078,4.664
2898,15.881157,4.079
2899,15.883484,2.327
2900,15.887899,4.415
2901,15.891754,3.855
2902,15.894784,3.03
2903,15.899076,4.292
2904,15.902261,3.185
2905,15.908276,6.015
2906,15.910818,2.542
2907,15.914295,3.477
2908,15.916714,2.419
2909,15.92035,3.636
2910,15.929291,8.941
2911,15.933589,4.298
2912,15.936059,2.47
2913,15.940821,4.762
2914,15.943693,2.872
2915,15.947294,3.601
2916,15.949654,2.36
2917,15.960385,10.731
2918,15.963292,2.907
2919,15.966354,3.062
2920,15.96903,2.676
2921,15.972516,3.486
2922,15.97911,6.594
2923,15.983262,4.152
2924,15.985534,2.272
2925,15.994474,8.94
2926,15.997304,2.83
2927,16.000491,3.187
2928,16.003121,2.63
2929,16.006615,3.494
2930,16.014979,8.364
2931,16.020693,5.714
2932,16.023559,2.866
2933,16.028457,4.898
2934,16.031426,2.969
2935,16.03447,3.044
2936,16.037253,2.783
2937,16.04074,3.487
2938,16.049196,8.456
2939,16.053472,4.276
2940,16.055786,2.314
2941,16.062748,6.962
2942,16.065982,3.234
2943,16.068816,2.834
2944,16.071169,2.353
2945,16.074742,3.573
2946,16.081455,6.713
2947,16.08381,2.355
2948,16.092326,8.516
2949,16.096804,4.478
2950,16.099767,2.963
2951,16.10279,3.023
2952,16.105522,2.732
2953,16.110275,4.753
2954,16.112917,2.642
2955,16.115358,2.441
2956,16.121048,5.69
2957,16.124496,3.448
2958,16.127268,2.772
2959,16.130356,3.088
2960,16.132538,2.182
2961,16.141245,8.707
2962,16.144269,3.024
2963,16.14747,3.201
2964,16.149933,2.463
2965,16.153285,3.352
2966,16.159722,6.437
2967,16.163968,4.246
2968,16.166521,2.553
2969,16.170409,3.888
2970,16.176793,6.384
2971,16.180997,4.204
2972,16.183585,2.588
2973,16.187223,3.638
2974,16.193963,6.74
2975,16.197957,3.994
2976,16.200666,2.709
2977,16.204313,3.647
2978,16.211077,6.764
2979,16.215033,3.956
2980,16.217706,2.673
2981,16.221076,3.37
2982,16.227968,6.892
2983,16.232024,4.056
2984,16.23489,2.866
2985,16.241338,6.448
2986,16.244946,3.608
2987,16.249204,4.258
2988,16.251755,2.551
2989,16.25499,3.235
2990,16.261978,6.988
2991,16.266166,4.188
2992,16.268759,2.593
2993,16.273747,4.988
2994,16.276268,2.521
2995,16.281302,5.034
2996,16.284057,2.755
2997,16.29441,10.353
2998,16.297161,2.751
2999,16.30018,3.019
3000,16.303106,2.926
3001,16.308011,4.905
3002,16.310581,2.57
3003,16.313922,3.341
3004,16.316392,2.47
3005,16.321759,5.367
3006,16.325112,3.353
3007,16.327747,2.635
3008,16.330423,2.676
3009,16.332752,2.329
3010,16.341584,8.832
3011,16.344655,3.071
3012,16.347221,2.566
3013,16.351253,4.032
3014,16.354271,3.018
3015,16.359627,5.356
3016,16.362081,2.454
3017,16.364439,2.358
3018,16.366751,2.312
3019,16.377811,11.06
3020,16.3806,2.789
3021,16.383336,2.736
3022,16.386086,2.75
3023,16.389736,3.65
3024,16.396291,6.555
3025,16.398909,2.618
3026,16.40115,2.241
3027,16.411889,10.739
3028,16.414569,2.68
3029,16.417735,3.166
3030,16.420269,2.534
3031,16.422799,2.53
3032,16.43127,8.471
3033,16.433941,2.671
3034,16.436332,2.391
3035,16.445025,8.693
3036,16.448533,3.508
3037,16.451295,2.762
3038,16.454118,2.823
3039,16.456558,2.44
3040,16.465058,8.5
3041,16.467698,2.64
3042,16.469879,2.181
3043,16.479081,9.202
3044,16.482454,3.373
3045,16.485502,3.048
3046,16.48838,2.878
3047,16.492651,4.271
3048,16.495887,3.236
3049,16.498549,2.662
3050,16.503282,4.733
3051,16.506086,2.804
3052,16.510816,4.73
3053,16.513561,2.745
3054,16.516187,2.626
3055,16.522596,6.409
3056,16.525189,2.593
3057,16.528655,3.466
3058,16.531136,2.481
3059,16.533378,2.242
3060,16.542334,8.956
3061,16.546369,4.035
3062,16.549088,2.719
3063,16.55333,4.242
3064,16.555852,2.522
3065,16.562542,6.69
3066,16.565323,2.781
3067,16.567893,2.57
3068,16.576404,8.511
3069,16.580083,3.679
3070,16.583705,3.622
3071,16.58787,4.165
3072,16.590936,3.066
3073,16.596713,5.777
3074,16.599269,2.556
3075,16.601604,2.335
3076,16.61053,8.926
3077,16.614482,3.952
3078,16.617196,2.714
3079,16.619485,2.289
3080,16.627704,8.219
3081,16.630922,3.218
3082,16.634292,3.37
3083,16.638567,4.275
3084,16.641326,2.759
3085,16.648,6.674
3086,16.650724,2.724
3087,16.653118,2.394
3088,16.661433,8.315
3089,16.665057,3.624
3090,16.667839,2.782
3091,16.670688,2.849
3092,16.67855,7.862
3093,16.682042,3.492
3094,16.684399,2.357
3095,16.68684,2.441
3096,16.695567,8.727
3097,16.699112,3.545
3098,16.701798,2.686
3099,16.704155,2.357
3100,16.712784,8.629
3101,16.716047,3.263
3102,16.71856,2.513
3103,16.727187,8.627
3104,16.729779,2.592
3105,16.733048,3.269
3106,16.735702,2.654
3107,16.738102,2.4
3108,16.746795,8.693
3109,16.750261,3.466
3110,16.752759,2.498
3111,16.761324,8.565
3112,16.763882,2.558
3113,16.767125,3.243
3114,16.769724,2.599
3115,16.772346,2.622
3116,16.780931,8.585
3117,16.784243,3.312
3118,16.786562,2.319
3119,16.79563,9.068
3120,16.798162,2.532
3121,16.801335,3.173
3122,16.80434,3.005
3123,16.807317,2.977
3124,16.809834,2.517
3125,16.81486,5.026
3126,16.818389,3.529
3127,16.822301,3.912
3128,16.824898,2.597
3129,16.827963,3.065
3130,16.830266,2.303
3131,16.839252,8.986
3132,16.841985,2.733
3133,16.846484,4.499
3134,16.848975,2.491
3135,16.851468,2.493
3136,16.858863,7.395
3137,16.862425,3.562
3138,16.865486,3.061
3139,16.867748,2.262
3140,16.875771,8.023
3141,16.879154,3.383
3142,16.881908,2.754
3143,16.885122,3.214
3144,16.88923,4.108
3145,16.896002,6.772
3146,16.898307,2.305
3147,16.900581,2.274
3148,16.909817,9.236
3149,16.913218,3.401
3150,16.915797,2.579
3151,16.919173,3.376
3152,16.922077,2.904
3153,16.930172,8.095
3154,16.932922,2.75
3155,16.935196,2.274
3156,16.943874,8.678
3157,16.947088,3.214
3158,16.949692,2.604
3159,16.953296,3.604
3160,16.956733,3.437
3161,16.964065,7.332
3162,16.966302,2.237
3163,16.968218,1.916
3164,16.977927,9.709
3165,16.981484,3.557
3166,16.984057,2.573
3167,16.987338,3.281
3168,16.992232,4.894
3169,16.998218,5.986
3170,17.000734,2.516
3171,17.002973,2.239
3172,17.012175,9.202
3173,17.01555,3.375
3174,17.019169,3.619
3175,17.023042,3.873
3176,17.025782,2.74
3177,17.030886,5.104
3178,17.03402,3.134
3179,17.040736,6.716
3180,17.043362,2.626
3181,17.046648,3.286
3182,17.049477,2.829
3183,17.052103,2.626
3184,17.056449,4.346
3185,17.06037,3.921
3186,17.063011,2.641
3187,17.065306,2.295
3188,17.073368,8.062
3189,17.07605,2.682
3190,17.079383,3.333
3191,17.082547,3.164
3192,17.085074,2.527
3193,17.092787,7.713
3194,17.096313,3.526
3195,17.099748,3.435
3196,17.102415,2.667
3197,17.109998,7.583
3198,17.113754,3.756
3199,17.116709,2.955
3200,17.119389,2.68
3201,17.127033,7.644
3202,17.130507,3.474
3203,17.133894,3.387
3204,17.136432,2.538
3205,17.144256,7.824
3206,17.148072,3.816
3207,17.150701,2.629
3208,17.15325,2.549
3209,17.161264,8.014
3210,17.166305,5.041
3211,17.169174,2.869
3212,17.172735,3.561
3213,17.178068,5.333
3214,17.182975,4.907
3215,17.185443,2.468
3216,17.192798,7.355
3217,17.195666,2.868
3218,17.199221,3.555
3219,17.201872,2.651
3220,17.204398,2.526
3221,17.212294,7.896
3222,17.215688,3.394
3223,17.218249,2.561
3224,17.227059,8.81
3225,17.230047,2.988
3226,17.234389,4.342
3227,17.237008,2.619
3228,17.239669,2.661
3229,17.246502,6.833
3230,17.249602,3.1
3231,17.252088,2.486
3232,17.262081,9.993
3233,17.265344,3.263
3234,17.268986,3.642
3235,17.271939,2.953
3236,17.274799,2.86
3237,17.280338,5.539
3238,17.284825,4.487
3239,17.28839,3.565
3240,17.291856,3.466
3241,17.295209,3.353
3242,17.298744,3.535
3243,17.30254,3.796
3244,17.306483,3.943
3245,17.310407,3.924
3246,17.313881,3.474
3247,17.316744,2.863
3248,17.323505,6.761
3249,17.326456,2.951
3250,17.329964,3.508
3251,17.332547,2.583
3252,17.33488,2.333
3253,17.34282,7.94
3254,17.347887,5.067
3255,17.350696,2.809
3256,17.35334,2.644
3257,17.360179,6.839
3258,17.364293,4.114
3259,17.366696,2.403
3260,17.370857,4.161
3261,17.377155,6.298
3262,17.380566,3.411
3263,17.38304,2.474
3264,17.385495,2.455
3265,17.39424,8.745
3266,17.397729,3.489
3267,17.400453,2.724
3268,17.402698,2.245
3269,17.411476,8.778
3270,17.414723,3.247
3271,17.417167,2.444
3272,17.419728,2.561
3273,17.428435,8.707
3274,17.431758,3.323
3275,17.434691,2.933
3276,17.436982,2.291
3277,17.445621,8.639
3278,17.449699,4.078
3279,17.452348,2.649
3280,17.456759,4.411
3281,17.462273,5.514
3282,17.465688,3.415
3283,17.468868,3.18
3284,17.47132,2.452
3285,17.479378,8.058
3286,17.482631,3.253
3287,17.485102,2.471
3288,17.494005,8.903
3289,17.496928,2.923
3290,17.500294,3.366
3291,17.502599,2.305
3292,17.504819,2.22
3293,17.513564,8.745
3294,17.518538,4.974
3295,17.521287,2.749
3296,17.527025,5.738
3297,17.530401,3.376
3298,17.537331,6.93
3299,17.540104,2.773
3300,17.542501,2.397
3301,17.546306,3.805
3302,17.549698,3.392
3303,17.552362,2.664
3304,17.554884,2.522
3305,17.559199,4.315
3306,17.562304,3.105
3307,17.564578,2.274
3308,17.571984,7.406
3309,17.574851,2.867
3310,17.578174,3.323
3311,17.580502,2.328
3312,17.582762,2.26
3313,17.591378,8.616
3314,17.595078,3.7
3315,17.598147,3.069
3316,17.602274,4.127
3317,17.604683,2.409
3318,17.611304,6.621
3319,17.613756,2.452
3320,17.615826,2.07
3321,17.625213,9.387
3322,17.628947,3.734
3323,17.631769,2.822
3324,17.634454,2.685
3325,17.636912,2.458
3326,17.645849,8.937
3327,17.648195,2.346
3328,17.650323,2.128
3329,17.656319,5.996
3330,17.66267,6.351
3331,17.665367,2.697
3332,17.668812,3.445
3333,17.67125,2.438
3334,17.679602,8.352
3335,17.682127,2.525
3336,17.684328,2.201
3337,17.693638,9.31
3338,17.697313,3.675
3339,17.699956,2.643
3340,17.703393,3.437
3341,17.705888,2.495
3342,17.713826,7.938
3343,17.716318,2.492
3344,17.718696,2.378
3345,17.727627,8.931
3346,17.731373,3.746
3347,17.73407,2.697
3348,17.737809,3.739
3349,17.740167,2.358
3350,17.748018,7.851
3351,17.750374,2.356
3352,17.752554,2.18
3353,17.761911,9.357
3354,17.765828,3.917
3355,17.768881,3.053
3356,17.773163,4.282
3357,17.775634,2.471
3358,17.779339,3.705
3359,17.781798,2.459
3360,17.787089,5.291
3361,17.789678,2.589
3362,17.792704,3.026
3363,17.796963,4.259
3364,17.799381,2.418
3365,17.806457,7.076
3366,17.809078,2.621
3367,17.813163,4.085
3368,17.815646,2.483
3369,17.818129,2.483
3370,17.826109,7.98
3371,17.829525,3.416
3372,17.832947,3.422
3373,17.835211,2.264
3374,17.842935,7.724
3375,17.84641,3.475
3376,17.849238,2.828
3377,17.851796,2.558
3378,17.854389,2.593
3379,17.863244,8.855
3380,17.86632,3.076
3381,17.868538,2.218
3382,17.877101,8.563
3383,17.880527,3.426
3384,17.883852,3.325
3385,17.888046,4.194
3386,17.890545,2.499
3387,17.897224,6.679
3388,17.899872,2.648
3389,17.905574,5.702
3390,17.910961,5.387
3391,17.91439,3.429
3392,17.918025,3.635
3393,17.920668,2.643
3394,17.924559,3.891
3395,17.927738,3.179
3396,17.930362,2.624
3397,17.93593,5.568
3398,17.939081,3.151
3399,17.94153,2.449
3400,17.945411,3.881
3401,17.947845,2.434
3402,17.955642,7.797
3403,17.958216,2.574
3404,17.962883,4.667
3405,17.967022,4.139
3406,17.970429,3.407
3407,17.974752,4.323
3408,17.978186,3.434
3409,17.980659,2.473
3410,17.982804,2.145
3411,17.992177,9.373
3412,17.99572,3.543
3413,17.998282,2.562
3414,18.001623,3.341
3415,18.004154,2.531
3416,18.012252,8.098
3417,18.014386,2.134
3418,18.016269,1.883
3419,18.026297,10.028
3420,18.030083,3.786
3421,18.032958,2.875
3422,18.036281,3.323
3423,18.039065,2.784
3424,18.046307,7.242
3425,18.04962,3.313
3426,18.051982,2.362
3427,18.057212,5.23
3428,18.063244,6.032
3429,18.065827,2.583
3430,18.068271,2.444
3431,18.071108,2.837
3432,18.080513,9.405
3433,18.083198,2.685
3434,18.085637,2.439
3435,18.094405,8.768
3436,18.099164,4.759
3437,18.101874,2.71
3438,18.105252,3.378
3439,18.107479,2.227
3440,18.114381,6.902
3441,18.116848,2.467
3442,18.126051,9.203
3443,18.128669,2.618
3444,18.133921,5.252
3445,18.137262,3.341
3446,18.13975,2.488
3447,18.142823,3.073
3448,18.14641,3.587
3449,18.149016,2.606
3450,18.157902,8.886
3451,18.160469,2.567
3452,18.163726,3.257
3453,18.166118,2.392
3454,18.168904,2.786
3455,18.176174,7.27
3456,18.180794,4.62
3457,18.182885,2.091
3458,18.185711,2.826
3459,18.193192,7.481
3460,18.196773,3.581
3461,18.199199,2.426
3462,18.201774,2.575
3463,18.210257,8.483
3464,18.213643,3.386
3465,18.21699,3.347
3466,18.219412,2.422
3467,18.227326,7.914
3468,18.230553,3.227
3469,18.232945,2.392
3470,18.235213,2.268
3471,18.24445,9.237
3472,18.247585,3.135
3473,18.250447,2.862
3474,18.253585,3.138
3475,18.256175,2.59
3476,18.264859,8.684
3477,18.267052,2.193
3478,18.269051,1.999
3479,18.278677,9.626
3480,18.282425,3.748
3481,18.285448,3.023
3482,18.288796,3.348
3483,18.291357,2.561
3484,18.294548,3.191
3485,18.297204,2.656
3486,18.302969,5.765
3487,18.306453,3.484
3488,18.311266,4.813
3489,18.313503,2.237
3490,18.315815,2.312
3491,18.322383,6.568
3492,18.325188,2.805
3493,18.328232,3.044
3494,18.331755,3.523
3495,18.334382,2.627
3496,18.341846,7.464
3497,18.34538,3.534
3498,18.347589,2.209
3499,18.349764,2.175
3500,18.355664,5.9
3501,18.361892,6.228
3502,18.364409,2.517
3503,18.368016,3.607
3504,18.370385,2.369
3505,18.379103,8.718
3506,18.381869,2.766
3507,18.384184,2.315
3508,18.393185,9.001
3509,18.39799,4.805
3510,18.402003,4.013
3511,18.405778,3.775
3512,18.409683,3.905
3513,18.417872,8.189
3514,18.422173,4.301
3515,18.425933,3.76
3516,18.430277,4.344
3517,18.434417,4.14
3518,18.43835,3.933
3519,18.441484,3.134
3520,18.445068,3.584
3521,18.448665,3.597
3522,18.45162,2.955
3523,18.458182,6.562
3524,18.461576,3.394
3525,18.465447,3.871
3526,18.469262,3.815
3527,18.475202,5.94
3528,18.478497,3.295
3529,18.481869,3.372
3530,18.486511,4.642
3531,18.492055,5.544
3532,18.494995,2.94
3533,18.498167,3.172
3534,18.50179,3.623
3535,18.508909,7.119
3536,18.512811,3.902
3537,18.516325,3.514
3538,18.51903,2.705
3539,18.52607,7.04
3540,18.528838,2.768
3541,18.532404,3.566
3542,18.535286,2.882
3543,18.543013,7.727
3544,18.546264,3.251
3545,18.550569,4.305
3546,18.552932,2.363
3547,18.560033,7.101
3548,18.562778,2.745
3549,18.566526,3.748
3550,18.569024,2.498
3551,18.57719,8.166
3552,18.580199,3.009
3553,18.584359,4.16
3554,18.587327,2.968
3555,18.594246,6.919
3556,18.598214,3.968
3557,18.601162,2.948
3558,18.605933,4.771
3559,18.61134,5.407
3560,18.61469,3.35
3561,18.617891,3.201
3562,18.620337,2.446
3563,18.628399,8.062
3564,18.630694,2.295
3565,18.633647,2.953
3566,18.643196,9.549
3567,18.646288,3.092
3568,18.649336,3.048
3569,18.652478,3.142
3570,18.654881,2.403
3571,18.66252,7.639
3572,18.665048,2.528
3573,18.667852,2.804
3574,18.677339,9.487
3575,18.679891,2.552
3576,18.683781,3.89
3577,18.687332,3.551
3578,18.689957,2.625
3579,18.692973,3.016
3580,18.696222,3.249
3581,18.699479,3.257
3582,18.704715,5.236
3583,18.707121,2.406
3584,18.70988,2.759
3585,18.714758,4.878
3586,18.717247,2.489
3587,18.724072,6.825
3588,18.72651,2.438
3589,18.730429,3.919
3590,18.732985,2.556
3591,18.741096,8.111
3592,18.743717,2.621
3593,18.748223,4.506
3594,18.75205,3.827
3595,18.754643,2.593
3596,18.760522,5.879
3597,18.76367,3.148
3598,18.766117,2.447
3599,18.775209,9.092
3600,18.778336,3.127
3601,18.781745,3.409
3602,18.784179,2.434
3603,18.787356,3.177
3604,18.794806,7.45
3605,18.797715,2.909
3606,18.79969,1.975
3607,18.806409,6.719
3608,18.811726,5.317
3609,18.81536,3.634
3610,18.817982,2.622
3611,18.82064,2.658
3612,18.82875,8.11
3613,18.831921,3.171
3614,18.834189,2.268
3615,18.843394,9.205
3616,18.847454,4.06
3617,18.850592,3.138
3618,18.853409,2.817
3619,18.856356,2.947
3620,18.862957,6.601
3621,18.866133,3.176
3622,18.868821,2.688
3623,18.877793,8.972
3624,18.880404,2.611
3625,18.885081,4.677
3626,18.887684,2.603
3627,18.890931,3.247
3628,18.893608,2.677
3629,18.89666,3.052
3630,18.90246,5.8
3631,18.905537,3.077
3632,18.909038,3.501
3633,18.912345,3.307
3634,18.914685,2.34
3635,18.922019,7.334
3636,18.926308,4.289
3637,18.929316,3.008
3638,18.93167,2.354
3639,18.934159,2.489
3640,18.941596,7.437
3641,18.944753,3.157
3642,18.946952,2.199
3643,18.9491550000001,2.203
3644,18.9585870000001,9.432
3645,18.9616760000001,3.089
3646,18.964374,2.698
3647,18.967893,3.519
3648,18.970187,2.294
3649,18.978748,8.561
3650,18.981094,2.346
3651,18.983206,2.112
3652,18.992974,9.768
3653,18.996367,3.393
3654,18.999273,2.906
3655,19.001817,2.544
3656,19.003974,2.157
3657,19.0128780000001,8.904
3658,19.0154130000001,2.535
3659,19.0175000000001,2.087
3660,19.0236580000001,6.158
3661,19.0330860000001,9.428
3662,19.0358750000001,2.789
3663,19.0382570000001,2.382
3664,19.0419060000001,3.649
3665,19.0470000000001,5.094
3666,19.0496610000001,2.661
3667,19.0527890000001,3.128
3668,19.055542,2.753
3669,19.058677,3.135
3670,19.062046,3.369
3671,19.064482,2.436
3672,19.071295,6.813
3673,19.073722,2.427
3674,19.0770610000001,3.339
3675,19.079182,2.121
3676,19.081311,2.129
3677,19.0908440000001,9.533
3678,19.0952970000001,4.453
3679,19.0988070000001,3.51
3680,19.1024120000001,3.605
3681,19.107657,5.245
3682,19.1111520000001,3.495
3683,19.114285,3.133
3684,19.116704,2.419
3685,19.124752,8.048
3686,19.128145,3.393
3687,19.130718,2.573
3688,19.132845,2.127
3689,19.1386700000001,5.825
3690,19.1452440000001,6.574
3691,19.1477420000001,2.498
3692,19.1511090000001,3.367
3693,19.1532050000001,2.096
3694,19.1622330000001,9.028
3695,19.1645780000001,2.345
3696,19.1668210000001,2.243
3697,19.1758280000001,9.007
3698,19.1797220000001,3.894
3699,19.182226,2.504
3700,19.185657,3.431
3701,19.188001,2.344
3702,19.196185,8.184
3703,19.198593,2.408
3704,19.200769,2.176
3705,19.210006,9.237
3706,19.213736,3.73
3707,19.216742,3.006
3708,19.220022,3.28
3709,19.22312,3.098
3710,19.225699,2.579
3711,19.229132,3.433
3712,19.2341790000001,5.047
3713,19.2367300000001,2.551
3714,19.239286,2.556
3715,19.242195,2.909
3716,19.244383,2.188
3717,19.253763,9.38
3718,19.2567950000001,3.032
3719,19.2594880000001,2.693
3720,19.263482,3.994
3721,19.266332,2.85
3722,19.273211,6.879
3723,19.275754,2.543
3724,19.278754,3.0
3725,19.2819,3.146
3726,19.284124,2.224
3727,19.292856,8.732
3728,19.295859,3.003
3729,19.298795,2.936
3730,19.30228,3.485
3731,19.304582,2.302
3732,19.313048,8.466
3733,19.315884,2.836
3734,19.318035,2.151
3735,19.326934,8.899
3736,19.332222,5.288
3737,19.334825,2.603
3738,19.337855,3.03
3739,19.340328,2.473
3740,19.34396,3.632
3741,19.346114,2.154
3742,19.351748,5.634
3743,19.354568,2.82
3744,19.356841,2.273
3745,19.361757,4.916
3746,19.364206,2.449
3747,19.371604,7.398
3748,19.374194,2.59
3749,19.377994,3.8
3750,19.380381,2.387
3751,19.382462,2.081
3752,19.390675,8.213
3753,19.394551,3.876
3754,19.396844,2.293
3755,19.399918,3.074
3756,19.402481,2.563
3757,19.411168,8.687
3758,19.413602,2.434
3759,19.415582,1.98
3760,19.421933,6.351
3761,19.428381,6.448
3762,19.431118,2.737
3763,19.434041,2.923
3764,19.436678,2.637
3765,19.445223,8.545
3766,19.44751,2.287
3767,19.449655,2.145
3768,19.459126,9.471
3769,19.462757,3.631
3770,19.465567,2.81
3771,19.469038,3.471
3772,19.471484,2.446
3773,19.479306,7.822
3774,19.482712,3.406
3775,19.484853,2.141
3776,19.493359,8.506
3777,19.496727,3.368
3778,19.499361,2.634
3779,19.504515,5.154
3780,19.507074,2.559
3781,19.509126,2.052
3782,19.512075,2.949
3783,19.514316,2.241
3784,19.519911,5.595
3785,19.523944,4.033
3786,19.527306,3.362
3787,19.529535,2.229
3788,19.53162,2.085
3789,19.53935,7.73
3790,19.541901,2.551
3791,19.544968,3.067
3792,19.547351,2.383
3793,19.549831,2.48
3794,19.559118,9.287
3795,19.56239,3.272
3796,19.565641,3.251
3797,19.567739,2.098
3798,19.572916,5.177
3799,19.579201,6.285
3800,19.581673,2.472
3801,19.584025,2.352
3802,19.586202,2.177
3803,19.59625,10.048
3804,19.598492,2.242
3805,19.60065,2.158
3806,19.609083,8.433
3807,19.613321,4.238
3808,19.61607,2.749
3809,19.619258,3.188
3810,19.621922,2.664
3811,19.624492,2.57
3812,19.62779,3.298
3813,19.630265,2.475
3814,19.637765,7.5
3815,19.640065,2.3
3816,19.644415,4.35
3817,19.646677,2.262
3818,19.648755,2.078
3819,19.657101,8.346
3820,19.660802,3.701
3821,19.663656,2.854
3822,19.667057,3.401
3823,19.66959,2.533
3824,19.677333,7.743
3825,19.680605,3.272
3826,19.682589,1.984
3827,19.688473,5.884
3828,19.69469,6.217
3829,19.697221,2.531
3830,19.700991,3.77
3831,19.703458,2.467
3832,19.711443,7.985
3833,19.713645,2.202
3834,19.715803,2.158
3835,19.725415,9.612
3836,19.729787,4.372
3837,19.733056,3.269
3838,19.735934,2.878
3839,19.738733,2.799
3840,19.745449,6.716
3841,19.747697,2.248
3842,19.755875,8.178
3843,19.7593220000001,3.447
3844,19.762469,3.147
3845,19.7658090000001,3.34
3846,19.7681320000001,2.323
3847,19.7767660000001,8.634
3848,19.7801430000001,3.377
3849,19.7826690000001,2.526
3850,19.7849460000001,2.277
3851,19.7936250000001,8.679
3852,19.7968950000001,3.27
3853,19.7993500000001,2.455
3854,19.8029260000001,3.576
3855,19.8051770000001,2.251
3856,19.8139790000001,8.802
3857,19.8160030000001,2.024
3858,19.8180400000001,2.037
3859,19.8278100000001,9.77
3860,19.8314710000001,3.661
3861,19.8343160000001,2.845
3862,19.8377560000001,3.44
3863,19.8400940000001,2.338
3864,19.8428280000001,2.734
3865,19.8459290000001,3.101
3866,19.8518940000001,5.965
3867,19.8550820000001,3.188
3868,19.8576850000001,2.603
3869,19.8615640000001,3.879
3870,19.8640600000001,2.496
3871,19.8713750000001,7.315
3872,19.8739510000001,2.576
3873,19.8783210000001,4.37
3874,19.8810190000001,2.698
3875,19.8835000000001,2.481
3876,19.8909840000001,7.484
3877,19.8947460000001,3.762
3878,19.8971530000001,2.407
3879,19.8994820000001,2.329
3880,19.9078530000001,8.371
3881,19.9113650000001,3.512
3882,19.9144240000001,3.059
3883,19.9166400000001,2.216
3884,19.9250050000001,8.365
3885,19.9284100000001,3.405
3886,19.9311710000001,2.761
3887,19.9343250000001,3.154
3888,19.9368480000001,2.523
3889,19.9456410000001,8.793
3890,19.9480770000001,2.436
3891,19.9501940000001,2.117
3892,19.9590370000001,8.843
3893,19.9623380000001,3.301
3894,19.9659160000001,3.578
3895,19.9683440000001,2.428
3896,19.9705370000001,2.193
3897,19.9794020000001,8.865
3898,19.9820480000001,2.646
3899,19.9839990000001,1.951
3900,19.9899630000001,5.964
3901,19.9963280000001,6.365
3902,19.9992380000001,2.91
3903,20.0024640000001,3.226
3904,20.0050110000001,2.547
3905,20.0092410000001,4.23
3906,20.0127570000001,3.516
3907,20.0153070000001,2.55
3908,20.0207980000001,5.491
3909,20.0238400000001,3.042
3910,20.0272380000001,3.398
3911,20.0295880000001,2.35
3912,20.0316170000001,2.029
3913,20.0404030000001,8.786
3914,20.0427050000001,2.302
3915,20.0462240000001,3.519
3916,20.0493190000001,3.095
3917,20.0517990000001,2.48
3918,20.0596740000001,7.875
3919,20.0627020000001,3.028
3920,20.0646650000001,1.963
3921,20.0744190000001,9.754
3922,20.0768750000001,2.456
3923,20.0801410000001,3.266
3924,20.0828360000001,2.695
3925,20.0852280000001,2.392
3926,20.0941400000001,8.912
3927,20.0980030000001,3.863
3928,20.1002700000001,2.267
3929,20.1074060000001,7.136
3930,20.1109700000001,3.564
3931,20.1143740000001,3.404
3932,20.1169270000001,2.553
3933,20.1190390000001,2.112
3934,20.1280920000001,9.053
3935,20.1310320000001,2.94
3936,20.1333620000001,2.33
3937,20.1414840000001,8.122
3938,20.1457220000001,4.238
3939,20.1520500000001,6.328
3940,20.1548350000001,2.785
3941,20.1571430000001,2.308
3942,20.160829,3.686
3943,20.164333,3.504
3944,20.1670610000001,2.728
3945,20.171121,4.06
3946,20.1736760000001,2.555
3947,20.177436,3.76
3948,20.179781,2.345
3949,20.187001,7.22
3950,20.18967,2.669
3951,20.193935,4.265
3952,20.196389,2.454
3953,20.1985910000001,2.202
3954,20.2060700000001,7.479
3955,20.2085550000001,2.485
3956,20.2133000000001,4.745
3957,20.215501,2.201
3958,20.2190340000001,3.533
3959,20.2253010000001,6.267
3960,20.2293350000001,4.034
3961,20.2316830000001,2.348
3962,20.2339430000001,2.26
3963,20.2423140000001,8.371
3964,20.2455420000001,3.228
3965,20.2488380000001,3.296
3966,20.2514850000001,2.647
3967,20.2599340000001,8.449
3968,20.2639780000001,4.044
3969,20.2673850000001,3.407
3970,20.270515,3.13
3971,20.27744,6.925
3972,20.282953,5.513
3973,20.288137,5.184
3974,20.2910140000001,2.877
3975,20.2965820000001,5.568
3976,20.3002110000001,3.629
3977,20.3033490000001,3.138
3978,20.3071400000001,3.791
3979,20.310274,3.134
3980,20.3144600000001,4.186
3981,20.316968,2.508
3982,20.319478,2.51
3983,20.3219290000001,2.451
3984,20.3245910000001,2.662
3985,20.3278600000001,3.269
3986,20.3363860000001,8.526
3987,20.339399,3.013
3988,20.341856,2.457
3989,20.351339,9.483
3990,20.354346,3.007
3991,20.3567590000001,2.413
3992,20.360667,3.908
3993,20.363453,2.786
3994,20.371867,8.414
3995,20.37431,2.443
3996,20.378265,3.955
3997,20.381547,3.282
3998,20.383796,2.249
3999,20.392372,8.576
4000,20.394909,2.537
4001,20.397845,2.936
4002,20.406847,9.002
4003,20.409955,3.108
4004,20.412628,2.673
4005,20.415493,2.865
4006,20.417971,2.478
4007,20.426641,8.67
4008,20.429788,3.147
4009,20.432669,2.881
4010,20.441161,8.492
4011,20.443801,2.64
4012,20.44629,2.489
4013,20.450063,3.773
4014,20.45258,2.517
4015,20.460538,7.958
4016,20.462877,2.339
4017,20.465777,2.9
4018,20.47202,6.243
4019,20.477489,5.469
4020,20.480101,2.612
4021,20.483427,3.326
4022,20.485542,2.115
4023,20.494669,9.127
4024,20.497019,2.35
4025,20.499829,2.81
4026,20.508033,8.204
4027,20.511597,3.564
4028,20.514767,3.17
4029,20.51819,3.423
4030,20.520897,2.707
4031,20.524536,3.639
4032,20.526691,2.155
4033,20.534346,7.655
4034,20.53704,2.694
4035,20.540025,2.985
4036,20.542655,2.63
4037,20.545391,2.736
4038,20.553249,7.858
4039,20.555625,2.376
4040,20.558526,2.901
4041,20.561461,2.935
4042,20.564058,2.597
4043,20.572453,8.395
4044,20.574893,2.44
4045,20.578058,3.165
4046,20.580676,2.618
4047,20.583036,2.36
4048,20.592348,9.312
4049,20.596158,3.81
4050,20.598405,2.247
4051,20.6056670000001,7.262
4052,20.6092930000001,3.626
4053,20.6132740000001,3.981
4054,20.6156490000001,2.375
4055,20.6178540000001,2.205
4056,20.6264900000001,8.636
4057,20.629782,3.292
4058,20.632145,2.363
4059,20.63441,2.265
4060,20.636623,2.213
4061,20.6469230000001,10.3
4062,20.649251,2.328
4063,20.651186,1.935
4064,20.659568,8.382
4065,20.664011,4.443
4066,20.666577,2.566
4067,20.669763,3.186
4068,20.6728710000001,3.108
4069,20.6755190000001,2.648
4070,20.6787920000001,3.273
4071,20.684925,6.133
4072,20.6874870000001,2.562
4073,20.690817,3.33
4074,20.695404,4.587
4075,20.698338,2.934
4076,20.704479,6.141
4077,20.706898,2.419
4078,20.7105490000001,3.651
4079,20.7129110000001,2.362
4080,20.7214960000001,8.585
4081,20.7240370000001,2.541
4082,20.7275330000001,3.496
4083,20.7300590000001,2.526
4084,20.732356,2.297
4085,20.741462,9.106
4086,20.744504,3.042
4087,20.746488,1.984
4088,20.748697,2.209
4089,20.758215,9.518
4090,20.761578,3.363
4091,20.764024,2.446
4092,20.766326,2.302
4093,20.7685880000001,2.262
4094,20.7784290000001,9.841
4095,20.7806930000001,2.264
4096,20.7826660000001,1.973
4097,20.7909970000001,8.331
4098,20.7955670000001,4.57
4099,20.7982750000001,2.708
4100,20.8015630000001,3.288
4101,20.8041180000001,2.555
4102,20.8066710000001,2.553
4103,20.8097270000001,3.056
4104,20.8166590000001,6.932
4105,20.8194270000001,2.768
4106,20.8216610000001,2.234
4107,20.8262480000001,4.587
4108,20.8288490000001,2.601
4109,20.8366330000001,7.784
4110,20.8391980000001,2.565
4111,20.8438070000001,4.609
4112,20.8460020000001,2.195
4113,20.8484670000001,2.465
4114,20.8555970000001,7.13
4115,20.8579930000001,2.396
4116,20.8610490000001,3.056
4117,20.8638040000001,2.755
4118,20.8726670000001,8.863
4119,20.8751480000001,2.481
4120,20.8784980000001,3.35
4121,20.8806420000001,2.144
4122,20.8897410000001,9.099
4123,20.8928000000001,3.059
4124,20.8972700000001,4.47
4125,20.9000200000001,2.75
4126,20.9026040000001,2.584
4127,20.9092710000001,6.667
4128,20.9130210000001,3.75
4129,20.9151120000001,2.091
4130,20.9238590000001,8.747
4131,20.9262510000001,2.392
4132,20.9295810000001,3.33
4133,20.9321500000001,2.569
4134,20.9344350000001,2.285
4135,20.9433210000001,8.886
4136,20.9464950000001,3.174
4137,20.9487510000001,2.256
4138,20.9567790000001,8.028
4139,20.9603230000001,3.544
4140,20.9638480000001,3.525
4141,20.9663020000001,2.454
4142,20.9685080000001,2.206
4143,20.9774800000001,8.972
4144,20.9805460000001,3.066
4145,20.9826490000001,2.103
4146,20.9910740000001,8.425
4147,20.9946880000001,3.614
4148,20.9984710000001,3.783
4149,21.0014830000001,3.012
4150,21.0047460000001,3.263
4151,21.0073140000001,2.568
4152,21.0103310000001,3.017
4153,21.0165900000001,6.259
4154,21.0190920000001,2.502
4155,21.0214830000001,2.391
4156,21.0237380000001,2.255
4157,21.0266620000001,2.924
4158,21.0367300000001,10.068
4159,21.0410290000001,4.299
4160,21.0458420000001,4.813
4161,21.0511310000001,5.289
4162,21.0541880000001,3.057
4163,21.0575760000001,3.388
4164,21.0603600000001,2.784
4165,21.0649410000001,4.581
4166,21.0736530000001,8.712
4167,21.0778360000001,4.183
4168,21.0821910000001,4.355
4169,21.0884810000001,6.29
4170,21.0917460000001,3.265
4171,21.0959360000001,4.19
4172,21.1031760000001,7.24
4173,21.1064350000001,3.259
4174,21.1136760000001,7.241
4175,21.1193280000001,5.652
4176,21.1248620000001,5.534
4177,21.1338200000001,8.958
4178,21.1445000000001,10.68
4179,21.1562910000001,11.791
4180,21.1620220000001,5.731
4181,21.1680440000001,6.022
4182,21.1728000000001,4.756
4183,21.1778560000001,5.056
4184,21.1811000000001,3.244
4185,21.1840640000001,2.964
4186,21.1881550000001,4.091
4187,21.1909250000001,2.77
4188,21.1942470000001,3.322
4189,21.1970040000001,2.757
4190,21.1993330000001,2.329
4191,21.2025730000001,3.24
4192,21.2048490000001,2.276
4193,21.2068180000001,1.969
4194,21.2161960000001,9.378
4195,21.2198500000001,3.654
4196,21.2227800000001,2.93
4197,21.2252250000001,2.445
4198,21.2272240000001,1.999
4199,21.2357300000001,8.506
4200,21.2389440000001,3.214
4201,21.2413300000001,2.386
4202,21.2450670000001,3.737
4203,21.2473310000001,2.264
4204,21.2557190000001,8.388
4205,21.2581760000001,2.457
4206,21.2615900000001,3.414
4207,21.2639120000001,2.322
4208,21.2721210000001,8.209
4209,21.2756200000001,3.499
4210,21.2782220000001,2.602
4211,21.2806180000001,2.396
4212,21.2892900000001,8.672
4213,21.2931190000001,3.829
4214,21.2955220000001,2.403
4215,21.2978260000001,2.304
4216,21.3064320000001,8.606
4217,21.3086720000001,2.24
4218,21.3124270000001,3.755
4219,21.3149200000001,2.493
4220,21.3234090000001,8.489
4221,21.3259520000001,2.543
4222,21.3293300000001,3.378
4223,21.3315700000001,2.24
4224,21.3404470000001,8.877
4225,21.3427960000001,2.349
4226,21.3457010000001,2.905
4227,21.3482950000001,2.594
4228,21.3574780000001,9.183
4229,21.3600520000001,2.574
4230,21.3631460000001,3.094
4231,21.3654150000001,2.269
4232,21.3742830000001,8.868
4233,21.3775240000001,3.241
4234,21.3808620000001,3.338
4235,21.3830530000001,2.191
4236,21.3850860000001,2.033
4237,21.3939570000001,8.871
4238,21.3976380000001,3.681
4239,21.3997420000001,2.104
4240,21.4072550000001,7.513
4241,21.4110330000001,3.778
4242,21.4143520000001,3.319
4243,21.4170040000001,2.652
4244,21.4194910000001,2.487
4245,21.4219560000001,2.465
4246,21.4240380000001,2.082
4247,21.4337940000001,9.756
4248,21.4362210000001,2.427
4249,21.4386190000001,2.398
4250,21.4411160000001,2.497
4251,21.4439490000001,2.833
4252,21.4524450000001,8.496
4253,21.4557090000001,3.264
4254,21.4581750000001,2.466
4255,21.4610990000001,2.924
4256,21.4634370000001,2.338
4257,21.4719600000001,8.523
4258,21.4750520000001,3.092
4259,21.4782710000001,3.219
4260,21.4805790000001,2.308
4261,21.4891590000001,8.58
4262,21.4916920000001,2.533
4263,21.4958450000001,4.153
4264,21.4981810000001,2.336
4265,21.5002730000001,2.092
4266,21.5085700000001,8.297
4267,21.5114320000001,2.862
4268,21.5135140000001,2.082
4269,21.5232770000001,9.763
4270,21.5257640000001,2.487
4271,21.5295450000001,3.781
4272,21.5316900000001,2.145
4273,21.5340040000001,2.314
4274,21.5425840000001,8.58
4275,21.5455490000001,2.965
4276,21.5477550000001,2.206
4277,21.5574290000001,9.674
4278,21.5603480000001,2.919
4279,21.5634950000001,3.147
4280,21.5654920000001,1.997
4281,21.5677380000001,2.246
4282,21.5768540000001,9.116
4283,21.5804630000001,3.609
4284,21.5826090000001,2.146
4285,21.5901360000001,7.527
4286,21.5939870000001,3.851
4287,21.5976840000001,3.697
4288,21.6001550000001,2.471
4289,21.6037270000001,3.572
4290,21.6062410000001,2.514
4291,21.6089580000001,2.717
4292,21.6116880000001,2.73
4293,21.6180890000001,6.401
4294,21.6209900000001,2.901
4295,21.6247880000001,3.798
4296,21.6279430000001,3.155
4297,21.6310840000001,3.141
4298,21.6377200000001,6.636
4299,21.6400030000001,2.283
4300,21.6426820000001,2.679
4301,21.6454850000001,2.803
4302,21.6548000000001,9.315
4303,21.6579950000001,3.195
4304,21.6608280000001,2.833
4305,21.6639460000001,3.118
4306,21.6662100000001,2.264
4307,21.6743570000001,8.147
4308,21.6772630000001,2.906
4309,21.6805120000001,3.249
4310,21.6824430000001,1.931
4311,21.6914670000001,9.024
4312,21.6951320000001,3.665
4313,21.6983310000001,3.199
4314,21.7005630000001,2.232
4315,21.7026340000001,2.071
4316,21.7110120000001,8.378
4317,21.7140220000001,3.01
4318,21.7162770000001,2.255
4319,21.7258070000001,9.53
4320,21.7284370000001,2.63
4321,21.7322000000001,3.763
4322,21.7352050000001,3.005
4323,21.7383380000001,3.133
4324,21.7410230000001,2.685
4325,21.7438120000001,2.789
4326,21.7499600000001,6.148
4327,21.7527660000001,2.806
4328,21.7553620000001,2.596
4329,21.7580120000001,2.65
4330,21.7608040000001,2.792
4331,21.7697800000001,8.976
4332,21.7722580000001,2.478
4333,21.7753920000001,3.134
4334,21.7786100000001,3.218
4335,21.7810990000001,2.489
4336,21.7892260000001,8.127
4337,21.7916060000001,2.38
4338,21.7952560000001,3.65
4339,21.7980750000001,2.819
4340,21.8063390000001,8.264
4341,21.8090370000001,2.698
4342,21.8122130000001,3.176
4343,21.8144980000001,2.285
4344,21.8234090000001,8.911
4345,21.8258160000001,2.407
4346,21.8287380000001,2.922
4347,21.8310550000001,2.317
4348,21.8375750000001,6.52
4349,21.8430390000001,5.464
4350,21.8463600000001,3.321
4351,21.8486030000001,2.243
4352,21.8506980000001,2.095
4353,21.8567100000001,6.012
4354,21.8630230000001,6.313
4355,21.8658240000001,2.801
4356,21.8690400000001,3.216
4357,21.8710960000001,2.056
4358,21.8805470000001,9.451
4359,21.8829670000001,2.42
4360,21.8863710000001,3.404
4361,21.8888280000001,2.457
4362,21.8915960000001,2.768
4363,21.8947730000001,3.177
4364,21.9013860000001,6.613
4365,21.9037810000001,2.395
4366,21.9061460000001,2.365
4367,21.9092990000001,3.153
4368,21.9113010000001,2.002
4369,21.9208510000001,9.55
4370,21.9236930000001,2.842
4371,21.9260620000001,2.369
4372,21.9295180000001,3.456
4373,21.9317430000001,2.225
4374,21.9404940000001,8.751
4375,21.9428250000001,2.331
4376,21.9475970000001,4.772
4377,21.9498980000001,2.301
4378,21.9576330000001,7.735
4379,21.9615870000001,3.954
4380,21.9643740000001,2.787
4381,21.9722470000001,7.873
4382,21.9747260000001,2.479
4383,21.9770220000001,2.296
4384,21.9803210000001,3.299
4385,21.9826610000001,2.34
4386,21.9917820000001,9.121
4387,21.9947830000001,3.001
4388,21.9980750000001,3.292
4389,22.0000770000001,2.002
4390,22.0056280000001,5.551
4391,22.0111640000001,5.536
4392,22.0143310000001,3.167
4393,22.0166420000001,2.311
4394,22.0187020000001,2.06
4395,22.0284720000001,9.77
4396,22.0332340000001,4.762
4397,22.0355440000001,2.31
4398,22.0418580000001,6.314
4399,22.0460540000001,4.196
4400,22.0516570000001,5.603
4401,22.0541550000001,2.498
4402,22.0567950000001,2.64
4403,22.0592970000001,2.502
4404,22.0623270000001,3.03
4405,22.0674650000001,5.138
4406,22.0699530000001,2.488
4407,22.0730980000001,3.145
4408,22.0755520000001,2.454
4409,22.0781880000001,2.636
4410,22.0867940000001,8.606
4411,22.0892440000001,2.45
4412,22.0917600000001,2.516
4413,22.0960950000001,4.335
4414,22.0981450000001,2.05
4415,22.1063410000001,8.196
4416,22.1102130000001,3.872
4417,22.1135930000001,3.38
4418,22.1158110000001,2.218
4419,22.1233930000001,7.582
4420,22.1257510000001,2.358
4421,22.1288990000001,3.148
4422,22.1309220000001,2.023
4423,22.1404420000001,9.52
4424,22.1428400000001,2.398
4425,22.1461050000001,3.265
4426,22.1482840000001,2.179
4427,22.1503130000001,2.029
4428,22.1601120000001,9.799
4429,22.1632550000001,3.143
4430,22.1653040000001,2.049
4431,22.1736480000001,8.344
4432,22.1771810000001,3.533
4433,22.1812820000001,4.101
4434,22.1838720000001,2.59
4435,22.1873540000001,3.482
4436,22.1914350000001,4.081
4437,22.1944920000001,3.057
4438,22.1990400000001,4.548
4439,22.2031010000001,4.061
4440,22.2057080000001,2.607
4441,22.2082430000001,2.535
4442,22.2110150000001,2.772
4443,22.2185340000001,7.519
4444,22.2210710000001,2.537
4445,22.2236790000001,2.608
4446,22.2271690000001,3.49
4447,22.2294590000001,2.29
4448,22.2382060000001,8.747
4449,22.2406200000001,2.414
4450,22.2441790000001,3.559
4451,22.2463430000001,2.164
4452,22.2483370000001,1.994
4453,22.2575280000001,9.191
4454,22.2606390000001,3.111
4455,22.2626530000001,2.014
4456,22.2663150000001,3.662
4457,22.2684240000001,2.109
4458,22.2779070000001,9.483
4459,22.2811900000001,3.283
4460,22.2832590000001,2.069
4461,22.2917990000001,8.54
4462,22.2950260000001,3.227
4463,22.2976320000001,2.606
4464,22.3010300000001,3.398
4465,22.3035650000001,2.535
4466,22.3059310000001,2.366
4467,22.3089880000001,3.057
4468,22.3161190000001,7.131
4469,22.3186480000001,2.529
4470,22.3218990000001,3.251
4471,22.3250900000001,3.191
4472,22.3271100000001,2.02
4473,22.3356930000001,8.583
4474,22.3382370000001,2.544
4475,22.3408230000001,2.586
4476,22.3459370000001,5.114
4477,22.3481450000001,2.208
4478,22.3552810000001,7.136
4479,22.3591270000001,3.846
4480,22.3673310000001,8.204
4481,22.3706140000001,3.283
4482,22.3741330000001,3.519
4483,22.3765700000001,2.437
4484,22.3802410000001,3.671
4485,22.3823580000001,2.117
4486,22.3892600000001,6.902
4487,22.3923390000001,3.079
4488,22.3960210000001,3.682
4489,22.4038400000001,7.819
4490,22.4067550000001,2.915
4491,22.4094440000001,2.689
4492,22.4127730000001,3.329
4493,22.4149040000001,2.131
4494,22.4235160000001,8.612
4495,22.4260130000001,2.497
4496,22.4306500000001,4.637
4497,22.4327820000001,2.132
4498,22.4407540000001,7.972
4499,22.4448020000001,4.048
4500,22.4476080000001,2.806
4501,22.4552910000001,7.683
4502,22.4577450000001,2.454
4503,22.4603650000001,2.62
4504,22.4644420000001,4.077
4505,22.4676950000001,3.253
4506,22.4748820000001,7.187
4507,22.4775680000001,2.686
4508,22.4814840000001,3.916
4509,22.4894300000001,7.946
4510,22.4927430000001,3.313
4511,22.4967240000001,3.981
4512,22.5010190000001,4.295
4513,22.5033460000001,2.327
4514,22.5085410000001,5.195
4515,22.5105810000001,2.04
4516,22.5207410000001,10.16
4517,22.5233080000001,2.567
4518,22.5257820000001,2.474
4519,22.5296850000001,3.903
4520,22.5325710000001,2.886
4521,22.5404510000001,7.88
4522,22.5430160000001,2.565
4523,22.5451590000001,2.143
4524,22.5559890000001,10.83
4525,22.5583770000001,2.388
4526,22.5618930000001,3.516
4527,22.5659470000001,4.054
4528,22.5689240000001,2.977
4529,22.5745240000001,5.6
4530,22.5774020000001,2.878
4531,22.5800830000001,2.681
4532,22.5900680000001,9.985
4533,22.5924510000001,2.383
4534,22.5951150000001,2.664
4535,22.5973640000001,2.249
4536,22.6048670000001,7.503
4537,22.6086470000001,3.78
4538,22.6114090000001,2.762
4539,22.6154510000001,4.042
4540,22.6183270000001,2.876
4541,22.6256710000001,7.344
4542,22.6280310000001,2.36
4543,22.6299240000001,1.893
4544,22.6411230000001,11.199
4545,22.6435880000001,2.465
4546,22.6469620000001,3.374
4547,22.6502020000001,3.24
4548,22.6534150000001,3.213
4549,22.6553010000001,1.886
4550,22.6575140000001,2.213
4551,22.6653180000001,7.804
4552,22.6685410000001,3.223
4553,22.6707140000001,2.173
4554,22.6733190000001,2.605
4555,22.6754640000001,2.145
4556,22.6854740000001,10.01
4557,22.6876300000001,2.156
4558,22.6914570000001,3.827
4559,22.6957230000001,4.266
4560,22.6991890000001,3.466
4561,22.7042270000001,5.038
4562,22.7067440000001,2.517
4563,22.7093080000001,2.564
4564,22.7121190000001,2.811
4565,22.7213850000001,9.266
4566,22.7238520000001,2.467
4567,22.7270070000001,3.155
4568,22.7302570000001,3.25
4569,22.7323710000001,2.114
4570,22.7410010000001,8.63
4571,22.7432640000001,2.263
4572,22.7461920000001,2.928
4573,22.7526610000001,6.469
4574,22.7581440000001,5.483
4575,22.7605240000001,2.38
4576,22.7650830000001,4.559
4577,22.7688500000001,3.767
4578,22.7749760000001,6.126
4579,22.7791130000001,4.137
4580,22.7821390000001,3.026
4581,22.7896170000001,7.478
4582,22.7920340000001,2.417
4583,22.7943910000001,2.357
4584,22.7974950000001,3.104
4585,22.7997670000001,2.272
4586,22.8092050000001,9.438
4587,22.8119780000001,2.773
4588,22.8149120000001,2.934
4589,22.8227440000001,7.832
4590,22.8269040000001,4.16
4591,22.8293310000001,2.427
4592,22.8325460000001,3.215
4593,22.8349870000001,2.441
4594,22.8435670000001,8.58
4595,22.8459760000001,2.409
4596,22.8490410000001,3.065
4597,22.8582320000001,9.191
4598,22.8606380000001,2.406
4599,22.8648000000001,4.162
4600,22.8681080000001,3.308
4601,22.8708470000001,2.739
4602,22.8743510000001,3.504
4603,22.8767210000001,2.37
4604,22.8837530000001,7.032
4605,22.8863000000001,2.547
4606,22.8899000000001,3.6
4607,22.8929860000001,3.086
4608,22.8976550000001,4.669
4609,22.9022660000001,4.611
4610,22.9051980000001,2.932
4611,22.9078480000001,2.65
4612,22.9109300000001,3.082
4613,22.9130150000001,2.085
4614,22.9217370000001,8.722
4615,22.9243580000001,2.621
4616,22.9293300000001,4.972
4617,22.9318730000001,2.543
4618,22.9387990000001,6.926
4619,22.9427470000001,3.948
4620,22.9463260000001,3.579
4621,22.9498910000001,3.565
4622,22.9565890000001,6.698
4623,22.9590650000001,2.476
4624,22.9635060000001,4.441
4625,22.9660350000001,2.529
4626,22.9726710000001,6.636
4627,22.9755520000001,2.881
4628,22.9788990000001,3.347
4629,22.9812400000001,2.341
4630,22.9832350000001,1.995
4631,22.9922260000001,8.991
4632,22.9956750000001,3.449
4633,22.9980910000001,2.416
4634,23.0004390000001,2.348
4635,23.0045900000001,4.151
4636,23.0125980000001,8.008
4637,23.0145580000001,1.96
4638,23.0165620000001,2.004
4639,23.0252790000001,8.717
4640,23.0297550000001,4.476
4641,23.0317870000001,2.032
4642,23.0358630000001,4.076
4643,23.0384650000001,2.602
4644,23.0406350000001,2.17
4645,23.0509370000001,10.302
4646,23.0535570000001,2.62
4647,23.0560590000001,2.502
4648,23.0595730000001,3.514
4649,23.0628170000001,3.244
4650,23.0678910000001,5.074
4651,23.0702890000001,2.398
4652,23.0728110000001,2.522
4653,23.0759990000001,3.188
4654,23.0790290000001,3.03
4655,23.0872540000001,8.225
4656,23.0911730000001,3.919
4657,23.0936890000001,2.516
4658,23.0972000000001,3.511
4659,23.0995290000001,2.329
4660,23.1072240000001,7.695
4661,23.1093200000001,2.096
4662,23.1118770000001,2.557
4663,23.1214730000001,9.596
4664,23.1240660000001,2.593
4665,23.1263500000001,2.284
4666,23.1293900000001,3.04
4667,23.1312640000001,1.874
4668,23.1410050000001,9.741
4669,23.1434920000001,2.487
4670,23.1462250000001,2.733
4671,23.1545220000001,8.297
4672,23.1583360000001,3.814
4673,23.1610100000001,2.674
4674,23.1678650000001,6.855
4675,23.1718910000001,4.026
4676,23.1767050000001,4.814
4677,23.1793690000001,2.664
4678,23.1829820000001,3.613
4679,23.1895980000001,6.616
4680,23.1922790000001,2.681
4681,23.1944710000001,2.192
4682,23.1978670000001,3.396
4683,23.2001350000001,2.268
4684,23.2092140000001,9.079
4685,23.2114590000001,2.245
4686,23.2141870000001,2.728
4687,23.2229540000001,8.767
4688,23.2283560000001,5.402
4689,23.2333330000001,4.977
4690,23.2421670000001,8.834
4691,23.2474500000001,5.283
4692,23.2575710000001,10.121
4693,23.2619100000001,4.339
4694,23.2673700000001,5.46
4695,23.2741450000001,6.775
4696,23.2804320000001,6.287
4697,23.2844720000001,4.04
4698,23.2876400000001,3.168
4699,23.2904010000001,2.761
4700,23.2934600000001,3.059
4701,23.3027810000001,9.321
4702,23.3069170000001,4.136
4703,23.3169920000001,10.075
4704,23.3240790000001,7.087
4705,23.3289320000001,4.853
4706,23.3356180000001,6.686
4707,23.3391820000001,3.564
4708,23.3416670000001,2.485
4709,23.3487050000001,7.038
4710,23.3547180000001,6.013
4711,23.3594480000001,4.73
4712,23.3643590000001,4.911
4713,23.3686580000001,4.299
4714,23.3712320000001,2.574
4715,23.3771490000001,5.917
4716,23.3803670000001,3.218
4717,23.3838840000001,3.517
4718,23.3882340000001,4.35
4719,23.3926220000001,4.388
4720,23.3956000000001,2.978
4721,23.3995520000001,3.952
4722,23.4042140000001,4.662
4723,23.4080630000001,3.849
4724,23.4105870000001,2.524
4725,23.4174070000001,6.82
4726,23.4291560000001,11.749
4727,23.4339090000001,4.753
4728,23.4363740000001,2.465
4729,23.4402480000001,3.874
4730,23.4427750000001,2.527
4731,23.4469040000001,4.129
4732,23.4498730000001,2.969
4733,23.4573850000001,7.512
4734,23.4600380000001,2.653
4735,23.462625,2.587
4736,23.465955,3.33
4737,23.469173,3.218
4738,23.471983,2.81
4739,23.474386,2.403
4740,23.481401,7.015
4741,23.485307,3.906
4742,23.490017,4.71
4743,23.494661,4.644
4744,23.500879,6.218
4745,23.507384,6.505
4746,23.510435,3.051
4747,23.51658,6.145
4748,23.523089,6.509
4749,23.528902,5.813
4750,23.533664,4.762
4751,23.536923,3.259
4752,23.540637,3.714
4753,23.545223,4.586
4754,23.550697,5.474
4755,23.555397,4.7
4756,23.561821,6.424
4757,23.566296,4.475
4758,23.570143,3.847
4759,23.573743,3.6
4760,23.578736,4.993
4761,23.582943,4.207
4762,23.58602,3.077
4763,23.589472,3.452
4764,23.594287,4.815
4765,23.59885,4.563
4766,23.605178,6.328
4767,23.609483,4.305
4768,23.61363,4.147
4769,23.616181,2.551
4770,23.618935,2.754
4771,23.62118,2.245
4772,23.624535,3.355
4773,23.626355,1.82
4774,23.633938,7.583
4775,23.636188,2.25
4776,23.640655,4.467
4777,23.642535,1.88
4778,23.644452,1.917
4779,23.653362,8.91
4780,23.656601,3.239
4781,23.658484,1.883
4782,23.662416,3.932
4783,23.664643,2.227
4784,23.673538,8.895
4785,23.675464,1.926
4786,23.677127,1.663
4787,23.68427,7.143
4788,23.690729,6.459
4789,23.692869,2.14
4790,23.695526,2.657
4791,23.697942,2.416
4792,23.707814,9.872
4793,23.710003,2.189
4794,23.712034,2.031
4795,23.720605,8.571
4796,23.724781,4.176
4797,23.726827,2.046
4798,23.730647,3.82
4799,23.733883,3.236
4800,23.741943,8.06
4801,23.743698,1.755
4802,23.745705,2.007
4803,23.755981,10.276
4804,23.759193,3.212
4805,23.761321,2.128
4806,23.763787,2.466
4807,23.76678,2.993
4808,23.769987,3.207
4809,23.771904,1.917
4810,23.773888,1.984
4811,23.782768,8.88
4812,23.785942,3.174
4813,23.788532,2.59
4814,23.79132,2.788
4815,23.793624,2.304
4816,23.802986,9.362
4817,23.805078,2.092
4818,23.80774,2.662
4819,23.811831,4.091
4820,23.813997,2.166
4821,23.822504,8.507
4822,23.824569,2.065
4823,23.828439,3.87
4824,23.830524,2.085
4825,23.839628,9.104
4826,23.841794,2.166
4827,23.845438,3.644
4828,23.847426,1.988
4829,23.8559470000001,8.521
4830,23.859789,3.842
4831,23.8618640000001,2.075
4832,23.87079,8.926
4833,23.873568,2.778
