frame,elapsed_seconds,frame_ms
0,0.003757,3.757
1,0.009039,5.282
2,0.01226,3.221
3,0.016996,4.736
4,0.021589,4.593
5,0.02739,5.801
6,0.031172,3.782
7,0.03526,4.088
8,0.040306,5.046
9,0.045336,5.03
10,0.049444,4.108
11,0.052755,3.311
12,0.057765,5.01
13,0.063745,5.98
14,0.069371,5.626
15,0.074405,5.034
16,0.078076,3.671
17,0.082631,4.555
18,0.086755,4.124
19,0.092063,5.308
20,0.095684,3.621
21,0.100224,4.54
22,0.104368,4.144
23,0.109827,5.459
24,0.114542,4.715
25,0.119621,5.079
26,0.124331,4.71
27,0.129715,5.384
28,0.133844,4.129
29,0.139808,5.964
30,0.14468,4.872
31,0.15,5.32
32,0.154166,4.166
33,0.160014,5.848
34,0.164824,4.81
35,0.170193,5.369
36,0.176962,6.769
37,0.183068,6.106
38,0.186625,3.557
39,0.192788,6.163
40,0.197559,4.771
41,0.20297,5.411
42,0.207344,4.374
43,0.214176,6.832
44,0.217474,3.298
45,0.223755,6.281
46,0.228692,4.937
47,0.234255,5.563
48,0.238288,4.033
49,0.246173,7.885
50,0.250637,4.464
51,0.255405,4.768
52,0.260303,4.898
53,0.263789,3.486
54,0.268106,4.317
55,0.272696,4.59
56,0.277405,4.709
57,0.281491,4.086
58,0.284859,3.368
59,0.289635,4.776
60,0.294129,4.494
61,0.300437,6.308
62,0.305264,4.827
63,0.30904,3.776
64,0.313923,4.883
65,0.317879,3.956
66,0.321406,3.527
67,0.326031,4.625
68,0.330013,3.982
69,0.334574,4.561
70,0.33837,3.796
71,0.344823,6.453
72,0.350261,5.438
73,0.354184,3.923
74,0.358577,4.393
75,0.363091,4.514
76,0.366616,3.525
77,0.37127,4.654
78,0.375101,3.831
79,0.381834,6.733
80,0.386244,4.41
81,0.392632,6.388
82,0.397622,4.99
83,0.400991,3.369
84,0.405135,4.144
85,0.411066,5.931
86,0.415598,4.532
87,0.420475,4.877
88,0.424841,4.366
89,0.428786,3.945
90,0.43351,4.724
91,0.437111,3.601
92,0.441542,4.431
93,0.448233,6.691
94,0.452463,4.23
95,0.456224,3.761
96,0.46041,4.186
97,0.465465,5.055
98,0.468748,3.283
99,0.472959,4.211
100,0.478038,5.079
101,0.483689,5.651
102,0.487001,3.312
103,0.491253,4.252
104,0.498132,6.879
105,0.501675,3.543
106,0.505891,4.216
107,0.510073,4.182
108,0.516538,6.465
109,0.519948,3.41
110,0.524151,4.203
111,0.529728,5.577
112,0.53387,4.142
113,0.539395,5.525
114,0.542317,2.922
115,0.549173,6.856
116,0.552862,3.689
117,0.55797,5.108
118,0.562328,4.358
119,0.566975,4.647
120,0.570673,3.698
121,0.579875,9.202
122,0.583623,3.748
123,0.587489,3.866
124,0.591393,3.904
125,0.595456,4.063
126,0.600228,4.772
127,0.603725,3.497
128,0.608189,4.464
129,0.613185,4.996
130,0.617278,4.093
131,0.620857,3.579
132,0.625128,4.271
133,0.629984,4.856
134,0.63401,4.026
135,0.6379,3.89
136,0.641975,4.075
137,0.649284,7.309
138,0.652822,3.538
139,0.656504,3.682
140,0.661043,4.539
141,0.6667,5.657
142,0.671676,4.976
143,0.675693,4.017
144,0.682179,6.486
145,0.68676,4.581
146,0.690381,3.621
147,0.694721,4.34
148,0.701062,6.341
149,0.7048,3.738
150,0.708888,4.088
151,0.714476,5.588
152,0.719083,4.607
153,0.722588,3.505
154,0.727191,4.603
155,0.733817,6.626
156,0.738241,4.424
157,0.74188,3.639
158,0.748242,6.362
159,0.752747,4.505
160,0.756535,3.788
161,0.762926,6.391
162,0.769356,6.43
163,0.773235,3.879
164,0.777086,3.851
165,0.781191,4.105
166,0.785218,4.027
167,0.789984,4.766
168,0.793681,3.697
169,0.800069,6.388
170,0.804774,4.705
171,0.80854,3.766
172,0.814757,6.217
173,0.818474,3.717
174,0.823327,4.853
175,0.829645,6.318
176,0.835732,6.087
177,0.839469,3.737
178,0.8437,4.231
179,0.84863,4.93
180,0.851873,3.243
181,0.856332,4.459
182,0.862099,5.767
183,0.866202,4.103
184,0.871699,5.497
185,0.875522,3.823
186,0.882071,6.549
187,0.886628,4.557
188,0.891387,4.759
189,0.896065,4.678
190,0.900303,4.238
191,0.906024,5.721
192,0.910046,4.022
193,0.913928,3.882
194,0.918051,4.123
195,0.922787,4.736
196,0.931141,8.354
197,0.93457,3.429
198,0.93879,4.22
199,0.942487,3.697
200,0.946828,4.341
201,0.950891,4.063
202,0.955488,4.597
203,0.95932,3.832
204,0.965077,5.757
205,0.969329,4.252
206,0.973634,4.305
207,0.977178,3.544
208,0.981915,4.737
209,0.98661,4.695
210,0.990188,3.578
211,0.99521,5.022
212,1.000554,5.344
213,1.005025,4.471
214,1.008695,3.67
215,1.014448,5.753
216,1.017792,3.344
217,1.022774,4.982
218,1.026172,3.398
219,1.033809,7.637
220,1.03782,4.011
221,1.042194,4.374
222,1.046898,4.704
223,1.050938,4.04
224,1.055918,4.98
225,1.059326,3.408
226,1.065104,5.778
227,1.069031,3.927
228,1.073888,4.857
229,1.077768,3.88
230,1.082485,4.717
231,1.087139,4.654
232,1.090714,3.575
233,1.095168,4.454
234,1.099799,4.631
235,1.104586,4.787
236,1.108139,3.553
237,1.112563,4.424
238,1.117522,4.959
239,1.121864,4.342
240,1.125452,3.588
241,1.131006,5.554
242,1.135487,4.481
243,1.138538,3.051
244,1.142522,3.984
245,1.146841,4.319
246,1.15167,4.829
247,1.155273,3.603
248,1.159493,4.22
249,1.16618,6.687
250,1.170911,4.731
251,1.174365,3.454
252,1.179547,5.182
253,1.184493,4.946
254,1.188608,4.115
255,1.194806,6.198
256,1.198496,3.69
257,1.203234,4.738
258,1.206692,3.458
259,1.21217,5.478
260,1.216331,4.161
261,1.221274,4.943
262,1.225811,4.537
263,1.231235,5.424
264,1.236518,5.283
265,1.240472,3.954
266,1.244612,4.14
267,1.248655,4.043
268,1.253812,5.157
269,1.257042,3.23
270,1.261402,4.36
271,1.267738,6.336
272,1.272116,4.378
273,1.275714,3.598
274,1.28168,5.966
275,1.286409,4.729
276,1.289985,3.576
277,1.294396,4.411
278,1.299082,4.686
279,1.304002,4.92
280,1.307432,3.43
281,1.311713,4.281
282,1.316502,4.789
283,1.321442,4.94
284,1.324852,3.41
285,1.330973,6.121
286,1.336415,5.442
287,1.340326,3.911
288,1.344506,4.18
289,1.348725,4.219
290,1.353675,4.95
291,1.357279,3.604
292,1.363368,6.089
293,1.366561,3.193
294,1.371366,4.805
295,1.375167,3.801
296,1.381539,6.372
297,1.386042,4.503
298,1.389767,3.725
299,1.393852,4.085
300,1.398436,4.584
301,1.403342,4.906
302,1.406931,3.589
303,1.412578,5.647
304,1.416304,3.726
305,1.421417,5.113
306,1.426993,5.576
307,1.43325,6.257
308,1.437904,4.654
309,1.442784,4.88
310,1.447145,4.361
311,1.451026,3.881
312,1.456049,5.023
313,1.461593,5.544
314,1.466626,5.033
315,1.475845,9.219
316,1.481712,5.867
317,1.484361,2.649
318,1.487988,3.627
319,1.493238,5.25
320,1.496856,3.618
321,1.500751,3.895
322,1.505617,4.866
323,1.509283,3.666
324,1.513782,4.499
325,1.51803,4.248
326,1.522861,4.831
327,1.5265,3.639
328,1.531182,4.682
329,1.535115,3.933
330,1.539659,4.544
331,1.543482,3.823
332,1.547648,4.166
333,1.552555,4.907
334,1.556043,3.488
335,1.56155,5.507
336,1.565686,4.136
337,1.570437,4.751
338,1.574032,3.595
339,1.578812,4.78
340,1.583076,4.264
341,1.587838,4.762
342,1.591489,3.651
343,1.596575,5.086
344,1.60096,4.385
345,1.604687,3.727
346,1.608991,4.304
347,1.613591,4.6
348,1.617902,4.311
349,1.621614,3.712
350,1.627887,6.273
351,1.63208,4.193
352,1.636859,4.779
353,1.64059,3.731
354,1.647262,6.672
355,1.652624,5.362
356,1.65518,2.556
357,1.660742,5.562
358,1.665044,4.302
359,1.669798,4.754
360,1.673375,3.577
361,1.678176,4.801
362,1.681955,3.779
363,1.686786,4.831
364,1.690389,3.603
365,1.695484,5.095
366,1.699866,4.382
367,1.703267,3.401
368,1.70758,4.313
369,1.71274,5.16
370,1.716855,4.115
371,1.72067,3.815
372,1.724778,4.108
373,1.730042,5.264
374,1.734257,4.215
375,1.737831,3.574
376,1.742195,4.364
377,1.748289,6.094
378,1.751648,3.359
379,1.757243,5.595
380,1.761486,4.243
381,1.766419,4.933
382,1.770272,3.853
383,1.774139,3.867
384,1.7796,5.461
385,1.784471,4.871
386,1.787849,3.378
387,1.792176,4.327
388,1.797496,5.32
389,1.801129,3.633
390,1.805588,4.459
391,1.809599,4.011
392,1.814851,5.252
393,1.818408,3.557
394,1.82261,4.202
395,1.82759,4.98
396,1.832169,4.579
397,1.835847,3.678
398,1.839977,4.13
399,1.845022,5.045
400,1.854574,9.552
401,1.860051,5.477
402,1.864597,4.546
403,1.868936,4.339
404,1.873622,4.686
405,1.877373,3.751
406,1.881485,4.112
407,1.885775,4.29
408,1.890668,4.893
409,1.894222,3.554
410,1.898382,4.16
411,1.902621,4.239
412,1.907505,4.884
413,1.911331,3.826
414,1.915539,4.208
415,1.919706,4.167
416,1.924564,4.858
417,1.929048,4.484
418,1.932661,3.613
419,1.93693,4.269
420,1.941946,5.016
421,1.946167,4.221
422,1.950056,3.889
423,1.954737,4.681
424,1.958276,3.539
425,1.962559,4.283
426,1.96673,4.171
427,1.971722,4.992
428,1.975272,3.55
429,1.980407,5.135
430,1.98398,3.573
431,1.988899,4.919
432,1.992796,3.897
433,1.997946,5.15
434,2.001512,3.566
435,2.006447,4.935
436,2.011648,5.201
437,2.01564,3.992
438,2.019682,4.042
439,2.024635,4.953
440,2.028236,3.601
441,2.032611,4.375
442,2.036984,4.373
443,2.04181,4.826
444,2.045735,3.925
445,2.050048,4.313
446,2.054519,4.471
447,2.058279,3.76
448,2.064106,5.827
449,2.067722,3.616
450,2.072884,5.162
451,2.076387,3.503
452,2.082472,6.085
453,2.086015,3.543
454,2.091082,5.067
455,2.094483,3.401
456,2.100615,6.132
457,2.10548,4.865
458,2.109074,3.594
459,2.114903,5.829
460,2.118983,4.08
461,2.123893,4.91
462,2.127882,3.989
463,2.132387,4.505
464,2.136409,4.022
465,2.141111,4.702
466,2.145448,4.337
467,2.149574,4.126
468,2.153611,4.037
469,2.158443,4.832
470,2.163716,5.273
471,2.167486,3.77
472,2.172236,4.75
473,2.176087,3.851
474,2.18205,5.963
475,2.185694,3.644
476,2.190593,4.899
477,2.196412,5.819
478,2.200484,4.072
479,2.204381,3.897
480,2.209276,4.895
481,2.213312,4.036
482,2.21756,4.248
483,2.222484,4.924
484,2.226073,3.589
485,2.230635,4.562
486,2.234811,4.176
487,2.23968,4.869
488,2.243444,3.764
489,2.248397,4.953
490,2.254386,5.989
491,2.259526,5.14
492,2.262951,3.425
493,2.26717,4.219
494,2.27209,4.92
495,2.275876,3.786
496,2.281128,5.252
497,2.28536,4.232
498,2.290247,4.887
499,2.294061,3.814
500,2.298526,4.465
501,2.302775,4.249
502,2.307664,4.889
503,2.312547,4.883
504,2.316259,3.712
505,2.320497,4.238
506,2.325567,5.07
507,2.329957,4.39
508,2.333833,3.876
509,2.338499,4.666
510,2.342486,3.987
511,2.349901,7.415
512,2.353517,3.616
513,2.35815,4.633
514,2.364263,6.113
515,2.368316,4.053
516,2.372791,4.475
517,2.377779,4.988
518,2.381607,3.828
519,2.385886,4.279
520,2.390672,4.786
521,2.394452,3.78
522,2.398912,4.46
523,2.403173,4.261
524,2.408152,4.979
525,2.41206,3.908
526,2.416479,4.419
527,2.420638,4.159
528,2.425802,5.164
529,2.429613,3.811
530,2.433756,4.143
531,2.438676,4.92
532,2.442528,3.852
533,2.446903,4.375
534,2.451152,4.249
535,2.456237,5.085
536,2.462209,5.972
537,2.466397,4.188
538,2.471409,5.012
539,2.476615,5.206
540,2.480129,3.514
541,2.48455,4.421
542,2.489552,5.002
543,2.493416,3.864
544,2.498398,4.982
545,2.503133,4.735
546,2.507937,4.804
547,2.511542,3.605
548,2.516373,4.831
549,2.520608,4.235
550,2.526069,5.461
551,2.530977,4.908
552,2.537217,6.24
553,2.543852,6.635
554,2.548456,4.604
555,2.552707,4.251
556,2.55933,6.623
557,2.563822,4.492
558,2.567324,3.502
559,2.573764,6.44
560,2.577602,3.838
561,2.585873,8.271
562,2.589591,3.718
563,2.593725,4.134
564,2.598937,5.212
565,2.602593,3.656
566,2.609659,7.066
567,2.613645,3.986
568,2.620652,7.007
569,2.624256,3.604
570,2.628979,4.723
571,2.633872,4.893
572,2.638659,4.787
573,2.643086,4.427
574,2.648147,5.061
575,2.652073,3.926
576,2.656928,4.855
577,2.661971,5.043
578,2.665692,3.721
579,2.670271,4.579
580,2.674725,4.454
581,2.679669,4.944
582,2.683658,3.989
583,2.688432,4.774
584,2.693613,5.181
585,2.697419,3.806
586,2.702145,4.726
587,2.707094,4.949
588,2.710897,3.803
589,2.715319,4.422
590,2.721436,6.117
591,2.726318,4.882
592,2.730156,3.838
593,2.734871,4.715
594,2.740666,5.795
595,2.743552,2.886
596,2.748156,4.604
597,2.752754,4.598
598,2.757868,5.114
599,2.761901,4.033
600,2.766398,4.497
601,2.771826,5.428
602,2.775813,3.987
603,2.780118,4.305
604,2.784832,4.714
605,2.789805,4.973
606,2.793622,3.817
607,2.798118,4.496
608,2.803439,5.321
609,2.807209,3.77
610,2.81193,4.721
611,2.816347,4.417
612,2.822119,5.772
613,2.826058,3.939
614,2.830363,4.305
615,2.836015,5.652
616,2.84099,4.975
617,2.846264,5.274
618,2.851295,5.031
619,2.855851,4.556
620,2.859939,4.088
621,2.864282,4.343
622,2.869577,5.295
623,2.873315,3.738
624,2.877919,4.604
625,2.882372,4.453
626,2.889006,6.634
627,2.892861,3.855
628,2.897301,4.44
629,2.902567,5.266
630,2.906401,3.834
631,2.910974,4.573
632,2.915411,4.437
633,2.92061,5.199
634,2.924884,4.274
635,2.929092,4.208
636,2.934634,5.542
637,2.9388,4.166
638,2.94272,3.92
639,2.947227,4.507
640,2.952722,5.495
641,2.956299,3.577
642,2.960804,4.505
643,2.965772,4.968
644,2.969848,4.076
645,2.974149,4.301
646,2.978921,4.772
647,2.984135,5.214
648,2.98814,4.005
649,2.992652,4.512
650,2.997686,5.034
651,3.00267,4.984
652,3.007193,4.523
653,3.010703,3.51
654,3.015749,5.046
655,3.019699,3.95
656,3.024249,4.55
657,3.028891,4.642
658,3.035526,6.635
659,3.04024,4.714
660,3.044438,4.198
661,3.049565,5.127
662,3.053523,3.958
663,3.057847,4.324
664,3.062489,4.642
665,3.067431,4.942
666,3.071725,4.294
667,3.075984,4.259
668,3.080583,4.599
669,3.085823,5.24
670,3.089382,3.559
671,3.093896,4.514
672,3.099006,5.11
673,3.103373,4.367
674,3.107801,4.428
675,3.111958,4.157
676,3.116849,4.891
677,3.120766,3.917
678,3.125406,4.64
679,3.129705,4.299
680,3.135151,5.446
681,3.138779,3.628
682,3.143147,4.368
683,3.14789,4.743
684,3.152083,4.193
685,3.156315,4.232
686,3.160704,4.389
687,3.165637,4.933
688,3.169301,3.664
689,3.175427,6.126
690,3.179798,4.371
691,3.185062,5.264
692,3.189859,4.797
693,3.194231,4.372
694,3.199859,5.628
695,3.205147,5.288
696,3.210332,5.185
697,3.214476,4.144
698,3.219495,5.019
699,3.223033,3.538
700,3.227416,4.383
701,3.23166,4.244
702,3.239252,7.592
703,3.242995,3.743
704,3.246442,3.447
705,3.251492,5.05
706,3.255331,3.839
707,3.259672,4.341
708,3.2638,4.128
709,3.270003,6.203
710,3.273795,3.792
711,3.277785,3.99
712,3.281982,4.197
713,3.287014,5.032
714,3.290746,3.732
715,3.294972,4.226
716,3.299843,4.871
717,3.30374,3.897
718,3.308004,4.264
719,3.312272,4.268
720,3.317073,4.801
721,3.321049,3.976
722,3.325583,4.534
723,3.329464,3.881
724,3.33456,5.096
725,3.339377,4.817
726,3.346268,6.891
727,3.35037,4.102
728,3.354281,3.911
729,3.358368,4.087
730,3.362693,4.325
731,3.36771,5.017
732,3.371749,4.039
733,3.376041,4.292
734,3.380284,4.243
735,3.385667,5.383
736,3.389451,3.784
737,3.393274,3.823
738,3.398084,4.81
739,3.403269,5.185
740,3.406925,3.656
741,3.411605,4.68
742,3.41618,4.575
743,3.420935,4.755
744,3.424957,4.022
745,3.429103,4.146
746,3.434918,5.815
747,3.438055,3.137
748,3.441921,3.866
749,3.446637,4.716
750,3.451488,4.851
751,3.456195,4.707
752,3.46047,4.275
753,3.465061,4.591
754,3.469738,4.677
755,3.473966,4.228
756,3.478192,4.226
757,3.483054,4.862
758,3.487948,4.894
759,3.492268,4.32
760,3.49699,4.722
761,3.500775,3.785
762,3.505263,4.488
763,3.509546,4.283
764,3.514418,4.872
765,3.518195,3.777
766,3.522651,4.456
767,3.526807,4.156
768,3.531727,4.92
769,3.535771,4.044
770,3.540207,4.436
771,3.544342,4.135
772,3.548953,4.611
773,3.552898,3.945
774,3.557961,5.063
775,3.563415,5.454
776,3.568827,5.412
777,3.571905,3.078
778,3.576583,4.678
779,3.580342,3.759
780,3.586766,6.424
781,3.590444,3.678
782,3.594646,4.202
783,3.598879,4.233
784,3.604021,5.142
785,3.60774,3.719
786,3.612034,4.294
787,3.616422,4.388
788,3.621831,5.409
789,3.625153,3.322
790,3.629441,4.288
791,3.633782,4.341
792,3.638939,5.157
793,3.642579,3.64
794,3.64684,4.261
795,3.651336,4.496
796,3.656826,5.49
797,3.660466,3.64
798,3.663836,3.37
799,3.669052,5.216
800,3.673159,4.107
801,3.676891,3.732
802,3.681143,4.252
803,3.687224,6.081
804,3.691329,4.105
805,3.695241,3.912
806,3.699417,4.176
807,3.705328,5.911
808,3.708119,2.791
809,3.712502,4.383
810,3.717009,4.507
811,3.722489,5.48
812,3.725652,3.163
813,3.729769,4.117
814,3.734172,4.403
815,3.739815,5.643
816,3.743421,3.606
817,3.747729,4.308
818,3.754991,7.262
819,3.758861,3.87
820,3.76217,3.309
821,3.765921,3.751
822,3.772053,6.132
823,3.775707,3.654
824,3.780401,4.694
825,3.784802,4.401
826,3.790485,5.683
827,3.794019,3.534
828,3.798222,4.203
829,3.802774,4.552
830,3.807863,5.089
831,3.811522,3.659
832,3.815709,4.187
833,3.820364,4.655
834,3.824935,4.571
835,3.828881,3.946
836,3.833179,4.298
837,3.839537,6.358
838,3.843405,3.868
839,3.849212,5.807
840,3.853751,4.539
841,3.85888,5.129
842,3.862771,3.891
843,3.86658,3.809
844,3.870774,4.194
845,3.875917,5.143
846,3.879406,3.489
847,3.883813,4.407
848,3.889454,5.641
849,3.894465,5.011
850,3.898687,4.222
851,3.903085,4.398
852,3.908247,5.162
853,3.911675,3.428
854,3.918028,6.353
855,3.922383,4.355
856,3.9284,6.017
857,3.931805,3.405
858,3.937252,5.447
859,3.944173,6.921
860,3.947828,3.655
861,3.952039,4.211
862,3.956498,4.459
863,3.961614,5.116
864,3.967006,5.392
865,3.97147,4.464
866,3.975612,4.142
867,3.980503,4.891
868,3.984389,3.886
869,3.990671,6.282
870,3.995513,4.842
871,3.999156,3.643
872,4.003489,4.333
873,4.008077,4.588
874,4.014518,6.441
875,4.018385,3.867
876,4.022899,4.514
877,4.02777,4.871
878,4.033079,5.309
879,4.037799,4.72
880,4.042089,4.29
881,4.046995,4.906
882,4.050802,3.807
883,4.055245,4.443
884,4.059601,4.356
885,4.06453,4.929
886,4.068261,3.731
887,4.074229,5.968
888,4.078618,4.389
889,4.085917,7.299
890,4.090656,4.739
891,4.096181,5.525
892,4.099954,3.773
893,4.104463,4.509
894,4.111163,6.7
895,4.114904,3.741
896,4.119213,4.309
897,4.124391,5.178
898,4.129856,5.465
899,4.13445,4.594
900,4.139322,4.872
901,4.142986,3.664
902,4.14736099999999,4.375
903,4.152313,4.952
904,4.15810699999999,5.794
905,4.16294899999999,4.842
906,4.16823899999999,5.29
907,4.17191999999999,3.681
908,4.17628599999999,4.366
909,4.18296899999999,6.683
910,4.18685499999999,3.886
911,4.19183299999999,4.978
912,4.19700699999999,5.174
913,4.202086,5.079
914,4.208129,6.043
915,4.212996,4.867
916,4.216748,3.752
917,4.221593,4.845
918,4.227354,5.761
919,4.232778,5.424
920,4.23624,3.462
921,4.240662,4.422
922,4.245092,4.43
923,4.249977,4.885
924,4.25594899999999,5.972
925,4.26019299999999,4.244
926,4.26499399999999,4.801
927,4.26875699999999,3.763
928,4.27308599999999,4.329
929,4.27920199999999,6.116
930,4.28459199999999,5.39
931,4.28955299999999,4.961
932,4.29495899999999,5.406
933,4.29885699999999,3.898
934,4.30588999999999,7.033
935,4.30941499999999,3.525
936,4.31379399999999,4.379
937,4.31894599999999,5.152
938,4.32300599999999,4.06
939,4.32898099999999,5.975
940,4.33307999999999,4.099
941,4.33826199999999,5.182
942,4.34385199999999,5.59
943,4.34844299999999,4.591
944,4.35555799999999,7.115
945,4.35963499999999,4.077
946,4.36334099999999,3.706
947,4.36786399999999,4.523
948,4.37342099999999,5.557
949,4.37827099999999,4.85
950,4.38302899999999,4.758
951,4.38804699999999,5.018
952,4.39216999999999,4.123
953,4.39625299999999,4.083
954,4.40250399999999,6.251
955,4.40831999999999,5.816
956,4.41251899999999,4.199
957,4.41775299999999,5.234
958,4.42272799999999,4.975
959,4.42828599999999,5.558
960,4.43259599999999,4.31
961,4.43714599999999,4.55
962,4.44305299999999,5.907
963,4.44730199999999,4.249
964,4.45204399999999,4.742
965,4.45713799999999,5.094
966,4.46100099999999,3.863
967,4.46523799999999,4.237
968,4.46965899999999,4.421
969,4.47539999999999,5.741
970,4.47985499999999,4.455
971,4.48489099999999,5.036
972,4.48996699999999,5.076
973,4.49408099999999,4.114
974,4.50031999999999,6.239
975,4.50504099999999,4.721
976,4.51248099999999,7.44
977,4.51601699999999,3.536
978,4.52217299999999,6.156
979,4.52991099999999,7.738
980,4.53354499999999,3.634
981,4.53902099999999,5.476
982,4.54349499999999,4.474
983,4.54844699999999,4.952
984,4.55411999999999,5.673
985,4.55840799999999,4.288
986,4.56320699999999,4.799
987,4.57019599999999,6.989
988,4.57471099999999,4.515
989,4.58025599999999,5.545
990,4.58426199999999,4.006
991,4.58868999999999,4.428
992,4.59307199999999,4.382
993,4.59802799999999,4.956
994,4.60373299999999,5.705
995,4.60953299999999,5.8
996,4.61512299999999,5.59
997,4.61893499999999,3.812
998,4.62358199999999,4.647
999,4.63012199999999,6.54
1000,4.63428399999999,4.162
1001,4.63855699999999,4.273
1002,4.64370499999999,5.148
1003,4.64865599999999,4.951
1004,4.65380699999999,5.151
1005,4.65796199999999,4.155
1006,4.66294099999999,4.979
1007,4.66693099999999,3.99
1008,4.67144899999999,4.518
1009,4.67678099999999,5.332
1010,4.68048199999999,3.701
1011,4.68444699999999,3.965
1012,4.69017899999999,5.732
1013,4.69512699999999,4.948
1014,4.70091299999999,5.786
1015,4.70526499999999,4.352
1016,4.71165799999999,6.393
1017,4.71475299999999,3.095
1018,4.72064299999999,5.89
1019,4.72732199999999,6.679
1020,4.73114199999999,3.82
1021,4.73558799999999,4.446
1022,4.74006499999999,4.477
1023,4.74580599999999,5.741
1024,4.75084899999999,5.043
1025,4.75526199999999,4.413
1026,4.75997699999999,4.715
1027,4.76370599999999,3.729
1028,4.76814799999999,4.442
1029,4.77571999999999,7.572
1030,4.77927299999999,3.553
1031,4.78498199999999,5.709
1032,4.78974999999999,4.768
1033,4.79454099999999,4.791
1034,4.79987999999999,5.339
1035,4.80466399999999,4.784
1036,4.80962899999999,4.965
1037,4.81400999999999,4.381
1038,4.81738699999999,3.377
1039,4.82440999999999,7.023
1040,4.82806999999999,3.66
1041,4.83239599999999,4.326
1042,4.83732999999999,4.934
1043,4.84338699999999,6.057
1044,4.84797199999999,4.585
1045,4.85224499999999,4.273
1046,4.85728099999999,5.036
1047,4.86110399999999,3.823
1048,4.86549599999999,4.392
1049,4.87313999999999,7.644
1050,4.87809899999999,4.959
1051,4.88272299999999,4.624
1052,4.88705499999999,4.332
1053,4.89201199999999,4.957
1054,4.89760099999999,5.589
1055,4.90199799999999,4.397
1056,4.90750699999999,5.509
1057,4.91167099999999,4.164
1058,4.91545299999999,3.782
1059,4.92265499999999,7.202
1060,4.92618599999999,3.531
1061,4.93057199999999,4.386
1062,4.93492699999999,4.355
1063,4.94103199999999,6.105
1064,4.94575799999999,4.726
1065,4.94962999999999,3.872
1066,4.95482899999999,5.199
1067,4.96030699999999,5.478
1068,4.96490299999999,4.596
1069,4.97243699999999,7.534
1070,4.97608299999999,3.646
1071,4.97985199999999,3.769
1072,4.98434899999999,4.497
1073,4.99115099999999,6.802
1074,4.99564499999999,4.494
1075,4.99956099999999,3.916
1076,5.00485199999999,5.291
1077,5.00856299999999,3.711
1078,5.01296799999999,4.405
1079,5.01913999999999,6.172
1080,5.02475499999999,5.615
1081,5.02922499999999,4.47
1082,5.03430099999999,5.076
1083,5.03934699999999,5.046
1084,5.04492699999999,5.58
1085,5.04942099999999,4.494
1086,5.05477799999999,5.357
1087,5.05999099999999,5.213
1088,5.06476099999999,4.77
1089,5.07108099999999,6.32
1090,5.07595199999999,4.871
1091,5.07966899999999,3.717
1092,5.08412799999999,4.459
1093,5.08944899999999,5.321
1094,5.09297399999999,3.525
1095,5.09747699999999,4.503
1096,5.10181299999999,4.336
1097,5.10728399999999,5.471
1098,5.11106599999999,3.782
1099,5.11694199999999,5.876
1100,5.12164799999999,4.706
1101,5.12785799999999,6.21
1102,5.13203099999999,4.173
1103,5.13652299999999,4.492
1104,5.14364699999999,7.124
1105,5.14705299999999,3.406
1106,5.15161099999999,4.558
1107,5.15744099999999,5.83
1108,5.16312399999999,5.683
1109,5.16657299999999,3.449
1110,5.17205099999999,5.478
1111,5.17540599999999,3.355
1112,5.17973999999999,4.334
1113,5.18419499999999,4.455
1114,5.19127199999999,7.077
1115,5.19605999999999,4.788
1116,5.19998999999999,3.93
1117,5.20537099999999,5.381
1118,5.20888199999999,3.511
1119,5.21522099999999,6.339
1120,5.21950499999999,4.284
1121,5.22476899999999,5.264
1122,5.22845799999999,3.689
1123,5.23284199999999,4.384
1124,5.23962799999999,6.786
1125,5.24360199999999,3.974
1126,5.24792699999999,4.325
1127,5.25249299999999,4.566
1128,5.25876599999999,6.273
1129,5.26328599999999,4.52
1130,5.26745899999999,4.173
1131,5.27285399999999,5.395
1132,5.27709699999999,4.243
1133,5.28106799999999,3.971
1134,5.28832299999999,7.255
1135,5.29172599999999,3.403
1136,5.29631899999999,4.593
1137,5.30075999999999,4.441
1138,5.30590499999999,5.145
1139,5.31152699999999,5.622
1140,5.31621699999999,4.69
1141,5.32153699999999,5.32
1142,5.32549999999999,3.963
1143,5.32974899999999,4.249
1144,5.33615599999999,6.407
1145,5.34143799999999,5.282
1146,5.34520199999999,3.764
1147,5.34998399999999,4.782
1148,5.35525799999999,5.274
1149,5.36079999999999,5.542
1150,5.36546699999999,4.667
1151,5.37030799999999,4.841
1152,5.37527199999999,4.964
1153,5.37937999999999,4.108
1154,5.38564499999999,6.265
1155,5.39088299999999,5.238
1156,5.39510199999999,4.219
1157,5.39954299999999,4.441
1158,5.40547099999999,5.928
1159,5.41075899999999,5.288
1160,5.41529099999999,4.532
1161,5.41993199999999,4.641
1162,5.42546899999999,5.537
1163,5.43039299999999,4.924
1164,5.43527299999999,4.88
1165,5.44055699999999,5.284
1166,5.44476699999999,4.21
1167,5.44901799999999,4.251
1168,5.45376499999999,4.747
1169,5.45888499999999,5.12
1170,5.46268299999999,3.798
1171,5.46709299999999,4.41
1172,5.47222099999999,5.128
1173,5.47636899999999,4.148
1174,5.48242099999999,6.052
1175,5.48715599999999,4.735
1176,5.49197699999999,4.821
1177,5.49603399999999,4.057
1178,5.50051199999999,4.478
1179,5.50746299999999,6.951
1180,5.51122999999999,3.767
1181,5.51564999999999,4.42
1182,5.52056499999999,4.915
1183,5.52693999999999,6.375
1184,5.53146899999999,4.529
1185,5.53534799999999,3.879
1186,5.54050899999999,5.161
1187,5.54446099999999,3.952
1188,5.54874299999999,4.282
1189,5.55611999999999,7.377
1190,5.55969799999999,3.578
1191,5.56373699999999,4.039
1192,5.56817599999999,4.439
1193,5.57315099999999,4.975
1194,5.57860599999999,5.455
1195,5.58304899999999,4.443
1196,5.58858199999999,5.533
1197,5.59194899999999,3.367
1198,5.59619799999999,4.249
1199,5.60237999999999,6.182
1200,5.60734999999999,4.97
1201,5.61098299999999,3.633
1202,5.61534999999999,4.367
1203,5.62048899999999,5.139
1204,5.62664799999999,6.159
1205,5.63090799999999,4.26
1206,5.63452699999999,3.619
1207,5.63942399999999,4.897
1208,5.64317599999999,3.752
1209,5.64924999999999,6.074
1210,5.65429399999999,5.044
1211,5.65813599999999,3.842
1212,5.66227999999999,4.144
1213,5.66684899999999,4.569
1214,5.67337599999999,6.527
1215,5.67710899999999,3.733
1216,5.68131199999999,4.203
1217,5.68643099999999,5.119
1218,5.69073999999999,4.309
1219,5.69629899999999,5.559
1220,5.70068699999999,4.388
1221,5.70557999999999,4.893
1222,5.70943799999999,3.858
1223,5.71353599999999,4.098
1224,5.72052599999999,6.99
1225,5.72409399999999,3.568
1226,5.72835699999999,4.263
1227,5.73281299999999,4.456
1228,5.73814899999999,5.336
1229,5.74369699999999,5.548
1230,5.74764499999999,3.948
1231,5.75290199999999,5.257
1232,5.75645499999999,3.553
1233,5.76072799999999,4.273
1234,5.76680799999999,6.08
1235,5.77176599999999,4.958
1236,5.77540199999999,3.636
1237,5.77981599999999,4.414
1238,5.78470899999999,4.893
1239,5.79092599999999,6.217
1240,5.79520699999999,4.281
1241,5.79915599999999,3.949
1242,5.80442599999999,5.27
1243,5.80803399999999,3.608
1244,5.81405799999999,6.024
1245,5.81884999999999,4.792
1246,5.82261099999999,3.761
1247,5.82725399999999,4.643
1248,5.83132999999999,4.076
1249,5.83951599999999,8.186
1250,5.84366399999999,4.148
1251,5.84861499999999,4.951
1252,5.85373999999999,5.125
1253,5.85720799999999,3.468
1254,5.86330499999999,6.097
1255,5.86767999999999,4.375
1256,5.87264799999999,4.968
1257,5.87672799999999,4.08
1258,5.88083799999999,4.11
1259,5.88790599999999,7.068
1260,5.89139899999999,3.493
1261,5.89573399999999,4.335
1262,5.90014399999999,4.41
1263,5.90519299999999,5.049
1264,5.90895099999999,3.758
1265,5.91326099999999,4.31
1266,5.91828099999999,5.02
1267,5.92387699999999,5.596
1268,5.92846599999999,4.589
1269,5.93433199999999,5.866
1270,5.94019599999999,5.864
1271,5.94466399999999,4.468
1272,5.94994899999999,5.285
1273,5.95501899999999,5.07
1274,5.96248499999999,7.466
1275,5.96609799999999,3.613
1276,5.97154499999999,5.447
1277,5.97563299999999,4.088
1278,5.97985599999999,4.223
1279,5.98600099999999,6.145
1280,5.99108999999999,5.089
1281,5.99477399999999,3.684
1282,5.99923399999999,4.46
1283,6.00407699999999,4.843
1284,6.00943499999999,5.358
1285,6.01437699999999,4.942
1286,6.01874599999999,4.369
1287,6.02370499999999,4.959
1288,6.02739699999999,3.692
1289,6.03371999999999,6.323
1290,6.03867499999999,4.955
1291,6.04254299999999,3.868
1292,6.04697099999999,4.428
1293,6.05114599999999,4.175
1294,6.05790699999999,6.761
1295,6.06169599999999,3.789
1296,6.06591899999999,4.223
1297,6.07080199999999,4.883
1298,6.07460799999999,3.806
1299,6.08077099999999,6.163
1300,6.08508099999999,4.31
1301,6.09014799999999,5.067
1302,6.09377699999999,3.629
1303,6.09803299999999,4.256
1304,6.10623699999999,8.204
1305,6.10936199999999,3.125
1306,6.11490999999999,5.548
1307,6.11919599999999,4.286
1308,6.12413499999999,4.939
1309,6.12970299999999,5.568
1310,6.13406299999999,4.36
1311,6.13918399999999,5.121
1312,6.14322899999999,4.045
1313,6.14781099999999,4.582
1314,6.15319199999999,5.381
1315,6.15982499999999,6.633
1316,6.16422899999999,4.404
1317,6.16909799999999,4.869
1318,6.17706099999999,7.963
1319,6.18170999999999,4.649
1320,6.18589099999999,4.181
1321,6.19165099999999,5.76
1322,6.19544799999999,3.797
1323,6.20050499999999,5.057
1324,6.20477799999999,4.273
1325,6.20957399999999,4.796
1326,6.21358099999999,4.007
1327,6.21763599999999,4.055
1328,6.22270799999999,5.072
1329,6.22666899999999,3.961
1330,6.23035699999999,3.688
1331,6.23466299999999,4.306
1332,6.23992899999999,5.266
1333,6.24438599999999,4.457
1334,6.25229199999999,7.906
1335,6.26069199999999,8.4
1336,6.26514099999999,4.449
1337,6.27021099999999,5.07
1338,6.27594999999999,5.739
1339,6.28012099999999,4.171
1340,6.28466799999999,4.547
1341,6.28844399999999,3.776
1342,6.29380399999999,5.36
1343,6.29746899999999,3.665
1344,6.30370299999999,6.234
1345,6.30869699999999,4.994
1346,6.31216799999999,3.471
1347,6.31640499999999,4.237
1348,6.32149899999999,5.094
1349,6.32526799999999,3.769
1350,6.32966299999999,4.395
1351,6.33402299999999,4.36
1352,6.33914099999999,5.118
1353,6.34490399999999,5.763
1354,6.34876599999999,3.862
1355,6.35358599999999,4.82
1356,6.35720999999999,3.624
1357,6.36141899999999,4.209
1358,6.36581699999999,4.398
1359,6.37291199999999,7.095
1360,6.37615299999999,3.241
1361,6.38032399999999,4.171
1362,6.38510799999999,4.784
1363,6.38899399999999,3.886
1364,6.39322499999999,4.231
1365,6.39764099999999,4.416
1366,6.40224899999999,4.608
1367,6.40609599999999,3.847
1368,6.41080599999999,4.71
1369,6.41696399999999,6.158
1370,6.42091099999999,3.947
1371,6.42504599999999,4.135
1372,6.42942199999999,4.376
1373,6.43405099999999,4.629
1374,6.43974199999999,5.691
1375,6.44412599999999,4.384
1376,6.44895699999999,4.831
1377,6.45278399999999,3.827
1378,6.45695399999999,4.17
1379,6.46284399999999,5.89
1380,6.46795099999999,5.107
1381,6.47169799999999,3.747
1382,6.47612199999999,4.424
1383,6.48066799999999,4.546
1384,6.48630799999999,5.64
1385,6.49054899999999,4.241
1386,6.49500299999999,4.454
1387,6.49986099999999,4.858
1388,6.50341299999999,3.552
1389,6.50774399999999,4.331
1390,6.51203899999999,4.295
1391,6.51688199999999,4.843
1392,6.52093299999999,4.051
1393,6.52486799999999,3.935
1394,6.53144899999999,6.581
1395,6.53523799999999,3.789
1396,6.53971999999999,4.482
1397,6.54388799999999,4.168
1398,6.54906199999999,5.174
1399,6.55459999999999,5.538
1400,6.55938299999999,4.783
1401,6.56335199999999,3.969
1402,6.56764499999999,4.293
1403,6.57169699999999,4.052
1404,6.57600199999999,4.305
1405,6.58074299999999,4.741
1406,6.58446199999999,3.719
1407,6.58873699999999,4.275
1408,6.59390699999999,5.17
1409,6.60018599999999,6.279
1410,6.60390399999999,3.718
1411,6.60807099999999,4.167
1412,6.61279499999999,4.724
1413,6.61730099999999,4.506
1414,6.62394399999999,6.643
1415,6.62800999999999,4.066
1416,6.63415999999999,6.15
1417,6.63823399999999,4.074
1418,6.64207999999999,3.846
1419,6.64838899999999,6.309
1420,6.65286499999999,4.476
1421,6.65997299999999,7.108
1422,6.66410199999999,4.129
1423,6.66736499999999,3.263
1424,6.67413999999999,6.775
1425,6.67794999999999,3.81
1426,6.68226599999999,4.316
1427,6.68713899999999,4.873
1428,6.69109499999999,3.956
1429,6.69700899999999,5.914
1430,6.70121899999999,4.21
1431,6.70783899999999,6.62
1432,6.71518499999999,7.346
1433,6.71869099999999,3.506
1434,6.72573999999999,7.049
1435,6.72916499999999,3.425
1436,6.73355199999999,4.387
1437,6.73786599999999,4.314
1438,6.74251499999999,4.649
1439,6.74811699999999,5.602
1440,6.75241299999999,4.296
1441,6.75790999999999,5.497
1442,6.76214499999999,4.235
1443,6.76764699999999,5.502
1444,6.77358899999999,5.942
1445,6.77874299999999,5.154
1446,6.78213999999999,3.397
1447,6.78635499999999,4.215
1448,6.79138399999999,5.029
1449,6.79707299999999,5.689
1450,6.80127599999999,4.203
1451,6.80563799999999,4.362
1452,6.81050299999999,4.865
1453,6.81417899999999,3.676
1454,6.82062799999999,6.449
1455,6.82605699999999,5.429
1456,6.82973799999999,3.681
1457,6.83346799999999,3.73
1458,6.83770099999999,4.233
1459,6.84246699999999,4.766
1460,6.84616699999999,3.7
1461,6.85037299999999,4.206
1462,6.85547199999999,5.099
1463,6.85916099999999,3.689
1464,6.86536499999999,6.204
1465,6.86958799999999,4.223
1466,6.87651299999999,6.925
1467,6.87948599999999,2.973
1468,6.88467899999999,5.193
1469,6.89129899999999,6.62
1470,6.89502899999999,3.73
1471,6.89927899999999,4.25
1472,6.90370099999999,4.422
1473,6.90844399999999,4.743
1474,6.91400299999999,5.559
1475,6.91825099999999,4.248
1476,6.92380799999999,5.557
1477,6.92832999999999,4.522
1478,6.93345399999999,5.124
1479,6.93975099999999,6.297
1480,6.94452699999999,4.776
1481,6.94827799999999,3.751
1482,6.95285699999999,4.579
1483,6.95761899999999,4.762
1484,6.96322599999999,5.607
1485,6.96752399999999,4.298
1486,6.97185099999999,4.327
1487,6.97670699999999,4.856
1488,6.98045099999999,3.744
1489,6.98516399999999,4.713
1490,6.99003399999999,4.87
1491,6.99433599999999,4.302
1492,6.99877799999999,4.442
1493,7.00499199999999,6.214
1494,7.00976299999999,4.771
1495,7.01543499999999,5.672
1496,7.01996799999999,4.533
1497,7.02544899999999,5.481
1498,7.03023299999999,4.784
1499,7.03502799999999,4.795
1500,7.03984499999999,4.817
1501,7.04436299999999,4.518
1502,7.04991299999999,5.55
1503,7.05428799999999,4.375
1504,7.06096799999999,6.68
1505,7.06487899999999,3.911
1506,7.06901399999999,4.135
1507,7.07340599999999,4.392
1508,7.07820999999999,4.804
1509,7.08216099999999,3.951
1510,7.08638799999999,4.227
1511,7.09294499999999,6.557
1512,7.09690399999999,3.959
1513,7.10214699999999,5.243
1514,7.10666299999999,4.516
1515,7.11320299999999,6.54
1516,7.11696799999999,3.765
1517,7.12174799999999,4.78
1518,7.12668899999999,4.941
1519,7.13291799999999,6.229
1520,7.13604599999999,3.128
1521,7.14097599999999,4.93
1522,7.14750099999999,6.525
1523,7.15118899999999,3.688
1524,7.15749199999999,6.303
1525,7.16235599999999,4.864
1526,7.16610199999999,3.746
1527,7.17044199999999,4.34
1528,7.17479399999999,4.352
1529,7.17976299999999,4.969
1530,7.18355299999999,3.79
1531,7.18858799999999,5.035
1532,7.19466299999999,6.075
1533,7.19891199999999,4.249
1534,7.20331999999999,4.408
1535,7.20994999999999,6.63
1536,7.21470299999999,4.753
1537,7.21869899999999,3.996
1538,7.22405299999999,5.354
1539,7.23075599999999,6.703
1540,7.23434399999999,3.588
1541,7.23900099999999,4.657
1542,7.24486299999999,5.862
1543,7.24978899999999,4.926
1544,7.25567899999999,5.89
1545,7.26005599999999,4.377
1546,7.26504899999999,4.993
1547,7.26904099999999,3.992
1548,7.27342699999999,4.386
1549,7.27791899999999,4.492
1550,7.28303799999999,5.119
1551,7.28692099999999,3.883
1552,7.29141799999999,4.497
1553,7.29820799999999,6.79
1554,7.30190999999999,3.702
1555,7.30837699999999,6.467
1556,7.31343799999999,5.061
1557,7.31720799999999,3.77
1558,7.32200799999999,4.8
1559,7.32644999999999,4.442
1560,7.33142499999999,4.975
1561,7.33541499999999,3.99
1562,7.34227699999999,6.862
1563,7.34731699999999,5.04
1564,7.35049799999999,3.181
1565,7.35533399999999,4.836
1566,7.36043099999999,5.097
1567,7.36403299999999,3.602
1568,7.36878399999999,4.751
1569,7.37341899999999,4.635
1570,7.37824899999999,4.83
1571,7.38219599999999,3.947
1572,7.38670899999999,4.513
1573,7.39245999999999,5.751
1574,7.39591299999999,3.453
1575,7.40228599999999,6.373
1576,7.40743599999999,5.15
1577,7.41141099999999,3.975
1578,7.41613799999999,4.727
1579,7.42060999999999,4.472
1580,7.42592599999999,5.316
1581,7.42985299999999,3.927
1582,7.43600599999999,6.153
1583,7.44172699999999,5.721
1584,7.44717199999999,5.445
1585,7.45142999999999,4.258
1586,7.45652499999999,5.095
1587,7.46050499999999,3.98
1588,7.46492599999999,4.421
1589,7.46956599999999,4.64
1590,7.47456199999999,4.996
1591,7.47855499999999,3.993
1592,7.48300899999999,4.454
1593,7.48984199999999,6.833
1594,7.49375999999999,3.918
1595,7.50017299999999,6.413
1596,7.50527999999999,5.107
1597,7.50927899999999,3.999
1598,7.51371399999999,4.435
1599,7.51823199999999,4.518
1600,7.52376399999999,5.532
1601,7.52727099999999,3.507
1602,7.53330699999999,6.036
1603,7.53832799999999,5.021
1604,7.54400799999999,5.68
1605,7.54847099999999,4.463
1606,7.55264499999999,4.174
1607,7.55768099999999,5.036
1608,7.56171899999999,4.038
1609,7.56607499999999,4.356
1610,7.57106899999999,4.994
1611,7.57517499999999,4.106
1612,7.57969799999999,4.523
1613,7.58555999999999,5.862
1614,7.59042999999999,4.87
1615,7.59611399999999,5.684
1616,7.60033699999999,4.223
1617,7.60536399999999,5.027
1618,7.60898499999999,3.621
1619,7.61385999999999,4.875
1620,7.61761499999999,3.755
1621,7.62308199999999,5.467
1622,7.62793999999999,4.858
1623,7.63300399999999,5.064
1624,7.64006899999999,7.065
1625,7.64790799999999,7.839
1626,7.65273499999999,4.827
1627,7.65891199999999,6.177
1628,7.66218399999999,3.272
1629,7.66622999999999,4.046
1630,7.67270699999999,6.477
1631,7.67800799999999,5.301
1632,7.68166399999999,3.656
1633,7.68992299999999,8.259
1634,7.69552099999999,5.598
1635,7.70003099999999,4.51
1636,7.70704299999999,7.012
1637,7.71065999999999,3.617
1638,7.71443199999999,3.772
1639,7.71848299999999,4.051
1640,7.72285299999999,4.37
1641,7.72796199999999,5.109
1642,7.73283599999999,4.874
1643,7.73723499999999,4.399
1644,7.74395599999999,6.721
1645,7.74792999999999,3.974
1646,7.75144199999999,3.512
1647,7.75620499999999,4.763
1648,7.75986299999999,3.658
1649,7.76402399999999,4.161
1650,7.76830799999999,4.284
1651,7.77311499999999,4.807
1652,7.77863399999999,5.519
1653,7.78458199999999,5.948
1654,7.78956499999999,4.983
1655,7.79508399999999,5.519
1656,7.79940799999999,4.324
1657,7.80326799999999,3.86
1658,7.80794699999999,4.679
1659,7.81162399999999,3.677
1660,7.81585999999999,4.236
1661,7.82046799999999,4.608
1662,7.82615099999999,5.683
1663,7.82971599999999,3.565
1664,7.83569899999999,5.983
1665,7.84089899999999,5.2
1666,7.84540399999999,4.505
1667,7.85038999999999,4.986
1668,7.85573399999999,5.344
1669,7.85896499999999,3.231
1670,7.86291399999999,3.949
1671,7.86768399999999,4.77
1672,7.87568299999999,7.999
1673,7.87841699999999,2.734
1674,7.88248199999999,4.065
1675,7.88928499999999,6.803
1676,7.89278599999999,3.501
1677,7.89701699999999,4.231
1678,7.90125099999999,4.234
1679,7.90776399999999,6.513
1680,7.91092599999999,3.162
1681,7.91611299999999,5.187
1682,7.92275399999999,6.641
1683,7.92610999999999,3.356
1684,7.93210799999999,5.998
1685,7.93629799999999,4.19
1686,7.94149399999999,5.196
1687,7.94465499999999,3.161
1688,7.94891499999999,4.26
1689,7.95378399999999,4.869
1690,7.95916299999999,5.379
1691,7.96369699999999,4.534
1692,7.96827499999999,4.578
1693,7.97511499999999,6.84
1694,7.97846199999999,3.347
1695,7.98475799999999,6.296
1696,7.98993799999999,5.18
1697,7.99301999999999,3.082
1698,7.99734799999999,4.328
1699,8.00146299999999,4.115
1700,8.00851299999999,7.05
1701,8.01184499999999,3.332
1702,8.01775399999999,5.909
1703,8.02286099999999,5.107
1704,8.02792399999999,5.063
1705,8.03216799999999,4.244
1706,8.03651399999999,4.346
1707,8.04122599999999,4.712
1708,8.04467999999999,3.454
1709,8.04879899999999,4.119
1710,8.05363899999999,4.84
1711,8.06054499999999,6.906
1712,8.06471499999999,4.17
1713,8.06836299999999,3.648
1714,8.07336099999999,4.998
1715,8.07868899999999,5.328
1716,8.08303199999999,4.343
1717,8.08766699999999,4.635
1718,8.09133999999999,3.673
1719,8.09546499999999,4.125
1720,8.09961999999999,4.155
1721,8.10464899999999,5.029
1722,8.10823899999999,3.59
1723,8.11234199999999,4.103
1724,8.11870799999999,6.366
1725,8.12275599999999,4.048
1726,8.12704099999999,4.285
1727,8.13115999999999,4.119
1728,8.13541499999999,4.255
1729,8.14109199999999,5.677
1730,8.14526899999999,4.177
1731,8.15019899999999,4.93
1732,8.15376599999999,3.567
1733,8.15867499999999,4.909
1734,8.16364699999999,4.972
1735,8.16929999999999,5.653
1736,8.17296599999999,3.666
1737,8.17684499999999,3.879
1738,8.18178299999999,4.938
1739,8.18507899999999,3.296
1740,8.19185699999999,6.778
1741,8.19535799999999,3.501
1742,8.20116399999999,5.806
1743,8.20482199999999,3.658
1744,8.20890399999999,4.082
1745,8.21427299999999,5.369
1746,8.21727199999999,2.999
1747,8.22138699999999,4.115
1748,8.22794299999999,6.556
1749,8.23343099999999,5.488
1750,8.23698799999999,3.557
1751,8.24125899999999,4.271
1752,8.24523899999999,3.98
1753,8.251777,6.538
1754,8.25540199999999,3.625
1755,8.260628,5.226
1756,8.265265,4.637
1757,8.268241,2.976
1758,8.273874,5.633
1759,8.277501,3.627
1760,8.282385,4.884
1761,8.285944,3.559
1762,8.292521,6.577
1763,8.296676,4.155
1764,8.302268,5.592
1765,8.305991,3.723
1766,8.309838,3.847
1767,8.314891,5.053
1768,8.31872,3.829
1769,8.325037,6.317
1770,8.332493,7.456
1771,8.336639,4.146
1772,8.341138,4.499
1773,8.346917,5.779
1774,8.351239,4.322
1775,8.36051,9.271
1776,8.364291,3.781
1777,8.367758,3.467
1778,8.373109,5.351
1779,8.376618,3.509
1780,8.380688,4.07
1781,8.38476,4.072
1782,8.396716,11.956
1783,8.40025,3.534
1784,8.403376,3.126
1785,8.408693,5.317
1786,8.411853,3.16
1787,8.415976,4.123
1788,8.42053,4.554
1789,8.425459,4.929
1790,8.429858,4.399
1791,8.433949,4.091
1792,8.439876,5.927
1793,8.445333,5.457
1794,8.44933,3.997
1795,8.455872,6.542
1796,8.460925,5.053
1797,8.463866,2.941
1798,8.468031,4.165
1799,8.473391,5.36
1800,8.476581,3.19
1801,8.480798,4.217
1802,8.486826,6.028
1803,8.492269,5.443
1804,8.496874,4.605
1805,8.501132,4.258
1806,8.506121,4.989
1807,8.50973,3.609
1808,8.513842,4.112
1809,8.518031,4.189
1810,8.523743,5.712
1811,8.528731,4.988
1812,8.533698,4.967
1813,8.540498,6.8
1814,8.54378,3.282
1815,8.550038,6.258
1816,8.554565,4.527
1817,8.559665,5.1
1818,8.563472,3.807
1819,8.567018,3.546
1820,8.572185,5.167
1821,8.575585,3.4
1822,8.581391,5.806
1823,8.585561,4.17
1824,8.592637,7.076
1825,8.596058,3.421
1826,8.60029,4.232
1827,8.605428,5.138
1828,8.608713,3.285
1829,8.613126,4.413
1830,8.617259,4.133
1831,8.62548,8.221
1832,8.630432,4.952
1833,8.633082,2.65
1834,8.638563,5.481
1835,8.644334,5.771
1836,8.64774,3.406
1837,8.653857,6.117
1838,8.659196,5.339
1839,8.665009,5.813
1840,8.670481,5.472
1841,8.67685899999999,6.378
1842,8.68093699999999,4.078
1843,8.68673599999999,5.799
1844,8.69178899999999,5.053
1845,8.69848499999999,6.696
1846,8.70146399999999,2.979
1847,8.70559499999999,4.131
1848,8.71039899999999,4.804
1849,8.71419499999999,3.796
1850,8.71832699999999,4.132
1851,8.72469999999999,6.373
1852,8.73057899999999,5.879
1853,8.73351799999999,2.939
1854,8.74042299999999,6.905
1855,8.74484999999999,4.427
1856,8.74806999999999,3.22
1857,8.75233099999999,4.261
1858,8.75746399999999,5.133
1859,8.76217499999999,4.711
1860,8.76599499999999,3.82
1861,8.77019199999999,4.197
1862,8.77690099999999,6.709
1863,8.78172399999999,4.823
1864,8.78564699999999,3.923
1865,8.79208699999999,6.44
1866,8.79680599999999,4.719
1867,8.80045199999999,3.646
1868,8.80539399999999,4.942
1869,8.81158299999999,6.189
1870,8.81463199999999,3.049
1871,8.82024199999999,5.61
1872,8.82592299999999,5.681
1873,8.83064499999999,4.722
1874,8.83619599999999,5.551
1875,8.84125199999999,5.056
1876,8.84562299999999,4.371
1877,8.84923799999999,3.615
1878,8.85341099999999,4.173
1879,8.85762299999999,4.212
1880,8.86261299999999,4.99
1881,8.86641199999999,3.799
1882,8.87084999999999,4.438
1883,8.87615899999999,5.309
1884,8.87989599999999,3.737
1885,8.88603199999999,6.136
1886,8.89026899999999,4.237
1887,8.89499999999999,4.731
1888,8.89873499999999,3.735
1889,8.90291199999999,4.177
1890,8.91093399999999,8.022
1891,8.91393099999999,2.997
1892,8.919228,5.297
1893,8.92350799999999,4.28
1894,8.93041099999999,6.903
1895,8.93380699999999,3.396
1896,8.93839499999999,4.588
1897,8.94398199999999,5.587
1898,8.94835899999999,4.377
1899,8.95097099999999,2.612
1900,8.95553199999999,4.561
1901,8.96157699999999,6.045
1902,8.96492599999999,3.349
1903,8.971199,6.273
1904,8.97658699999999,5.388
1905,8.981416,4.829
1906,8.985809,4.393
1907,8.990074,4.265
1908,8.995119,5.045
1909,8.998379,3.26
1910,9.002811,4.432
1911,9.008731,5.92
1912,9.013029,4.298
1913,9.017142,4.113
1914,9.023346,6.204
1915,9.028123,4.777
1916,9.031721,3.598
1917,9.036077,4.356
1918,9.043334,7.257
1919,9.04747,4.136
1920,9.051026,3.556
1921,9.055439,4.413
1922,9.060149,4.71
1923,9.064155,4.006
1924,9.068067,3.912
1925,9.074238,6.171
1926,9.077117,2.879
1927,9.081339,4.222
1928,9.085663,4.324
1929,9.091705,6.042
1930,9.09452,2.815
1931,9.100639,6.119
1932,9.105597,4.958
1933,9.110785,5.188
1934,9.115417,4.632
1935,9.121653,6.236
1936,9.126244,4.591
1937,9.131945,5.701
1938,9.13624,4.295
1939,9.143272,7.032
1940,9.147354,4.082
1941,9.152751,5.397
1942,9.157117,4.366
1943,9.163612,6.495
1944,9.167504,3.892
1945,9.173558,6.054
1946,9.178337,4.779
1947,9.183848,5.511
1948,9.188253,4.405
1949,9.19425,5.997
1950,9.198763,4.513
1951,9.204886,6.123
1952,9.209068,4.182
1953,9.215428,6.36
1954,9.219066,3.638
1955,9.225106,6.04
1956,9.230156,5.05
1957,9.23547,5.314
1958,9.240363,4.893
1959,9.246885,6.522
1960,9.250018,3.133
1961,9.256455,6.437
1962,9.261073,4.618
1963,9.266657,5.584
1964,9.272145,5.488
1965,9.277461,5.316
1966,9.281144,3.683
1967,9.28754700000001,6.403
1968,9.29207600000001,4.529
1969,9.297664,5.588
1970,9.301871,4.207
1971,9.308515,6.644
1972,9.312271,3.756
1973,9.318351,6.08
1974,9.323162,4.811
1975,9.328727,5.565
1976,9.332918,4.191
1977,9.340098,7.18
1978,9.344064,3.966
1979,9.34954600000001,5.482
1980,9.354631,5.085
1981,9.35992,5.289
1982,9.364313,4.393
1983,9.370409,6.096
1984,9.375286,4.877
1985,9.380791,5.505
1986,9.384943,4.152
1987,9.391796,6.853
1988,9.395485,3.689
1989,9.40141,5.925
1990,9.406771,5.361
1991,9.411952,5.181
1992,9.416198,4.246
1993,9.423555,7.357
1994,9.426965,3.41
1995,9.433016,6.051
1996,9.44116,8.144
1997,9.444885,3.725
1998,9.453871,8.986
1999,9.459278,5.407
2000,9.463968,4.69
2001,9.468402,4.434
2002,9.475612,7.21
2003,9.479119,3.507
2004,9.48465300000001,5.534
2005,9.49086100000001,6.208
2006,9.49585900000001,4.998
2007,9.50351700000001,7.658
2008,9.51342600000001,9.909
2009,9.51756400000001,4.138
2010,9.52324100000001,5.677
2011,9.52942100000001,6.18
2012,9.53525100000001,5.83
2013,9.53967800000001,4.427
2014,9.54632800000001,6.65
2015,9.55010700000001,3.779
2016,9.55735700000001,7.25
2017,9.56587200000001,8.515
2018,9.56891600000001,3.044
2019,9.57324900000001,4.333
2020,9.57843900000001,5.19
2021,9.58384700000001,5.408
2022,9.58802000000001,4.173
2023,9.59297400000001,4.954
2024,9.596537,3.563
2025,9.60078700000001,4.25
2026,9.60778700000001,7.0
2027,9.613401,5.614
2028,9.617429,4.028
2029,9.624458,7.029
2030,9.627751,3.293
2031,9.633962,6.211
2032,9.638825,4.863
2033,9.644242,5.417
2034,9.648633,4.391
2035,9.655205,6.572
2036,9.659442,4.237
2037,9.665073,5.631
2038,9.669295,4.222
2039,9.675872,6.577
2040,9.679613,3.741
2041,9.685679,6.066
2042,9.690752,5.073
2043,9.695956,5.204
2044,9.70038,4.424
2045,9.706926,6.546
2046,9.71062300000001,3.697
2047,9.71684900000001,6.226
2048,9.72344000000001,6.591
2049,9.72724000000001,3.8
2050,9.731411,4.171
2051,9.73838,6.969
2052,9.74189700000001,3.517
2053,9.747995,6.098
2054,9.752379,4.384
2055,9.759154,6.775
2056,9.762911,3.757
2057,9.768938,6.027
2058,9.773969,5.031
2059,9.779357,5.388
2060,9.78624,6.883
2061,9.79038600000001,4.146
2062,9.79399500000001,3.609
2063,9.80035000000001,6.355
2064,9.805157,4.807
2065,9.810716,5.559
2066,9.814951,4.235
2067,9.822102,7.151
2068,9.825527,3.425
2069,9.831584,6.057
2070,9.835874,4.29
2071,9.842532,6.658
2072,9.846274,3.742
2073,9.852519,6.245
2074,9.857418,4.899
2075,9.862859,5.441
2076,9.86732,4.461
2077,9.873883,6.563
2078,9.877663,3.78
2079,9.883834,6.171
2080,9.88865,4.816
2081,9.894258,5.608
2082,9.898606,4.348
2083,9.90534,6.734
2084,9.909084,3.744
2085,9.915332,6.248
2086,9.919886,4.554
2087,9.926662,6.776
2088,9.930255,3.593
2089,9.936469,6.214
2090,9.94152,5.051
2091,9.946954,5.434
2092,9.951588,4.634
2093,9.958086,6.498
2094,9.962032,3.946
2095,9.968402,6.37
2096,9.973598,5.196
2097,9.978812,5.214
2098,9.983448,4.636
2099,9.990089,6.641
2100,9.994045,3.956
2101,10.000222,6.177
2102,10.005328,5.106
2103,10.010923,5.595
2104,10.015317,4.394
2105,10.022164,6.847
2106,10.026164,4.0
2107,10.032283,6.119
2108,10.03814,5.857
2109,10.043228,5.088
2110,10.047558,4.33
2111,10.053858,6.3
2112,10.05896,5.102
2113,10.064509,5.549
2114,10.069385,4.876
2115,10.075875,6.49
2116,10.079643,3.768
2117,10.08596,6.317
2118,10.091182,5.222
2119,10.096751,5.569
2120,10.101332,4.581
2121,10.108064,6.732
2122,10.111971,3.907
2123,10.118254,6.283
2124,10.123946,5.692
2125,10.129358,5.412
2126,10.133886,4.528
2127,10.140462,6.576
2128,10.144584,4.122
2129,10.150806,6.222
2130,10.156069,5.263
2131,10.161421,5.352
2132,10.166057,4.636
2133,10.172878,6.821
2134,10.177045,4.167
2135,10.182862,5.817
2136,10.188089,5.227
2137,10.192185,4.096
2138,10.196544,4.359
2139,10.201742,5.198
2140,10.207867,6.125
2141,10.211693,3.826
2142,10.216249,4.556
2143,10.221145,4.896
2144,10.225011,3.866
2145,10.231142,6.131
2146,10.236944,5.802
2147,10.241671,4.727
2148,10.246352,4.681
2149,10.250756,4.404
2150,10.25726,6.504
2151,10.261348,4.088
2152,10.265299,3.951
2153,10.270517,5.218
2154,10.274021,3.504
2155,10.280344,6.323
2156,10.285255,4.911
2157,10.288935,3.68
2158,10.293189,4.254
2159,10.29742,4.231
2160,10.304447,7.027
2161,10.307807,3.36
2162,10.311614,3.807
2163,10.316481,4.867
2164,10.321054,4.573
2165,10.326703,5.649
2166,10.331756,5.053
2167,10.336214,4.458
2168,10.341171,4.957
2169,10.345958,4.787
2170,10.352618,6.66
2171,10.356476,3.858
2172,10.36055,4.074
2173,10.365623,5.073
2174,10.369111,3.488
2175,10.375415,6.304
2176,10.380203,4.788
2177,10.384177,3.974
2178,10.38827,4.093
2179,10.392493,4.223
2180,10.39918,6.687
2181,10.40277,3.59
2182,10.407129,4.359
2183,10.411403,4.274
2184,10.416428,5.025
2185,10.420076,3.648
2186,10.424483,4.407
2187,10.428533,4.05
2188,10.434215,5.682
2189,10.438468,4.253
2190,10.443292,4.824
2191,10.447498,4.206
2192,10.452521,5.023
2193,10.456329,3.808
2194,10.460346,4.017
2195,10.466719,6.373
2196,10.471227,4.508
2197,10.47485,3.623
2198,10.479271,4.421
2199,10.483444,4.173
2200,10.488297,4.853
2201,10.491853,3.556
2202,10.496055,4.202
2203,10.50087,4.815
2204,10.505285,4.415
2205,10.510686,5.401
2206,10.515095,4.409
2207,10.519261,4.166
2208,10.524104,4.843
2209,10.527679,3.575
2210,10.53406,6.381
2211,10.540743,6.683
2212,10.544504,3.761
2213,10.548873,4.369
2214,10.554128,5.255
2215,10.559832,5.704
2216,10.563428,3.596
2217,10.567952,4.524
2218,10.572057,4.105
2219,10.576759,4.702
2220,10.582289,5.53
2221,10.58652,4.231
2222,10.591392,4.872
2223,10.595192,3.8
2224,10.599288,4.096
2225,10.604039,4.751
2226,10.608573,4.534
2227,10.612242,3.669
2228,10.617204,4.962
2229,10.6208,3.596
2230,10.627528,6.728
2231,10.631195,3.667
2232,10.635477,4.282
2233,10.640582,5.105
2234,10.64404,3.458
2235,10.650386,6.346
2236,10.654833,4.447
2237,10.659698,4.865
2238,10.663075,3.377
2239,10.667532,4.457
2240,10.673686,6.154
2241,10.678486,4.8
2242,10.682203,3.717
2243,10.686612,4.409
2244,10.69144,4.828
2245,10.696988,5.548
2246,10.701462,4.474
2247,10.705893,4.431
2248,10.710434,4.541
2249,10.714112,3.678
2250,10.719044,4.932
2251,10.723637,4.593
2252,10.727522,3.885
2253,10.731389,3.867
2254,10.735904,4.515
2255,10.742433,6.529
2256,10.746196,3.763
2257,10.750518,4.322
2258,10.756323,5.805
2259,10.761536,5.213
2260,10.765992,4.456
2261,10.770279,4.287
2262,10.774559,4.28
2263,10.779288,4.729
2264,10.783199,3.911
2265,10.787721,4.522
2266,10.792932,5.211
2267,10.796245,3.313
2268,10.800673,4.428
2269,10.805103,4.43
2270,10.811984,6.881
2271,10.815584,3.6
2272,10.821164,5.58
2273,10.82563,4.466
2274,10.831328,5.698
2275,10.836723,5.395
2276,10.840904,4.181
2277,10.845937,5.033
2278,10.849604,3.667
2279,10.854949,5.345
2280,10.859952,5.003
2281,10.864604,4.652
2282,10.868552,3.948
2283,10.873092,4.54
2284,10.877272,4.18
2285,10.884112,6.84
2286,10.887377,3.265
2287,10.89172,4.343
2288,10.896508,4.788
2289,10.900545,4.037
2290,10.904647,4.102
2291,10.908804,4.157
2292,10.913573,4.769
2293,10.917577,4.004
2294,10.923523,5.946
2295,10.927865,4.342
2296,10.932975,5.11
2297,10.936534,3.559
2298,10.940702,4.168
2299,10.945999,5.297
2300,10.951176,5.177
2301,10.957033,5.857
2302,10.961681,4.648
2303,10.966826,5.145
2304,10.970733,3.907
2305,10.976407,5.674
2306,10.981156,4.749
2307,10.984946,3.79
2308,10.989506,4.56
2309,10.993473,3.967
2310,11.000493,7.02
2311,11.003968,3.475
2312,11.008178,4.21
2313,11.013109,4.931
2314,11.016905,3.796
2315,11.024372,7.467
2316,11.027667,3.295
2317,11.032539,4.872
2318,11.036369,3.83
2319,11.040644,4.275
2320,11.047466,6.822
2321,11.051213,3.747
2322,11.055862,4.649
2323,11.059857,3.995
2324,11.064597,4.74
2325,11.070242,5.645
2326,11.074532,4.29
2327,11.079587,5.055
2328,11.083122,3.535
2329,11.087733,4.611
2330,11.093684,5.951
2331,11.098705,5.021
2332,11.102492,3.787
2333,11.106515,4.023
2334,11.111386,4.871
2335,11.117073,5.687
2336,11.121977,4.904
2337,11.126246,4.269
2338,11.130572,4.326
2339,11.134303,3.731
2340,11.138628,4.325
2341,11.143238,4.61
2342,11.147125,3.887
2343,11.151848,4.723
2344,11.156816,4.968
2345,11.163059,6.243
2346,11.166591,3.532
2347,11.170927,4.336
2348,11.175873,4.946
2349,11.179691,3.818
2350,11.185999,6.308
2351,11.191152,5.153
2352,11.197094,5.942
2353,11.20104,3.946
2354,11.205177,4.137
2355,11.21193,6.753
2356,11.215631,3.701
2357,11.22041,4.779
2358,11.225587,5.177
2359,11.231822,6.235
2360,11.237338,5.516
2361,11.241675,4.337
2362,11.246447,4.772
2363,11.25075,4.303
2364,11.254646,3.896
2365,11.260866,6.22
2366,11.265784,4.918
2367,11.269563,3.779
2368,11.274139,4.576
2369,11.278971,4.832
2370,11.285259,6.288
2371,11.289145,3.886
2372,11.2932,4.055
2373,11.298,4.8
2374,11.302087,4.087
2375,11.30806,5.973
2376,11.313011,4.951
2377,11.316849,3.838
2378,11.321779,4.93
2379,11.326845,5.066
2380,11.332136,5.291
2381,11.336086,3.95
2382,11.340323,4.237
2383,11.345347,5.024
2384,11.349058,3.711
2385,11.353408,4.35
2386,11.357805,4.397
2387,11.362698,4.893
2388,11.36653,3.832
2389,11.370852,4.322
2390,11.377645,6.793
2391,11.381336,3.691
2392,11.385915,4.579
2393,11.390182,4.267
2394,11.395163,4.981
2395,11.400963,5.8
2396,11.405041,4.078
2397,11.409941,4.9
2398,11.413649,3.708
2399,11.418303,4.654
2400,11.424826,6.523
2401,11.429428,4.602
2402,11.433313,3.885
2403,11.437662,4.349
2404,11.442612,4.95
2405,11.448228,5.616
2406,11.452526,4.298
2407,11.456759,4.233
2408,11.461746,4.987
2409,11.46548,3.734
2410,11.470024,4.544
2411,11.475189,5.165
2412,11.47872,3.531
2413,11.483127,4.407
2414,11.487486,4.359
2415,11.494219,6.733
2416,11.497992,3.773
2417,11.502361,4.369
2418,11.507549,5.188
2419,11.51114,3.591
2420,11.517805,6.665
2421,11.522072,4.267
2422,11.526608,4.536
2423,11.530419,3.811
2424,11.534844,4.425
2425,11.541978,7.134
2426,11.545531,3.553
2427,11.550046,4.515
2428,11.554248,4.202
2429,11.559218,4.97
2430,11.564809,5.591
2431,11.569311,4.502
2432,11.574178,4.867
2433,11.57809,3.912
2434,11.582356,4.266
2435,11.586798,4.442
2436,11.59208,5.282
2437,11.595492,3.412
2438,11.600097,4.605
2439,11.605125,5.028
2440,11.610506,5.381
2441,11.614952,4.446
2442,11.619463,4.511
2443,11.62497,5.507
2444,11.628227,3.257
2445,11.634637,6.41
2446,11.640376,5.739
2447,11.644062,3.686
2448,11.647761,3.699
2449,11.652168,4.407
2450,11.659143,6.975
2451,11.66279,3.647
2452,11.667618,4.828
2453,11.672681,5.063
2454,11.676001,3.32
2455,11.682299,6.298
2456,11.686811,4.512
2457,11.691686,4.875
2458,11.695655,3.969
2459,11.700228,4.573
2460,11.706998,6.77
2461,11.711018,4.02
2462,11.715431,4.413
2463,11.719898,4.467
2464,11.724633,4.735
2465,11.730412,5.779
2466,11.734754,4.342
2467,11.740638,5.884
2468,11.744828,4.19
2469,11.750517,5.689
2470,11.756636,6.119
2471,11.76176,5.124
2472,11.765469,3.709
2473,11.77013,4.661
2474,11.775017,4.887
2475,11.780691,5.674
2476,11.785109,4.418
2477,11.789608,4.499
2478,11.794643,5.035
2479,11.798439,3.796
2480,11.803589,5.15
2481,11.808181,4.592
2482,11.812242,4.061
2483,11.817289,5.047
2484,11.821824,4.535
2485,11.828077,6.253
2486,11.832092,4.015
2487,11.836791,4.699
2488,11.841908,5.117
2489,11.84552,3.612
2490,11.851878,6.358
2491,11.856359,4.481
2492,11.861581,5.222
2493,11.865455,3.874
2494,11.870126,4.671
2495,11.876821,6.695
2496,11.880714,3.893
2497,11.885379,4.665
2498,11.889872,4.493
2499,11.894935,5.063
2500,11.900827,5.892
2501,11.905295,4.468
2502,11.910352,5.057
2503,11.914487,4.135
2504,11.918862,4.375
2505,11.925208,6.346
2506,11.930295,5.087
2507,11.934466,4.171
2508,11.939487,5.021
2509,11.944343,4.856
2510,11.950185,5.842
2511,11.954271,4.086
2512,11.958878,4.607
2513,11.963916,5.038
2514,11.968076,4.16
2515,11.972415,4.339
2516,11.977613,5.198
2517,11.98159,3.977
2518,11.986378,4.788
2519,11.990807,4.429
2520,11.99769,6.883
2521,12.001834,4.144
2522,12.006218,4.384
2523,12.011208,4.99
2524,12.01525,4.042
2525,12.019788,4.538
2526,12.024331,4.543
2527,12.029315,4.984
2528,12.033349,4.034
2529,12.039116,5.767
2530,12.044703,5.587
2531,12.04853,3.827
2532,12.052993,4.463
2533,12.057428,4.435
2534,12.062484,5.056
2535,12.068324,5.84
2536,12.072668,4.344
2537,12.077464,4.796
2538,12.081375,3.911
2539,12.085747,4.372
2540,12.091896,6.149
2541,12.096788,4.892
2542,12.10072,3.932
2543,12.105094,4.374
2544,12.109953,4.859
2545,12.11532,5.367
2546,12.122561,7.241
2547,12.125949,3.388
2548,12.131022,5.073
2549,12.134912,3.89
2550,12.140998,6.086
2551,12.145698,4.7
2552,12.149579,3.881
2553,12.154585,5.006
2554,12.158869,4.284
2555,12.164862,5.993
2556,12.168973,4.111
2557,12.172816,3.843
2558,12.177842,5.026
2559,12.181463,3.621
2560,12.18683,5.367
2561,12.191286,4.456
2562,12.197216,5.93
2563,12.201007,3.791
2564,12.205141,4.134
2565,12.211904,6.763
2566,12.215439,3.535
2567,12.220406,4.967
2568,12.226739,6.333
2569,12.231114,4.375
2570,12.236656,5.542
2571,12.240941,4.285
2572,12.245859,4.918
2573,12.249456,3.597
2574,12.25441,4.954
2575,12.260343,5.933
2576,12.264994,4.651
2577,12.268647,3.653
2578,12.272894,4.247
2579,12.278215,5.321
2580,12.28333,5.115
2581,12.288594,5.264
2582,12.292284,3.69
2583,12.29697,4.686
2584,12.300616,3.646
2585,12.306733,6.117
2586,12.311484,4.751
2587,12.315181,3.697
2588,12.32021,5.029
2589,12.325907,5.697
2590,12.330549,4.642
2591,12.334462,3.913
2592,12.33864,4.178
2593,12.343264,4.624
2594,12.347114,3.85
2595,12.353608,6.494
2596,12.358483,4.875
2597,12.362437,3.954
2598,12.36611,3.673
2599,12.370799,4.689
2600,12.377327,6.528
2601,12.380864,3.537
2602,12.387879,7.015
2603,12.391539,3.66
2604,12.396139,4.6
2605,12.400492,4.353
2606,12.404653,4.161
2607,12.411367,6.714
2608,12.415213,3.846
2609,12.419855,4.642
2610,12.42532,5.465
2611,12.429095,3.775
2612,12.435161,6.066
2613,12.439089,3.928
2614,12.443929,4.84
2615,12.448226,4.297
2616,12.452819,4.593
2617,12.458834,6.015
2618,12.463672,4.838
2619,12.467446,3.774
2620,12.471584,4.138
2621,12.4764,4.816
2622,12.480302,3.902
2623,12.484948,4.646
2624,12.490951,6.003
2625,12.495709,4.758
2626,12.501276,5.567
2627,12.505438,4.162
2628,12.512119,6.681
2629,12.515918,3.799
2630,12.520901,4.983
2631,12.525172,4.271
2632,12.529228,4.056
2633,12.533177,3.949
2634,12.537613,4.436
2635,12.543942,6.329
2636,12.547619,3.677
2637,12.556146,8.527
2638,12.559047,2.901
2639,12.565286,6.239
2640,12.568914,3.628
2641,12.573147,4.233
2642,12.578045,4.898
2643,12.581766,3.721
2644,12.587102,5.336
2645,12.592102,5.0
2646,12.59752,5.418
2647,12.601438,3.918
2648,12.607516,6.078
2649,12.61242,4.904
2650,12.616193,3.773
2651,12.620684,4.491
2652,12.625145,4.461
2653,12.630343,5.198
2654,12.635767,5.424
2655,12.641327,5.56
2656,12.646215,4.888
2657,12.651812,5.597
2658,12.656067,4.255
2659,12.6604,4.333
2660,12.665303,4.903
2661,12.669547,4.244
2662,12.67359,4.043
2663,12.67815,4.56
2664,12.682345,4.195
2665,12.686659,4.314
2666,12.692734,6.075
2667,12.697444,4.71
2668,12.705957,8.513
2669,12.711829,5.872
2670,12.716727,4.898
2671,12.723325,6.598
2672,12.730564,7.239
2673,12.735431,4.867
2674,12.740358,4.927
2675,12.747778,7.42
2676,12.751689,3.911
2677,12.757392,5.703
2678,12.764435,7.043
2679,12.768641,4.206
2680,12.774656,6.015
2681,12.77999,5.334
2682,12.783385,3.395
2683,12.788595,5.21
2684,12.79338,4.785
2685,12.798459,5.079
2686,12.809622,11.163
2687,12.816734,7.112
2688,12.824059,7.325
2689,12.828431,4.372
2690,12.833066,4.635
2691,12.837318,4.252
2692,12.842501,5.183
2693,12.847426,4.925
2694,12.852348,4.922
2695,12.85677,4.422
2696,12.860406,3.636
2697,12.864565,4.159
2698,12.870805,6.24
2699,12.875257,4.452
2700,12.879759,4.502
2701,12.885005,5.246
2702,12.888379,3.374
2703,12.894382,6.003
2704,12.89951,5.128
2705,12.90601,6.5
2706,12.909418,3.408
2707,12.914034,4.616
2708,12.91959,5.556
2709,12.923814,4.224
2710,12.928171,4.357
2711,12.933173,5.002
2712,12.939171,5.998
2713,12.94381,4.639
2714,12.950097,6.287
2715,12.954389,4.292
2716,12.957945,3.556
2717,12.96214,4.195
2718,12.969077,6.937
2719,12.973531,4.454
2720,12.976737,3.206
2721,12.981677,4.94
2722,12.985811,4.134
2723,12.991684,5.873
2724,12.99591,4.226
2725,13.001793,5.883
2726,13.006572,4.779
2727,13.011137,4.565
2728,13.018003,6.866
2729,13.021437,3.434
2730,13.025654,4.217
2731,13.02996,4.306
2732,13.035309,5.349
2733,13.039838,4.529
2734,13.043506,3.668
2735,13.048286,4.78
2736,13.052081,3.795
2737,13.056228,4.147
2738,13.062049,5.821
2739,13.066886,4.837
2740,13.071335,4.449
2741,13.075102,3.767
2742,13.080031,4.929
2743,13.085379,5.348
2744,13.089707,4.328
2745,13.093915,4.208
2746,13.098776,4.861
2747,13.103325,4.549
2748,13.109006,5.681
2749,13.113515,4.509
2750,13.117557,4.042
2751,13.121543,3.986
2752,13.125947,4.404
2753,13.132573,6.626
2754,13.136689,4.116
2755,13.141854,5.165
2756,13.147546,5.692
2757,13.15168,4.134
2758,13.157415,5.735
2759,13.161751,4.336
2760,13.166758,5.007
2761,13.170744,3.986
2762,13.174809,4.065
2763,13.181293,6.484
2764,13.185241,3.948
2765,13.1895,4.259
2766,13.193839,4.339
2767,13.19866,4.821
2768,13.202741,4.081
2769,13.207002,4.261
2770,13.21131,4.308
2771,13.218796,7.486
2772,13.225142,6.346
2773,13.228345,3.203
2774,13.235269,6.924
2775,13.238585,3.316
2776,13.242863,4.278
2777,13.247218,4.355
2778,13.254982,7.764
2779,13.259252,4.27
2780,13.263974,4.722
2781,13.268821,4.847
2782,13.27342,4.599
2783,13.278835,5.415
2784,13.28341,4.575
2785,13.288298,4.888
2786,13.291936,3.638
2787,13.296276,4.34
2788,13.302228,5.952
2789,13.30725,5.022
2790,13.311137,3.887
2791,13.315646,4.509
2792,13.319631,3.985
2793,13.326411,6.78
2794,13.329973,3.562
2795,13.334463,4.49
2796,13.339334,4.871
2797,13.343322,3.988
2798,13.349301,5.979
2799,13.354187,4.886
2800,13.359825,5.638
2801,13.362895,3.07
2802,13.366841,3.946
2803,13.373407,6.566
2804,13.377327,3.92
2805,13.381673,4.346
2806,13.386141,4.468
2807,13.391094,4.953
2808,13.396471,5.377
2809,13.40101,4.539
2810,13.405949,4.939
2811,13.411074,5.125
2812,13.415021,3.947
2813,13.419321,4.3
2814,13.423524,4.203
2815,13.427474,3.95
2816,13.431684,4.21
2817,13.436057,4.373
2818,13.441132,5.075
2819,13.444975,3.843
2820,13.449216,4.241
2821,13.456414,7.198
2822,13.46085,4.436
2823,13.4656,4.75
2824,13.470013,4.413
2825,13.474949,4.936
2826,13.478724,3.775
2827,13.483064,4.34
2828,13.489971,6.907
2829,13.493781,3.81
2830,13.499946,6.165
2831,13.50425,4.304
2832,13.511099,6.849
2833,13.514939,3.84
2834,13.51934,4.401
2835,13.524286,4.946
2836,13.528169,3.883
2837,13.532578,4.409
2838,13.537007,4.429
2839,13.543364,6.357
2840,13.547087,3.723
2841,13.553565,6.478
2842,13.558399,4.834
2843,13.562138,3.739
2844,13.56658,4.442
2845,13.571049,4.469
2846,13.575968,4.919
2847,13.57965,3.682
2848,13.584146,4.496
2849,13.589071,4.925
2850,13.594567,5.496
2851,13.598952,4.385
2852,13.603459,4.507
2853,13.608256,4.797
2854,13.611917,3.661
2855,13.616488,4.571
2856,13.622063,5.575
2857,13.627266,5.203
2858,13.631499,4.233
2859,13.637619,6.12
2860,13.642539,4.92
2861,13.648107,5.568
2862,13.652248,4.141
2863,13.657293,5.045
2864,13.660803,3.51
2865,13.665163,4.36
2866,13.670856,5.693
2867,13.675647,4.791
2868,13.679529,3.882
2869,13.684011,4.482
2870,13.688736,4.725
2871,13.69215,3.414
2872,13.698657,6.507
2873,13.702713,4.056
2874,13.707518,4.805
2875,13.711149,3.631
2876,13.715324,4.175
2877,13.723936,8.612
2878,13.727825,3.889
2879,13.73116,3.335
2880,13.735461,4.301
2881,13.742021,6.56
2882,13.745683,3.662
2883,13.750108,4.425
2884,13.755052,4.944
2885,13.758344,3.292
2886,13.762747,4.403
2887,13.766954,4.207
2888,13.772578,5.624
2889,13.776182,3.604
2890,13.782237,6.055
2891,13.786706,4.469
2892,13.793014,6.308
2893,13.796806,3.792
2894,13.801123,4.317
2895,13.805939,4.816
2896,13.809382,3.443
2897,13.813595,4.213
2898,13.818355,4.76
2899,13.828695,10.34
2900,13.832452,3.757
2901,13.835746,3.294
2902,13.840358,4.612
2903,13.843929,3.571
2904,13.848194,4.265
2905,13.852954,4.76
2906,13.857283,4.329
2907,13.860951,3.668
2908,13.865165,4.214
2909,13.870152,4.987
2910,13.876336,6.184
2911,13.879916,3.58
2912,13.886162,6.246
2913,13.891064,4.902
2914,13.894343,3.279
2915,13.898716,4.373
2916,13.903465,4.749
2917,13.908052,4.587
2918,13.911703,3.651
2919,13.917422,5.719
2920,13.922217,4.795
2921,13.927897,5.68
2922,13.931948,4.051
2923,13.938679,6.731
2924,13.943178,4.499
2925,13.94656,3.382
2926,13.951378,4.818
2927,13.955892,4.514
2928,13.959524,3.632
2929,13.963532,4.008
2930,13.968231,4.699
2931,13.972771,4.54
2932,13.978265,5.494
2933,13.982532,4.267
2934,13.986804,4.272
2935,13.991585,4.781
2936,13.995023,3.438
2937,13.999524,4.501
2938,14.00407,4.546
2939,14.009398,5.328
2940,14.013545,4.147
2941,14.019664,6.119
2942,14.024456,4.792
2943,14.027938,3.482
2944,14.032392,4.454
2945,14.037218,4.826
2946,14.042649,5.431
2947,14.045426,2.777
2948,14.049102,3.676
2949,14.053852,4.75
2950,14.059172,5.32
2951,14.063324,4.152
2952,14.069737,6.413
2953,14.074411,4.674
2954,14.077979,3.568
2955,14.082414,4.435
2956,14.086618,4.204
2957,14.091278,4.66
2958,14.094994,3.716
2959,14.100584,5.59
2960,14.105231,4.647
2961,14.110791,5.56
2962,14.115136,4.345
2963,14.119295,4.159
2964,14.124306,5.011
2965,14.127903,3.597
2966,14.132074,4.171
2967,14.136561,4.487
2968,14.141955,5.394
2969,14.14574,3.785
2970,14.151118,5.378
2971,14.155589,4.471
2972,14.16105,5.461
2973,14.165192,4.142
2974,14.171169,5.977
2975,14.176098,4.929
2976,14.181363,5.265
2977,14.185727,4.364
2978,14.192168,6.441
2979,14.196022,3.854
2980,14.201883,5.861
2981,14.206096,4.213
2982,14.212507,6.411
2983,14.216669,4.162
2984,14.222191,5.522
2985,14.227151,4.96
2986,14.232431,5.28
2987,14.237021,4.59
2988,14.24312,6.099
2989,14.247196,4.076
2990,14.252844,5.648
2991,14.257011,4.167
2992,14.263902,6.891
2993,14.267221,3.319
2994,14.27319,5.969
2995,14.277394,4.204
2996,14.283866,6.472
2997,14.287506,3.64
2998,14.29353,6.024
2999,14.298363,4.833
3000,14.303742,5.379
3001,14.307872,4.13
3002,14.314341,6.469
3003,14.318153,3.812
3004,14.323911,5.758
3005,14.328213,4.302
3006,14.335007,6.794
3007,14.34223,7.223
3008,14.345301,3.071
3009,14.350559,5.258
3010,14.355393,4.834
3011,14.359823,4.43
3012,14.366317,6.494
3013,14.370046,3.729
3014,14.376096,6.05
3015,14.380759,4.663
3016,14.386276,5.517
3017,14.390426,4.15
3018,14.396944,6.518
3019,14.400954,4.01
3020,14.406764,5.81
3021,14.41154,4.776
3022,14.417163,5.623
3023,14.421425,4.262
3024,14.427917,6.492
3025,14.431684,3.767
3026,14.437997,6.313
3027,14.444426,6.429
3028,14.447999,3.573
3029,14.452637,4.638
3030,14.458994,6.357
3031,14.462747,3.753
3032,14.468878,6.131
3033,14.475146,6.268
3034,14.479599,4.453
3035,14.484188,4.589
3036,14.490508,6.32
3037,14.494313,3.805
3038,14.501041,6.728
3039,14.506177,5.136
3040,14.510957,4.78
3041,14.517946,6.989
3042,14.522231,4.285
3043,14.526279,4.048
3044,14.53201,5.731
3045,14.536618,4.608
3046,14.544443,7.825
3047,14.549077,4.634
3048,14.554842,5.765
3049,14.559841,4.999
3050,14.563627,3.786
3051,14.568144,4.517
3052,14.574532,6.388
3053,14.578402,3.87
3054,14.584637,6.235
3055,14.589686,5.049
3056,14.594972,5.286
3057,14.599559,4.587
3058,14.606029,6.47
3059,14.61023,4.201
3060,14.616194,5.964
3061,14.62117,4.976
3062,14.626764,5.594
3063,14.631117,4.353
3064,14.638039,6.922
3065,14.641861,3.822
3066,14.647981,6.12
3067,14.652716,4.735
3068,14.659671,6.955
3069,14.663023,3.352
3070,14.669356,6.333
3071,14.674396,5.04
3072,14.679973,5.577
3073,14.684383,4.41
3074,14.691041,6.658
3075,14.69498,3.939
3076,14.701351,6.371
3077,14.706047,4.696
3078,14.711674,5.627
3079,14.716194,4.52
3080,14.722885,6.691
3081,14.726727,3.842
3082,14.732828,6.101
3083,14.737193,4.365
3084,14.744152,6.959
3085,14.747769,3.617
3086,14.754383,6.614
3087,14.75934,4.957
3088,14.764435,5.095
3089,14.769026,4.591
3090,14.775728,6.702
3091,14.779352,3.624
3092,14.785666,6.314
3093,14.790479,4.813
3094,14.795972,5.493
3095,14.80071,4.738
3096,14.807031,6.321
3097,14.811007,3.976
3098,14.817275,6.268
3099,14.822581,5.306
3100,14.827727,5.146
3101,14.832322,4.595
3102,14.838966,6.644
3103,14.842974,4.008
3104,14.848983,6.009
3105,14.853725,4.742
3106,14.860312,6.587
3107,14.863963,3.651
3108,14.870014,6.051
3109,14.875136,5.122
3110,14.88044,5.304
3111,14.884919,4.479
3112,14.891516,6.597
3113,14.895283,3.767
3114,14.901243,5.96
3115,14.906238,4.995
3116,14.911675,5.437
3117,14.916385,4.71
3118,14.922544,6.159
3119,14.926568,4.024
3120,14.932452,5.884
3121,14.936989,4.537
3122,14.943305,6.316
3123,14.947279,3.974
3124,14.953353,6.074
3125,14.958979,5.626
3126,14.963469,4.49
3127,14.967868,4.399
3128,14.974446,6.578
3129,14.97817,3.724
3130,14.984626,6.456
3131,14.989129,4.503
3132,14.994531,5.402
3133,14.998985,4.454
3134,15.005334,6.349
3135,15.009244,3.91
3136,15.015093,5.849
3137,15.019821,4.728
3138,15.026245,6.424
3139,15.029788,3.543
3140,15.034269,4.481
3141,15.03921,4.941
3142,15.04288,3.67
3143,15.047042,4.162
3144,15.052947,5.905
3145,15.057479,4.532
3146,15.061649,4.17
3147,15.067712,6.063
3148,15.072517,4.805
3149,15.076287,3.77
3150,15.080667,4.38
3151,15.08574,5.073
3152,15.089312,3.572
3153,15.093538,4.226
3154,15.098575,5.037
3155,15.103151,4.576
3156,15.108663,5.512
3157,15.112886,4.223
3158,15.119803,6.917
3159,15.12334,3.537
3160,15.127591,4.251
3161,15.13258,4.989
3162,15.136645,4.065
3163,15.142138,5.493
3164,15.145163,3.025
3165,15.151673,6.51
3166,15.155069,3.396
3167,15.161182,6.113
3168,15.166385,5.203
3169,15.169726,3.341
3170,15.174066,4.34
3171,15.178343,4.277
3172,15.183648,5.305
3173,15.187234,3.586
3174,15.191441,4.207
3175,15.1961,4.659
3176,15.202901,6.801
3177,15.206338,3.437
3178,15.21082,4.482
3179,15.216577,5.757
3180,15.219988,3.411
3181,15.223743,3.755
3182,15.228059,4.316
3183,15.233028,4.969
3184,15.238131,5.103
3185,15.24324,5.109
3186,15.247887,4.647
3187,15.251817,3.93
3188,15.256153,4.336
3189,15.260302,4.149
3190,15.26536,5.058
3191,15.26907,3.71
3192,15.273355,4.285
3193,15.277697,4.342
3194,15.282605,4.908
3195,15.286551,3.946
3196,15.290775,4.224
3197,15.295113,4.338
3198,15.301457,6.344
3199,15.304581,3.124
3200,15.310206,5.625
3201,15.314532,4.326
3202,15.31971,5.178
3203,15.32324,3.53
3204,15.327608,4.368
3205,15.331903,4.295
3206,15.337565,5.662
3207,15.342091,4.526
3208,15.347048,4.957
3209,15.351337,4.289
3210,15.356262,4.925
3211,15.359916,3.654
3212,15.36443,4.514
3213,15.368902,4.472
3214,15.373821,4.919
3215,15.377386,3.565
3216,15.381793,4.407
3217,15.386327,4.534
3218,15.391642,5.315
3219,15.395073,3.431
3220,15.399486,4.413
3221,15.403734,4.248
3222,15.408738,5.004
3223,15.412454,3.716
3224,15.416842,4.388
3225,15.422087,5.245
3226,15.425539,3.452
3227,15.429855,4.316
3228,15.435807,5.952
3229,15.440386,4.579
3230,15.443905,3.519
3231,15.448444,4.539
3232,15.452704,4.26
3233,15.457741,5.037
3234,15.461429,3.688
3235,15.465964,4.535
3236,15.470373,4.409
3237,15.475518,5.145
3238,15.478994,3.476
3239,15.483436,4.442
3240,15.488434,4.998
3241,15.492335,3.901
3242,15.496725,4.39
3243,15.502814,6.089
3244,15.50707,4.256
3245,15.510813,3.743
3246,15.515431,4.618
3247,15.520066,4.635
3248,15.525026,4.96
3249,15.528727,3.701
3250,15.533298,4.571
3251,15.539137,5.839
3252,15.542972,3.835
3253,15.548562,5.59
3254,15.552728,4.166
3255,15.557845,5.117
3256,15.561586,3.741
3257,15.566113,4.527
3258,15.570198,4.085
3259,15.575481,5.283
3260,15.579048,3.567
3261,15.583864,4.816
3262,15.588571,4.707
3263,15.592324,3.753
3264,15.59677,4.446
3265,15.601776,5.006
3266,15.60663,4.854
3267,15.610337,3.707
3268,15.614883,4.546
3269,15.619336,4.453
3270,15.624814,5.478
3271,15.628113,3.299
3272,15.632563,4.45
3273,15.638079,5.516
3274,15.642042,3.963
3275,15.64568,3.638
3276,15.650111,4.431
3277,15.65517,5.059
3278,15.658957,3.787
3279,15.663408,4.451
3280,15.668783,5.375
3281,15.67316,4.377
3282,15.676952,3.792
3283,15.681295,4.343
3284,15.686038,4.743
3285,15.691218,5.18
3286,15.694791,3.573
3287,15.69945,4.659
3288,15.703603,4.153
3289,15.708757,5.154
3290,15.71232,3.563
3291,15.717066,4.746
3292,15.721925,4.859
3293,15.725611,3.686
3294,15.730096,4.485
3295,15.73461,4.514
3296,15.739788,5.178
3297,15.743437,3.649
3298,15.747561,4.124
3299,15.752509,4.948
3300,15.757594,5.085
3301,15.761131,3.537
3302,15.765669,4.538
3303,15.771315,5.646
3304,15.774595,3.28
3305,15.779318,4.723
3306,15.783462,4.144
3307,15.788667,5.205
3308,15.792407,3.74
3309,15.796843,4.436
3310,15.80297,6.127
3311,15.807427,4.457
3312,15.811313,3.886
3313,15.81568,4.367
3314,15.8203,4.62
3315,15.825262,4.962
3316,15.829037,3.775
3317,15.83379,4.753
3318,15.839699,5.909
3319,15.844921,5.222
3320,15.849888,4.967
3321,15.854157,4.269
3322,15.859251,5.094
3323,15.862873,3.622
3324,15.867387,4.514
3325,15.871689,4.302
3326,15.877067,5.378
3327,15.880636,3.569
3328,15.884935,4.299
3329,15.889863,4.928
3330,15.893603,3.74
3331,15.898273,4.67
3332,15.902435,4.162
3333,15.907792,5.357
3334,15.911179,3.387
3335,15.915859,4.68
3336,15.919993,4.134
3337,15.92496,4.967
3338,15.928876,3.916
3339,15.933247,4.371
3340,15.939292,6.045
3341,15.943086,3.794
3342,15.948791,5.705
3343,15.952951,4.16
3344,15.960666,7.715
3345,15.963354,2.688
3346,15.968516,5.162
3347,15.972758,4.242
3348,15.977854,5.096
3349,15.981965,4.111
3350,15.985931,3.966
3351,15.991061,5.13
3352,15.994737,3.676
3353,15.999542,4.805
3354,16.003832,4.29
3355,16.009152,5.32
3356,16.012452,3.3
3357,16.017502,5.05
3358,16.021521,4.019
3359,16.026504,4.983
3360,16.030524,4.02
3361,16.036047,5.523
3362,16.041733,5.686
3363,16.045403,3.67
3364,16.049708,4.305
3365,16.054479,4.771
3366,16.059696,5.217
3367,16.063154,3.458
3368,16.067502,4.348
3369,16.071775,4.273
3370,16.076688,4.913
3371,16.0804,3.712
3372,16.084925,4.525
3373,16.090129,5.204
3374,16.093737,3.608
3375,16.098241,4.504
3376,16.102478,4.237
3377,16.107659,5.181
3378,16.111292,3.633
3379,16.115916,4.624
3380,16.120725,4.809
3381,16.125479,4.754
3382,16.128853,3.374
3383,16.133418,4.565
3384,16.138325,4.907
3385,16.14206,3.735
3386,16.146388,4.328
3387,16.152533,6.145
3388,16.156908,4.375
3389,16.161726,4.818
3390,16.167066,5.34
3391,16.171484,4.418
3392,16.176483,4.999
3393,16.180256,3.773
3394,16.186008,5.752
3395,16.190189,4.181
3396,16.193542,3.353
3397,16.198105,4.563
3398,16.202638,4.533
3399,16.207943,5.305
3400,16.211545,3.602
3401,16.216055,4.51
3402,16.221861,5.806
3403,16.22561,3.749
3404,16.229293,3.683
3405,16.233787,4.494
3406,16.238877,5.09
3407,16.24261,3.733
3408,16.246911,4.301
3409,16.252938,6.027
3410,16.260742,7.804
3411,16.26346,2.718
3412,16.267988,4.528
3413,16.272434,4.446
3414,16.277525,5.091
3415,16.281103,3.578
3416,16.286227,5.124
3417,16.291058,4.831
3418,16.294468,3.41
3419,16.299132,4.664
3420,16.303376,4.244
3421,16.308584,5.208
3422,16.314082,5.498
3423,16.316974,2.892
3424,16.322414,5.44
3425,16.327069,4.655
3426,16.330646,3.577
3427,16.336285,5.639
3428,16.341494,5.209
3429,16.345117,3.623
3430,16.349575,4.458
3431,16.355068,5.493
3432,16.359304,4.236
3433,16.362633,3.329
3434,16.368051,5.418
3435,16.372486,4.435
3436,16.377409,4.923
3437,16.381064,3.655
3438,16.386743,5.679
3439,16.391427,4.684
3440,16.395071,3.644
3441,16.399695,4.624
3442,16.404173,4.478
3443,16.409145,4.972
3444,16.412881,3.736
3445,16.419366,6.485
3446,16.423463,4.097
3447,16.429264,5.801
3448,16.432935,3.671
3449,16.437398,4.463
3450,16.442604,5.206
3451,16.446142,3.538
3452,16.451653,5.511
3453,16.458069,6.416
3454,16.462561,4.492
3455,16.466395,3.834
3456,16.470551,4.156
3457,16.475023,4.472
3458,16.480249,5.226
3459,16.485116,4.867
3460,16.489168,4.052
3461,16.493641,4.473
3462,16.49724,3.599
3463,16.501686,4.446
3464,16.506066,4.38
3465,16.511023,4.957
3466,16.514847,3.824
3467,16.519417,4.57
3468,16.524234,4.817
3469,16.528645,4.411
3470,16.532749,4.104
3471,16.536762,4.013
3472,16.541802,5.04
3473,16.545455,3.653
3474,16.550082,4.627
3475,16.55503,4.948
3476,16.559842,4.812
3477,16.563118,3.276
3478,16.5676,4.482
3479,16.57195,4.35
3480,16.57691,4.96
3481,16.580657,3.747
3482,16.585995,5.338
3483,16.59129,5.295
3484,16.594512,3.222
3485,16.598934,4.422
3486,16.603363,4.429
3487,16.608423,5.06
3488,16.612128,3.705
3489,16.616746,4.618
3490,16.622054,5.308
3491,16.626743,4.689
3492,16.630097,3.354
3493,16.636372,6.275
3494,16.644565,8.193
3495,16.647253,2.688
3496,16.651022,3.769
3497,16.655594,4.572
3498,16.660264,4.67
3499,16.664017,3.753
3500,16.670755,6.738
3501,16.673828,3.073
3502,16.678858,5.03
3503,16.682828,3.97
3504,16.687423,4.595
3505,16.692457,5.034
3506,16.696347,3.89
3507,16.702636,6.289
3508,16.70706,4.424
3509,16.711144,4.084
3510,16.714938,3.794
3511,16.719421,4.483
3512,16.723838,4.417
3513,16.728644,4.806
3514,16.732441,3.797
3515,16.737832,5.391
3516,16.742198,4.366
3517,16.745732,3.534
3518,16.751045,5.313
3519,16.755349,4.304
3520,16.76048,5.131
3521,16.764049,3.569
3522,16.769312,5.263
3523,16.773263,3.951
3524,16.778267,5.004
3525,16.783055,4.788
3526,16.786679,3.624
3527,16.791946,5.267
3528,16.795359,3.413
3529,16.801918,6.559
3530,16.805597,3.679
3531,16.810069,4.472
3532,16.813784,3.715
3533,16.818506,4.722
3534,16.822813,4.307
3535,16.827826,5.013
3536,16.831639,3.813
3537,16.8361,4.461
3538,16.845037,8.937
3539,16.848477,3.44
3540,16.85295,4.473
3541,16.857268,4.318
3542,16.862342,5.074
3543,16.866041,3.699
3544,16.870905,4.864
3545,16.874722,3.817
3546,16.879773,5.051
3547,16.885087,5.314
3548,16.889144,4.057
3549,16.894172,5.028
3550,16.897652,3.48
3551,16.904092,6.44
3552,16.907805,3.713
3553,16.912662,4.857
3554,16.916465,3.803
3555,16.920922,4.457
3556,16.925234,4.312
3557,16.930161,4.927
3558,16.934244,4.083
3559,16.941345,7.101
3560,16.945158,3.813
3561,16.948984,3.826
3562,16.953662,4.678
3563,16.957916,4.254
3564,16.963062,5.146
3565,16.967635,4.573
3566,16.97375,6.115
3567,16.977752,4.002
3568,16.982755,5.003
3569,16.986962,4.207
3570,16.991248,4.286
3571,16.996413,5.165
3572,17.001597,5.184
3573,17.006666,5.069
3574,17.011009,4.343
3575,17.016235,5.226
3576,17.020104,3.869
3577,17.024065,3.961
3578,17.028601,4.536
3579,17.036767,8.166
3580,17.041057,4.29
3581,17.045197,4.14
3582,17.050523,5.326
3583,17.05397,3.447
3584,17.058251,4.281
3585,17.063207,4.956
3586,17.067843,4.636
3587,17.072058,4.215
3588,17.076609,4.551
3589,17.081425,4.816
3590,17.085312,3.887
3591,17.089694,4.382
3592,17.094516,4.822
3593,17.098489,3.973
3594,17.103391,4.902
3595,17.107725,4.334
3596,17.111357,3.632
3597,17.116349,4.992
3598,17.120354,4.005
3599,17.125291,4.937
3600,17.128973,3.682
3601,17.135031,6.058
3602,17.140005,4.974
3603,17.143395,3.39
3604,17.147537,4.142
3605,17.152135,4.598
3606,17.157123,4.988
3607,17.162403,5.28
3608,17.166764,4.361
3609,17.172668,5.904
3610,17.176187,3.519
3611,17.180445,4.258
3612,17.185711,5.266
3613,17.1901,4.389
3614,17.193897,3.797
3615,17.198147,4.25
3616,17.204172,6.025
3617,17.20735,3.178
3618,17.213642,6.292
3619,17.218365,4.723
3620,17.223284,4.919
3621,17.226566,3.282
3622,17.23128,4.714
3623,17.236137,4.857
3624,17.240044,3.907
3625,17.244092,4.048
3626,17.249008,4.916
3627,17.255024,6.016
3628,17.259267,4.243
3629,17.26387,4.603
3630,17.268835,4.965
3631,17.272777,3.942
3632,17.27681,4.033
3633,17.281299,4.489
3634,17.286212,4.913
3635,17.290042,3.83
3636,17.296141,6.099
3637,17.301378,5.237
3638,17.306732,5.354
3639,17.310896,4.164
3640,17.315467,4.571
3641,17.32041,4.943
3642,17.324004,3.594
3643,17.328426,4.422
3644,17.333472,5.046
3645,17.337046,3.574
3646,17.341504,4.458
3647,17.347771,6.267
3648,17.353052,5.281
3649,17.35655,3.498
3650,17.360708,4.158
3651,17.366036,5.328
3652,17.369538,3.502
3653,17.374248,4.71
3654,17.378185,3.937
3655,17.383542,5.357
3656,17.387153,3.611
3657,17.391502,4.349
3658,17.398054,6.552
3659,17.401989,3.935
3660,17.406394,4.405
3661,17.410663,4.269
3662,17.415897,5.234
3663,17.419421,3.524
3664,17.423907,4.486
3665,17.428279,4.372
3666,17.433799,5.52
3667,17.436945,3.146
3668,17.4415,4.555
3669,17.446387,4.887
3670,17.450545,4.158
3671,17.454808,4.263
3672,17.459289,4.481
3673,17.464444,5.155
3674,17.467783,3.339
3675,17.472292,4.509
3676,17.478583,6.291
3677,17.48351,4.927
3678,17.489053,5.543
3679,17.493321,4.268
3680,17.498717,5.396
3681,17.50217,3.453
3682,17.506687,4.517
3683,17.511093,4.406
3684,17.516136,5.043
3685,17.519661,3.525
3686,17.52402,4.359
3687,17.530407,6.387
3688,17.535357,4.95
3689,17.539346,3.989
3690,17.543777,4.431
3691,17.548996,5.219
3692,17.553195,4.199
3693,17.557801,4.606
3694,17.561336,3.535
3695,17.566399,5.063
3696,17.571905,5.506
3697,17.576511,4.606
3698,17.582469,5.958
3699,17.587584,5.115
3700,17.591269,3.685
3701,17.595672,4.403
3702,17.600838,5.166
3703,17.604492,3.654
3704,17.608918,4.426
3705,17.613663,4.745
3706,17.618233,4.57
3707,17.623989,5.756
3708,17.628434,4.445
3709,17.632838,4.404
3710,17.637919,5.081
3711,17.641769,3.85
3712,17.646277,4.508
3713,17.652024,5.747
3714,17.655505,3.481
3715,17.659445,3.94
3716,17.665658,6.213
3717,17.670713,5.055
3718,17.676186,5.473
3719,17.681613,5.427
3720,17.685192,3.579
3721,17.690241,5.049
3722,17.693949,3.708
3723,17.698381,4.432
3724,17.703529,5.148
3725,17.70722,3.691
3726,17.711678,4.458
3727,17.717096,5.418
3728,17.721946,4.85
3729,17.725283,3.337
3730,17.729805,4.522
3731,17.734611,4.806
3732,17.73979,5.179
3733,17.74358,3.79
3734,17.748309,4.729
3735,17.753139,4.83
3736,17.758646,5.507
3737,17.763319,4.673
3738,17.769359,6.04
3739,17.774479,5.12
3740,17.778212,3.733
3741,17.782887,4.675
3742,17.787971,5.084
3743,17.791672,3.701
3744,17.79632,4.648
3745,17.800813,4.493
3746,17.806238,5.425
3747,17.811765,5.527
3748,17.816575,4.81
3749,17.821987,5.412
3750,17.826256,4.269
3751,17.832474,6.218
3752,17.837805,5.331
3753,17.844773,6.968
3754,17.848287,3.514
3755,17.853413,5.126
3756,17.859316,5.903
3757,17.863156,3.84
3758,17.869123,5.967
3759,17.873716,4.593
3760,17.879032,5.316
3761,17.884762,5.73
3762,17.890218,5.456
3763,17.895821,5.603
3764,17.901086,5.265
3765,17.905611,4.525
3766,17.909585,3.974
3767,17.916701,7.116
3768,17.920475,3.774
3769,17.924997,4.522
3770,17.930374,5.377
3771,17.934517,4.143
3772,17.939229,4.712
3773,17.943173,3.944
3774,17.948753,5.58
3775,17.952223,3.47
3776,17.958546,6.323
3777,17.963698,5.152
3778,17.969151,5.453
3779,17.973827,4.676
3780,17.97828,4.453
3781,17.9837,5.42
3782,17.987544,3.844
3783,17.992284,4.74
3784,17.997247,4.963
3785,18.001074,3.827
3786,18.00567,4.596
3787,18.011915,6.245
3788,18.017057,5.142
3789,18.02094,3.883
3790,18.025563,4.623
3791,18.031104,5.541
3792,18.035899,4.795
3793,18.040181,4.282
3794,18.043741,3.56
3795,18.048896,5.155
3796,18.054626,5.73
3797,18.059262,4.636
3798,18.066066,6.804
3799,18.069801,3.735
3800,18.074313,4.512
3801,18.078917,4.604
3802,18.084148,5.231
3803,18.088062,3.914
3804,18.092703,4.641
3805,18.097689,4.986
3806,18.101579,3.89
3807,18.107894,6.315
3808,18.113031,5.137
3809,18.117032,4.001
3810,18.121588,4.556
3811,18.12609,4.502
3812,18.131687,5.597
3813,18.136452,4.765
3814,18.140483,4.031
3815,18.144683,4.2
3816,18.150559,5.876
3817,18.155116,4.557
3818,18.161807,6.691
3819,18.16582,4.013
3820,18.170332,4.512
3821,18.174677,4.345
3822,18.180061,5.384
3823,18.183765,3.704
3824,18.188409,4.644
3825,18.194386,5.977
3826,18.197976,3.59
3827,18.203631,5.655
3828,18.208641,5.01
3829,18.212738,4.097
3830,18.217329,4.591
3831,18.221846,4.517
3832,18.226945,5.099
3833,18.230928,3.983
3834,18.235792,4.864
3835,18.240697,4.905
3836,18.246197,5.5
3837,18.250524,4.327
3838,18.257171,6.647
3839,18.261291,4.12
3840,18.265795,4.504
3841,18.27015,4.355
3842,18.275212,5.062
3843,18.279224,4.012
3844,18.283688,4.464
3845,18.288734,5.046
3846,18.292633,3.899
3847,18.298897,6.264
3848,18.303298,4.401
3849,18.308336,5.038
3850,18.312341,4.005
3851,18.31673,4.389
3852,18.32183,5.1
3853,18.32555,3.72
3854,18.330125,4.575
3855,18.334745,4.62
3856,18.34143,6.685
3857,18.345127,3.697
3858,18.351923,6.796
3859,18.357035,5.112
3860,18.36023,3.195
3861,18.36521,4.98
3862,18.369371,4.161
3863,18.37455,5.179
3864,18.377904,3.354
3865,18.383466,5.562
3866,18.387822,4.356
3867,18.393142,5.32
3868,18.39799,4.848
3869,18.402424,4.434
3870,18.407238,4.814
3871,18.411016,3.778
3872,18.41524,4.224
3873,18.419787,4.547
3874,18.423151,3.364
3875,18.427504,4.353
3876,18.432867,5.363
3877,18.438217,5.35
3878,18.44236,4.143
3879,18.446525,4.165
3880,18.451902,5.377
3881,18.455432,3.53
3882,18.459355,3.923
3883,18.463786,4.431
3884,18.468938,5.152
3885,18.472552,3.614
3886,18.476642,4.09
3887,18.483706,7.064
3888,18.486903,3.197
3889,18.491413,4.51
3890,18.49578,4.367
3891,18.502278,6.498
3892,18.506144,3.866
3893,18.510039,3.895
3894,18.515169,5.13
3895,18.518321,3.152
3896,18.524531,6.21
3897,18.528731,4.2
3898,18.536401,7.67
3899,18.54166,5.259
3900,18.54525,3.59
3901,18.552124,6.874
3902,18.556263,4.139
3903,18.560204,3.941
3904,18.565622,5.418
3905,18.570064,4.442
3906,18.573005,2.941
3907,18.579182,6.177
3908,18.584254,5.072
3909,18.58759,3.336
3910,18.591956,4.366
3911,18.596483,4.527
3912,18.603698,7.215
3913,18.607759,4.061
3914,18.613356,5.597
3915,18.618405,5.049
3916,18.623915,5.51
3917,18.628664,4.749
3918,18.633511,4.847
3919,18.63861,5.099
3920,18.641973,3.363
3921,18.646294,4.321
3922,18.651152,4.858
3923,18.655219,4.067
3924,18.659352,4.133
3925,18.66347,4.118
3926,18.66795,4.48
3927,18.673603,5.653
3928,18.677891,4.288
3929,18.682701,4.81
3930,18.686355,3.654
3931,18.690595,4.24
3932,18.694981,4.386
3933,18.700429,5.448
3934,18.703717,3.288
3935,18.707856,4.139
3936,18.714911,7.055
3937,18.719414,4.503
3938,18.724218,4.804
3939,18.728519,4.301
3940,18.733334,4.815
3941,18.737193,3.859
3942,18.741331,4.138
3943,18.746148,4.817
3944,18.750348,4.2
3945,18.754976,4.628
3946,18.758637,3.661
3947,18.765647,7.01
3948,18.768911,3.264
3949,18.77332,4.409
3950,18.77749,4.17
3951,18.782527,5.037
3952,18.787586,5.059
3953,18.791844,4.258
3954,18.796821,4.977
3955,18.80123,4.409
3956,18.807126,5.896
3957,18.811243,4.117
3958,18.818048,6.805
3959,18.821564,3.516
3960,18.825799,4.235
3961,18.830031,4.232
3962,18.834923,4.892
3963,18.838719,3.796
3964,18.842929,4.21
3965,18.848169,5.24
3966,18.852734,4.565
3967,18.857985,5.251
3968,18.862094,4.109
3969,18.867665,5.571
3970,18.871066,3.401
3971,18.875462,4.396
3972,18.879715,4.253
3973,18.884557,4.842
3974,18.888322,3.765
3975,18.892519,4.197
3976,18.899483,6.964
3977,18.902932,3.449
3978,18.90914,6.208
3979,18.913235,4.095
3980,18.918772,5.537
3981,18.922797,4.025
3982,18.928084,5.287
3983,18.932637,4.553
3984,18.937728,5.091
3985,18.941196,3.468
3986,18.945387,4.191
3987,18.952016,6.629
3988,18.956309,4.293
3989,18.960505,4.196
3990,18.964894,4.389
3991,18.969898,5.004
3992,18.973429,3.531
3993,18.977566,4.137
3994,18.982767,5.201
3995,18.987009,4.242
3996,18.99257,5.561
3997,18.997086,4.516
3998,19.003764,6.678
3999,19.00735,3.586
4000,19.011734,4.384
4001,19.016878,5.144
4002,19.021055,4.177
4003,19.024491,3.436
4004,19.028757,4.266
4005,19.034423,5.666
4006,19.038688,4.265
4007,19.044241,5.553
4008,19.049659,5.418
4009,19.055604,5.945
4010,19.058182,2.578
4011,19.062544,4.362
4012,19.067522,4.978
4013,19.072178,4.656
4014,19.075616,3.438
4015,19.080151,4.535
4016,19.085893,5.742
4017,19.089975,4.082
4018,19.095362,5.387
4019,19.09979,4.428
4020,19.105053,5.263
4021,19.108589,3.536
4022,19.11289,4.301
4023,19.117644,4.754
4024,19.12256,4.916
4025,19.125644,3.084
4026,19.129981,4.337
4027,19.136119,6.138
4028,19.141043,4.924
4029,19.144743,3.7
4030,19.149174,4.431
4031,19.157209,8.035
4032,19.159725,2.516
4033,19.165263,5.538
4034,19.169634,4.371
4035,19.174389,4.755
4036,19.18018,5.791
4037,19.184434,4.254
4038,19.19078,6.346
4039,19.194526,3.746
4040,19.198708,4.182
4041,19.203044,4.336
4042,19.20797,4.926
4043,19.211815,3.845
4044,19.216389,4.574
4045,19.220491,4.102
4046,19.22539,4.899
4047,19.230735,5.345
4048,19.235164,4.429
4049,19.240116,4.952
4050,19.243595,3.479
4051,19.249956,6.361
4052,19.254206,4.25
4053,19.258882,4.676
4054,19.262817,3.935
4055,19.267076,4.259
4056,19.273804,6.728
4057,19.27741,3.606
4058,19.283524,6.114
4059,19.287682,4.158
4060,19.292359,4.677
4061,19.296092,3.733
4062,19.300585,4.493
4063,19.305434,4.849
4064,19.309279,3.845
4065,19.314284,5.005
4066,19.318032,3.748
4067,19.324644,6.612
4068,19.328384,3.74
4069,19.333549,5.165
4070,19.338655,5.106
4071,19.341442,2.787
4072,19.345815,4.373
4073,19.349897,4.082
4074,19.354985,5.088
4075,19.358413,3.428
4076,19.36366,5.247
4077,19.36732,3.66
4078,19.373808,6.488
4079,19.377619,3.811
4080,19.381777,4.158
4081,19.38671,4.933
4082,19.390213,3.503
4083,19.394593,4.38
4084,19.399587,4.994
4085,19.404387,4.8
4086,19.408038,3.651
4087,19.414127,6.089
4088,19.418412,4.285
4089,19.423432,5.02
4090,19.426883,3.451
4091,19.433286,6.403
4092,19.437912,4.626
4093,19.440803,2.891
4094,19.446414,5.611
4095,19.449156,2.742
4096,19.456188,7.032
4097,19.459653,3.465
4098,19.464368,4.715
4099,19.468289,3.921
4100,19.473103,4.814
4101,19.476821,3.718
4102,19.482425,5.604
4103,19.487434,5.009
4104,19.490938,3.504
4105,19.495235,4.297
4106,19.499407,4.172
4107,19.506111,6.704
4108,19.509771,3.66
4109,19.514154,4.383
4110,19.518596,4.442
4111,19.523454,4.858
4112,19.527368,3.914
4113,19.533617,6.249
4114,19.538052,4.435
4115,19.541854,3.802
4116,19.547678,5.824
4117,19.551966,4.288
4118,19.558317,6.351
4119,19.562077,3.76
4120,19.566138,4.061
4121,19.573135,6.997
4122,19.576921,3.786
4123,19.580974,4.053
4124,19.585199,4.225
4125,19.590056,4.857
4126,19.593693,3.637
4127,19.598154,4.461
4128,19.602306,4.152
4129,19.607137,4.831
4130,19.610702,3.565
4131,19.616806,6.104
4132,19.622077,5.271
4133,19.625195,3.118
4134,19.630673,5.478
4135,19.63426,3.587
4136,19.641959,7.699
4137,19.645453,3.494
4138,19.651349,5.896
4139,19.656385,5.036
4140,19.659683,3.298
4141,19.663891,4.208
4142,19.668234,4.343
4143,19.673128,4.894
4144,19.678067,4.939
4145,19.68169,3.623
4146,19.685905,4.215
4147,19.69263,6.725
4148,19.696162,3.532
4149,19.700454,4.292
4150,19.705147,4.693
4151,19.71042,5.273
4152,19.714031,3.611
4153,19.71821,4.179
4154,19.72329,5.08
4155,19.728931,5.641
4156,19.734242,5.311
4157,19.738968,4.726
4158,19.744102,5.134
4159,19.748438,4.336
4160,19.752614,4.176
4161,19.758359,5.745
4162,19.762047,3.688
4163,19.766303,4.256
4164,19.771167,4.864
4165,19.774957,3.79
4166,19.779121,4.164
4167,19.785187,6.066
4168,19.790239,5.052
4169,19.79385,3.611
4170,19.798182,4.332
4171,19.802356,4.174
4172,19.807433,5.077
4173,19.811099,3.666
4174,19.815155,4.056
4175,19.819872,4.717
4176,19.825538,5.666
4177,19.830321,4.783
4178,19.835608,5.287
4179,19.84055,4.942
4180,19.844074,3.524
4181,19.848588,4.514
4182,19.852633,4.045
4183,19.857504,4.871
4184,19.861688,4.184
4185,19.865468,3.78
4186,19.87047,5.002
4187,19.875778,5.308
4188,19.880151,4.373
4189,19.884237,4.086
4190,19.889209,4.972
4191,19.894621,5.412
4192,19.898756,4.135
4193,19.902806,4.05
4194,19.908016,5.21
4195,19.911308,3.292
4196,19.917521,6.213
4197,19.922186,4.665
4198,19.927755,5.569
4199,19.93238,4.625
4200,19.936444,4.064
4201,19.941565,5.121
4202,19.944668,3.103
4203,19.948883,4.215
4204,19.952948,4.065
4205,19.958069,5.121
4206,19.962029,3.96
4207,19.968015,5.986
4208,19.972883,4.868
4209,19.976582,3.699
4210,19.980712,4.13
4211,19.985037,4.325
4212,19.989843,4.806
4213,19.994516,4.673
4214,20.000195,5.679
4215,20.005069,4.874
4216,20.010653,5.584
4217,20.014917,4.264
4218,20.020822,5.905
4219,20.025981,5.159
4220,20.029774,3.793
4221,20.033802,4.028
4222,20.038567,4.765
4223,20.042274,3.707
4224,20.046545,4.271
4225,20.05085,4.305
4226,20.055536,4.686
4227,20.059555,4.019
4228,20.063893,4.338
4229,20.068135,4.242
4230,20.073781,5.646
4231,20.077816,4.035
4232,20.082009,4.193
4233,20.086743,4.734
4234,20.090598,3.855
4235,20.094865,4.267
4236,20.101049,6.184
4237,20.105943,4.894
4238,20.111317,5.374
4239,20.115438,4.121
4240,20.119728,4.29
4241,20.124812,5.084
4242,20.128227,3.415
4243,20.132451,4.224
4244,20.137448,4.997
4245,20.141034,3.586
4246,20.146248,5.214
4247,20.151764,5.516
4248,20.156358,4.594
4249,20.160143,3.785
4250,20.164838,4.695
4251,20.168832,3.994
4252,20.173751,4.919
4253,20.1791,5.349
4254,20.182296,3.196
4255,20.187168,4.872
4256,20.192773,5.605
4257,20.197072,4.299
4258,20.20295,5.878
4259,20.207964,5.014
4260,20.21308,5.116
4261,20.217013,3.933
4262,20.22179,4.777
4263,20.225639,3.849
4264,20.229855,4.216
4265,20.234135,4.28
4266,20.238933,4.798
4267,20.245223,6.29
4268,20.249364,4.141
4269,20.252816,3.452
4270,20.257965,5.149
4271,20.263095,5.13
4272,20.267369,4.274
4273,20.272141,4.772
4274,20.276294,4.153
4275,20.280728,4.434
4276,20.286899,6.171
4277,20.291853,4.954
4278,20.295398,3.545
4279,20.299779,4.381
4280,20.304505,4.726
4281,20.31033,5.825
4282,20.314392,4.062
4283,20.318626,4.234
4284,20.323766,5.14
4285,20.327054,3.288
4286,20.331363,4.309
4287,20.338135,6.772
4288,20.341982,3.847
4289,20.348527,6.545
4290,20.352229,3.702
4291,20.357187,4.958
4292,20.361451,4.264
4293,20.365381,3.93
4294,20.369794,4.413
4295,20.374436,4.642
4296,20.379915,5.479
4297,20.383556,3.641
4298,20.389589,6.033
4299,20.393344,3.755
4300,20.398099,4.755
4301,20.40213,4.031
4302,20.406997,4.867
4303,20.412932,5.935
4304,20.416482,3.55
4305,20.421456,4.974
4306,20.425018,3.562
4307,20.43026,5.242
4308,20.436851,6.591
4309,20.441292,4.441
4310,20.447139,5.847
4311,20.451117,3.978
4312,20.45616,5.043
4313,20.461509,5.349
4314,20.4657,4.191
4315,20.470018,4.318
4316,20.475095,5.077
4317,20.479939,4.844
4318,20.485259,5.32
4319,20.49028,5.021
4320,20.49498,4.7
4321,20.499489,4.509
4322,20.503613,4.124
4323,20.510726,7.113
4324,20.514134,3.408
4325,20.518375,4.241
4326,20.523397,5.022
4327,20.527452,4.055
4328,20.533414,5.962
4329,20.53764,4.226
4330,20.542799,5.159
4331,20.54678,3.981
4332,20.55077,3.99
4333,20.557957,7.187
4334,20.561012,3.055
4335,20.565471,4.459
4336,20.569858,4.387
4337,20.575336,5.478
4338,20.580004,4.668
4339,20.582759,2.755
4340,20.587186,4.427
4341,20.592967,5.781
4342,20.596348,3.381
4343,20.602477,6.129
4344,20.607737,5.26
4345,20.611937,4.2
4346,20.616199,4.262
4347,20.620145,3.946
4348,20.627135,6.99
4349,20.630812,3.677
4350,20.635078,4.266
4351,20.640557,5.479
4352,20.644396,3.839
4353,20.650353,5.957
4354,20.65443,4.077
4355,20.659548,5.118
4356,20.663186,3.638
4357,20.667601,4.415
4358,20.675009,7.408
4359,20.678943,3.934
4360,20.682489,3.546
4361,20.686787,4.298
4362,20.691972,5.185
4363,20.695425,3.453
4364,20.699753,4.328
4365,20.704736,4.983
4366,20.710644,5.908
4367,20.715834,5.19
4368,20.720103,4.269
4369,20.72534,5.237
4370,20.728849,3.509
4371,20.733369,4.52
4372,20.738124,4.755
4373,20.743417,5.293
4374,20.747987,4.57
4375,20.751828,3.841
4376,20.756419,4.591
4377,20.760748,4.329
4378,20.766796,6.048
4379,20.77174,4.944
4380,20.775524,3.784
4381,20.779926,4.402
4382,20.784331,4.405
4383,20.791635,7.304
4384,20.795537,3.902
4385,20.799444,3.907
4386,20.803858,4.414
4387,20.809089,5.231
4388,20.812834,3.745
4389,20.817158,4.324
4390,20.822099,4.941
4391,20.826821,4.722
4392,20.830786,3.965
4393,20.836986,6.2
4394,20.842095,5.109
4395,20.846172,4.077
4396,20.850245,4.073
4397,20.855314,5.069
4398,20.859726,4.412
4399,20.86405,4.324
4400,20.869089,5.039
4401,20.87593,6.841
4402,20.879495,3.565
4403,20.885717,6.222
4404,20.891113,5.396
4405,20.895228,4.115
4406,20.89936,4.132
4407,20.903781,4.421
4408,20.91206,8.279
4409,20.916483,4.423
4410,20.921317,4.834
4411,20.929644,8.327
4412,20.933361,3.717
4413,20.936937,3.576
4414,20.941641,4.704
4415,20.946694,5.053
4416,20.950649,3.955
4417,20.955214,4.565
4418,20.960732,5.518
4419,20.964362,3.63
4420,20.968671,4.309
4421,20.97344,4.769
4422,20.97822,4.78
4423,20.984117,5.897
4424,20.988592,4.475
4425,20.994415,5.823
4426,20.997684,3.269
4427,21.002243,4.559
4428,21.008519,6.276
4429,21.013609,5.09
4430,21.017852,4.243
4431,21.02209,4.238
4432,21.027666,5.576
4433,21.032862,5.196
4434,21.037246,4.384
4435,21.041714,4.468
4436,21.046768,5.054
4437,21.050683,3.915
4438,21.057169,6.486
4439,21.061937,4.768
4440,21.065834,3.897
4441,21.070244,4.41
4442,21.074637,4.393
4443,21.081594,6.957
4444,21.085542,3.948
4445,21.090065,4.523
4446,21.09518,5.115
4447,21.098708,3.528
4448,21.104973,6.265
4449,21.109328,4.355
4450,21.114505,5.177
4451,21.118208,3.703
4452,21.122583,4.375
4453,21.128425,5.842
4454,21.132044,3.619
4455,21.135549,3.505
4456,21.139971,4.422
4457,21.145157,5.186
4458,21.150457,5.3
4459,21.154806,4.349
4460,21.159846,5.04
4461,21.163328,3.482
4462,21.167585,4.257
4463,21.173842,6.257
4464,21.178779,4.937
4465,21.182365,3.586
4466,21.186775,4.41
4467,21.192775,6.0
4468,21.196909,4.134
4469,21.20159,4.681
4470,21.205906,4.316
4471,21.210793,4.887
4472,21.214485,3.692
4473,21.220807,6.322
4474,21.225697,4.89
4475,21.229561,3.864
4476,21.23359,4.029
4477,21.237812,4.222
4478,21.244628,6.816
4479,21.2482,3.572
4480,21.252621,4.421
4481,21.257414,4.793
4482,21.261728,4.314
4483,21.267866,6.138
4484,21.272247,4.381
4485,21.27703,4.783
4486,21.280803,3.773
4487,21.284961,4.158
4488,21.292314,7.353
4489,21.295653,3.339
4490,21.299933,4.28
4491,21.304187,4.254
4492,21.309217,5.03
4493,21.312851,3.634
4494,21.317043,4.192
4495,21.32207,5.027
4496,21.326007,3.937
4497,21.330829,4.822
4498,21.336442,5.613
4499,21.341275,4.833
4500,21.344875,3.6
4501,21.349176,4.301
4502,21.353529,4.353
4503,21.360519,6.99
4504,21.363982,3.463
4505,21.368736,4.754
4506,21.373541,4.805
4507,21.377569,4.028
4508,21.38335,5.781
4509,21.387686,4.336
4510,21.393182,5.496
4511,21.396479,3.297
4512,21.400759,4.28
4513,21.407912,7.153
4514,21.41138,3.468
4515,21.415705,4.325
4516,21.420048,4.343
4517,21.425274,5.226
4518,21.431097,5.823
4519,21.435198,4.101
4520,21.440205,5.007
4521,21.443765,3.56
4522,21.448293,4.528
4523,21.454387,6.094
4524,21.459729,5.342
4525,21.463479,3.75
4526,21.467712,4.233
4527,21.472577,4.865
4528,21.478331,5.754
4529,21.48266,4.329
4530,21.487092,4.432
4531,21.492273,5.181
4532,21.495883,3.61
4533,21.50202,6.137
4534,21.507028,5.008
4535,21.510828,3.8
4536,21.515173,4.345
4537,21.519502,4.329
4538,21.526454,6.952
4539,21.531932,5.478
4540,21.534664,2.732
4541,21.539685,5.021
4542,21.543148,3.463
4543,21.549489,6.341
4544,21.553867,4.378
4545,21.559228,5.361
4546,21.562603,3.375
4547,21.567016,4.413
4548,21.573793,6.777
4549,21.57773,3.937
4550,21.582015,4.285
4551,21.586248,4.233
4552,21.59119,4.942
4553,21.59495,3.76
4554,21.599415,4.465
4555,21.603663,4.248
4556,21.609179,5.516
4557,21.612392,3.213
4558,21.618888,6.496
4559,21.623378,4.49
4560,21.627328,3.95
4561,21.631901,4.573
4562,21.636061,4.16
4563,21.643097,7.036
4564,21.647158,4.061
4565,21.651089,3.931
4566,21.656156,5.067
4567,21.65969,3.534
4568,21.665872,6.182
4569,21.670187,4.315
4570,21.675431,5.244
4571,21.678822,3.391
4572,21.683227,4.405
4573,21.69026,7.033
4574,21.693741,3.481
4575,21.698022,4.281
4576,21.702372,4.35
4577,21.707384,5.012
4578,21.711136,3.752
4579,21.715447,4.311
4580,21.719599,4.152
4581,21.724556,4.957
4582,21.728288,3.732
4583,21.734467,6.179
4584,21.739262,4.795
4585,21.743037,3.775
4586,21.74782,4.783
4587,21.751818,3.998
4588,21.75885,7.032
4589,21.762134,3.284
4590,21.766693,4.559
4591,21.771483,4.79
4592,21.775253,3.77
4593,21.779748,4.495
4594,21.783893,4.145
4595,21.788615,4.722
4596,21.792838,4.223
4597,21.797033,4.195
4598,21.803175,6.142
4599,21.807882,4.707
4600,21.811514,3.632
4601,21.815789,4.275
4602,21.820619,4.83
4603,21.826144,5.525
4604,21.830382,4.238
4605,21.834636,4.254
4606,21.839656,5.02
4607,21.847885,8.229
4608,21.850686,2.801
4609,21.854881,4.195
4610,21.858798,3.917
4611,21.862819,4.021
4612,21.867059,4.24
4613,21.87408,7.021
4614,21.877368,3.288
4615,21.881758,4.39
4616,21.886059,4.301
4617,21.89103,4.971
4618,21.894398,3.368
4619,21.898717,4.319
4620,21.903658,4.941
4621,21.907383,3.725
4622,21.911497,4.114
4623,21.917803,6.306
4624,21.922511,4.708
4625,21.926185,3.674
4626,21.930516,4.331
4627,21.934704,4.188
4628,21.941777,7.073
4629,21.945435,3.658
4630,21.949745,4.31
4631,21.954118,4.373
4632,21.958047,3.929
4633,21.962024,3.977
4634,21.966585,4.561
4635,21.971147,4.562
4636,21.975037,3.89
4637,21.979681,4.644
4638,21.983757,4.076
4639,21.990282,6.525
4640,21.994131,3.849
4641,21.998265,4.134
4642,22.004993,6.728
4643,22.009009,4.016
4644,22.012857,3.848
4645,22.017042,4.185
4646,22.021765,4.723
4647,22.025907,4.142
4648,22.030252,4.345
4649,22.034115,3.863
4650,22.039044,4.929
4651,22.043027,3.983
4652,22.047443,4.416
4653,22.052108,4.665
4654,22.055554,3.446
4655,22.059963,4.409
4656,22.06442,4.457
4657,22.069445,5.025
4658,22.072983,3.538
4659,22.078114,5.131
4660,22.081804,3.69
4661,22.086676,4.872
4662,22.092265,5.589
4663,22.096527,4.262
4664,22.101577,5.05
4665,22.10503,3.453
4666,22.110261,5.231
4667,22.113924,3.663
4668,22.118783,4.859
4669,22.122606,3.823
4670,22.128422,5.816
4671,22.132833,4.411
4672,22.137599,4.766
4673,22.141717,4.118
4674,22.148706,6.989
4675,22.15307,4.364
4676,22.156519,3.449
4677,22.161279,4.76
4678,22.165207,3.928
4679,22.171691,6.484
4680,22.176013,4.322
4681,22.179907,3.894
4682,22.185929,6.022
4683,22.190692,4.763
4684,22.194624,3.932
4685,22.199034,4.41
4686,22.203873,4.839
4687,22.207598,3.725
4688,22.212079,4.481
4689,22.216389,4.31
4690,22.221425,5.036
4691,22.225126,3.701
4692,22.229592,4.466
4693,22.233955,4.363
4694,22.238714,4.759
4695,22.243263,4.549
4696,22.248926,5.663
4697,22.255846,6.92
4698,22.259687,3.841
4699,22.265674,5.987
4700,22.269893,4.219
4701,22.2748,4.907
4702,22.280553,5.753
4703,22.284706,4.153
4704,22.289524,4.818
4705,22.293341,3.817
4706,22.297765,4.424
4707,22.301955,4.19
4708,22.306861,4.906
4709,22.311879,5.018
4710,22.315459,3.58
4711,22.319898,4.439
4712,22.324746,4.848
4713,22.330097,5.351
4714,22.334333,4.236
4715,22.339221,4.888
4716,22.343022,3.801
4717,22.34734,4.318
4718,22.351702,4.362
4719,22.358552,6.85
4720,22.362321,3.769
4721,22.366471,4.15
4722,22.37996,13.489
4723,22.383877,3.917
4724,22.387385,3.508
4725,22.392053,4.668
4726,22.397045,4.992
4727,22.400488,3.443
4728,22.404845,4.357
4729,22.410069,5.224
4730,22.413566,3.497
4731,22.417819,4.253
4732,22.422014,4.195
4733,22.427023,5.009
4734,22.432459,5.436
4735,22.436101,3.642
4736,22.441053,4.952
4737,22.445364,4.311
4738,22.44943,4.066
4739,22.455022,5.592
4740,22.461,5.978
4741,22.464531,3.531
4742,22.469862,5.331
4743,22.474706,4.844
4744,22.478534,3.828
4745,22.483854,5.32
4746,22.487134,3.28
4747,22.492539,5.405
4748,22.495812,3.273
4749,22.500177,4.365
4750,22.505106,4.929
4751,22.50976,4.654
4752,22.513312,3.552
4753,22.517657,4.345
4754,22.522527,4.87
4755,22.526525,3.998
4756,22.531144,4.619
4757,22.535332,4.188
4758,22.540158,4.826
4759,22.543904,3.746
4760,22.548323,4.419
4761,22.553303,4.98
4762,22.560748,7.445
4763,22.563279,2.531
4764,22.567593,4.314
4765,22.572666,5.073
4766,22.576592,3.926
4767,22.580867,4.275
4768,22.585444,4.577
4769,22.590321,4.877
4770,22.59541,5.089
4771,22.59982,4.41
4772,22.604628,4.808
4773,22.608703,4.075
4774,22.613041,4.338
4775,22.617403,4.362
4776,22.62256,5.157
4777,22.626241,3.681
4778,22.631053,4.812
4779,22.636659,5.606
4780,22.641601,4.942
4781,22.645524,3.923
4782,22.651649,6.125
4783,22.656651,5.002
4784,22.660686,4.035
4785,22.664883,4.197
4786,22.669385,4.502
4787,22.67438,4.995
4788,22.678243,3.863
4789,22.682684,4.441
4790,22.687813,5.129
4791,22.691645,3.832
4792,22.696076,4.431
4793,22.700499,4.423
4794,22.70543,4.931
4795,22.709415,3.985
4796,22.713901,4.486
4797,22.718314,4.413
4798,22.72351,5.196
4799,22.727633,4.123
4800,22.7319,4.267
4801,22.736733,4.833
4802,22.74244,5.707
4803,22.7469,4.46
4804,22.751403,4.503
4805,22.756565,5.162
4806,22.760771,4.206
4807,22.764957,4.186
4808,22.769471,4.514
4809,22.77447,4.999
4810,22.778665,4.195
4811,22.783073,4.408
4812,22.78836,5.287
4813,22.792464,4.104
4814,22.796729,4.265
4815,22.801305,4.576
4816,22.806498,5.193
4817,22.810522,4.024
4818,22.814957,4.435
4819,22.821457,6.5
4820,22.825429,3.972
4821,22.830347,4.918
4822,22.836138,5.791
4823,22.841394,5.256
4824,22.845449,4.055
4825,22.849979,4.53
4826,22.855063,5.084
4827,22.859344,4.281
4828,22.863675,4.331
4829,22.868424,4.749
4830,22.873819,5.395
4831,22.877825,4.006
4832,22.882198,4.373
4833,22.886837,4.639
4834,22.892418,5.581
4835,22.896078,3.66
4836,22.900751,4.673
4837,22.907277,6.526
4838,22.911075,3.798
4839,22.915987,4.912
4840,22.920734,4.747
4841,22.927499,6.765
4842,22.931391,3.892
4843,22.937049,5.658
4844,22.941882,4.833
4845,22.94542,3.538
4846,22.95202,6.6
4847,22.954576,2.556
4848,22.961717,7.141
4849,22.965714,3.997
4850,22.970508,4.794
4851,22.975711,5.203
4852,22.979695,3.984
4853,22.984616,4.921
4854,22.988787,4.171
4855,22.999416,10.629
4856,23.002821,3.405
4857,23.008099,5.278
4858,23.013065,4.966
4859,23.018184,5.119
4860,23.022845,4.661
4861,23.027539,4.694
4862,23.035005,7.466
4863,23.038054,3.049
4864,23.042862,4.808
4865,23.047554,4.692
4866,23.051448,3.894
4867,23.055755,4.307
4868,23.060659,4.904
4869,23.065568,4.909
4870,23.069184,3.616
4871,23.073652,4.468
4872,23.078684,5.032
4873,23.082876,4.192
4874,23.086887,4.011
4875,23.091652,4.765
4876,23.097708,6.056
4877,23.101067,3.359
4878,23.105328,4.261
4879,23.112302,6.974
4880,23.115335,3.033
4881,23.119738,4.403
4882,23.125984,6.246
4883,23.130932,4.948
4884,23.1346,3.668
4885,23.139049,4.449
4886,23.144938,5.889
4887,23.148696,3.758
4888,23.154183,5.487
4889,23.158655,4.472
4890,23.163443,4.788
4891,23.167411,3.968
4892,23.171538,4.127
4893,23.176675,5.137
4894,23.180398,3.723
4895,23.184686,4.288
4896,23.189128,4.442
4897,23.195964,6.836
4898,23.198986,3.022
4899,23.204618,5.632
4900,23.211237,6.619
4901,23.215214,3.977
4902,23.21982,4.606
4903,23.224395,4.575
4904,23.22932,4.925
4905,23.233089,3.769
4906,23.237251,4.162
4907,23.242274,5.023
4908,23.246395,4.121
4909,23.250435,4.04
4910,23.25468,4.245
4911,23.259782,5.102
4912,23.263266,3.484
4913,23.267741,4.475
4914,23.272587,4.846
4915,23.276481,3.894
4916,23.282311,5.83
4917,23.286593,4.282
4918,23.291406,4.813
4919,23.295496,4.09
4920,23.299686,4.19
4921,23.303849,4.163
4922,23.310594,6.745
4923,23.314126,3.532
4924,23.31884,4.714
4925,23.323282,4.442
4926,23.327338,4.056
4927,23.331484,4.146
4928,23.335665,4.181
4929,23.340324,4.659
4930,23.346939,6.615
4931,23.351375,4.436
4932,23.355324,3.949
4933,23.359641,4.317
4934,23.363426,3.785
4935,23.367748,4.322
4936,23.372508,4.76
4937,23.376387,3.879
4938,23.381172,4.785
4939,23.38635,5.178
4940,23.391199,4.849
4941,23.395151,3.952
4942,23.399227,4.076
4943,23.404035,4.808
4944,23.40774,3.705
4945,23.41402,6.28
4946,23.417702,3.682
4947,23.422487,4.785
4948,23.426075,3.588
4949,23.430991,4.916
4950,23.434995,4.004
4951,23.439746,4.751
4952,23.446036,6.29
4953,23.449742,3.706
4954,23.454234,4.492
4955,23.457983,3.749
4956,23.463643,5.66
4957,23.467968,4.325
4958,23.472706,4.738
4959,23.477774,5.068
4960,23.482042,4.268
4961,23.486442,4.4
4962,23.493248,6.806
4963,23.496811,3.563
4964,23.501062,4.251
4965,23.505934,4.872
4966,23.50985,3.916
4967,23.51412,4.27
4968,23.518463,4.343
4969,23.523366,4.903
4970,23.527695,4.329
4971,23.532047,4.352
4972,23.536399,4.352
4973,23.541255,4.856
4974,23.545779,4.524
4975,23.551036,5.257
4976,23.554238,3.202
4977,23.558231,3.993
4978,23.562452,4.221
4979,23.568034,5.582
4980,23.572917,4.883
4981,23.576835,3.918
4982,23.580837,4.002
4983,23.585206,4.369
4984,23.58992,4.714
4985,23.595636,5.716
4986,23.599368,3.732
4987,23.604113,4.745
4988,23.608209,4.096
4989,23.61307,4.861
4990,23.616854,3.784
4991,23.621729,4.875
4992,23.625777,4.048
4993,23.631179,5.402
4994,23.635439,4.26
4995,23.640565,5.126
4996,23.645254,4.689
4997,23.649287,4.033
4998,23.653926,4.639
4999,23.659116,5.19
5000,23.663297,4.181
5001,23.667507,4.21
5002,23.674216,6.709
5003,23.678051,3.835
5004,23.682276,4.225
5005,23.68652,4.244
5006,23.691544,5.024
5007,23.695626,4.082
5008,23.699907,4.281
5009,23.70477,4.863
5010,23.708751,3.981
5011,23.713079,4.328
5012,23.717244,4.165
5013,23.722027,4.783
5014,23.726039,4.012
5015,23.73047,4.431
5016,23.734672,4.202
5017,23.739407,4.735
5018,23.744072,4.665
5019,23.748136,4.064
5020,23.753317,5.181
5021,23.756151,2.834
5022,23.760842,4.691
5023,23.764958,4.116
5024,23.769795,4.837
5025,23.773466,3.671
5026,23.779332,5.866
5027,23.782869,3.537
5028,23.787916,5.047
5029,23.791315,3.399
5030,23.797335,6.02
5031,23.802241,4.906
5032,23.805909,3.668
5033,23.810278,4.369
5034,23.814534,4.256
5035,23.819283,4.749
5036,23.822926,3.643
5037,23.829166,6.24
5038,23.832974,3.808
5039,23.83871,5.736
5040,23.842532,3.822
5041,23.847439,4.907
5042,23.853685,6.246
5043,23.857101,3.416
5044,23.86157,4.469
5045,23.865688,4.118
5046,23.870492,4.804
5047,23.874156,3.664
5048,23.87906,4.904
5049,23.883453,4.393
