leg,process_frame,frame_ms,target_z,cell,focused
outward,1289,25.149,23.9981327056885,vale-0,true
outward,1290,20.352,23.9945659637451,vale-0,true
outward,1291,20.596,23.9892997741699,vale-0,true
outward,1292,20.182,23.9736671447754,vale-0,true
outward,1293,15.26,23.9633007049561,vale-0,true
outward,1294,19.278,23.9512348175049,vale-0,true
outward,1295,22.669,23.9374694824219,vale-0,true
outward,1296,15.69,23.922004699707,vale-0,true
outward,1297,24.28,23.8859729766846,vale-0,true
outward,1298,19.045,23.8654079437256,vale-0,true
outward,1299,24.378,23.8431434631348,vale-0,true
outward,1300,20.135,23.8191795349121,vale-0,true
outward,1301,24.446,23.7935161590576,vale-0,true
outward,1302,12.975,23.7370910644531,vale-0,true
outward,1303,18.832,23.7063312530518,vale-0,true
outward,1304,22.413,23.6738719940186,vale-0,true
outward,1305,16.011,23.6397151947021,vale-0,true
outward,1306,23.409,23.6038589477539,vale-0,true
outward,1307,20.122,23.5270500183105,vale-0,true
outward,1308,22.071,23.4860992431641,vale-0,true
outward,1309,20.394,23.4434490203857,vale-0,true
outward,1310,12.803,23.3991012573242,vale-0,true
outward,1311,5.033,23.3991012573242,vale-0,true
outward,1312,5.116,23.3530559539795,vale-0,true
outward,1313,3.595,23.3530559539795,vale-0,true
outward,1314,3.716,23.3530559539795,vale-0,true
outward,1315,4.272,23.3530559539795,vale-0,true
outward,1316,5.86,23.3053131103516,vale-0,true
outward,1317,3.978,23.3053131103516,vale-0,true
outward,1318,4.364,23.3053131103516,vale-0,true
outward,1319,5.189,23.2558727264404,vale-0,true
outward,1320,4.584,23.2558727264404,vale-0,true
outward,1321,3.613,23.2558727264404,vale-0,true
outward,1322,3.951,23.2558727264404,vale-0,true
outward,1323,6.426,23.2047348022461,vale-0,true
outward,1324,4.152,23.2047348022461,vale-0,true
outward,1325,4.636,23.2047348022461,vale-0,true
outward,1326,5.615,23.1519012451172,vale-0,true
outward,1327,4.247,23.1519012451172,vale-0,true
outward,1328,4.059,23.1519012451172,vale-0,true
outward,1329,4.15,23.1519012451172,vale-0,true
outward,1330,6.343,23.0973720550537,vale-0,true
outward,1331,3.396,23.0973720550537,vale-0,true
outward,1332,3.454,23.0973720550537,vale-0,true
outward,1333,3.551,23.0973720550537,vale-0,true
outward,1334,5.415,23.041145324707,vale-0,true
outward,1335,3.798,23.041145324707,vale-0,true
outward,1336,3.963,23.041145324707,vale-0,true
outward,1337,4.432,23.041145324707,vale-0,true
outward,1338,5.194,22.9832229614258,vale-0,true
outward,1339,4.429,22.9832229614258,vale-0,true
outward,1340,3.875,22.9832229614258,vale-0,true
outward,1341,4.308,22.9832229614258,vale-0,true
outward,1342,4.976,22.9236030578613,vale-0,true
outward,1343,3.999,22.9236030578613,vale-0,true
outward,1344,3.908,22.9236030578613,vale-0,true
outward,1345,4.292,22.9236030578613,vale-0,true
outward,1346,5.189,22.8622894287109,vale-0,true
outward,1347,3.893,22.8622894287109,vale-0,true
outward,1348,3.86,22.8622894287109,vale-0,true
outward,1349,4.569,22.8622894287109,vale-0,true
outward,1350,5.37,22.799280166626,vale-0,true
outward,1351,4.364,22.799280166626,vale-0,true
outward,1352,4.586,22.799280166626,vale-0,true
outward,1353,4.106,22.799280166626,vale-0,true
outward,1354,5.734,22.7345752716064,vale-0,true
outward,1355,3.623,22.7345752716064,vale-0,true
outward,1356,4.614,22.7345752716064,vale-0,true
outward,1357,3.865,22.7345752716064,vale-0,true
outward,1358,4.673,22.6681747436523,vale-0,true
outward,1359,4.217,22.6681747436523,vale-0,true
outward,1360,4.433,22.6681747436523,vale-0,true
outward,1361,4.332,22.6681747436523,vale-0,true
outward,1362,5.479,22.6000804901123,vale-0,true
outward,1363,4.633,22.6000804901123,vale-0,true
outward,1364,3.956,22.6000804901123,vale-0,true
outward,1365,3.589,22.6000804901123,vale-0,true
outward,1366,5.42,22.5302906036377,vale-0,true
outward,1367,4.034,22.5302906036377,vale-0,true
outward,1368,4.655,22.5302906036377,vale-0,true
outward,1369,4.243,22.5302906036377,vale-0,true
outward,1370,6.506,22.4588069915771,vale-0,true
outward,1371,3.399,22.4588069915771,vale-0,true
outward,1372,3.588,22.4588069915771,vale-0,true
outward,1373,4.961,22.3856296539307,vale-0,true
outward,1374,3.958,22.3856296539307,vale-0,true
outward,1375,4.382,22.3856296539307,vale-0,true
outward,1376,4.82,22.3856296539307,vale-0,true
outward,1377,5.842,22.3107585906982,vale-0,true
outward,1378,4.022,22.3107585906982,vale-0,true
outward,1379,4.34,22.3107585906982,vale-0,true
outward,1380,4.166,22.3107585906982,vale-0,true
outward,1381,5.049,22.2341957092285,vale-0,true
outward,1382,6.364,22.2341957092285,vale-0,true
outward,1383,4.126,22.2341957092285,vale-0,true
outward,1384,6.262,22.1559371948242,vale-0,true
outward,1385,4.085,22.1559371948242,vale-0,true
outward,1386,3.285,22.1559371948242,vale-0,true
outward,1387,3.831,22.1559371948242,vale-0,true
outward,1388,5.391,22.0759868621826,vale-0,true
outward,1389,4.281,22.0759868621826,vale-0,true
outward,1390,3.695,22.0759868621826,vale-0,true
outward,1391,3.954,22.0759868621826,vale-0,true
outward,1392,6.546,21.9943447113037,vale-0,true
outward,1393,5.841,21.9943447113037,vale-0,true
outward,1394,4.929,21.9943447113037,vale-0,true
outward,1395,6.475,21.9110088348389,vale-0,true
outward,1396,5.115,21.9110088348389,vale-0,true
outward,1397,5.341,21.9110088348389,vale-0,true
outward,1398,5.654,21.9110088348389,vale-0,true
outward,1399,5.821,21.8259830474854,vale-0,true
outward,1400,3.372,21.8259830474854,vale-0,true
outward,1401,3.747,21.8259830474854,vale-0,true
outward,1402,4.376,21.8259830474854,vale-0,true
outward,1403,5.69,21.7392654418945,vale-0,true
outward,1404,4.567,21.7392654418945,vale-0,true
outward,1405,3.9,21.7392654418945,vale-0,true
outward,1406,5.594,21.6508560180664,vale-0,true
outward,1407,3.875,21.6508560180664,vale-0,true
outward,1408,3.958,21.6508560180664,vale-0,true
outward,1409,4.213,21.6508560180664,vale-0,true
outward,1410,6.375,21.5607585906982,vale-0,true
outward,1411,3.782,21.5607585906982,vale-0,true
outward,1412,4.197,21.5607585906982,vale-0,true
outward,1413,4.597,21.5607585906982,vale-0,true
outward,1414,4.892,21.4689693450928,vale-0,true
outward,1415,3.781,21.4689693450928,vale-0,true
outward,1416,3.656,21.4689693450928,vale-0,true
outward,1417,5.25,21.3754901885986,vale-0,true
outward,1418,4.333,21.3754901885986,vale-0,true
outward,1419,4.368,21.3754901885986,vale-0,true
outward,1420,5.338,21.3754901885986,vale-0,true
outward,1421,5.621,21.2803211212158,vale-0,true
outward,1422,4.066,21.2803211212158,vale-0,true
outward,1423,4.442,21.2803211212158,vale-0,true
outward,1424,4.636,21.2803211212158,vale-0,true
outward,1425,4.596,21.1834621429443,vale-0,true
outward,1426,4.024,21.1834621429443,vale-0,true
outward,1427,4.509,21.1834621429443,vale-0,true
outward,1428,5.508,21.0849151611328,vale-0,true
outward,1429,3.759,21.0849151611328,vale-0,true
outward,1430,3.921,21.0849151611328,vale-0,true
outward,1431,3.496,21.0849151611328,vale-0,true
outward,1432,5.267,20.9846801757812,vale-0,true
outward,1433,3.579,20.9846801757812,vale-0,true
outward,1434,3.294,20.9846801757812,vale-0,true
outward,1435,3.443,20.9846801757812,vale-0,true
outward,1436,5.964,20.8827571868896,vale-0,true
outward,1437,4.13,20.8827571868896,vale-0,true
outward,1438,3.961,20.8827571868896,vale-0,true
outward,1439,4.816,20.7791481018066,vale-0,true
outward,1440,4.283,20.7791481018066,vale-0,true
outward,1441,3.781,20.7791481018066,vale-0,true
outward,1442,3.618,20.7791481018066,vale-0,true
outward,1443,8.967,20.6738510131836,vale-0,true
outward,1444,3.539,20.6738510131836,vale-0,true
outward,1445,3.615,20.6738510131836,vale-0,true
outward,1446,3.253,20.6738510131836,vale-0,true
outward,1447,5.476,20.5668659210205,vale-0,true
outward,1448,3.637,20.5668659210205,vale-0,true
outward,1449,3.722,20.5668659210205,vale-0,true
outward,1450,4.366,20.4581966400146,vale-0,true
outward,1451,4.991,20.4581966400146,vale-0,true
outward,1452,4.502,20.4581966400146,vale-0,true
outward,1453,4.006,20.4581966400146,vale-0,true
outward,1454,5.561,20.3478393554688,vale-0,true
outward,1455,4.096,20.3478393554688,vale-0,true
outward,1456,3.509,20.3478393554688,vale-0,true
outward,1457,3.777,20.3478393554688,vale-0,true
outward,1458,4.583,20.2357978820801,vale-0,true
outward,1459,4.742,20.2357978820801,vale-0,true
outward,1460,3.586,20.2357978820801,vale-0,true
outward,1461,4.401,20.1220722198486,vale-0,true
outward,1462,4.739,20.1220722198486,vale-0,true
outward,1463,4.204,20.1220722198486,vale-0,true
outward,1464,4.255,20.1220722198486,vale-0,true
outward,1465,4.752,20.0066623687744,vale-0,true
outward,1466,4.287,20.0066623687744,vale-0,true
outward,1467,4.444,20.0066623687744,vale-0,true
outward,1468,3.487,20.0066623687744,vale-0,true
outward,1469,4.564,19.8895683288574,vale-0,true
outward,1470,4.887,19.8895683288574,vale-0,true
outward,1471,3.908,19.8895683288574,vale-0,true
outward,1472,3.719,19.8895683288574,vale-0,true
outward,1473,4.194,19.7707901000977,vale-0,true
outward,1474,3.987,19.7707901000977,vale-0,true
outward,1475,4.383,19.7707901000977,vale-0,true
outward,1476,3.824,19.7707901000977,vale-0,true
outward,1477,5.658,19.6503276824951,vale-0,true
outward,1478,4.295,19.6503276824951,vale-0,true
outward,1479,3.601,19.6503276824951,vale-0,true
outward,1480,3.625,19.6503276824951,vale-0,true
outward,1481,4.732,19.5281829833984,vale-0,true
outward,1482,4.56,19.5281829833984,vale-0,true
outward,1483,4.11,19.5281829833984,vale-0,true
outward,1484,3.977,19.5281829833984,vale-0,true
outward,1485,4.627,19.4043560028076,vale-0,true
outward,1486,4.295,19.4043560028076,vale-0,true
outward,1487,4.194,19.4043560028076,vale-0,true
outward,1488,5.242,19.2788486480713,vale-0,true
outward,1489,3.618,19.2788486480713,vale-0,true
outward,1490,4.007,19.2788486480713,vale-0,true
outward,1491,4.098,19.2788486480713,vale-0,true
outward,1492,5.201,19.1516590118408,vale-0,true
outward,1493,4.629,19.1516590118408,vale-0,true
outward,1494,4.601,19.1516590118408,vale-0,true
outward,1495,4.168,19.1516590118408,vale-0,true
outward,1496,7.588,19.0227890014648,vale-0,true
outward,1497,4.062,19.0227890014648,vale-0,true
outward,1498,4.361,19.0227890014648,vale-0,true
outward,1499,5.083,18.8922386169434,vale-0,true
outward,1500,4.181,18.8922386169434,vale-0,true
outward,1501,4.322,18.8922386169434,vale-0,true
outward,1502,4.225,18.8922386169434,vale-0,true
outward,1503,5.414,18.760009765625,vale-0,true
outward,1504,4.808,18.760009765625,vale-0,true
outward,1505,4.797,18.760009765625,vale-0,true
outward,1506,3.897,18.760009765625,vale-0,true
outward,1507,4.878,18.6261024475098,vale-0,true
outward,1508,4.372,18.6261024475098,vale-0,true
outward,1509,4.061,18.6261024475098,vale-0,true
outward,1510,5.387,18.490514755249,vale-0,true
outward,1511,4.504,18.490514755249,vale-0,true
outward,1512,4.988,18.490514755249,vale-0,true
outward,1513,4.414,18.490514755249,vale-0,true
outward,1514,5.892,18.35325050354,vale-0,true
outward,1515,4.252,18.35325050354,vale-0,true
outward,1516,3.947,18.35325050354,vale-0,true
outward,1517,3.884,18.35325050354,vale-0,true
outward,1518,4.949,18.2143096923828,vale-0,true
outward,1519,4.206,18.2143096923828,vale-0,true
outward,1520,4.064,18.2143096923828,vale-0,true
outward,1521,5.169,18.0736904144287,vale-0,true
outward,1522,4.528,18.0736904144287,vale-0,true
outward,1523,3.862,18.0736904144287,vale-0,true
outward,1524,4.103,18.0736904144287,vale-0,true
outward,1525,5.363,17.931396484375,vale-0,true
outward,1526,4.66,17.931396484375,vale-0,true
outward,1527,4.803,17.931396484375,vale-0,true
outward,1528,6.066,17.931396484375,vale-0,true
outward,1529,7.108,17.787425994873,vale-0,true
outward,1530,5.403,17.787425994873,vale-0,true
outward,1531,7.721,17.787425994873,vale-0,true
outward,1532,5.391,17.6417789459229,vale-0,true
outward,1533,3.961,17.6417789459229,vale-0,true
outward,1534,3.833,17.6417789459229,vale-0,true
outward,1535,4.38,17.6417789459229,vale-0,true
outward,1536,4.663,17.4944591522217,vale-0,true
outward,1537,3.8,17.4944591522217,vale-0,true
outward,1538,3.743,17.4944591522217,vale-0,true
outward,1539,4.384,17.4944591522217,vale-0,true
outward,1540,4.744,17.3454647064209,vale-0,true
outward,1541,4.059,17.3454647064209,vale-0,true
outward,1542,4.202,17.3454647064209,vale-0,true
outward,1543,5.247,17.1947975158691,vale-0,true
outward,1544,3.925,17.1947975158691,vale-0,true
outward,1545,3.465,17.1947975158691,vale-0,true
outward,1546,3.487,17.1947975158691,vale-0,true
outward,1547,4.779,17.0424575805664,vale-0,true
outward,1548,3.823,17.0424575805664,vale-0,true
outward,1549,3.679,17.0424575805664,vale-0,true
outward,1550,4.039,17.0424575805664,vale-0,true
outward,1551,4.695,16.8884449005127,vale-0,true
outward,1552,4.372,16.8884449005127,vale-0,true
outward,1553,3.598,16.8884449005127,vale-0,true
outward,1554,4.844,16.7327613830566,vale-0,true
outward,1555,4.398,16.7327613830566,vale-0,true
outward,1556,3.652,16.7327613830566,vale-0,true
outward,1557,4.572,16.7327613830566,vale-0,true
outward,1558,5.549,16.5754070281982,vale-0,true
outward,1559,4.336,16.5754070281982,vale-0,true
outward,1560,3.806,16.5754070281982,vale-0,true
outward,1561,3.706,16.5754070281982,vale-0,true
outward,1562,5.844,16.4163818359375,vale-0,true
outward,1563,3.768,16.4163818359375,vale-0,true
outward,1564,4.422,16.4163818359375,vale-0,true
outward,1565,5.121,16.2556858062744,vale-0,true
outward,1566,4.843,16.2556858062744,vale-0,true
outward,1567,4.262,16.2556858062744,vale-0,true
outward,1568,4.442,16.2556858062744,vale-0,true
outward,1569,5.549,16.0933208465576,vale-0,true
outward,1570,3.99,16.0933208465576,vale-0,true
outward,1571,4.225,16.0933208465576,vale-0,true
outward,1572,3.883,16.0933208465576,vale-0,true
outward,1573,5.843,15.9292879104614,vale-0,true
outward,1574,3.503,15.9292879104614,vale-0,true
outward,1575,3.795,15.9292879104614,vale-0,true
outward,1576,5.12,15.7635879516602,vale-0,true
outward,1577,3.871,15.7635879516602,vale-0,true
outward,1578,4.214,15.7635879516602,vale-0,true
outward,1579,4.029,15.7635879516602,vale-0,true
outward,1580,5.344,15.5962200164795,vale-0,true
outward,1581,4.41,15.5962200164795,vale-0,true
outward,1582,4.138,15.5962200164795,vale-0,true
outward,1583,4.137,15.5962200164795,vale-0,true
outward,1584,5.29,15.4271869659424,vale-0,true
outward,1585,4.598,15.4271869659424,vale-0,true
outward,1586,3.567,15.4271869659424,vale-0,true
outward,1587,4.878,15.2564878463745,vale-0,true
outward,1588,4.896,15.2564878463745,vale-0,true
outward,1589,3.772,15.2564878463745,vale-0,true
outward,1590,4.232,15.2564878463745,vale-0,true
outward,1591,4.506,15.0841236114502,vale-0,true
outward,1592,4.248,15.0841236114502,vale-0,true
outward,1593,4.162,15.0841236114502,vale-0,true
outward,1594,3.951,15.0841236114502,vale-0,true
outward,1595,4.851,14.9100942611694,vale-0,true
outward,1596,4.724,14.9100942611694,vale-0,true
outward,1597,3.729,14.9100942611694,vale-0,true
outward,1598,3.864,14.9100942611694,vale-0,true
outward,1599,4.375,14.7344017028809,vale-0,true
outward,1600,4.817,14.7344017028809,vale-0,true
outward,1601,3.81,14.7344017028809,vale-0,true
outward,1602,4.089,14.7344017028809,vale-0,true
outward,1603,6.008,14.5570459365845,vale-0,true
outward,1604,5.016,14.5570459365845,vale-0,true
outward,1605,4.286,14.5570459365845,vale-0,true
outward,1606,4.724,14.3780279159546,vale-0,true
outward,1607,4.257,14.3780279159546,vale-0,true
outward,1608,4.022,14.3780279159546,vale-0,true
outward,1609,3.791,14.3780279159546,vale-0,true
outward,1610,5.272,14.1973485946655,vale-0,true
outward,1611,4.098,14.1973485946655,vale-0,true
outward,1612,4.33,14.1973485946655,vale-0,true
outward,1613,3.598,14.1973485946655,vale-0,true
outward,1614,4.946,14.0150079727173,vale-0,true
outward,1615,4.621,14.0150079727173,vale-0,true
outward,1616,3.928,14.0150079727173,vale-0,true
outward,1617,4.046,14.0150079727173,vale-0,true
outward,1618,4.868,13.8310079574585,vale-0,true
outward,1619,3.932,13.8310079574585,vale-0,true
outward,1620,4.258,13.8310079574585,vale-0,true
outward,1621,3.831,13.8310079574585,vale-0,true
outward,1622,5.725,13.6453485488892,vale-0,true
outward,1623,3.792,13.6453485488892,vale-0,true
outward,1624,3.866,13.6453485488892,vale-0,true
outward,1625,5.288,13.4580307006836,vale-0,true
outward,1626,4.231,13.4580307006836,vale-0,true
outward,1627,3.723,13.4580307006836,vale-0,true
outward,1628,3.973,13.4580307006836,vale-0,true
outward,1629,5.432,13.2690553665161,vale-0,true
outward,1630,3.815,13.2690553665161,vale-0,true
outward,1631,3.575,13.2690553665161,vale-0,true
outward,1632,3.802,13.2690553665161,vale-0,true
outward,1633,4.737,13.0784225463867,vale-0,true
outward,1634,4.164,13.0784225463867,vale-0,true
outward,1635,4.238,13.0784225463867,vale-0,true
outward,1636,4.362,13.0784225463867,vale-0,true
outward,1637,5.594,12.8861331939697,vale-0,true
outward,1638,4.622,12.8861331939697,vale-0,true
outward,1639,4.369,12.8861331939697,vale-0,true
outward,1640,4.077,12.8861331939697,vale-0,true
outward,1641,5.707,12.6921882629395,vale-0,true
outward,1642,3.917,12.6921882629395,vale-0,true
outward,1643,4.181,12.6921882629395,vale-0,true
outward,1644,4.831,12.4965887069702,vale-0,true
outward,1645,4.525,12.4965887069702,vale-0,true
outward,1646,4.233,12.4965887069702,vale-0,true
outward,1647,4.21,12.4965887069702,vale-0,true
outward,1648,5.031,12.299334526062,vale-0,true
outward,1649,4.948,12.299334526062,vale-0,true
outward,1650,5.67,12.299334526062,vale-0,true
outward,1651,5.409,12.299334526062,vale-0,true
outward,1652,6.405,12.1004276275635,vale-0,true
outward,1653,4.983,12.1004276275635,vale-0,true
outward,1654,4.019,12.1004276275635,vale-0,true
outward,1655,5.204,11.8998680114746,vale-0,true
outward,1656,4.023,11.8998680114746,vale-0,true
outward,1657,4.294,11.8998680114746,vale-0,true
outward,1658,4.277,11.8998680114746,vale-0,true
outward,1659,5.76,11.6976566314697,vale-0,true
outward,1660,4.394,11.6976566314697,vale-0,true
outward,1661,3.099,11.6976566314697,vale-0,true
outward,1662,15.295,11.4937934875488,vale-0,true
outward,1663,22.41,11.2882804870605,vale-0,true
outward,1664,15.37,11.0811185836792,vale-0,true
outward,1665,19.116,10.8723087310791,vale-0,true
outward,1666,23.203,10.449746131897,vale-0,true
outward,1667,14.986,10.2359952926636,vale-0,true
outward,1668,23.784,10.0205993652344,vale-0,true
outward,1669,19.615,9.80355930328369,vale-0,true
outward,1670,24.813,9.36454772949219,vale-0,true
outward,1671,19.776,9.14257907867432,vale-0,true
outward,1672,20.836,8.91897010803223,vale-0,true
outward,1673,16.319,8.69372081756592,vale-0,true
outward,1674,19.099,8.46683216094971,vale-0,true
outward,1675,23.255,8.00814151763916,vale-0,true
outward,1676,15.206,7.7763409614563,vale-0,true
outward,1677,23.936,7.54290533065796,vale-0,true
outward,1678,19.8,7.30783462524414,vale-0,true
outward,1679,20.672,6.83279371261597,vale-0,true
outward,1680,20.49,6.59282493591309,vale-0,true
outward,1681,21.018,6.35122537612915,vale-0,true
outward,1682,21.078,6.10799598693848,vale-0,true
outward,1683,16.237,5.86313724517822,vale-0,true
outward,1684,24.449,5.36853694915771,vale-0,true
outward,1685,19.426,5.11879682540894,vale-0,true
outward,1686,27.412,4.867431640625,vale-0,true
outward,1687,17.422,4.61444282531738,vale-0,true
outward,1688,20.031,4.10359573364258,vale-0,true
outward,1689,19.997,3.84574007987976,vale-0,true
outward,1690,20.837,3.58626389503479,vale-0,true
outward,1691,16.373,3.32516860961914,vale-0,true
outward,1692,23.966,3.06245517730713,vale-0,true
outward,1693,20.346,2.53217816352844,vale-0,true
outward,1694,22.342,2.26461625099182,vale-0,true
outward,1695,20.647,1.99544024467468,vale-0,true
outward,1696,16.547,1.72465121746063,vale-0,true
outward,1697,24.526,1.17823839187622,vale-0,true
outward,1698,19.714,0.90261662006378,vale-0,true
outward,1699,24.499,0.62538594007492,vale-0,true
outward,1700,21.253,0.06610232591629,vale-0,true
outward,1701,20.722,-0.21594843268394,vale-0,true
outward,1702,16.809,-0.49960371851921,vale-0,true
outward,1703,19.79,-0.78486239910126,vale-0,true
outward,1704,24.977,-1.36018574237823,vale-0,true
outward,1705,14.308,-1.65024828910828,vale-0,true
outward,1706,22.583,-1.94190979003906,vale-0,true
outward,1707,20.17,-2.23516917228699,vale-0,true
outward,1708,25.51,-2.82647728919983,vale-0,true
outward,1709,20.478,-3.12452387809753,vale-0,true
outward,1710,20.976,-3.4241635799408,vale-0,true
outward,1711,17.323,-4.0282187461853,vale-0,true
outward,1712,23.801,-4.33263206481934,vale-0,true
outward,1713,20.138,-4.6386342048645,vale-0,true
outward,1714,24.743,-4.94622421264648,vale-0,true
outward,1715,20.594,-5.56616115570068,vale-0,true
outward,1716,20.795,-5.87850618362427,vale-0,true
outward,1717,21.136,-6.19243431091309,vale-0,true
outward,1718,16.574,-6.50794458389282,vale-0,true
outward,1719,20.219,-7.14370489120483,vale-0,true
outward,1720,21.983,-7.46395301818848,vale-0,true
outward,1721,15.859,-7.78577852249146,vale-0,true
outward,1722,23.765,-8.10917949676514,vale-0,true
outward,1723,15.81,-8.76070308685303,vale-0,true
outward,1724,22.785,-9.08882331848145,vale-0,true
outward,1725,19.993,-9.41851425170898,vale-0,true
outward,1726,20.746,-9.74977588653564,vale-0,true
outward,1727,16.69,-10.4170007705688,vale-0,true
outward,1728,23.035,-10.7529630661011,vale-0,true
outward,1729,19.65,-11.0904893875122,vale-0,true
outward,1730,23.955,-11.4295797348022,vale-0,true
outward,1731,21.004,-12.1124458312988,vale-0,true
outward,1732,20.028,-12.4562187194824,vale-0,true
outward,1733,16.689,-12.8015489578247,vale-0,true
outward,1734,18.466,-13.1484365463257,vale-0,true
outward,1735,23.201,-13.8468770980835,vale-0,true
outward,1736,13.924,-13.8468770980835,vale-0,true
outward,1737,22.873,-14.1984272003174,vale-0,true
outward,1738,15.443,-14.5515289306641,vale-0,true
outward,1739,17.239,-14.9061813354492,vale-0,true
outward,1740,5.809,-15.2623825073242,vale-0,true
outward,1741,5.667,-15.2623825073242,vale-0,true
outward,1742,4.729,-15.6201314926147,vale-0,true
outward,1743,3.578,-15.6201314926147,vale-0,true
outward,1744,3.978,-15.6201314926147,vale-0,true
outward,1745,4.088,-15.6201314926147,vale-0,true
outward,1746,5.607,-15.9794273376465,vale-0,true
outward,1747,4.308,-15.9794273376465,vale-0,true
outward,1748,4.383,-15.9794273376465,vale-0,true
outward,1749,5.943,-16.3402671813965,vale-0,true
outward,1750,3.334,-16.3402671813965,vale-0,true
outward,1751,3.671,-16.3402671813965,vale-0,true
outward,1752,4.997,-16.3402671813965,vale-0,true
outward,1753,4.889,-16.7026519775391,vale-0,true
outward,1754,3.978,-16.7026519775391,vale-0,true
outward,1755,4.317,-16.7026519775391,vale-0,true
outward,1756,4.344,-16.7026519775391,vale-0,true
outward,1757,4.801,-17.0665798187256,vale-0,true
outward,1758,4.613,-17.0665798187256,vale-0,true
outward,1759,4.599,-17.0665798187256,vale-0,true
outward,1760,5.096,-17.4320487976074,vale-0,true
outward,1761,4.445,-17.4320487976074,vale-0,true
outward,1762,3.589,-17.4320487976074,vale-0,true
outward,1763,4.431,-17.4320487976074,vale-0,true
outward,1764,4.223,-17.7990570068359,vale-0,true
outward,1765,3.773,-17.7990570068359,vale-0,true
outward,1766,3.442,-17.7990570068359,vale-0,true
outward,1767,3.658,-17.7990570068359,vale-0,true
outward,1768,6.246,-18.1676025390625,vale-0,true
outward,1769,4.781,-18.1676025390625,vale-0,true
outward,1770,4.038,-18.1676025390625,vale-0,true
outward,1771,4.364,-18.1676025390625,vale-0,true
outward,1772,4.274,-18.5376853942871,vale-0,true
outward,1773,3.956,-18.5376853942871,vale-0,true
outward,1774,3.711,-18.5376853942871,vale-0,true
outward,1775,4.477,-18.5376853942871,vale-0,true
outward,1776,4.398,-18.9093036651611,vale-0,true
outward,1777,3.413,-18.9093036651611,vale-0,true
outward,1778,3.64,-18.9093036651611,vale-0,true
outward,1779,3.577,-18.9093036651611,vale-0,true
outward,1780,3.483,-18.9093036651611,vale-0,true
outward,1781,5.44,-19.2824554443359,vale-0,true
outward,1782,4.651,-19.2824554443359,vale-0,true
outward,1783,5.182,-19.2824554443359,vale-0,true
outward,1784,3.685,-19.2824554443359,vale-0,true
outward,1785,4.418,-19.6571407318115,vale-0,true
outward,1786,3.603,-19.6571407318115,vale-0,true
outward,1787,4.242,-19.6571407318115,vale-0,true
outward,1788,3.734,-19.6571407318115,vale-0,true
outward,1789,3.672,-19.6571407318115,vale-0,true
outward,1790,4.65,-20.0333595275879,vale-0,true
outward,1791,5.494,-20.0333595275879,vale-0,true
outward,1792,4.452,-20.0333595275879,vale-0,true
outward,1793,4.554,-20.0333595275879,vale-0,true
outward,1794,4.979,-20.4111061096191,vale-0,true
outward,1795,4.186,-20.4111061096191,vale-0,true
outward,1796,3.745,-20.4111061096191,vale-0,true
outward,1797,3.676,-20.4111061096191,vale-0,true
outward,1798,6.091,-20.7903823852539,vale-0,true
outward,1799,4.393,-20.7903823852539,vale-0,true
outward,1800,4.615,-20.7903823852539,vale-0,true
outward,1801,4.498,-20.7903823852539,vale-0,true
outward,1802,5.928,-21.1711845397949,vale-0,true
outward,1803,3.787,-21.1711845397949,vale-0,true
outward,1804,3.843,-21.1711845397949,vale-0,true
outward,1805,4.216,-21.1711845397949,vale-0,true
outward,1806,5.903,-21.5535144805908,vale-0,true
outward,1807,4.038,-21.5535144805908,vale-0,true
outward,1808,3.803,-21.5535144805908,vale-0,true
outward,1809,4.294,-21.5535144805908,vale-0,true
outward,1810,5.733,-21.9373683929443,vale-0,true
outward,1811,4.28,-21.9373683929443,vale-0,true
outward,1812,4.617,-21.9373683929443,vale-0,true
outward,1813,4.796,-21.9373683929443,vale-0,true
outward,1814,5.269,-22.3227462768555,vale-0,true
outward,1815,3.907,-22.3227462768555,vale-0,true
outward,1816,5.121,-22.3227462768555,vale-0,true
outward,1817,5.729,-22.709644317627,vale-0,true
outward,1818,4.57,-22.709644317627,vale-0,true
outward,1819,4.528,-22.709644317627,vale-0,true
outward,1820,4.549,-22.709644317627,vale-0,true
outward,1821,5.139,-23.0980625152588,vale-0,true
outward,1822,3.547,-23.0980625152588,vale-0,true
outward,1823,4.811,-23.0980625152588,vale-0,true
outward,1824,5.168,-23.488000869751,vale-0,true
outward,1825,3.818,-23.488000869751,vale-0,true
outward,1826,3.86,-23.488000869751,vale-0,true
outward,1827,4.852,-23.488000869751,vale-0,true
outward,1828,5.809,-23.8794574737549,vale-0,true
outward,1829,4.616,-23.8794574737549,vale-0,true
outward,1830,4.955,-23.8794574737549,vale-0,true
outward,1831,5.24,-24.2724285125732,vale-0,true
outward,1832,4.585,-24.2724285125732,vale-0,true
outward,1833,4.012,-24.2724285125732,vale-0,true
outward,1834,5.232,-24.2724285125732,vale-0,true
outward,1835,6.064,-24.6669139862061,vale-0,true
outward,1836,4.458,-24.6669139862061,vale-0,true
outward,1837,4.707,-24.6669139862061,vale-0,true
outward,1838,5.644,-25.0629138946533,vale-0,true
outward,1839,4.838,-25.0629138946533,vale-0,true
outward,1840,4.678,-25.0629138946533,vale-0,true
outward,1841,4.208,-25.0629138946533,vale-0,true
outward,1842,5.051,-25.4604263305664,vale-0,true
outward,1843,3.988,-25.4604263305664,vale-0,true
outward,1844,4.669,-25.4604263305664,vale-0,true
outward,1845,4.941,-25.8594493865967,vale-0,true
outward,1846,3.7,-25.8594493865967,vale-0,true
outward,1847,3.931,-25.8594493865967,vale-0,true
outward,1848,5.027,-25.8594493865967,vale-0,true
outward,1849,6.103,-26.2599792480469,vale-0,true
outward,1850,3.834,-26.2599792480469,vale-0,true
outward,1851,4.2,-26.2599792480469,vale-0,true
outward,1852,7.092,-26.6620178222656,vale-0,true
outward,1853,8.763,-26.6620178222656,vale-0,true
outward,1854,5.175,-26.6620178222656,vale-0,true
outward,1855,6.213,-27.0655632019043,vale-0,true
outward,1856,3.984,-27.0655632019043,vale-0,true
outward,1857,5.141,-27.0655632019043,vale-0,true
outward,1858,5.194,-27.4706115722656,vale-0,true
outward,1859,4.243,-27.4706115722656,vale-0,true
outward,1860,4.754,-27.4706115722656,vale-0,true
outward,1861,5.738,-27.8771648406982,vale-0,true
outward,1862,4.915,-27.8771648406982,vale-0,true
outward,1863,4.511,-27.8771648406982,vale-0,true
outward,1864,5.369,-28.2852191925049,vale-0,true
outward,1865,3.903,-28.2852191925049,vale-0,true
outward,1866,4.174,-28.2852191925049,vale-0,true
outward,1867,5.93,-28.6947727203369,vale-0,true
outward,1868,3.948,-28.6947727203369,vale-0,true
outward,1869,4.984,-28.6947727203369,vale-0,true
outward,1870,5.087,-29.1058254241943,vale-0,true
outward,1871,4.804,-29.1058254241943,vale-0,true
outward,1872,5.572,-29.1058254241943,vale-0,true
outward,1873,5.609,-29.5183753967285,vale-0,true
outward,1874,5.408,-29.5183753967285,vale-0,true
outward,1875,5.46,-29.5183753967285,vale-0,true
outward,1876,6.53,-29.9324226379395,vale-0,true
outward,1877,5.438,-29.9324226379395,vale-0,true
outward,1878,5.161,-29.9324226379395,vale-0,true
outward,1879,5.652,-30.3479614257812,vale-0,true
outward,1880,4.894,-30.3479614257812,vale-0,true
outward,1881,4.986,-30.3479614257812,vale-0,true
outward,1882,4.352,-30.3479614257812,vale-0,true
outward,1883,5.343,-30.7649955749512,vale-0,true
outward,1884,4.738,-30.7649955749512,vale-0,true
outward,1885,4.281,-30.7649955749512,vale-0,true
outward,1886,5.225,-31.1835193634033,vale-0,true
outward,1887,4.555,-31.1835193634033,vale-0,true
outward,1888,4.077,-31.1835193634033,vale-0,true
outward,1889,5.255,-31.6035346984863,vale-0,true
outward,1890,4.297,-31.6035346984863,vale-0,true
outward,1891,4.434,-31.6035346984863,vale-0,true
outward,1892,4.409,-31.6035346984863,vale-0,true
outward,1893,5.24,-32.0250358581543,vale-0,true
outward,1894,4.992,-32.0250358581543,vale-0,true
outward,1895,4.444,-32.0250358581543,vale-0,true
outward,1896,5.546,-32.4480247497559,vale-0,true
outward,1897,4.544,-32.4480247497559,vale-0,true
outward,1898,4.88,-32.4480247497559,vale-0,true
outward,1899,5.553,-32.872501373291,vale-0,true
outward,1900,5.225,-32.872501373291,vale-0,true
outward,1901,4.425,-32.872501373291,vale-0,true
outward,1902,4.017,-32.872501373291,vale-0,true
outward,1903,5.554,-33.2984580993652,vale-0,true
outward,1904,5.347,-33.2984580993652,vale-0,true
outward,1905,4.257,-33.2984580993652,vale-0,true
outward,1906,4.984,-33.7258987426758,vale-0,true
outward,1907,4.866,-33.7258987426758,vale-0,true
outward,1908,4.052,-33.7258987426758,vale-0,true
outward,1909,5.067,-34.1548194885254,vale-0,true
outward,1910,4.999,-34.1548194885254,vale-0,true
outward,1911,5.152,-34.1548194885254,vale-0,true
outward,1912,4.312,-34.1548194885254,vale-0,true
outward,1913,5.069,-34.5852203369141,vale-0,true
outward,1914,4.425,-34.5852203369141,vale-0,true
outward,1915,4.422,-34.5852203369141,vale-0,true
outward,1916,5.792,-35.0170974731445,vale-0,true
outward,1917,3.867,-35.0170974731445,vale-0,true
outward,1918,5.074,-35.0170974731445,vale-0,true
outward,1919,5.986,-35.4504508972168,vale-0,true
outward,1920,4.27,-35.4504508972168,vale-0,true
outward,1921,4.328,-35.4504508972168,vale-0,true
outward,1922,4.385,-35.4504508972168,vale-0,true
outward,1923,5.118,-35.8852767944336,vale-0,true
outward,1924,4.671,-35.8852767944336,vale-0,true
outward,1925,5.469,-35.8852767944336,vale-0,true
outward,1926,5.866,-36.3215789794922,vale-0,true
outward,1927,3.854,-36.3215789794922,vale-0,true
outward,1928,5.245,-36.3215789794922,vale-0,true
outward,1929,5.72,-36.7593536376953,vale-0,true
outward,1930,4.647,-36.7593536376953,vale-0,true
outward,1931,4.414,-36.7593536376953,vale-0,true
outward,1932,5.046,-36.7593536376953,vale-0,true
outward,1933,5.29,-37.1985969543457,vale-0,true
outward,1934,3.806,-37.1985969543457,vale-0,true
outward,1935,5.174,-37.1985969543457,vale-0,true
outward,1936,5.069,-37.6393089294434,vale-0,true
outward,1937,4.194,-37.6393089294434,vale-0,true
outward,1938,4.879,-37.6393089294434,vale-0,true
outward,1939,4.31,-37.6393089294434,vale-0,true
outward,1940,4.718,-38.081485748291,vale-0,true
outward,1941,3.899,-38.081485748291,vale-0,true
outward,1942,4.951,-38.081485748291,vale-0,true
outward,1943,5.407,-38.5251312255859,vale-0,true
outward,1944,4.023,-38.5251312255859,vale-0,true
outward,1945,4.29,-38.5251312255859,vale-0,true
outward,1946,4.986,-38.5251312255859,vale-0,true
outward,1947,5.126,-38.9702377319336,vale-0,true
outward,1948,4.061,-38.9702377319336,vale-0,true
outward,1949,4.188,-38.9702377319336,vale-0,true
outward,1950,4.196,-38.9702377319336,vale-0,true
outward,1951,4.9,-39.4168090820312,vale-0,true
outward,1952,3.82,-39.4168090820312,vale-0,true
outward,1953,4.884,-39.4168090820312,vale-0,true
outward,1954,6.349,-39.8648414611816,vale-0,true
outward,1955,4.31,-39.8648414611816,vale-0,true
outward,1956,4.702,-39.8648414611816,vale-0,true
outward,1957,4.688,-39.8648414611816,vale-0,true
outward,1958,5.908,-40.3143310546875,vale-0,true
outward,1959,4.055,-40.3143310546875,vale-0,true
outward,1960,4.745,-40.3143310546875,vale-0,true
outward,1961,4.674,-40.3143310546875,vale-0,true
outward,1962,6.089,-40.7652778625488,vale-0,true
outward,1963,4.231,-40.7652778625488,vale-0,true
outward,1964,4.486,-40.7652778625488,vale-0,true
outward,1965,5.907,-41.2176818847656,vale-0,true
outward,1966,3.793,-41.2176818847656,vale-0,true
outward,1967,4.743,-41.2176818847656,vale-0,true
outward,1968,4.54,-41.2176818847656,vale-0,true
outward,1969,5.736,-41.6715393066406,vale-0,true
outward,1970,4.871,-41.6715393066406,vale-0,true
outward,1971,4.384,-41.6715393066406,vale-0,true
outward,1972,4.374,-41.6715393066406,vale-0,true
outward,1973,6.686,-42.1268501281738,vale-0,true
outward,1974,5.192,-42.1268501281738,vale-0,true
outward,1975,5.321,-42.1268501281738,vale-0,true
outward,1976,9.231,-42.5836143493652,vale-0,true
outward,1977,4.661,-42.5836143493652,vale-0,true
outward,1978,4.107,-42.5836143493652,vale-0,true
outward,1979,4.518,-42.5836143493652,vale-0,true
outward,1980,5.906,-43.0418281555176,vale-0,true
outward,1981,4.352,-43.0418281555176,vale-0,true
outward,1982,5.261,-43.0418281555176,vale-0,true
outward,1983,15.054,-43.5014877319336,vale-0,true
outward,1984,5.224,-43.5014877319336,vale-0,true
outward,1985,7.524,-43.9625930786133,vale-0,true
outward,1986,4.82,-43.9625930786133,vale-0,true
outward,1987,7.143,-43.9625930786133,vale-0,true
outward,1988,5.66,-44.4251441955566,vale-0,true
outward,1989,3.607,-44.4251441955566,vale-0,true
outward,1990,3.781,-44.4251441955566,vale-0,true
outward,1991,5.902,-44.8891410827637,vale-0,true
outward,1992,3.773,-44.8891410827637,vale-0,true
outward,1993,4.414,-44.8891410827637,vale-0,true
outward,1994,5.42,-45.3545761108398,vale-0,true
outward,1995,4.326,-45.3545761108398,vale-0,true
outward,1996,4.137,-45.3545761108398,vale-0,true
outward,1997,5.37,-45.8214530944824,vale-0,true
outward,1998,4.455,-45.8214530944824,vale-0,true
outward,1999,4.592,-45.8214530944824,vale-0,true
outward,2000,5.123,-46.2897644042969,vale-0,true
outward,2001,5.857,-46.2897644042969,vale-0,true
outward,2002,5.675,-46.2897644042969,vale-0,true
outward,2003,6.255,-46.7595176696777,vale-0,true
outward,2004,6.201,-46.7595176696777,vale-0,true
outward,2005,6.156,-46.7595176696777,vale-0,true
outward,2006,10.098,-47.2306976318359,vale-0,true
outward,2007,10.329,-47.2306976318359,vale-0,true
outward,2008,6.959,-47.7033195495605,vale-0,true
outward,2009,5.7,-47.7033195495605,vale-0,true
outward,2010,10.784,-48.1773643493652,vale-0,true
outward,2011,5.349,-48.1773643493652,vale-0,true
outward,2012,6.354,-48.1773643493652,vale-0,true
outward,2013,6.263,-48.6528472900391,vale-0,true
outward,2014,7.782,-48.6528472900391,vale-0,true
outward,2015,5.293,-49.1297569274902,vale-0,true
outward,2016,4.59,-49.1297569274902,vale-0,true
outward,2017,4.223,-49.1297569274902,vale-0,true
outward,2018,4.792,-49.608097076416,vale-0,true
outward,2019,3.883,-49.608097076416,vale-0,true
outward,2020,4.602,-50.0878562927246,vale-0,true
outward,2021,5.086,-50.0878562927246,vale-0,true
outward,2022,5.558,-50.0878562927246,vale-0,true
outward,2023,7.105,-50.5690460205078,vale-0,true
outward,2024,6.281,-50.5690460205078,vale-0,true
outward,2025,6.191,-51.0516510009766,vale-0,true
outward,2026,8.709,-51.0516510009766,vale-0,true
outward,2027,6.042,-51.0516510009766,vale-0,true
outward,2028,6.733,-51.5356826782227,vale-0,true
outward,2029,7.001,-51.5356826782227,vale-0,true
outward,2030,6.32,-52.021125793457,vale-0,true
outward,2031,6.153,-52.021125793457,vale-0,true
outward,2032,6.138,-52.021125793457,vale-0,true
outward,2033,6.338,-52.5079917907715,vale-0,true
outward,2034,6.11,-52.5079917907715,vale-0,true
outward,2035,4.914,-52.5079917907715,vale-0,true
outward,2036,6.468,-52.9962692260742,vale-0,true
outward,2037,6.361,-52.9962692260742,vale-0,true
outward,2038,5.939,-53.4859657287598,vale-0,true
outward,2039,4.029,-53.4859657287598,vale-0,true
outward,2040,4.897,-53.4859657287598,vale-0,true
outward,2041,4.038,-53.4859657287598,vale-0,true
outward,2042,5.764,-53.9770698547363,vale-0,true
outward,2043,4.235,-53.9770698547363,vale-0,true
outward,2044,5.37,-53.9770698547363,vale-0,true
outward,2045,5.562,-54.4695892333984,vale-0,true
outward,2046,6.833,-54.4695892333984,vale-0,true
outward,2047,4.994,-54.4695892333984,vale-0,true
outward,2048,7.556,-54.9635124206543,vale-0,true
outward,2049,7.754,-54.9635124206543,vale-0,true
outward,2050,4.622,-54.9635124206543,vale-0,true
outward,2051,6.135,-54.9635124206543,vale-0,true
outward,2052,7.539,-55.4588470458984,vale-0,true
outward,2053,4.165,-55.4588470458984,vale-0,true
outward,2054,10.646,-55.4588470458984,vale-0,true
outward,2055,16.299,-55.9537162780762,vale-0,true
outward,2056,19.11,-56.4499969482422,vale-0,true
outward,2057,23.097,-57.4411659240723,vale-0,true
outward,2058,14.958,-57.9360542297363,vale-0,true
outward,2059,24.467,-58.4323539733887,vale-0,true
outward,2060,21.884,-58.9281883239746,vale-0,true
outward,2061,18.48,-59.4235649108887,vale-0,true
outward,2062,23.575,-60.4129295349121,vale-0,true
outward,2063,22.263,-60.9087867736816,vale-0,true
outward,2064,16.501,-61.4041862487793,vale-0,true
outward,2065,23.818,-62.3936004638672,vale-0,true
outward,2066,15.571,-62.8894805908203,vale-0,true
outward,2067,24.36,-63.3849029541016,vale-0,true
outward,2068,20.39,-63.8798599243164,vale-0,true
outward,2069,23.696,-64.8739929199219,vale-0,true
outward,2070,20.304,-65.3712997436523,vale-0,true
outward,2071,16.341,-65.8681411743164,vale-0,true
outward,2072,24.267,-66.3645248413086,vale-0,true
outward,2073,20.544,-67.3558959960938,vale-0,true
outward,2074,24.052,-67.8508834838867,vale-0,true
outward,2075,20.242,-68.347282409668,vale-0,true
outward,2076,21.659,-69.3386917114258,vale-0,true
outward,2077,20.406,-69.8337020874023,vale-0,true
outward,2078,20.43,-70.3282623291016,vale-0,true
outward,2079,16.266,-70.82421875,vale-0,true
outward,2080,24.185,-71.8147506713867,vale-0,true
outward,2081,19.265,-72.309326171875,vale-0,true
outward,2082,24.123,-72.805305480957,vale-0,true
outward,2083,20.516,-73.3008270263672,vale-0,true
outward,2084,21.241,-74.2904815673828,vale-0,true
outward,2085,21.809,-74.7864837646484,vale-0,true
outward,2086,19.435,-75.2820281982422,vale-0,true
outward,2087,16.329,-75.7771072387695,vale-0,true
outward,2088,24.525,-76.7658843994141,vale-0,true
outward,2089,19.189,-77.2614517211914,vale-0,true
outward,2090,24.347,-77.7565536499023,vale-0,true
outward,2091,20.728,-78.7453918457031,vale-0,true
outward,2092,20.442,-79.2409896850586,vale-0,true
outward,2093,16.462,-79.7361145019531,vale-0,true
outward,2094,19.296,-80.2307891845703,vale-0,true
outward,2095,23.376,-81.2243423461914,vale-0,true
outward,2096,15.233,-81.7213592529297,vale-0,true
outward,2097,24.048,-82.2179183959961,vale-0,true
outward,2098,19.77,-82.7140045166016,vale-0,true
outward,2099,24.677,-83.7048034667969,vale-0,true
outward,2100,19.616,-84.1995162963867,vale-0,true
outward,2101,20.783,-84.6956253051758,vale-0,true
outward,2102,20.829,-85.191276550293,vale-0,true
outward,2103,21.633,-86.1811981201172,vale-0,true
outward,2104,15.06,-86.6773300170898,vale-0,true
outward,2105,23.749,-87.1730041503906,vale-0,true
outward,2106,19.613,-87.668212890625,vale-0,true
outward,2107,22.887,-88.6572494506836,vale-0,true
outward,2108,19.539,-89.152946472168,vale-0,true
outward,2109,20.899,-89.6481781005859,vale-0,true
outward,2110,20.627,-90.1429595947266,vale-0,true
outward,2111,20.935,-91.1367263793945,vale-0,true
outward,2112,15.572,-91.6338424682617,vale-0,true
outward,2113,23.924,-92.130500793457,vale-0,true
outward,2114,19.047,-92.6266937255859,vale-0,true
outward,2115,24.421,-93.6176986694336,vale-0,true
outward,2116,19.407,-94.1125106811523,vale-0,true
outward,2117,15.851,-94.6087265014648,vale-0,true
outward,2118,24.282,-95.1044845581055,vale-0,true
outward,2119,19.099,-96.094612121582,vale-0,true
outward,2120,19.903,-96.5908508300781,vale-0,true
outward,2121,20.195,-97.0866317749023,vale-0,true
outward,2122,16.038,-97.5819473266602,vale-0,true
outward,2123,23.748,-98.0768051147461,vale-0,true
outward,2124,19.794,-99.0707244873047,vale-0,true
outward,2125,23.437,-99.5679244995117,vale-0,true
outward,2126,20.263,-100.064666748047,vale-0,true
outward,2127,20.608,-100.560935974121,vale-0,true
outward,2128,21.343,-101.552101135254,vale-0,true
outward,2129,15.242,-102.046997070312,vale-0,true
outward,2130,19.021,-102.54328918457,vale-0,true
outward,2131,10.223,-102.54328918457,vale-0,true
outward,2132,5.73,-103.039123535156,vale-0,true
outward,2133,4.443,-103.039123535156,vale-0,true
outward,2134,4.346,-103.039123535156,vale-0,true
outward,2135,5.248,-103.534492492676,vale-0,true
outward,2136,4.415,-103.534492492676,vale-0,true
outward,2137,3.856,-103.534492492676,vale-0,true
outward,2138,4.76,-103.534492492676,vale-0,true
outward,2139,5.456,-104.029403686523,vale-0,true
outward,2140,3.526,-104.029403686523,vale-0,true
outward,2141,4.171,-104.029403686523,vale-0,true
outward,2142,4.193,-104.029403686523,vale-0,true
outward,2143,5.088,-104.525718688965,vale-0,true
outward,2144,4.117,-104.525718688965,vale-0,true
outward,2145,4.915,-104.525718688965,vale-0,true
outward,2146,3.616,-104.525718688965,vale-0,true
outward,2147,4.957,-105.021575927734,vale-0,true
outward,2148,3.986,-105.021575927734,vale-0,true
outward,2149,4.346,-105.021575927734,vale-0,true
outward,2150,3.954,-105.021575927734,vale-0,true
outward,2151,5.948,-105.516967773438,vale-0,true
outward,2152,4.609,-105.516967773438,vale-0,true
outward,2153,4.051,-105.516967773438,vale-0,true
outward,2154,4.199,-105.516967773438,vale-0,true
outward,2155,4.721,-106.011901855469,vale-0,true
outward,2156,4.072,-106.011901855469,vale-0,true
outward,2157,3.939,-106.011901855469,vale-0,true
outward,2158,3.79,-106.011901855469,vale-0,true
outward,2159,5.575,-106.508239746094,vale-0,true
outward,2160,4.364,-106.508239746094,vale-0,true
outward,2161,4.286,-106.508239746094,vale-0,true
outward,2162,3.702,-106.508239746094,vale-0,true
outward,2163,4.601,-107.004119873047,vale-0,true
outward,2164,4.85,-107.004119873047,vale-0,true
outward,2165,3.699,-107.004119873047,vale-0,true
outward,2166,4.025,-107.004119873047,vale-0,true
outward,2167,5.238,-107.499534606934,vale-0,true
outward,2168,3.843,-107.499534606934,vale-0,true
outward,2169,3.706,-107.499534606934,vale-0,true
outward,2170,3.691,-107.499534606934,vale-0,true
outward,2171,5.941,-107.994491577148,vale-0,true
outward,2172,4.443,-107.994491577148,vale-0,true
outward,2173,4.107,-107.994491577148,vale-0,true
outward,2174,4.763,-107.994491577148,vale-0,true
outward,2175,5.115,-108.490844726562,vale-0,true
outward,2176,3.897,-108.490844726562,vale-0,true
outward,2177,3.732,-108.490844726562,vale-0,true
outward,2178,3.5,-108.490844726562,vale-0,true
outward,2179,5.342,-108.986740112305,vale-0,true
outward,2180,4.092,-108.986740112305,vale-0,true
outward,2181,4.111,-108.986740112305,vale-0,true
outward,2182,4.553,-108.986740112305,vale-0,true
outward,2183,4.768,-109.48217010498,vale-0,true
outward,2184,4.59,-109.48217010498,vale-0,true
outward,2185,3.993,-109.48217010498,vale-0,true
outward,2186,4.282,-109.48217010498,vale-0,true
outward,2187,5.225,-109.977149963379,vale-0,true
outward,2188,3.571,-109.977149963379,vale-0,true
outward,2189,4.541,-109.977149963379,vale-0,true
outward,2190,5.665,-110.473526000977,vale-0,true
outward,2191,4.071,-110.473526000977,vale-0,true
outward,2192,4.22,-110.473526000977,vale-0,true
outward,2193,4.665,-110.473526000977,vale-0,true
outward,2194,5.085,-110.969444274902,vale-0,true
outward,2195,4.778,-110.969444274902,vale-0,true
outward,2196,4.325,-110.969444274902,vale-0,true
outward,2197,5.31,-110.969444274902,vale-0,true
outward,2198,5.097,-111.464897155762,vale-0,true
outward,2199,3.878,-111.464897155762,vale-0,true
outward,2200,4.317,-111.464897155762,vale-0,true
outward,2201,5.349,-111.959892272949,vale-0,true
outward,2202,4.406,-111.959892272949,vale-0,true
outward,2203,3.953,-111.959892272949,vale-0,true
outward,2204,3.981,-111.959892272949,vale-0,true
outward,2205,7.449,-112.45629119873,vale-0,true
outward,2206,4.055,-112.45629119873,vale-0,true
outward,2207,4.175,-112.45629119873,vale-0,true
outward,2208,4.377,-112.45629119873,vale-0,true
outward,2209,5.441,-112.95223236084,vale-0,true
outward,2210,4.125,-112.95223236084,vale-0,true
outward,2211,4.259,-112.95223236084,vale-0,true
outward,2212,5.724,-113.447708129883,vale-0,true
outward,2213,3.839,-113.447708129883,vale-0,true
outward,2214,4.138,-113.447708129883,vale-0,true
outward,2215,4.14,-113.447708129883,vale-0,true
outward,2216,6.269,-113.942726135254,vale-0,true
outward,2217,3.643,-113.942726135254,vale-0,true
outward,2218,3.837,-113.942726135254,vale-0,true
outward,2219,4.089,-113.942726135254,vale-0,true
outward,2220,5.625,-114.437278747559,vale-0,true
outward,2221,4.242,-114.437278747559,vale-0,true
outward,2222,4.391,-114.437278747559,vale-0,true
outward,2223,5.869,-114.933242797852,vale-0,true
outward,2224,4.068,-114.933242797852,vale-0,true
outward,2225,4.398,-114.933242797852,vale-0,true
outward,2226,4.156,-114.933242797852,vale-0,true
outward,2227,6.196,-115.428741455078,vale-0,true
outward,2228,3.639,-115.428741455078,vale-0,true
outward,2229,3.752,-115.428741455078,vale-0,true
outward,2230,3.971,-115.428741455078,vale-0,true
outward,2231,4.835,-115.923782348633,vale-0,true
outward,2232,3.494,-115.923782348633,vale-0,true
outward,2233,3.781,-115.923782348633,vale-0,true
outward,2234,5.038,-116.418357849121,vale-0,true
outward,2235,4.233,-116.418357849121,vale-0,true
outward,2236,3.449,-116.418357849121,vale-0,true
outward,2237,3.536,-116.418357849121,vale-0,true
outward,2238,5.088,-116.914344787598,vale-0,true
outward,2239,4.234,-116.914344787598,vale-0,true
outward,2240,4.064,-116.914344787598,vale-0,true
outward,2241,3.638,-116.914344787598,vale-0,true
outward,2242,4.975,-117.409866333008,vale-0,true
outward,2243,5.058,-117.409866333008,vale-0,true
outward,2244,3.927,-117.409866333008,vale-0,true
outward,2245,3.991,-117.409866333008,vale-0,true
outward,2246,5.008,-117.904930114746,vale-0,true
outward,2247,3.95,-117.904930114746,vale-0,true
outward,2248,3.925,-117.904930114746,vale-0,true
outward,2249,4.018,-117.904930114746,vale-0,true
outward,2250,8.571,-118.399528503418,vale-0,true
outward,2251,3.525,-118.399528503418,vale-0,true
outward,2252,3.967,-118.399528503418,vale-0,true
outward,2253,5.395,-118.895538330078,vale-0,true
outward,2254,4.631,-118.895538330078,vale-0,true
outward,2255,4.108,-118.895538330078,vale-0,true
outward,2256,4.268,-118.895538330078,vale-0,true
outward,2257,5.442,-119.391082763672,vale-0,true
outward,2258,3.635,-119.391082763672,vale-0,true
outward,2259,4.237,-119.391082763672,vale-0,true
outward,2260,3.944,-119.391082763672,vale-0,true
outward,2261,5.323,-119.886169433594,vale-0,true
outward,2262,4.011,-119.886169433594,vale-0,true
outward,2263,3.707,-119.886169433594,vale-0,true
outward,2264,4.826,-120.380790710449,vale-0,true
outward,2265,4.267,-120.380790710449,vale-0,true
outward,2266,3.9,-120.380790710449,vale-0,true
outward,2267,3.525,-120.380790710449,vale-0,true
outward,2268,4.783,-120.876823425293,vale-0,true
outward,2269,3.886,-120.876823425293,vale-0,true
outward,2270,3.531,-120.876823425293,vale-0,true
outward,2271,3.696,-120.876823425293,vale-0,true
outward,2272,5.407,-121.372383117676,vale-0,true
outward,2273,4.515,-121.372383117676,vale-0,true
outward,2274,4.667,-121.372383117676,vale-0,true
outward,2275,3.783,-121.372383117676,vale-0,true
outward,2276,5.013,-121.867492675781,vale-0,true
outward,2277,3.876,-121.867492675781,vale-0,true
outward,2278,3.77,-121.867492675781,vale-0,true
outward,2279,3.968,-121.867492675781,vale-0,true
outward,2280,4.652,-122.36213684082,vale-0,true
outward,2281,3.813,-122.36213684082,vale-0,true
outward,2282,4.357,-122.36213684082,vale-0,true
outward,2283,3.977,-122.36213684082,vale-0,true
outward,2284,5.404,-122.858192443848,vale-0,true
outward,2285,3.999,-122.858192443848,vale-0,true
outward,2286,4.191,-122.858192443848,vale-0,true
outward,2287,3.612,-122.858192443848,vale-0,true
outward,2288,5.436,-123.353775024414,vale-0,true
outward,2289,4.707,-123.353775024414,vale-0,true
outward,2290,3.758,-123.353775024414,vale-0,true
outward,2291,3.641,-123.353775024414,vale-0,true
outward,2292,5.624,-123.848907470703,vale-0,true
outward,2293,3.981,-123.848907470703,vale-0,true
outward,2294,4.059,-123.848907470703,vale-0,true
outward,2295,6.028,-124.343566894531,vale-0,true
outward,2296,3.919,-124.343566894531,vale-0,true
outward,2297,3.996,-124.343566894531,vale-0,true
outward,2298,4.12,-124.343566894531,vale-0,true
outward,2299,5.115,-124.839645385742,vale-0,true
outward,2300,4.076,-124.839645385742,vale-0,true
outward,2301,4.042,-124.839645385742,vale-0,true
outward,2302,3.68,-124.839645385742,vale-0,true
outward,2303,5.184,-125.335250854492,vale-0,true
outward,2304,4.046,-125.335250854492,vale-0,true
outward,2305,4.154,-125.335250854492,vale-0,true
outward,2306,3.784,-125.335250854492,vale-0,true
outward,2307,5.536,-125.830406188965,vale-0,true
outward,2308,3.938,-125.830406188965,vale-0,true
outward,2309,3.64,-125.830406188965,vale-0,true
outward,2310,3.822,-125.830406188965,vale-0,true
outward,2311,5.508,-126.325088500977,vale-0,true
outward,2312,3.474,-126.325088500977,vale-0,true
outward,2313,4.313,-126.325088500977,vale-0,true
outward,2314,4.081,-126.325088500977,vale-0,true
outward,2315,5.572,-126.821182250977,vale-0,true
outward,2316,3.73,-126.821182250977,vale-0,true
outward,2317,3.587,-126.821182250977,vale-0,true
outward,2318,3.633,-126.821182250977,vale-0,true
outward,2319,5.764,-127.31681060791,vale-0,true
outward,2320,4.236,-127.31681060791,vale-0,true
outward,2321,4.497,-127.31681060791,vale-0,true
outward,2322,4.973,-127.811981201172,vale-0,true
outward,2323,4.29,-127.811981201172,vale-0,true
outward,2324,5.034,-127.811981201172,vale-0,true
outward,2325,5.312,-127.811981201172,vale-0,true
outward,2326,10.312,-128.306686401367,vale-0,true
outward,2327,4.474,-128.306686401367,vale-0,true
outward,2328,6.076,-128.306686401367,vale-0,true
outward,2329,6.557,-128.802810668945,vale-0,true
outward,2330,4.582,-128.802810668945,vale-0,true
outward,2331,4.844,-128.802810668945,vale-0,true
outward,2332,3.997,-128.802810668945,vale-0,true
outward,2333,5.571,-129.298461914062,vale-0,true
outward,2334,3.687,-129.298461914062,vale-0,true
outward,2335,4.175,-129.298461914062,vale-0,true
outward,2336,4.347,-129.793655395508,vale-0,true
outward,2337,3.505,-129.793655395508,vale-0,true
outward,2338,3.641,-129.793655395508,vale-0,true
outward,2339,4.043,-129.793655395508,vale-0,true
outward,2340,5.633,-130.288391113281,vale-0,true
outward,2341,4.357,-130.288391113281,vale-0,true
outward,2342,3.746,-130.288391113281,vale-0,true
outward,2343,5.099,-130.784530639648,vale-0,true
outward,2344,3.585,-130.784530639648,vale-0,true
outward,2345,3.969,-130.784530639648,vale-0,true
outward,2346,3.613,-130.784530639648,vale-0,true
outward,2347,4.496,-131.280197143555,vale-0,true
outward,2348,3.561,-131.280197143555,vale-0,true
outward,2349,3.701,-131.280197143555,vale-0,true
outward,2350,4.548,-131.280197143555,vale-0,true
outward,2351,5.573,-131.775421142578,vale-0,true
outward,2352,4.107,-131.775421142578,vale-0,true
outward,2353,3.942,-131.775421142578,vale-0,true
outward,2354,4.904,-132.270172119141,vale-0,true
outward,2355,4.818,-132.270172119141,vale-0,true
outward,2356,3.834,-132.270172119141,vale-0,true
outward,2357,3.704,-132.270172119141,vale-0,true
outward,2358,5.381,-132.766342163086,vale-0,true
outward,2359,3.847,-132.766342163086,vale-0,true
outward,2360,3.903,-132.766342163086,vale-0,true
outward,2361,4.014,-132.766342163086,vale-0,true
outward,2362,5.278,-133.26203918457,vale-0,true
outward,2363,4.101,-133.26203918457,vale-0,true
outward,2364,3.746,-133.26203918457,vale-0,true
outward,2365,8.302,-133.757278442383,vale-0,true
outward,2366,3.648,-133.757278442383,vale-0,true
outward,2367,3.98,-133.757278442383,vale-0,true
outward,2368,3.826,-133.757278442383,vale-0,true
outward,2369,4.837,-134.252044677734,vale-0,true
outward,2370,4.119,-134.252044677734,vale-0,true
outward,2371,3.743,-134.252044677734,vale-0,true
outward,2372,3.842,-134.252044677734,vale-0,true
outward,2373,5.054,-134.748229980469,vale-0,true
outward,2374,3.704,-134.748229980469,vale-0,true
outward,2375,3.651,-134.748229980469,vale-0,true
outward,2376,4.574,-135.243942260742,vale-0,true
outward,2377,3.612,-135.243942260742,vale-0,true
outward,2378,4.434,-135.243942260742,vale-0,true
outward,2379,3.878,-135.243942260742,vale-0,true
outward,2380,5.352,-135.739196777344,vale-0,true
outward,2381,4.405,-135.739196777344,vale-0,true
outward,2382,4.617,-135.739196777344,vale-0,true
outward,2383,3.636,-135.739196777344,vale-0,true
outward,2384,5.006,-136.233993530273,vale-0,true
outward,2385,4.362,-136.233993530273,vale-0,true
outward,2386,4.592,-136.233993530273,vale-0,true
outward,2387,5.748,-136.730194091797,vale-0,true
outward,2388,4.989,-136.730194091797,vale-0,true
outward,2389,4.313,-136.730194091797,vale-0,true
outward,2390,3.501,-136.730194091797,vale-0,true
outward,2391,4.308,-137.225936889648,vale-0,true
outward,2392,3.54,-137.225936889648,vale-0,true
outward,2393,3.601,-137.225936889648,vale-0,true
outward,2394,3.909,-137.225936889648,vale-0,true
outward,2395,4.542,-137.721221923828,vale-0,true
outward,2396,3.928,-137.721221923828,vale-0,true
outward,2397,4.075,-137.721221923828,vale-0,true
outward,2398,3.735,-137.721221923828,vale-0,true
outward,2399,4.612,-138.216033935547,vale-0,true
outward,2400,4.473,-138.216033935547,vale-0,true
outward,2401,3.734,-138.216033935547,vale-0,true
outward,2402,3.995,-138.216033935547,vale-0,true
outward,2403,5.178,-138.712265014648,vale-0,true
outward,2404,3.955,-138.712265014648,vale-0,true
outward,2405,4.069,-138.712265014648,vale-0,true
outward,2406,3.93,-138.712265014648,vale-0,true
outward,2407,5.528,-139.208023071289,vale-0,true
outward,2408,3.703,-139.208023071289,vale-0,true
outward,2409,3.64,-139.208023071289,vale-0,true
outward,2410,3.741,-139.208023071289,vale-0,true
outward,2411,4.671,-139.703323364258,vale-0,true
outward,2412,4.03,-139.703323364258,vale-0,true
outward,2413,4.107,-139.703323364258,vale-0,true
outward,2414,3.49,-139.703323364258,vale-0,true
outward,2415,4.992,-140.198165893555,vale-0,true
outward,2416,3.756,-140.198165893555,vale-0,true
outward,2417,3.354,-140.198165893555,vale-0,true
outward,2418,3.577,-140.198165893555,vale-0,true
outward,2419,4.483,-140.694412231445,vale-0,true
outward,2420,4.623,-140.694412231445,vale-0,true
outward,2421,3.758,-140.694412231445,vale-0,true
outward,2422,3.77,-140.694412231445,vale-0,true
outward,2423,4.802,-141.190185546875,vale-0,true
outward,2424,3.646,-141.190185546875,vale-0,true
outward,2425,3.219,-141.190185546875,vale-0,true
outward,2426,3.744,-141.190185546875,vale-0,true
outward,2427,4.544,-141.685516357422,vale-0,true
outward,2428,4.478,-141.685516357422,vale-0,true
outward,2429,3.997,-141.685516357422,vale-0,true
outward,2430,4.349,-141.685516357422,vale-0,true
outward,2431,5.304,-142.180374145508,vale-0,true
outward,2432,4.073,-142.180374145508,vale-0,true
outward,2433,4.046,-142.180374145508,vale-0,true
outward,2434,3.886,-142.180374145508,vale-0,true
outward,2435,4.914,-142.676651000977,vale-0,true
outward,2436,4.217,-142.676651000977,vale-0,true
outward,2437,3.698,-142.676651000977,vale-0,true
outward,2438,4.154,-142.676651000977,vale-0,true
outward,2439,4.88,-143.172454833984,vale-0,true
outward,2440,3.911,-143.172454833984,vale-0,true
outward,2441,3.799,-143.172454833984,vale-0,true
outward,2442,3.554,-143.172454833984,vale-0,true
outward,2443,4.401,-143.66780090332,vale-0,true
outward,2444,4.112,-143.66780090332,vale-0,true
outward,2445,3.677,-143.66780090332,vale-0,true
outward,2446,4.618,-143.66780090332,vale-0,true
outward,2447,4.694,-144.162673950195,vale-0,true
outward,2448,4.114,-144.162673950195,vale-0,true
outward,2449,3.877,-144.162673950195,vale-0,true
outward,2450,3.853,-144.162673950195,vale-0,true
outward,2451,5.075,-144.658966064453,vale-0,true
outward,2452,4.116,-144.658966064453,vale-0,true
outward,2453,3.482,-144.658966064453,vale-0,true
outward,2454,4.062,-144.658966064453,vale-0,true
outward,2455,5.115,-145.15478515625,vale-0,true
outward,2456,4.423,-145.15478515625,vale-0,true
outward,2457,3.493,-145.15478515625,vale-0,true
outward,2458,3.873,-145.15478515625,vale-0,true
outward,2459,5.18,-145.650146484375,vale-0,true
outward,2460,3.85,-145.650146484375,vale-0,true
outward,2461,4.298,-145.650146484375,vale-0,true
outward,2462,4.227,-145.650146484375,vale-0,true
outward,2463,5.205,-146.145050048828,vale-0,true
outward,2464,4.125,-146.145050048828,vale-0,true
outward,2465,3.84,-146.145050048828,vale-0,true
outward,2466,3.781,-146.145050048828,vale-0,true
outward,2467,5.402,-146.641357421875,vale-0,true
outward,2468,3.835,-146.641357421875,vale-0,true
outward,2469,3.528,-146.641357421875,vale-0,true
outward,2470,3.66,-146.641357421875,vale-0,true
outward,2471,4.586,-147.13720703125,vale-0,true
outward,2472,3.769,-147.13720703125,vale-0,true
outward,2473,3.216,-147.13720703125,vale-0,true
outward,2474,3.393,-147.13720703125,vale-0,true
outward,2475,4.087,-147.632598876953,vale-0,true
outward,2476,4.11,-147.632598876953,vale-0,true
outward,2477,4.109,-147.632598876953,vale-0,true
outward,2478,4.07,-147.632598876953,vale-0,true
outward,2479,5.186,-148.127517700195,vale-0,true
outward,2480,4.217,-148.127517700195,vale-0,true
outward,2481,3.197,-148.127517700195,vale-0,true
outward,2482,3.717,-148.127517700195,vale-0,true
outward,2483,4.243,-148.62385559082,vale-0,true
outward,2484,4.037,-148.62385559082,vale-0,true
outward,2485,4.175,-148.62385559082,vale-0,true
outward,2486,3.723,-148.62385559082,vale-0,true
outward,2487,4.675,-149.119720458984,vale-0,true
outward,2488,4.106,-149.119720458984,vale-0,true
outward,2489,4.226,-149.119720458984,vale-0,true
outward,2490,4.101,-149.119720458984,vale-0,true
outward,2491,4.664,-149.615127563477,vale-0,true
outward,2492,4.761,-149.615127563477,vale-0,true
outward,2493,10.746,-149.615127563477,vale-0,true
outward,2494,16.035,-150.110076904297,vale-0,true
outward,2495,20.157,-150.606430053711,vale-0,true
outward,2496,15.929,-151.102310180664,vale-0,true
outward,2497,19.077,-151.597732543945,vale-0,true
outward,2498,22.144,-152.092697143555,vale-0,true
outward,2499,15.408,-152.589065551758,vale-0,true
outward,2500,23.86,-153.084976196289,vale-0,true
outward,2501,19.547,-154.075408935547,vale-0,true
outward,2502,23.512,-154.571807861328,vale-0,true
outward,2503,19.949,-155.067733764648,vale-0,true
outward,2504,20.525,-155.563201904297,vale-0,true
outward,2505,15.875,-156.058212280273,vale-0,true
outward,2506,19.153,-157.046844482422,vale-0,true
outward,2507,21.486,-157.542343139648,vale-0,true
outward,2508,15.185,-158.037368774414,vale-0,true
outward,2509,18.853,-158.531936645508,vale-0,true
outward,2510,22.117,-159.027908325195,vale-0,true
outward,2511,15.55,-159.523422241211,vale-0,true
outward,2512,23.805,-160.513076782227,vale-0,true
outward,2513,18.607,-161.009078979492,vale-0,true
outward,2514,23.684,-161.504623413086,vale-0,true
outward,2515,20.049,-161.999694824219,vale-0,true
outward,2516,20.796,-162.988464355469,vale-0,true
outward,2517,15.483,-163.484024047852,vale-0,true
outward,2518,18.631,-163.979125976562,vale-0,true
outward,2519,22.271,-164.473770141602,vale-0,true
outward,2520,15.335,-164.969818115234,vale-0,true
outward,2521,24.405,-165.960525512695,vale-0,true
outward,2522,18.195,-166.455184936523,vale-0,true
outward,2523,15.079,-166.951248168945,vale-0,true
outward,2524,15.418,-167.446853637695,vale-0,true
outward,2525,23.614,-167.942001342773,vale-0,true
outward,2526,20.243,-168.930923461914,vale-0,true
outward,2527,19.113,-169.426559448242,vale-0,true
outward,2528,20.258,-169.921737670898,vale-0,true
outward,2529,15.962,-170.416442871094,vale-0,true
outward,2530,18.875,-170.912567138672,vale-0,true
outward,2531,22.668,-171.903411865234,vale-0,true
outward,2532,14.71,-172.398147583008,vale-0,true
outward,2533,23.085,-172.894287109375,vale-0,true
outward,2534,19.388,-173.389953613281,vale-0,true
outward,2535,15.067,-173.885177612305,vale-0,true
outward,2536,23.576,-174.379928588867,vale-0,true
outward,2537,19.724,-175.373641967773,vale-0,true
outward,2538,14.695,-175.870742797852,vale-0,true
outward,2539,23.477,-176.367370605469,vale-0,true
outward,2540,19.167,-176.863540649414,vale-0,true
outward,2541,19.967,-177.359252929688,vale-0,true
outward,2542,20.801,-178.349304199219,vale-0,true
outward,2543,14.671,-178.349304199219,vale-0,true
outward,2544,19.488,-178.845504760742,vale-0,true
outward,2545,18.229,-179.341232299805,vale-0,true
outward,2546,15.913,-179.836502075195,vale-0,true
outward,2547,19.54,-180.331314086914,vale-0,true
outward,2548,22.078,-180.827529907227,vale-0,true
outward,2549,13.992,-181.323287963867,vale-0,true
outward,2550,23.163,-181.818588256836,vale-0,true
outward,2551,19.872,-182.80778503418,vale-0,true
outward,2552,19.064,-183.303558349609,vale-0,true
outward,2553,20.517,-183.798873901367,vale-0,true
outward,2554,15.866,-184.293731689453,vale-0,true
outward,2555,18.713,-184.789993286133,vale-0,true
outward,2556,22.212,-185.285797119141,vale-0,true
outward,2557,14.869,-185.781143188477,vale-0,true
outward,2558,23.964,-186.770431518555,vale-0,true
outward,2559,18.578,-187.266250610352,vale-0,true
outward,2560,24.026,-187.761611938477,vale-0,true
outward,2561,19.798,-188.25651550293,vale-0,true
outward,2562,21.066,-189.250534057617,vale-0,true
outward,2563,14.92,-189.747772216797,vale-0,true
outward,2564,18.731,-190.244552612305,vale-0,true
outward,2565,21.998,-190.740875244141,vale-0,true
outward,2566,15.158,-191.236740112305,vale-0,true
outward,2567,23.64,-192.227066040039,vale-0,true
outward,2568,18.446,-192.723403930664,vale-0,true
outward,2569,22.072,-193.219284057617,vale-0,true
outward,2570,14.906,-193.714691162109,vale-0,true
outward,2571,18.655,-194.209655761719,vale-0,true
outward,2572,22.403,-195.20378112793,vale-0,true
outward,2573,14.162,-195.701080322266,vale-0,true
outward,2574,27.598,-196.19792175293,vale-0,true
outward,2575,14.094,-196.694290161133,vale-0,true
outward,2576,14.486,-197.190200805664,vale-0,true
outward,2577,15.03,-197.685653686523,vale-0,true
outward,2578,19.309,-198.174102783203,vale-0,true
outward,2579,18.309,-198.179534912109,vale-0,true
outward,2580,14.369,-198.179534912109,vale-0,true
outward,2581,27.486,-198.184799194336,vale-0,true
outward,2582,12.009,-198.191772460938,vale-0,true
outward,2583,20.85,-198.200439453125,vale-0,true
outward,2584,15.036,-198.210815429688,vale-0,true
outward,2585,23.593,-198.222885131836,vale-0,true
outward,2586,18.798,-198.23664855957,vale-0,true
outward,2587,24.249,-198.269287109375,vale-0,true
outward,2588,21.604,-198.288146972656,vale-0,true
outward,2589,17.62,-198.308715820312,vale-0,true
outward,2590,15.676,-198.330978393555,vale-0,true
outward,2591,18.677,-198.354949951172,vale-0,true
outward,2592,22.527,-198.407974243164,vale-0,true
outward,2593,14.526,-198.437042236328,vale-0,true
outward,2594,23.476,-198.467803955078,vale-0,true
outward,2595,18.983,-198.500259399414,vale-0,true
outward,2596,19.619,-198.534408569336,vale-0,true
outward,2597,20.132,-198.570266723633,vale-0,true
outward,2598,16.369,-198.647064208984,vale-0,true
outward,2599,17.905,-198.688018798828,vale-0,true
outward,2600,21.999,-198.730667114258,vale-0,true
outward,2601,15.011,-198.775024414062,vale-0,true
outward,2602,23.438,-198.821075439453,vale-0,true
outward,2603,19.558,-198.918258666992,vale-0,true
outward,2604,19.137,-198.969390869141,vale-0,true
outward,2605,20.091,-199.022232055664,vale-0,true
outward,2606,15.698,-199.076766967773,vale-0,true
outward,2607,18.703,-199.132995605469,vale-0,true
outward,2608,21.918,-199.19091796875,vale-0,true
outward,2609,15.774,-199.31184387207,vale-0,true
outward,2610,17.895,-199.374862670898,vale-0,true
outward,2611,22.354,-199.439559936523,vale-0,true
outward,2612,14.67,-199.505950927734,vale-0,true
outward,2613,23.271,-199.57405090332,vale-0,true
outward,2614,19.246,-199.643829345703,vale-0,true
outward,2615,20.125,-199.788482666016,vale-0,true
outward,2616,15.093,-199.863357543945,vale-0,true
outward,2617,18.578,-199.939910888672,vale-0,true
outward,2618,21.808,-200.018157958984,link-1,true
outward,2619,15.221,-200.098114013672,link-1,true
outward,2620,23.02,-200.179748535156,link-1,true
outward,2621,20.024,-200.348114013672,link-1,true
outward,2622,18.68,-200.434829711914,link-1,true
outward,2623,20.267,-200.523239135742,link-1,true
outward,2624,15.795,-200.613327026367,link-1,true
outward,2625,18.439,-200.705108642578,link-1,true
outward,2626,21.993,-200.798583984375,link-1,true
outward,2627,15.471,-200.990615844727,link-1,true
outward,2628,22.593,-201.089157104492,link-1,true
outward,2629,15.708,-201.189392089844,link-1,true
outward,2630,19.552,-201.291320800781,link-1,true
outward,2631,15.528,-201.394927978516,link-1,true
outward,2632,18.506,-201.500213623047,link-1,true
outward,2633,17.798,-201.607192993164,link-1,true
outward,2634,15.548,-201.715866088867,link-1,true
outward,2635,18.162,-201.826232910156,link-1,true
outward,2636,21.926,-201.938278198242,link-1,true
outward,2637,15.127,-202.052001953125,link-1,true
outward,2638,18.477,-202.167419433594,link-1,true
outward,2639,22.694,-202.403289794922,link-1,true
outward,2640,14.099,-202.523742675781,link-1,true
outward,2641,23.383,-202.645889282227,link-1,true
outward,2642,14.894,-202.769714355469,link-1,true
outward,2643,20.271,-202.895217895508,link-1,true
outward,2644,15.455,-203.022399902344,link-1,true
outward,2645,18.656,-203.151275634766,link-1,true
outward,2646,17.864,-203.281829833984,link-1,true
outward,2647,15.718,-203.4140625,link-1,true
outward,2648,18.469,-203.547973632812,link-1,true
outward,2649,21.95,-203.683563232422,link-1,true
outward,2650,14.989,-203.820831298828,link-1,true
outward,2651,23.525,-204.100387573242,link-1,true
outward,2652,18.64,-204.242691040039,link-1,true
outward,2653,19.7,-204.386657714844,link-1,true
outward,2654,19.965,-204.532302856445,link-1,true
outward,2655,15.551,-204.679626464844,link-1,true
outward,2656,18.421,-204.828628540039,link-1,true
outward,2657,21.783,-204.979293823242,link-1,true
outward,2658,14.858,-205.131622314453,link-1,true
outward,2659,16.639,-205.28564453125,link-1,true
outward,2660,4.46,-205.441329956055,link-1,true
outward,2661,3.704,-205.441329956055,link-1,true
outward,2662,3.641,-205.441329956055,link-1,true
outward,2663,4.661,-205.598693847656,link-1,true
outward,2664,3.687,-205.598693847656,link-1,true
outward,2665,4.136,-205.598693847656,link-1,true
outward,2666,3.573,-205.598693847656,link-1,true
outward,2667,4.759,-205.757720947266,link-1,true
outward,2668,3.623,-205.757720947266,link-1,true
outward,2669,3.328,-205.757720947266,link-1,true
outward,2670,3.643,-205.757720947266,link-1,true
outward,2671,4.507,-205.918411254883,link-1,true
outward,2672,3.042,-205.918411254883,link-1,true
outward,2673,3.168,-205.918411254883,link-1,true
outward,2674,4.992,-205.918411254883,link-1,true
outward,2675,4.355,-206.080764770508,link-1,true
outward,2676,2.969,-206.080764770508,link-1,true
outward,2677,3.379,-206.080764770508,link-1,true
outward,2678,5.33,-206.080764770508,link-1,true
outward,2679,3.519,-206.080764770508,link-1,true
outward,2680,4.389,-206.24479675293,link-1,true
outward,2681,3.114,-206.24479675293,link-1,true
outward,2682,4.3,-206.24479675293,link-1,true
outward,2683,3.716,-206.24479675293,link-1,true
outward,2684,4.752,-206.410507202148,link-1,true
outward,2685,3.603,-206.410507202148,link-1,true
outward,2686,3.303,-206.410507202148,link-1,true
outward,2687,3.862,-206.410507202148,link-1,true
outward,2688,3.218,-206.410507202148,link-1,true
outward,2689,4.439,-206.577865600586,link-1,true
outward,2690,3.317,-206.577865600586,link-1,true
outward,2691,4.232,-206.577865600586,link-1,true
outward,2692,3.439,-206.577865600586,link-1,true
outward,2693,4.811,-206.74690246582,link-1,true
outward,2694,3.679,-206.74690246582,link-1,true
outward,2695,4.06,-206.74690246582,link-1,true
outward,2696,3.664,-206.74690246582,link-1,true
outward,2697,3.447,-206.74690246582,link-1,true
outward,2698,4.601,-206.917602539062,link-1,true
outward,2699,2.849,-206.917602539062,link-1,true
outward,2700,4.397,-206.917602539062,link-1,true
outward,2701,3.654,-206.917602539062,link-1,true
outward,2702,4.446,-207.089965820312,link-1,true
outward,2703,3.316,-207.089965820312,link-1,true
outward,2704,4.06,-207.089965820312,link-1,true
outward,2705,3.363,-207.089965820312,link-1,true
outward,2706,3.459,-207.089965820312,link-1,true
outward,2707,4.519,-207.264007568359,link-1,true
outward,2708,3.783,-207.264007568359,link-1,true
outward,2709,3.667,-207.264007568359,link-1,true
outward,2710,3.585,-207.264007568359,link-1,true
outward,2711,4.624,-207.439712524414,link-1,true
outward,2712,3.285,-207.439712524414,link-1,true
outward,2713,3.884,-207.439712524414,link-1,true
outward,2714,3.291,-207.439712524414,link-1,true
outward,2715,3.778,-207.439712524414,link-1,true
outward,2716,4.603,-207.617065429688,link-1,true
outward,2717,4.695,-207.617065429688,link-1,true
outward,2718,3.561,-207.617065429688,link-1,true
outward,2719,3.698,-207.617065429688,link-1,true
outward,2720,5.445,-207.796081542969,link-1,true
outward,2721,3.321,-207.796081542969,link-1,true
outward,2722,3.563,-207.796081542969,link-1,true
outward,2723,3.735,-207.796081542969,link-1,true
outward,2724,3.35,-207.796081542969,link-1,true
outward,2725,5.609,-207.976760864258,link-1,true
outward,2726,3.257,-207.976760864258,link-1,true
outward,2727,2.932,-207.976760864258,link-1,true
outward,2728,3.62,-207.976760864258,link-1,true
outward,2729,4.679,-208.159103393555,link-1,true
outward,2730,3.341,-208.159103393555,link-1,true
outward,2731,3.581,-208.159103393555,link-1,true
outward,2732,3.7,-208.159103393555,link-1,true
outward,2733,3.662,-208.159103393555,link-1,true
outward,2734,6.044,-208.343109130859,link-1,true
outward,2735,3.85,-208.343109130859,link-1,true
outward,2736,3.172,-208.343109130859,link-1,true
outward,2737,3.171,-208.343109130859,link-1,true
outward,2738,5.577,-208.528778076172,link-1,true
outward,2739,2.512,-208.528778076172,link-1,true
outward,2740,3.749,-208.528778076172,link-1,true
outward,2741,3.571,-208.528778076172,link-1,true
outward,2742,4.951,-208.716110229492,link-1,true
outward,2743,3.287,-208.716110229492,link-1,true
outward,2744,3.569,-208.716110229492,link-1,true
outward,2745,3.887,-208.716110229492,link-1,true
outward,2746,4.567,-208.905075073242,link-1,true
outward,2747,3.498,-208.905075073242,link-1,true
outward,2748,3.629,-208.905075073242,link-1,true
outward,2749,3.548,-208.905075073242,link-1,true
outward,2750,3.457,-208.905075073242,link-1,true
outward,2751,6.296,-209.095718383789,link-1,true
outward,2752,3.092,-209.095718383789,link-1,true
outward,2753,2.97,-209.095718383789,link-1,true
outward,2754,3.706,-209.095718383789,link-1,true
outward,2755,4.599,-209.288009643555,link-1,true
outward,2756,3.299,-209.288009643555,link-1,true
outward,2757,3.593,-209.288009643555,link-1,true
outward,2758,3.724,-209.288009643555,link-1,true
outward,2759,4.514,-209.481948852539,link-1,true
outward,2760,3.841,-209.481948852539,link-1,true
outward,2761,3.632,-209.481948852539,link-1,true
outward,2762,3.614,-209.481948852539,link-1,true
outward,2763,3.492,-209.481948852539,link-1,true
outward,2764,6.201,-209.677551269531,link-1,true
outward,2765,3.32,-209.677551269531,link-1,true
outward,2766,2.899,-209.677551269531,link-1,true
outward,2767,3.419,-209.677551269531,link-1,true
outward,2768,5.44,-209.874801635742,link-1,true
outward,2769,2.879,-209.874801635742,link-1,true
outward,2770,3.452,-209.874801635742,link-1,true
outward,2771,3.63,-209.874801635742,link-1,true
outward,2772,4.372,-210.073699951172,link-1,true
outward,2773,3.899,-210.073699951172,link-1,true
outward,2774,3.442,-210.073699951172,link-1,true
outward,2775,3.124,-210.073699951172,link-1,true
outward,2776,3.94,-210.073699951172,link-1,true
outward,2777,6.119,-210.274261474609,link-1,true
outward,2778,2.761,-210.274261474609,link-1,true
outward,2779,3.479,-210.274261474609,link-1,true
outward,2780,3.706,-210.274261474609,link-1,true
outward,2781,5.284,-210.476470947266,link-1,true
outward,2782,2.854,-210.476470947266,link-1,true
outward,2783,3.382,-210.476470947266,link-1,true
outward,2784,3.678,-210.476470947266,link-1,true
outward,2785,4.261,-210.680328369141,link-1,true
outward,2786,3.697,-210.680328369141,link-1,true
outward,2787,3.634,-210.680328369141,link-1,true
outward,2788,3.728,-210.680328369141,link-1,true
outward,2789,3.371,-210.680328369141,link-1,true
outward,2790,6.145,-210.885833740234,link-1,true
outward,2791,3.168,-210.885833740234,link-1,true
outward,2792,3.336,-210.885833740234,link-1,true
outward,2793,3.307,-210.885833740234,link-1,true
outward,2794,6.544,-211.093002319336,link-1,true
outward,2795,3.367,-211.093002319336,link-1,true
outward,2796,3.286,-211.093002319336,link-1,true
outward,2797,3.142,-211.093002319336,link-1,true
outward,2798,6.137,-211.301803588867,link-1,true
outward,2799,2.883,-211.301803588867,link-1,true
outward,2800,3.259,-211.301803588867,link-1,true
outward,2801,3.57,-211.301803588867,link-1,true
outward,2802,4.457,-211.512268066406,link-1,true
outward,2803,3.524,-211.512268066406,link-1,true
outward,2804,3.551,-211.512268066406,link-1,true
outward,2805,4.217,-211.512268066406,link-1,true
outward,2806,4.63,-211.724365234375,link-1,true
outward,2807,3.13,-211.724365234375,link-1,true
outward,2808,3.385,-211.724365234375,link-1,true
outward,2809,3.728,-211.724365234375,link-1,true
outward,2810,3.562,-211.724365234375,link-1,true
outward,2811,5.465,-211.938110351562,link-1,true
outward,2812,2.989,-211.938110351562,link-1,true
outward,2813,3.227,-211.938110351562,link-1,true
outward,2814,3.75,-211.938110351562,link-1,true
outward,2815,4.353,-212.153503417969,link-1,true
outward,2816,3.878,-212.153503417969,link-1,true
outward,2817,3.693,-212.153503417969,link-1,true
outward,2818,3.552,-212.153503417969,link-1,true
outward,2819,3.626,-212.153503417969,link-1,true
outward,2820,5.959,-212.370544433594,link-1,true
outward,2821,2.624,-212.370544433594,link-1,true
outward,2822,3.535,-212.370544433594,link-1,true
outward,2823,3.56,-212.370544433594,link-1,true
outward,2824,6.531,-212.589218139648,link-1,true
outward,2825,3.381,-212.589218139648,link-1,true
outward,2826,3.041,-212.589218139648,link-1,true
outward,2827,3.404,-212.589218139648,link-1,true
outward,2828,6.183,-212.809539794922,link-1,true
outward,2829,4.057,-212.809539794922,link-1,true
outward,2830,3.688,-212.809539794922,link-1,true
outward,2831,5.166,-212.809539794922,link-1,true
outward,2832,4.978,-213.031509399414,link-1,true
outward,2833,3.548,-213.031509399414,link-1,true
outward,2834,6.078,-213.031509399414,link-1,true
outward,2835,3.289,-213.031509399414,link-1,true
outward,2836,6.049,-213.255126953125,link-1,true
outward,2837,3.132,-213.255126953125,link-1,true
outward,2838,3.107,-213.255126953125,link-1,true
outward,2839,3.602,-213.255126953125,link-1,true
outward,2840,4.895,-213.480377197266,link-1,true
outward,2841,2.908,-213.480377197266,link-1,true
outward,2842,3.156,-213.480377197266,link-1,true
outward,2843,3.666,-213.480377197266,link-1,true
outward,2844,6.308,-213.707260131836,link-1,true
outward,2845,2.746,-213.707260131836,link-1,true
outward,2846,2.833,-213.707260131836,link-1,true
outward,2847,3.741,-213.707260131836,link-1,true
outward,2848,4.742,-213.935775756836,link-1,true
outward,2849,3.312,-213.935775756836,link-1,true
outward,2850,3.723,-213.935775756836,link-1,true
outward,2851,3.677,-213.935775756836,link-1,true
outward,2852,4.372,-214.165939331055,link-1,true
outward,2853,3.782,-214.165939331055,link-1,true
outward,2854,3.692,-214.165939331055,link-1,true
outward,2855,3.354,-214.165939331055,link-1,true
outward,2856,3.689,-214.165939331055,link-1,true
outward,2857,6.309,-214.397735595703,link-1,true
outward,2858,2.699,-214.397735595703,link-1,true
outward,2859,3.543,-214.397735595703,link-1,true
outward,2860,3.417,-214.397735595703,link-1,true
outward,2861,5.779,-214.63117980957,link-1,true
outward,2862,2.957,-214.63117980957,link-1,true
outward,2863,3.247,-214.63117980957,link-1,true
outward,2864,3.705,-214.63117980957,link-1,true
outward,2865,4.756,-214.866256713867,link-1,true
outward,2866,3.213,-214.866256713867,link-1,true
outward,2867,3.562,-214.866256713867,link-1,true
outward,2868,3.708,-214.866256713867,link-1,true
outward,2869,3.42,-214.866256713867,link-1,true
outward,2870,5.985,-215.102951049805,link-1,true
outward,2871,2.676,-215.102951049805,link-1,true
outward,2872,3.147,-215.102951049805,link-1,true
outward,2873,3.739,-215.102951049805,link-1,true
outward,2874,5.7,-215.341278076172,link-1,true
outward,2875,2.839,-215.341278076172,link-1,true
outward,2876,3.045,-215.341278076172,link-1,true
outward,2877,3.725,-215.341278076172,link-1,true
outward,2878,4.3,-215.581237792969,link-1,true
outward,2879,3.964,-215.581237792969,link-1,true
outward,2880,3.257,-215.581237792969,link-1,true
outward,2881,3.782,-215.581237792969,link-1,true
outward,2882,3.584,-215.581237792969,link-1,true
outward,2883,6.092,-215.822845458984,link-1,true
outward,2884,3.359,-215.822845458984,link-1,true
outward,2885,2.893,-215.822845458984,link-1,true
outward,2886,3.212,-215.822845458984,link-1,true
outward,2887,6.134,-216.066070556641,link-1,true
outward,2888,3.231,-216.066070556641,link-1,true
outward,2889,2.907,-216.066070556641,link-1,true
outward,2890,3.288,-216.066070556641,link-1,true
outward,2891,4.749,-216.310928344727,link-1,true
outward,2892,3.614,-216.310928344727,link-1,true
outward,2893,3.648,-216.310928344727,link-1,true
outward,2894,3.745,-216.310928344727,link-1,true
outward,2895,3.296,-216.310928344727,link-1,true
outward,2896,5.904,-216.557418823242,link-1,true
outward,2897,2.835,-216.557418823242,link-1,true
outward,2898,2.79,-216.557418823242,link-1,true
outward,2899,3.845,-216.557418823242,link-1,true
outward,2900,4.676,-216.805526733398,link-1,true
outward,2901,3.569,-216.805526733398,link-1,true
outward,2902,3.305,-216.805526733398,link-1,true
outward,2903,3.586,-216.805526733398,link-1,true
outward,2904,3.388,-216.805526733398,link-1,true
outward,2905,5.622,-217.055267333984,link-1,true
outward,2906,2.709,-217.055267333984,link-1,true
outward,2907,3.537,-217.055267333984,link-1,true
outward,2908,3.487,-217.055267333984,link-1,true
outward,2909,6.05,-217.306640625,link-1,true
outward,2910,2.762,-217.306640625,link-1,true
outward,2911,3.282,-217.306640625,link-1,true
outward,2912,3.841,-217.306640625,link-1,true
outward,2913,4.795,-217.559631347656,link-1,true
outward,2914,3.288,-217.559631347656,link-1,true
outward,2915,3.498,-217.559631347656,link-1,true
outward,2916,3.522,-217.559631347656,link-1,true
outward,2917,3.549,-217.559631347656,link-1,true
outward,2918,5.964,-217.814239501953,link-1,true
outward,2919,3.098,-217.814239501953,link-1,true
outward,2920,2.807,-217.814239501953,link-1,true
outward,2921,3.727,-217.814239501953,link-1,true
outward,2922,6.3,-218.07048034668,link-1,true
outward,2923,3.139,-218.07048034668,link-1,true
outward,2924,2.784,-218.07048034668,link-1,true
outward,2925,3.44,-218.07048034668,link-1,true
outward,2926,5.465,-218.328338623047,link-1,true
outward,2927,3.131,-218.328338623047,link-1,true
outward,2928,3.012,-218.328338623047,link-1,true
outward,2929,3.65,-218.328338623047,link-1,true
outward,2930,3.698,-218.328338623047,link-1,true
outward,2931,5.617,-218.587814331055,link-1,true
outward,2932,2.887,-218.587814331055,link-1,true
outward,2933,2.99,-218.587814331055,link-1,true
outward,2934,3.562,-218.587814331055,link-1,true
outward,2935,6.473,-218.848907470703,link-1,true
outward,2936,2.711,-218.848907470703,link-1,true
outward,2937,3.38,-218.848907470703,link-1,true
outward,2938,3.53,-218.848907470703,link-1,true
outward,2939,5.821,-219.111618041992,link-1,true
outward,2940,3.275,-219.111618041992,link-1,true
outward,2941,3.122,-219.111618041992,link-1,true
outward,2942,3.324,-219.111618041992,link-1,true
outward,2943,3.213,-219.111618041992,link-1,true
outward,2944,5.938,-219.375946044922,link-1,true
outward,2945,3.127,-219.375946044922,link-1,true
outward,2946,2.931,-219.375946044922,link-1,true
outward,2947,3.686,-219.375946044922,link-1,true
outward,2948,5.938,-219.641891479492,link-1,true
outward,2949,2.958,-219.641891479492,link-1,true
outward,2950,3.438,-219.641891479492,link-1,true
outward,2951,3.561,-219.641891479492,link-1,true
outward,2952,6.713,-219.909454345703,link-1,true
outward,2953,3.808,-219.909454345703,link-1,true
outward,2954,2.75,-219.909454345703,link-1,true
outward,2955,3.113,-219.909454345703,link-1,true
outward,2956,5.37,-220.178634643555,link-1,true
outward,2957,2.731,-220.178634643555,link-1,true
outward,2958,3.276,-220.178634643555,link-1,true
outward,2959,3.752,-220.178634643555,link-1,true
outward,2960,3.506,-220.178634643555,link-1,true
outward,2961,5.696,-220.449417114258,link-1,true
outward,2962,3.632,-220.449417114258,link-1,true
outward,2963,3.277,-220.449417114258,link-1,true
outward,2964,2.833,-220.449417114258,link-1,true
outward,2965,5.401,-220.721817016602,link-1,true
outward,2966,2.838,-220.721817016602,link-1,true
outward,2967,3.229,-220.721817016602,link-1,true
outward,2968,3.87,-220.721817016602,link-1,true
outward,2969,4.897,-220.995834350586,link-1,true
outward,2970,3.446,-220.995834350586,link-1,true
outward,2971,3.31,-220.995834350586,link-1,true
outward,2972,3.563,-220.995834350586,link-1,true
outward,2973,3.609,-220.995834350586,link-1,true
outward,2974,5.806,-221.271453857422,link-1,true
outward,2975,2.881,-221.271453857422,link-1,true
outward,2976,3.281,-221.271453857422,link-1,true
outward,2977,3.527,-221.271453857422,link-1,true
outward,2978,6.249,-221.548690795898,link-1,true
outward,2979,3.461,-221.548690795898,link-1,true
outward,2980,3.059,-221.548690795898,link-1,true
outward,2981,2.969,-221.548690795898,link-1,true
outward,2982,5.392,-221.827529907227,link-1,true
outward,2983,3.635,-221.827529907227,link-1,true
outward,2984,3.298,-221.827529907227,link-1,true
outward,2985,3.241,-221.827529907227,link-1,true
outward,2986,3.285,-221.827529907227,link-1,true
outward,2987,5.758,-222.107971191406,link-1,true
outward,2988,3.526,-222.107971191406,link-1,true
outward,2989,2.76,-222.107971191406,link-1,true
outward,2990,3.527,-222.107971191406,link-1,true
outward,2991,6.312,-222.390014648438,link-1,true
outward,2992,2.978,-222.390014648438,link-1,true
outward,2993,3.259,-222.390014648438,link-1,true
outward,2994,3.444,-222.390014648438,link-1,true
outward,2995,5.701,-222.67366027832,link-1,true
outward,2996,2.802,-222.67366027832,link-1,true
outward,2997,3.415,-222.67366027832,link-1,true
outward,2998,3.741,-222.67366027832,link-1,true
outward,2999,4.739,-222.958923339844,link-1,true
outward,3000,3.854,-222.958923339844,link-1,true
outward,3001,3.205,-222.958923339844,link-1,true
outward,3002,3.893,-222.958923339844,link-1,true
outward,3003,3.479,-222.958923339844,link-1,true
outward,3004,5.901,-223.245788574219,link-1,true
outward,3005,2.796,-223.245788574219,link-1,true
outward,3006,3.41,-223.245788574219,link-1,true
outward,3007,3.288,-223.245788574219,link-1,true
outward,3008,5.957,-223.534255981445,link-1,true
outward,3009,2.537,-223.534255981445,link-1,true
outward,3010,3.544,-223.534255981445,link-1,true
outward,3011,3.602,-223.534255981445,link-1,true
outward,3012,4.323,-223.824325561523,link-1,true
outward,3013,4.213,-223.824325561523,link-1,true
outward,3014,3.683,-223.824325561523,link-1,true
outward,3015,3.649,-223.824325561523,link-1,true
outward,3016,3.418,-223.824325561523,link-1,true
outward,3017,5.839,-224.115982055664,link-1,true
outward,3018,3.173,-224.115982055664,link-1,true
outward,3019,3.13,-224.115982055664,link-1,true
outward,3020,3.53,-224.115982055664,link-1,true
outward,3021,5.948,-224.409240722656,link-1,true
outward,3022,2.988,-224.409240722656,link-1,true
outward,3023,3.236,-224.409240722656,link-1,true
outward,3024,3.628,-224.409240722656,link-1,true
outward,3025,4.839,-224.704086303711,link-1,true
outward,3026,3.037,-224.704086303711,link-1,true
outward,3027,3.672,-224.704086303711,link-1,true
outward,3028,3.616,-224.704086303711,link-1,true
outward,3029,3.361,-224.704086303711,link-1,true
outward,3030,5.54,-225.000534057617,link-1,true
outward,3031,3.073,-225.000534057617,link-1,true
outward,3032,3.119,-225.000534057617,link-1,true
outward,3033,3.574,-225.000534057617,link-1,true
outward,3034,6.319,-225.298568725586,link-1,true
outward,3035,3.137,-225.298568725586,link-1,true
outward,3036,3.094,-225.298568725586,link-1,true
outward,3037,3.383,-225.298568725586,link-1,true
outward,3038,5.491,-225.598205566406,link-1,true
outward,3039,3.083,-225.598205566406,link-1,true
outward,3040,3.543,-225.598205566406,link-1,true
outward,3041,3.556,-225.598205566406,link-1,true
outward,3042,3.24,-225.598205566406,link-1,true
outward,3043,5.593,-225.899444580078,link-1,true
outward,3044,2.461,-225.899444580078,link-1,true
outward,3045,3.823,-225.899444580078,link-1,true
outward,3046,3.517,-225.899444580078,link-1,true
outward,3047,6.26,-226.202270507812,link-1,true
outward,3048,2.696,-226.202270507812,link-1,true
outward,3049,3.206,-226.202270507812,link-1,true
outward,3050,3.517,-226.202270507812,link-1,true
outward,3051,4.539,-226.50666809082,link-1,true
outward,3052,3.496,-226.50666809082,link-1,true
outward,3053,3.148,-226.50666809082,link-1,true
outward,3054,3.15,-226.50666809082,link-1,true
outward,3055,4.51,-226.50666809082,link-1,true
outward,3056,4.421,-226.81266784668,link-1,true
outward,3057,2.703,-226.81266784668,link-1,true
outward,3058,3.462,-226.81266784668,link-1,true
outward,3059,5.273,-226.81266784668,link-1,true
outward,3060,4.692,-227.120254516602,link-1,true
outward,3061,2.761,-227.120254516602,link-1,true
outward,3062,3.302,-227.120254516602,link-1,true
outward,3063,5.273,-227.120254516602,link-1,true
outward,3064,6.391,-227.429428100586,link-1,true
outward,3065,2.786,-227.429428100586,link-1,true
outward,3066,11.212,-227.429428100586,link-1,true
outward,3067,20.826,-227.740188598633,link-1,true
outward,3068,14.883,-228.052520751953,link-1,true
outward,3069,18.317,-228.366455078125,link-1,true
outward,3070,17.8,-228.68196105957,link-1,true
outward,3071,15.313,-228.999038696289,link-1,true
outward,3072,18.403,-229.31770324707,link-1,true
outward,3073,22.197,-229.959747314453,link-1,true
outward,3074,14.329,-230.283126831055,link-1,true
outward,3075,23.128,-230.608093261719,link-1,true
outward,3076,18.883,-230.934631347656,link-1,true
outward,3077,14.817,-231.262741088867,link-1,true
outward,3078,18.442,-231.592422485352,link-1,true
outward,3079,17.281,-231.923675537109,link-1,true
outward,3080,15.234,-232.256500244141,link-1,true
outward,3081,18.38,-232.590881347656,link-1,true
outward,3082,17.791,-232.926834106445,link-1,true
outward,3083,15.404,-233.264358520508,link-1,true
outward,3084,18.32,-233.603424072266,link-1,true
outward,3085,18.634,-234.286254882812,link-1,true
outward,3086,14.704,-234.630020141602,link-1,true
outward,3087,23.032,-234.975341796875,link-1,true
outward,3088,14.589,-235.322219848633,link-1,true
outward,3089,20.084,-235.670639038086,link-1,true
outward,3090,15.378,-236.020614624023,link-1,true
outward,3091,18.481,-236.372146606445,link-1,true
outward,3092,17.938,-236.725234985352,link-1,true
outward,3093,15.464,-237.079864501953,link-1,true
outward,3094,18.454,-237.436050415039,link-1,true
outward,3095,21.696,-237.79377746582,link-1,true
outward,3096,14.94,-238.153060913086,link-1,true
outward,3097,19.053,-238.876235961914,link-1,true
outward,3098,17.142,-239.240142822266,link-1,true
outward,3099,15.402,-239.605590820312,link-1,true
outward,3100,18.418,-239.972579956055,link-1,true
outward,3101,17.748,-240.341110229492,link-1,true
outward,3102,15.516,-240.711181640625,link-1,true
outward,3103,18.185,-241.082763671875,link-1,true
outward,3104,17.647,-241.45588684082,link-1,true
outward,3105,15.508,-241.830535888672,link-1,true
outward,3106,18.401,-242.206726074219,link-1,true
outward,3107,21.661,-242.584457397461,link-1,true
outward,3108,14.876,-242.96369934082,link-1,true
outward,3109,18.478,-243.344467163086,link-1,true
outward,3110,17.747,-243.726760864258,link-1,true
outward,3111,15.66,-244.110580444336,link-1,true
outward,3112,18.155,-244.495910644531,link-1,true
outward,3113,22.062,-245.27116394043,link-1,true
outward,3114,14.494,-245.661071777344,link-1,true
outward,3115,22.851,-246.052490234375,link-1,true
outward,3116,15.032,-246.445419311523,link-1,true
outward,3117,15.254,-246.839859008789,link-1,true
outward,3118,18.472,-247.235809326172,link-1,true
outward,3119,17.537,-247.633270263672,link-1,true
outward,3120,15.396,-248.032257080078,link-1,true
outward,3121,18.265,-248.432739257812,link-1,true
outward,3122,17.651,-248.834732055664,link-1,true
outward,3123,15.378,-249.238235473633,link-1,true
outward,3124,18.325,-249.64323425293,link-1,true
outward,3125,17.626,-250.049728393555,link-1,true
outward,3126,15.532,-250.457717895508,link-1,true
outward,3127,18.194,-250.867218017578,link-1,true
outward,3128,17.895,-251.278198242188,link-1,true
outward,3129,15.311,-251.690673828125,link-1,true
outward,3130,18.186,-252.104644775391,link-1,true
outward,3131,17.87,-252.520111083984,link-1,true
outward,3132,15.28,-252.937072753906,link-1,true
outward,3133,18.117,-253.355529785156,link-1,true
outward,3134,17.756,-253.775466918945,link-1,true
outward,3135,15.494,-254.196899414062,link-1,true
outward,3136,18.205,-254.619812011719,link-1,true
outward,3137,17.781,-255.044204711914,link-1,true
outward,3138,15.477,-255.470077514648,link-1,true
outward,3139,18.315,-255.897430419922,link-1,true
outward,3140,17.651,-256.326263427734,link-1,true
outward,3141,15.311,-256.756561279297,link-1,true
outward,3142,18.493,-257.188323974609,link-1,true
outward,3143,22.065,-258.056304931641,link-1,true
outward,3144,13.938,-258.492492675781,link-1,true
outward,3145,23.086,-258.93017578125,link-1,true
outward,3146,18.759,-259.369323730469,link-1,true
outward,3147,19.331,-259.809906005859,link-1,true
outward,3148,15.398,-260.251983642578,link-1,true
outward,3149,18.266,-260.695495605469,link-1,true
outward,3150,22.154,-261.140472412109,link-1,true
outward,3151,14.484,-261.586883544922,link-1,true
outward,3152,23.069,-262.034759521484,link-1,true
outward,3153,14.592,-262.484130859375,link-1,true
outward,3154,20.634,-263.387176513672,link-1,true
outward,3155,13.075,-263.840850830078,link-1,true
outward,3156,4.654,-264.295989990234,link-1,true
outward,3157,3.201,-264.295989990234,link-1,true
outward,3158,4.133,-264.295989990234,link-1,true
outward,3159,3.617,-264.295989990234,link-1,true
outward,3160,4.468,-264.752593994141,link-1,true
outward,3161,3.647,-264.752593994141,link-1,true
outward,3162,4.449,-264.752593994141,link-1,true
outward,3163,3.492,-264.752593994141,link-1,true
outward,3164,3.557,-264.752593994141,link-1,true
outward,3165,4.717,-265.210632324219,link-1,true
outward,3166,3.192,-265.210632324219,link-1,true
outward,3167,4.019,-265.210632324219,link-1,true
outward,3168,3.591,-265.210632324219,link-1,true
outward,3169,4.791,-265.670104980469,link-1,true
outward,3170,3.539,-265.670104980469,link-1,true
outward,3171,3.636,-265.670104980469,link-1,true
outward,3172,3.402,-265.670104980469,link-1,true
outward,3173,3.508,-265.670104980469,link-1,true
outward,3174,4.749,-266.131042480469,link-1,true
outward,3175,3.235,-266.131042480469,link-1,true
outward,3176,3.648,-266.131042480469,link-1,true
outward,3177,3.515,-266.131042480469,link-1,true
outward,3178,4.598,-266.593383789062,link-1,true
outward,3179,2.676,-266.593383789062,link-1,true
outward,3180,4.86,-266.593383789062,link-1,true
outward,3181,3.461,-266.593383789062,link-1,true
outward,3182,3.411,-266.593383789062,link-1,true
outward,3183,4.672,-267.057189941406,link-1,true
outward,3184,4.518,-267.057189941406,link-1,true
outward,3185,3.534,-267.057189941406,link-1,true
outward,3186,3.639,-267.057189941406,link-1,true
outward,3187,4.237,-267.522430419922,link-1,true
outward,3188,3.777,-267.522430419922,link-1,true
outward,3189,3.856,-267.522430419922,link-1,true
outward,3190,3.559,-267.522430419922,link-1,true
outward,3191,3.901,-267.522430419922,link-1,true
outward,3192,4.608,-267.989105224609,link-1,true
outward,3193,3.787,-267.989105224609,link-1,true
outward,3194,3.55,-267.989105224609,link-1,true
outward,3195,3.447,-267.989105224609,link-1,true
outward,3196,4.828,-268.457214355469,link-1,true
outward,3197,3.703,-268.457214355469,link-1,true
outward,3198,3.358,-268.457214355469,link-1,true
outward,3199,3.268,-268.457214355469,link-1,true
outward,3200,3.817,-268.457214355469,link-1,true
outward,3201,6.351,-268.9267578125,link-1,true
outward,3202,3.552,-268.9267578125,link-1,true
outward,3203,3.106,-268.9267578125,link-1,true
outward,3204,3.584,-268.9267578125,link-1,true
outward,3205,6.17,-269.397705078125,link-1,true
outward,3206,3.166,-269.397705078125,link-1,true
outward,3207,2.769,-269.397705078125,link-1,true
outward,3208,3.573,-269.397705078125,link-1,true
outward,3209,3.586,-269.397705078125,link-1,true
outward,3210,5.243,-269.870086669922,link-1,true
outward,3211,2.818,-269.870086669922,link-1,true
outward,3212,3.654,-269.870086669922,link-1,true
outward,3213,3.651,-269.870086669922,link-1,true
outward,3214,5.559,-270.343902587891,link-1,true
outward,3215,3.47,-270.343902587891,link-1,true
outward,3216,4.158,-270.343902587891,link-1,true
outward,3217,3.318,-270.343902587891,link-1,true
outward,3218,4.103,-270.819152832031,link-1,true
outward,3219,3.755,-270.819152832031,link-1,true
outward,3220,3.388,-270.819152832031,link-1,true
outward,3221,4.72,-270.819152832031,link-1,true
outward,3222,4.224,-271.295837402344,link-1,true
outward,3223,3.51,-271.295837402344,link-1,true
outward,3224,3.287,-271.295837402344,link-1,true
outward,3225,3.29,-271.295837402344,link-1,true
outward,3226,4.232,-271.295837402344,link-1,true
outward,3227,6.096,-271.77392578125,link-1,true
outward,3228,2.656,-271.77392578125,link-1,true
outward,3229,4.815,-271.77392578125,link-1,true
outward,3230,3.047,-271.77392578125,link-1,true
outward,3231,5.169,-272.25341796875,link-1,true
outward,3232,3.109,-272.25341796875,link-1,true
outward,3233,3.009,-272.25341796875,link-1,true
outward,3234,3.652,-272.25341796875,link-1,true
outward,3235,6.552,-272.734344482422,link-1,true
outward,3236,2.855,-272.734344482422,link-1,true
outward,3237,3.078,-272.734344482422,link-1,true
outward,3238,3.915,-272.734344482422,link-1,true
outward,3239,6.122,-273.216674804688,link-1,true
outward,3240,2.999,-273.216674804688,link-1,true
outward,3241,3.436,-273.216674804688,link-1,true
outward,3242,3.469,-273.216674804688,link-1,true
outward,3243,6.222,-273.700408935547,link-1,true
outward,3244,3.159,-273.700408935547,link-1,true
outward,3245,2.798,-273.700408935547,link-1,true
outward,3246,3.624,-273.700408935547,link-1,true
outward,3247,3.599,-273.700408935547,link-1,true
outward,3248,5.828,-274.185577392578,link-1,true
outward,3249,3.005,-274.185577392578,link-1,true
outward,3250,2.94,-274.185577392578,link-1,true
outward,3251,3.567,-274.185577392578,link-1,true
outward,3252,5.76,-274.672149658203,link-1,true
outward,3253,2.602,-274.672149658203,link-1,true
outward,3254,3.308,-274.672149658203,link-1,true
outward,3255,3.39,-274.672149658203,link-1,true
outward,3256,5.589,-275.160125732422,link-1,true
outward,3257,2.899,-275.160125732422,link-1,true
outward,3258,3.215,-275.160125732422,link-1,true
outward,3259,3.697,-275.160125732422,link-1,true
outward,3260,3.319,-275.160125732422,link-1,true
outward,3261,5.816,-275.649505615234,link-1,true
outward,3262,3.745,-275.649505615234,link-1,true
outward,3263,3.149,-275.649505615234,link-1,true
outward,3264,2.896,-275.649505615234,link-1,true
outward,3265,5.761,-276.140258789062,link-1,true
outward,3266,2.659,-276.140258789062,link-1,true
outward,3267,3.225,-276.140258789062,link-1,true
outward,3268,3.795,-276.140258789062,link-1,true
outward,3269,3.339,-276.140258789062,link-1,true
outward,3270,5.232,-276.632446289062,link-1,true
outward,3271,3.082,-276.632446289062,link-1,true
outward,3272,3.175,-276.632446289062,link-1,true
outward,3273,3.464,-276.632446289062,link-1,true
outward,3274,6.247,-277.126037597656,link-1,true
outward,3275,3.456,-277.126037597656,link-1,true
outward,3276,3.195,-277.126037597656,link-1,true
outward,3277,3.296,-277.126037597656,link-1,true
outward,3278,6.074,-277.621002197266,link-1,true
outward,3279,2.817,-277.621002197266,link-1,true
outward,3280,3.312,-277.621002197266,link-1,true
outward,3281,3.521,-277.621002197266,link-1,true
outward,3282,6.327,-278.115509033203,link-1,true
outward,3283,3.087,-278.115509033203,link-1,true
outward,3284,3.025,-278.115509033203,link-1,true
outward,3285,3.556,-278.115509033203,link-1,true
outward,3286,3.473,-278.115509033203,link-1,true
outward,3287,5.319,-278.611419677734,link-1,true
outward,3288,2.957,-278.611419677734,link-1,true
outward,3289,2.918,-278.611419677734,link-1,true
outward,3290,3.74,-278.611419677734,link-1,true
outward,3291,6.442,-279.106872558594,link-1,true
outward,3292,2.716,-279.106872558594,link-1,true
outward,3293,3.346,-279.106872558594,link-1,true
outward,3294,3.456,-279.106872558594,link-1,true
outward,3295,6.552,-279.601837158203,link-1,true
outward,3296,3.219,-279.601837158203,link-1,true
outward,3297,2.898,-279.601837158203,link-1,true
outward,3298,3.4,-279.601837158203,link-1,true
outward,3299,4.341,-279.601837158203,link-1,true
outward,3300,4.505,-280.096313476562,link-1,true
outward,3301,2.997,-280.096313476562,link-1,true
outward,3302,3.653,-280.096313476562,link-1,true
outward,3303,3.16,-280.096313476562,link-1,true
outward,3304,5.847,-280.592193603516,link-1,true
outward,3305,2.705,-280.592193603516,link-1,true
outward,3306,3.486,-280.592193603516,link-1,true
outward,3307,3.433,-280.592193603516,link-1,true
outward,3308,6.147,-281.087615966797,link-1,true
outward,3309,3.067,-281.087615966797,link-1,true
outward,3310,2.774,-281.087615966797,link-1,true
outward,3311,3.612,-281.087615966797,link-1,true
outward,3312,3.497,-281.087615966797,link-1,true
outward,3313,5.377,-281.582580566406,link-1,true
outward,3314,2.798,-281.582580566406,link-1,true
outward,3315,3.426,-281.582580566406,link-1,true
outward,3316,3.347,-281.582580566406,link-1,true
outward,3317,5.912,-282.077056884766,link-1,true
outward,3318,3.022,-282.077056884766,link-1,true
outward,3319,2.936,-282.077056884766,link-1,true
outward,3320,3.459,-282.077056884766,link-1,true
outward,3321,5.401,-282.572937011719,link-1,true
outward,3322,2.906,-282.572937011719,link-1,true
outward,3323,3.589,-282.572937011719,link-1,true
outward,3324,3.488,-282.572937011719,link-1,true
outward,3325,3.552,-282.572937011719,link-1,true
outward,3326,8.352,-283.068328857422,link-1,true
outward,3327,2.414,-283.068328857422,link-1,true
outward,3328,3.18,-283.068328857422,link-1,true
outward,3329,3.002,-283.068328857422,link-1,true
outward,3330,5.04,-283.563262939453,link-1,true
outward,3331,2.649,-283.563262939453,link-1,true
outward,3332,3.405,-283.563262939453,link-1,true
outward,3333,3.355,-283.563262939453,link-1,true
outward,3334,5.986,-284.057708740234,link-1,true
outward,3335,3.106,-284.057708740234,link-1,true
outward,3336,2.95,-284.057708740234,link-1,true
outward,3337,3.641,-284.057708740234,link-1,true
outward,3338,3.326,-284.057708740234,link-1,true
outward,3339,5.229,-284.553558349609,link-1,true
outward,3340,2.708,-284.553558349609,link-1,true
outward,3341,3.605,-284.553558349609,link-1,true
outward,3342,3.528,-284.553558349609,link-1,true
outward,3343,6.226,-285.048950195312,link-1,true
outward,3344,2.884,-285.048950195312,link-1,true
outward,3345,2.87,-285.048950195312,link-1,true
outward,3346,3.539,-285.048950195312,link-1,true
outward,3347,5.552,-285.543853759766,link-1,true
outward,3348,2.857,-285.543853759766,link-1,true
outward,3349,3.403,-285.543853759766,link-1,true
outward,3350,3.424,-285.543853759766,link-1,true
outward,3351,3.532,-285.543853759766,link-1,true
outward,3352,5.604,-286.038299560547,link-1,true
outward,3353,2.815,-286.038299560547,link-1,true
outward,3354,3.141,-286.038299560547,link-1,true
outward,3355,3.661,-286.038299560547,link-1,true
outward,3356,5.989,-286.534118652344,link-1,true
outward,3357,2.722,-286.534118652344,link-1,true
outward,3358,3.083,-286.534118652344,link-1,true
outward,3359,3.631,-286.534118652344,link-1,true
outward,3360,3.499,-286.534118652344,link-1,true
outward,3361,5.116,-287.029479980469,link-1,true
outward,3362,2.873,-287.029479980469,link-1,true
outward,3363,3.392,-287.029479980469,link-1,true
outward,3364,3.459,-287.029479980469,link-1,true
outward,3365,6.01,-287.524353027344,link-1,true
outward,3366,2.705,-287.524353027344,link-1,true
outward,3367,3.198,-287.524353027344,link-1,true
outward,3368,3.637,-287.524353027344,link-1,true
outward,3369,3.52,-287.524353027344,link-1,true
outward,3370,5.02,-288.018768310547,link-1,true
outward,3371,3.05,-288.018768310547,link-1,true
outward,3372,3.367,-288.018768310547,link-1,true
outward,3373,3.645,-288.018768310547,link-1,true
outward,3374,5.729,-288.514556884766,link-1,true
outward,3375,2.43,-288.514556884766,link-1,true
outward,3376,3.414,-288.514556884766,link-1,true
outward,3377,3.391,-288.514556884766,link-1,true
outward,3378,5.717,-289.009887695312,link-1,true
outward,3379,2.761,-289.009887695312,link-1,true
outward,3380,3.465,-289.009887695312,link-1,true
outward,3381,3.547,-289.009887695312,link-1,true
outward,3382,3.624,-289.009887695312,link-1,true
outward,3383,5.494,-289.504730224609,link-1,true
outward,3384,2.637,-289.504730224609,link-1,true
outward,3385,3.618,-289.504730224609,link-1,true
outward,3386,3.306,-289.504730224609,link-1,true
outward,3387,5.944,-289.999114990234,link-1,true
outward,3388,2.874,-289.999114990234,link-1,true
outward,3389,3.274,-289.999114990234,link-1,true
outward,3390,3.516,-289.999114990234,link-1,true
outward,3391,3.392,-289.999114990234,link-1,true
outward,3392,5.443,-290.494873046875,link-1,true
outward,3393,3.178,-290.494873046875,link-1,true
outward,3394,3.589,-290.494873046875,link-1,true
outward,3395,3.377,-290.494873046875,link-1,true
outward,3396,5.94,-290.990142822266,link-1,true
outward,3397,3.254,-290.990142822266,link-1,true
outward,3398,3.686,-290.990142822266,link-1,true
outward,3399,3.427,-290.990142822266,link-1,true
outward,3400,4.156,-291.484954833984,link-1,true
outward,3401,2.717,-291.484954833984,link-1,true
outward,3402,3.553,-291.484954833984,link-1,true
outward,3403,3.547,-291.484954833984,link-1,true
outward,3404,3.262,-291.484954833984,link-1,true
outward,3405,5.356,-291.979278564453,link-1,true
outward,3406,2.694,-291.979278564453,link-1,true
outward,3407,3.468,-291.979278564453,link-1,true
outward,3408,4.925,-291.979278564453,link-1,true
outward,3409,4.35,-292.475006103516,link-1,true
outward,3410,2.831,-292.475006103516,link-1,true
outward,3411,3.082,-292.475006103516,link-1,true
outward,3412,3.488,-292.475006103516,link-1,true
outward,3413,3.492,-292.475006103516,link-1,true
outward,3414,5.628,-292.970245361328,link-1,true
outward,3415,3.014,-292.970245361328,link-1,true
outward,3416,2.91,-292.970245361328,link-1,true
outward,3417,3.7,-292.970245361328,link-1,true
outward,3418,6.082,-293.465026855469,link-1,true
outward,3419,2.514,-293.465026855469,link-1,true
outward,3420,3.436,-293.465026855469,link-1,true
outward,3421,3.397,-293.465026855469,link-1,true
outward,3422,5.727,-293.959320068359,link-1,true
outward,3423,2.686,-293.959320068359,link-1,true
outward,3424,3.754,-293.959320068359,link-1,true
outward,3425,3.476,-293.959320068359,link-1,true
outward,3426,3.563,-293.959320068359,link-1,true
outward,3427,5.114,-294.453125,link-1,true
outward,3428,2.75,-294.453125,link-1,true
outward,3429,3.569,-294.453125,link-1,true
outward,3430,3.461,-294.453125,link-1,true
outward,3431,5.441,-294.948333740234,link-1,true
outward,3432,2.535,-294.948333740234,link-1,true
outward,3433,3.56,-294.948333740234,link-1,true
outward,3434,3.682,-294.948333740234,link-1,true
outward,3435,3.397,-294.948333740234,link-1,true
outward,3436,5.618,-295.443054199219,link-1,true
outward,3437,3.248,-295.443054199219,link-1,true
outward,3438,2.795,-295.443054199219,link-1,true
outward,3439,3.615,-295.443054199219,link-1,true
outward,3440,5.492,-295.937316894531,link-1,true
outward,3441,2.842,-295.937316894531,link-1,true
outward,3442,3.163,-295.937316894531,link-1,true
outward,3443,3.637,-295.937316894531,link-1,true
outward,3444,5.732,-296.431091308594,link-1,true
outward,3445,2.748,-296.431091308594,link-1,true
outward,3446,3.353,-296.431091308594,link-1,true
outward,3447,3.963,-296.431091308594,link-1,true
outward,3448,2.969,-296.431091308594,link-1,true
outward,3449,5.693,-296.926239013672,link-1,true
outward,3450,2.62,-296.926239013672,link-1,true
outward,3451,3.601,-296.926239013672,link-1,true
outward,3452,3.452,-296.926239013672,link-1,true
outward,3453,5.899,-297.4208984375,link-1,true
outward,3454,2.808,-297.4208984375,link-1,true
outward,3455,3.36,-297.4208984375,link-1,true
outward,3456,3.5,-297.4208984375,link-1,true
outward,3457,4.626,-297.4208984375,link-1,true
outward,3458,4.904,-297.915100097656,link-1,true
outward,3459,2.717,-297.915100097656,link-1,true
outward,3460,3.327,-297.915100097656,link-1,true
outward,3461,3.422,-297.915100097656,link-1,true
outward,3462,6.147,-298.408813476562,link-1,true
outward,3463,3.084,-298.408813476562,link-1,true
outward,3464,3.078,-298.408813476562,link-1,true
outward,3465,3.453,-298.408813476562,link-1,true
outward,3466,5.438,-298.903930664062,link-1,true
outward,3467,2.647,-298.903930664062,link-1,true
outward,3468,3.734,-298.903930664062,link-1,true
outward,3469,3.642,-298.903930664062,link-1,true
outward,3470,4.295,-298.903930664062,link-1,true
outward,3471,4.714,-299.398559570312,link-1,true
outward,3472,3.088,-299.398559570312,link-1,true
outward,3473,3.248,-299.398559570312,link-1,true
outward,3474,3.203,-299.398559570312,link-1,true
outward,3475,5.689,-299.892700195312,link-1,true
outward,3476,2.642,-299.892700195312,link-1,true
outward,3477,3.616,-299.892700195312,link-1,true
outward,3478,3.638,-299.892700195312,link-1,true
outward,3479,6.302,-300.386352539062,link-1,true
outward,3480,2.952,-300.386352539062,link-1,true
outward,3481,3.004,-300.386352539062,link-1,true
outward,3482,3.639,-300.386352539062,link-1,true
outward,3483,5.582,-300.881408691406,link-1,true
outward,3484,2.653,-300.881408691406,link-1,true
outward,3485,3.333,-300.881408691406,link-1,true
outward,3486,3.81,-300.881408691406,link-1,true
outward,3487,3.44,-300.881408691406,link-1,true
outward,3488,5.92,-301.3759765625,link-1,true
outward,3489,3.074,-301.3759765625,link-1,true
outward,3490,2.612,-301.3759765625,link-1,true
outward,3491,3.683,-301.3759765625,link-1,true
outward,3492,6.414,-301.870086669922,link-1,true
outward,3493,2.895,-301.870086669922,link-1,true
outward,3494,3.108,-301.870086669922,link-1,true
outward,3495,3.516,-301.870086669922,link-1,true
outward,3496,5.303,-302.363708496094,link-1,true
outward,3497,3.101,-302.363708496094,link-1,true
outward,3498,3.37,-302.363708496094,link-1,true
outward,3499,3.617,-302.363708496094,link-1,true
outward,3500,3.434,-302.363708496094,link-1,true
outward,3501,5.245,-302.858703613281,link-1,true
outward,3502,2.59,-302.858703613281,link-1,true
outward,3503,3.611,-302.858703613281,link-1,true
outward,3504,3.598,-302.858703613281,link-1,true
outward,3505,5.968,-303.353210449219,link-1,true
outward,3506,3.251,-303.353210449219,link-1,true
outward,3507,2.998,-303.353210449219,link-1,true
outward,3508,3.53,-303.353210449219,link-1,true
outward,3509,4.361,-303.353210449219,link-1,true
outward,3510,4.752,-303.847259521484,link-1,true
outward,3511,2.764,-303.847259521484,link-1,true
outward,3512,3.444,-303.847259521484,link-1,true
outward,3513,3.45,-303.847259521484,link-1,true
outward,3514,5.824,-304.3408203125,link-1,true
outward,3515,3.198,-304.3408203125,link-1,true
outward,3516,3.103,-304.3408203125,link-1,true
outward,3517,3.29,-304.3408203125,link-1,true
outward,3518,5.899,-304.835784912109,link-1,true
outward,3519,2.769,-304.835784912109,link-1,true
outward,3520,3.407,-304.835784912109,link-1,true
outward,3521,3.66,-304.835784912109,link-1,true
outward,3522,3.501,-304.835784912109,link-1,true
outward,3523,5.491,-305.330230712891,link-1,true
outward,3524,3.474,-305.330230712891,link-1,true
outward,3525,2.945,-305.330230712891,link-1,true
outward,3526,3.279,-305.330230712891,link-1,true
outward,3527,4.224,-305.824188232422,link-1,true
outward,3528,2.727,-305.824188232422,link-1,true
outward,3529,3.725,-305.824188232422,link-1,true
outward,3530,5.055,-305.824188232422,link-1,true
outward,3531,3.639,-305.824188232422,link-1,true
outward,3532,4.492,-306.317687988281,link-1,true
outward,3533,3.469,-306.317687988281,link-1,true
outward,3534,4.341,-306.317687988281,link-1,true
outward,3535,3.318,-306.317687988281,link-1,true
outward,3536,4.855,-306.812561035156,link-1,true
outward,3537,3.085,-306.812561035156,link-1,true
outward,3538,4.503,-306.812561035156,link-1,true
outward,3539,3.548,-306.812561035156,link-1,true
outward,3540,4.575,-307.306945800781,link-1,true
outward,3541,2.617,-307.306945800781,link-1,true
outward,3542,3.545,-307.306945800781,link-1,true
outward,3543,4.352,-307.306945800781,link-1,true
outward,3544,4.927,-307.800842285156,link-1,true
outward,3545,2.577,-307.800842285156,link-1,true
outward,3546,3.303,-307.800842285156,link-1,true
outward,3547,5.148,-307.800842285156,link-1,true
outward,3548,3.355,-307.800842285156,link-1,true
outward,3549,4.324,-308.294250488281,link-1,true
outward,3550,2.917,-308.294250488281,link-1,true
outward,3551,4.806,-308.294250488281,link-1,true
outward,3552,3.753,-308.294250488281,link-1,true
outward,3553,4.461,-308.7890625,link-1,true
outward,3554,2.685,-308.7890625,link-1,true
outward,3555,3.361,-308.7890625,link-1,true
outward,3556,4.815,-308.7890625,link-1,true
outward,3557,4.48,-309.283386230469,link-1,true
outward,3558,2.961,-309.283386230469,link-1,true
outward,3559,3.153,-309.283386230469,link-1,true
outward,3560,4.781,-309.283386230469,link-1,true
outward,3561,3.636,-309.283386230469,link-1,true
outward,3562,4.495,-309.777221679688,link-1,true
outward,3563,3.498,-309.777221679688,link-1,true
outward,3564,4.235,-309.777221679688,link-1,true
outward,3565,3.279,-309.777221679688,link-1,true
outward,3566,12.155,-310.270568847656,link-1,true
outward,3567,13.468,-310.270568847656,link-1,true
outward,3568,19.793,-311.261413574219,link-1,true
outward,3569,16.913,-311.757049560547,link-1,true
outward,3570,15.258,-312.252197265625,link-1,true
outward,3571,18.13,-312.746856689453,link-1,true
outward,3572,21.581,-313.241027832031,link-1,true
outward,3573,14.642,-313.734710693359,link-1,true
outward,3574,18.203,-314.227905273438,link-1,true
outward,3575,17.428,-314.722473144531,link-1,true
outward,3576,15.298,-315.216552734375,link-1,true
outward,3577,18.221,-315.710144042969,link-1,true
outward,3578,17.257,-316.203247070312,link-1,true
outward,3579,15.215,-316.69775390625,link-1,true
outward,3580,18.193,-317.191772460938,link-1,true
outward,3581,17.983,-318.178344726562,link-1,true
outward,3582,14.633,-318.672760009766,link-1,true
outward,3583,18.522,-319.166687011719,link-1,true
outward,3584,17.418,-319.660125732422,link-1,true
outward,3585,15.396,-320.153076171875,link-1,true
outward,3586,18.326,-320.647399902344,link-1,true
outward,3587,17.501,-321.141235351562,link-1,true
outward,3588,15.154,-321.634582519531,link-1,true
outward,3589,18.287,-322.12744140625,link-1,true
outward,3590,17.279,-322.621673583984,link-1,true
outward,3591,15.227,-323.115417480469,link-1,true
outward,3592,18.195,-323.608673095703,link-1,true
outward,3593,18.066,-324.101470947266,link-1,true
outward,3594,14.883,-324.595611572266,link-1,true
outward,3595,17.946,-325.089263916016,link-1,true
outward,3596,21.703,-325.582427978516,link-1,true
outward,3597,14.504,-326.075103759766,link-1,true
outward,3598,18.115,-326.569152832031,link-1,true
outward,3599,17.625,-327.062713623047,link-1,true
outward,3600,15.243,-327.555786132812,link-1,true
outward,3601,17.959,-328.048400878906,link-1,true
outward,3602,17.644,-328.542358398438,link-1,true
outward,3603,15.247,-329.035827636719,link-1,true
outward,3604,18.057,-329.52880859375,link-1,true
outward,3605,17.623,-330.021301269531,link-1,true
outward,3606,15.261,-330.515167236328,link-1,true
outward,3607,18.063,-331.008544921875,link-1,true
outward,3608,17.527,-331.501434326172,link-1,true
outward,3609,15.385,-331.993835449219,link-1,true
outward,3610,18.091,-332.487609863281,link-1,true
outward,3611,17.677,-332.980895996094,link-1,true
outward,3612,15.07,-333.473693847656,link-1,true
outward,3613,18.1,-333.966003417969,link-1,true
outward,3614,17.541,-334.459686279297,link-1,true
outward,3615,14.885,-334.952850341797,link-1,true
outward,3616,18.099,-335.445556640625,link-1,true
outward,3617,17.4,-335.937774658203,link-1,true
outward,3618,15.03,-336.431365966797,link-1,true
outward,3619,18.22,-336.924468994141,link-1,true
outward,3620,17.404,-337.417083740234,link-1,true
outward,3621,15.193,-337.909210205078,link-1,true
outward,3622,18.262,-338.402679443359,link-1,true
outward,3623,17.511,-338.895660400391,link-1,true
outward,3624,15.195,-339.388153076172,link-1,true
outward,3625,18.204,-339.880187988281,link-1,true
outward,3626,18.039,-340.868377685547,link-1,true
outward,3627,14.631,-341.362670898438,link-1,true
outward,3628,18.343,-341.856475830078,link-1,true
outward,3629,17.398,-342.349761962891,link-1,true
outward,3630,15.307,-342.842559814453,link-1,true
outward,3631,18.079,-343.334899902344,link-1,true
outward,3632,17.72,-343.826751708984,link-1,true
outward,3633,15.169,-344.319976806641,link-1,true
outward,3634,18.093,-344.812713623047,link-1,true
outward,3635,20.078,-345.304962158203,link-1,true
outward,3636,12.775,-345.796722412109,link-1,true
outward,3637,21.106,-346.288024902344,link-1,true
outward,3638,14.732,-346.780700683594,link-1,true
outward,3639,15.207,-347.272888183594,link-1,true
outward,3640,18.112,-347.764587402344,link-1,true
outward,3641,17.476,-348.255798339844,link-1,true
outward,3642,15.326,-348.748413085938,link-1,true
outward,3643,18.302,-349.240539550781,link-1,true
outward,3644,17.588,-349.732177734375,link-1,true
outward,3645,15.335,-350.223327636719,link-1,true
outward,3646,18.319,-350.7158203125,link-1,true
outward,3647,17.753,-351.207855224609,link-1,true
outward,3648,15.324,-351.699401855469,link-1,true
outward,3649,18.346,-352.190490722656,link-1,true
outward,3650,17.65,-352.682922363281,link-1,true
outward,3651,15.164,-353.174896240234,link-1,true
outward,3652,18.431,-353.666381835938,link-1,true
outward,3653,17.749,-354.157409667969,link-1,true
outward,3654,15.131,-354.649780273438,link-1,true
outward,3655,18.307,-355.141693115234,link-1,true
outward,3656,17.377,-355.633117675781,link-1,true
outward,3657,15.302,-356.124084472656,link-1,true
outward,3658,18.279,-356.616394042969,link-1,true
outward,3659,6.625,-357.108245849609,link-1,true
outward,3660,3.444,-357.108245849609,link-1,true
outward,3661,8.699,-357.599639892578,link-1,true
outward,3662,2.822,-357.599639892578,link-1,true
outward,3663,3.639,-357.599639892578,link-1,true
outward,3664,3.05,-357.599639892578,link-1,true
outward,3665,4.31,-358.090545654297,link-1,true
outward,3666,3.101,-358.090545654297,link-1,true
outward,3667,3.435,-358.090545654297,link-1,true
outward,3668,3.914,-358.090545654297,link-1,true
outward,3669,4.754,-358.582824707031,link-1,true
outward,3670,3.844,-358.582824707031,link-1,true
outward,3671,3.417,-358.582824707031,link-1,true
outward,3672,2.874,-358.582824707031,link-1,true
outward,3673,3.244,-358.582824707031,link-1,true
outward,3674,4.73,-359.074645996094,link-1,true
outward,3675,3.046,-359.074645996094,link-1,true
outward,3676,3.661,-359.074645996094,link-1,true
outward,3677,3.467,-359.074645996094,link-1,true
outward,3678,3.7,-359.074645996094,link-1,true
outward,3679,4.453,-359.565979003906,link-1,true
outward,3680,3.988,-359.565979003906,link-1,true
outward,3681,3.345,-359.565979003906,link-1,true
outward,3682,3.392,-359.565979003906,link-1,true
outward,3683,3.485,-359.565979003906,link-1,true
outward,3684,5.357,-360.056823730469,link-1,true
outward,3685,2.635,-360.056823730469,link-1,true
outward,3686,3.79,-360.056823730469,link-1,true
outward,3687,3.47,-360.056823730469,link-1,true
outward,3688,3.443,-360.056823730469,link-1,true
outward,3689,5.664,-360.549072265625,link-1,true
outward,3690,3.678,-360.549072265625,link-1,true
outward,3691,2.894,-360.549072265625,link-1,true
outward,3692,3.521,-360.549072265625,link-1,true
outward,3693,4.267,-360.549072265625,link-1,true
outward,3694,4.439,-361.040832519531,link-1,true
outward,3695,3.014,-361.040832519531,link-1,true
outward,3696,3.154,-361.040832519531,link-1,true
outward,3697,3.201,-361.040832519531,link-1,true
outward,3698,8.532,-361.532135009766,link-1,true
outward,3699,3.339,-361.532135009766,link-1,true
outward,3700,4.006,-361.532135009766,link-1,true
outward,3701,3.339,-361.532135009766,link-1,true
outward,3702,4.047,-361.532135009766,link-1,true
outward,3703,5.106,-362.02294921875,link-1,true
outward,3704,5.093,-362.02294921875,link-1,true
outward,3705,3.313,-362.02294921875,link-1,true
outward,3706,2.672,-362.02294921875,link-1,true
outward,3707,4.288,-362.51513671875,link-1,true
outward,3708,3.1,-362.51513671875,link-1,true
outward,3709,2.618,-362.51513671875,link-1,true
outward,3710,4.359,-362.51513671875,link-1,true
outward,3711,3.475,-362.51513671875,link-1,true
outward,3712,4.43,-363.006866455078,link-1,true
outward,3713,3.43,-363.006866455078,link-1,true
outward,3714,4.052,-363.006866455078,link-1,true
outward,3715,3.406,-363.006866455078,link-1,true
outward,3716,4.471,-363.498138427734,link-1,true
outward,3717,3.036,-363.498138427734,link-1,true
outward,3718,2.922,-363.498138427734,link-1,true
outward,3719,4.77,-363.498138427734,link-1,true
outward,3720,3.491,-363.498138427734,link-1,true
outward,3721,5.136,-363.988922119141,link-1,true
outward,3722,4.596,-363.988922119141,link-1,true
outward,3723,2.367,-363.988922119141,link-1,true
outward,3724,3.31,-363.988922119141,link-1,true
outward,3725,4.712,-364.481109619141,link-1,true
outward,3726,3.124,-364.481109619141,link-1,true
outward,3727,4.487,-364.481109619141,link-1,true
outward,3728,3.455,-364.481109619141,link-1,true
outward,3729,3.564,-364.481109619141,link-1,true
outward,3730,5.307,-364.972808837891,link-1,true
outward,3731,3.377,-364.972808837891,link-1,true
outward,3732,3.307,-364.972808837891,link-1,true
outward,3733,3.452,-364.972808837891,link-1,true
outward,3734,4.509,-365.464019775391,link-1,true
outward,3735,2.487,-365.464019775391,link-1,true
outward,3736,4.635,-365.464019775391,link-1,true
outward,3737,3.596,-365.464019775391,link-1,true
outward,3738,3.299,-365.464019775391,link-1,true
outward,3739,4.54,-365.954772949219,link-1,true
outward,3740,2.701,-365.954772949219,link-1,true
outward,3741,4.35,-365.954772949219,link-1,true
outward,3742,3.649,-365.954772949219,link-1,true
outward,3743,4.729,-366.446899414062,link-1,true
outward,3744,3.259,-366.446899414062,link-1,true
outward,3745,4.068,-366.446899414062,link-1,true
outward,3746,3.482,-366.446899414062,link-1,true
outward,3747,3.506,-366.446899414062,link-1,true
outward,3748,4.261,-366.938568115234,link-1,true
outward,3749,3.738,-366.938568115234,link-1,true
outward,3750,3.636,-366.938568115234,link-1,true
outward,3751,3.427,-366.938568115234,link-1,true
outward,3752,4.726,-367.429779052734,link-1,true
outward,3753,3.156,-367.429779052734,link-1,true
outward,3754,3.47,-367.429779052734,link-1,true
outward,3755,3.633,-367.429779052734,link-1,true
outward,3756,3.484,-367.429779052734,link-1,true
outward,3757,4.752,-367.920532226562,link-1,true
outward,3758,4.034,-367.920532226562,link-1,true
outward,3759,3.471,-367.920532226562,link-1,true
outward,3760,3.479,-367.920532226562,link-1,true
outward,3761,4.695,-368.412658691406,link-1,true
outward,3762,3.686,-368.412658691406,link-1,true
outward,3763,3.463,-368.412658691406,link-1,true
outward,3764,3.57,-368.412658691406,link-1,true
outward,3765,4.365,-368.904327392578,link-1,true
outward,3766,2.643,-368.904327392578,link-1,true
outward,3767,4.605,-368.904327392578,link-1,true
outward,3768,3.385,-368.904327392578,link-1,true
outward,3769,4.677,-369.395538330078,link-1,true
outward,3770,3.122,-369.395538330078,link-1,true
outward,3771,4.523,-369.395538330078,link-1,true
outward,3772,3.396,-369.395538330078,link-1,true
outward,3773,4.308,-369.886260986328,link-1,true
outward,3774,2.903,-369.886260986328,link-1,true
outward,3775,3.457,-369.886260986328,link-1,true
outward,3776,4.295,-369.886260986328,link-1,true
outward,3777,4.856,-370.378387451172,link-1,true
outward,3778,3.178,-370.378387451172,link-1,true
outward,3779,5.207,-370.378387451172,link-1,true
outward,3780,3.017,-370.378387451172,link-1,true
outward,3781,3.967,-370.870025634766,link-1,true
outward,3782,2.667,-370.870025634766,link-1,true
outward,3783,3.483,-370.870025634766,link-1,true
outward,3784,4.984,-370.870025634766,link-1,true
outward,3785,4.105,-371.361206054688,link-1,true
outward,3786,2.672,-371.361206054688,link-1,true
outward,3787,3.71,-371.361206054688,link-1,true
outward,3788,3.492,-371.361206054688,link-1,true
outward,3789,5.513,-371.851928710938,link-1,true
outward,3790,2.617,-371.851928710938,link-1,true
outward,3791,3.491,-371.851928710938,link-1,true
outward,3792,3.579,-371.851928710938,link-1,true
outward,3793,4.635,-371.851928710938,link-1,true
outward,3794,4.499,-372.344055175781,link-1,true
outward,3795,2.612,-372.344055175781,link-1,true
outward,3796,3.635,-372.344055175781,link-1,true
outward,3797,4.961,-372.344055175781,link-1,true
outward,3798,4.475,-372.835693359375,link-1,true
outward,3799,2.499,-372.835693359375,link-1,true
outward,3800,3.696,-372.835693359375,link-1,true
outward,3801,3.371,-372.835693359375,link-1,true
outward,3802,5.232,-373.326873779297,link-1,true
outward,3803,2.485,-373.326873779297,link-1,true
outward,3804,3.748,-373.326873779297,link-1,true
outward,3805,3.555,-373.326873779297,link-1,true
outward,3806,4.05,-373.326873779297,link-1,true
outward,3807,4.892,-373.817596435547,link-1,true
outward,3808,2.337,-373.817596435547,link-1,true
outward,3809,3.54,-373.817596435547,link-1,true
outward,3810,3.521,-373.817596435547,link-1,true
outward,3811,5.223,-374.309722900391,link-1,true
outward,3812,2.55,-374.309722900391,link-1,true
outward,3813,3.494,-374.309722900391,link-1,true
outward,3814,3.7,-374.309722900391,link-1,true
outward,3815,5.116,-374.309722900391,link-1,true
outward,3816,4.6,-374.801391601562,link-1,true
outward,3817,3.126,-374.801391601562,link-1,true
outward,3818,2.692,-374.801391601562,link-1,true
outward,3819,4.956,-374.801391601562,link-1,true
outward,3820,4.324,-375.292602539062,link-1,true
outward,3821,2.392,-375.292602539062,link-1,true
outward,3822,3.444,-375.292602539062,link-1,true
outward,3823,3.724,-375.292602539062,link-1,true
outward,3824,5.981,-375.783355712891,link-1,true
outward,3825,2.984,-375.783355712891,link-1,true
outward,3826,3.056,-375.783355712891,link-1,true
outward,3827,3.502,-375.783355712891,link-1,true
outward,3828,5.109,-375.783355712891,link-1,true
outward,3829,4.167,-376.275482177734,link-1,true
outward,3830,2.812,-376.275482177734,link-1,true
outward,3831,3.633,-376.275482177734,link-1,true
outward,3832,3.43,-376.275482177734,link-1,true
outward,3833,5.06,-376.767150878906,link-1,true
outward,3834,2.744,-376.767150878906,link-1,true
outward,3835,3.536,-376.767150878906,link-1,true
outward,3836,3.442,-376.767150878906,link-1,true
outward,3837,4.625,-376.767150878906,link-1,true
outward,3838,4.497,-377.258361816406,link-1,true
outward,3839,2.513,-377.258361816406,link-1,true
outward,3840,3.712,-377.258361816406,link-1,true
outward,3841,4.597,-377.258361816406,link-1,true
outward,3842,4.419,-377.749114990234,link-1,true
outward,3843,2.429,-377.749114990234,link-1,true
outward,3844,3.65,-377.749114990234,link-1,true
outward,3845,3.402,-377.749114990234,link-1,true
outward,3846,4.607,-377.749114990234,link-1,true
outward,3847,4.715,-378.241271972656,link-1,true
outward,3848,2.418,-378.241271972656,link-1,true
outward,3849,3.458,-378.241271972656,link-1,true
outward,3850,4.589,-378.241271972656,link-1,true
outward,3851,4.951,-378.732971191406,link-1,true
outward,3852,2.636,-378.732971191406,link-1,true
outward,3853,3.508,-378.732971191406,link-1,true
outward,3854,3.379,-378.732971191406,link-1,true
outward,3855,5.131,-379.224212646484,link-1,true
outward,3856,2.517,-379.224212646484,link-1,true
outward,3857,3.529,-379.224212646484,link-1,true
outward,3858,3.438,-379.224212646484,link-1,true
outward,3859,5.239,-379.224212646484,link-1,true
outward,3860,4.123,-379.714996337891,link-1,true
outward,3861,2.572,-379.714996337891,link-1,true
outward,3862,3.613,-379.714996337891,link-1,true
outward,3863,3.379,-379.714996337891,link-1,true
outward,3864,5.546,-380.207183837891,link-1,true
outward,3865,3.023,-380.207183837891,link-1,true
outward,3866,3.194,-380.207183837891,link-1,true
outward,3867,3.366,-380.207183837891,link-1,true
outward,3868,4.881,-380.207183837891,link-1,true
outward,3869,4.119,-380.698913574219,link-1,true
outward,3870,2.622,-380.698913574219,link-1,true
outward,3871,3.684,-380.698913574219,link-1,true
outward,3872,4.436,-380.698913574219,link-1,true
outward,3873,4.593,-381.190185546875,link-1,true
outward,3874,2.575,-381.190185546875,link-1,true
outward,3875,3.632,-381.190185546875,link-1,true
outward,3876,3.312,-381.190185546875,link-1,true
outward,3877,5.683,-381.680999755859,link-1,true
outward,3878,2.596,-381.680999755859,link-1,true
outward,3879,3.615,-381.680999755859,link-1,true
outward,3880,3.472,-381.680999755859,link-1,true
outward,3881,4.872,-381.680999755859,link-1,true
outward,3882,4.563,-382.173217773438,link-1,true
outward,3883,2.61,-382.173217773438,link-1,true
outward,3884,3.352,-382.173217773438,link-1,true
outward,3885,3.486,-382.173217773438,link-1,true
outward,3886,5.336,-382.665008544922,link-1,true
outward,3887,2.744,-382.665008544922,link-1,true
outward,3888,3.583,-382.665008544922,link-1,true
outward,3889,3.491,-382.665008544922,link-1,true
outward,3890,4.783,-382.665008544922,link-1,true
outward,3891,4.38,-383.156341552734,link-1,true
outward,3892,2.682,-383.156341552734,link-1,true
outward,3893,3.411,-383.156341552734,link-1,true
outward,3894,4.669,-383.156341552734,link-1,true
outward,3895,4.498,-383.647216796875,link-1,true
outward,3896,2.67,-383.647216796875,link-1,true
outward,3897,3.58,-383.647216796875,link-1,true
outward,3898,3.357,-383.647216796875,link-1,true
outward,3899,5.771,-384.139465332031,link-1,true
outward,3900,2.507,-384.139465332031,link-1,true
outward,3901,3.237,-384.139465332031,link-1,true
outward,3902,3.469,-384.139465332031,link-1,true
outward,3903,4.972,-384.139465332031,link-1,true
outward,3904,4.548,-384.631286621094,link-1,true
outward,3905,2.543,-384.631286621094,link-1,true
outward,3906,3.337,-384.631286621094,link-1,true
outward,3907,3.294,-384.631286621094,link-1,true
outward,3908,5.22,-385.122680664062,link-1,true
outward,3909,2.578,-385.122680664062,link-1,true
outward,3910,3.576,-385.122680664062,link-1,true
outward,3911,3.4,-385.122680664062,link-1,true
outward,3912,5.004,-385.122680664062,link-1,true
outward,3913,4.599,-385.613586425781,link-1,true
outward,3914,2.485,-385.613586425781,link-1,true
outward,3915,3.496,-385.613586425781,link-1,true
outward,3916,3.521,-385.613586425781,link-1,true
outward,3917,5.154,-386.105895996094,link-1,true
outward,3918,2.668,-386.105895996094,link-1,true
outward,3919,3.562,-386.105895996094,link-1,true
outward,3920,3.463,-386.105895996094,link-1,true
outward,3921,5.371,-386.105895996094,link-1,true
outward,3922,4.441,-386.597747802734,link-1,true
outward,3923,2.724,-386.597747802734,link-1,true
outward,3924,3.374,-386.597747802734,link-1,true
outward,3925,4.955,-386.597747802734,link-1,true
outward,3926,4.409,-387.089172363281,link-1,true
outward,3927,2.772,-387.089172363281,link-1,true
outward,3928,3.3,-387.089172363281,link-1,true
outward,3929,3.397,-387.089172363281,link-1,true
outward,3930,5.389,-387.580139160156,link-1,true
outward,3931,2.947,-387.580139160156,link-1,true
outward,3932,3.103,-387.580139160156,link-1,true
outward,3933,3.374,-387.580139160156,link-1,true
outward,3934,4.976,-387.580139160156,link-1,true
outward,3935,4.715,-388.072509765625,link-1,true
outward,3936,2.648,-388.072509765625,link-1,true
outward,3937,3.412,-388.072509765625,link-1,true
outward,3938,5.1,-388.072509765625,link-1,true
outward,3939,4.461,-388.564453125,link-1,true
outward,3940,3.1,-388.564453125,link-1,true
outward,3941,3.498,-388.564453125,link-1,true
outward,3942,2.846,-388.564453125,link-1,true
outward,3943,5.776,-389.055938720703,link-1,true
outward,3944,2.598,-389.055938720703,link-1,true
outward,3945,3.691,-389.055938720703,link-1,true
outward,3946,3.432,-389.055938720703,link-1,true
outward,3947,5.061,-389.055938720703,link-1,true
outward,3948,4.42,-389.546966552734,link-1,true
outward,3949,2.747,-389.546966552734,link-1,true
outward,3950,3.754,-389.546966552734,link-1,true
outward,3951,4.224,-389.546966552734,link-1,true
outward,3952,4.719,-390.037567138672,link-1,true
outward,3953,2.673,-390.037567138672,link-1,true
outward,3954,3.647,-390.037567138672,link-1,true
outward,3955,3.409,-390.037567138672,link-1,true
outward,3956,4.293,-390.037567138672,link-1,true
outward,3957,4.265,-390.529571533203,link-1,true
outward,3958,3.014,-390.529571533203,link-1,true
outward,3959,3.378,-390.529571533203,link-1,true
outward,3960,5.326,-390.529571533203,link-1,true
outward,3961,4.424,-391.021148681641,link-1,true
outward,3962,3.287,-391.021148681641,link-1,true
outward,3963,3.301,-391.021148681641,link-1,true
outward,3964,4.525,-391.021148681641,link-1,true
outward,3965,4.82,-391.512268066406,link-1,true
outward,3966,4.131,-391.512268066406,link-1,true
outward,3967,3.289,-391.512268066406,link-1,true
outward,3968,3.502,-391.512268066406,link-1,true
outward,3969,4.47,-392.0029296875,link-1,true
outward,3970,2.973,-392.0029296875,link-1,true
outward,3971,3.103,-392.0029296875,link-1,true
outward,3972,3.706,-392.0029296875,link-1,true
outward,3973,4.596,-392.0029296875,link-1,true
outward,3974,4.665,-392.495025634766,link-1,true
outward,3975,3.281,-392.495025634766,link-1,true
outward,3976,2.642,-392.495025634766,link-1,true
outward,3977,4.698,-392.495025634766,link-1,true
outward,3978,4.376,-392.986663818359,link-1,true
outward,3979,2.472,-392.986663818359,link-1,true
outward,3980,3.699,-392.986663818359,link-1,true
outward,3981,3.415,-392.986663818359,link-1,true
outward,3982,4.8,-392.986663818359,link-1,true
outward,3983,4.45,-393.477874755859,link-1,true
outward,3984,4.081,-393.477874755859,link-1,true
outward,3985,2.619,-393.477874755859,link-1,true
outward,3986,4.176,-393.477874755859,link-1,true
outward,3987,4.665,-393.968627929688,link-1,true
outward,3988,3.316,-393.968627929688,link-1,true
outward,3989,2.796,-393.968627929688,link-1,true
outward,3990,4.998,-393.968627929688,link-1,true
outward,3991,4.496,-394.460815429688,link-1,true
outward,3992,2.775,-394.460815429688,link-1,true
outward,3993,3.597,-394.460815429688,link-1,true
outward,3994,3.447,-394.460815429688,link-1,true
outward,3995,4.496,-394.460815429688,link-1,true
outward,3996,4.473,-394.952545166016,link-1,true
outward,3997,2.774,-394.952545166016,link-1,true
outward,3998,3.321,-394.952545166016,link-1,true
outward,3999,4.741,-394.952545166016,link-1,true
outward,4000,4.262,-395.44384765625,link-1,true
outward,4001,2.605,-395.44384765625,link-1,true
outward,4002,3.714,-395.44384765625,link-1,true
outward,4003,3.277,-395.44384765625,link-1,true
outward,4004,3.519,-395.44384765625,link-1,true
outward,4005,6.992,-395.934692382812,link-1,true
outward,4006,2.817,-395.934692382812,link-1,true
outward,4007,2.445,-395.934692382812,link-1,true
outward,4008,3.686,-395.934692382812,link-1,true
outward,4009,4.513,-396.426971435547,link-1,true
outward,4010,3.081,-396.426971435547,link-1,true
outward,4011,4.132,-396.426971435547,link-1,true
outward,4012,3.481,-396.426971435547,link-1,true
outward,4013,4.557,-396.918792724609,link-1,true
outward,4014,2.871,-396.918792724609,link-1,true
outward,4015,4.904,-396.918792724609,link-1,true
outward,4016,3.462,-396.918792724609,link-1,true
outward,4017,3.536,-396.918792724609,link-1,true
outward,4018,4.559,-397.410186767578,link-1,true
outward,4019,2.951,-397.410186767578,link-1,true
outward,4020,4.54,-397.410186767578,link-1,true
outward,4021,3.473,-397.410186767578,link-1,true
outward,4022,4.47,-397.901123046875,link-1,true
outward,4023,2.621,-397.901123046875,link-1,true
outward,4024,4.583,-397.901123046875,link-1,true
outward,4025,3.458,-397.901123046875,link-1,true
outward,4026,4.478,-398.393493652344,link-1,true
outward,4027,2.815,-398.393493652344,link-1,true
outward,4028,5.01,-398.393493652344,link-1,true
outward,4029,3.435,-398.393493652344,link-1,true
outward,4030,3.647,-398.393493652344,link-1,true
outward,4031,4.688,-398.885437011719,link-1,true
outward,4032,2.72,-398.885437011719,link-1,true
outward,4033,4.292,-398.885437011719,link-1,true
outward,4034,3.608,-398.885437011719,link-1,true
outward,4035,4.532,-399.376922607422,link-1,true
outward,4036,3.003,-399.376922607422,link-1,true
outward,4037,4.13,-399.376922607422,link-1,true
outward,4038,3.558,-399.376922607422,link-1,true
outward,4039,4.511,-399.867980957031,link-1,true
outward,4040,3.494,-399.867980957031,link-1,true
outward,4041,4.43,-399.867980957031,link-1,true
outward,4042,3.619,-399.867980957031,link-1,true
outward,4043,3.537,-399.867980957031,link-1,true
outward,4044,4.748,-400.360443115234,link-1,true
outward,4045,2.775,-400.360443115234,link-1,true
outward,4046,4.049,-400.360443115234,link-1,true
outward,4047,3.6,-400.360443115234,link-1,true
outward,4048,4.142,-400.852478027344,link-1,true
outward,4049,2.774,-400.852478027344,link-1,true
outward,4050,4.586,-400.852478027344,link-1,true
outward,4051,3.489,-400.852478027344,link-1,true
outward,4052,4.479,-401.344055175781,link-1,true
outward,4053,2.767,-401.344055175781,link-1,true
outward,4054,4.344,-401.344055175781,link-1,true
outward,4055,3.802,-401.344055175781,link-1,true
outward,4056,3.468,-401.344055175781,link-1,true
outward,4057,4.498,-401.835205078125,link-1,true
outward,4058,3.126,-401.835205078125,link-1,true
outward,4059,4.115,-401.835205078125,link-1,true
outward,4060,3.451,-401.835205078125,link-1,true
outward,4061,4.503,-402.327789306641,link-1,true
outward,4062,2.614,-402.327789306641,link-1,true
outward,4063,4.958,-402.327789306641,link-1,true
outward,4064,3.676,-402.327789306641,link-1,true
outward,4065,3.487,-402.327789306641,link-1,true
outward,4066,4.634,-402.819946289062,link-1,true
outward,4067,3.09,-402.819946289062,link-1,true
outward,4068,3.511,-402.819946289062,link-1,true
outward,4069,3.916,-402.819946289062,link-1,true
outward,4070,4.028,-403.311645507812,link-1,true
outward,4071,2.714,-403.311645507812,link-1,true
outward,4072,4.224,-403.311645507812,link-1,true
outward,4073,13.942,-403.311645507812,link-1,true
outward,4074,15.452,-403.802917480469,link-1,true
outward,4075,18.327,-404.295623779297,link-1,true
outward,4076,17.102,-404.787872314453,link-1,true
outward,4077,15.279,-405.279693603516,link-1,true
outward,4078,18.157,-405.771118164062,link-1,true
outward,4079,17.524,-406.263946533203,link-1,true
outward,4080,14.926,-406.75634765625,link-1,true
outward,4081,18.34,-407.248321533203,link-1,true
outward,4082,17.752,-408.230926513672,link-1,true
outward,4083,14.839,-408.723449707031,link-1,true
outward,4084,18.231,-409.215545654297,link-1,true
outward,4085,17.372,-409.707214355469,link-1,true
outward,4086,15.012,-410.200317382812,link-1,true
outward,4087,18.285,-410.692962646484,link-1,true
outward,4088,17.731,-411.185211181641,link-1,true
outward,4089,14.93,-411.677001953125,link-1,true
outward,4090,18.0,-412.170227050781,link-1,true
outward,4091,17.852,-412.663024902344,link-1,true
outward,4092,15.397,-413.155395507812,link-1,true
outward,4093,17.879,-413.647338867188,link-1,true
outward,4094,17.34,-414.140716552734,link-1,true
outward,4095,15.307,-414.633636474609,link-1,true
outward,4096,18.128,-415.126159667969,link-1,true
outward,4097,17.824,-415.618225097656,link-1,true
outward,4098,15.015,-416.111724853516,link-1,true
outward,4099,18.203,-416.604797363281,link-1,true
outward,4100,17.689,-417.097442626953,link-1,true
outward,4101,15.292,-417.589660644531,link-1,true
outward,4102,17.853,-418.083312988281,link-1,true
outward,4103,17.384,-418.576538085938,link-1,true
outward,4104,15.079,-419.0693359375,link-1,true
outward,4105,18.77,-419.561706542969,link-1,true
outward,4106,17.916,-420.055511474609,link-1,true
outward,4107,16.024,-420.548889160156,link-1,true
outward,4108,17.735,-421.041839599609,link-1,true
outward,4109,22.575,-422.026458740234,link-1,true
outward,4110,14.174,-422.519989013672,link-1,true
outward,4111,22.53,-423.013092041016,link-1,true
outward,4112,14.702,-423.505767822266,link-1,true
outward,4113,15.369,-423.999877929688,link-1,true
outward,4114,18.334,-424.493560791016,link-1,true
outward,4115,17.595,-424.98681640625,link-1,true
outward,4116,15.331,-425.479644775391,link-1,true
outward,4117,18.164,-425.973907470703,link-1,true
outward,4118,17.629,-426.467742919922,link-1,true
outward,4119,15.461,-426.961120605469,link-1,true
outward,4120,18.235,-427.4541015625,link-1,true
outward,4121,17.85,-427.948516845703,link-1,true
outward,4122,15.445,-428.442474365234,link-1,true
outward,4123,18.279,-428.93603515625,link-1,true
outward,4124,22.12,-429.921844482422,link-1,true
outward,4125,14.148,-430.415985107422,link-1,true
outward,4126,18.122,-430.909698486328,link-1,true
outward,4127,17.681,-431.402954101562,link-1,true
outward,4128,15.258,-431.897644042969,link-1,true
outward,4129,18.257,-432.391906738281,link-1,true
outward,4130,17.724,-432.8857421875,link-1,true
outward,4131,15.169,-433.379150390625,link-1,true
outward,4132,17.939,-433.873992919922,link-1,true
outward,4133,21.522,-434.368408203125,link-1,true
outward,4134,14.62,-434.862396240234,link-1,true
outward,4135,18.307,-435.35595703125,link-1,true
outward,4136,17.524,-435.850952148438,link-1,true
outward,4137,15.006,-436.345520019531,link-1,true
outward,4138,18.398,-436.839660644531,link-1,true
outward,4139,17.627,-437.333343505859,link-1,true
outward,4140,14.905,-437.828491210938,link-1,true
outward,4141,18.13,-438.323181152344,link-1,true
outward,4142,17.895,-438.817443847656,link-1,true
outward,4143,14.916,-439.311279296875,link-1,true
outward,4144,18.163,-439.8046875,link-1,true
outward,4145,17.646,-440.299530029297,link-1,true
outward,4146,15.116,-440.7939453125,link-1,true
outward,4147,18.302,-441.287902832031,link-1,true
outward,4148,17.526,-441.781433105469,link-1,true
outward,4149,15.17,-442.276397705078,link-1,true
outward,4150,18.374,-442.770935058594,link-1,true
outward,4151,17.444,-443.265045166016,link-1,true
outward,4152,15.294,-443.758728027344,link-1,true
outward,4153,18.244,-444.253814697266,link-1,true
outward,4154,17.454,-444.748474121094,link-1,true
outward,4155,15.365,-445.242706298828,link-1,true
outward,4156,18.383,-445.736511230469,link-1,true
outward,4157,17.395,-446.231719970703,link-1,true
outward,4158,15.05,-446.726501464844,link-1,true
outward,4159,18.475,-447.220855712891,link-1,true
outward,4160,17.378,-447.714782714844,link-1,true
outward,4161,15.054,-448.210113525391,link-1,true
outward,4162,18.263,-448.705017089844,link-1,true
outward,4163,17.367,-449.199493408203,link-1,true
outward,4164,14.871,-449.693511962891,link-1,true
outward,4165,12.091,-450.18896484375,link-1,true
outward,4166,3.935,-450.683990478516,link-1,true
outward,4167,3.922,-450.683990478516,link-1,true
outward,4168,3.49,-450.683990478516,link-1,true
outward,4169,3.432,-450.683990478516,link-1,true
outward,4170,5.53,-451.178558349609,link-1,true
outward,4171,2.995,-451.178558349609,link-1,true
outward,4172,3.186,-451.178558349609,link-1,true
outward,4173,3.679,-451.178558349609,link-1,true
outward,4174,4.253,-451.672698974609,link-1,true
outward,4175,4.303,-451.672698974609,link-1,true
outward,4176,3.583,-451.672698974609,link-1,true
outward,4177,3.47,-451.672698974609,link-1,true
outward,4178,4.644,-452.168243408203,link-1,true
outward,4179,4.104,-452.168243408203,link-1,true
outward,4180,3.485,-452.168243408203,link-1,true
outward,4181,3.473,-452.168243408203,link-1,true
outward,4182,3.678,-452.168243408203,link-1,true
outward,4183,5.647,-452.663360595703,link-1,true
outward,4184,2.547,-452.663360595703,link-1,true
outward,4185,3.381,-452.663360595703,link-1,true
outward,4186,3.845,-452.663360595703,link-1,true
outward,4187,4.895,-453.158020019531,link-1,true
outward,4188,3.41,-453.158020019531,link-1,true
outward,4189,3.549,-453.158020019531,link-1,true
outward,4190,3.48,-453.158020019531,link-1,true
outward,4191,3.49,-453.158020019531,link-1,true
outward,4192,6.008,-453.652252197266,link-1,true
outward,4193,2.687,-453.652252197266,link-1,true
outward,4194,3.443,-453.652252197266,link-1,true
outward,4195,3.702,-453.652252197266,link-1,true
outward,4196,6.126,-454.147918701172,link-1,true
outward,4197,3.324,-454.147918701172,link-1,true
outward,4198,2.392,-454.147918701172,link-1,true
outward,4199,3.827,-454.147918701172,link-1,true
outward,4200,3.525,-454.147918701172,link-1,true
outward,4201,5.438,-454.643127441406,link-1,true
outward,4202,2.68,-454.643127441406,link-1,true
outward,4203,3.354,-454.643127441406,link-1,true
outward,4204,3.496,-454.643127441406,link-1,true
outward,4205,6.29,-455.137878417969,link-1,true
outward,4206,2.718,-455.137878417969,link-1,true
outward,4207,3.443,-455.137878417969,link-1,true
outward,4208,3.44,-455.137878417969,link-1,true
outward,4209,4.4,-455.137878417969,link-1,true
outward,4210,4.7,-455.632202148438,link-1,true
outward,4211,3.19,-455.632202148438,link-1,true
outward,4212,3.112,-455.632202148438,link-1,true
outward,4213,3.36,-455.632202148438,link-1,true
outward,4214,5.837,-456.1279296875,link-1,true
outward,4215,2.755,-456.1279296875,link-1,true
outward,4216,3.481,-456.1279296875,link-1,true
outward,4217,3.559,-456.1279296875,link-1,true
outward,4218,5.075,-456.1279296875,link-1,true
outward,4219,4.575,-456.623229980469,link-1,true
outward,4220,2.764,-456.623229980469,link-1,true
outward,4221,3.595,-456.623229980469,link-1,true
outward,4222,5.189,-456.623229980469,link-1,true
outward,4223,4.323,-457.118072509766,link-1,true
outward,4224,2.782,-457.118072509766,link-1,true
outward,4225,3.395,-457.118072509766,link-1,true
outward,4226,3.406,-457.118072509766,link-1,true
outward,4227,4.16,-457.118072509766,link-1,true
outward,4228,4.399,-457.612487792969,link-1,true
outward,4229,2.833,-457.612487792969,link-1,true
outward,4230,3.443,-457.612487792969,link-1,true
outward,4231,4.729,-457.612487792969,link-1,true
outward,4232,4.292,-458.108306884766,link-1,true
outward,4233,3.596,-458.108306884766,link-1,true
outward,4234,3.023,-458.108306884766,link-1,true
outward,4235,4.785,-458.108306884766,link-1,true
outward,4236,3.557,-458.108306884766,link-1,true
outward,4237,4.545,-458.603698730469,link-1,true
outward,4238,3.732,-458.603698730469,link-1,true
outward,4239,5.034,-458.603698730469,link-1,true
outward,4240,3.846,-458.603698730469,link-1,true
outward,4241,5.397,-459.0986328125,link-1,true
outward,4242,4.085,-459.0986328125,link-1,true
outward,4243,2.761,-459.0986328125,link-1,true
outward,4244,2.863,-459.0986328125,link-1,true
outward,4245,4.162,-459.593109130859,link-1,true
outward,4246,2.666,-459.593109130859,link-1,true
outward,4247,3.558,-459.593109130859,link-1,true
outward,4248,5.177,-459.593109130859,link-1,true
outward,4249,4.708,-460.088989257812,link-1,true
outward,4250,2.891,-460.088989257812,link-1,true
outward,4251,3.134,-460.088989257812,link-1,true
outward,4252,5.114,-460.088989257812,link-1,true
outward,4253,4.47,-460.584442138672,link-1,true
outward,4254,2.817,-460.584442138672,link-1,true
outward,4255,3.512,-460.584442138672,link-1,true
outward,4256,5.186,-460.584442138672,link-1,true
outward,4257,3.4,-460.584442138672,link-1,true
outward,4258,4.419,-461.079437255859,link-1,true
outward,4259,3.121,-461.079437255859,link-1,true
outward,4260,4.543,-461.079437255859,link-1,true
outward,4261,3.517,-461.079437255859,link-1,true
outward,4262,4.465,-461.573974609375,link-1,true
outward,4263,3.475,-461.573974609375,link-1,true
outward,4264,2.799,-461.573974609375,link-1,true
outward,4265,4.918,-461.573974609375,link-1,true
outward,4266,4.595,-462.069946289062,link-1,true
outward,4267,2.912,-462.069946289062,link-1,true
outward,4268,3.113,-462.069946289062,link-1,true
outward,4269,5.139,-462.069946289062,link-1,true
outward,4270,3.449,-462.069946289062,link-1,true
outward,4271,4.218,-462.565460205078,link-1,true
outward,4272,3.022,-462.565460205078,link-1,true
outward,4273,4.175,-462.565460205078,link-1,true
outward,4274,3.681,-462.565460205078,link-1,true
outward,4275,4.551,-463.060516357422,link-1,true
outward,4276,3.157,-463.060516357422,link-1,true
outward,4277,3.085,-463.060516357422,link-1,true
outward,4278,4.488,-463.060516357422,link-1,true
outward,4279,4.15,-463.555114746094,link-1,true
outward,4280,2.836,-463.555114746094,link-1,true
outward,4281,3.45,-463.555114746094,link-1,true
outward,4282,3.436,-463.555114746094,link-1,true
outward,4283,4.781,-463.555114746094,link-1,true
outward,4284,4.175,-464.051116943359,link-1,true
outward,4285,3.106,-464.051116943359,link-1,true
outward,4286,3.076,-464.051116943359,link-1,true
outward,4287,4.716,-464.051116943359,link-1,true
outward,4288,4.337,-464.546691894531,link-1,true
outward,4289,2.574,-464.546691894531,link-1,true
outward,4290,3.534,-464.546691894531,link-1,true
outward,4291,5.089,-464.546691894531,link-1,true
outward,4292,3.438,-464.546691894531,link-1,true
outward,4293,4.308,-465.041778564453,link-1,true
outward,4294,3.424,-465.041778564453,link-1,true
outward,4295,4.092,-465.041778564453,link-1,true
outward,4296,3.673,-465.041778564453,link-1,true
outward,4297,4.328,-465.536437988281,link-1,true
outward,4298,2.578,-465.536437988281,link-1,true
outward,4299,3.563,-465.536437988281,link-1,true
outward,4300,4.782,-465.536437988281,link-1,true
outward,4301,4.45,-466.032501220703,link-1,true
outward,4302,3.003,-466.032501220703,link-1,true
outward,4303,3.039,-466.032501220703,link-1,true
outward,4304,4.781,-466.032501220703,link-1,true
outward,4305,3.611,-466.032501220703,link-1,true
outward,4306,4.149,-466.528106689453,link-1,true
outward,4307,2.974,-466.528106689453,link-1,true
outward,4308,3.219,-466.528106689453,link-1,true
outward,4309,4.551,-466.528106689453,link-1,true
outward,4310,4.422,-467.023254394531,link-1,true
outward,4311,3.122,-467.023254394531,link-1,true
outward,4312,3.5,-467.023254394531,link-1,true
outward,4313,4.131,-467.023254394531,link-1,true
outward,4314,3.504,-467.023254394531,link-1,true
outward,4315,4.302,-467.517944335938,link-1,true
outward,4316,3.197,-467.517944335938,link-1,true
outward,4317,4.08,-467.517944335938,link-1,true
outward,4318,3.493,-467.517944335938,link-1,true
outward,4319,4.304,-468.014038085938,link-1,true
outward,4320,2.719,-468.014038085938,link-1,true
outward,4321,3.44,-468.014038085938,link-1,true
outward,4322,4.937,-468.014038085938,link-1,true
outward,4323,4.385,-468.509674072266,link-1,true
outward,4324,2.71,-468.509674072266,link-1,true
outward,4325,3.56,-468.509674072266,link-1,true
outward,4326,4.656,-468.509674072266,link-1,true
outward,4327,3.633,-468.509674072266,link-1,true
outward,4328,4.447,-469.004852294922,link-1,true
outward,4329,2.837,-469.004852294922,link-1,true
outward,4330,3.292,-469.004852294922,link-1,true
outward,4331,4.741,-469.004852294922,link-1,true
outward,4332,4.434,-469.499572753906,link-1,true
outward,4333,3.164,-469.499572753906,link-1,true
outward,4334,2.781,-469.499572753906,link-1,true
outward,4335,4.703,-469.499572753906,link-1,true
outward,4336,3.534,-469.499572753906,link-1,true
outward,4337,4.297,-469.995697021484,link-1,true
outward,4338,3.248,-469.995697021484,link-1,true
outward,4339,4.116,-469.995697021484,link-1,true
outward,4340,3.605,-469.995697021484,link-1,true
outward,4341,4.123,-470.491363525391,link-1,true
outward,4342,3.572,-470.491363525391,link-1,true
outward,4343,2.6,-470.491363525391,link-1,true
outward,4344,4.554,-470.491363525391,link-1,true
outward,4345,3.435,-470.491363525391,link-1,true
outward,4346,4.355,-470.986541748047,link-1,true
outward,4347,3.338,-470.986541748047,link-1,true
outward,4348,4.724,-470.986541748047,link-1,true
outward,4349,3.461,-470.986541748047,link-1,true
outward,4350,4.724,-471.481262207031,link-1,true
outward,4351,3.152,-471.481262207031,link-1,true
outward,4352,3.374,-471.481262207031,link-1,true
outward,4353,3.647,-471.481262207031,link-1,true
outward,4354,4.437,-471.977386474609,link-1,true
outward,4355,3.92,-471.977386474609,link-1,true
outward,4356,3.311,-471.977386474609,link-1,true
outward,4357,3.655,-471.977386474609,link-1,true
outward,4358,3.295,-471.977386474609,link-1,true
outward,4359,4.67,-472.473052978516,link-1,true
outward,4360,2.979,-472.473052978516,link-1,true
outward,4361,4.129,-472.473052978516,link-1,true
outward,4362,3.78,-472.473052978516,link-1,true
outward,4363,4.212,-472.968231201172,link-1,true
outward,4364,3.243,-472.968231201172,link-1,true
outward,4365,2.917,-472.968231201172,link-1,true
outward,4366,4.623,-472.968231201172,link-1,true
outward,4367,3.442,-472.968231201172,link-1,true
outward,4368,4.825,-473.462951660156,link-1,true
outward,4369,3.569,-473.462951660156,link-1,true
outward,4370,4.039,-473.462951660156,link-1,true
outward,4371,3.443,-473.462951660156,link-1,true
outward,4372,4.552,-473.959075927734,link-1,true
outward,4373,3.406,-473.959075927734,link-1,true
outward,4374,3.881,-473.959075927734,link-1,true
outward,4375,3.472,-473.959075927734,link-1,true
outward,4376,4.649,-474.454742431641,link-1,true
outward,4377,3.122,-474.454742431641,link-1,true
outward,4378,2.678,-474.454742431641,link-1,true
outward,4379,4.994,-474.454742431641,link-1,true
outward,4380,3.467,-474.454742431641,link-1,true
outward,4381,4.658,-474.949920654297,link-1,true
outward,4382,3.319,-474.949920654297,link-1,true
outward,4383,4.193,-474.949920654297,link-1,true
outward,4384,3.544,-474.949920654297,link-1,true
outward,4385,4.443,-475.444641113281,link-1,true
outward,4386,2.828,-475.444641113281,link-1,true
outward,4387,3.262,-475.444641113281,link-1,true
outward,4388,4.261,-475.444641113281,link-1,true
outward,4389,4.649,-475.940765380859,link-1,true
outward,4390,3.323,-475.940765380859,link-1,true
outward,4391,3.2,-475.940765380859,link-1,true
outward,4392,4.051,-475.940765380859,link-1,true
outward,4393,3.479,-475.940765380859,link-1,true
outward,4394,4.241,-476.436401367188,link-1,true
outward,4395,3.48,-476.436401367188,link-1,true
outward,4396,4.092,-476.436401367188,link-1,true
outward,4397,3.488,-476.436401367188,link-1,true
outward,4398,4.331,-476.931579589844,link-1,true
outward,4399,2.747,-476.931579589844,link-1,true
outward,4400,3.514,-476.931579589844,link-1,true
outward,4401,5.334,-476.931579589844,link-1,true
outward,4402,4.295,-477.42626953125,link-1,true
outward,4403,3.089,-477.42626953125,link-1,true
outward,4404,3.263,-477.42626953125,link-1,true
outward,4405,4.985,-477.42626953125,link-1,true
outward,4406,3.631,-477.42626953125,link-1,true
outward,4407,4.511,-477.92236328125,link-1,true
outward,4408,4.166,-477.92236328125,link-1,true
outward,4409,3.739,-477.92236328125,link-1,true
outward,4410,3.486,-477.92236328125,link-1,true
outward,4411,4.305,-478.417999267578,link-1,true
outward,4412,2.823,-478.417999267578,link-1,true
outward,4413,3.454,-478.417999267578,link-1,true
outward,4414,4.556,-478.417999267578,link-1,true
outward,4415,4.413,-478.913146972656,link-1,true
outward,4416,3.17,-478.913146972656,link-1,true
outward,4417,3.049,-478.913146972656,link-1,true
outward,4418,4.679,-478.913146972656,link-1,true
outward,4419,3.422,-478.913146972656,link-1,true
outward,4420,4.194,-479.407836914062,link-1,true
outward,4421,3.506,-479.407836914062,link-1,true
outward,4422,3.748,-479.407836914062,link-1,true
outward,4423,3.735,-479.407836914062,link-1,true
outward,4424,4.219,-479.903900146484,link-1,true
outward,4425,2.799,-479.903900146484,link-1,true
outward,4426,3.599,-479.903900146484,link-1,true
outward,4427,4.998,-479.903900146484,link-1,true
outward,4428,4.389,-480.399475097656,link-1,true
outward,4429,2.91,-480.399475097656,link-1,true
outward,4430,3.395,-480.399475097656,link-1,true
outward,4431,5.012,-480.399475097656,link-1,true
outward,4432,3.5,-480.399475097656,link-1,true
outward,4433,4.424,-480.894592285156,link-1,true
outward,4434,3.342,-480.894592285156,link-1,true
outward,4435,4.206,-480.894592285156,link-1,true
outward,4436,3.503,-480.894592285156,link-1,true
outward,4437,4.521,-481.389221191406,link-1,true
outward,4438,3.091,-481.389221191406,link-1,true
outward,4439,2.803,-481.389221191406,link-1,true
outward,4440,4.739,-481.389221191406,link-1,true
outward,4441,4.607,-481.885223388672,link-1,true
outward,4442,2.579,-481.885223388672,link-1,true
outward,4443,3.391,-481.885223388672,link-1,true
outward,4444,4.987,-481.885223388672,link-1,true
outward,4445,3.655,-481.885223388672,link-1,true
outward,4446,4.243,-482.380767822266,link-1,true
outward,4447,3.284,-482.380767822266,link-1,true
outward,4448,4.28,-482.380767822266,link-1,true
outward,4449,3.56,-482.380767822266,link-1,true
outward,4450,4.761,-482.875823974609,link-1,true
outward,4451,3.091,-482.875823974609,link-1,true
outward,4452,2.812,-482.875823974609,link-1,true
outward,4453,4.93,-482.875823974609,link-1,true
outward,4454,4.538,-483.370391845703,link-1,true
outward,4455,3.096,-483.370391845703,link-1,true
outward,4456,3.539,-483.370391845703,link-1,true
outward,4457,4.27,-483.370391845703,link-1,true
outward,4458,3.37,-483.370391845703,link-1,true
outward,4459,4.271,-483.866363525391,link-1,true
outward,4460,2.918,-483.866363525391,link-1,true
outward,4461,3.323,-483.866363525391,link-1,true
outward,4462,4.561,-483.866363525391,link-1,true
outward,4463,4.328,-484.361846923828,link-1,true
outward,4464,2.82,-484.361846923828,link-1,true
outward,4465,3.372,-484.361846923828,link-1,true
outward,4466,5.158,-484.361846923828,link-1,true
outward,4467,3.435,-484.361846923828,link-1,true
outward,4468,4.165,-484.856842041016,link-1,true
outward,4469,2.853,-484.856842041016,link-1,true
outward,4470,5.319,-484.856842041016,link-1,true
outward,4471,3.46,-484.856842041016,link-1,true
outward,4472,4.286,-485.351348876953,link-1,true
outward,4473,3.416,-485.351348876953,link-1,true
outward,4474,2.909,-485.351348876953,link-1,true
outward,4475,4.369,-485.351348876953,link-1,true
outward,4476,4.779,-485.847229003906,link-1,true
outward,4477,3.085,-485.847229003906,link-1,true
outward,4478,2.997,-485.847229003906,link-1,true
outward,4479,4.644,-485.847229003906,link-1,true
outward,4480,3.589,-485.847229003906,link-1,true
outward,4481,4.565,-486.342651367188,link-1,true
outward,4482,2.741,-486.342651367188,link-1,true
outward,4483,3.108,-486.342651367188,link-1,true
outward,4484,3.312,-486.342651367188,link-1,true
outward,4485,4.8,-486.837585449219,link-1,true
outward,4486,4.074,-486.837585449219,link-1,true
outward,4487,3.356,-486.837585449219,link-1,true
outward,4488,3.457,-486.837585449219,link-1,true
outward,4489,3.366,-486.837585449219,link-1,true
outward,4490,4.971,-487.33203125,link-1,true
outward,4491,3.598,-487.33203125,link-1,true
outward,4492,3.428,-487.33203125,link-1,true
outward,4493,3.577,-487.33203125,link-1,true
outward,4494,4.301,-487.827850341797,link-1,true
outward,4495,3.003,-487.827850341797,link-1,true
outward,4496,4.08,-487.827850341797,link-1,true
outward,4497,3.513,-487.827850341797,link-1,true
outward,4498,3.457,-487.827850341797,link-1,true
outward,4499,4.67,-488.323181152344,link-1,true
outward,4500,4.01,-488.323181152344,link-1,true
outward,4501,3.53,-488.323181152344,link-1,true
outward,4502,3.325,-488.323181152344,link-1,true
outward,4503,4.418,-488.818023681641,link-1,true
outward,4504,4.239,-488.818023681641,link-1,true
outward,4505,3.395,-488.818023681641,link-1,true
outward,4506,3.422,-488.818023681641,link-1,true
outward,4507,4.482,-489.312377929688,link-1,true
outward,4508,3.571,-489.312377929688,link-1,true
outward,4509,3.395,-489.312377929688,link-1,true
outward,4510,3.576,-489.312377929688,link-1,true
outward,4511,3.437,-489.312377929688,link-1,true
outward,4512,5.119,-489.80810546875,link-1,true
outward,4513,3.733,-489.80810546875,link-1,true
outward,4514,3.561,-489.80810546875,link-1,true
outward,4515,4.153,-489.80810546875,link-1,true
outward,4516,4.124,-490.303344726562,link-1,true
outward,4517,3.816,-490.303344726562,link-1,true
outward,4518,3.525,-490.303344726562,link-1,true
outward,4519,3.477,-490.303344726562,link-1,true
outward,4520,4.437,-490.798095703125,link-1,true
outward,4521,3.607,-490.798095703125,link-1,true
outward,4522,3.469,-490.798095703125,link-1,true
outward,4523,3.214,-490.798095703125,link-1,true
outward,4524,3.581,-490.798095703125,link-1,true
outward,4525,4.451,-491.292358398438,link-1,true
outward,4526,4.301,-491.292358398438,link-1,true
outward,4527,3.376,-491.292358398438,link-1,true
outward,4528,3.275,-491.292358398438,link-1,true
outward,4529,4.467,-491.787994384766,link-1,true
outward,4530,2.824,-491.787994384766,link-1,true
outward,4531,4.18,-491.787994384766,link-1,true
outward,4532,3.618,-491.787994384766,link-1,true
outward,4533,3.393,-491.787994384766,link-1,true
outward,4534,5.168,-492.283142089844,link-1,true
outward,4535,3.714,-492.283142089844,link-1,true
outward,4536,3.376,-492.283142089844,link-1,true
outward,4537,3.392,-492.283142089844,link-1,true
outward,4538,6.2,-492.777770996094,link-1,true
outward,4539,3.098,-492.777770996094,link-1,true
outward,4540,2.834,-492.777770996094,link-1,true
outward,4541,3.1,-492.777770996094,link-1,true
outward,4542,4.57,-493.271911621094,link-1,true
outward,4543,6.565,-493.271911621094,link-1,true
outward,4544,2.871,-493.271911621094,link-1,true
outward,4545,2.682,-493.271911621094,link-1,true
outward,4546,4.478,-493.767425537109,link-1,true
outward,4547,3.002,-493.767425537109,link-1,true
outward,4548,3.907,-493.767425537109,link-1,true
outward,4549,3.389,-493.767425537109,link-1,true
outward,4550,3.214,-493.767425537109,link-1,true
outward,4551,6.229,-494.262451171875,link-1,true
outward,4552,3.053,-494.262451171875,link-1,true
outward,4553,2.704,-494.262451171875,link-1,true
outward,4554,3.427,-494.262451171875,link-1,true
outward,4555,4.455,-494.756958007812,link-1,true
outward,4556,6.135,-494.756958007812,link-1,true
outward,4557,2.701,-494.756958007812,link-1,true
outward,4558,2.478,-494.756958007812,link-1,true
outward,4559,3.373,-494.756958007812,link-1,true
outward,4560,4.471,-495.2509765625,link-1,true
outward,4561,3.724,-495.2509765625,link-1,true
outward,4562,3.461,-495.2509765625,link-1,true
outward,4563,3.467,-495.2509765625,link-1,true
outward,4564,4.474,-495.746368408203,link-1,true
outward,4565,3.567,-495.746368408203,link-1,true
outward,4566,3.475,-495.746368408203,link-1,true
outward,4567,3.435,-495.746368408203,link-1,true
outward,4568,3.492,-495.746368408203,link-1,true
outward,4569,6.727,-496.241271972656,link-1,true
outward,4570,4.065,-496.241271972656,link-1,true
outward,4571,2.814,-496.241271972656,link-1,true
outward,4572,2.413,-496.241271972656,link-1,true
outward,4573,4.119,-496.735656738281,link-1,true
outward,4574,4.107,-496.735656738281,link-1,true
outward,4575,3.181,-496.735656738281,link-1,true
outward,4576,3.379,-496.735656738281,link-1,true
outward,4577,4.343,-497.229553222656,link-1,true
outward,4578,5.476,-497.229553222656,link-1,true
outward,4579,18.975,-497.724792480469,link-1,true
outward,4580,14.026,-497.724792480469,link-1,true
outward,4581,19.422,-498.713775634766,link-1,true
outward,4582,17.288,-499.20751953125,link-1,true
outward,4583,15.075,-499.702606201172,link-1,true
outward,4584,18.201,-500.197204589844,link-1,true
outward,4585,17.734,-500.691284179688,link-1,true
outward,4586,15.236,-501.184875488281,link-1,true
outward,4587,18.096,-501.679809570312,link-1,true
outward,4588,17.894,-502.174255371094,link-1,true
outward,4589,15.039,-502.668182373047,link-1,true
outward,4590,18.359,-503.16162109375,link-1,true
outward,4591,17.64,-503.656402587891,link-1,true
outward,4592,15.552,-504.150665283203,link-1,true
outward,4593,18.314,-504.644409179688,link-1,true
outward,4594,22.069,-505.630401611328,link-1,true
outward,4595,14.17,-506.124481201172,link-1,true
outward,4596,22.689,-506.618041992188,link-1,true
outward,4597,14.959,-507.111114501953,link-1,true
outward,4598,14.999,-507.605529785156,link-1,true
outward,4599,18.493,-508.099426269531,link-1,true
outward,4600,17.654,-508.592803955078,link-1,true
outward,4601,15.345,-509.085662841797,link-1,true
outward,4602,18.128,-509.579864501953,link-1,true
outward,4603,17.561,-510.073577880859,link-1,true
outward,4604,15.386,-510.566772460938,link-1,true
outward,4605,18.307,-511.059448242188,link-1,true
outward,4606,17.908,-511.553466796875,link-1,true
outward,4607,15.236,-512.046936035156,link-1,true
outward,4608,18.175,-512.539916992188,link-1,true
outward,4609,17.946,-513.032348632812,link-1,true
outward,4610,15.06,-513.526123046875,link-1,true
outward,4611,18.527,-514.019409179688,link-1,true
outward,4612,17.597,-514.512145996094,link-1,true
outward,4613,15.405,-515.00439453125,link-1,true
outward,4614,18.289,-515.497985839844,link-1,true
outward,4615,17.523,-515.991027832031,link-1,true
outward,4616,15.645,-516.483581542969,link-1,true
outward,4617,18.362,-516.9755859375,link-1,true
outward,4618,17.696,-517.468933105469,link-1,true
outward,4619,15.13,-517.961730957031,link-1,true
outward,4620,18.386,-518.454040527344,link-1,true
outward,4621,17.677,-518.94580078125,link-1,true
outward,4622,15.017,-519.438903808594,link-1,true
outward,4623,18.347,-519.931457519531,link-1,true
outward,4624,17.557,-520.423522949219,link-1,true
outward,4625,15.31,-520.9150390625,link-1,true
outward,4626,18.176,-521.407897949219,link-1,true
outward,4627,17.58,-521.900207519531,link-1,true
outward,4628,15.248,-522.392028808594,link-1,true
outward,4629,18.354,-522.88330078125,link-1,true
outward,4630,18.119,-523.869873046875,link-1,true
outward,4631,14.67,-524.36328125,link-1,true
outward,4632,18.196,-524.856140136719,link-1,true
outward,4633,17.837,-525.348510742188,link-1,true
outward,4634,15.063,-525.84033203125,link-1,true
outward,4635,17.958,-526.331604003906,link-1,true
outward,4636,17.57,-526.822387695312,link-1,true
outward,4637,15.112,-527.314453125,link-1,true
outward,4638,18.239,-527.806030273438,link-1,true
outward,4639,17.511,-528.297058105469,link-1,true
outward,4640,15.413,-528.787536621094,link-1,true
outward,4641,18.414,-529.279357910156,link-1,true
outward,4642,21.397,-529.770629882812,link-1,true
outward,4643,32.504,-530.261413574219,link-1,true
outward,4644,5.249,-530.751647949219,link-1,true
outward,4645,13.987,-531.243225097656,link-1,true
outward,4646,18.77,-531.734252929688,link-1,true
outward,4647,19.414,-532.224731445312,link-1,true
outward,4648,15.224,-532.714721679688,link-1,true
outward,4649,18.369,-533.205993652344,link-1,true
outward,4650,17.644,-533.69677734375,link-1,true
outward,4651,15.336,-534.18701171875,link-1,true
outward,4652,18.891,-535.165832519531,link-1,true
outward,4653,17.054,-535.656311035156,link-1,true
outward,4654,15.344,-536.146240234375,link-1,true
outward,4655,18.274,-536.635681152344,link-1,true
outward,4656,17.91,-537.126403808594,link-1,true
outward,4657,15.21,-537.616638183594,link-1,true
outward,4658,18.32,-538.106323242188,link-1,true
outward,4659,17.673,-538.595458984375,link-1,true
outward,4660,15.43,-539.084106445312,link-1,true
outward,4661,18.114,-539.574035644531,link-1,true
outward,4662,17.701,-540.063415527344,link-1,true
outward,4663,15.443,-540.552307128906,link-1,true
outward,4664,18.278,-541.040649414062,link-1,true
outward,4665,17.843,-541.530334472656,link-1,true
outward,4666,15.174,-542.019470214844,link-1,true
outward,4667,18.539,-542.508056640625,link-1,true
outward,4668,17.537,-542.996154785156,link-1,true
outward,4669,15.295,-543.485534667969,link-1,true
outward,4670,13.594,-543.974365234375,link-1,true
outward,4671,3.742,-543.974365234375,link-1,true
outward,4672,5.184,-544.462707519531,link-1,true
outward,4673,3.26,-544.462707519531,link-1,true
outward,4674,3.282,-544.462707519531,link-1,true
outward,4675,3.098,-544.462707519531,link-1,true
outward,4676,5.533,-544.950500488281,link-1,true
outward,4677,2.567,-544.950500488281,link-1,true
outward,4678,3.6,-544.950500488281,link-1,true
outward,4679,3.854,-544.950500488281,link-1,true
outward,4680,4.357,-545.439636230469,link-1,true
outward,4681,3.267,-545.439636230469,link-1,true
outward,4682,3.652,-545.439636230469,link-1,true
outward,4683,3.652,-545.439636230469,link-1,true
outward,4684,3.407,-545.439636230469,link-1,true
outward,4685,5.672,-545.92822265625,link-1,true
outward,4686,2.335,-545.92822265625,link-1,true
outward,4687,3.594,-545.92822265625,link-1,true
outward,4688,3.679,-545.92822265625,link-1,true
outward,4689,5.377,-546.416259765625,link-1,true
outward,4690,2.923,-546.416259765625,link-1,true
outward,4691,3.312,-546.416259765625,link-1,true
outward,4692,3.467,-546.416259765625,link-1,true
outward,4693,3.42,-546.416259765625,link-1,true
outward,4694,5.689,-546.90380859375,link-1,true
outward,4695,2.805,-546.90380859375,link-1,true
outward,4696,3.35,-546.90380859375,link-1,true
outward,4697,3.533,-546.90380859375,link-1,true
outward,4698,6.115,-547.392639160156,link-1,true
outward,4699,2.661,-547.392639160156,link-1,true
outward,4700,3.213,-547.392639160156,link-1,true
outward,4701,3.53,-547.392639160156,link-1,true
outward,4702,3.404,-547.392639160156,link-1,true
outward,4703,5.487,-547.880981445312,link-1,true
outward,4704,2.775,-547.880981445312,link-1,true
outward,4705,3.397,-547.880981445312,link-1,true
outward,4706,3.247,-547.880981445312,link-1,true
outward,4707,6.151,-548.368774414062,link-1,true
outward,4708,2.443,-548.368774414062,link-1,true
outward,4709,3.546,-548.368774414062,link-1,true
outward,4710,3.687,-548.368774414062,link-1,true
outward,4711,4.816,-548.368774414062,link-1,true
outward,4712,4.101,-548.856018066406,link-1,true
outward,4713,2.813,-548.856018066406,link-1,true
outward,4714,3.815,-548.856018066406,link-1,true
outward,4715,3.282,-548.856018066406,link-1,true
outward,4716,5.592,-549.344604492188,link-1,true
outward,4717,2.574,-549.344604492188,link-1,true
outward,4718,3.641,-549.344604492188,link-1,true
outward,4719,3.665,-549.344604492188,link-1,true
outward,4720,5.096,-549.344604492188,link-1,true
outward,4721,4.266,-549.832641601562,link-1,true
outward,4722,2.411,-549.832641601562,link-1,true
outward,4723,3.775,-549.832641601562,link-1,true
outward,4724,4.707,-549.832641601562,link-1,true
outward,4725,4.739,-550.320190429688,link-1,true
outward,4726,3.506,-550.320190429688,link-1,true
outward,4727,3.591,-550.320190429688,link-1,true
outward,4728,4.227,-550.320190429688,link-1,true
outward,4729,3.559,-550.320190429688,link-1,true
outward,4730,4.335,-550.807189941406,link-1,true
outward,4731,3.076,-550.807189941406,link-1,true
outward,4732,2.834,-550.807189941406,link-1,true
outward,4733,4.943,-550.807189941406,link-1,true
outward,4734,4.322,-551.295532226562,link-1,true
outward,4735,2.842,-551.295532226562,link-1,true
outward,4736,3.353,-551.295532226562,link-1,true
outward,4737,5.094,-551.295532226562,link-1,true
outward,4738,3.527,-551.295532226562,link-1,true
outward,4739,4.18,-551.783325195312,link-1,true
outward,4740,3.104,-551.783325195312,link-1,true
outward,4741,4.324,-551.783325195312,link-1,true
outward,4742,3.475,-551.783325195312,link-1,true
outward,4743,4.536,-552.270568847656,link-1,true
outward,4744,2.774,-552.270568847656,link-1,true
outward,4745,3.384,-552.270568847656,link-1,true
outward,4746,5.256,-552.270568847656,link-1,true
outward,4747,3.346,-552.270568847656,link-1,true
outward,4748,4.687,-552.75732421875,link-1,true
outward,4749,3.509,-552.75732421875,link-1,true
outward,4750,3.803,-552.75732421875,link-1,true
outward,4751,3.32,-552.75732421875,link-1,true
outward,4752,4.279,-553.245361328125,link-1,true
outward,4753,2.932,-553.245361328125,link-1,true
outward,4754,4.321,-553.245361328125,link-1,true
outward,4755,3.729,-553.245361328125,link-1,true
outward,4756,5.264,-553.73291015625,link-1,true
outward,4757,4.349,-553.73291015625,link-1,true
outward,4758,3.94,-553.73291015625,link-1,true
outward,4759,5.346,-553.73291015625,link-1,true
outward,4760,7.728,-554.219909667969,link-1,true
outward,4761,3.38,-554.219909667969,link-1,true
outward,4762,3.589,-554.219909667969,link-1,true
outward,4763,2.896,-554.219909667969,link-1,true
outward,4764,3.408,-554.706420898438,link-1,true
outward,4765,3.493,-554.706420898438,link-1,true
outward,4766,4.161,-554.706420898438,link-1,true
outward,4767,3.614,-554.706420898438,link-1,true
outward,4768,4.245,-555.194213867188,link-1,true
outward,4769,2.945,-555.194213867188,link-1,true
outward,4770,3.494,-555.194213867188,link-1,true
outward,4771,4.792,-555.194213867188,link-1,true
outward,4772,4.044,-555.194213867188,link-1,true
outward,4773,4.374,-555.681518554688,link-1,true
outward,4774,4.28,-555.681518554688,link-1,true
outward,4775,3.185,-555.681518554688,link-1,true
outward,4776,4.334,-555.681518554688,link-1,true
outward,4777,4.244,-556.168273925781,link-1,true
outward,4778,4.04,-556.168273925781,link-1,true
outward,4779,3.665,-556.168273925781,link-1,true
outward,4780,5.968,-556.168273925781,link-1,true
outward,4781,5.657,-556.654541015625,link-1,true
outward,4782,3.202,-556.654541015625,link-1,true
outward,4783,3.085,-556.654541015625,link-1,true
outward,4784,2.876,-556.654541015625,link-1,true
outward,4785,3.947,-557.14208984375,link-1,true
outward,4786,2.951,-557.14208984375,link-1,true
outward,4787,4.563,-557.14208984375,link-1,true
outward,4788,3.775,-557.14208984375,link-1,true
outward,4789,4.276,-557.629150390625,link-1,true
outward,4790,3.414,-557.629150390625,link-1,true
outward,4791,5.689,-557.629150390625,link-1,true
outward,4792,2.643,-557.629150390625,link-1,true
outward,4793,2.487,-557.629150390625,link-1,true
outward,4794,4.716,-558.115661621094,link-1,true
outward,4795,3.265,-558.115661621094,link-1,true
outward,4796,4.144,-558.115661621094,link-1,true
outward,4797,3.678,-558.115661621094,link-1,true
outward,4798,4.325,-558.601684570312,link-1,true
outward,4799,2.752,-558.601684570312,link-1,true
outward,4800,4.582,-558.601684570312,link-1,true
outward,4801,3.4,-558.601684570312,link-1,true
outward,4802,3.283,-558.601684570312,link-1,true
outward,4803,5.855,-559.088989257812,link-1,true
outward,4804,3.663,-559.088989257812,link-1,true
outward,4805,3.344,-559.088989257812,link-1,true
outward,4806,2.767,-559.088989257812,link-1,true
outward,4807,4.73,-559.575805664062,link-1,true
outward,4808,3.705,-559.575805664062,link-1,true
outward,4809,3.417,-559.575805664062,link-1,true
outward,4810,3.362,-559.575805664062,link-1,true
outward,4811,4.422,-560.062072753906,link-1,true
outward,4812,3.445,-560.062072753906,link-1,true
outward,4813,4.421,-560.062072753906,link-1,true
outward,4814,3.645,-560.062072753906,link-1,true
outward,4815,3.188,-560.062072753906,link-1,true
outward,4816,5.142,-560.5478515625,link-1,true
outward,4817,3.306,-560.5478515625,link-1,true
outward,4818,3.489,-560.5478515625,link-1,true
outward,4819,3.571,-560.5478515625,link-1,true
outward,4820,4.359,-561.034912109375,link-1,true
outward,4821,2.655,-561.034912109375,link-1,true
outward,4822,4.487,-561.034912109375,link-1,true
outward,4823,3.742,-561.034912109375,link-1,true
outward,4824,4.264,-561.521484375,link-1,true
outward,4825,3.217,-561.521484375,link-1,true
outward,4826,4.543,-561.521484375,link-1,true
outward,4827,3.595,-561.521484375,link-1,true
outward,4828,3.35,-561.521484375,link-1,true
outward,4829,4.362,-562.007507324219,link-1,true
outward,4830,3.97,-562.007507324219,link-1,true
outward,4831,3.475,-562.007507324219,link-1,true
outward,4832,3.585,-562.007507324219,link-1,true
outward,4833,4.32,-562.493041992188,link-1,true
outward,4834,2.749,-562.493041992188,link-1,true
outward,4835,4.583,-562.493041992188,link-1,true
outward,4836,3.689,-562.493041992188,link-1,true
outward,4837,4.114,-562.979919433594,link-1,true
outward,4838,2.962,-562.979919433594,link-1,true
outward,4839,3.44,-562.979919433594,link-1,true
outward,4840,4.505,-562.979919433594,link-1,true
outward,4841,3.645,-562.979919433594,link-1,true
outward,4842,4.498,-563.466247558594,link-1,true
outward,4843,3.129,-563.466247558594,link-1,true
outward,4844,4.123,-563.466247558594,link-1,true
outward,4845,3.493,-563.466247558594,link-1,true
outward,4846,4.134,-563.952087402344,link-1,true
outward,4847,2.909,-563.952087402344,link-1,true
outward,4848,4.368,-563.952087402344,link-1,true
outward,4849,3.681,-563.952087402344,link-1,true
outward,4850,3.703,-563.952087402344,link-1,true
outward,4851,4.177,-564.437377929688,link-1,true
outward,4852,2.797,-564.437377929688,link-1,true
outward,4853,4.784,-564.437377929688,link-1,true
outward,4854,3.217,-564.437377929688,link-1,true
outward,4855,4.415,-564.924011230469,link-1,true
outward,4856,3.347,-564.924011230469,link-1,true
outward,4857,4.07,-564.924011230469,link-1,true
outward,4858,3.425,-564.924011230469,link-1,true
outward,4859,3.562,-564.924011230469,link-1,true
outward,4860,4.665,-565.41015625,link-1,true
outward,4861,2.627,-565.41015625,link-1,true
outward,4862,4.149,-565.41015625,link-1,true
outward,4863,3.435,-565.41015625,link-1,true
outward,4864,5.015,-565.895751953125,link-1,true
outward,4865,4.432,-565.895751953125,link-1,true
outward,4866,3.376,-565.895751953125,link-1,true
outward,4867,3.208,-565.895751953125,link-1,true
outward,4868,3.903,-566.380859375,link-1,true
outward,4869,3.264,-566.380859375,link-1,true
outward,4870,3.193,-566.380859375,link-1,true
outward,4871,3.328,-566.380859375,link-1,true
outward,4872,3.051,-566.380859375,link-1,true
outward,4873,4.558,-566.867309570312,link-1,true
outward,4874,3.724,-566.867309570312,link-1,true
outward,4875,3.576,-566.867309570312,link-1,true
outward,4876,3.599,-566.867309570312,link-1,true
outward,4877,5.854,-567.353210449219,link-1,true
outward,4878,3.404,-567.353210449219,link-1,true
outward,4879,4.152,-567.353210449219,link-1,true
outward,4880,3.296,-567.353210449219,link-1,true
outward,4881,4.429,-567.838623046875,link-1,true
outward,4882,3.546,-567.838623046875,link-1,true
outward,4883,2.961,-567.838623046875,link-1,true
outward,4884,4.311,-567.838623046875,link-1,true
outward,4885,3.357,-567.838623046875,link-1,true
outward,4886,4.953,-568.323486328125,link-1,true
outward,4887,3.43,-568.323486328125,link-1,true
outward,4888,3.446,-568.323486328125,link-1,true
outward,4889,3.547,-568.323486328125,link-1,true
outward,4890,4.667,-568.809692382812,link-1,true
outward,4891,3.368,-568.809692382812,link-1,true
outward,4892,4.187,-568.809692382812,link-1,true
outward,4893,3.413,-568.809692382812,link-1,true
outward,4894,3.43,-568.809692382812,link-1,true
outward,4895,5.167,-569.29541015625,link-1,true
outward,4896,3.235,-569.29541015625,link-1,true
outward,4897,3.446,-569.29541015625,link-1,true
outward,4898,3.573,-569.29541015625,link-1,true
outward,4899,4.333,-569.780639648438,link-1,true
outward,4900,2.849,-569.780639648438,link-1,true
outward,4901,4.324,-569.780639648438,link-1,true
outward,4902,3.45,-569.780639648438,link-1,true
outward,4903,3.303,-569.780639648438,link-1,true
outward,4904,4.64,-570.265319824219,link-1,true
outward,4905,2.698,-570.265319824219,link-1,true
outward,4906,4.252,-570.265319824219,link-1,true
outward,4907,3.634,-570.265319824219,link-1,true
outward,4908,4.761,-570.751342773438,link-1,true
outward,4909,3.414,-570.751342773438,link-1,true
outward,4910,3.629,-570.751342773438,link-1,true
outward,4911,3.449,-570.751342773438,link-1,true
outward,4912,4.71,-571.236877441406,link-1,true
outward,4913,3.686,-571.236877441406,link-1,true
outward,4914,3.938,-571.236877441406,link-1,true
outward,4915,3.57,-571.236877441406,link-1,true
outward,4916,3.529,-571.236877441406,link-1,true
outward,4917,4.616,-571.721862792969,link-1,true
outward,4918,2.981,-571.721862792969,link-1,true
outward,4919,4.304,-571.721862792969,link-1,true
outward,4920,3.353,-571.721862792969,link-1,true
outward,4921,4.316,-572.206359863281,link-1,true
outward,4922,3.453,-572.206359863281,link-1,true
outward,4923,3.96,-572.206359863281,link-1,true
outward,4924,3.549,-572.206359863281,link-1,true
outward,4925,4.444,-572.692199707031,link-1,true
outward,4926,3.248,-572.692199707031,link-1,true
outward,4927,4.56,-572.692199707031,link-1,true
outward,4928,3.487,-572.692199707031,link-1,true
outward,4929,3.452,-572.692199707031,link-1,true
outward,4930,4.716,-573.177551269531,link-1,true
outward,4931,2.868,-573.177551269531,link-1,true
outward,4932,4.272,-573.177551269531,link-1,true
outward,4933,3.497,-573.177551269531,link-1,true
outward,4934,4.762,-573.662353515625,link-1,true
outward,4935,4.041,-573.662353515625,link-1,true
outward,4936,3.304,-573.662353515625,link-1,true
outward,4937,3.483,-573.662353515625,link-1,true
outward,4938,4.624,-574.146667480469,link-1,true
outward,4939,3.186,-574.146667480469,link-1,true
outward,4940,4.342,-574.146667480469,link-1,true
outward,4941,3.409,-574.146667480469,link-1,true
outward,4942,3.42,-574.146667480469,link-1,true
outward,4943,4.666,-574.63232421875,link-1,true
outward,4944,2.962,-574.63232421875,link-1,true
outward,4945,3.947,-574.63232421875,link-1,true
outward,4946,3.453,-574.63232421875,link-1,true
outward,4947,4.212,-575.117492675781,link-1,true
outward,4948,2.906,-575.117492675781,link-1,true
outward,4949,4.439,-575.117492675781,link-1,true
outward,4950,3.406,-575.117492675781,link-1,true
outward,4951,3.204,-575.117492675781,link-1,true
outward,4952,4.47,-575.602172851562,link-1,true
outward,4953,2.979,-575.602172851562,link-1,true
outward,4954,4.253,-575.602172851562,link-1,true
outward,4955,3.487,-575.602172851562,link-1,true
outward,4956,4.653,-576.086364746094,link-1,true
outward,4957,3.146,-576.086364746094,link-1,true
outward,4958,4.063,-576.086364746094,link-1,true
outward,4959,3.306,-576.086364746094,link-1,true
outward,4960,4.721,-576.571838378906,link-1,true
outward,4961,2.657,-576.571838378906,link-1,true
outward,4962,3.176,-576.571838378906,link-1,true
outward,4963,3.592,-576.571838378906,link-1,true
outward,4964,3.375,-576.571838378906,link-1,true
outward,4965,4.576,-577.056823730469,link-1,true
outward,4966,3.643,-577.056823730469,link-1,true
outward,4967,3.54,-577.056823730469,link-1,true
outward,4968,3.456,-577.056823730469,link-1,true
outward,4969,4.514,-577.541320800781,link-1,true
outward,4970,3.84,-577.541320800781,link-1,true
outward,4971,3.558,-577.541320800781,link-1,true
outward,4972,3.366,-577.541320800781,link-1,true
outward,4973,3.614,-577.541320800781,link-1,true
outward,4974,4.471,-578.025329589844,link-1,true
outward,4975,3.417,-578.025329589844,link-1,true
outward,4976,3.289,-578.025329589844,link-1,true
outward,4977,3.29,-578.025329589844,link-1,true
outward,4978,4.517,-578.510681152344,link-1,true
outward,4979,4.028,-578.510681152344,link-1,true
outward,4980,3.467,-578.510681152344,link-1,true
outward,4981,3.52,-578.510681152344,link-1,true
outward,4982,3.626,-578.510681152344,link-1,true
outward,4983,5.473,-578.995544433594,link-1,true
outward,4984,3.011,-578.995544433594,link-1,true
outward,4985,3.224,-578.995544433594,link-1,true
outward,4986,3.52,-578.995544433594,link-1,true
outward,4987,4.182,-579.479919433594,link-1,true
outward,4988,4.052,-579.479919433594,link-1,true
outward,4989,3.385,-579.479919433594,link-1,true
outward,4990,3.535,-579.479919433594,link-1,true
outward,4991,3.514,-579.479919433594,link-1,true
outward,4992,5.377,-579.963806152344,link-1,true
outward,4993,2.826,-579.963806152344,link-1,true
outward,4994,3.464,-579.963806152344,link-1,true
outward,4995,3.516,-579.963806152344,link-1,true
outward,4996,4.435,-580.449035644531,link-1,true
outward,4997,3.871,-580.449035644531,link-1,true
outward,4998,3.587,-580.449035644531,link-1,true
outward,4999,3.437,-580.449035644531,link-1,true
outward,5000,3.461,-580.449035644531,link-1,true
outward,5001,5.805,-580.933776855469,link-1,true
outward,5002,3.25,-580.933776855469,link-1,true
outward,5003,3.072,-580.933776855469,link-1,true
outward,5004,3.574,-580.933776855469,link-1,true
outward,5005,4.547,-581.418029785156,link-1,true
outward,5006,3.318,-581.418029785156,link-1,true
outward,5007,3.499,-581.418029785156,link-1,true
outward,5008,3.548,-581.418029785156,link-1,true
outward,5009,4.509,-581.901794433594,link-1,true
outward,5010,3.711,-581.901794433594,link-1,true
outward,5011,3.685,-581.901794433594,link-1,true
outward,5012,3.343,-581.901794433594,link-1,true
outward,5013,3.443,-581.901794433594,link-1,true
outward,5014,6.044,-582.386901855469,link-1,true
outward,5015,2.937,-582.386901855469,link-1,true
outward,5016,2.841,-582.386901855469,link-1,true
outward,5017,3.548,-582.386901855469,link-1,true
outward,5018,4.67,-582.871520996094,link-1,true
outward,5019,3.024,-582.871520996094,link-1,true
outward,5020,3.583,-582.871520996094,link-1,true
outward,5021,3.511,-582.871520996094,link-1,true
outward,5022,3.499,-582.871520996094,link-1,true
outward,5023,6.004,-583.355651855469,link-1,true
outward,5024,2.959,-583.355651855469,link-1,true
outward,5025,3.031,-583.355651855469,link-1,true
outward,5026,3.554,-583.355651855469,link-1,true
outward,5027,4.663,-583.839294433594,link-1,true
outward,5028,3.433,-583.839294433594,link-1,true
outward,5029,3.15,-583.839294433594,link-1,true
outward,5030,3.561,-583.839294433594,link-1,true
outward,5031,3.616,-583.839294433594,link-1,true
outward,5032,5.355,-584.324279785156,link-1,true
outward,5033,2.775,-584.324279785156,link-1,true
outward,5034,3.43,-584.324279785156,link-1,true
outward,5035,3.4,-584.324279785156,link-1,true
outward,5036,5.535,-584.808776855469,link-1,true
outward,5037,3.071,-584.808776855469,link-1,true
outward,5038,3.323,-584.808776855469,link-1,true
outward,5039,3.64,-584.808776855469,link-1,true
outward,5040,4.534,-585.292785644531,link-1,true
outward,5041,3.604,-585.292785644531,link-1,true
outward,5042,3.319,-585.292785644531,link-1,true
outward,5043,3.528,-585.292785644531,link-1,true
outward,5044,3.569,-585.292785644531,link-1,true
outward,5045,5.784,-585.776306152344,link-1,true
outward,5046,2.851,-585.776306152344,link-1,true
outward,5047,3.306,-585.776306152344,link-1,true
outward,5048,3.608,-585.776306152344,link-1,true
outward,5049,4.466,-586.261169433594,link-1,true
outward,5050,3.184,-586.261169433594,link-1,true
outward,5051,3.617,-586.261169433594,link-1,true
outward,5052,3.429,-586.261169433594,link-1,true
outward,5053,3.518,-586.261169433594,link-1,true
outward,5054,5.946,-586.745544433594,link-1,true
outward,5055,2.99,-586.745544433594,link-1,true
outward,5056,3.212,-586.745544433594,link-1,true
outward,5057,3.39,-586.745544433594,link-1,true
outward,5058,5.615,-587.229431152344,link-1,true
outward,5059,2.91,-587.229431152344,link-1,true
outward,5060,3.15,-587.229431152344,link-1,true
outward,5061,3.989,-587.229431152344,link-1,true
outward,5062,4.361,-587.712890625,link-1,true
outward,5063,3.385,-587.712890625,link-1,true
outward,5064,3.509,-587.712890625,link-1,true
outward,5065,3.592,-587.712890625,link-1,true
outward,5066,3.481,-587.712890625,link-1,true
outward,5067,6.032,-588.197692871094,link-1,true
outward,5068,2.753,-588.197692871094,link-1,true
outward,5069,3.332,-588.197692871094,link-1,true
outward,5070,3.589,-588.197692871094,link-1,true
outward,5071,4.709,-588.682006835938,link-1,true
outward,5072,3.14,-588.682006835938,link-1,true
outward,5073,3.691,-588.682006835938,link-1,true
outward,5074,3.408,-588.682006835938,link-1,true
outward,5075,3.702,-588.682006835938,link-1,true
outward,5076,5.691,-589.165832519531,link-1,true
outward,5077,2.793,-589.165832519531,link-1,true
outward,5078,3.083,-589.165832519531,link-1,true
outward,5079,3.625,-589.165832519531,link-1,true
outward,5080,4.665,-589.649169921875,link-1,true
outward,5081,3.17,-589.649169921875,link-1,true
outward,5082,3.33,-589.649169921875,link-1,true
outward,5083,3.634,-589.649169921875,link-1,true
outward,5084,15.621,-590.132019042969,link-1,true
outward,5085,19.767,-590.616271972656,link-1,true
outward,5086,15.045,-591.100036621094,link-1,true
outward,5087,18.028,-591.583312988281,link-1,true
outward,5088,21.588,-592.066101074219,link-1,true
outward,5089,14.79,-592.55029296875,link-1,true
outward,5090,22.397,-593.033996582031,link-1,true
outward,5091,19.44,-594.0,link-1,true
outward,5092,14.071,-594.484130859375,link-1,true
outward,5093,22.977,-594.9677734375,link-1,true
outward,5094,14.656,-595.450988769531,link-1,true
outward,5095,15.236,-595.933715820312,link-1,true
outward,5096,18.284,-596.417785644531,link-1,true
outward,5097,17.48,-596.901428222656,link-1,true
outward,5098,15.232,-597.384643554688,link-1,true
outward,5099,18.228,-597.867370605469,link-1,true
outward,5100,17.658,-598.351501464844,link-1,true
outward,5101,15.363,-598.835144042969,link-1,true
outward,5102,18.231,-599.318298339844,link-1,true
outward,5103,17.587,-599.801025390625,link-1,true
outward,5104,15.391,-600.28515625,link-2,true
outward,5105,18.269,-600.768798828125,link-2,true
outward,5106,17.702,-601.251953125,link-2,true
outward,5107,15.318,-601.734680175781,link-2,true
outward,5108,18.427,-602.218811035156,link-2,true
outward,5109,17.981,-603.185607910156,link-2,true
outward,5110,14.814,-603.668395996094,link-2,true
outward,5111,18.426,-604.152526855469,link-2,true
outward,5112,17.636,-604.636169433594,link-2,true
outward,5113,15.353,-605.119384765625,link-2,true
outward,5114,18.31,-605.602172851562,link-2,true
outward,5115,17.608,-606.086303710938,link-2,true
outward,5116,15.438,-606.570068359375,link-2,true
outward,5117,18.321,-607.053344726562,link-2,true
outward,5118,17.872,-607.536193847656,link-2,true
outward,5119,15.176,-608.020446777344,link-2,true
outward,5120,18.251,-608.504211425781,link-2,true
outward,5121,17.737,-608.987548828125,link-2,true
outward,5122,15.365,-609.470458984375,link-2,true
outward,5123,18.234,-609.954711914062,link-2,true
outward,5124,17.526,-610.438598632812,link-2,true
outward,5125,15.262,-610.921997070312,link-2,true
outward,5126,18.234,-611.404968261719,link-2,true
outward,5127,17.393,-611.889343261719,link-2,true
outward,5128,16.204,-612.373229980469,link-2,true
outward,5129,17.435,-612.856750488281,link-2,true
outward,5130,21.63,-613.339782714844,link-2,true
outward,5131,14.516,-613.824279785156,link-2,true
outward,5132,18.068,-614.308288574219,link-2,true
outward,5133,17.65,-614.791931152344,link-2,true
outward,5134,14.971,-615.275085449219,link-2,true
outward,5135,18.237,-615.759704589844,link-2,true
outward,5136,17.672,-616.243835449219,link-2,true
outward,5137,15.087,-616.727600097656,link-2,true
outward,5138,18.03,-617.210876464844,link-2,true
outward,5139,17.509,-617.695617675781,link-2,true
outward,5140,15.319,-618.179870605469,link-2,true
outward,5141,18.117,-618.663757324219,link-2,true
outward,5142,17.517,-619.147155761719,link-2,true
outward,5143,15.469,-619.632019042969,link-2,true
outward,5144,18.081,-620.116394042969,link-2,true
outward,5145,17.463,-620.600402832031,link-2,true
outward,5146,15.056,-621.083923339844,link-2,true
outward,5147,18.16,-621.568908691406,link-2,true
outward,5148,17.933,-622.537536621094,link-2,true
outward,5149,14.591,-623.021301269531,link-2,true
outward,5150,17.969,-623.506408691406,link-2,true
outward,5151,17.356,-623.991149902344,link-2,true
outward,5152,15.142,-624.475402832031,link-2,true
outward,5153,18.22,-624.959289550781,link-2,true
outward,5154,20.86,-625.444580078125,link-2,true
outward,5155,11.46,-625.929443359375,link-2,true
outward,5156,21.114,-626.413940429688,link-2,true
outward,5157,14.9,-626.898010253906,link-2,true
outward,5158,14.881,-627.383483886719,link-2,true
outward,5159,22.752,-627.868591308594,link-2,true
outward,5160,14.313,-628.353210449219,link-2,true
outward,5161,15.225,-628.837463378906,link-2,true
outward,5162,18.172,-629.323181152344,link-2,true
outward,5163,17.494,-629.808410644531,link-2,true
outward,5164,15.551,-630.293273925781,link-2,true
outward,5165,17.867,-630.777770996094,link-2,true
outward,5166,17.536,-631.263610839844,link-2,true
outward,5167,15.274,-631.749084472656,link-2,true
outward,5168,18.451,-632.234191894531,link-2,true
outward,5169,17.35,-632.718811035156,link-2,true
outward,5170,14.977,-633.203063964844,link-2,true
outward,5171,18.145,-633.688781738281,link-2,true
outward,5172,17.61,-634.174011230469,link-2,true
outward,5173,15.111,-634.658874511719,link-2,true
outward,5174,18.22,-635.143371582031,link-2,true
outward,5175,17.265,-635.629272460938,link-2,true
outward,5176,15.527,-636.11474609375,link-2,true
outward,5177,18.126,-636.599853515625,link-2,true
outward,5178,17.589,-637.084594726562,link-2,true
outward,5179,15.077,-637.570739746094,link-2,true
outward,5180,18.303,-638.056457519531,link-2,true
outward,5181,17.663,-638.541809082031,link-2,true
outward,5182,15.076,-639.026794433594,link-2,true
outward,5183,18.205,-639.51318359375,link-2,true
outward,5184,17.562,-639.999145507812,link-2,true
outward,5185,15.211,-640.484741210938,link-2,true
outward,5186,18.102,-640.969970703125,link-2,true
outward,5187,17.591,-641.456604003906,link-2,true
outward,5188,15.316,-641.94287109375,link-2,true
outward,5189,18.173,-642.4287109375,link-2,true
outward,5190,17.438,-642.914184570312,link-2,true
outward,5191,15.213,-643.401123046875,link-2,true
outward,5192,18.245,-643.887634277344,link-2,true
outward,5193,17.823,-644.373718261719,link-2,true
outward,5194,15.108,-644.859436035156,link-2,true
outward,5195,18.0,-645.346618652344,link-2,true
outward,5196,17.361,-645.833435058594,link-2,true
outward,5197,15.121,-646.31982421875,link-2,true
outward,5198,18.23,-646.805786132812,link-2,true
outward,5199,17.586,-647.293212890625,link-2,true
outward,5200,15.298,-647.7802734375,link-2,true
outward,5201,18.941,-648.753234863281,link-2,true
outward,5202,16.809,-649.240966796875,link-2,true
outward,5203,15.252,-649.728271484375,link-2,true
outward,5204,18.239,-650.215209960938,link-2,true
outward,5205,17.461,-650.701782226562,link-2,true
outward,5206,15.144,-651.189819335938,link-2,true
outward,5207,18.034,-651.677429199219,link-2,true
outward,5208,17.476,-652.164672851562,link-2,true
outward,5209,15.136,-652.651489257812,link-2,true
outward,5210,18.144,-653.139770507812,link-2,true
outward,5211,17.568,-653.627685546875,link-2,true
outward,5212,15.019,-654.115234375,link-2,true
outward,5213,18.268,-654.602355957031,link-2,true
outward,5214,17.496,-655.090881347656,link-2,true
outward,5215,15.243,-655.579040527344,link-2,true
outward,5216,18.244,-656.066833496094,link-2,true
outward,5217,17.675,-656.554260253906,link-2,true
outward,5218,15.12,-657.043151855469,link-2,true
outward,5219,18.208,-657.531616210938,link-2,true
outward,5220,17.72,-658.019714355469,link-2,true
outward,5221,14.862,-658.507446289062,link-2,true
outward,5222,17.963,-658.996643066406,link-2,true
outward,5223,21.602,-659.485412597656,link-2,true
outward,5224,14.535,-659.973754882812,link-2,true
outward,5225,18.143,-660.461730957031,link-2,true
outward,5226,17.618,-660.951171875,link-2,true
outward,5227,15.107,-661.440246582031,link-2,true
outward,5228,18.139,-661.928955078125,link-2,true
outward,5229,17.719,-662.417236328125,link-2,true
outward,5230,15.043,-662.906982421875,link-2,true
outward,5231,18.395,-663.396362304688,link-2,true
outward,5232,17.415,-663.885375976562,link-2,true
outward,5233,15.465,-664.373962402344,link-2,true
outward,5234,18.234,-664.864013671875,link-2,true
outward,5235,17.517,-665.353698730469,link-2,true
outward,5236,15.2,-665.843017578125,link-2,true
outward,5237,18.422,-666.331909179688,link-2,true
outward,5238,17.467,-666.822265625,link-2,true
outward,5239,15.203,-667.312255859375,link-2,true
outward,5240,18.347,-667.801818847656,link-2,true
outward,5241,17.892,-668.291015625,link-2,true
outward,5242,14.997,-668.781677246094,link-2,true
outward,5243,18.286,-669.27197265625,link-2,true
outward,5244,18.078,-670.251342773438,link-2,true
outward,5245,14.535,-670.742309570312,link-2,true
outward,5246,18.37,-671.232849121094,link-2,true
outward,5247,17.607,-671.723022460938,link-2,true
outward,5248,14.992,-672.212829589844,link-2,true
outward,5249,18.129,-672.704040527344,link-2,true
outward,5250,17.857,-673.194885253906,link-2,true
outward,5251,15.181,-673.685363769531,link-2,true
outward,5252,18.236,-674.175415039062,link-2,true
outward,5253,17.764,-674.6669921875,link-2,true
outward,5254,15.166,-675.158142089844,link-2,true
outward,5255,18.298,-675.648864746094,link-2,true
outward,5256,17.655,-676.139221191406,link-2,true
outward,5257,14.965,-676.631042480469,link-2,true
outward,5258,18.233,-677.122497558594,link-2,true
outward,5259,17.694,-677.613525390625,link-2,true
outward,5260,15.2,-678.104187011719,link-2,true
outward,5261,18.457,-678.596313476562,link-2,true
outward,5262,18.287,-679.088073730469,link-2,true
outward,5263,14.443,-679.579345703125,link-2,true
outward,5264,18.178,-680.070251464844,link-2,true
outward,5265,21.779,-680.562622070312,link-2,true
outward,5266,14.606,-681.054626464844,link-2,true
outward,5267,18.243,-681.546264648438,link-2,true
outward,5268,13.989,-682.037414550781,link-2,true
outward,5269,4.257,-682.530090332031,link-2,true
outward,5270,3.438,-682.530090332031,link-2,true
outward,5271,3.616,-682.530090332031,link-2,true
outward,5272,6.226,-683.022399902344,link-2,true
outward,5273,2.94,-683.022399902344,link-2,true
outward,5274,3.137,-683.022399902344,link-2,true
outward,5275,3.418,-683.022399902344,link-2,true
outward,5276,4.736,-683.022399902344,link-2,true
outward,5277,4.741,-683.514282226562,link-2,true
outward,5278,2.873,-683.514282226562,link-2,true
outward,5279,2.888,-683.514282226562,link-2,true
outward,5280,4.589,-683.514282226562,link-2,true
outward,5281,4.288,-684.005737304688,link-2,true
outward,5282,3.076,-684.005737304688,link-2,true
outward,5283,3.047,-684.005737304688,link-2,true
outward,5284,3.347,-684.005737304688,link-2,true
outward,5285,4.28,-684.005737304688,link-2,true
outward,5286,4.558,-684.498718261719,link-2,true
outward,5287,2.96,-684.498718261719,link-2,true
outward,5288,3.018,-684.498718261719,link-2,true
outward,5289,4.976,-684.498718261719,link-2,true
outward,5290,4.376,-684.9912109375,link-2,true
outward,5291,2.883,-684.9912109375,link-2,true
outward,5292,3.275,-684.9912109375,link-2,true
outward,5293,3.418,-684.9912109375,link-2,true
outward,5294,4.253,-684.9912109375,link-2,true
outward,5295,4.426,-685.483337402344,link-2,true
outward,5296,3.0,-685.483337402344,link-2,true
outward,5297,3.115,-685.483337402344,link-2,true
outward,5298,4.837,-685.483337402344,link-2,true
outward,5299,4.672,-685.97509765625,link-2,true
outward,5300,3.233,-685.97509765625,link-2,true
outward,5301,2.909,-685.97509765625,link-2,true
outward,5302,4.851,-685.97509765625,link-2,true
outward,5303,3.505,-685.97509765625,link-2,true
outward,5304,4.494,-686.468322753906,link-2,true
outward,5305,2.967,-686.468322753906,link-2,true
outward,5306,3.171,-686.468322753906,link-2,true
outward,5307,4.299,-686.468322753906,link-2,true
outward,5308,4.346,-686.961059570312,link-2,true
outward,5309,2.877,-686.961059570312,link-2,true
outward,5310,3.346,-686.961059570312,link-2,true
outward,5311,4.89,-686.961059570312,link-2,true
outward,5312,3.476,-686.961059570312,link-2,true
outward,5313,4.641,-687.453430175781,link-2,true
outward,5314,3.566,-687.453430175781,link-2,true
outward,5315,3.918,-687.453430175781,link-2,true
outward,5316,3.499,-687.453430175781,link-2,true
outward,5317,4.237,-687.945434570312,link-2,true
outward,5318,2.886,-687.945434570312,link-2,true
outward,5319,3.276,-687.945434570312,link-2,true
outward,5320,4.738,-687.945434570312,link-2,true
outward,5321,3.463,-687.945434570312,link-2,true
outward,5322,4.4,-688.438903808594,link-2,true
outward,5323,2.936,-688.438903808594,link-2,true
outward,5324,4.513,-688.438903808594,link-2,true
outward,5325,3.553,-688.438903808594,link-2,true
outward,5326,4.173,-688.931884765625,link-2,true
outward,5327,3.221,-688.931884765625,link-2,true
outward,5328,2.861,-688.931884765625,link-2,true
outward,5329,4.472,-688.931884765625,link-2,true
outward,5330,3.631,-688.931884765625,link-2,true
outward,5331,4.452,-689.424499511719,link-2,true
outward,5332,2.714,-689.424499511719,link-2,true
outward,5333,4.621,-689.424499511719,link-2,true
outward,5334,3.269,-689.424499511719,link-2,true
outward,5335,4.291,-689.916748046875,link-2,true
outward,5336,3.108,-689.916748046875,link-2,true
outward,5337,4.052,-689.916748046875,link-2,true
outward,5338,3.745,-689.916748046875,link-2,true
outward,5339,3.145,-689.916748046875,link-2,true
outward,5340,4.838,-690.410461425781,link-2,true
outward,5341,3.656,-690.410461425781,link-2,true
outward,5342,3.43,-690.410461425781,link-2,true
outward,5343,3.519,-690.410461425781,link-2,true
outward,5344,4.536,-690.903686523438,link-2,true
outward,5345,3.138,-690.903686523438,link-2,true
outward,5346,4.383,-690.903686523438,link-2,true
outward,5347,3.435,-690.903686523438,link-2,true
outward,5348,3.387,-690.903686523438,link-2,true
outward,5349,5.395,-691.396606445312,link-2,true
outward,5350,3.961,-691.396606445312,link-2,true
outward,5351,3.546,-691.396606445312,link-2,true
outward,5352,3.584,-691.396606445312,link-2,true
outward,5353,4.266,-691.889099121094,link-2,true
outward,5354,4.194,-691.889099121094,link-2,true
outward,5355,4.405,-691.889099121094,link-2,true
outward,5356,2.943,-691.889099121094,link-2,true
outward,5357,2.587,-691.889099121094,link-2,true
outward,5358,5.243,-692.382995605469,link-2,true
outward,5359,3.059,-692.382995605469,link-2,true
outward,5360,3.623,-692.382995605469,link-2,true
outward,5361,3.398,-692.382995605469,link-2,true
outward,5362,5.567,-692.876525878906,link-2,true
outward,5363,3.444,-692.876525878906,link-2,true
outward,5364,2.904,-692.876525878906,link-2,true
outward,5365,3.463,-692.876525878906,link-2,true
outward,5366,3.46,-692.876525878906,link-2,true
outward,5367,4.9,-693.36962890625,link-2,true
outward,5368,3.777,-693.36962890625,link-2,true
outward,5369,3.465,-693.36962890625,link-2,true
outward,5370,3.421,-693.36962890625,link-2,true
outward,5371,4.306,-693.862365722656,link-2,true
outward,5372,3.022,-693.862365722656,link-2,true
outward,5373,4.045,-693.862365722656,link-2,true
outward,5374,3.423,-693.862365722656,link-2,true
outward,5375,3.705,-693.862365722656,link-2,true
outward,5376,4.359,-694.356506347656,link-2,true
outward,5377,3.685,-694.356506347656,link-2,true
outward,5378,3.468,-694.356506347656,link-2,true
outward,5379,3.41,-694.356506347656,link-2,true
outward,5380,5.159,-694.850219726562,link-2,true
outward,5381,3.4,-694.850219726562,link-2,true
outward,5382,3.26,-694.850219726562,link-2,true
outward,5383,3.654,-694.850219726562,link-2,true
outward,5384,3.483,-694.850219726562,link-2,true
outward,5385,4.452,-695.343566894531,link-2,true
outward,5386,4.041,-695.343566894531,link-2,true
outward,5387,3.34,-695.343566894531,link-2,true
outward,5388,3.659,-695.343566894531,link-2,true
outward,5389,4.658,-695.83642578125,link-2,true
outward,5390,4.074,-695.83642578125,link-2,true
outward,5391,3.422,-695.83642578125,link-2,true
outward,5392,3.513,-695.83642578125,link-2,true
outward,5393,4.341,-696.330810546875,link-2,true
outward,5394,2.678,-696.330810546875,link-2,true
outward,5395,4.551,-696.330810546875,link-2,true
outward,5396,3.403,-696.330810546875,link-2,true
outward,5397,3.49,-696.330810546875,link-2,true
outward,5398,4.624,-696.824768066406,link-2,true
outward,5399,4.139,-696.824768066406,link-2,true
outward,5400,3.597,-696.824768066406,link-2,true
outward,5401,3.545,-696.824768066406,link-2,true
outward,5402,4.405,-697.318359375,link-2,true
outward,5403,4.05,-697.318359375,link-2,true
outward,5404,3.292,-697.318359375,link-2,true
outward,5405,3.29,-697.318359375,link-2,true
outward,5406,4.669,-697.811462402344,link-2,true
outward,5407,2.794,-697.811462402344,link-2,true
outward,5408,4.073,-697.811462402344,link-2,true
outward,5409,3.627,-697.811462402344,link-2,true
outward,5410,3.511,-697.811462402344,link-2,true
outward,5411,4.573,-698.306030273438,link-2,true
outward,5412,3.539,-698.306030273438,link-2,true
outward,5413,3.287,-698.306030273438,link-2,true
outward,5414,3.758,-698.306030273438,link-2,true
outward,5415,4.291,-698.800231933594,link-2,true
outward,5416,3.754,-698.800231933594,link-2,true
outward,5417,3.652,-698.800231933594,link-2,true
outward,5418,3.198,-698.800231933594,link-2,true
outward,5419,3.592,-698.800231933594,link-2,true
outward,5420,4.552,-699.2939453125,link-2,true
outward,5421,3.633,-699.2939453125,link-2,true
outward,5422,3.51,-699.2939453125,link-2,true
outward,5423,3.535,-699.2939453125,link-2,true
outward,5424,4.522,-699.787292480469,link-2,true
outward,5425,4.284,-699.787292480469,link-2,true
outward,5426,3.343,-699.787292480469,link-2,true
outward,5427,3.329,-699.787292480469,link-2,true
outward,5428,4.875,-700.282104492188,link-2,true
outward,5429,3.464,-700.282104492188,link-2,true
outward,5430,3.375,-700.282104492188,link-2,true
outward,5431,3.533,-700.282104492188,link-2,true
outward,5432,3.723,-700.282104492188,link-2,true
outward,5433,4.254,-700.776428222656,link-2,true
outward,5434,3.603,-700.776428222656,link-2,true
outward,5435,3.707,-700.776428222656,link-2,true
outward,5436,3.449,-700.776428222656,link-2,true
outward,5437,4.585,-701.270385742188,link-2,true
outward,5438,2.494,-701.270385742188,link-2,true
outward,5439,4.314,-701.270385742188,link-2,true
outward,5440,3.47,-701.270385742188,link-2,true
outward,5441,3.34,-701.270385742188,link-2,true
outward,5442,4.63,-701.763854980469,link-2,true
outward,5443,4.226,-701.763854980469,link-2,true
outward,5444,3.582,-701.763854980469,link-2,true
outward,5445,3.624,-701.763854980469,link-2,true
outward,5446,4.507,-702.2587890625,link-2,true
outward,5447,4.057,-702.2587890625,link-2,true
outward,5448,3.609,-702.2587890625,link-2,true
outward,5449,3.556,-702.2587890625,link-2,true
outward,5450,4.27,-702.753356933594,link-2,true
outward,5451,3.771,-702.753356933594,link-2,true
outward,5452,3.845,-702.753356933594,link-2,true
outward,5453,3.375,-702.753356933594,link-2,true
outward,5454,3.709,-702.753356933594,link-2,true
outward,5455,4.435,-703.247497558594,link-2,true
outward,5456,3.822,-703.247497558594,link-2,true
outward,5457,3.533,-703.247497558594,link-2,true
outward,5458,3.61,-703.247497558594,link-2,true
outward,5459,4.812,-703.7412109375,link-2,true
outward,5460,3.831,-703.7412109375,link-2,true
outward,5461,3.644,-703.7412109375,link-2,true
outward,5462,3.625,-703.7412109375,link-2,true
outward,5463,4.24,-704.234497070312,link-2,true
outward,5464,3.935,-704.234497070312,link-2,true
outward,5465,3.372,-704.234497070312,link-2,true
outward,5466,3.572,-704.234497070312,link-2,true
outward,5467,6.778,-704.729187011719,link-2,true
outward,5468,3.34,-704.729187011719,link-2,true
outward,5469,2.864,-704.729187011719,link-2,true
outward,5470,3.184,-704.729187011719,link-2,true
outward,5471,3.273,-704.729187011719,link-2,true
outward,5472,4.72,-705.223510742188,link-2,true
outward,5473,3.589,-705.223510742188,link-2,true
outward,5474,3.246,-705.223510742188,link-2,true
outward,5475,3.625,-705.223510742188,link-2,true
outward,5476,4.589,-705.717346191406,link-2,true
outward,5477,2.844,-705.717346191406,link-2,true
outward,5478,3.975,-705.717346191406,link-2,true
outward,5479,3.638,-705.717346191406,link-2,true
outward,5480,3.53,-705.717346191406,link-2,true
outward,5481,4.816,-706.210815429688,link-2,true
outward,5482,3.402,-706.210815429688,link-2,true
outward,5483,3.317,-706.210815429688,link-2,true
outward,5484,3.673,-706.210815429688,link-2,true
outward,5485,4.274,-706.705749511719,link-2,true
outward,5486,4.271,-706.705749511719,link-2,true
outward,5487,3.519,-706.705749511719,link-2,true
outward,5488,3.55,-706.705749511719,link-2,true
outward,5489,3.29,-706.705749511719,link-2,true
outward,5490,5.053,-707.2001953125,link-2,true
outward,5491,2.956,-707.2001953125,link-2,true
outward,5492,3.576,-707.2001953125,link-2,true
outward,5493,3.571,-707.2001953125,link-2,true
outward,5494,4.579,-707.694213867188,link-2,true
outward,5495,4.137,-707.694213867188,link-2,true
outward,5496,3.471,-707.694213867188,link-2,true
outward,5497,3.739,-707.694213867188,link-2,true
outward,5498,4.725,-708.187805175781,link-2,true
outward,5499,3.788,-708.187805175781,link-2,true
outward,5500,3.349,-708.187805175781,link-2,true
outward,5501,3.455,-708.187805175781,link-2,true
outward,5502,3.557,-708.187805175781,link-2,true
outward,5503,4.975,-708.682861328125,link-2,true
outward,5504,2.974,-708.682861328125,link-2,true
outward,5505,3.386,-708.682861328125,link-2,true
outward,5506,3.719,-708.682861328125,link-2,true
outward,5507,4.437,-709.177490234375,link-2,true
outward,5508,3.503,-709.177490234375,link-2,true
outward,5509,3.612,-709.177490234375,link-2,true
outward,5510,3.347,-709.177490234375,link-2,true
outward,5511,3.433,-709.177490234375,link-2,true
outward,5512,4.374,-709.671691894531,link-2,true
outward,5513,3.215,-709.671691894531,link-2,true
outward,5514,3.706,-709.671691894531,link-2,true
outward,5515,3.714,-709.671691894531,link-2,true
outward,5516,4.355,-710.165405273438,link-2,true
outward,5517,4.096,-710.165405273438,link-2,true
outward,5518,3.274,-710.165405273438,link-2,true
outward,5519,3.654,-710.165405273438,link-2,true
outward,5520,5.123,-710.660583496094,link-2,true
outward,5521,3.265,-710.660583496094,link-2,true
outward,5522,3.097,-710.660583496094,link-2,true
outward,5523,3.362,-710.660583496094,link-2,true
outward,5524,3.799,-710.660583496094,link-2,true
outward,5525,4.451,-711.155395507812,link-2,true
outward,5526,3.784,-711.155395507812,link-2,true
outward,5527,3.436,-711.155395507812,link-2,true
outward,5528,3.269,-711.155395507812,link-2,true
outward,5529,4.624,-711.649719238281,link-2,true
outward,5530,3.836,-711.649719238281,link-2,true
outward,5531,3.67,-711.649719238281,link-2,true
outward,5532,3.703,-711.649719238281,link-2,true
outward,5533,3.55,-711.649719238281,link-2,true
outward,5534,4.711,-712.143615722656,link-2,true
outward,5535,4.368,-712.143615722656,link-2,true
outward,5536,3.457,-712.143615722656,link-2,true
outward,5537,2.993,-712.143615722656,link-2,true
outward,5538,4.944,-712.638916015625,link-2,true
outward,5539,3.427,-712.638916015625,link-2,true
outward,5540,3.461,-712.638916015625,link-2,true
outward,5541,3.453,-712.638916015625,link-2,true
outward,5542,4.023,-713.133850097656,link-2,true
outward,5543,7.206,-713.133850097656,link-2,true
outward,5544,3.725,-713.133850097656,link-2,true
outward,5545,3.632,-713.133850097656,link-2,true
outward,5546,5.587,-713.628295898438,link-2,true
outward,5547,4.475,-713.628295898438,link-2,true
outward,5548,3.533,-713.628295898438,link-2,true
outward,5549,4.53,-713.628295898438,link-2,true
outward,5550,4.203,-714.122375488281,link-2,true
outward,5551,3.14,-714.122375488281,link-2,true
outward,5552,3.549,-714.122375488281,link-2,true
outward,5553,3.631,-714.122375488281,link-2,true
outward,5554,4.353,-714.617797851562,link-2,true
outward,5555,3.77,-714.617797851562,link-2,true
outward,5556,3.702,-714.617797851562,link-2,true
outward,5557,3.34,-714.617797851562,link-2,true
outward,5558,4.525,-715.112854003906,link-2,true
outward,5559,3.763,-715.112854003906,link-2,true
outward,5560,3.577,-715.112854003906,link-2,true
outward,5561,3.494,-715.112854003906,link-2,true
outward,5562,3.697,-715.112854003906,link-2,true
outward,5563,4.258,-715.607421875,link-2,true
outward,5564,3.792,-715.607421875,link-2,true
outward,5565,3.533,-715.607421875,link-2,true
outward,5566,3.415,-715.607421875,link-2,true
outward,5567,8.626,-716.1015625,link-2,true
outward,5568,2.497,-716.1015625,link-2,true
outward,5569,3.436,-716.1015625,link-2,true
outward,5570,2.794,-716.1015625,link-2,true
outward,5571,4.551,-716.597106933594,link-2,true
outward,5572,3.669,-716.597106933594,link-2,true
outward,5573,3.404,-716.597106933594,link-2,true
outward,5574,3.444,-716.597106933594,link-2,true
outward,5575,4.399,-717.092224121094,link-2,true
outward,5576,2.983,-717.092224121094,link-2,true
outward,5577,3.933,-717.092224121094,link-2,true
outward,5578,3.558,-717.092224121094,link-2,true
outward,5579,3.495,-717.092224121094,link-2,true
outward,5580,4.562,-717.5869140625,link-2,true
outward,5581,3.659,-717.5869140625,link-2,true
outward,5582,3.553,-717.5869140625,link-2,true
outward,5583,3.655,-717.5869140625,link-2,true
outward,5584,4.539,-718.081115722656,link-2,true
outward,5585,4.105,-718.081115722656,link-2,true
outward,5586,3.489,-718.081115722656,link-2,true
outward,5587,3.379,-718.081115722656,link-2,true
outward,5588,3.615,-718.081115722656,link-2,true
outward,5589,4.939,-718.576782226562,link-2,true
outward,5590,3.134,-718.576782226562,link-2,true
outward,5591,3.441,-718.576782226562,link-2,true
outward,5592,3.546,-718.576782226562,link-2,true
outward,5593,4.767,-719.072021484375,link-2,true
outward,5594,3.634,-719.072021484375,link-2,true
outward,5595,3.483,-719.072021484375,link-2,true
outward,5596,3.387,-719.072021484375,link-2,true
outward,5597,4.321,-719.566833496094,link-2,true
outward,5598,3.852,-719.566833496094,link-2,true
outward,5599,3.612,-719.566833496094,link-2,true
outward,5600,3.554,-719.566833496094,link-2,true
outward,5601,3.497,-719.566833496094,link-2,true
outward,5602,4.45,-720.061157226562,link-2,true
outward,5603,3.778,-720.061157226562,link-2,true
outward,5604,3.48,-720.061157226562,link-2,true
outward,5605,3.514,-720.061157226562,link-2,true
outward,5606,4.234,-720.556945800781,link-2,true
outward,5607,3.667,-720.556945800781,link-2,true
outward,5608,3.722,-720.556945800781,link-2,true
outward,5609,3.38,-720.556945800781,link-2,true
outward,5610,3.629,-720.556945800781,link-2,true
outward,5611,4.767,-721.05224609375,link-2,true
outward,5612,3.403,-721.05224609375,link-2,true
outward,5613,3.448,-721.05224609375,link-2,true
outward,5614,4.058,-721.05224609375,link-2,true
outward,5615,4.184,-721.547119140625,link-2,true
outward,5616,3.458,-721.547119140625,link-2,true
outward,5617,3.659,-721.547119140625,link-2,true
outward,5618,3.507,-721.547119140625,link-2,true
outward,5619,4.316,-722.041564941406,link-2,true
outward,5620,3.728,-722.041564941406,link-2,true
outward,5621,3.572,-722.041564941406,link-2,true
outward,5622,3.406,-722.041564941406,link-2,true
outward,5623,3.706,-722.041564941406,link-2,true
outward,5624,4.543,-722.537414550781,link-2,true
outward,5625,3.582,-722.537414550781,link-2,true
outward,5626,3.631,-722.537414550781,link-2,true
outward,5627,3.404,-722.537414550781,link-2,true
outward,5628,4.696,-723.032836914062,link-2,true
outward,5629,4.019,-723.032836914062,link-2,true
outward,5630,3.47,-723.032836914062,link-2,true
outward,5631,3.532,-723.032836914062,link-2,true
outward,5632,3.506,-723.032836914062,link-2,true
outward,5633,4.872,-723.527770996094,link-2,true
outward,5634,2.782,-723.527770996094,link-2,true
outward,5635,3.774,-723.527770996094,link-2,true
outward,5636,3.47,-723.527770996094,link-2,true
outward,5637,4.681,-724.022216796875,link-2,true
outward,5638,3.579,-724.022216796875,link-2,true
outward,5639,3.46,-724.022216796875,link-2,true
outward,5640,3.52,-724.022216796875,link-2,true
outward,5641,4.493,-724.518127441406,link-2,true
outward,5642,2.541,-724.518127441406,link-2,true
outward,5643,4.48,-724.518127441406,link-2,true
outward,5644,3.57,-724.518127441406,link-2,true
outward,5645,3.789,-724.518127441406,link-2,true
outward,5646,4.502,-725.013549804688,link-2,true
outward,5647,3.589,-725.013549804688,link-2,true
outward,5648,7.413,-725.013549804688,link-2,true
outward,5649,2.847,-725.013549804688,link-2,true
outward,5650,5.149,-725.508544921875,link-2,true
outward,5651,3.128,-725.508544921875,link-2,true
outward,5652,3.176,-725.508544921875,link-2,true
outward,5653,3.697,-725.508544921875,link-2,true
outward,5654,3.89,-726.003051757812,link-2,true
outward,5655,3.349,-726.003051757812,link-2,true
outward,5656,3.191,-726.003051757812,link-2,true
outward,5657,3.561,-726.003051757812,link-2,true
outward,5658,5.299,-726.4990234375,link-2,true
outward,5659,2.734,-726.4990234375,link-2,true
outward,5660,3.357,-726.4990234375,link-2,true
outward,5661,3.43,-726.4990234375,link-2,true
outward,5662,3.71,-726.4990234375,link-2,true
outward,5663,5.165,-726.994567871094,link-2,true
outward,5664,2.751,-726.994567871094,link-2,true
outward,5665,3.28,-726.994567871094,link-2,true
outward,5666,3.606,-726.994567871094,link-2,true
outward,5667,6.332,-727.489624023438,link-2,true
outward,5668,3.046,-727.489624023438,link-2,true
outward,5669,2.603,-727.489624023438,link-2,true
outward,5670,3.716,-727.489624023438,link-2,true
outward,5671,4.586,-727.489624023438,link-2,true
outward,5672,4.47,-727.984191894531,link-2,true
outward,5673,2.64,-727.984191894531,link-2,true
outward,5674,3.474,-727.984191894531,link-2,true
outward,5675,3.614,-727.984191894531,link-2,true
outward,5676,5.541,-728.480224609375,link-2,true
outward,5677,2.857,-728.480224609375,link-2,true
outward,5678,3.269,-728.480224609375,link-2,true
outward,5679,3.767,-728.480224609375,link-2,true
outward,5680,5.52,-728.975769042969,link-2,true
outward,5681,3.859,-728.975769042969,link-2,true
outward,5682,14.744,-728.975769042969,link-2,true
outward,5683,15.527,-729.470825195312,link-2,true
outward,5684,18.215,-729.965454101562,link-2,true
outward,5685,17.482,-730.461486816406,link-2,true
outward,5686,15.467,-730.95703125,link-2,true
outward,5687,18.114,-731.4521484375,link-2,true
outward,5688,17.536,-731.946838378906,link-2,true
outward,5689,15.126,-732.44287109375,link-2,true
outward,5690,18.303,-732.9384765625,link-2,true
outward,5691,17.539,-733.433654785156,link-2,true
outward,5692,15.227,-733.928344726562,link-2,true
outward,5693,18.191,-734.424438476562,link-2,true
outward,5694,17.547,-734.920043945312,link-2,true
outward,5695,15.121,-735.415222167969,link-2,true
outward,5696,18.406,-735.909912109375,link-2,true
outward,5697,17.499,-736.406005859375,link-2,true
outward,5698,15.433,-736.901611328125,link-2,true
outward,5699,18.012,-737.396789550781,link-2,true
outward,5700,22.094,-738.385681152344,link-2,true
outward,5701,14.047,-738.881286621094,link-2,true
outward,5702,22.951,-739.376403808594,link-2,true
outward,5703,14.506,-739.87109375,link-2,true
outward,5704,15.292,-740.367126464844,link-2,true
outward,5705,17.938,-740.862670898438,link-2,true
outward,5706,17.374,-741.357727050781,link-2,true
outward,5707,15.296,-741.852355957031,link-2,true
outward,5708,18.225,-742.348388671875,link-2,true
outward,5709,17.542,-742.843933105469,link-2,true
outward,5710,15.03,-743.338989257812,link-2,true
outward,5711,18.213,-743.833557128906,link-2,true
outward,5712,18.122,-744.826904296875,link-2,true
outward,5713,14.583,-745.323791503906,link-2,true
outward,5714,18.206,-745.820190429688,link-2,true
outward,5715,17.457,-746.316101074219,link-2,true
outward,5716,14.988,-746.8115234375,link-2,true
outward,5717,18.323,-747.306457519531,link-2,true
outward,5718,17.412,-747.800903320312,link-2,true
outward,5719,15.292,-748.296752929688,link-2,true
outward,5720,18.124,-748.792175292969,link-2,true
outward,5721,17.636,-749.287109375,link-2,true
outward,5722,14.951,-749.781555175781,link-2,true
outward,5723,18.39,-750.27734375,link-2,true
outward,5724,17.287,-750.772644042969,link-2,true
outward,5725,15.229,-751.267456054688,link-2,true
outward,5726,18.163,-751.761779785156,link-2,true
outward,5727,17.568,-752.257507324219,link-2,true
outward,5728,15.227,-752.752746582031,link-2,true
outward,5729,18.276,-753.247497558594,link-2,true
outward,5730,17.427,-753.741821289062,link-2,true
outward,5731,15.236,-754.237487792969,link-2,true
outward,5732,18.171,-754.732666015625,link-2,true
outward,5733,17.623,-755.227355957031,link-2,true
outward,5734,15.125,-755.721557617188,link-2,true
outward,5735,18.476,-756.217102050781,link-2,true
outward,5736,17.377,-756.712158203125,link-2,true
outward,5737,15.311,-757.206726074219,link-2,true
outward,5738,18.224,-757.700805664062,link-2,true
outward,5739,17.622,-758.1962890625,link-2,true
outward,5740,15.294,-758.691284179688,link-2,true
outward,5741,18.214,-759.185791015625,link-2,true
outward,5742,17.455,-759.679748535156,link-2,true
outward,5743,15.027,-760.175109863281,link-2,true
outward,5744,18.148,-760.670043945312,link-2,true
outward,5745,17.495,-761.164428710938,link-2,true
outward,5746,15.597,-761.658386230469,link-2,true
outward,5747,19.223,-762.153686523438,link-2,true
outward,5748,19.608,-762.648498535156,link-2,true
outward,5749,14.883,-763.142822265625,link-2,true
outward,5750,17.956,-763.636657714844,link-2,true
outward,5751,17.604,-764.1318359375,link-2,true
outward,5752,16.046,-764.626525878906,link-2,true
outward,5753,17.62,-765.120727539062,link-2,true
outward,5754,22.018,-766.107604980469,link-2,true
outward,5755,14.044,-766.602172851562,link-2,true
outward,5756,18.4,-767.096252441406,link-2,true
outward,5757,17.515,-767.58984375,link-2,true
outward,5758,15.315,-768.084777832031,link-2,true
outward,5759,18.402,-768.579223632812,link-2,true
outward,5760,17.603,-769.073181152344,link-2,true
outward,5761,15.071,-769.566650390625,link-2,true
outward,5762,18.101,-770.061462402344,link-2,true
outward,5763,17.566,-770.555786132812,link-2,true
outward,5764,15.238,-771.049621582031,link-2,true
outward,5765,18.213,-771.54296875,link-2,true
outward,5766,17.618,-772.037658691406,link-2,true
outward,5767,14.948,-772.531860351562,link-2,true
outward,5768,18.318,-773.025573730469,link-2,true
outward,5769,17.646,-773.518798828125,link-2,true
outward,5770,14.93,-774.013366699219,link-2,true
outward,5771,18.368,-774.507507324219,link-2,true
outward,5772,17.505,-775.001159667969,link-2,true
outward,5773,14.737,-775.494262695312,link-2,true
outward,5774,12.483,-775.988708496094,link-2,true
outward,5775,3.107,-775.988708496094,link-2,true
outward,5776,5.525,-776.482666015625,link-2,true
outward,5777,3.283,-776.482666015625,link-2,true
outward,5778,4.013,-776.482666015625,link-2,true
outward,5779,3.564,-776.482666015625,link-2,true
outward,5780,4.333,-776.976135253906,link-2,true
outward,5781,3.142,-776.976135253906,link-2,true
outward,5782,2.759,-776.976135253906,link-2,true
outward,5783,4.794,-776.976135253906,link-2,true
outward,5784,4.491,-777.469177246094,link-2,true
outward,5785,2.775,-777.469177246094,link-2,true
outward,5786,3.257,-777.469177246094,link-2,true
outward,5787,5.128,-777.469177246094,link-2,true
outward,5788,3.769,-777.469177246094,link-2,true
outward,5789,4.368,-777.963500976562,link-2,true
outward,5790,3.38,-777.963500976562,link-2,true
outward,5791,4.163,-777.963500976562,link-2,true
outward,5792,3.34,-777.963500976562,link-2,true
outward,5793,4.711,-778.457336425781,link-2,true
outward,5794,7.079,-778.457336425781,link-2,true
outward,5795,2.658,-778.457336425781,link-2,true
outward,5796,3.046,-778.457336425781,link-2,true
outward,5797,3.063,-778.457336425781,link-2,true
outward,5798,4.485,-778.95068359375,link-2,true
outward,5799,2.602,-778.95068359375,link-2,true
outward,5800,4.554,-778.95068359375,link-2,true
outward,5801,3.366,-778.95068359375,link-2,true
outward,5802,4.451,-779.443603515625,link-2,true
outward,5803,3.355,-779.443603515625,link-2,true
outward,5804,3.917,-779.443603515625,link-2,true
outward,5805,3.422,-779.443603515625,link-2,true
outward,5806,3.72,-779.443603515625,link-2,true
outward,5807,4.338,-779.937805175781,link-2,true
outward,5808,2.781,-779.937805175781,link-2,true
outward,5809,3.82,-779.937805175781,link-2,true
outward,5810,3.663,-779.937805175781,link-2,true
outward,5811,4.56,-780.431518554688,link-2,true
outward,5812,3.549,-780.431518554688,link-2,true
outward,5813,3.805,-780.431518554688,link-2,true
outward,5814,3.432,-780.431518554688,link-2,true
outward,5815,3.537,-780.431518554688,link-2,true
outward,5816,4.508,-780.9248046875,link-2,true
outward,5817,2.397,-780.9248046875,link-2,true
outward,5818,4.651,-780.9248046875,link-2,true
outward,5819,3.401,-780.9248046875,link-2,true
outward,5820,4.532,-781.417602539062,link-2,true
outward,5821,2.692,-781.417602539062,link-2,true
outward,5822,4.613,-781.417602539062,link-2,true
outward,5823,3.579,-781.417602539062,link-2,true
outward,5824,3.408,-781.417602539062,link-2,true
outward,5825,4.476,-781.911743164062,link-2,true
outward,5826,3.894,-781.911743164062,link-2,true
outward,5827,3.663,-781.911743164062,link-2,true
outward,5828,3.465,-781.911743164062,link-2,true
outward,5829,4.818,-782.405395507812,link-2,true
outward,5830,3.385,-782.405395507812,link-2,true
outward,5831,3.783,-782.405395507812,link-2,true
outward,5832,3.637,-782.405395507812,link-2,true
outward,5833,3.484,-782.405395507812,link-2,true
outward,5834,4.568,-782.898559570312,link-2,true
outward,5835,4.127,-782.898559570312,link-2,true
outward,5836,3.686,-782.898559570312,link-2,true
outward,5837,3.573,-782.898559570312,link-2,true
outward,5838,4.682,-783.391174316406,link-2,true
outward,5839,4.042,-783.391174316406,link-2,true
outward,5840,3.519,-783.391174316406,link-2,true
outward,5841,3.471,-783.391174316406,link-2,true
outward,5842,3.546,-783.391174316406,link-2,true
outward,5843,4.5,-783.885192871094,link-2,true
outward,5844,3.25,-783.885192871094,link-2,true
outward,5845,3.425,-783.885192871094,link-2,true
outward,5846,3.654,-783.885192871094,link-2,true
outward,5847,4.841,-784.378662109375,link-2,true
outward,5848,3.341,-784.378662109375,link-2,true
outward,5849,3.521,-784.378662109375,link-2,true
outward,5850,3.439,-784.378662109375,link-2,true
outward,5851,3.589,-784.378662109375,link-2,true
outward,5852,5.523,-784.871704101562,link-2,true
outward,5853,2.755,-784.871704101562,link-2,true
outward,5854,3.507,-784.871704101562,link-2,true
outward,5855,3.568,-784.871704101562,link-2,true
outward,5856,4.508,-785.364196777344,link-2,true
outward,5857,3.787,-785.364196777344,link-2,true
outward,5858,3.34,-785.364196777344,link-2,true
outward,5859,3.556,-785.364196777344,link-2,true
outward,5860,3.633,-785.364196777344,link-2,true
outward,5861,6.037,-785.858093261719,link-2,true
outward,5862,2.885,-785.858093261719,link-2,true
outward,5863,3.202,-785.858093261719,link-2,true
outward,5864,3.484,-785.858093261719,link-2,true
outward,5865,4.756,-786.351501464844,link-2,true
outward,5866,3.183,-786.351501464844,link-2,true
outward,5867,3.337,-786.351501464844,link-2,true
outward,5868,3.701,-786.351501464844,link-2,true
outward,5869,3.308,-786.351501464844,link-2,true
outward,5870,5.974,-786.844421386719,link-2,true
outward,5871,2.656,-786.844421386719,link-2,true
outward,5872,3.59,-786.844421386719,link-2,true
outward,5873,3.545,-786.844421386719,link-2,true
outward,5874,5.982,-787.336853027344,link-2,true
outward,5875,2.492,-787.336853027344,link-2,true
outward,5876,3.604,-787.336853027344,link-2,true
outward,5877,3.67,-787.336853027344,link-2,true
outward,5878,4.704,-787.828735351562,link-2,true
outward,5879,3.377,-787.828735351562,link-2,true
outward,5880,3.621,-787.828735351562,link-2,true
outward,5881,3.414,-787.828735351562,link-2,true
outward,5882,3.476,-787.828735351562,link-2,true
outward,5883,5.703,-788.322021484375,link-2,true
outward,5884,2.808,-788.322021484375,link-2,true
outward,5885,3.145,-788.322021484375,link-2,true
outward,5886,3.543,-788.322021484375,link-2,true
outward,5887,5.522,-788.814819335938,link-2,true
outward,5888,2.663,-788.814819335938,link-2,true
outward,5889,3.428,-788.814819335938,link-2,true
outward,5890,3.57,-788.814819335938,link-2,true
outward,5891,4.664,-789.307067871094,link-2,true
outward,5892,3.402,-789.307067871094,link-2,true
outward,5893,3.829,-789.307067871094,link-2,true
outward,5894,3.572,-789.307067871094,link-2,true
outward,5895,5.633,-789.798889160156,link-2,true
outward,5896,3.141,-789.798889160156,link-2,true
outward,5897,2.907,-789.798889160156,link-2,true
outward,5898,3.571,-789.798889160156,link-2,true
outward,5899,4.861,-789.798889160156,link-2,true
outward,5900,6.256,-790.292053222656,link-2,true
outward,5901,3.331,-790.292053222656,link-2,true
outward,5902,3.185,-790.292053222656,link-2,true
outward,5903,3.014,-790.292053222656,link-2,true
outward,5904,5.117,-790.784729003906,link-2,true
outward,5905,2.59,-790.784729003906,link-2,true
outward,5906,3.371,-790.784729003906,link-2,true
outward,5907,3.618,-790.784729003906,link-2,true
outward,5908,3.586,-790.784729003906,link-2,true
outward,5909,5.54,-791.276916503906,link-2,true
outward,5910,2.672,-791.276916503906,link-2,true
outward,5911,3.632,-791.276916503906,link-2,true
outward,5912,3.652,-791.276916503906,link-2,true
outward,5913,5.37,-791.768615722656,link-2,true
outward,5914,2.728,-791.768615722656,link-2,true
outward,5915,3.474,-791.768615722656,link-2,true
outward,5916,3.646,-791.768615722656,link-2,true
outward,5917,4.522,-792.261657714844,link-2,true
outward,5918,3.463,-792.261657714844,link-2,true
outward,5919,3.494,-792.261657714844,link-2,true
outward,5920,3.652,-792.261657714844,link-2,true
outward,5921,3.379,-792.261657714844,link-2,true
outward,5922,5.99,-792.754272460938,link-2,true
outward,5923,2.394,-792.754272460938,link-2,true
outward,5924,3.673,-792.754272460938,link-2,true
outward,5925,3.545,-792.754272460938,link-2,true
outward,5926,5.5,-793.246398925781,link-2,true
outward,5927,2.584,-793.246398925781,link-2,true
outward,5928,3.434,-793.246398925781,link-2,true
outward,5929,4.327,-793.246398925781,link-2,true
outward,5930,4.329,-793.737976074219,link-2,true
outward,5931,3.306,-793.737976074219,link-2,true
outward,5932,3.839,-793.737976074219,link-2,true
outward,5933,3.463,-793.737976074219,link-2,true
outward,5934,3.402,-793.737976074219,link-2,true
outward,5935,6.321,-794.23095703125,link-2,true
outward,5936,2.507,-794.23095703125,link-2,true
outward,5937,3.345,-794.23095703125,link-2,true
outward,5938,3.442,-794.23095703125,link-2,true
outward,5939,5.331,-794.723449707031,link-2,true
outward,5940,2.943,-794.723449707031,link-2,true
outward,5941,3.274,-794.723449707031,link-2,true
outward,5942,3.676,-794.723449707031,link-2,true
outward,5943,5.321,-795.215393066406,link-2,true
outward,5944,6.367,-795.215393066406,link-2,true
outward,5945,4.103,-795.215393066406,link-2,true
outward,5946,10.833,-795.215393066406,link-2,true
outward,5947,3.766,-795.706848144531,link-2,true
outward,5948,3.133,-795.706848144531,link-2,true
outward,5949,2.97,-795.706848144531,link-2,true
outward,5950,3.424,-795.706848144531,link-2,true
outward,5951,4.32,-796.19970703125,link-2,true
outward,5952,2.928,-796.19970703125,link-2,true
outward,5953,3.54,-796.19970703125,link-2,true
outward,5954,3.114,-796.19970703125,link-2,true
outward,5955,5.575,-796.692077636719,link-2,true
outward,5956,2.662,-796.692077636719,link-2,true
outward,5957,3.346,-796.692077636719,link-2,true
outward,5958,3.412,-796.692077636719,link-2,true
outward,5959,5.993,-797.183959960938,link-2,true
outward,5960,2.645,-797.183959960938,link-2,true
outward,5961,3.344,-797.183959960938,link-2,true
outward,5962,3.547,-797.183959960938,link-2,true
outward,5963,4.658,-797.675354003906,link-2,true
outward,5964,3.384,-797.675354003906,link-2,true
outward,5965,3.501,-797.675354003906,link-2,true
outward,5966,3.624,-797.675354003906,link-2,true
outward,5967,3.209,-797.675354003906,link-2,true
outward,5968,5.983,-798.168151855469,link-2,true
outward,5969,2.79,-798.168151855469,link-2,true
outward,5970,3.063,-798.168151855469,link-2,true
outward,5971,3.436,-798.168151855469,link-2,true
outward,5972,4.73,-798.660461425781,link-2,true
outward,5973,3.245,-798.660461425781,link-2,true
outward,5974,3.404,-798.660461425781,link-2,true
outward,5975,4.881,-798.660461425781,link-2,true
outward,5976,3.551,-799.152282714844,link-2,true
outward,5977,3.26,-799.152282714844,link-2,true
outward,5978,3.422,-799.152282714844,link-2,true
outward,5979,3.42,-799.152282714844,link-2,true
outward,5980,3.464,-799.152282714844,link-2,true
outward,5981,4.713,-799.643615722656,link-2,true
outward,5982,3.251,-799.643615722656,link-2,true
outward,5983,3.431,-799.643615722656,link-2,true
outward,5984,3.645,-799.643615722656,link-2,true
outward,5985,4.764,-800.136291503906,link-2,true
outward,5986,3.335,-800.136291503906,link-2,true
outward,5987,3.573,-800.136291503906,link-2,true
outward,5988,3.524,-800.136291503906,link-2,true
outward,5989,3.655,-800.136291503906,link-2,true
outward,5990,5.822,-800.628479003906,link-2,true
outward,5991,2.534,-800.628479003906,link-2,true
outward,5992,3.44,-800.628479003906,link-2,true
outward,5993,3.652,-800.628479003906,link-2,true
outward,5994,5.365,-801.120178222656,link-2,true
outward,5995,2.661,-801.120178222656,link-2,true
outward,5996,3.376,-801.120178222656,link-2,true
outward,5997,3.486,-801.120178222656,link-2,true
outward,5998,3.443,-801.120178222656,link-2,true
outward,5999,5.855,-801.611389160156,link-2,true
outward,6000,2.772,-801.611389160156,link-2,true
outward,6001,3.002,-801.611389160156,link-2,true
outward,6002,3.76,-801.611389160156,link-2,true
outward,6003,4.426,-802.10400390625,link-2,true
outward,6004,3.108,-802.10400390625,link-2,true
outward,6005,3.213,-802.10400390625,link-2,true
outward,6006,3.94,-802.10400390625,link-2,true
outward,6007,3.425,-802.10400390625,link-2,true
outward,6008,5.955,-802.596130371094,link-2,true
outward,6009,3.034,-802.596130371094,link-2,true
outward,6010,2.829,-802.596130371094,link-2,true
outward,6011,3.525,-802.596130371094,link-2,true
outward,6012,5.338,-803.087768554688,link-2,true
outward,6013,2.787,-803.087768554688,link-2,true
outward,6014,3.451,-803.087768554688,link-2,true
outward,6015,3.638,-803.087768554688,link-2,true
outward,6016,3.348,-803.087768554688,link-2,true
outward,6017,5.874,-803.578918457031,link-2,true
outward,6018,2.613,-803.578918457031,link-2,true
outward,6019,2.972,-803.578918457031,link-2,true
outward,6020,3.68,-803.578918457031,link-2,true
outward,6021,4.842,-804.071411132812,link-2,true
outward,6022,2.88,-804.071411132812,link-2,true
outward,6023,3.272,-804.071411132812,link-2,true
outward,6024,4.109,-804.071411132812,link-2,true
outward,6025,3.174,-804.071411132812,link-2,true
outward,6026,6.402,-804.563415527344,link-2,true
outward,6027,2.566,-804.563415527344,link-2,true
outward,6028,2.634,-804.563415527344,link-2,true
outward,6029,3.662,-804.563415527344,link-2,true
outward,6030,5.694,-805.054992675781,link-2,true
outward,6031,2.498,-805.054992675781,link-2,true
outward,6032,3.478,-805.054992675781,link-2,true
outward,6033,3.449,-805.054992675781,link-2,true
outward,6034,4.461,-805.546081542969,link-2,true
outward,6035,3.904,-805.546081542969,link-2,true
outward,6036,3.422,-805.546081542969,link-2,true
outward,6037,3.84,-805.546081542969,link-2,true
outward,6038,3.41,-805.546081542969,link-2,true
outward,6039,5.858,-806.038513183594,link-2,true
outward,6040,2.509,-806.038513183594,link-2,true
outward,6041,3.422,-806.038513183594,link-2,true
outward,6042,3.569,-806.038513183594,link-2,true
outward,6043,4.758,-806.530456542969,link-2,true
outward,6044,3.217,-806.530456542969,link-2,true
outward,6045,3.44,-806.530456542969,link-2,true
outward,6046,3.673,-806.530456542969,link-2,true
outward,6047,3.412,-806.530456542969,link-2,true
outward,6048,6.011,-807.021911621094,link-2,true
outward,6049,2.6,-807.021911621094,link-2,true
outward,6050,3.287,-807.021911621094,link-2,true
outward,6051,3.511,-807.021911621094,link-2,true
outward,6052,6.012,-807.512878417969,link-2,true
outward,6053,2.632,-807.512878417969,link-2,true
outward,6054,3.153,-807.512878417969,link-2,true
outward,6055,3.591,-807.512878417969,link-2,true
outward,6056,4.145,-808.005249023438,link-2,true
outward,6057,3.823,-808.005249023438,link-2,true
outward,6058,3.282,-808.005249023438,link-2,true
outward,6059,3.433,-808.005249023438,link-2,true
outward,6060,3.6,-808.005249023438,link-2,true
outward,6061,6.211,-808.497131347656,link-2,true
outward,6062,2.598,-808.497131347656,link-2,true
outward,6063,3.099,-808.497131347656,link-2,true
outward,6064,3.561,-808.497131347656,link-2,true
outward,6065,4.729,-808.988525390625,link-2,true
outward,6066,3.386,-808.988525390625,link-2,true
outward,6067,3.489,-808.988525390625,link-2,true
outward,6068,3.391,-808.988525390625,link-2,true
outward,6069,3.337,-808.988525390625,link-2,true
outward,6070,5.777,-809.4794921875,link-2,true
outward,6071,2.675,-809.4794921875,link-2,true
outward,6072,3.359,-809.4794921875,link-2,true
outward,6073,3.633,-809.4794921875,link-2,true
outward,6074,4.887,-809.971862792969,link-2,true
outward,6075,2.932,-809.971862792969,link-2,true
outward,6076,3.228,-809.971862792969,link-2,true
outward,6077,3.705,-809.971862792969,link-2,true
outward,6078,3.514,-809.971862792969,link-2,true
outward,6079,5.671,-810.463684082031,link-2,true
outward,6080,3.093,-810.463684082031,link-2,true
outward,6081,2.986,-810.463684082031,link-2,true
outward,6082,3.452,-810.463684082031,link-2,true
outward,6083,5.346,-810.955078125,link-2,true
outward,6084,2.656,-810.955078125,link-2,true
outward,6085,3.317,-810.955078125,link-2,true
outward,6086,3.683,-810.955078125,link-2,true
outward,6087,3.384,-810.955078125,link-2,true
outward,6088,5.717,-811.445983886719,link-2,true
outward,6089,2.692,-811.445983886719,link-2,true
outward,6090,3.501,-811.445983886719,link-2,true
outward,6091,3.277,-811.445983886719,link-2,true
outward,6092,6.061,-811.938232421875,link-2,true
outward,6093,2.641,-811.938232421875,link-2,true
outward,6094,3.757,-811.938232421875,link-2,true
outward,6095,3.401,-811.938232421875,link-2,true
outward,6096,4.528,-812.429992675781,link-2,true
outward,6097,3.38,-812.429992675781,link-2,true
outward,6098,3.471,-812.429992675781,link-2,true
outward,6099,3.496,-812.429992675781,link-2,true
outward,6100,3.587,-812.429992675781,link-2,true
outward,6101,6.015,-812.921325683594,link-2,true
outward,6102,3.075,-812.921325683594,link-2,true
outward,6103,2.814,-812.921325683594,link-2,true
outward,6104,3.631,-812.921325683594,link-2,true
outward,6105,5.835,-813.412170410156,link-2,true
outward,6106,2.804,-813.412170410156,link-2,true
outward,6107,3.258,-813.412170410156,link-2,true
outward,6108,3.812,-813.412170410156,link-2,true
outward,6109,4.414,-813.904357910156,link-2,true
outward,6110,2.854,-813.904357910156,link-2,true
outward,6111,3.564,-813.904357910156,link-2,true
outward,6112,3.348,-813.904357910156,link-2,true
outward,6113,3.549,-813.904357910156,link-2,true
outward,6114,5.512,-814.396118164062,link-2,true
outward,6115,2.655,-814.396118164062,link-2,true
outward,6116,3.473,-814.396118164062,link-2,true
outward,6117,3.681,-814.396118164062,link-2,true
outward,6118,4.444,-814.887390136719,link-2,true
outward,6119,3.238,-814.887390136719,link-2,true
outward,6120,3.537,-814.887390136719,link-2,true
outward,6121,3.484,-814.887390136719,link-2,true
outward,6122,3.466,-814.887390136719,link-2,true
outward,6123,5.753,-815.378173828125,link-2,true
outward,6124,2.587,-815.378173828125,link-2,true
outward,6125,3.72,-815.378173828125,link-2,true
outward,6126,3.492,-815.378173828125,link-2,true
outward,6127,5.411,-815.870361328125,link-2,true
outward,6128,2.525,-815.870361328125,link-2,true
outward,6129,3.699,-815.870361328125,link-2,true
outward,6130,3.379,-815.870361328125,link-2,true
outward,6131,3.522,-815.870361328125,link-2,true
outward,6132,4.23,-816.362060546875,link-2,true
outward,6133,2.715,-816.362060546875,link-2,true
outward,6134,3.602,-816.362060546875,link-2,true
outward,6135,5.771,-816.362060546875,link-2,true
outward,6136,4.068,-816.853271484375,link-2,true
outward,6137,2.651,-816.853271484375,link-2,true
outward,6138,2.938,-816.853271484375,link-2,true
outward,6139,4.988,-816.853271484375,link-2,true
outward,6140,4.55,-817.344055175781,link-2,true
outward,6141,2.516,-817.344055175781,link-2,true
outward,6142,3.606,-817.344055175781,link-2,true
outward,6143,3.463,-817.344055175781,link-2,true
outward,6144,4.745,-817.344055175781,link-2,true
outward,6145,4.323,-817.836181640625,link-2,true
outward,6146,2.52,-817.836181640625,link-2,true
outward,6147,3.482,-817.836181640625,link-2,true
outward,6148,4.848,-817.836181640625,link-2,true
outward,6149,4.357,-818.327880859375,link-2,true
outward,6150,2.512,-818.327880859375,link-2,true
outward,6151,3.685,-818.327880859375,link-2,true
outward,6152,3.696,-818.327880859375,link-2,true
outward,6153,4.356,-818.327880859375,link-2,true
outward,6154,4.412,-818.819091796875,link-2,true
outward,6155,2.615,-818.819091796875,link-2,true
outward,6156,3.63,-818.819091796875,link-2,true
outward,6157,4.991,-818.819091796875,link-2,true
outward,6158,4.075,-819.309814453125,link-2,true
outward,6159,2.736,-819.309814453125,link-2,true
outward,6160,3.468,-819.309814453125,link-2,true
outward,6161,3.551,-819.309814453125,link-2,true
outward,6162,5.19,-819.801940917969,link-2,true
outward,6163,2.63,-819.801940917969,link-2,true
outward,6164,3.453,-819.801940917969,link-2,true
outward,6165,3.676,-819.801940917969,link-2,true
outward,6166,4.618,-819.801940917969,link-2,true
outward,6167,4.346,-820.293579101562,link-2,true
outward,6168,3.028,-820.293579101562,link-2,true
outward,6169,3.053,-820.293579101562,link-2,true
outward,6170,5.463,-820.293579101562,link-2,true
outward,6171,3.958,-820.784729003906,link-2,true
outward,6172,2.576,-820.784729003906,link-2,true
outward,6173,3.682,-820.784729003906,link-2,true
outward,6174,3.457,-820.784729003906,link-2,true
outward,6175,4.55,-820.784729003906,link-2,true
outward,6176,4.351,-821.275451660156,link-2,true
outward,6177,2.953,-821.275451660156,link-2,true
outward,6178,3.119,-821.275451660156,link-2,true
outward,6179,4.771,-821.275451660156,link-2,true
outward,6180,4.604,-821.767517089844,link-2,true
outward,6181,2.857,-821.767517089844,link-2,true
outward,6182,3.549,-821.767517089844,link-2,true
outward,6183,4.212,-821.767517089844,link-2,true
outward,6184,4.684,-822.259155273438,link-2,true
outward,6185,2.995,-822.259155273438,link-2,true
outward,6186,2.927,-822.259155273438,link-2,true
outward,6187,3.382,-822.259155273438,link-2,true
outward,6188,12.914,-822.750305175781,link-2,true
outward,6189,13.807,-822.750305175781,link-2,true
outward,6190,20.607,-823.241027832031,link-2,true
outward,6191,14.395,-823.733093261719,link-2,true
outward,6192,23.188,-824.715881347656,link-2,true
outward,6193,14.221,-825.206604003906,link-2,true
outward,6194,19.805,-825.698669433594,link-2,true
outward,6195,15.119,-826.190307617188,link-2,true
outward,6196,18.128,-826.681457519531,link-2,true
outward,6197,17.248,-827.172180175781,link-2,true
outward,6198,15.25,-827.664245605469,link-2,true
outward,6199,18.166,-828.155883789062,link-2,true
outward,6200,17.39,-828.647033691406,link-2,true
outward,6201,15.371,-829.137756347656,link-2,true
outward,6202,18.218,-829.629821777344,link-2,true
outward,6203,17.336,-830.121459960938,link-2,true
outward,6204,15.16,-830.612609863281,link-2,true
outward,6205,18.094,-831.103332519531,link-2,true
outward,6206,17.336,-831.595458984375,link-2,true
outward,6207,15.144,-832.087097167969,link-2,true
outward,6208,18.229,-832.578308105469,link-2,true
outward,6209,17.262,-833.069030761719,link-2,true
outward,6210,15.075,-833.559326171875,link-2,true
outward,6211,18.209,-834.051025390625,link-2,true
outward,6212,17.351,-834.542236328125,link-2,true
outward,6213,15.082,-835.033020019531,link-2,true
outward,6214,18.142,-835.523315429688,link-2,true
outward,6215,17.12,-836.015014648438,link-2,true
outward,6216,15.164,-836.506286621094,link-2,true
outward,6217,18.086,-836.9970703125,link-2,true
outward,6218,18.236,-837.977294921875,link-2,true
outward,6219,14.434,-838.468566894531,link-2,true
outward,6220,17.942,-838.959411621094,link-2,true
outward,6221,21.821,-839.449829101562,link-2,true
outward,6222,14.337,-839.941650390625,link-2,true
outward,6223,18.186,-840.432983398438,link-2,true
outward,6224,17.372,-840.923889160156,link-2,true
outward,6225,15.19,-841.414306640625,link-2,true
outward,6226,18.284,-841.906127929688,link-2,true
outward,6227,17.463,-842.397521972656,link-2,true
outward,6228,15.025,-842.888488769531,link-2,true
outward,6229,17.997,-843.378967285156,link-2,true
outward,6230,17.498,-843.870849609375,link-2,true
outward,6231,14.921,-844.3623046875,link-2,true
outward,6232,18.221,-844.853332519531,link-2,true
outward,6233,17.417,-845.343872070312,link-2,true
outward,6234,15.116,-845.835876464844,link-2,true
outward,6235,18.197,-846.327392578125,link-2,true
outward,6236,17.308,-846.818481445312,link-2,true
outward,6237,15.329,-847.309143066406,link-2,true
outward,6238,18.143,-847.801208496094,link-2,true
outward,6239,17.5,-848.292785644531,link-2,true
outward,6240,15.455,-848.783935546875,link-2,true
outward,6241,18.166,-849.274658203125,link-2,true
outward,6242,17.367,-849.766784667969,link-2,true
outward,6243,15.112,-850.258483886719,link-2,true
outward,6244,18.37,-850.749694824219,link-2,true
outward,6245,17.321,-851.240478515625,link-2,true
outward,6246,15.47,-851.732666015625,link-2,true
outward,6247,18.251,-852.224426269531,link-2,true
outward,6248,17.327,-852.715759277344,link-2,true
outward,6249,15.148,-853.206604003906,link-2,true
outward,6250,18.303,-853.698913574219,link-2,true
outward,6251,17.856,-854.190734863281,link-2,true
outward,6252,15.194,-854.68212890625,link-2,true
outward,6253,18.313,-855.173095703125,link-2,true
outward,6254,17.437,-855.665466308594,link-2,true
outward,6255,15.23,-856.157409667969,link-2,true
outward,6256,18.098,-856.64892578125,link-2,true
outward,6257,17.239,-857.140014648438,link-2,true
outward,6258,15.305,-857.632507324219,link-2,true
outward,6259,18.219,-858.124572753906,link-2,true
outward,6260,17.221,-858.616149902344,link-2,true
outward,6261,14.942,-859.107299804688,link-2,true
outward,6262,18.157,-859.599853515625,link-2,true
outward,6263,17.349,-860.091979980469,link-2,true
outward,6264,14.976,-860.583679199219,link-2,true
outward,6265,14.4,-861.074951171875,link-2,true
outward,6266,18.997,-861.567626953125,link-2,true
outward,6267,17.456,-862.059875488281,link-2,true
outward,6268,15.081,-862.551696777344,link-2,true
outward,6269,18.296,-863.043090820312,link-2,true
outward,6270,17.71,-863.535888671875,link-2,true
outward,6271,15.101,-864.028259277344,link-2,true
outward,6272,18.061,-864.520202636719,link-2,true
outward,6273,17.369,-865.011657714844,link-2,true
outward,6274,15.06,-865.504577636719,link-2,true
outward,6275,18.03,-865.997009277344,link-2,true
outward,6276,18.137,-866.980590820312,link-2,true
outward,6277,14.466,-867.4736328125,link-2,true
outward,6278,22.628,-867.966186523438,link-2,true
outward,6279,14.425,-868.458312988281,link-2,true
outward,6280,15.2,-868.950012207031,link-2,true
outward,6281,17.7,-869.443115234375,link-2,true
outward,6282,17.551,-869.935791015625,link-2,true
outward,6283,15.17,-870.428039550781,link-2,true
outward,6284,18.267,-870.919860839844,link-2,true
outward,6285,17.302,-871.4130859375,link-2,true
outward,6286,15.358,-871.905883789062,link-2,true
outward,6287,17.946,-872.398254394531,link-2,true
outward,6288,17.372,-872.890197753906,link-2,true
outward,6289,15.43,-873.383544921875,link-2,true
outward,6290,17.804,-873.87646484375,link-2,true
outward,6291,17.643,-874.368957519531,link-2,true
outward,6292,15.382,-874.861022949219,link-2,true
outward,6293,18.118,-875.3544921875,link-2,true
outward,6294,17.577,-875.847534179688,link-2,true
outward,6295,15.126,-876.340148925781,link-2,true
outward,6296,18.233,-876.832336425781,link-2,true
outward,6297,17.369,-877.324096679688,link-2,true
outward,6298,15.345,-877.817260742188,link-2,true
outward,6299,18.003,-878.309997558594,link-2,true
outward,6300,17.72,-878.802307128906,link-2,true
outward,6301,15.109,-879.294189453125,link-2,true
outward,6302,17.943,-879.787475585938,link-2,true
outward,6303,17.698,-880.280334472656,link-2,true
outward,6304,15.035,-880.772766113281,link-2,true
outward,6305,18.271,-881.264770507812,link-2,true
outward,6306,17.571,-881.758178710938,link-2,true
outward,6307,15.113,-882.251159667969,link-2,true
outward,6308,18.011,-882.743713378906,link-2,true
outward,6309,17.535,-883.23583984375,link-2,true
outward,6310,15.069,-883.729370117188,link-2,true
outward,6311,18.198,-884.222473144531,link-2,true
outward,6312,17.364,-884.715148925781,link-2,true
outward,6313,14.899,-885.207397460938,link-2,true
outward,6314,17.967,-885.701110839844,link-2,true
outward,6315,17.413,-886.1943359375,link-2,true
outward,6316,15.204,-886.687133789062,link-2,true
outward,6317,17.843,-887.179504394531,link-2,true
outward,6318,17.625,-887.67333984375,link-2,true
outward,6319,14.95,-888.166748046875,link-2,true
outward,6320,18.111,-888.65966796875,link-2,true
outward,6321,17.291,-889.152160644531,link-2,true
outward,6322,15.165,-889.646118164062,link-2,true
outward,6323,20.101,-890.1396484375,link-2,true
outward,6324,15.058,-890.632690429688,link-2,true
outward,6325,14.861,-891.125305175781,link-2,true
outward,6326,17.903,-891.619384765625,link-2,true
outward,6327,17.403,-892.113037109375,link-2,true
outward,6328,15.081,-892.606201171875,link-2,true
outward,6329,18.144,-893.098937988281,link-2,true
outward,6330,17.376,-893.593139648438,link-2,true
outward,6331,14.991,-894.0869140625,link-2,true
outward,6332,18.097,-894.580200195312,link-2,true
outward,6333,17.407,-895.073059082031,link-2,true
outward,6334,15.05,-895.5673828125,link-2,true
outward,6335,18.355,-896.061279296875,link-2,true
outward,6336,17.391,-896.5546875,link-2,true
outward,6337,15.264,-897.047668457031,link-2,true
outward,6338,17.862,-897.542114257812,link-2,true
outward,6339,17.492,-898.0361328125,link-2,true
outward,6340,15.434,-898.529663085938,link-2,true
outward,6341,17.75,-899.022766113281,link-2,true
outward,6342,17.629,-899.517333984375,link-2,true
outward,6343,15.182,-900.011413574219,link-2,true
outward,6344,18.276,-900.505065917969,link-2,true
outward,6345,17.881,-901.491088867188,link-2,true
outward,6346,14.773,-901.985290527344,link-2,true
outward,6347,18.218,-902.479064941406,link-2,true
outward,6348,17.594,-902.972412109375,link-2,true
outward,6349,15.042,-903.467163085938,link-2,true
outward,6350,18.272,-903.961486816406,link-2,true
outward,6351,17.684,-904.455383300781,link-2,true
outward,6352,15.317,-904.948852539062,link-2,true
outward,6353,18.085,-905.443725585938,link-2,true
outward,6354,17.715,-905.938171386719,link-2,true
outward,6355,14.985,-906.432189941406,link-2,true
outward,6356,18.293,-906.92578125,link-2,true
outward,6357,17.579,-907.420776367188,link-2,true
outward,6358,15.259,-907.915344238281,link-2,true
outward,6359,18.037,-908.409484863281,link-2,true
outward,6360,17.775,-908.903137207031,link-2,true
outward,6361,15.004,-909.398254394531,link-2,true
outward,6362,18.293,-909.892944335938,link-2,true
outward,6363,21.6,-910.387145996094,link-2,true
outward,6364,14.769,-910.880920410156,link-2,true
outward,6365,18.502,-911.376098632812,link-2,true
outward,6366,17.491,-911.870849609375,link-2,true
outward,6367,15.276,-912.365173339844,link-2,true
outward,6368,18.256,-912.859069824219,link-2,true
outward,6369,17.377,-913.354370117188,link-2,true
outward,6370,15.323,-913.849243164062,link-2,true
outward,6371,18.484,-914.343627929688,link-2,true
outward,6372,17.522,-914.837585449219,link-2,true
outward,6373,15.367,-915.332946777344,link-2,true
outward,6374,18.354,-915.827880859375,link-2,true
outward,6375,17.439,-916.322387695312,link-2,true
outward,6376,15.316,-916.816467285156,link-2,true
outward,6377,18.425,-917.311950683594,link-2,true
outward,6378,17.508,-917.807006835938,link-2,true
outward,6379,15.066,-918.301574707031,link-2,true
outward,6380,18.265,-918.795715332031,link-2,true
outward,6381,17.305,-919.291259765625,link-2,true
outward,6382,15.219,-919.786376953125,link-2,true
outward,6383,18.853,-920.775329589844,link-2,true
outward,6384,16.773,-921.27099609375,link-2,true
outward,6385,15.224,-921.766235351562,link-2,true
outward,6386,18.245,-922.260986328125,link-2,true
outward,6387,17.286,-922.755310058594,link-2,true
outward,6388,15.017,-923.251037597656,link-2,true
outward,6389,18.384,-923.746337890625,link-2,true
outward,6390,17.551,-924.2412109375,link-2,true
outward,6391,14.396,-924.735595703125,link-2,true
outward,6392,18.263,-925.231384277344,link-2,true
outward,6393,17.259,-925.726745605469,link-2,true
outward,6394,15.366,-926.2216796875,link-2,true
outward,6395,18.202,-926.716186523438,link-2,true
outward,6396,17.491,-927.212097167969,link-2,true
outward,6397,15.137,-927.70751953125,link-2,true
outward,6398,18.06,-928.202514648438,link-2,true
outward,6399,17.661,-928.697082519531,link-2,true
outward,6400,15.162,-929.191162109375,link-2,true
outward,6401,18.181,-929.686706542969,link-2,true
outward,6402,20.16,-930.181762695312,link-2,true
outward,6403,12.638,-930.676391601562,link-2,true
outward,6404,20.834,-931.170532226562,link-2,true
outward,6405,18.355,-931.666137695312,link-2,true
outward,6406,14.491,-932.161254882812,link-2,true
outward,6407,18.339,-932.655944824219,link-2,true
outward,6408,17.317,-933.150207519531,link-2,true
outward,6409,15.367,-933.645874023438,link-2,true
outward,6410,18.386,-934.141052246094,link-2,true
outward,6411,17.215,-934.635803222656,link-2,true
outward,6412,15.299,-935.130126953125,link-2,true
outward,6413,18.383,-935.625854492188,link-2,true
outward,6414,17.266,-936.12109375,link-2,true
outward,6415,15.115,-936.615905761719,link-2,true
outward,6416,18.496,-937.110290527344,link-2,true
outward,6417,17.437,-937.606079101562,link-2,true
outward,6418,15.214,-938.101379394531,link-2,true
outward,6419,18.42,-938.596252441406,link-2,true
outward,6420,17.329,-939.090637207031,link-2,true
outward,6421,15.568,-939.586486816406,link-2,true
outward,6422,17.864,-940.081848144531,link-2,true
outward,6423,22.03,-941.071228027344,link-2,true
outward,6424,14.264,-941.567138671875,link-2,true
outward,6425,22.589,-942.062561035156,link-2,true
outward,6426,14.898,-942.557556152344,link-2,true
outward,6427,14.913,-943.052062988281,link-2,true
outward,6428,18.206,-943.547973632812,link-2,true
outward,6429,17.55,-944.04345703125,link-2,true
outward,6430,14.859,-944.538452148438,link-2,true
outward,6431,18.265,-945.033020019531,link-2,true
outward,6432,17.389,-945.528991699219,link-2,true
outward,6433,15.162,-946.024536132812,link-2,true
outward,6434,17.837,-946.519592285156,link-2,true
outward,6435,17.474,-947.014221191406,link-2,true
outward,6436,15.18,-947.51025390625,link-2,true
outward,6437,18.09,-948.005798339844,link-2,true
outward,6438,17.428,-948.500915527344,link-2,true
outward,6439,15.278,-948.995544433594,link-2,true
outward,6440,17.793,-949.491577148438,link-2,true
outward,6441,17.68,-949.987182617188,link-2,true
outward,6442,15.024,-950.482299804688,link-2,true
outward,6443,17.807,-950.976989746094,link-2,true
outward,6444,17.877,-951.473083496094,link-2,true
outward,6445,14.771,-951.968688964844,link-2,true
outward,6446,18.108,-952.4638671875,link-2,true
outward,6447,17.255,-952.958557128906,link-2,true
outward,6448,15.3,-953.454711914062,link-2,true
outward,6449,18.127,-953.950378417969,link-2,true
outward,6450,17.23,-954.445617675781,link-2,true
outward,6451,15.317,-954.940368652344,link-2,true
outward,6452,17.929,-955.4365234375,link-2,true
outward,6453,17.362,-955.932250976562,link-2,true
outward,6454,14.972,-956.427490234375,link-2,true
outward,6455,18.274,-956.922302246094,link-2,true
outward,6456,17.109,-957.418518066406,link-2,true
outward,6457,14.954,-957.914245605469,link-2,true
outward,6458,18.142,-958.409545898438,link-2,true
outward,6459,17.399,-958.904357910156,link-2,true
outward,6460,15.266,-959.400573730469,link-2,true
outward,6461,18.044,-959.896362304688,link-2,true
outward,6462,17.416,-960.391662597656,link-2,true
outward,6463,15.286,-960.886474609375,link-2,true
outward,6464,17.628,-961.382751464844,link-2,true
outward,6465,17.734,-961.878540039062,link-2,true
outward,6466,14.783,-962.373901367188,link-2,true
outward,6467,10.86,-962.868774414062,link-2,true
outward,6468,4.843,-963.365051269531,link-2,true
outward,6469,3.266,-963.365051269531,link-2,true
outward,6470,3.347,-963.365051269531,link-2,true
outward,6471,3.438,-963.365051269531,link-2,true
outward,6472,3.411,-963.365051269531,link-2,true
outward,6473,4.729,-963.86083984375,link-2,true
outward,6474,3.347,-963.86083984375,link-2,true
outward,6475,3.542,-963.86083984375,link-2,true
outward,6476,3.362,-963.86083984375,link-2,true
outward,6477,3.691,-963.86083984375,link-2,true
outward,6478,4.558,-964.356201171875,link-2,true
outward,6479,3.523,-964.356201171875,link-2,true
outward,6480,3.468,-964.356201171875,link-2,true
outward,6481,3.561,-964.356201171875,link-2,true
outward,6482,3.251,-964.356201171875,link-2,true
outward,6483,5.513,-964.85107421875,link-2,true
outward,6484,3.073,-964.85107421875,link-2,true
outward,6485,3.146,-964.85107421875,link-2,true
outward,6486,3.66,-964.85107421875,link-2,true
outward,6487,3.572,-964.85107421875,link-2,true
outward,6488,6.139,-965.347351074219,link-2,true
outward,6489,3.047,-965.347351074219,link-2,true
outward,6490,2.741,-965.347351074219,link-2,true
outward,6491,3.416,-965.347351074219,link-2,true
outward,6492,4.967,-965.347351074219,link-2,true
outward,6493,4.717,-965.843200683594,link-2,true
outward,6494,2.92,-965.843200683594,link-2,true
outward,6495,2.993,-965.843200683594,link-2,true
outward,6496,5.003,-965.843200683594,link-2,true
outward,6497,4.124,-966.338562011719,link-2,true
outward,6498,2.605,-966.338562011719,link-2,true
outward,6499,4.665,-966.338562011719,link-2,true
outward,6500,5.035,-966.338562011719,link-2,true
outward,6501,2.94,-966.338562011719,link-2,true
outward,6502,3.794,-966.83349609375,link-2,true
outward,6503,2.725,-966.83349609375,link-2,true
outward,6504,3.055,-966.83349609375,link-2,true
outward,6505,4.978,-966.83349609375,link-2,true
outward,6506,4.237,-967.329833984375,link-2,true
outward,6507,2.811,-967.329833984375,link-2,true
outward,6508,3.525,-967.329833984375,link-2,true
outward,6509,3.37,-967.329833984375,link-2,true
outward,6510,4.436,-967.329833984375,link-2,true
outward,6511,4.677,-967.82568359375,link-2,true
outward,6512,2.721,-967.82568359375,link-2,true
outward,6513,3.261,-967.82568359375,link-2,true
outward,6514,4.765,-967.82568359375,link-2,true
outward,6515,4.199,-968.321105957031,link-2,true
outward,6516,2.631,-968.321105957031,link-2,true
outward,6517,3.658,-968.321105957031,link-2,true
outward,6518,3.357,-968.321105957031,link-2,true
outward,6519,4.335,-968.321105957031,link-2,true
outward,6520,4.524,-968.816040039062,link-2,true
outward,6521,3.031,-968.816040039062,link-2,true
outward,6522,3.135,-968.816040039062,link-2,true
outward,6523,4.641,-968.816040039062,link-2,true
outward,6524,4.445,-969.312377929688,link-2,true
outward,6525,2.735,-969.312377929688,link-2,true
outward,6526,3.245,-969.312377929688,link-2,true
outward,6527,4.728,-969.312377929688,link-2,true
outward,6528,3.856,-969.312377929688,link-2,true
outward,6529,4.396,-969.808227539062,link-2,true
outward,6530,3.213,-969.808227539062,link-2,true
outward,6531,2.778,-969.808227539062,link-2,true
outward,6532,4.31,-969.808227539062,link-2,true
outward,6533,4.378,-970.303649902344,link-2,true
outward,6534,2.638,-970.303649902344,link-2,true
outward,6535,3.492,-970.303649902344,link-2,true
outward,6536,4.684,-970.303649902344,link-2,true
outward,6537,3.661,-970.303649902344,link-2,true
outward,6538,4.179,-970.798583984375,link-2,true
outward,6539,3.355,-970.798583984375,link-2,true
outward,6540,4.205,-970.798583984375,link-2,true
outward,6541,3.523,-970.798583984375,link-2,true
outward,6542,4.241,-971.294921875,link-2,true
outward,6543,2.648,-971.294921875,link-2,true
outward,6544,3.476,-971.294921875,link-2,true
outward,6545,5.2,-971.294921875,link-2,true
outward,6546,3.357,-971.294921875,link-2,true
outward,6547,4.493,-971.790832519531,link-2,true
outward,6548,3.257,-971.790832519531,link-2,true
outward,6549,4.208,-971.790832519531,link-2,true
outward,6550,3.546,-971.790832519531,link-2,true
outward,6551,4.272,-972.286254882812,link-2,true
outward,6552,3.124,-972.286254882812,link-2,true
outward,6553,3.089,-972.286254882812,link-2,true
outward,6554,4.477,-972.286254882812,link-2,true
outward,6555,3.352,-972.286254882812,link-2,true
outward,6556,4.701,-972.78125,link-2,true
outward,6557,2.837,-972.78125,link-2,true
outward,6558,4.117,-972.78125,link-2,true
outward,6559,3.529,-972.78125,link-2,true
outward,6560,4.341,-973.277648925781,link-2,true
outward,6561,2.879,-973.277648925781,link-2,true
outward,6562,3.362,-973.277648925781,link-2,true
outward,6563,4.492,-973.277648925781,link-2,true
outward,6564,3.545,-973.277648925781,link-2,true
outward,6565,4.282,-973.773559570312,link-2,true
outward,6566,2.882,-973.773559570312,link-2,true
outward,6567,4.524,-973.773559570312,link-2,true
outward,6568,3.51,-973.773559570312,link-2,true
outward,6569,4.072,-974.26904296875,link-2,true
outward,6570,3.165,-974.26904296875,link-2,true
outward,6571,4.381,-974.26904296875,link-2,true
outward,6572,3.584,-974.26904296875,link-2,true
outward,6573,3.349,-974.26904296875,link-2,true
outward,6574,4.329,-974.764038085938,link-2,true
outward,6575,2.792,-974.764038085938,link-2,true
outward,6576,4.442,-974.764038085938,link-2,true
outward,6577,3.404,-974.764038085938,link-2,true
outward,6578,4.294,-975.260437011719,link-2,true
outward,6579,3.455,-975.260437011719,link-2,true
outward,6580,4.404,-975.260437011719,link-2,true
outward,6581,3.683,-975.260437011719,link-2,true
outward,6582,3.539,-975.260437011719,link-2,true
outward,6583,4.272,-975.75634765625,link-2,true
outward,6584,2.67,-975.75634765625,link-2,true
outward,6585,4.645,-975.75634765625,link-2,true
outward,6586,3.378,-975.75634765625,link-2,true
outward,6587,7.781,-976.251831054688,link-2,true
outward,6588,2.925,-976.251831054688,link-2,true
outward,6589,3.19,-976.251831054688,link-2,true
outward,6590,2.886,-976.251831054688,link-2,true
outward,6591,3.057,-976.251831054688,link-2,true
outward,6592,4.582,-976.746826171875,link-2,true
outward,6593,4.159,-976.746826171875,link-2,true
outward,6594,3.255,-976.746826171875,link-2,true
outward,6595,3.798,-976.746826171875,link-2,true
outward,6596,4.482,-977.241394042969,link-2,true
outward,6597,3.567,-977.241394042969,link-2,true
outward,6598,3.68,-977.241394042969,link-2,true
outward,6599,3.522,-977.241394042969,link-2,true
outward,6600,3.373,-977.241394042969,link-2,true
outward,6601,6.064,-977.737365722656,link-2,true
outward,6602,2.54,-977.737365722656,link-2,true
outward,6603,3.092,-977.737365722656,link-2,true
outward,6604,3.575,-977.737365722656,link-2,true
outward,6605,4.389,-978.232849121094,link-2,true
outward,6606,4.257,-978.232849121094,link-2,true
outward,6607,3.554,-978.232849121094,link-2,true
outward,6608,3.445,-978.232849121094,link-2,true
outward,6609,4.788,-978.727905273438,link-2,true
outward,6610,3.314,-978.727905273438,link-2,true
outward,6611,3.213,-978.727905273438,link-2,true
outward,6612,3.308,-978.727905273438,link-2,true
outward,6613,4.993,-979.222473144531,link-2,true
outward,6614,3.276,-979.222473144531,link-2,true
outward,6615,3.737,-979.222473144531,link-2,true
outward,6616,3.561,-979.222473144531,link-2,true
outward,6617,4.2,-979.718444824219,link-2,true
outward,6618,3.075,-979.718444824219,link-2,true
outward,6619,4.349,-979.718444824219,link-2,true
outward,6620,3.692,-979.718444824219,link-2,true
outward,6621,4.538,-980.213989257812,link-2,true
outward,6622,3.024,-980.213989257812,link-2,true
outward,6623,2.818,-980.213989257812,link-2,true
outward,6624,4.8,-980.213989257812,link-2,true
outward,6625,4.315,-980.709045410156,link-2,true
outward,6626,2.796,-980.709045410156,link-2,true
outward,6627,3.406,-980.709045410156,link-2,true
outward,6628,4.946,-980.709045410156,link-2,true
outward,6629,4.406,-981.20361328125,link-2,true
outward,6630,2.749,-981.20361328125,link-2,true
outward,6631,3.391,-981.20361328125,link-2,true
outward,6632,3.356,-981.20361328125,link-2,true
outward,6633,5.98,-981.699584960938,link-2,true
outward,6634,4.176,-981.699584960938,link-2,true
outward,6635,4.084,-981.699584960938,link-2,true
outward,6636,3.771,-981.699584960938,link-2,true
outward,6637,6.798,-982.195129394531,link-2,true
outward,6638,2.987,-982.195129394531,link-2,true
outward,6639,4.943,-982.195129394531,link-2,true
outward,6640,3.256,-982.195129394531,link-2,true
outward,6641,4.567,-982.690185546875,link-2,true
outward,6642,3.792,-982.690185546875,link-2,true
outward,6643,4.693,-982.690185546875,link-2,true
outward,6644,4.109,-982.690185546875,link-2,true
outward,6645,3.802,-983.184814453125,link-2,true
outward,6646,2.677,-983.184814453125,link-2,true
outward,6647,3.019,-983.184814453125,link-2,true
outward,6648,3.26,-983.184814453125,link-2,true
outward,6649,4.435,-983.184814453125,link-2,true
outward,6650,4.373,-983.680847167969,link-2,true
outward,6651,2.428,-983.680847167969,link-2,true
outward,6652,3.544,-983.680847167969,link-2,true
outward,6653,4.512,-983.680847167969,link-2,true
outward,6654,4.668,-984.176391601562,link-2,true
outward,6655,2.85,-984.176391601562,link-2,true
outward,6656,3.167,-984.176391601562,link-2,true
outward,6657,3.432,-984.176391601562,link-2,true
outward,6658,4.76,-984.176391601562,link-2,true
outward,6659,4.135,-984.671447753906,link-2,true
outward,6660,2.855,-984.671447753906,link-2,true
outward,6661,3.217,-984.671447753906,link-2,true
outward,6662,4.826,-984.671447753906,link-2,true
outward,6663,4.431,-985.166076660156,link-2,true
outward,6664,3.066,-985.166076660156,link-2,true
outward,6665,2.896,-985.166076660156,link-2,true
outward,6666,3.353,-985.166076660156,link-2,true
outward,6667,4.721,-985.166076660156,link-2,true
outward,6668,4.436,-985.662109375,link-2,true
outward,6669,3.235,-985.662109375,link-2,true
outward,6670,3.126,-985.662109375,link-2,true
outward,6671,4.872,-985.662109375,link-2,true
outward,6672,4.149,-986.157653808594,link-2,true
outward,6673,2.798,-986.157653808594,link-2,true
outward,6674,3.535,-986.157653808594,link-2,true
outward,6675,3.369,-986.157653808594,link-2,true
outward,6676,5.534,-986.652770996094,link-2,true
outward,6677,3.069,-986.652770996094,link-2,true
outward,6678,3.188,-986.652770996094,link-2,true
outward,6679,3.128,-986.652770996094,link-2,true
outward,6680,4.804,-986.652770996094,link-2,true
outward,6681,4.187,-987.147399902344,link-2,true
outward,6682,2.69,-987.147399902344,link-2,true
outward,6683,3.465,-987.147399902344,link-2,true
outward,6684,3.512,-987.147399902344,link-2,true
outward,6685,5.062,-987.643432617188,link-2,true
outward,6686,2.973,-987.643432617188,link-2,true
outward,6687,4.057,-987.643432617188,link-2,true
outward,6688,3.459,-987.643432617188,link-2,true
outward,6689,4.279,-987.643432617188,link-2,true
outward,6690,4.373,-988.139038085938,link-2,true
outward,6691,2.78,-988.139038085938,link-2,true
outward,6692,3.272,-988.139038085938,link-2,true
outward,6693,4.893,-988.139038085938,link-2,true
outward,6694,4.457,-988.634155273438,link-2,true
outward,6695,2.814,-988.634155273438,link-2,true
outward,6696,3.133,-988.634155273438,link-2,true
outward,6697,3.4,-988.634155273438,link-2,true
outward,6698,4.763,-988.634155273438,link-2,true
outward,6699,4.339,-989.128845214844,link-2,true
outward,6700,2.841,-989.128845214844,link-2,true
outward,6701,3.318,-989.128845214844,link-2,true
outward,6702,4.958,-989.128845214844,link-2,true
outward,6703,4.233,-989.624938964844,link-2,true
outward,6704,2.683,-989.624938964844,link-2,true
outward,6705,3.595,-989.624938964844,link-2,true
outward,6706,3.199,-989.624938964844,link-2,true
outward,6707,5.663,-990.120544433594,link-2,true
outward,6708,2.736,-990.120544433594,link-2,true
outward,6709,3.247,-990.120544433594,link-2,true
outward,6710,3.275,-990.120544433594,link-2,true
outward,6711,4.551,-990.120544433594,link-2,true
outward,6712,4.384,-990.615661621094,link-2,true
outward,6713,3.41,-990.615661621094,link-2,true
outward,6714,3.971,-990.615661621094,link-2,true
outward,6715,4.23,-990.615661621094,link-2,true
outward,6716,5.614,-991.1103515625,link-2,true
outward,6717,3.381,-991.1103515625,link-2,true
outward,6718,4.156,-991.1103515625,link-2,true
outward,6719,3.374,-991.1103515625,link-2,true
outward,6720,4.211,-991.6064453125,link-2,true
outward,6721,6.367,-991.6064453125,link-2,true
outward,6722,4.88,-991.6064453125,link-2,true
outward,6723,2.928,-991.6064453125,link-2,true
outward,6724,4.281,-992.10205078125,link-2,true
outward,6725,2.876,-992.10205078125,link-2,true
outward,6726,3.19,-992.10205078125,link-2,true
outward,6727,3.978,-992.10205078125,link-2,true
outward,6728,4.586,-992.597229003906,link-2,true
outward,6729,3.96,-992.597229003906,link-2,true
outward,6730,3.495,-992.597229003906,link-2,true
outward,6731,3.204,-992.597229003906,link-2,true
outward,6732,3.574,-992.597229003906,link-2,true
outward,6733,4.341,-993.091918945312,link-2,true
outward,6734,2.981,-993.091918945312,link-2,true
outward,6735,3.107,-993.091918945312,link-2,true
outward,6736,5.235,-993.091918945312,link-2,true
outward,6737,4.101,-993.588012695312,link-2,true
outward,6738,4.652,-993.588012695312,link-2,true
outward,6739,5.205,-993.588012695312,link-2,true
outward,6740,3.801,-993.588012695312,link-2,true
outward,6741,4.273,-994.083679199219,link-2,true
outward,6742,2.714,-994.083679199219,link-2,true
outward,6743,2.843,-994.083679199219,link-2,true
outward,6744,3.806,-994.083679199219,link-2,true
outward,6745,3.663,-994.083679199219,link-2,true
outward,6746,7.054,-994.578857421875,link-2,true
outward,6747,3.159,-994.578857421875,link-2,true
outward,6748,3.012,-994.578857421875,link-2,true
outward,6749,3.452,-994.578857421875,link-2,true
outward,6750,5.138,-995.073608398438,link-2,true
outward,6751,3.095,-995.073608398438,link-2,true
outward,6752,3.134,-995.073608398438,link-2,true
outward,6753,3.474,-995.073608398438,link-2,true
outward,6754,4.701,-995.569702148438,link-2,true
outward,6755,2.954,-995.569702148438,link-2,true
outward,6756,3.094,-995.569702148438,link-2,true
outward,6757,4.223,-995.569702148438,link-2,true
outward,6758,3.681,-995.569702148438,link-2,true
outward,6759,4.303,-996.065368652344,link-2,true
outward,6760,3.267,-996.065368652344,link-2,true
outward,6761,2.723,-996.065368652344,link-2,true
outward,6762,4.836,-996.065368652344,link-2,true
outward,6763,4.068,-996.560546875,link-2,true
outward,6764,2.854,-996.560546875,link-2,true
outward,6765,3.377,-996.560546875,link-2,true
outward,6766,3.299,-996.560546875,link-2,true
outward,6767,5.468,-997.055297851562,link-2,true
outward,6768,2.569,-997.055297851562,link-2,true
outward,6769,5.674,-997.055297851562,link-2,true
outward,6770,3.502,-997.055297851562,link-2,true
outward,6771,3.313,-997.055297851562,link-2,true
outward,6772,4.624,-997.551452636719,link-2,true
outward,6773,3.099,-997.551452636719,link-2,true
outward,6774,2.843,-997.551452636719,link-2,true
outward,6775,3.53,-997.551452636719,link-2,true
outward,6776,4.34,-998.047119140625,link-2,true
outward,6777,2.986,-998.047119140625,link-2,true
outward,6778,4.861,-998.047119140625,link-2,true
outward,6779,3.424,-998.047119140625,link-2,true
outward,6780,3.563,-998.047119140625,link-2,true
outward,6781,6.344,-998.542297363281,link-2,true
outward,6782,3.216,-998.542297363281,link-2,true
outward,6783,3.141,-998.542297363281,link-2,true
outward,6784,3.043,-998.542297363281,link-2,true
outward,6785,4.075,-999.037048339844,link-2,true
outward,6786,3.862,-999.037048339844,link-2,true
outward,6787,3.933,-999.037048339844,link-2,true
outward,6788,3.939,-999.037048339844,link-2,true
outward,6789,6.989,-999.533203125,link-2,true
outward,6790,3.729,-999.533203125,link-2,true
outward,6791,4.707,-999.533203125,link-2,true
outward,6792,4.547,-999.533203125,link-2,true
outward,6793,6.195,-1000.02893066406,link-3,true
outward,6794,3.912,-1000.02893066406,link-3,true
outward,6795,3.043,-1000.02893066406,link-3,true
outward,6796,3.14,-1000.02893066406,link-3,true
outward,6797,5.247,-1000.52416992188,link-3,true
outward,6798,3.693,-1000.52416992188,link-3,true
outward,6799,3.604,-1000.52416992188,link-3,true
outward,6800,3.14,-1000.52416992188,link-3,true
outward,6801,6.92,-1001.01898193359,link-3,true
outward,6802,3.445,-1001.01898193359,link-3,true
outward,6803,3.937,-1001.01898193359,link-3,true
outward,6804,4.645,-1001.01898193359,link-3,true
outward,6805,6.64,-1001.51513671875,link-3,true
outward,6806,3.555,-1001.51513671875,link-3,true
outward,6807,3.767,-1001.51513671875,link-3,true
outward,6808,5.93,-1001.51513671875,link-3,true
outward,6809,7.909,-1002.01086425781,link-3,true
outward,6810,4.408,-1002.01086425781,link-3,true
outward,6811,4.11,-1002.01086425781,link-3,true
outward,6812,3.298,-1002.01086425781,link-3,true
outward,6813,4.573,-1002.50616455078,link-3,true
outward,6814,2.813,-1002.50616455078,link-3,true
outward,6815,2.957,-1002.50616455078,link-3,true
outward,6816,3.594,-1002.50616455078,link-3,true
outward,6817,5.814,-1003.0009765625,link-3,true
outward,6818,2.941,-1003.0009765625,link-3,true
outward,6819,2.906,-1003.0009765625,link-3,true
outward,6820,3.657,-1003.0009765625,link-3,true
outward,6821,5.751,-1003.49719238281,link-3,true
outward,6822,2.964,-1003.49719238281,link-3,true
outward,6823,3.08,-1003.49719238281,link-3,true
outward,6824,3.492,-1003.49719238281,link-3,true
outward,6825,4.577,-1003.99291992188,link-3,true
outward,6826,3.788,-1003.99291992188,link-3,true
outward,6827,3.411,-1003.99291992188,link-3,true
outward,6828,3.539,-1003.99291992188,link-3,true
outward,6829,4.446,-1004.48822021484,link-3,true
outward,6830,4.204,-1004.48822021484,link-3,true
outward,6831,3.605,-1004.48822021484,link-3,true
outward,6832,3.525,-1004.48822021484,link-3,true
outward,6833,4.553,-1004.98303222656,link-3,true
outward,6834,3.605,-1004.98303222656,link-3,true
outward,6835,3.582,-1004.98303222656,link-3,true
outward,6836,3.624,-1004.98303222656,link-3,true
outward,6837,4.521,-1005.47930908203,link-3,true
outward,6838,2.848,-1005.47930908203,link-3,true
outward,6839,4.313,-1005.47930908203,link-3,true
outward,6840,3.532,-1005.47930908203,link-3,true
outward,6841,4.739,-1005.97509765625,link-3,true
outward,6842,3.349,-1005.97509765625,link-3,true
outward,6843,3.866,-1005.97509765625,link-3,true
outward,6844,3.297,-1005.97509765625,link-3,true
outward,6845,3.579,-1005.97509765625,link-3,true
outward,6846,4.877,-1006.47039794922,link-3,true
outward,6847,3.437,-1006.47039794922,link-3,true
outward,6848,3.127,-1006.47039794922,link-3,true
outward,6849,3.626,-1006.47039794922,link-3,true
outward,6850,4.685,-1006.96520996094,link-3,true
outward,6851,3.597,-1006.96520996094,link-3,true
outward,6852,3.441,-1006.96520996094,link-3,true
outward,6853,3.349,-1006.96520996094,link-3,true
outward,6854,3.446,-1006.96520996094,link-3,true
outward,6855,4.433,-1007.46148681641,link-3,true
outward,6856,3.841,-1007.46148681641,link-3,true
outward,6857,3.916,-1007.46148681641,link-3,true
outward,6858,3.242,-1007.46148681641,link-3,true
outward,6859,4.435,-1007.95727539062,link-3,true
outward,6860,3.438,-1007.95727539062,link-3,true
outward,6861,4.013,-1007.95727539062,link-3,true
outward,6862,3.536,-1007.95727539062,link-3,true
outward,6863,4.743,-1008.45257568359,link-3,true
outward,6864,3.789,-1008.45257568359,link-3,true
outward,6865,4.222,-1008.45257568359,link-3,true
outward,6866,2.967,-1008.45257568359,link-3,true
outward,6867,3.214,-1008.45257568359,link-3,true
outward,6868,4.538,-1008.94744873047,link-3,true
outward,6869,3.232,-1008.94744873047,link-3,true
outward,6870,2.845,-1008.94744873047,link-3,true
outward,6871,3.462,-1008.94744873047,link-3,true
outward,6872,4.801,-1009.44372558594,link-3,true
outward,6873,4.089,-1009.44372558594,link-3,true
outward,6874,3.666,-1009.44372558594,link-3,true
outward,6875,4.456,-1009.44372558594,link-3,true
outward,6876,13.19,-1009.93951416016,link-3,true
outward,6877,13.631,-1009.93951416016,link-3,true
outward,6878,15.588,-1010.43487548828,link-3,true
outward,6879,18.059,-1010.92980957031,link-3,true
outward,6880,18.345,-1011.92376708984,link-3,true
outward,6881,14.761,-1012.42102050781,link-3,true
outward,6882,18.104,-1012.91778564453,link-3,true
outward,6883,21.692,-1013.4140625,link-3,true
outward,6884,14.399,-1013.90991210938,link-3,true
outward,6885,18.381,-1014.40533447266,link-3,true
outward,6886,17.433,-1014.90026855469,link-3,true
outward,6887,15.28,-1015.39660644531,link-3,true
outward,6888,18.006,-1015.89245605469,link-3,true
outward,6889,17.545,-1016.38787841797,link-3,true
outward,6890,15.161,-1016.8828125,link-3,true
outward,6891,18.081,-1017.37915039062,link-3,true
outward,6892,17.691,-1017.87506103516,link-3,true
outward,6893,15.083,-1018.37048339844,link-3,true
outward,6894,17.996,-1018.86541748047,link-3,true
outward,6895,17.386,-1019.35992431641,link-3,true
outward,6896,14.868,-1019.85583496094,link-3,true
outward,6897,18.441,-1020.35125732422,link-3,true
outward,6898,17.269,-1020.84625244141,link-3,true
outward,6899,15.098,-1021.34075927734,link-3,true
outward,6900,18.196,-1021.83666992188,link-3,true
outward,6901,17.929,-1022.82720947266,link-3,true
outward,6902,14.273,-1023.32177734375,link-3,true
outward,6903,18.138,-1023.81774902344,link-3,true
outward,6904,17.321,-1024.31323242188,link-3,true
outward,6905,15.023,-1024.80834960938,link-3,true
outward,6906,17.805,-1025.30297851562,link-3,true
outward,6907,21.226,-1025.79895019531,link-3,true
outward,6908,14.474,-1026.29455566406,link-3,true
outward,6909,18.028,-1026.78967285156,link-3,true
outward,6910,17.498,-1027.28430175781,link-3,true
outward,6911,14.987,-1027.78039550781,link-3,true
outward,6912,18.044,-1028.27600097656,link-3,true
outward,6913,17.509,-1028.77111816406,link-3,true
outward,6914,14.866,-1029.26574707031,link-3,true
outward,6915,18.202,-1029.76184082031,link-3,true
outward,6916,17.38,-1030.25744628906,link-3,true
outward,6917,15.013,-1030.75256347656,link-3,true
outward,6918,18.011,-1031.24719238281,link-3,true
outward,6919,17.167,-1031.74328613281,link-3,true
outward,6920,15.027,-1032.23889160156,link-3,true
outward,6921,18.112,-1032.73400878906,link-3,true
outward,6922,17.39,-1033.22863769531,link-3,true
outward,6923,14.994,-1033.72473144531,link-3,true
outward,6924,17.977,-1034.22033691406,link-3,true
outward,6925,17.563,-1034.71545410156,link-3,true
outward,6926,15.153,-1035.21020507812,link-3,true
outward,6927,17.84,-1035.70629882812,link-3,true
outward,6928,17.502,-1036.20190429688,link-3,true
outward,6929,14.996,-1036.69702148438,link-3,true
outward,6930,17.861,-1037.19177246094,link-3,true
outward,6931,17.409,-1037.68786621094,link-3,true
outward,6932,15.297,-1038.18347167969,link-3,true
outward,6933,17.816,-1038.6787109375,link-3,true
outward,6934,17.781,-1039.17346191406,link-3,true
outward,6935,14.931,-1039.66955566406,link-3,true
outward,6936,17.848,-1040.16528320312,link-3,true
outward,6937,17.615,-1040.66052246094,link-3,true
outward,6938,14.901,-1041.1552734375,link-3,true
outward,6939,18.034,-1041.65148925781,link-3,true
outward,6940,17.231,-1042.14721679688,link-3,true
outward,6941,14.965,-1042.64245605469,link-3,true
outward,6942,18.11,-1043.13732910156,link-3,true
outward,6943,17.47,-1043.63354492188,link-3,true
outward,6944,14.947,-1044.12927246094,link-3,true
outward,6945,17.789,-1044.62463378906,link-3,true
outward,6946,17.371,-1045.11938476562,link-3,true
outward,6947,15.201,-1045.61560058594,link-3,true
outward,6948,17.87,-1046.11145019531,link-3,true
outward,6949,17.242,-1046.60668945312,link-3,true
outward,6950,15.101,-1047.1015625,link-3,true
outward,6951,17.954,-1047.59790039062,link-3,true
outward,6952,17.578,-1048.09375,link-3,true
outward,6953,14.779,-1048.58911132812,link-3,true
outward,6954,17.975,-1049.083984375,link-3,true
outward,6955,17.356,-1049.58032226562,link-3,true
outward,6956,15.112,-1050.076171875,link-3,true
outward,6957,17.749,-1050.57153320312,link-3,true
outward,6958,17.363,-1051.06640625,link-3,true
outward,6959,15.038,-1051.56274414062,link-3,true
outward,6960,17.883,-1052.05859375,link-3,true
outward,6961,17.377,-1052.55395507812,link-3,true
outward,6962,15.08,-1053.048828125,link-3,true
outward,6963,18.217,-1053.54516601562,link-3,true
outward,6964,17.213,-1054.041015625,link-3,true
outward,6965,14.965,-1054.53637695312,link-3,true
outward,6966,18.004,-1055.03125,link-3,true
outward,6967,17.219,-1055.52758789062,link-3,true
outward,6968,15.082,-1056.0234375,link-3,true
outward,6969,18.089,-1056.51892089844,link-3,true
outward,6970,17.363,-1057.01391601562,link-3,true
outward,6971,14.919,-1057.51025390625,link-3,true
outward,6972,17.65,-1058.00610351562,link-3,true
outward,6973,17.455,-1058.50146484375,link-3,true
outward,6974,14.707,-1058.99645996094,link-3,true
outward,6975,18.16,-1059.49279785156,link-3,true
outward,6976,17.323,-1059.98864746094,link-3,true
outward,6977,14.793,-1060.48413085938,link-3,true
outward,6978,17.907,-1060.97912597656,link-3,true
outward,6979,17.376,-1061.47546386719,link-3,true
outward,6980,14.954,-1061.97143554688,link-3,true
outward,6981,18.319,-1062.46691894531,link-3,true
outward,6982,17.17,-1062.9619140625,link-3,true
outward,6983,15.224,-1063.45654296875,link-3,true
outward,6984,18.09,-1063.95251464844,link-3,true
outward,6985,17.409,-1064.44799804688,link-3,true
outward,6986,14.961,-1064.94299316406,link-3,true
outward,6987,18.113,-1065.43762207031,link-3,true
outward,6988,17.364,-1065.93359375,link-3,true
outward,6989,15.039,-1066.42907714844,link-3,true
outward,6990,18.225,-1066.92419433594,link-3,true
outward,6991,17.562,-1067.41882324219,link-3,true
outward,6992,15.086,-1067.91479492188,link-3,true
outward,6993,18.254,-1068.41040039062,link-3,true
outward,6994,17.44,-1068.90551757812,link-3,true
outward,6995,15.175,-1069.40014648438,link-3,true
outward,6996,18.033,-1069.89624023438,link-3,true
outward,6997,18.118,-1070.88696289062,link-3,true
outward,6998,14.654,-1071.38159179688,link-3,true
outward,6999,18.339,-1071.87768554688,link-3,true
outward,7000,17.479,-1072.37329101562,link-3,true
outward,7001,15.273,-1072.86840820312,link-3,true
outward,7002,22.538,-1073.36303710938,link-3,true
outward,7003,14.452,-1073.85913085938,link-3,true
outward,7004,15.333,-1074.35473632812,link-3,true
outward,7005,18.211,-1074.84985351562,link-3,true
outward,7006,17.403,-1075.34448242188,link-3,true
outward,7007,15.052,-1075.84057617188,link-3,true
outward,7008,18.339,-1076.33618164062,link-3,true
outward,7009,17.612,-1076.83129882812,link-3,true
outward,7010,15.2,-1077.32604980469,link-3,true
outward,7011,17.966,-1077.82214355469,link-3,true
outward,7012,17.848,-1078.31774902344,link-3,true
outward,7013,14.873,-1078.81286621094,link-3,true
outward,7014,17.938,-1079.3076171875,link-3,true
outward,7015,17.66,-1079.8037109375,link-3,true
outward,7016,14.995,-1080.29931640625,link-3,true
outward,7017,18.225,-1080.79455566406,link-3,true
outward,7018,17.443,-1081.28930664062,link-3,true
outward,7019,15.129,-1081.78540039062,link-3,true
outward,7020,17.983,-1082.28112792969,link-3,true
outward,7021,17.716,-1082.7763671875,link-3,true
outward,7022,14.958,-1083.27111816406,link-3,true
outward,7023,18.239,-1083.76721191406,link-3,true
outward,7024,17.451,-1084.26293945312,link-3,true
outward,7025,15.061,-1084.75817871094,link-3,true
outward,7026,18.218,-1085.2529296875,link-3,true
outward,7027,17.533,-1085.74914550781,link-3,true
outward,7028,15.152,-1086.24487304688,link-3,true
outward,7029,18.063,-1086.74011230469,link-3,true
outward,7030,17.55,-1087.23498535156,link-3,true
outward,7031,14.976,-1087.73120117188,link-3,true
outward,7032,18.074,-1088.22692871094,link-3,true
outward,7033,17.554,-1088.72229003906,link-3,true
outward,7034,15.194,-1089.21716308594,link-3,true
outward,7035,17.996,-1089.71337890625,link-3,true
outward,7036,17.882,-1090.20922851562,link-3,true
outward,7037,14.856,-1090.70458984375,link-3,true
outward,7038,18.425,-1091.19946289062,link-3,true
outward,7039,16.865,-1091.69567871094,link-3,true
outward,7040,14.999,-1092.19152832031,link-3,true
outward,7041,18.085,-1092.68688964844,link-3,true
outward,7042,17.511,-1093.18176269531,link-3,true
outward,7043,15.003,-1093.67810058594,link-3,true
outward,7044,17.849,-1094.17395019531,link-3,true
outward,7045,17.612,-1094.66931152344,link-3,true
outward,7046,14.934,-1095.16418457031,link-3,true
outward,7047,18.074,-1095.66052246094,link-3,true
outward,7048,17.574,-1096.15637207031,link-3,true
outward,7049,14.941,-1096.65173339844,link-3,true
outward,7050,17.998,-1097.14660644531,link-3,true
outward,7051,17.398,-1097.64294433594,link-3,true
outward,7052,14.995,-1098.13879394531,link-3,true
outward,7053,18.153,-1098.63415527344,link-3,true
outward,7054,17.316,-1099.12915039062,link-3,true
outward,7055,15.231,-1099.62548828125,link-3,true
outward,7056,17.942,-1100.12133789062,link-3,true
outward,7057,17.384,-1100.61669921875,link-3,true
outward,7058,15.021,-1101.11169433594,link-3,true
outward,7059,17.975,-1101.60803222656,link-3,true
outward,7060,17.367,-1102.10388183594,link-3,true
outward,7061,14.875,-1102.59936523438,link-3,true
outward,7062,17.67,-1103.09436035156,link-3,true
outward,7063,11.239,-1103.59069824219,link-3,true
outward,7064,3.865,-1104.08666992188,link-3,true
outward,7065,4.006,-1104.08666992188,link-3,true
outward,7066,3.659,-1104.08666992188,link-3,true
outward,7067,4.413,-1104.58215332031,link-3,true
outward,7068,3.533,-1104.58215332031,link-3,true
outward,7069,3.511,-1104.58215332031,link-3,true
outward,7070,3.382,-1104.58215332031,link-3,true
outward,7071,3.396,-1104.58215332031,link-3,true
outward,7072,6.003,-1105.0771484375,link-3,true
outward,7073,2.65,-1105.0771484375,link-3,true
outward,7074,3.199,-1105.0771484375,link-3,true
outward,7075,3.542,-1105.0771484375,link-3,true
outward,7076,4.497,-1105.57165527344,link-3,true
outward,7077,2.993,-1105.57165527344,link-3,true
outward,7078,3.671,-1105.57165527344,link-3,true
outward,7079,3.293,-1105.57165527344,link-3,true
outward,7080,3.609,-1105.57165527344,link-3,true
outward,7081,6.019,-1106.06762695312,link-3,true
outward,7082,3.014,-1106.06762695312,link-3,true
outward,7083,3.081,-1106.06762695312,link-3,true
outward,7084,3.369,-1106.06762695312,link-3,true
outward,7085,5.686,-1106.56311035156,link-3,true
outward,7086,2.79,-1106.56311035156,link-3,true
outward,7087,3.125,-1106.56311035156,link-3,true
outward,7088,3.521,-1106.56311035156,link-3,true
outward,7089,3.607,-1106.56311035156,link-3,true
outward,7090,5.578,-1107.05810546875,link-3,true
outward,7091,2.734,-1107.05810546875,link-3,true
outward,7092,3.261,-1107.05810546875,link-3,true
outward,7093,3.524,-1107.05810546875,link-3,true
outward,7094,5.83,-1107.552734375,link-3,true
outward,7095,2.803,-1107.552734375,link-3,true
outward,7096,3.146,-1107.552734375,link-3,true
outward,7097,3.73,-1107.552734375,link-3,true
outward,7098,3.297,-1107.552734375,link-3,true
outward,7099,5.896,-1108.04870605469,link-3,true
outward,7100,3.373,-1108.04870605469,link-3,true
outward,7101,3.02,-1108.04870605469,link-3,true
outward,7102,2.866,-1108.04870605469,link-3,true
outward,7103,5.776,-1108.54418945312,link-3,true
outward,7104,2.73,-1108.54418945312,link-3,true
outward,7105,3.07,-1108.54418945312,link-3,true
outward,7106,3.611,-1108.54418945312,link-3,true
outward,7107,3.413,-1108.54418945312,link-3,true
outward,7108,5.836,-1109.03930664062,link-3,true
outward,7109,3.175,-1109.03930664062,link-3,true
outward,7110,3.028,-1109.03930664062,link-3,true
outward,7111,2.87,-1109.03930664062,link-3,true
outward,7112,5.639,-1109.53381347656,link-3,true
outward,7113,2.892,-1109.53381347656,link-3,true
outward,7114,3.232,-1109.53381347656,link-3,true
outward,7115,3.288,-1109.53381347656,link-3,true
outward,7116,3.334,-1109.53381347656,link-3,true
outward,7117,5.672,-1110.02978515625,link-3,true
outward,7118,2.836,-1110.02978515625,link-3,true
outward,7119,2.85,-1110.02978515625,link-3,true
outward,7120,3.621,-1110.02978515625,link-3,true
outward,7121,6.315,-1110.52526855469,link-3,true
outward,7122,2.833,-1110.52526855469,link-3,true
outward,7123,2.87,-1110.52526855469,link-3,true
outward,7124,3.754,-1110.52526855469,link-3,true
outward,7125,4.222,-1110.52526855469,link-3,true
outward,7126,4.558,-1111.02038574219,link-3,true
outward,7127,3.008,-1111.02038574219,link-3,true
outward,7128,3.085,-1111.02038574219,link-3,true
outward,7129,3.435,-1111.02038574219,link-3,true
outward,7130,5.611,-1111.51501464844,link-3,true
outward,7131,2.845,-1111.51501464844,link-3,true
outward,7132,2.913,-1111.51501464844,link-3,true
outward,7133,3.521,-1111.51501464844,link-3,true
outward,7134,4.831,-1111.51501464844,link-3,true
outward,7135,4.266,-1112.01110839844,link-3,true
outward,7136,3.268,-1112.01110839844,link-3,true
outward,7137,3.56,-1112.01110839844,link-3,true
outward,7138,2.719,-1112.01110839844,link-3,true
outward,7139,5.473,-1112.50671386719,link-3,true
outward,7140,3.295,-1112.50671386719,link-3,true
outward,7141,2.609,-1112.50671386719,link-3,true
outward,7142,3.308,-1112.50671386719,link-3,true
outward,7143,4.88,-1112.50671386719,link-3,true
outward,7144,4.442,-1113.00183105469,link-3,true
outward,7145,2.802,-1113.00183105469,link-3,true
outward,7146,3.419,-1113.00183105469,link-3,true
outward,7147,3.334,-1113.00183105469,link-3,true
outward,7148,5.854,-1113.49645996094,link-3,true
outward,7149,2.643,-1113.49645996094,link-3,true
outward,7150,3.217,-1113.49645996094,link-3,true
outward,7151,3.614,-1113.49645996094,link-3,true
outward,7152,5.081,-1113.49645996094,link-3,true
outward,7153,4.358,-1113.99255371094,link-3,true
outward,7154,3.257,-1113.99255371094,link-3,true
outward,7155,2.856,-1113.99255371094,link-3,true
outward,7156,4.5,-1113.99255371094,link-3,true
outward,7157,4.795,-1114.48815917969,link-3,true
outward,7158,2.631,-1114.48815917969,link-3,true
outward,7159,3.577,-1114.48815917969,link-3,true
outward,7160,3.154,-1114.48815917969,link-3,true
outward,7161,4.793,-1114.48815917969,link-3,true
outward,7162,4.572,-1114.98327636719,link-3,true
outward,7163,2.915,-1114.98327636719,link-3,true
outward,7164,2.88,-1114.98327636719,link-3,true
outward,7165,5.014,-1114.98327636719,link-3,true
outward,7166,4.501,-1115.47790527344,link-3,true
outward,7167,2.602,-1115.47790527344,link-3,true
outward,7168,3.598,-1115.47790527344,link-3,true
outward,7169,3.067,-1115.47790527344,link-3,true
outward,7170,4.224,-1115.47790527344,link-3,true
outward,7171,4.719,-1115.97399902344,link-3,true
outward,7172,3.026,-1115.97399902344,link-3,true
outward,7173,2.901,-1115.97399902344,link-3,true
outward,7174,5.084,-1115.97399902344,link-3,true
outward,7175,4.238,-1116.46960449219,link-3,true
outward,7176,2.469,-1116.46960449219,link-3,true
outward,7177,3.755,-1116.46960449219,link-3,true
outward,7178,3.251,-1116.46960449219,link-3,true
outward,7179,4.196,-1116.46960449219,link-3,true
outward,7180,4.674,-1116.96472167969,link-3,true
outward,7181,3.793,-1116.96472167969,link-3,true
outward,7182,2.817,-1116.96472167969,link-3,true
outward,7183,4.013,-1116.96472167969,link-3,true
outward,7184,4.304,-1117.45947265625,link-3,true
outward,7185,2.359,-1117.45947265625,link-3,true
outward,7186,3.916,-1117.45947265625,link-3,true
outward,7187,3.15,-1117.45947265625,link-3,true
outward,7188,4.42,-1117.45947265625,link-3,true
outward,7189,4.158,-1117.95556640625,link-3,true
outward,7190,2.747,-1117.95556640625,link-3,true
outward,7191,3.348,-1117.95556640625,link-3,true
outward,7192,5.166,-1117.95556640625,link-3,true
outward,7193,4.276,-1118.451171875,link-3,true
outward,7194,2.922,-1118.451171875,link-3,true
outward,7195,3.433,-1118.451171875,link-3,true
outward,7196,4.288,-1118.451171875,link-3,true
outward,7197,3.82,-1118.451171875,link-3,true
outward,7198,4.376,-1118.9462890625,link-3,true
outward,7199,4.652,-1118.9462890625,link-3,true
outward,7200,3.421,-1118.9462890625,link-3,true
outward,7201,2.889,-1118.9462890625,link-3,true
outward,7202,4.238,-1119.44091796875,link-3,true
outward,7203,3.07,-1119.44091796875,link-3,true
outward,7204,3.01,-1119.44091796875,link-3,true
outward,7205,5.026,-1119.44091796875,link-3,true
outward,7206,3.367,-1119.44091796875,link-3,true
outward,7207,4.293,-1119.93701171875,link-3,true
outward,7208,3.169,-1119.93701171875,link-3,true
outward,7209,3.296,-1119.93701171875,link-3,true
outward,7210,4.056,-1119.93701171875,link-3,true
outward,7211,4.349,-1120.4326171875,link-3,true
outward,7212,2.834,-1120.4326171875,link-3,true
outward,7213,3.26,-1120.4326171875,link-3,true
outward,7214,4.986,-1120.4326171875,link-3,true
outward,7215,3.439,-1120.4326171875,link-3,true
outward,7216,4.953,-1120.927734375,link-3,true
outward,7217,3.481,-1120.927734375,link-3,true
outward,7218,3.817,-1120.927734375,link-3,true
outward,7219,3.429,-1120.927734375,link-3,true
outward,7220,4.106,-1121.42248535156,link-3,true
outward,7221,3.133,-1121.42248535156,link-3,true
outward,7222,3.326,-1121.42248535156,link-3,true
outward,7223,4.529,-1121.42248535156,link-3,true
outward,7224,3.422,-1121.42248535156,link-3,true
outward,7225,4.772,-1121.91857910156,link-3,true
outward,7226,3.47,-1121.91857910156,link-3,true
outward,7227,3.437,-1121.91857910156,link-3,true
outward,7228,3.403,-1121.91857910156,link-3,true
outward,7229,4.402,-1122.41418457031,link-3,true
outward,7230,3.022,-1122.41418457031,link-3,true
outward,7231,3.167,-1122.41418457031,link-3,true
outward,7232,4.302,-1122.41418457031,link-3,true
outward,7233,3.648,-1122.41418457031,link-3,true
outward,7234,4.454,-1122.90942382812,link-3,true
outward,7235,3.177,-1122.90942382812,link-3,true
outward,7236,4.232,-1122.90942382812,link-3,true
outward,7237,3.24,-1122.90942382812,link-3,true
outward,7238,4.333,-1123.40417480469,link-3,true
outward,7239,3.305,-1123.40417480469,link-3,true
outward,7240,3.027,-1123.40417480469,link-3,true
outward,7241,4.432,-1123.40417480469,link-3,true
outward,7242,4.82,-1123.90026855469,link-3,true
outward,7243,4.55,-1123.90026855469,link-3,true
outward,7244,2.904,-1123.90026855469,link-3,true
outward,7245,3.098,-1123.90026855469,link-3,true
outward,7246,3.434,-1123.90026855469,link-3,true
outward,7247,4.383,-1124.39599609375,link-3,true
outward,7248,3.252,-1124.39599609375,link-3,true
outward,7249,4.249,-1124.39599609375,link-3,true
outward,7250,3.323,-1124.39599609375,link-3,true
outward,7251,4.354,-1124.89123535156,link-3,true
outward,7252,3.125,-1124.89123535156,link-3,true
outward,7253,3.134,-1124.89123535156,link-3,true
outward,7254,4.915,-1124.89123535156,link-3,true
outward,7255,3.348,-1124.89123535156,link-3,true
outward,7256,4.601,-1125.38598632812,link-3,true
outward,7257,3.502,-1125.38598632812,link-3,true
outward,7258,3.952,-1125.38598632812,link-3,true
outward,7259,3.442,-1125.38598632812,link-3,true
outward,7260,4.544,-1125.88208007812,link-3,true
outward,7261,3.729,-1125.88208007812,link-3,true
outward,7262,3.728,-1125.88208007812,link-3,true
outward,7263,3.657,-1125.88208007812,link-3,true
outward,7264,4.252,-1126.37780761719,link-3,true
outward,7265,3.182,-1126.37780761719,link-3,true
outward,7266,2.999,-1126.37780761719,link-3,true
outward,7267,4.639,-1126.37780761719,link-3,true
outward,7268,3.197,-1126.37780761719,link-3,true
outward,7269,4.818,-1126.873046875,link-3,true
outward,7270,3.119,-1126.873046875,link-3,true
outward,7271,4.065,-1126.873046875,link-3,true
outward,7272,3.413,-1126.873046875,link-3,true
outward,7273,4.328,-1127.36779785156,link-3,true
outward,7274,2.802,-1127.36779785156,link-3,true
outward,7275,3.469,-1127.36779785156,link-3,true
outward,7276,4.725,-1127.36779785156,link-3,true
outward,7277,3.298,-1127.36779785156,link-3,true
outward,7278,4.439,-1127.86401367188,link-3,true
outward,7279,2.994,-1127.86401367188,link-3,true
outward,7280,4.405,-1127.86401367188,link-3,true
outward,7281,3.661,-1127.86401367188,link-3,true
outward,7282,4.246,-1128.35974121094,link-3,true
outward,7283,3.02,-1128.35974121094,link-3,true
outward,7284,4.565,-1128.35974121094,link-3,true
outward,7285,3.413,-1128.35974121094,link-3,true
outward,7286,4.336,-1128.85498046875,link-3,true
outward,7287,3.196,-1128.85498046875,link-3,true
outward,7288,2.984,-1128.85498046875,link-3,true
outward,7289,4.608,-1128.85498046875,link-3,true
outward,7290,3.449,-1128.85498046875,link-3,true
outward,7291,4.472,-1129.34973144531,link-3,true
outward,7292,3.061,-1129.34973144531,link-3,true
outward,7293,4.038,-1129.34973144531,link-3,true
outward,7294,3.386,-1129.34973144531,link-3,true
outward,7295,4.056,-1129.84594726562,link-3,true
outward,7296,2.944,-1129.84594726562,link-3,true
outward,7297,3.421,-1129.84594726562,link-3,true
outward,7298,4.483,-1129.84594726562,link-3,true
outward,7299,3.69,-1129.84594726562,link-3,true
outward,7300,4.215,-1130.34167480469,link-3,true
outward,7301,3.469,-1130.34167480469,link-3,true
outward,7302,4.181,-1130.34167480469,link-3,true
outward,7303,3.271,-1130.34167480469,link-3,true
outward,7304,4.561,-1130.83703613281,link-3,true
outward,7305,3.289,-1130.83703613281,link-3,true
outward,7306,3.814,-1130.83703613281,link-3,true
outward,7307,3.579,-1130.83703613281,link-3,true
outward,7308,3.387,-1130.83703613281,link-3,true
outward,7309,4.247,-1131.33190917969,link-3,true
outward,7310,3.496,-1131.33190917969,link-3,true
outward,7311,3.863,-1131.33190917969,link-3,true
outward,7312,3.372,-1131.33190917969,link-3,true
outward,7313,4.174,-1131.828125,link-3,true
outward,7314,3.522,-1131.828125,link-3,true
outward,7315,3.799,-1131.828125,link-3,true
outward,7316,3.465,-1131.828125,link-3,true
outward,7317,3.495,-1131.828125,link-3,true
outward,7318,4.233,-1132.32397460938,link-3,true
outward,7319,2.685,-1132.32397460938,link-3,true
outward,7320,4.701,-1132.32397460938,link-3,true
outward,7321,3.628,-1132.32397460938,link-3,true
outward,7322,4.19,-1132.8193359375,link-3,true
outward,7323,3.124,-1132.8193359375,link-3,true
outward,7324,3.92,-1132.8193359375,link-3,true
outward,7325,3.656,-1132.8193359375,link-3,true
outward,7326,3.362,-1132.8193359375,link-3,true
outward,7327,4.442,-1133.31420898438,link-3,true
outward,7328,3.087,-1133.31420898438,link-3,true
outward,7329,3.953,-1133.31420898438,link-3,true
outward,7330,3.608,-1133.31420898438,link-3,true
outward,7331,4.376,-1133.810546875,link-3,true
outward,7332,3.047,-1133.810546875,link-3,true
outward,7333,4.429,-1133.810546875,link-3,true
outward,7334,3.504,-1133.810546875,link-3,true
outward,7335,4.521,-1134.30639648438,link-3,true
outward,7336,3.281,-1134.30639648438,link-3,true
outward,7337,2.749,-1134.30639648438,link-3,true
outward,7338,4.624,-1134.30639648438,link-3,true
outward,7339,3.312,-1134.30639648438,link-3,true
outward,7340,4.478,-1134.8017578125,link-3,true
outward,7341,3.598,-1134.8017578125,link-3,true
outward,7342,4.133,-1134.8017578125,link-3,true
outward,7343,3.452,-1134.8017578125,link-3,true
outward,7344,4.54,-1135.29663085938,link-3,true
outward,7345,3.627,-1135.29663085938,link-3,true
outward,7346,3.963,-1135.29663085938,link-3,true
outward,7347,3.528,-1135.29663085938,link-3,true
outward,7348,3.337,-1135.29663085938,link-3,true
outward,7349,4.82,-1135.79296875,link-3,true
outward,7350,2.603,-1135.79296875,link-3,true
outward,7351,4.365,-1135.79296875,link-3,true
outward,7352,3.448,-1135.79296875,link-3,true
outward,7353,4.379,-1136.28881835938,link-3,true
outward,7354,3.071,-1136.28881835938,link-3,true
outward,7355,4.317,-1136.28881835938,link-3,true
outward,7356,3.468,-1136.28881835938,link-3,true
outward,7357,4.283,-1136.7841796875,link-3,true
outward,7358,3.83,-1136.7841796875,link-3,true
outward,7359,3.455,-1136.7841796875,link-3,true
outward,7360,3.467,-1136.7841796875,link-3,true
outward,7361,3.583,-1136.7841796875,link-3,true
outward,7362,4.633,-1137.27905273438,link-3,true
outward,7363,3.662,-1137.27905273438,link-3,true
outward,7364,3.428,-1137.27905273438,link-3,true
outward,7365,3.362,-1137.27905273438,link-3,true
outward,7366,4.434,-1137.775390625,link-3,true
outward,7367,3.001,-1137.775390625,link-3,true
outward,7368,4.108,-1137.775390625,link-3,true
outward,7369,3.575,-1137.775390625,link-3,true
outward,7370,3.458,-1137.775390625,link-3,true
outward,7371,4.51,-1138.27124023438,link-3,true
outward,7372,3.324,-1138.27124023438,link-3,true
outward,7373,3.886,-1138.27124023438,link-3,true
outward,7374,3.497,-1138.27124023438,link-3,true
outward,7375,4.421,-1138.7666015625,link-3,true
outward,7376,3.413,-1138.7666015625,link-3,true
outward,7377,4.357,-1138.7666015625,link-3,true
outward,7378,3.462,-1138.7666015625,link-3,true
outward,7379,4.745,-1139.26147460938,link-3,true
outward,7380,3.656,-1139.26147460938,link-3,true
outward,7381,3.124,-1139.26147460938,link-3,true
outward,7382,3.772,-1139.26147460938,link-3,true
outward,7383,3.147,-1139.26147460938,link-3,true
outward,7384,4.437,-1139.7578125,link-3,true
outward,7385,2.862,-1139.7578125,link-3,true
outward,7386,5.027,-1139.7578125,link-3,true
outward,7387,3.451,-1139.7578125,link-3,true
outward,7388,4.226,-1140.25366210938,link-3,true
outward,7389,3.552,-1140.25366210938,link-3,true
outward,7390,3.571,-1140.25366210938,link-3,true
outward,7391,3.62,-1140.25366210938,link-3,true
outward,7392,3.497,-1140.25366210938,link-3,true
outward,7393,4.46,-1140.7490234375,link-3,true
outward,7394,3.144,-1140.7490234375,link-3,true
outward,7395,3.915,-1140.7490234375,link-3,true
outward,7396,3.228,-1140.7490234375,link-3,true
outward,7397,4.51,-1141.24389648438,link-3,true
outward,7398,3.356,-1141.24389648438,link-3,true
outward,7399,4.549,-1141.24389648438,link-3,true
outward,7400,3.631,-1141.24389648438,link-3,true
outward,7401,4.585,-1141.740234375,link-3,true
outward,7402,3.251,-1141.740234375,link-3,true
outward,7403,3.764,-1141.740234375,link-3,true
outward,7404,3.492,-1141.740234375,link-3,true
outward,7405,3.616,-1141.740234375,link-3,true
outward,7406,4.257,-1142.23608398438,link-3,true
outward,7407,3.139,-1142.23608398438,link-3,true
outward,7408,4.042,-1142.23608398438,link-3,true
outward,7409,3.37,-1142.23608398438,link-3,true
outward,7410,4.144,-1142.7314453125,link-3,true
outward,7411,3.252,-1142.7314453125,link-3,true
outward,7412,3.027,-1142.7314453125,link-3,true
outward,7413,4.405,-1142.7314453125,link-3,true
outward,7414,3.351,-1142.7314453125,link-3,true
outward,7415,4.565,-1143.22644042969,link-3,true
outward,7416,2.707,-1143.22644042969,link-3,true
outward,7417,6.033,-1143.22644042969,link-3,true
outward,7418,2.744,-1143.22644042969,link-3,true
outward,7419,3.854,-1143.72277832031,link-3,true
outward,7420,3.223,-1143.72277832031,link-3,true
outward,7421,3.715,-1143.72277832031,link-3,true
outward,7422,3.473,-1143.72277832031,link-3,true
outward,7423,3.353,-1143.72277832031,link-3,true
outward,7424,4.685,-1144.21875,link-3,true
outward,7425,2.848,-1144.21875,link-3,true
outward,7426,4.324,-1144.21875,link-3,true
outward,7427,3.37,-1144.21875,link-3,true
outward,7428,4.376,-1144.71423339844,link-3,true
outward,7429,3.138,-1144.71423339844,link-3,true
outward,7430,4.368,-1144.71423339844,link-3,true
outward,7431,3.42,-1144.71423339844,link-3,true
outward,7432,3.578,-1144.71423339844,link-3,true
outward,7433,4.195,-1145.20922851562,link-3,true
outward,7434,3.091,-1145.20922851562,link-3,true
outward,7435,4.268,-1145.20922851562,link-3,true
outward,7436,3.378,-1145.20922851562,link-3,true
outward,7437,4.347,-1145.70556640625,link-3,true
outward,7438,3.104,-1145.70556640625,link-3,true
outward,7439,4.405,-1145.70556640625,link-3,true
outward,7440,3.576,-1145.70556640625,link-3,true
outward,7441,4.634,-1146.20153808594,link-3,true
outward,7442,3.077,-1146.20153808594,link-3,true
outward,7443,4.014,-1146.20153808594,link-3,true
outward,7444,3.636,-1146.20153808594,link-3,true
outward,7445,3.336,-1146.20153808594,link-3,true
outward,7446,4.664,-1146.69702148438,link-3,true
outward,7447,2.613,-1146.69702148438,link-3,true
outward,7448,4.431,-1146.69702148438,link-3,true
outward,7449,3.258,-1146.69702148438,link-3,true
outward,7450,4.625,-1147.19201660156,link-3,true
outward,7451,2.828,-1147.19201660156,link-3,true
outward,7452,4.388,-1147.19201660156,link-3,true
outward,7453,3.73,-1147.19201660156,link-3,true
outward,7454,3.474,-1147.19201660156,link-3,true
outward,7455,4.456,-1147.6865234375,link-3,true
outward,7456,2.945,-1147.6865234375,link-3,true
outward,7457,4.214,-1147.6865234375,link-3,true
outward,7458,3.248,-1147.6865234375,link-3,true
outward,7459,4.132,-1148.18249511719,link-3,true
outward,7460,3.45,-1148.18249511719,link-3,true
outward,7461,4.215,-1148.18249511719,link-3,true
outward,7462,3.648,-1148.18249511719,link-3,true
outward,7463,4.502,-1148.67797851562,link-3,true
outward,7464,3.004,-1148.67797851562,link-3,true
outward,7465,2.914,-1148.67797851562,link-3,true
outward,7466,4.347,-1148.67797851562,link-3,true
outward,7467,3.69,-1148.67797851562,link-3,true
outward,7468,3.976,-1149.17297363281,link-3,true
outward,7469,2.559,-1149.17297363281,link-3,true
outward,7470,3.51,-1149.17297363281,link-3,true
outward,7471,3.507,-1149.17297363281,link-3,true
outward,7472,4.774,-1149.66760253906,link-3,true
outward,7473,3.108,-1149.66760253906,link-3,true
outward,7474,4.123,-1149.66760253906,link-3,true
outward,7475,3.357,-1149.66760253906,link-3,true
outward,7476,3.389,-1149.66760253906,link-3,true
outward,7477,4.462,-1150.16357421875,link-3,true
outward,7478,4.209,-1150.16357421875,link-3,true
outward,7479,3.467,-1150.16357421875,link-3,true
outward,7480,3.38,-1150.16357421875,link-3,true
outward,7481,4.943,-1150.65905761719,link-3,true
outward,7482,2.549,-1150.65905761719,link-3,true
outward,7483,17.524,-1150.65905761719,link-3,true
outward,7484,15.295,-1151.15405273438,link-3,true
outward,7485,18.198,-1151.64868164062,link-3,true
outward,7486,17.393,-1152.14465332031,link-3,true
outward,7487,15.185,-1152.64025878906,link-3,true
outward,7488,17.887,-1153.13537597656,link-3,true
outward,7489,17.556,-1153.63000488281,link-3,true
outward,7490,15.267,-1154.12609863281,link-3,true
outward,7491,18.09,-1154.62170410156,link-3,true
outward,7492,17.522,-1155.11682128906,link-3,true
outward,7493,14.987,-1155.61145019531,link-3,true
outward,7494,18.398,-1156.10754394531,link-3,true
outward,7495,20.379,-1156.60314941406,link-3,true
outward,7496,11.948,-1157.09826660156,link-3,true
outward,7497,18.149,-1157.59289550781,link-3,true
outward,7498,14.509,-1158.08898925781,link-3,true
outward,7499,18.957,-1158.58459472656,link-3,true
outward,7500,17.444,-1159.07971191406,link-3,true
outward,7501,15.14,-1159.57434082031,link-3,true
outward,7502,18.468,-1160.07043457031,link-3,true
outward,7503,17.949,-1161.06115722656,link-3,true
outward,7504,14.468,-1161.55578613281,link-3,true
outward,7505,17.987,-1162.05187988281,link-3,true
outward,7506,17.405,-1162.54748535156,link-3,true
outward,7507,14.957,-1163.04260253906,link-3,true
outward,7508,18.062,-1163.53735351562,link-3,true
outward,7509,17.33,-1164.03344726562,link-3,true
outward,7510,14.842,-1164.52905273438,link-3,true
outward,7511,17.816,-1165.02429199219,link-3,true
outward,7512,18.188,-1165.51904296875,link-3,true
outward,7513,14.145,-1166.01513671875,link-3,true
outward,7514,17.941,-1166.5107421875,link-3,true
outward,7515,17.359,-1167.00598144531,link-3,true
outward,7516,14.507,-1167.50073242188,link-3,true
outward,7517,17.901,-1167.99682617188,link-3,true
outward,7518,17.232,-1168.49255371094,link-3,true
outward,7519,14.881,-1168.98779296875,link-3,true
outward,7520,17.883,-1169.48254394531,link-3,true
outward,7521,17.199,-1169.97875976562,link-3,true
outward,7522,14.96,-1170.47448730469,link-3,true
outward,7523,17.706,-1170.9697265625,link-3,true
outward,7524,17.337,-1171.46459960938,link-3,true
outward,7525,14.74,-1171.96081542969,link-3,true
outward,7526,17.934,-1172.45654296875,link-3,true
outward,7527,17.097,-1172.95178222656,link-3,true
outward,7528,14.993,-1173.44665527344,link-3,true
outward,7529,17.787,-1173.94287109375,link-3,true
outward,7530,17.28,-1174.43872070312,link-3,true
outward,7531,14.805,-1174.93408203125,link-3,true
outward,7532,17.958,-1175.42895507812,link-3,true
outward,7533,17.282,-1175.92529296875,link-3,true
outward,7534,15.133,-1176.42114257812,link-3,true
outward,7535,17.684,-1176.91650390625,link-3,true
outward,7536,17.532,-1177.41137695312,link-3,true
outward,7537,14.97,-1177.90771484375,link-3,true
outward,7538,17.766,-1178.40356445312,link-3,true
outward,7539,17.313,-1178.89892578125,link-3,true
outward,7540,14.876,-1179.39379882812,link-3,true
outward,7541,17.892,-1179.89013671875,link-3,true
outward,7542,21.828,-1180.38598632812,link-3,true
outward,7543,14.308,-1180.88134765625,link-3,true
outward,7544,18.019,-1181.37622070312,link-3,true
outward,7545,17.855,-1181.87255859375,link-3,true
outward,7546,14.981,-1182.36840820312,link-3,true
outward,7547,18.269,-1182.86376953125,link-3,true
outward,7548,17.596,-1183.35864257812,link-3,true
outward,7549,15.292,-1183.85498046875,link-3,true
outward,7550,18.051,-1184.35083007812,link-3,true
outward,7551,17.637,-1184.84619140625,link-3,true
outward,7552,14.888,-1185.34118652344,link-3,true
outward,7553,18.105,-1185.83752441406,link-3,true
outward,7554,18.184,-1186.82873535156,link-3,true
outward,7555,14.737,-1187.32373046875,link-3,true
outward,7556,18.217,-1187.82006835938,link-3,true
outward,7557,17.63,-1188.31591796875,link-3,true
outward,7558,15.128,-1188.81140136719,link-3,true
outward,7559,17.992,-1189.30639648438,link-3,true
outward,7560,17.809,-1189.802734375,link-3,true
outward,7561,14.987,-1190.29870605469,link-3,true
outward,7562,17.815,-1190.79418945312,link-3,true
outward,7563,17.536,-1191.28918457031,link-3,true
outward,7564,14.861,-1191.78381347656,link-3,true
outward,7565,18.196,-1192.27978515625,link-3,true
outward,7566,17.268,-1192.77526855469,link-3,true
outward,7567,14.682,-1193.27038574219,link-3,true
outward,7568,17.802,-1193.76489257812,link-3,true
outward,7569,17.498,-1194.26086425781,link-3,true
outward,7570,14.721,-1194.75646972656,link-3,true
outward,7571,17.856,-1195.25146484375,link-3,true
outward,7572,17.401,-1195.74609375,link-3,true
outward,7573,14.828,-1196.2421875,link-3,true
outward,7574,17.849,-1196.73767089844,link-3,true
outward,7575,17.065,-1197.23278808594,link-3,true
outward,7576,15.045,-1197.72729492188,link-3,true
outward,7577,17.587,-1198.22326660156,link-3,true
outward,7578,17.197,-1198.71887207031,link-3,true
outward,7579,14.76,-1199.21398925781,link-3,true
outward,7580,17.996,-1199.70861816406,link-3,true
outward,7581,17.515,-1200.20471191406,link-3,true
outward,7582,14.445,-1200.70031738281,link-3,true
outward,7583,17.765,-1201.19543457031,link-3,true
outward,7584,17.218,-1201.69006347656,link-3,true
outward,7585,14.971,-1202.18615722656,link-3,true
outward,7586,17.495,-1202.68176269531,link-3,true
outward,7587,17.213,-1203.17687988281,link-3,true
outward,7588,14.872,-1203.67150878906,link-3,true
outward,7589,17.961,-1204.16760253906,link-3,true
outward,7590,17.197,-1204.66320800781,link-3,true
outward,7591,14.672,-1205.15832519531,link-3,true
outward,7592,17.982,-1205.65307617188,link-3,true
outward,7593,17.174,-1206.14916992188,link-3,true
outward,7594,14.865,-1206.64477539062,link-3,true
outward,7595,18.658,-1207.14001464844,link-3,true
outward,7596,16.509,-1207.634765625,link-3,true
outward,7597,14.757,-1208.130859375,link-3,true
outward,7598,17.936,-1208.62658691406,link-3,true
outward,7599,17.333,-1209.12182617188,link-3,true
outward,7600,14.791,-1209.61657714844,link-3,true
outward,7601,18.122,-1210.11279296875,link-3,true
outward,7602,17.315,-1210.60852050781,link-3,true
outward,7603,15.091,-1211.10375976562,link-3,true
outward,7604,17.694,-1211.59851074219,link-3,true
outward,7605,17.341,-1212.0947265625,link-3,true
outward,7606,15.233,-1212.59045410156,link-3,true
outward,7607,17.893,-1213.08569335938,link-3,true
outward,7608,17.348,-1213.58044433594,link-3,true
outward,7609,15.115,-1214.07666015625,link-3,true
outward,7610,17.708,-1214.57238769531,link-3,true
outward,7611,17.406,-1215.06762695312,link-3,true
outward,7612,15.032,-1215.5625,link-3,true
outward,7613,18.191,-1216.05871582031,link-3,true
outward,7614,17.183,-1216.55444335938,link-3,true
outward,7615,15.241,-1217.0498046875,link-3,true
outward,7616,17.91,-1217.54467773438,link-3,true
outward,7617,17.357,-1218.04089355469,link-3,true
outward,7618,14.878,-1218.53662109375,link-3,true
outward,7619,17.971,-1219.03198242188,link-3,true
outward,7620,17.374,-1219.52685546875,link-3,true
outward,7621,15.035,-1220.02307128906,link-3,true
outward,7622,17.969,-1220.51892089844,link-3,true
outward,7623,17.41,-1221.01428222656,link-3,true
outward,7624,14.829,-1221.50915527344,link-3,true
outward,7625,18.056,-1222.00549316406,link-3,true
outward,7626,17.489,-1222.50134277344,link-3,true
outward,7627,14.896,-1222.99670410156,link-3,true
outward,7628,18.049,-1223.49157714844,link-3,true
outward,7629,17.508,-1223.98791503906,link-3,true
outward,7630,15.077,-1224.48376464844,link-3,true
outward,7631,17.966,-1224.97912597656,link-3,true
outward,7632,17.443,-1225.47399902344,link-3,true
outward,7633,14.868,-1225.97033691406,link-3,true
outward,7634,17.737,-1226.46618652344,link-3,true
outward,7635,21.038,-1226.96154785156,link-3,true
outward,7636,11.044,-1227.45654296875,link-3,true
outward,7637,20.771,-1227.95288085938,link-3,true
outward,7638,14.247,-1228.44873046875,link-3,true
outward,7639,14.769,-1228.94421386719,link-3,true
outward,7640,17.938,-1229.43920898438,link-3,true
outward,7641,17.329,-1229.935546875,link-3,true
outward,7642,14.803,-1230.43139648438,link-3,true
outward,7643,17.955,-1230.92687988281,link-3,true
outward,7644,17.093,-1231.421875,link-3,true
outward,7645,14.84,-1231.91821289062,link-3,true
outward,7646,18.005,-1232.41418457031,link-3,true
outward,7647,17.277,-1232.90966796875,link-3,true
outward,7648,14.873,-1233.40466308594,link-3,true
outward,7649,17.582,-1233.89916992188,link-3,true
outward,7650,17.419,-1234.39514160156,link-3,true
outward,7651,14.954,-1234.890625,link-3,true
outward,7652,18.139,-1235.38562011719,link-3,true
outward,7653,20.926,-1235.88024902344,link-3,true
outward,7654,10.914,-1236.37622070312,link-3,true
outward,7655,22.596,-1236.87170410156,link-3,true
outward,7656,14.388,-1237.36669921875,link-3,true
outward,7657,14.994,-1237.861328125,link-3,true
outward,7658,17.669,-1238.35729980469,link-3,true
outward,7659,17.599,-1238.85278320312,link-3,true
outward,7660,14.811,-1239.34790039062,link-3,true
outward,7661,17.944,-1239.84252929688,link-3,true
outward,7662,17.51,-1240.33850097656,link-3,true
outward,7663,14.918,-1240.83410644531,link-3,true
outward,7664,18.007,-1241.32922363281,link-3,true
outward,7665,17.48,-1241.82385253906,link-3,true
outward,7666,14.702,-1242.31994628906,link-3,true
outward,7667,18.063,-1242.81555175781,link-3,true
outward,7668,17.244,-1243.31066894531,link-3,true
outward,7669,14.905,-1243.80529785156,link-3,true
outward,7670,17.614,-1244.30139160156,link-3,true
outward,7671,8.524,-1244.79699707031,link-3,true
outward,7672,2.745,-1244.79699707031,link-3,true
outward,7673,4.789,-1244.79699707031,link-3,true
outward,7674,4.722,-1245.29211425781,link-3,true
outward,7675,2.576,-1245.29211425781,link-3,true
outward,7676,3.326,-1245.29211425781,link-3,true
outward,7677,3.362,-1245.29211425781,link-3,true
outward,7678,5.599,-1245.78674316406,link-3,true
outward,7679,2.709,-1245.78674316406,link-3,true
outward,7680,3.248,-1245.78674316406,link-3,true
outward,7681,3.409,-1245.78674316406,link-3,true
outward,7682,5.055,-1245.78674316406,link-3,true
outward,7683,4.209,-1246.28283691406,link-3,true
outward,7684,2.55,-1246.28283691406,link-3,true
outward,7685,3.684,-1246.28283691406,link-3,true
outward,7686,3.304,-1246.28283691406,link-3,true
outward,7687,5.41,-1246.77844238281,link-3,true
outward,7688,2.371,-1246.77844238281,link-3,true
outward,7689,3.587,-1246.77844238281,link-3,true
outward,7690,3.588,-1246.77844238281,link-3,true
outward,7691,4.941,-1246.77844238281,link-3,true
outward,7692,4.355,-1247.27355957031,link-3,true
outward,7693,2.492,-1247.27355957031,link-3,true
outward,7694,3.475,-1247.27355957031,link-3,true
outward,7695,3.352,-1247.27355957031,link-3,true
outward,7696,5.267,-1247.76831054688,link-3,true
outward,7697,2.877,-1247.76831054688,link-3,true
outward,7698,3.047,-1247.76831054688,link-3,true
outward,7699,3.719,-1247.76831054688,link-3,true
outward,7700,4.804,-1247.76831054688,link-3,true
outward,7701,4.161,-1248.26440429688,link-3,true
outward,7702,3.026,-1248.26440429688,link-3,true
outward,7703,3.192,-1248.26440429688,link-3,true
outward,7704,4.487,-1248.26440429688,link-3,true
outward,7705,4.445,-1248.76000976562,link-3,true
outward,7706,2.595,-1248.76000976562,link-3,true
outward,7707,3.535,-1248.76000976562,link-3,true
outward,7708,3.298,-1248.76000976562,link-3,true
outward,7709,4.776,-1248.76000976562,link-3,true
outward,7710,4.45,-1249.25524902344,link-3,true
outward,7711,2.341,-1249.25524902344,link-3,true
outward,7712,3.445,-1249.25524902344,link-3,true
outward,7713,3.456,-1249.25524902344,link-3,true
outward,7714,5.482,-1249.75,link-3,true
outward,7715,2.531,-1249.75,link-3,true
outward,7716,3.545,-1249.75,link-3,true
outward,7717,3.275,-1249.75,link-3,true
outward,7718,4.778,-1249.75,link-3,true
outward,7719,4.388,-1250.24609375,link-3,true
outward,7720,2.494,-1250.24609375,link-3,true
outward,7721,3.575,-1250.24609375,link-3,true
outward,7722,4.552,-1250.24609375,link-3,true
outward,7723,4.562,-1250.74182128906,link-3,true
outward,7724,2.651,-1250.74182128906,link-3,true
outward,7725,3.351,-1250.74182128906,link-3,true
outward,7726,3.472,-1250.74182128906,link-3,true
outward,7727,4.623,-1250.74182128906,link-3,true
outward,7728,4.378,-1251.23706054688,link-3,true
outward,7729,2.894,-1251.23706054688,link-3,true
outward,7730,3.255,-1251.23706054688,link-3,true
outward,7731,5.012,-1251.23706054688,link-3,true
outward,7732,4.298,-1251.73181152344,link-3,true
outward,7733,2.881,-1251.73181152344,link-3,true
outward,7734,3.083,-1251.73181152344,link-3,true
outward,7735,3.246,-1251.73181152344,link-3,true
outward,7736,4.911,-1251.73181152344,link-3,true
outward,7737,4.609,-1252.22790527344,link-3,true
outward,7738,3.097,-1252.22790527344,link-3,true
outward,7739,2.822,-1252.22790527344,link-3,true
outward,7740,4.738,-1252.22790527344,link-3,true
outward,7741,4.114,-1252.7236328125,link-3,true
outward,7742,2.882,-1252.7236328125,link-3,true
outward,7743,3.48,-1252.7236328125,link-3,true
outward,7744,3.347,-1252.7236328125,link-3,true
outward,7745,4.408,-1252.7236328125,link-3,true
outward,7746,4.089,-1253.21887207031,link-3,true
outward,7747,2.636,-1253.21887207031,link-3,true
outward,7748,3.315,-1253.21887207031,link-3,true
outward,7749,5.038,-1253.21887207031,link-3,true
outward,7750,4.318,-1253.71362304688,link-3,true
outward,7751,2.48,-1253.71362304688,link-3,true
outward,7752,3.543,-1253.71362304688,link-3,true
outward,7753,3.337,-1253.71362304688,link-3,true
outward,7754,4.367,-1253.71362304688,link-3,true
outward,7755,4.434,-1254.20983886719,link-3,true
outward,7756,3.026,-1254.20983886719,link-3,true
outward,7757,2.963,-1254.20983886719,link-3,true
outward,7758,4.507,-1254.20983886719,link-3,true
outward,7759,4.217,-1254.70556640625,link-3,true
outward,7760,2.479,-1254.70556640625,link-3,true
outward,7761,3.46,-1254.70556640625,link-3,true
outward,7762,3.572,-1254.70556640625,link-3,true
outward,7763,4.246,-1254.70556640625,link-3,true
outward,7764,4.065,-1255.20080566406,link-3,true
outward,7765,2.891,-1255.20080566406,link-3,true
outward,7766,3.345,-1255.20080566406,link-3,true
outward,7767,4.705,-1255.20080566406,link-3,true
outward,7768,4.31,-1255.69555664062,link-3,true
outward,7769,2.483,-1255.69555664062,link-3,true
outward,7770,3.379,-1255.69555664062,link-3,true
outward,7771,4.277,-1255.69555664062,link-3,true
outward,7772,3.908,-1255.69555664062,link-3,true
outward,7773,4.552,-1256.19177246094,link-3,true
outward,7774,2.645,-1256.19177246094,link-3,true
outward,7775,2.961,-1256.19177246094,link-3,true
outward,7776,5.019,-1256.19177246094,link-3,true
outward,7777,4.419,-1256.6875,link-3,true
outward,7778,2.661,-1256.6875,link-3,true
outward,7779,3.531,-1256.6875,link-3,true
outward,7780,3.263,-1256.6875,link-3,true
outward,7781,4.281,-1256.6875,link-3,true
outward,7782,4.563,-1257.18273925781,link-3,true
outward,7783,2.678,-1257.18273925781,link-3,true
outward,7784,3.185,-1257.18273925781,link-3,true
outward,7785,5.122,-1257.18273925781,link-3,true
outward,7786,4.218,-1257.67761230469,link-3,true
outward,7787,2.402,-1257.67761230469,link-3,true
outward,7788,3.551,-1257.67761230469,link-3,true
outward,7789,3.382,-1257.67761230469,link-3,true
outward,7790,4.346,-1257.67761230469,link-3,true
outward,7791,4.666,-1258.173828125,link-3,true
outward,7792,2.763,-1258.173828125,link-3,true
outward,7793,2.694,-1258.173828125,link-3,true
outward,7794,4.775,-1258.173828125,link-3,true
outward,7795,4.15,-1258.66955566406,link-3,true
outward,7796,2.626,-1258.66955566406,link-3,true
outward,7797,3.598,-1258.66955566406,link-3,true
outward,7798,3.307,-1258.66955566406,link-3,true
outward,7799,4.288,-1258.66955566406,link-3,true
outward,7800,4.486,-1259.16479492188,link-3,true
outward,7801,2.336,-1259.16479492188,link-3,true
outward,7802,3.566,-1259.16479492188,link-3,true
outward,7803,4.481,-1259.16479492188,link-3,true
outward,7804,4.338,-1259.65966796875,link-3,true
outward,7805,2.621,-1259.65966796875,link-3,true
outward,7806,3.483,-1259.65966796875,link-3,true
outward,7807,3.416,-1259.65966796875,link-3,true
outward,7808,4.827,-1259.65966796875,link-3,true
outward,7809,5.169,-1260.15588378906,link-3,true
outward,7810,3.568,-1260.15588378906,link-3,true
outward,7811,4.162,-1260.15588378906,link-3,true
outward,7812,3.436,-1260.15588378906,link-3,true
outward,7813,4.516,-1260.65161132812,link-3,true
outward,7814,3.28,-1260.65161132812,link-3,true
outward,7815,3.349,-1260.65161132812,link-3,true
outward,7816,3.469,-1260.65161132812,link-3,true
outward,7817,3.682,-1260.65161132812,link-3,true
outward,7818,7.975,-1261.14697265625,link-3,true
outward,7819,2.448,-1261.14697265625,link-3,true
outward,7820,2.39,-1261.14697265625,link-3,true
outward,7821,3.29,-1261.14697265625,link-3,true
outward,7822,4.276,-1261.64184570312,link-3,true
outward,7823,2.686,-1261.64184570312,link-3,true
outward,7824,3.067,-1261.64184570312,link-3,true
outward,7825,4.779,-1261.64184570312,link-3,true
outward,7826,3.364,-1261.64184570312,link-3,true
outward,7827,4.341,-1262.13806152344,link-3,true
outward,7828,3.524,-1262.13806152344,link-3,true
outward,7829,4.031,-1262.13806152344,link-3,true
outward,7830,3.428,-1262.13806152344,link-3,true
outward,7831,4.423,-1262.63391113281,link-3,true
outward,7832,2.947,-1262.63391113281,link-3,true
outward,7833,3.153,-1262.63391113281,link-3,true
outward,7834,4.515,-1262.63391113281,link-3,true
outward,7835,3.392,-1262.63391113281,link-3,true
outward,7836,4.472,-1263.12927246094,link-3,true
outward,7837,2.749,-1263.12927246094,link-3,true
outward,7838,4.581,-1263.12927246094,link-3,true
outward,7839,3.537,-1263.12927246094,link-3,true
outward,7840,4.271,-1263.62414550781,link-3,true
outward,7841,2.944,-1263.62414550781,link-3,true
outward,7842,2.866,-1263.62414550781,link-3,true
outward,7843,4.664,-1263.62414550781,link-3,true
outward,7844,3.331,-1263.62414550781,link-3,true
outward,7845,4.445,-1264.12048339844,link-3,true
outward,7846,2.743,-1264.12048339844,link-3,true
outward,7847,4.67,-1264.12048339844,link-3,true
outward,7848,3.462,-1264.12048339844,link-3,true
outward,7849,4.303,-1264.61633300781,link-3,true
outward,7850,2.789,-1264.61633300781,link-3,true
outward,7851,3.226,-1264.61633300781,link-3,true
outward,7852,4.606,-1264.61633300781,link-3,true
outward,7853,3.424,-1264.61633300781,link-3,true
outward,7854,4.469,-1265.11169433594,link-3,true
outward,7855,2.934,-1265.11169433594,link-3,true
outward,7856,4.455,-1265.11169433594,link-3,true
outward,7857,3.5,-1265.11169433594,link-3,true
outward,7858,4.135,-1265.60656738281,link-3,true
outward,7859,2.798,-1265.60656738281,link-3,true
outward,7860,3.506,-1265.60656738281,link-3,true
outward,7861,4.54,-1265.60656738281,link-3,true
outward,7862,3.283,-1265.60656738281,link-3,true
outward,7863,4.286,-1266.10290527344,link-3,true
outward,7864,3.312,-1266.10290527344,link-3,true
outward,7865,4.397,-1266.10290527344,link-3,true
outward,7866,3.292,-1266.10290527344,link-3,true
outward,7867,4.062,-1266.59875488281,link-3,true
outward,7868,2.936,-1266.59875488281,link-3,true
outward,7869,4.388,-1266.59875488281,link-3,true
outward,7870,3.489,-1266.59875488281,link-3,true
outward,7871,3.442,-1266.59875488281,link-3,true
outward,7872,4.584,-1267.09411621094,link-3,true
outward,7873,3.243,-1267.09411621094,link-3,true
outward,7874,3.721,-1267.09411621094,link-3,true
outward,7875,3.378,-1267.09411621094,link-3,true
outward,7876,4.22,-1267.58898925781,link-3,true
outward,7877,2.919,-1267.58898925781,link-3,true
outward,7878,4.188,-1267.58898925781,link-3,true
outward,7879,3.599,-1267.58898925781,link-3,true
outward,7880,3.335,-1267.58898925781,link-3,true
outward,7881,4.99,-1268.08532714844,link-3,true
outward,7882,3.901,-1268.08532714844,link-3,true
outward,7883,2.902,-1268.08532714844,link-3,true
outward,7884,3.411,-1268.08532714844,link-3,true
outward,7885,4.133,-1268.58117675781,link-3,true
outward,7886,2.624,-1268.58117675781,link-3,true
outward,7887,3.471,-1268.58117675781,link-3,true
outward,7888,4.343,-1268.58117675781,link-3,true
outward,7889,3.361,-1268.58117675781,link-3,true
outward,7890,4.571,-1269.07653808594,link-3,true
outward,7891,3.438,-1269.07653808594,link-3,true
outward,7892,4.069,-1269.07653808594,link-3,true
outward,7893,3.402,-1269.07653808594,link-3,true
outward,7894,4.385,-1269.57153320312,link-3,true
outward,7895,2.859,-1269.57153320312,link-3,true
outward,7896,4.113,-1269.57153320312,link-3,true
outward,7897,3.685,-1269.57153320312,link-3,true
outward,7898,3.392,-1269.57153320312,link-3,true
outward,7899,4.446,-1270.06787109375,link-3,true
outward,7900,2.487,-1270.06787109375,link-3,true
outward,7901,4.693,-1270.06787109375,link-3,true
outward,7902,3.271,-1270.06787109375,link-3,true
outward,7903,4.271,-1270.56372070312,link-3,true
outward,7904,2.792,-1270.56372070312,link-3,true
outward,7905,4.641,-1270.56372070312,link-3,true
outward,7906,3.334,-1270.56372070312,link-3,true
outward,7907,3.308,-1270.56372070312,link-3,true
outward,7908,4.443,-1271.05908203125,link-3,true
outward,7909,2.665,-1271.05908203125,link-3,true
outward,7910,4.515,-1271.05908203125,link-3,true
outward,7911,3.575,-1271.05908203125,link-3,true
outward,7912,4.429,-1271.55407714844,link-3,true
outward,7913,2.663,-1271.55407714844,link-3,true
outward,7914,4.978,-1271.55407714844,link-3,true
outward,7915,3.267,-1271.55407714844,link-3,true
outward,7916,3.381,-1271.55407714844,link-3,true
outward,7917,8.785,-1272.05041503906,link-3,true
outward,7918,2.604,-1272.05041503906,link-3,true
outward,7919,2.749,-1272.05041503906,link-3,true
outward,7920,3.447,-1272.05041503906,link-3,true
outward,7921,3.839,-1272.54626464844,link-3,true
outward,7922,2.598,-1272.54626464844,link-3,true
outward,7923,4.653,-1272.54626464844,link-3,true
outward,7924,3.345,-1272.54626464844,link-3,true
outward,7925,6.623,-1273.04174804688,link-3,true
outward,7926,2.822,-1273.04174804688,link-3,true
outward,7927,3.395,-1273.04174804688,link-3,true
outward,7928,3.299,-1273.04174804688,link-3,true
outward,7929,3.419,-1273.04174804688,link-3,true
outward,7930,4.116,-1273.53674316406,link-3,true
outward,7931,4.084,-1273.53674316406,link-3,true
outward,7932,3.517,-1273.53674316406,link-3,true
outward,7933,3.539,-1273.53674316406,link-3,true
outward,7934,4.428,-1274.03308105469,link-3,true
outward,7935,2.438,-1274.03308105469,link-3,true
outward,7936,4.821,-1274.03308105469,link-3,true
outward,7937,3.342,-1274.03308105469,link-3,true
outward,7938,3.391,-1274.03308105469,link-3,true
outward,7939,4.406,-1274.52905273438,link-3,true
outward,7940,3.498,-1274.52905273438,link-3,true
outward,7941,3.941,-1274.52905273438,link-3,true
outward,7942,3.038,-1274.52905273438,link-3,true
outward,7943,4.27,-1275.02453613281,link-3,true
outward,7944,2.503,-1275.02453613281,link-3,true
outward,7945,4.809,-1275.02453613281,link-3,true
outward,7946,3.299,-1275.02453613281,link-3,true
outward,7947,3.614,-1275.02453613281,link-3,true
outward,7948,4.368,-1275.51953125,link-3,true
outward,7949,3.347,-1275.51953125,link-3,true
outward,7950,3.664,-1275.51953125,link-3,true
outward,7951,3.32,-1275.51953125,link-3,true
outward,7952,4.344,-1276.01403808594,link-3,true
outward,7953,3.187,-1276.01403808594,link-3,true
outward,7954,4.275,-1276.01403808594,link-3,true
outward,7955,3.1,-1276.01403808594,link-3,true
outward,7956,3.453,-1276.01403808594,link-3,true
outward,7957,4.411,-1276.51000976562,link-3,true
outward,7958,3.789,-1276.51000976562,link-3,true
outward,7959,3.291,-1276.51000976562,link-3,true
outward,7960,3.504,-1276.51000976562,link-3,true
outward,7961,4.545,-1277.00549316406,link-3,true
outward,7962,3.019,-1277.00549316406,link-3,true
outward,7963,3.993,-1277.00549316406,link-3,true
outward,7964,3.367,-1277.00549316406,link-3,true
outward,7965,3.515,-1277.00549316406,link-3,true
outward,7966,4.404,-1277.50048828125,link-3,true
outward,7967,3.583,-1277.50048828125,link-3,true
outward,7968,3.472,-1277.50048828125,link-3,true
outward,7969,3.483,-1277.50048828125,link-3,true
outward,7970,4.569,-1277.99499511719,link-3,true
outward,7971,2.521,-1277.99499511719,link-3,true
outward,7972,4.412,-1277.99499511719,link-3,true
outward,7973,3.657,-1277.99499511719,link-3,true
outward,7974,3.241,-1277.99499511719,link-3,true
outward,7975,4.374,-1278.49096679688,link-3,true
outward,7976,3.56,-1278.49096679688,link-3,true
outward,7977,3.654,-1278.49096679688,link-3,true
outward,7978,3.359,-1278.49096679688,link-3,true
outward,7979,4.559,-1278.98645019531,link-3,true
outward,7980,2.386,-1278.98645019531,link-3,true
outward,7981,4.521,-1278.98645019531,link-3,true
outward,7982,3.618,-1278.98645019531,link-3,true
outward,7983,3.326,-1278.98645019531,link-3,true
outward,7984,4.26,-1279.4814453125,link-3,true
outward,7985,3.569,-1279.4814453125,link-3,true
outward,7986,3.653,-1279.4814453125,link-3,true
outward,7987,3.285,-1279.4814453125,link-3,true
outward,7988,4.388,-1279.97607421875,link-3,true
outward,7989,2.472,-1279.97607421875,link-3,true
outward,7990,4.676,-1279.97607421875,link-3,true
outward,7991,3.595,-1279.97607421875,link-3,true
outward,7992,3.277,-1279.97607421875,link-3,true
outward,7993,4.326,-1280.47204589844,link-3,true
outward,7994,3.357,-1280.47204589844,link-3,true
outward,7995,3.77,-1280.47204589844,link-3,true
outward,7996,3.462,-1280.47204589844,link-3,true
outward,7997,4.522,-1280.96752929688,link-3,true
outward,7998,2.274,-1280.96752929688,link-3,true
outward,7999,4.811,-1280.96752929688,link-3,true
outward,8000,3.422,-1280.96752929688,link-3,true
outward,8001,3.263,-1280.96752929688,link-3,true
outward,8002,4.251,-1281.46264648438,link-3,true
outward,8003,3.653,-1281.46264648438,link-3,true
outward,8004,3.416,-1281.46264648438,link-3,true
outward,8005,3.43,-1281.46264648438,link-3,true
outward,8006,4.292,-1281.95727539062,link-3,true
outward,8007,2.477,-1281.95727539062,link-3,true
outward,8008,4.65,-1281.95727539062,link-3,true
outward,8009,3.581,-1281.95727539062,link-3,true
outward,8010,7.393,-1282.45324707031,link-3,true
outward,8011,3.373,-1282.45324707031,link-3,true
outward,8012,3.032,-1282.45324707031,link-3,true
outward,8013,3.71,-1282.45324707031,link-3,true
outward,8014,3.329,-1282.45324707031,link-3,true
outward,8015,4.479,-1282.94885253906,link-3,true
outward,8016,3.349,-1282.94885253906,link-3,true
outward,8017,3.581,-1282.94885253906,link-3,true
outward,8018,3.622,-1282.94885253906,link-3,true
outward,8019,3.89,-1283.44396972656,link-3,true
outward,8020,2.541,-1283.44396972656,link-3,true
outward,8021,4.422,-1283.44396972656,link-3,true
outward,8022,3.441,-1283.44396972656,link-3,true
outward,8023,3.435,-1283.44396972656,link-3,true
outward,8024,4.592,-1283.93859863281,link-3,true
outward,8025,3.664,-1283.93859863281,link-3,true
outward,8026,3.52,-1283.93859863281,link-3,true
outward,8027,3.827,-1283.93859863281,link-3,true
outward,8028,4.25,-1284.43469238281,link-3,true
outward,8029,2.63,-1284.43469238281,link-3,true
outward,8030,5.121,-1284.43469238281,link-3,true
outward,8031,3.212,-1284.43469238281,link-3,true
outward,8032,3.619,-1284.43469238281,link-3,true
outward,8033,5.167,-1284.93029785156,link-3,true
outward,8034,2.854,-1284.93029785156,link-3,true
outward,8035,3.267,-1284.93029785156,link-3,true
outward,8036,3.297,-1284.93029785156,link-3,true
outward,8037,4.386,-1285.42541503906,link-3,true
outward,8038,2.548,-1285.42541503906,link-3,true
outward,8039,4.368,-1285.42541503906,link-3,true
outward,8040,3.321,-1285.42541503906,link-3,true
outward,8041,3.526,-1285.42541503906,link-3,true
outward,8042,6.609,-1285.92004394531,link-3,true
outward,8043,2.451,-1285.92004394531,link-3,true
outward,8044,2.662,-1285.92004394531,link-3,true
outward,8045,3.185,-1285.92004394531,link-3,true
outward,8046,4.561,-1286.41613769531,link-3,true
outward,8047,3.303,-1286.41613769531,link-3,true
outward,8048,3.145,-1286.41613769531,link-3,true
outward,8049,3.317,-1286.41613769531,link-3,true
outward,8050,3.272,-1286.41613769531,link-3,true
outward,8051,4.459,-1286.91174316406,link-3,true
outward,8052,2.468,-1286.91174316406,link-3,true
outward,8053,4.105,-1286.91174316406,link-3,true
outward,8054,3.363,-1286.91174316406,link-3,true
outward,8055,5.627,-1287.40686035156,link-3,true
outward,8056,3.637,-1287.40686035156,link-3,true
outward,8057,2.695,-1287.40686035156,link-3,true
outward,8058,3.291,-1287.40686035156,link-3,true
outward,8059,3.421,-1287.40686035156,link-3,true
outward,8060,4.17,-1287.90148925781,link-3,true
outward,8061,2.529,-1287.90148925781,link-3,true
outward,8062,4.534,-1287.90148925781,link-3,true
outward,8063,3.384,-1287.90148925781,link-3,true
outward,8064,4.586,-1288.39758300781,link-3,true
outward,8065,3.719,-1288.39758300781,link-3,true
outward,8066,2.991,-1288.39758300781,link-3,true
outward,8067,3.287,-1288.39758300781,link-3,true
outward,8068,3.612,-1288.39758300781,link-3,true
outward,8069,4.425,-1288.89318847656,link-3,true
outward,8070,2.559,-1288.89318847656,link-3,true
outward,8071,4.063,-1288.89318847656,link-3,true
outward,8072,3.44,-1288.89318847656,link-3,true
outward,8073,4.227,-1289.38830566406,link-3,true
outward,8074,5.196,-1289.38830566406,link-3,true
outward,8075,2.436,-1289.38830566406,link-3,true
outward,8076,3.036,-1289.38830566406,link-3,true
outward,8077,3.346,-1289.38830566406,link-3,true
outward,8078,4.531,-1289.88305664062,link-3,true
outward,8079,2.494,-1289.88305664062,link-3,true
outward,8080,4.509,-1289.88305664062,link-3,true
outward,8081,3.333,-1289.88305664062,link-3,true
outward,8082,4.734,-1290.37915039062,link-3,true
outward,8083,3.162,-1290.37915039062,link-3,true
outward,8084,3.819,-1290.37915039062,link-3,true
outward,8085,3.522,-1290.37915039062,link-3,true
outward,8086,3.357,-1290.37915039062,link-3,true
outward,8087,4.376,-1290.87475585938,link-3,true
outward,8088,2.417,-1290.87475585938,link-3,true
outward,8089,4.748,-1290.87475585938,link-3,true
outward,8090,3.533,-1290.87475585938,link-3,true
outward,8091,4.415,-1291.36999511719,link-3,true
outward,8092,2.544,-1291.36999511719,link-3,true
outward,8093,4.323,-1291.36999511719,link-3,true
outward,8094,6.558,-1291.36999511719,link-3,true
outward,8095,15.23,-1291.86474609375,link-3,true
outward,8096,14.374,-1292.36083984375,link-3,true
outward,8097,17.993,-1292.8564453125,link-3,true
outward,8098,16.98,-1293.35168457031,link-3,true
outward,8099,15.008,-1293.84643554688,link-3,true
outward,8100,17.582,-1294.34252929688,link-3,true
outward,8101,16.957,-1294.83825683594,link-3,true
outward,8102,14.155,-1294.83825683594,link-3,true
outward,8103,19.128,-1295.82824707031,link-3,true
outward,8104,16.484,-1296.32446289062,link-3,true
outward,8105,15.044,-1296.82019042969,link-3,true
outward,8106,17.894,-1297.3154296875,link-3,true
outward,8107,17.095,-1297.81018066406,link-3,true
outward,8108,15.074,-1298.30639648438,link-3,true
outward,8109,17.564,-1298.80212402344,link-3,true
outward,8110,17.3,-1299.29736328125,link-3,true
outward,8111,14.638,-1299.79211425781,link-3,true
outward,8112,17.889,-1300.28833007812,link-3,true
outward,8113,17.141,-1300.78405761719,link-3,true
outward,8114,14.958,-1301.279296875,link-3,true
outward,8115,17.202,-1301.77416992188,link-3,true
outward,8116,17.284,-1302.27038574219,link-3,true
outward,8117,14.732,-1302.76611328125,link-3,true
outward,8118,17.727,-1303.26147460938,link-3,true
outward,8119,17.219,-1303.75634765625,link-3,true
outward,8120,14.759,-1304.25256347656,link-3,true
outward,8121,17.612,-1304.74841308594,link-3,true
outward,8122,17.244,-1305.24377441406,link-3,true
outward,8123,14.662,-1305.73864746094,link-3,true
outward,8124,18.103,-1306.23498535156,link-3,true
outward,8125,16.662,-1306.73083496094,link-3,true
outward,8126,14.166,-1307.22619628906,link-3,true
outward,8127,20.174,-1307.72106933594,link-3,true
outward,8128,17.651,-1308.21740722656,link-3,true
outward,8129,14.48,-1308.71325683594,link-3,true
outward,8130,18.026,-1309.20861816406,link-3,true
outward,8131,17.536,-1309.70349121094,link-3,true
outward,8132,14.728,-1310.19982910156,link-3,true
outward,8133,17.843,-1310.69567871094,link-3,true
outward,8134,17.105,-1311.19104003906,link-3,true
outward,8135,14.874,-1311.68591308594,link-3,true
outward,8136,17.832,-1312.18225097656,link-3,true
outward,8137,17.097,-1312.67810058594,link-3,true
outward,8138,14.833,-1313.17346191406,link-3,true
outward,8139,17.724,-1313.66845703125,link-3,true
outward,8140,16.925,-1314.16479492188,link-3,true
outward,8141,14.704,-1314.66064453125,link-3,true
outward,8142,17.617,-1315.15612792969,link-3,true
outward,8143,16.905,-1315.65112304688,link-3,true
outward,8144,14.602,-1316.1474609375,link-3,true
outward,8145,17.773,-1316.64343261719,link-3,true
outward,8146,17.117,-1317.13891601562,link-3,true
outward,8147,14.541,-1317.63391113281,link-3,true
outward,8148,17.735,-1318.12841796875,link-3,true
outward,8149,17.141,-1318.62438964844,link-3,true
outward,8150,14.977,-1319.11987304688,link-3,true
outward,8151,17.52,-1319.61486816406,link-3,true
outward,8152,16.997,-1320.109375,link-3,true
outward,8153,14.68,-1320.60534667969,link-3,true
outward,8154,18.06,-1321.10083007812,link-3,true
outward,8155,16.885,-1321.59582519531,link-3,true
outward,8156,14.704,-1322.09045410156,link-3,true
outward,8157,17.49,-1322.58642578125,link-3,true
outward,8158,16.97,-1323.08190917969,link-3,true
outward,8159,15.038,-1323.57702636719,link-3,true
outward,8160,17.512,-1324.07165527344,link-3,true
outward,8161,17.074,-1324.56762695312,link-3,true
outward,8162,14.763,-1325.06323242188,link-3,true
outward,8163,17.807,-1325.55834960938,link-3,true
outward,8164,17.162,-1326.05297851562,link-3,true
outward,8165,14.577,-1326.54895019531,link-3,true
outward,8166,17.654,-1327.04455566406,link-3,true
outward,8167,17.166,-1327.53967285156,link-3,true
outward,8168,14.754,-1328.03430175781,link-3,true
outward,8169,17.512,-1328.53039550781,link-3,true
outward,8170,17.28,-1329.02600097656,link-3,true
outward,8171,14.225,-1329.52111816406,link-3,true
outward,8172,19.771,-1330.01574707031,link-3,true
outward,8173,15.03,-1330.51184082031,link-3,true
outward,8174,14.511,-1331.00744628906,link-3,true
outward,8175,17.929,-1331.50256347656,link-3,true
outward,8176,16.942,-1331.99731445312,link-3,true
outward,8177,14.685,-1332.49340820312,link-3,true
outward,8178,17.698,-1332.98901367188,link-3,true
outward,8179,17.021,-1333.48413085938,link-3,true
outward,8180,14.847,-1333.97888183594,link-3,true
outward,8181,17.761,-1334.47497558594,link-3,true
outward,8182,17.093,-1334.97058105469,link-3,true
outward,8183,14.828,-1335.4658203125,link-3,true
outward,8184,17.612,-1335.96057128906,link-3,true
outward,8185,17.332,-1336.45666503906,link-3,true
outward,8186,14.761,-1336.95239257812,link-3,true
outward,8187,17.555,-1337.44763183594,link-3,true
outward,8188,17.301,-1337.9423828125,link-3,true
outward,8189,14.66,-1338.43859863281,link-3,true
outward,8190,8.327,-1338.43859863281,link-3,true
outward,8191,5.272,-1338.93432617188,link-3,true
outward,8192,2.759,-1338.93432617188,link-3,true
outward,8193,3.159,-1338.93432617188,link-3,true
outward,8194,4.69,-1338.93432617188,link-3,true
outward,8195,3.995,-1339.42956542969,link-3,true
outward,8196,2.639,-1339.42956542969,link-3,true
outward,8197,3.592,-1339.42956542969,link-3,true
outward,8198,2.979,-1339.42956542969,link-3,true
outward,8199,4.491,-1339.42956542969,link-3,true
outward,8200,4.285,-1339.92431640625,link-3,true
outward,8201,2.572,-1339.92431640625,link-3,true
outward,8202,3.299,-1339.92431640625,link-3,true
outward,8203,4.823,-1339.92431640625,link-3,true
outward,8204,4.293,-1340.42053222656,link-3,true
outward,8205,2.388,-1340.42053222656,link-3,true
outward,8206,3.45,-1340.42053222656,link-3,true
outward,8207,3.309,-1340.42053222656,link-3,true
outward,8208,4.648,-1340.42053222656,link-3,true
outward,8209,4.118,-1340.91625976562,link-3,true
outward,8210,2.393,-1340.91625976562,link-3,true
outward,8211,3.451,-1340.91625976562,link-3,true
outward,8212,3.285,-1340.91625976562,link-3,true
outward,8213,4.301,-1340.91625976562,link-3,true
outward,8214,4.424,-1341.41149902344,link-3,true
outward,8215,2.475,-1341.41149902344,link-3,true
outward,8216,3.441,-1341.41149902344,link-3,true
outward,8217,4.491,-1341.41149902344,link-3,true
outward,8218,3.316,-1341.41149902344,link-3,true
outward,8219,4.136,-1341.90625,link-3,true
outward,8220,2.585,-1341.90625,link-3,true
outward,8221,3.155,-1341.90625,link-3,true
outward,8222,4.407,-1341.90625,link-3,true
outward,8223,3.299,-1341.90625,link-3,true
outward,8224,4.294,-1342.40246582031,link-3,true
outward,8225,2.479,-1342.40246582031,link-3,true
outward,8226,4.44,-1342.40246582031,link-3,true
outward,8227,3.547,-1342.40246582031,link-3,true
outward,8228,3.273,-1342.40246582031,link-3,true
outward,8229,4.499,-1342.89819335938,link-3,true
outward,8230,2.148,-1342.89819335938,link-3,true
outward,8231,4.61,-1342.89819335938,link-3,true
outward,8232,3.166,-1342.89819335938,link-3,true
outward,8233,3.068,-1342.89819335938,link-3,true
outward,8234,4.576,-1343.39343261719,link-3,true
outward,8235,2.445,-1343.39343261719,link-3,true
outward,8236,4.059,-1343.39343261719,link-3,true
outward,8237,3.751,-1343.39343261719,link-3,true
outward,8238,3.278,-1343.39343261719,link-3,true
outward,8239,4.337,-1343.88830566406,link-3,true
outward,8240,3.032,-1343.88830566406,link-3,true
outward,8241,3.574,-1343.88830566406,link-3,true
outward,8242,3.375,-1343.88830566406,link-3,true
outward,8243,3.578,-1343.88830566406,link-3,true
outward,8244,4.103,-1344.38452148438,link-3,true
outward,8245,3.786,-1344.38452148438,link-3,true
outward,8246,3.328,-1344.38452148438,link-3,true
outward,8247,3.073,-1344.38452148438,link-3,true
outward,8248,3.469,-1344.38452148438,link-3,true
outward,8249,4.459,-1344.88024902344,link-3,true
outward,8250,5.257,-1344.88024902344,link-3,true
outward,8251,2.685,-1344.88024902344,link-3,true
outward,8252,2.551,-1344.88024902344,link-3,true
outward,8253,4.567,-1345.37561035156,link-3,true
outward,8254,3.538,-1345.37561035156,link-3,true
outward,8255,3.103,-1345.37561035156,link-3,true
outward,8256,3.564,-1345.37561035156,link-3,true
outward,8257,3.575,-1345.37561035156,link-3,true
outward,8258,4.199,-1345.87048339844,link-3,true
outward,8259,3.053,-1345.87048339844,link-3,true
outward,8260,3.643,-1345.87048339844,link-3,true
outward,8261,3.069,-1345.87048339844,link-3,true
outward,8262,4.559,-1346.36669921875,link-3,true
outward,8263,3.758,-1346.36669921875,link-3,true
outward,8264,3.45,-1346.36669921875,link-3,true
outward,8265,3.552,-1346.36669921875,link-3,true
outward,8266,3.54,-1346.36669921875,link-3,true
outward,8267,4.834,-1346.86254882812,link-3,true
outward,8268,3.065,-1346.86254882812,link-3,true
outward,8269,3.568,-1346.86254882812,link-3,true
outward,8270,3.404,-1346.86254882812,link-3,true
outward,8271,4.178,-1347.35791015625,link-3,true
outward,8272,3.36,-1347.35791015625,link-3,true
outward,8273,3.595,-1347.35791015625,link-3,true
outward,8274,3.207,-1347.35791015625,link-3,true
outward,8275,3.712,-1347.35791015625,link-3,true
outward,8276,4.067,-1347.85278320312,link-3,true
outward,8277,3.573,-1347.85278320312,link-3,true
outward,8278,3.508,-1347.85278320312,link-3,true
outward,8279,3.442,-1347.85278320312,link-3,true
outward,8280,3.356,-1347.85278320312,link-3,true
outward,8281,5.248,-1348.34899902344,link-3,true
outward,8282,2.516,-1348.34899902344,link-3,true
outward,8283,3.309,-1348.34899902344,link-3,true
outward,8284,3.68,-1348.34899902344,link-3,true
outward,8285,4.343,-1348.84484863281,link-3,true
outward,8286,3.689,-1348.84484863281,link-3,true
outward,8287,3.276,-1348.84484863281,link-3,true
outward,8288,3.47,-1348.84484863281,link-3,true
outward,8289,3.318,-1348.84484863281,link-3,true
outward,8290,4.84,-1349.34020996094,link-3,true
outward,8291,2.808,-1349.34020996094,link-3,true
outward,8292,3.46,-1349.34020996094,link-3,true
outward,8293,3.71,-1349.34020996094,link-3,true
outward,8294,4.514,-1349.83508300781,link-3,true
outward,8295,3.309,-1349.83508300781,link-3,true
outward,8296,3.218,-1349.83508300781,link-3,true
outward,8297,3.269,-1349.83508300781,link-3,true
outward,8298,3.445,-1349.83508300781,link-3,true
return,8448,0.795,-1350.0,link-3,true
return,8449,3.092,-1350.0,link-3,true
return,8450,2.762,-1350.0,link-3,true
return,8451,3.793,-1350.0,link-3,true
return,8452,4.475,-1350.0,link-3,true
return,8453,5.373,-1349.99816894531,link-3,true
return,8454,3.414,-1349.99816894531,link-3,true
return,8455,3.248,-1349.99816894531,link-3,true
return,8456,3.272,-1349.99816894531,link-3,true
return,8457,5.342,-1349.99450683594,link-3,true
return,8458,3.514,-1349.99450683594,link-3,true
return,8459,3.167,-1349.99450683594,link-3,true
return,8460,3.3,-1349.99450683594,link-3,true
return,8461,4.681,-1349.9892578125,link-3,true
return,8462,4.174,-1349.9892578125,link-3,true
return,8463,3.775,-1349.9892578125,link-3,true
return,8464,3.448,-1349.9892578125,link-3,true
return,8465,3.686,-1349.9892578125,link-3,true
return,8466,5.972,-1349.98229980469,link-3,true
return,8467,3.577,-1349.98229980469,link-3,true
return,8468,3.205,-1349.98229980469,link-3,true
return,8469,3.596,-1349.98229980469,link-3,true
return,8470,5.588,-1349.9736328125,link-3,true
return,8471,3.227,-1349.9736328125,link-3,true
return,8472,3.095,-1349.9736328125,link-3,true
return,8473,3.505,-1349.9736328125,link-3,true
return,8474,5.386,-1349.96325683594,link-3,true
return,8475,3.051,-1349.96325683594,link-3,true
return,8476,3.45,-1349.96325683594,link-3,true
return,8477,3.601,-1349.96325683594,link-3,true
return,8478,4.787,-1349.951171875,link-3,true
return,8479,3.588,-1349.951171875,link-3,true
return,8480,3.252,-1349.951171875,link-3,true
return,8481,3.907,-1349.951171875,link-3,true
return,8482,3.432,-1349.951171875,link-3,true
return,8483,6.23,-1349.93737792969,link-3,true
return,8484,2.944,-1349.93737792969,link-3,true
return,8485,3.337,-1349.93737792969,link-3,true
return,8486,3.394,-1349.93737792969,link-3,true
return,8487,6.497,-1349.921875,link-3,true
return,8488,3.143,-1349.921875,link-3,true
return,8489,3.405,-1349.921875,link-3,true
return,8490,4.053,-1349.921875,link-3,true
return,8491,4.603,-1349.90478515625,link-3,true
return,8492,3.544,-1349.90478515625,link-3,true
return,8493,3.0,-1349.90478515625,link-3,true
return,8494,3.577,-1349.90478515625,link-3,true
return,8495,4.465,-1349.88598632812,link-3,true
return,8496,3.935,-1349.88598632812,link-3,true
return,8497,3.615,-1349.88598632812,link-3,true
return,8498,3.757,-1349.88598632812,link-3,true
return,8499,3.453,-1349.88598632812,link-3,true
return,8500,5.844,-1349.86547851562,link-3,true
return,8501,2.837,-1349.86547851562,link-3,true
return,8502,3.426,-1349.86547851562,link-3,true
return,8503,3.556,-1349.86547851562,link-3,true
return,8504,6.236,-1349.84326171875,link-3,true
return,8505,3.87,-1349.84326171875,link-3,true
return,8506,3.356,-1349.84326171875,link-3,true
return,8507,3.768,-1349.84326171875,link-3,true
return,8508,5.571,-1349.8193359375,link-3,true
return,8509,3.125,-1349.8193359375,link-3,true
return,8510,3.033,-1349.8193359375,link-3,true
return,8511,3.399,-1349.8193359375,link-3,true
return,8512,4.655,-1349.79370117188,link-3,true
return,8513,3.822,-1349.79370117188,link-3,true
return,8514,3.638,-1349.79370117188,link-3,true
return,8515,3.718,-1349.79370117188,link-3,true
return,8516,4.616,-1349.76623535156,link-3,true
return,8517,3.881,-1349.76623535156,link-3,true
return,8518,3.434,-1349.76623535156,link-3,true
return,8519,3.806,-1349.76623535156,link-3,true
return,8520,3.475,-1349.76623535156,link-3,true
return,8521,6.21,-1349.73718261719,link-3,true
return,8522,3.556,-1349.73718261719,link-3,true
return,8523,3.228,-1349.73718261719,link-3,true
return,8524,3.668,-1349.73718261719,link-3,true
return,8525,14.94,-1349.70642089844,link-3,true
return,8526,14.874,-1349.67395019531,link-3,true
return,8527,20.236,-1349.63977050781,link-3,true
return,8528,15.397,-1349.60388183594,link-3,true
return,8529,22.853,-1349.56628417969,link-3,true
return,8530,18.796,-1349.52697753906,link-3,true
return,8531,19.873,-1349.44323730469,link-3,true
return,8532,19.711,-1349.39892578125,link-3,true
return,8533,15.531,-1349.35290527344,link-3,true
return,8534,18.61,-1349.30517578125,link-3,true
return,8535,21.689,-1349.25573730469,link-3,true
return,8536,14.586,-1349.20458984375,link-3,true
return,8537,23.165,-1349.15173339844,link-3,true
return,8538,14.645,-1349.09716796875,link-3,true
return,8539,20.082,-1349.04089355469,link-3,true
return,8540,15.587,-1348.98291015625,link-3,true
return,8541,18.509,-1348.92333984375,link-3,true
return,8542,22.921,-1348.79907226562,link-3,true
return,8543,13.667,-1348.734375,link-3,true
return,8544,21.355,-1348.66796875,link-3,true
return,8545,18.606,-1348.59985351562,link-3,true
return,8546,15.018,-1348.53002929688,link-3,true
return,8547,18.653,-1348.45849609375,link-3,true
return,8548,17.749,-1348.38525390625,link-3,true
return,8549,15.505,-1348.31042480469,link-3,true
return,8550,18.614,-1348.23388671875,link-3,true
return,8551,19.104,-1348.15563964844,link-3,true
return,8552,14.581,-1348.07568359375,link-3,true
return,8553,20.654,-1347.91064453125,link-3,true
return,8554,18.344,-1347.82556152344,link-3,true
return,8555,21.086,-1347.73876953125,link-3,true
return,8556,18.186,-1347.650390625,link-3,true
return,8557,20.03,-1347.56030273438,link-3,true
return,8558,16.713,-1347.46850585938,link-3,true
return,8559,18.654,-1347.375,link-3,true
return,8560,21.187,-1347.27978515625,link-3,true
return,8561,23.44,-1347.08422851562,link-3,true
return,8562,14.125,-1346.98400878906,link-3,true
return,8563,17.545,-1346.88208007812,link-3,true
return,8564,21.915,-1346.77844238281,link-3,true
return,8565,19.324,-1346.67309570312,link-3,true
return,8566,19.877,-1346.56604003906,link-3,true
return,8567,20.097,-1346.34704589844,link-3,true
return,8568,13.383,-1346.23510742188,link-3,true
return,8569,18.19,-1346.12145996094,link-3,true
return,8570,15.043,-1346.00610351562,link-3,true
return,8571,22.791,-1345.88903808594,link-3,true
return,8572,18.303,-1345.77026367188,link-3,true
return,8573,22.713,-1345.52770996094,link-3,true
return,8574,18.437,-1345.40393066406,link-3,true
return,8575,20.416,-1345.27844238281,link-3,true
return,8576,15.415,-1345.15124511719,link-3,true
return,8577,22.637,-1345.02233886719,link-3,true
return,8578,18.361,-1344.89172363281,link-3,true
return,8579,22.417,-1344.62561035156,link-3,true
return,8580,14.39,-1344.48999023438,link-3,true
return,8581,22.993,-1344.35266113281,link-3,true
return,8582,18.992,-1344.21374511719,link-3,true
return,8583,19.417,-1344.07312011719,link-3,true
return,8584,20.326,-1343.93090820312,link-3,true
return,8585,16.145,-1343.64135742188,link-3,true
return,8586,17.489,-1343.49401855469,link-3,true
return,8587,18.849,-1343.34497070312,link-3,true
return,8588,14.184,-1343.1943359375,link-3,true
return,8589,21.248,-1343.0419921875,link-3,true
return,8590,18.796,-1342.88793945312,link-3,true
return,8591,19.667,-1342.73217773438,link-3,true
return,8592,22.502,-1342.41589355469,link-3,true
return,8593,13.057,-1342.25524902344,link-3,true
return,8594,24.421,-1342.09289550781,link-3,true
return,8595,14.618,-1341.92883300781,link-3,true
return,8596,16.985,-1341.76318359375,link-3,true
return,8597,20.232,-1341.59582519531,link-3,true
return,8598,19.257,-1341.4267578125,link-3,true
return,8599,15.903,-1341.08361816406,link-3,true
return,8600,17.928,-1340.90966796875,link-3,true
return,8601,21.704,-1340.73400878906,link-3,true
return,8602,16.381,-1340.556640625,link-3,true
return,8603,17.89,-1340.37756347656,link-3,true
return,8604,16.757,-1340.19689941406,link-3,true
return,8605,14.902,-1340.01452636719,link-3,true
return,8606,18.415,-1339.83056640625,link-3,true
return,8607,17.586,-1339.64489746094,link-3,true
return,8608,15.619,-1339.45764160156,link-3,true
return,8609,18.248,-1339.26867675781,link-3,true
return,8610,21.86,-1339.07800292969,link-3,true
return,8611,14.675,-1338.88562011719,link-3,true
return,8612,23.055,-1338.69165039062,link-3,true
return,8613,19.047,-1338.49609375,link-3,true
return,8614,14.5,-1338.298828125,link-3,true
return,8615,23.6,-1337.8994140625,link-3,true
return,8616,18.162,-1337.69714355469,link-3,true
return,8617,19.311,-1337.49328613281,link-3,true
return,8618,15.607,-1337.28784179688,link-3,true
return,8619,18.243,-1337.08068847656,link-3,true
return,8620,17.801,-1336.87182617188,link-3,true
return,8621,15.425,-1336.66137695312,link-3,true
return,8622,18.302,-1336.44921875,link-3,true
return,8623,21.836,-1336.23547363281,link-3,true
return,8624,14.954,-1336.02014160156,link-3,true
return,8625,18.4,-1335.80310058594,link-3,true
return,8626,21.573,-1335.58435058594,link-3,true
return,8627,14.747,-1335.36413574219,link-3,true
return,8628,18.828,-1334.91857910156,link-3,true
return,8629,17.049,-1334.693359375,link-3,true
return,8630,15.388,-1334.46643066406,link-3,true
return,8631,18.478,-1334.23791503906,link-3,true
return,8632,17.594,-1334.0078125,link-3,true
return,8633,15.376,-1333.77600097656,link-3,true
return,8634,18.465,-1333.54248046875,link-3,true
return,8635,17.62,-1333.30749511719,link-3,true
return,8636,15.483,-1333.07080078125,link-3,true
return,8637,18.128,-1332.83239746094,link-3,true
return,8638,21.591,-1332.59240722656,link-3,true
return,8639,14.819,-1332.35083007812,link-3,true
return,8640,24.629,-1332.10754394531,link-3,true
return,8641,16.922,-1331.86267089844,link-3,true
return,8642,20.562,-1331.3681640625,link-3,true
return,8643,19.281,-1331.11840820312,link-3,true
return,8644,18.946,-1330.86694335938,link-3,true
return,8645,15.362,-1330.61401367188,link-3,true
return,8646,18.628,-1330.359375,link-3,true
return,8647,21.297,-1330.10314941406,link-3,true
return,8648,14.869,-1329.84533691406,link-3,true
return,8649,18.281,-1329.58581542969,link-3,true
return,8650,17.58,-1329.32470703125,link-3,true
return,8651,15.398,-1329.06201171875,link-3,true
return,8652,18.411,-1328.79772949219,link-3,true
return,8653,17.394,-1328.53173828125,link-3,true
return,8654,14.632,-1328.26428222656,link-3,true
return,8655,20.913,-1327.72424316406,link-3,true
return,8656,17.751,-1327.45190429688,link-3,true
return,8657,15.142,-1327.17785644531,link-3,true
return,8658,18.698,-1326.90222167969,link-3,true
return,8659,17.651,-1326.625,link-3,true
return,8660,15.725,-1326.34619140625,link-3,true
return,8661,18.4,-1326.06567382812,link-3,true
return,8662,21.645,-1325.78369140625,link-3,true
return,8663,14.883,-1325.5,link-3,true
return,8664,18.158,-1325.21472167969,link-3,true
return,8665,17.743,-1324.92785644531,link-3,true
return,8666,15.133,-1324.63940429688,link-3,true
return,8667,18.011,-1324.34936523438,link-3,true
return,8668,21.586,-1324.05773925781,link-3,true
return,8669,14.808,-1323.76440429688,link-3,true
return,8670,18.335,-1323.46960449219,link-3,true
return,8671,17.689,-1323.17309570312,link-3,true
return,8672,15.407,-1322.87512207031,link-3,true
return,8673,18.491,-1322.57543945312,link-3,true
return,8674,21.967,-1321.97143554688,link-3,true
return,8675,14.328,-1321.6669921875,link-3,true
return,8676,23.038,-1321.36096191406,link-3,true
return,8677,18.766,-1321.05334472656,link-3,true
return,8678,14.964,-1320.744140625,link-3,true
return,8679,18.333,-1320.43334960938,link-3,true
return,8680,21.833,-1320.12109375,link-3,true
return,8681,14.727,-1319.80712890625,link-3,true
return,8682,18.417,-1319.49169921875,link-3,true
return,8683,21.665,-1319.17456054688,link-3,true
return,8684,14.872,-1318.85595703125,link-3,true
return,8685,18.488,-1318.53564453125,link-3,true
return,8686,22.091,-1317.89050292969,link-3,true
return,8687,14.583,-1317.56555175781,link-3,true
return,8688,22.94,-1317.23901367188,link-3,true
return,8689,18.775,-1316.91088867188,link-3,true
return,8690,19.178,-1316.58117675781,link-3,true
return,8691,19.883,-1316.25,link-3,true
return,8692,15.611,-1315.91711425781,link-3,true
return,8693,18.287,-1315.58276367188,link-3,true
return,8694,22.384,-1314.90930175781,link-3,true
return,8695,14.192,-1314.57019042969,link-3,true
return,8696,23.028,-1314.22961425781,link-3,true
return,8697,18.904,-1313.88732910156,link-3,true
return,8698,19.388,-1313.54357910156,link-3,true
return,8699,19.808,-1313.19836425781,link-3,true
return,8700,15.337,-1312.85144042969,link-3,true
return,8701,18.47,-1312.50305175781,link-3,true
return,8702,18.415,-1311.80151367188,link-3,true
return,8703,14.687,-1311.44836425781,link-3,true
return,8704,23.018,-1311.09375,link-3,true
return,8705,14.525,-1310.73754882812,link-3,true
return,8706,19.947,-1310.37976074219,link-3,true
return,8707,15.358,-1310.0205078125,link-3,true
return,8708,18.336,-1309.65966796875,link-3,true
return,8709,21.737,-1309.29724121094,link-3,true
return,8710,15.465,-1308.56787109375,link-3,true
return,8711,17.635,-1308.20080566406,link-3,true
return,8712,21.738,-1307.83227539062,link-3,true
return,8713,14.889,-1307.46215820312,link-3,true
return,8714,18.288,-1307.09057617188,link-3,true
return,8715,21.776,-1306.71740722656,link-3,true
return,8716,14.543,-1306.34265136719,link-3,true
return,8717,22.95,-1305.96643066406,link-3,true
return,8718,14.685,-1305.58874511719,link-3,true
return,8719,15.883,-1304.82861328125,link-3,true
return,8720,17.65,-1304.4462890625,link-3,true
return,8721,22.035,-1304.06237792969,link-3,true
return,8722,14.233,-1303.67700195312,link-3,true
return,8723,23.156,-1303.29016113281,link-3,true
return,8724,14.595,-1302.90173339844,link-3,true
return,8725,23.995,-1302.51171875,link-3,true
return,8726,14.68,-1302.12023925781,link-3,true
return,8727,23.211,-1301.33288574219,link-3,true
return,8728,17.974,-1300.93688964844,link-3,true
return,8729,23.527,-1300.53930664062,link-3,true
return,8730,14.418,-1300.14025878906,link-3,true
return,8731,23.037,-1299.73974609375,link-3,true
return,8732,20.602,-1299.33764648438,link-3,true
return,8733,17.15,-1298.93408203125,link-3,true
return,8734,18.365,-1298.52905273438,link-3,true
return,8735,16.132,-1297.71459960938,link-3,true
return,8736,16.56,-1297.30505371094,link-3,true
return,8737,18.143,-1296.89392089844,link-3,true
return,8738,14.8,-1296.48132324219,link-3,true
return,8739,24.924,-1296.06726074219,link-3,true
return,8740,31.979,-1295.65173339844,link-3,true
return,8741,5.102,-1295.23474121094,link-3,true
return,8742,16.547,-1294.81616210938,link-3,true
return,8743,14.406,-1294.39611816406,link-3,true
return,8744,22.972,-1293.55163574219,link-3,true
return,8745,18.027,-1293.12719726562,link-3,true
return,8746,23.064,-1292.70129394531,link-3,true
return,8747,19.753,-1292.27392578125,link-3,true
return,8748,15.38,-1291.84497070312,link-3,true
return,8749,17.969,-1291.41455078125,link-3,true
return,8750,15.133,-1290.98266601562,link-3,true
return,8751,18.068,-1290.54931640625,link-3,true
return,8752,21.35,-1290.11450195312,link-3,true
return,8753,15.047,-1289.24047851562,link-3,true
return,8754,17.434,-1288.80126953125,link-3,true
return,8755,21.359,-1288.36059570312,link-3,true
return,8756,14.939,-1287.91845703125,link-3,true
return,8757,22.323,-1287.47485351562,link-3,true
return,8758,18.429,-1287.02978515625,link-3,true
return,8759,19.4,-1286.58325195312,link-3,true
return,8760,14.991,-1286.13525390625,link-3,true
return,8761,18.466,-1285.68579101562,link-3,true
return,8762,22.366,-1284.78247070312,link-3,true
return,8763,13.884,-1284.32849121094,link-3,true
return,8764,23.016,-1283.87316894531,link-3,true
return,8765,18.696,-1283.41650390625,link-3,true
return,8766,19.02,-1282.95837402344,link-3,true
return,8767,20.516,-1282.49877929688,link-3,true
return,8768,14.653,-1282.03771972656,link-3,true
return,8769,18.381,-1281.5751953125,link-3,true
return,8770,28.447,-1280.64575195312,link-3,true
return,8771,8.335,-1280.17895507812,link-3,true
return,8772,22.71,-1279.71069335938,link-3,true
return,8773,24.963,-1279.24096679688,link-3,true
return,8774,11.815,-1278.76977539062,link-3,true
return,8775,18.299,-1278.29711914062,link-3,true
return,8776,17.69,-1277.82299804688,link-3,true
return,8777,15.156,-1277.34753417969,link-3,true
return,8778,18.306,-1276.87060546875,link-3,true
return,8779,21.854,-1275.91247558594,link-3,true
return,8780,14.056,-1275.43127441406,link-3,true
return,8781,22.833,-1274.94873046875,link-3,true
return,8782,14.723,-1274.46472167969,link-3,true
return,8783,15.103,-1273.97924804688,link-3,true
return,8784,18.019,-1273.49230957031,link-3,true
return,8785,21.494,-1273.00402832031,link-3,true
return,8786,14.741,-1272.51440429688,link-3,true
return,8787,18.024,-1272.02331542969,link-3,true
return,8788,17.681,-1271.53076171875,link-3,true
return,8789,15.323,-1271.03686523438,link-3,true
return,8790,22.704,-1270.04467773438,link-3,true
return,8791,18.023,-1269.54833984375,link-3,true
return,8792,23.293,-1269.05249023438,link-3,true
return,8793,14.723,-1268.55712890625,link-3,true
return,8794,17.989,-1268.06225585938,link-3,true
return,8795,17.611,-1267.56591796875,link-3,true
return,8796,15.056,-1267.07006835938,link-3,true
return,8797,18.147,-1266.57470703125,link-3,true
return,8798,17.837,-1266.07983398438,link-3,true
return,8799,14.899,-1265.58349609375,link-3,true
return,8800,18.296,-1265.08764648438,link-3,true
return,8801,17.665,-1264.59228515625,link-3,true
return,8802,15.399,-1264.09741210938,link-3,true
return,8803,18.103,-1263.60107421875,link-3,true
return,8804,21.411,-1263.10522460938,link-3,true
return,8805,14.631,-1262.60986328125,link-3,true
return,8806,18.244,-1262.11486816406,link-3,true
return,8807,17.655,-1261.61853027344,link-3,true
return,8808,15.361,-1261.12268066406,link-3,true
return,8809,18.178,-1260.62731933594,link-3,true
return,8810,21.535,-1260.13232421875,link-3,true
return,8811,14.624,-1259.63598632812,link-3,true
return,8812,18.149,-1259.14013671875,link-3,true
return,8813,22.32,-1258.14965820312,link-3,true
return,8814,14.013,-1257.6533203125,link-3,true
return,8815,22.842,-1257.15734863281,link-3,true
return,8816,14.746,-1256.66186523438,link-3,true
return,8817,15.547,-1256.16687011719,link-3,true
return,8818,18.019,-1255.67224121094,link-3,true
return,8819,21.635,-1255.17626953125,link-3,true
return,8820,14.663,-1254.68078613281,link-3,true
return,8821,18.13,-1254.18566894531,link-3,true
return,8822,21.762,-1253.69104003906,link-3,true
return,8823,14.869,-1253.19506835938,link-3,true
return,8824,18.332,-1252.69958496094,link-3,true
return,8825,17.593,-1252.20446777344,link-3,true
return,8826,15.296,-1251.70983886719,link-3,true
return,8827,18.874,-1250.71643066406,link-3,true
return,8828,17.268,-1250.21948242188,link-3,true
return,8829,15.298,-1249.72302246094,link-3,true
return,8830,18.338,-1249.22692871094,link-3,true
return,8831,17.546,-1248.73132324219,link-3,true
return,8832,15.218,-1248.23620605469,link-3,true
return,8833,18.437,-1247.74157714844,link-3,true
return,8834,17.971,-1247.24548339844,link-3,true
return,8835,15.083,-1246.74987792969,link-3,true
return,8836,18.637,-1246.25476074219,link-3,true
return,8837,17.436,-1245.76013183594,link-3,true
return,8838,14.924,-1245.26403808594,link-3,true
return,8839,18.261,-1244.76843261719,link-3,true
return,8840,17.476,-1244.27331542969,link-3,true
return,8841,15.351,-1243.77868652344,link-3,true
return,8842,18.242,-1243.28259277344,link-3,true
return,8843,17.931,-1242.78698730469,link-3,true
return,8844,15.275,-1242.29187011719,link-3,true
return,8845,18.354,-1241.79711914062,link-3,true
return,8846,17.762,-1241.30102539062,link-3,true
return,8847,15.501,-1240.80541992188,link-3,true
return,8848,18.088,-1240.31030273438,link-3,true
return,8849,21.869,-1239.81555175781,link-3,true
return,8850,14.748,-1239.31945800781,link-3,true
return,8851,23.276,-1238.32861328125,link-3,true
return,8852,19.996,-1237.83386230469,link-3,true
return,8853,21.696,-1237.33776855469,link-3,true
return,8854,14.862,-1236.84204101562,link-3,true
return,8855,22.402,-1236.34680175781,link-3,true
return,8856,14.434,-1235.85205078125,link-3,true
return,8857,22.759,-1235.35595703125,link-3,true
return,8858,14.61,-1234.86022949219,link-3,true
return,8859,19.885,-1234.36499023438,link-3,true
return,8860,15.132,-1233.87023925781,link-3,true
return,8861,18.096,-1233.3740234375,link-3,true
return,8862,17.912,-1232.87829589844,link-3,true
return,8863,15.836,-1231.88818359375,link-3,true
return,8864,17.514,-1231.39196777344,link-3,true
return,8865,21.207,-1230.89624023438,link-3,true
return,8866,14.862,-1230.40087890625,link-3,true
return,8867,18.354,-1229.90600585938,link-3,true
return,8868,17.479,-1229.40979003906,link-3,true
return,8869,15.075,-1228.91394042969,link-3,true
return,8870,18.181,-1228.41857910156,link-3,true
return,8871,17.505,-1227.92370605469,link-3,true
return,8872,15.066,-1227.42736816406,link-3,true
return,8873,17.816,-1226.93151855469,link-3,true
return,8874,21.28,-1226.43615722656,link-3,true
return,8875,15.55,-1225.94128417969,link-3,true
return,8876,17.609,-1225.44494628906,link-3,true
return,8877,22.052,-1224.45373535156,link-3,true
return,8878,13.773,-1223.95886230469,link-3,true
return,8879,22.929,-1223.46252441406,link-3,true
return,8880,14.769,-1222.96667480469,link-3,true
return,8881,14.988,-1222.47131347656,link-3,true
return,8882,18.486,-1221.97644042969,link-3,true
return,8883,17.212,-1221.48010253906,link-3,true
return,8884,15.463,-1220.98425292969,link-3,true
return,8885,18.219,-1220.48889160156,link-3,true
return,8886,17.591,-1219.99401855469,link-3,true
return,8887,15.205,-1219.49768066406,link-3,true
return,8888,18.4,-1219.00183105469,link-3,true
return,8889,17.473,-1218.50646972656,link-3,true
return,8890,15.297,-1218.01147460938,link-3,true
return,8891,18.347,-1217.51513671875,link-3,true
return,8892,17.6,-1217.01928710938,link-3,true
return,8893,15.257,-1216.52380371094,link-3,true
return,8894,18.479,-1216.02880859375,link-3,true
return,8895,17.445,-1215.53247070312,link-3,true
return,8896,15.432,-1215.03662109375,link-3,true
return,8897,18.199,-1214.54113769531,link-3,true
return,8898,17.416,-1214.04614257812,link-3,true
return,8899,15.25,-1213.55163574219,link-3,true
return,8900,18.315,-1213.0556640625,link-3,true
return,8901,17.812,-1212.56018066406,link-3,true
return,8902,15.015,-1212.06518554688,link-3,true
return,8903,18.246,-1211.57055664062,link-3,true
return,8904,17.373,-1211.07458496094,link-3,true
return,8905,14.774,-1210.5791015625,link-3,true
return,8906,18.124,-1210.083984375,link-3,true
return,8907,17.556,-1209.58935546875,link-3,true
return,8908,15.089,-1209.09338378906,link-3,true
return,8909,18.015,-1208.59777832031,link-3,true
return,8910,17.342,-1208.10266113281,link-3,true
return,8911,15.334,-1207.60803222656,link-3,true
return,8912,18.12,-1207.11193847656,link-3,true
return,8913,17.295,-1206.61633300781,link-3,true
return,8914,15.114,-1206.12121582031,link-3,true
return,8915,18.066,-1205.62658691406,link-3,true
return,8916,17.312,-1205.13049316406,link-3,true
return,8917,15.087,-1204.63488769531,link-3,true
return,8918,17.992,-1204.13977050781,link-3,true
return,8919,17.265,-1203.64501953125,link-3,true
return,8920,14.929,-1203.14892578125,link-3,true
return,8921,17.899,-1202.6533203125,link-3,true
return,8922,17.31,-1202.158203125,link-3,true
return,8923,14.999,-1201.66345214844,link-3,true
return,8924,17.961,-1201.16735839844,link-3,true
return,8925,17.508,-1200.67175292969,link-3,true
return,8926,14.918,-1200.17651367188,link-3,true
return,8927,18.342,-1199.68176269531,link-3,true
return,8928,17.556,-1199.18566894531,link-3,true
return,8929,14.897,-1198.69006347656,link-3,true
return,8930,18.0,-1198.19482421875,link-3,true
return,8931,18.529,-1197.20581054688,link-3,true
return,8932,16.724,-1196.71008300781,link-3,true
return,8933,11.872,-1196.21484375,link-3,true
return,8934,14.725,-1195.72009277344,link-3,true
return,8935,19.201,-1195.22399902344,link-3,true
return,8936,17.122,-1194.72827148438,link-3,true
return,8937,15.04,-1194.23303222656,link-3,true
return,8938,18.479,-1193.73828125,link-3,true
return,8939,18.124,-1193.24206542969,link-3,true
return,8940,15.022,-1192.74633789062,link-3,true
return,8941,18.214,-1192.25109863281,link-3,true
return,8942,17.5,-1191.75634765625,link-3,true
return,8943,15.258,-1191.26013183594,link-3,true
return,8944,18.492,-1190.76440429688,link-3,true
return,8945,17.481,-1190.26916503906,link-3,true
return,8946,15.409,-1189.77429199219,link-3,true
return,8947,18.646,-1189.27807617188,link-3,true
return,8948,17.236,-1188.78234863281,link-3,true
return,8949,15.187,-1188.287109375,link-3,true
return,8950,18.485,-1187.79223632812,link-3,true
return,8951,17.658,-1187.29602050781,link-3,true
return,8952,14.938,-1186.80029296875,link-3,true
return,8953,18.373,-1186.30493164062,link-3,true
return,8954,17.616,-1185.81005859375,link-3,true
return,8955,15.091,-1185.31384277344,link-3,true
return,8956,18.156,-1184.81799316406,link-3,true
return,8957,17.759,-1184.32263183594,link-3,true
return,8958,14.847,-1183.82775878906,link-3,true
return,8959,18.2,-1183.33154296875,link-3,true
return,8960,17.194,-1182.83569335938,link-3,true
return,8961,15.263,-1182.34033203125,link-3,true
return,8962,18.204,-1181.84545898438,link-3,true
return,8963,17.329,-1181.34924316406,link-3,true
return,8964,15.098,-1180.85339355469,link-3,true
return,8965,18.201,-1180.35803222656,link-3,true
return,8966,6.102,-1179.86315917969,link-3,true
return,8967,3.503,-1179.86315917969,link-3,true
return,8968,3.878,-1179.86315917969,link-3,true
return,8969,3.806,-1179.86315917969,link-3,true
return,8970,4.634,-1179.36682128906,link-3,true
return,8971,3.171,-1179.36682128906,link-3,true
return,8972,3.574,-1179.36682128906,link-3,true
return,8973,3.583,-1179.36682128906,link-3,true
return,8974,4.812,-1178.87097167969,link-3,true
return,8975,4.039,-1178.87097167969,link-3,true
return,8976,3.448,-1178.87097167969,link-3,true
return,8977,3.468,-1178.87097167969,link-3,true
return,8978,4.51,-1178.37561035156,link-3,true
return,8979,4.713,-1178.37561035156,link-3,true
return,8980,3.655,-1178.37561035156,link-3,true
return,8981,3.615,-1178.37561035156,link-3,true
return,8982,4.508,-1177.88073730469,link-3,true
return,8983,4.709,-1177.88073730469,link-3,true
return,8984,3.631,-1177.88073730469,link-3,true
return,8985,3.756,-1177.88073730469,link-3,true
return,8986,4.739,-1177.38439941406,link-3,true
return,8987,4.436,-1177.38439941406,link-3,true
return,8988,3.459,-1177.38439941406,link-3,true
return,8989,3.622,-1177.38439941406,link-3,true
return,8990,4.968,-1176.88854980469,link-3,true
return,8991,4.253,-1176.88854980469,link-3,true
return,8992,3.405,-1176.88854980469,link-3,true
return,8993,3.639,-1176.88854980469,link-3,true
return,8994,3.664,-1176.88854980469,link-3,true
return,8995,4.45,-1176.39318847656,link-3,true
return,8996,3.319,-1176.39318847656,link-3,true
return,8997,3.548,-1176.39318847656,link-3,true
return,8998,3.744,-1176.39318847656,link-3,true
return,8999,4.712,-1175.89819335938,link-3,true
return,9000,3.399,-1175.89819335938,link-3,true
return,9001,3.375,-1175.89819335938,link-3,true
return,9002,3.557,-1175.89819335938,link-3,true
return,9003,3.502,-1175.89819335938,link-3,true
return,9004,5.528,-1175.40185546875,link-3,true
return,9005,3.439,-1175.40185546875,link-3,true
return,9006,2.862,-1175.40185546875,link-3,true
return,9007,4.119,-1175.40185546875,link-3,true
return,9008,4.443,-1174.90600585938,link-3,true
return,9009,3.543,-1174.90600585938,link-3,true
return,9010,3.498,-1174.90600585938,link-3,true
return,9011,3.555,-1174.90600585938,link-3,true
return,9012,3.614,-1174.90600585938,link-3,true
return,9013,6.138,-1174.41052246094,link-3,true
return,9014,3.221,-1174.41052246094,link-3,true
return,9015,3.349,-1174.41052246094,link-3,true
return,9016,3.356,-1174.41052246094,link-3,true
return,9017,6.242,-1173.91552734375,link-3,true
return,9018,3.776,-1173.91552734375,link-3,true
return,9019,3.398,-1173.91552734375,link-3,true
return,9020,3.741,-1173.91552734375,link-3,true
return,9021,3.827,-1173.91552734375,link-3,true
return,9022,4.437,-1173.41918945312,link-3,true
return,9023,3.549,-1173.41918945312,link-3,true
return,9024,3.938,-1173.41918945312,link-3,true
return,9025,3.46,-1173.41918945312,link-3,true
return,9026,4.658,-1172.92321777344,link-3,true
return,9027,3.183,-1172.92321777344,link-3,true
return,9028,3.136,-1172.92321777344,link-3,true
return,9029,3.489,-1172.92321777344,link-3,true
return,9030,4.802,-1172.92321777344,link-3,true
return,9031,4.505,-1172.427734375,link-3,true
return,9032,3.558,-1172.427734375,link-3,true
return,9033,3.488,-1172.427734375,link-3,true
return,9034,3.745,-1172.427734375,link-3,true
return,9035,4.474,-1171.93273925781,link-3,true
return,9036,3.406,-1171.93273925781,link-3,true
return,9037,4.097,-1171.93273925781,link-3,true
return,9038,3.578,-1171.93273925781,link-3,true
return,9039,3.172,-1171.93273925781,link-3,true
return,9040,4.413,-1171.43627929688,link-3,true
return,9041,3.966,-1171.43627929688,link-3,true
return,9042,3.654,-1171.43627929688,link-3,true
return,9043,3.803,-1171.43627929688,link-3,true
return,9044,4.66,-1170.94030761719,link-3,true
return,9045,3.328,-1170.94030761719,link-3,true
return,9046,3.488,-1170.94030761719,link-3,true
return,9047,3.719,-1170.94030761719,link-3,true
return,9048,4.52,-1170.44482421875,link-3,true
return,9049,3.441,-1170.44482421875,link-3,true
return,9050,3.491,-1170.44482421875,link-3,true
return,9051,4.122,-1170.44482421875,link-3,true
return,9052,3.492,-1170.44482421875,link-3,true
return,9053,4.465,-1169.94982910156,link-3,true
return,9054,4.457,-1169.94982910156,link-3,true
return,9055,4.074,-1169.94982910156,link-3,true
return,9056,3.7,-1169.94982910156,link-3,true
return,9057,4.908,-1169.45532226562,link-3,true
return,9058,4.709,-1169.45532226562,link-3,true
return,9059,3.916,-1169.45532226562,link-3,true
return,9060,3.923,-1169.45532226562,link-3,true
return,9061,4.792,-1168.95935058594,link-3,true
return,9062,3.382,-1168.95935058594,link-3,true
return,9063,3.721,-1168.95935058594,link-3,true
return,9064,3.728,-1168.95935058594,link-3,true
return,9065,4.483,-1168.4638671875,link-3,true
return,9066,3.174,-1168.4638671875,link-3,true
return,9067,3.56,-1168.4638671875,link-3,true
return,9068,4.094,-1168.4638671875,link-3,true
return,9069,4.122,-1167.96887207031,link-3,true
return,9070,3.362,-1167.96887207031,link-3,true
return,9071,3.892,-1167.96887207031,link-3,true
return,9072,4.872,-1167.96887207031,link-3,true
return,9073,4.14,-1167.47436523438,link-3,true
return,9074,2.959,-1167.47436523438,link-3,true
return,9075,5.661,-1167.47436523438,link-3,true
return,9076,3.19,-1167.47436523438,link-3,true
return,9077,3.196,-1167.47436523438,link-3,true
return,9078,4.407,-1166.97839355469,link-3,true
return,9079,6.653,-1166.97839355469,link-3,true
return,9080,3.111,-1166.97839355469,link-3,true
return,9081,3.202,-1166.97839355469,link-3,true
return,9082,4.157,-1166.48291015625,link-3,true
return,9083,4.456,-1166.48291015625,link-3,true
return,9084,3.205,-1166.48291015625,link-3,true
return,9085,3.246,-1166.48291015625,link-3,true
return,9086,4.683,-1165.98779296875,link-3,true
return,9087,5.734,-1165.98779296875,link-3,true
return,9088,3.451,-1165.98779296875,link-3,true
return,9089,3.003,-1165.98779296875,link-3,true
return,9090,3.98,-1165.4931640625,link-3,true
return,9091,3.353,-1165.4931640625,link-3,true
return,9092,3.767,-1165.4931640625,link-3,true
return,9093,3.226,-1165.4931640625,link-3,true
return,9094,5.002,-1164.99719238281,link-3,true
return,9095,3.2,-1164.99719238281,link-3,true
return,9096,3.746,-1164.99719238281,link-3,true
return,9097,4.38,-1164.99719238281,link-3,true
return,9098,7.739,-1164.50158691406,link-3,true
return,9099,3.159,-1164.50158691406,link-3,true
return,9100,3.677,-1164.50158691406,link-3,true
return,9101,3.359,-1164.50158691406,link-3,true
return,9102,4.041,-1164.00646972656,link-3,true
return,9103,2.926,-1164.00646972656,link-3,true
return,9104,3.796,-1164.00646972656,link-3,true
return,9105,3.675,-1164.00646972656,link-3,true
return,9106,3.426,-1164.00646972656,link-3,true
return,9107,4.564,-1163.51184082031,link-3,true
return,9108,3.428,-1163.51184082031,link-3,true
return,9109,3.197,-1163.51184082031,link-3,true
return,9110,4.236,-1163.51184082031,link-3,true
return,9111,4.215,-1163.01574707031,link-3,true
return,9112,2.823,-1163.01574707031,link-3,true
return,9113,3.543,-1163.01574707031,link-3,true
return,9114,3.314,-1163.01574707031,link-3,true
return,9115,4.213,-1163.01574707031,link-3,true
return,9116,4.263,-1162.52014160156,link-3,true
return,9117,2.947,-1162.52014160156,link-3,true
return,9118,3.4,-1162.52014160156,link-3,true
return,9119,5.054,-1162.52014160156,link-3,true
return,9120,4.318,-1162.02502441406,link-3,true
return,9121,2.869,-1162.02502441406,link-3,true
return,9122,3.381,-1162.02502441406,link-3,true
return,9123,5.644,-1162.02502441406,link-3,true
return,9124,4.506,-1161.53039550781,link-3,true
return,9125,3.053,-1161.53039550781,link-3,true
return,9126,3.479,-1161.53039550781,link-3,true
return,9127,4.119,-1161.53039550781,link-3,true
return,9128,3.663,-1161.53039550781,link-3,true
return,9129,4.464,-1161.03430175781,link-3,true
return,9130,3.107,-1161.03430175781,link-3,true
return,9131,2.79,-1161.03430175781,link-3,true
return,9132,6.58,-1161.03430175781,link-3,true
return,9133,3.837,-1160.53869628906,link-3,true
return,9134,3.128,-1160.53869628906,link-3,true
return,9135,3.208,-1160.53869628906,link-3,true
return,9136,3.655,-1160.53869628906,link-3,true
return,9137,4.437,-1160.04357910156,link-3,true
return,9138,3.081,-1160.04357910156,link-3,true
return,9139,3.427,-1160.04357910156,link-3,true
return,9140,4.332,-1160.04357910156,link-3,true
return,9141,3.668,-1160.04357910156,link-3,true
return,9142,4.374,-1159.548828125,link-3,true
return,9143,3.229,-1159.548828125,link-3,true
return,9144,3.414,-1159.548828125,link-3,true
return,9145,4.704,-1159.548828125,link-3,true
return,9146,4.387,-1159.052734375,link-3,true
return,9147,2.79,-1159.052734375,link-3,true
return,9148,3.299,-1159.052734375,link-3,true
return,9149,5.211,-1159.052734375,link-3,true
return,9150,4.17,-1158.55712890625,link-3,true
return,9151,3.072,-1158.55712890625,link-3,true
return,9152,3.547,-1158.55712890625,link-3,true
return,9153,4.274,-1158.55712890625,link-3,true
return,9154,3.814,-1158.55712890625,link-3,true
return,9155,4.568,-1158.06201171875,link-3,true
return,9156,3.339,-1158.06201171875,link-3,true
return,9157,2.712,-1158.06201171875,link-3,true
return,9158,4.388,-1158.06201171875,link-3,true
return,9159,4.252,-1157.56726074219,link-3,true
return,9160,3.054,-1157.56726074219,link-3,true
return,9161,3.317,-1157.56726074219,link-3,true
return,9162,5.129,-1157.56726074219,link-3,true
return,9163,4.468,-1157.07116699219,link-3,true
return,9164,2.723,-1157.07116699219,link-3,true
return,9165,3.482,-1157.07116699219,link-3,true
return,9166,3.349,-1157.07116699219,link-3,true
return,9167,4.511,-1157.07116699219,link-3,true
return,9168,4.581,-1156.57556152344,link-3,true
return,9169,2.954,-1156.57556152344,link-3,true
return,9170,2.926,-1156.57556152344,link-3,true
return,9171,4.739,-1156.57556152344,link-3,true
return,9172,4.544,-1156.08044433594,link-3,true
return,9173,3.302,-1156.08044433594,link-3,true
return,9174,3.22,-1156.08044433594,link-3,true
return,9175,4.607,-1156.08044433594,link-3,true
return,9176,3.69,-1156.08044433594,link-3,true
return,9177,4.562,-1155.58569335938,link-3,true
return,9178,3.582,-1155.58569335938,link-3,true
return,9179,4.414,-1155.58569335938,link-3,true
return,9180,3.384,-1155.58569335938,link-3,true
return,9181,4.17,-1155.08959960938,link-3,true
return,9182,3.625,-1155.08959960938,link-3,true
return,9183,3.493,-1155.08959960938,link-3,true
return,9184,3.708,-1155.08959960938,link-3,true
return,9185,4.355,-1154.59399414062,link-3,true
return,9186,3.368,-1154.59399414062,link-3,true
return,9187,3.506,-1154.59399414062,link-3,true
return,9188,4.369,-1154.59399414062,link-3,true
return,9189,3.526,-1154.59399414062,link-3,true
return,9190,4.382,-1154.09875488281,link-3,true
return,9191,3.578,-1154.09875488281,link-3,true
return,9192,4.501,-1154.09875488281,link-3,true
return,9193,3.55,-1154.09875488281,link-3,true
return,9194,4.246,-1153.60400390625,link-3,true
return,9195,3.418,-1153.60400390625,link-3,true
return,9196,3.255,-1153.60400390625,link-3,true
return,9197,4.371,-1153.60400390625,link-3,true
return,9198,4.608,-1153.10791015625,link-3,true
return,9199,3.786,-1153.10791015625,link-3,true
return,9200,3.348,-1153.10791015625,link-3,true
return,9201,3.347,-1153.10791015625,link-3,true
return,9202,3.454,-1153.10791015625,link-3,true
return,9203,4.62,-1152.61218261719,link-3,true
return,9204,3.557,-1152.61218261719,link-3,true
return,9205,4.391,-1152.61218261719,link-3,true
return,9206,3.691,-1152.61218261719,link-3,true
return,9207,4.803,-1152.11694335938,link-3,true
return,9208,3.734,-1152.11694335938,link-3,true
return,9209,2.903,-1152.11694335938,link-3,true
return,9210,3.893,-1152.11694335938,link-3,true
return,9211,4.673,-1151.62219238281,link-3,true
return,9212,3.108,-1151.62219238281,link-3,true
return,9213,3.663,-1151.62219238281,link-3,true
return,9214,4.299,-1151.62219238281,link-3,true
return,9215,4.37,-1151.1259765625,link-3,true
return,9216,3.289,-1151.1259765625,link-3,true
return,9217,3.17,-1151.1259765625,link-3,true
return,9218,5.093,-1151.1259765625,link-3,true
return,9219,3.34,-1151.1259765625,link-3,true
return,9220,4.484,-1150.63024902344,link-3,true
return,9221,3.739,-1150.63024902344,link-3,true
return,9222,3.221,-1150.63024902344,link-3,true
return,9223,3.586,-1150.63024902344,link-3,true
return,9224,4.323,-1150.13500976562,link-3,true
return,9225,3.407,-1150.13500976562,link-3,true
return,9226,3.187,-1150.13500976562,link-3,true
return,9227,4.403,-1150.13500976562,link-3,true
return,9228,4.64,-1149.64025878906,link-3,true
return,9229,3.322,-1149.64025878906,link-3,true
return,9230,3.629,-1149.64025878906,link-3,true
return,9231,4.049,-1149.64025878906,link-3,true
return,9232,3.594,-1149.64025878906,link-3,true
return,9233,4.5,-1149.14404296875,link-3,true
return,9234,3.554,-1149.14404296875,link-3,true
return,9235,3.925,-1149.14404296875,link-3,true
return,9236,3.347,-1149.14404296875,link-3,true
return,9237,4.584,-1148.64831542969,link-3,true
return,9238,3.657,-1148.64831542969,link-3,true
return,9239,3.704,-1148.64831542969,link-3,true
return,9240,3.353,-1148.64831542969,link-3,true
return,9241,4.673,-1148.15307617188,link-3,true
return,9242,5.564,-1148.15307617188,link-3,true
return,9243,3.538,-1148.15307617188,link-3,true
return,9244,2.902,-1148.15307617188,link-3,true
return,9245,2.869,-1148.15307617188,link-3,true
return,9246,4.19,-1147.65832519531,link-3,true
return,9247,3.338,-1147.65832519531,link-3,true
return,9248,2.871,-1147.65832519531,link-3,true
return,9249,4.24,-1147.65832519531,link-3,true
return,9250,4.578,-1147.162109375,link-3,true
return,9251,5.259,-1147.162109375,link-3,true
return,9252,3.704,-1147.162109375,link-3,true
return,9253,2.855,-1147.162109375,link-3,true
return,9254,3.991,-1146.66638183594,link-3,true
return,9255,3.063,-1146.66638183594,link-3,true
return,9256,3.229,-1146.66638183594,link-3,true
return,9257,4.134,-1146.66638183594,link-3,true
return,9258,3.154,-1146.66638183594,link-3,true
return,9259,4.433,-1146.17114257812,link-3,true
return,9260,3.29,-1146.17114257812,link-3,true
return,9261,3.557,-1146.17114257812,link-3,true
return,9262,3.93,-1146.17114257812,link-3,true
return,9263,4.397,-1145.67626953125,link-3,true
return,9264,3.079,-1145.67626953125,link-3,true
return,9265,3.557,-1145.67626953125,link-3,true
return,9266,4.017,-1145.67626953125,link-3,true
return,9267,3.66,-1145.67626953125,link-3,true
return,9268,4.189,-1145.18005371094,link-3,true
return,9269,3.494,-1145.18005371094,link-3,true
return,9270,3.504,-1145.18005371094,link-3,true
return,9271,3.969,-1145.18005371094,link-3,true
return,9272,4.368,-1144.68432617188,link-3,true
return,9273,2.946,-1144.68432617188,link-3,true
return,9274,2.972,-1144.68432617188,link-3,true
return,9275,4.832,-1144.68432617188,link-3,true
return,9276,3.5,-1144.68432617188,link-3,true
return,9277,4.745,-1144.18896484375,link-3,true
return,9278,3.069,-1144.18896484375,link-3,true
return,9279,3.499,-1144.18896484375,link-3,true
return,9280,3.746,-1144.18896484375,link-3,true
return,9281,4.145,-1143.69409179688,link-3,true
return,9282,2.704,-1143.69409179688,link-3,true
return,9283,3.483,-1143.69409179688,link-3,true
return,9284,5.572,-1143.69409179688,link-3,true
return,9285,3.168,-1143.69409179688,link-3,true
return,9286,4.615,-1143.19787597656,link-3,true
return,9287,3.312,-1143.19787597656,link-3,true
return,9288,4.314,-1143.19787597656,link-3,true
return,9289,3.46,-1143.19787597656,link-3,true
return,9290,4.318,-1142.7021484375,link-3,true
return,9291,3.55,-1142.7021484375,link-3,true
return,9292,4.039,-1142.7021484375,link-3,true
return,9293,3.477,-1142.7021484375,link-3,true
return,9294,4.415,-1142.20678710938,link-3,true
return,9295,3.062,-1142.20678710938,link-3,true
return,9296,2.944,-1142.20678710938,link-3,true
return,9297,5.316,-1142.20678710938,link-3,true
return,9298,3.37,-1142.20678710938,link-3,true
return,9299,4.558,-1141.7119140625,link-3,true
return,9300,3.682,-1141.7119140625,link-3,true
return,9301,3.937,-1141.7119140625,link-3,true
return,9302,3.506,-1141.7119140625,link-3,true
return,9303,4.054,-1141.21569824219,link-3,true
return,9304,3.46,-1141.21569824219,link-3,true
return,9305,4.483,-1141.21569824219,link-3,true
return,9306,3.179,-1141.21569824219,link-3,true
return,9307,4.206,-1140.71984863281,link-3,true
return,9308,3.15,-1140.71984863281,link-3,true
return,9309,3.178,-1140.71984863281,link-3,true
return,9310,4.706,-1140.71984863281,link-3,true
return,9311,3.571,-1140.71984863281,link-3,true
return,9312,4.264,-1140.22448730469,link-3,true
return,9313,3.262,-1140.22448730469,link-3,true
return,9314,3.938,-1140.22448730469,link-3,true
return,9315,3.651,-1140.22448730469,link-3,true
return,9316,4.423,-1139.72961425781,link-3,true
return,9317,3.263,-1139.72961425781,link-3,true
return,9318,3.534,-1139.72961425781,link-3,true
return,9319,3.833,-1139.72961425781,link-3,true
return,9320,3.282,-1139.72961425781,link-3,true
return,9321,4.044,-1139.23327636719,link-3,true
return,9322,3.392,-1139.23327636719,link-3,true
return,9323,4.116,-1139.23327636719,link-3,true
return,9324,3.636,-1139.23327636719,link-3,true
return,9325,4.296,-1138.73754882812,link-3,true
return,9326,3.34,-1138.73754882812,link-3,true
return,9327,3.209,-1138.73754882812,link-3,true
return,9328,4.282,-1138.73754882812,link-3,true
return,9329,4.301,-1138.2421875,link-3,true
return,9330,2.879,-1138.2421875,link-3,true
return,9331,3.489,-1138.2421875,link-3,true
return,9332,4.337,-1138.2421875,link-3,true
return,9333,4.034,-1138.2421875,link-3,true
return,9334,4.133,-1137.74731445312,link-3,true
return,9335,3.396,-1137.74731445312,link-3,true
return,9336,2.889,-1137.74731445312,link-3,true
return,9337,4.32,-1137.74731445312,link-3,true
return,9338,4.127,-1137.2509765625,link-3,true
return,9339,3.306,-1137.2509765625,link-3,true
return,9340,3.14,-1137.2509765625,link-3,true
return,9341,4.826,-1137.2509765625,link-3,true
return,9342,3.633,-1137.2509765625,link-3,true
return,9343,4.201,-1136.75512695312,link-3,true
return,9344,3.438,-1136.75512695312,link-3,true
return,9345,3.685,-1136.75512695312,link-3,true
return,9346,3.693,-1136.75512695312,link-3,true
return,9347,4.324,-1136.259765625,link-3,true
return,9348,3.974,-1136.259765625,link-3,true
return,9349,4.56,-1136.259765625,link-3,true
return,9350,4.326,-1136.259765625,link-3,true
return,9351,5.081,-1135.76489257812,link-3,true
return,9352,3.59,-1135.76489257812,link-3,true
return,9353,3.567,-1135.76489257812,link-3,true
return,9354,3.569,-1135.76489257812,link-3,true
return,9355,4.308,-1135.2685546875,link-3,true
return,9356,2.938,-1135.2685546875,link-3,true
return,9357,3.325,-1135.2685546875,link-3,true
return,9358,4.84,-1135.2685546875,link-3,true
return,9359,3.126,-1135.2685546875,link-3,true
return,9360,4.168,-1134.77270507812,link-3,true
return,9361,3.365,-1134.77270507812,link-3,true
return,9362,2.93,-1134.77270507812,link-3,true
return,9363,3.574,-1134.77270507812,link-3,true
return,9364,4.265,-1134.27734375,link-3,true
return,9365,3.718,-1134.27734375,link-3,true
return,9366,3.765,-1134.27734375,link-3,true
return,9367,3.343,-1134.27734375,link-3,true
return,9368,3.662,-1134.27734375,link-3,true
return,9369,4.435,-1133.78234863281,link-3,true
return,9370,4.622,-1133.78234863281,link-3,true
return,9371,3.108,-1133.78234863281,link-3,true
return,9372,11.886,-1133.78234863281,link-3,true
return,9373,15.64,-1133.28601074219,link-3,true
return,9374,18.151,-1132.79016113281,link-3,true
return,9375,22.203,-1131.79968261719,link-3,true
return,9376,13.978,-1131.30334472656,link-3,true
return,9377,23.038,-1130.80737304688,link-3,true
return,9378,14.611,-1130.31188964844,link-3,true
return,9379,20.006,-1129.81689453125,link-3,true
return,9380,15.279,-1129.32055664062,link-3,true
return,9381,18.364,-1128.82458496094,link-3,true
return,9382,21.749,-1128.3291015625,link-3,true
return,9383,14.56,-1127.83410644531,link-3,true
return,9384,18.478,-1127.33959960938,link-3,true
return,9385,17.404,-1126.84362792969,link-3,true
return,9386,15.662,-1126.34814453125,link-3,true
return,9387,18.371,-1125.35852050781,link-3,true
return,9388,21.596,-1124.86254882812,link-3,true
return,9389,13.999,-1124.36706542969,link-3,true
return,9390,22.548,-1123.8720703125,link-3,true
return,9391,18.775,-1123.37744140625,link-3,true
return,9392,19.287,-1122.88146972656,link-3,true
return,9393,20.005,-1122.38598632812,link-3,true
return,9394,15.167,-1121.89086914062,link-3,true
return,9395,18.371,-1121.39624023438,link-3,true
return,9396,22.15,-1120.40283203125,link-3,true
return,9397,14.262,-1119.90588378906,link-3,true
return,9398,22.698,-1119.40942382812,link-3,true
return,9399,18.911,-1118.91333007812,link-3,true
return,9400,14.743,-1118.41772460938,link-3,true
return,9401,22.79,-1117.92260742188,link-3,true
return,9402,18.839,-1117.42797851562,link-3,true
return,9403,19.787,-1116.43444824219,link-3,true
return,9404,19.34,-1115.9375,link-3,true
return,9405,15.192,-1115.44091796875,link-3,true
return,9406,18.475,-1114.94482421875,link-3,true
return,9407,17.63,-1114.44921875,link-3,true
return,9408,15.455,-1113.9541015625,link-3,true
return,9409,21.194,-1113.45935058594,link-3,true
return,9410,20.169,-1112.46569824219,link-3,true
return,9411,21.517,-1111.96862792969,link-3,true
return,9412,17.74,-1111.47204589844,link-3,true
return,9413,15.366,-1110.97595214844,link-3,true
return,9414,18.201,-1110.48034667969,link-3,true
return,9415,21.717,-1109.98510742188,link-3,true
return,9416,14.759,-1109.49035644531,link-3,true
return,9417,18.304,-1108.99426269531,link-3,true
return,9418,22.199,-1108.00329589844,link-3,true
return,9419,14.29,-1107.50854492188,link-3,true
return,9420,23.231,-1107.01232910156,link-3,true
return,9421,18.487,-1106.5166015625,link-3,true
return,9422,19.323,-1106.02136230469,link-3,true
return,9423,15.286,-1105.52661132812,link-3,true
return,9424,18.588,-1105.03039550781,link-3,true
return,9425,17.7,-1104.53466796875,link-3,true
return,9426,16.06,-1103.54467773438,link-3,true
return,9427,17.554,-1103.04846191406,link-3,true
return,9428,21.667,-1102.552734375,link-3,true
return,9429,14.591,-1102.05749511719,link-3,true
return,9430,23.08,-1101.56274414062,link-3,true
return,9431,18.503,-1101.06652832031,link-3,true
return,9432,19.344,-1100.57080078125,link-3,true
return,9433,15.469,-1100.07543945312,link-3,true
return,9434,18.805,-1099.08618164062,link-3,true
return,9435,22.241,-1098.59045410156,link-3,true
return,9436,13.638,-1098.09509277344,link-3,true
return,9437,21.182,-1097.60021972656,link-3,true
return,9438,18.741,-1097.10400390625,link-3,true
return,9439,14.703,-1096.60815429688,link-3,true
return,9440,18.159,-1096.11279296875,link-3,true
return,9441,17.5,-1095.61791992188,link-3,true
return,9442,15.41,-1095.12158203125,link-3,true
return,9443,18.434,-1094.62573242188,link-3,true
return,9444,17.516,-1094.13037109375,link-3,true
return,9445,15.152,-1093.63549804688,link-3,true
return,9446,18.255,-1093.13916015625,link-3,true
return,9447,17.699,-1092.64331054688,link-3,true
return,9448,15.198,-1092.14794921875,link-3,true
return,9449,18.123,-1091.65307617188,link-3,true
return,9450,17.699,-1091.15673828125,link-3,true
return,9451,15.063,-1090.66076660156,link-3,true
return,9452,18.528,-1090.16540527344,link-3,true
return,9453,17.692,-1089.67041015625,link-3,true
return,9454,19.337,-1089.17407226562,link-3,true
return,9455,14.198,-1088.67822265625,link-3,true
return,9456,18.192,-1088.18273925781,link-3,true
return,9457,14.819,-1087.68774414062,link-3,true
return,9458,18.289,-1087.19140625,link-3,true
return,9459,22.077,-1086.20007324219,link-3,true
return,9460,14.205,-1085.705078125,link-3,true
return,9461,22.755,-1085.20874023438,link-3,true
return,9462,14.666,-1084.71276855469,link-3,true
return,9463,15.188,-1084.21728515625,link-3,true
return,9464,18.235,-1083.72229003906,link-3,true
return,9465,17.763,-1083.22778320312,link-3,true
return,9466,15.164,-1082.73181152344,link-3,true
return,9467,18.096,-1082.236328125,link-3,true
return,9468,17.821,-1081.74133300781,link-3,true
return,9469,15.014,-1081.24670410156,link-3,true
return,9470,17.92,-1080.75073242188,link-3,true
return,9471,17.357,-1080.25524902344,link-3,true
return,9472,15.263,-1079.76013183594,link-3,true
return,9473,17.945,-1079.26550292969,link-3,true
return,9474,21.371,-1078.76953125,link-3,true
return,9475,14.424,-1078.27404785156,link-3,true
return,9476,18.376,-1077.77893066406,link-3,true
return,9477,17.478,-1077.28430175781,link-3,true
return,9478,15.576,-1076.78833007812,link-3,true
return,9479,18.172,-1076.29272460938,link-3,true
return,9480,17.522,-1075.79760742188,link-3,true
return,9481,15.313,-1075.30297851562,link-3,true
return,9482,18.174,-1074.80688476562,link-3,true
return,9483,21.566,-1074.31127929688,link-3,true
return,9484,14.766,-1073.81616210938,link-3,true
return,9485,18.344,-1073.32153320312,link-3,true
return,9486,18.079,-1072.32800292969,link-3,true
return,9487,14.685,-1071.8310546875,link-3,true
return,9488,18.174,-1071.33447265625,link-3,true
return,9489,17.605,-1070.83837890625,link-3,true
return,9490,15.168,-1070.3427734375,link-3,true
return,9491,18.049,-1069.84765625,link-3,true
return,9492,17.584,-1069.35290527344,link-3,true
return,9493,15.161,-1068.85681152344,link-3,true
return,9494,18.481,-1068.36120605469,link-3,true
return,9495,16.747,-1067.86596679688,link-3,true
return,9496,16.668,-1067.37121582031,link-3,true
return,9497,20.525,-1066.87512207031,link-3,true
return,9498,17.067,-1066.37951660156,link-3,true
return,9499,19.592,-1065.88427734375,link-3,true
return,9500,22.632,-1065.38952636719,link-3,true
return,9501,18.723,-1064.39587402344,link-3,true
return,9502,19.97,-1063.89880371094,link-3,true
return,9503,20.501,-1063.40222167969,link-3,true
return,9504,15.318,-1062.90600585938,link-3,true
return,9505,21.116,-1062.41027832031,link-3,true
return,9506,20.528,-1061.9150390625,link-3,true
return,9507,15.342,-1061.42028808594,link-3,true
return,9508,17.819,-1060.92407226562,link-3,true
return,9509,17.387,-1060.42834472656,link-3,true
return,9510,15.164,-1059.93310546875,link-3,true
return,9511,18.179,-1059.43835449219,link-3,true
return,9512,17.734,-1058.94213867188,link-3,true
return,9513,15.039,-1058.4462890625,link-3,true
return,9514,18.468,-1057.95104980469,link-3,true
return,9515,18.018,-1056.96179199219,link-3,true
return,9516,14.619,-1056.46606445312,link-3,true
return,9517,18.199,-1055.970703125,link-3,true
return,9518,17.437,-1055.47583007812,link-3,true
return,9519,15.044,-1054.97961425781,link-3,true
return,9520,17.937,-1054.48388671875,link-3,true
return,9521,17.618,-1053.98852539062,link-3,true
return,9522,15.057,-1053.49365234375,link-3,true
return,9523,18.292,-1052.99743652344,link-3,true
return,9524,17.455,-1052.50158691406,link-3,true
return,9525,15.355,-1052.00622558594,link-3,true
return,9526,18.346,-1051.51135253906,link-3,true
return,9527,17.456,-1051.01501464844,link-3,true
return,9528,15.228,-1050.51916503906,link-3,true
return,9529,17.974,-1050.02380371094,link-3,true
return,9530,17.672,-1049.52893066406,link-3,true
return,9531,19.365,-1049.03259277344,link-3,true
return,9532,16.959,-1048.53674316406,link-3,true
return,9533,14.892,-1048.04138183594,link-3,true
return,9534,14.433,-1047.54650878906,link-3,true
return,9535,21.07,-1047.05017089844,link-3,true
return,9536,15.595,-1046.55432128906,link-3,true
return,9537,14.879,-1046.05895996094,link-3,true
return,9538,22.867,-1045.56396484375,link-3,true
return,9539,14.934,-1045.06762695312,link-3,true
return,9540,23.275,-1044.57177734375,link-3,true
return,9541,11.152,-1044.07629394531,link-3,true
return,9542,21.024,-1043.58129882812,link-3,true
return,9543,14.458,-1043.0849609375,link-3,true
return,9544,19.645,-1042.58911132812,link-3,true
return,9545,15.104,-1042.09362792969,link-3,true
return,9546,18.038,-1041.5986328125,link-3,true
return,9547,21.96,-1040.6044921875,link-3,true
return,9548,14.165,-1040.10717773438,link-3,true
return,9549,21.905,-1039.6103515625,link-3,true
return,9550,17.495,-1039.11389160156,link-3,true
return,9551,21.304,-1038.61791992188,link-3,true
return,9552,19.624,-1038.12243652344,link-3,true
return,9553,19.876,-1037.62744140625,link-3,true
return,9554,19.584,-1037.13293457031,link-3,true
return,9555,15.315,-1036.63696289062,link-3,true
return,9556,18.229,-1036.14147949219,link-3,true
return,9557,17.541,-1035.646484375,link-3,true
return,9558,18.852,-1035.15185546875,link-3,true
return,9559,19.767,-1034.15844726562,link-3,true
return,9560,14.591,-1033.66149902344,link-3,true
return,9561,19.57,-1033.1650390625,link-3,true
return,9562,15.744,-1032.66906738281,link-3,true
return,9563,18.042,-1032.17358398438,link-3,true
return,9564,21.798,-1031.67846679688,link-3,true
return,9565,14.67,-1031.18383789062,link-3,true
return,9566,18.488,-1030.68774414062,link-3,true
return,9567,17.743,-1030.19213867188,link-3,true
return,9568,15.263,-1029.69702148438,link-3,true
return,9569,18.432,-1029.20239257812,link-3,true
return,9570,17.765,-1028.70629882812,link-3,true
return,9571,15.841,-1027.71557617188,link-3,true
return,9572,17.562,-1027.22094726562,link-3,true
return,9573,21.869,-1026.72485351562,link-3,true
return,9574,14.772,-1026.22924804688,link-3,true
return,9575,18.339,-1025.73413085938,link-3,true
return,9576,17.585,-1025.23937988281,link-3,true
return,9577,15.203,-1024.74328613281,link-3,true
return,9578,18.257,-1024.24768066406,link-3,true
return,9579,17.648,-1023.75250244141,link-3,true
return,9580,14.935,-1023.2578125,link-3,true
return,9581,18.453,-1022.76171875,link-3,true
return,9582,17.719,-1022.26605224609,link-3,true
return,9583,15.051,-1021.77087402344,link-3,true
return,9584,18.423,-1021.27612304688,link-3,true
return,9585,17.267,-1020.77996826172,link-3,true
return,9586,15.19,-1020.28430175781,link-3,true
return,9587,18.268,-1019.7890625,link-3,true
return,9588,17.612,-1019.29431152344,link-3,true
return,9589,15.233,-1018.79815673828,link-3,true
return,9590,18.356,-1018.30242919922,link-3,true
return,9591,17.691,-1017.80718994141,link-3,true
return,9592,15.132,-1017.31243896484,link-3,true
return,9593,18.202,-1016.81628417969,link-3,true
return,9594,17.503,-1016.32055664062,link-3,true
return,9595,15.504,-1015.82531738281,link-3,true
return,9596,18.04,-1015.33050537109,link-3,true
return,9597,22.345,-1014.33666992188,link-3,true
return,9598,14.003,-1013.83953857422,link-3,true
return,9599,22.833,-1013.34283447266,link-3,true
return,9600,14.746,-1012.84661865234,link-3,true
return,9601,15.192,-1012.35083007812,link-3,true
return,9602,18.276,-1011.85552978516,link-3,true
return,9603,17.695,-1011.36071777344,link-3,true
return,9604,15.442,-1010.86450195312,link-3,true
return,9605,18.129,-1010.36871337891,link-3,true
return,9606,17.758,-1009.87341308594,link-3,true
return,9607,15.142,-1009.37854003906,link-3,true
return,9608,18.487,-1008.88226318359,link-3,true
return,9609,17.591,-1008.38647460938,link-3,true
return,9610,15.13,-1007.89111328125,link-3,true
return,9611,18.406,-1007.39624023438,link-3,true
return,9612,17.504,-1006.89996337891,link-3,true
return,9613,15.506,-1006.40411376953,link-3,true
return,9614,18.091,-1005.90875244141,link-3,true
return,9615,17.68,-1005.41387939453,link-3,true
return,9616,15.177,-1004.91760253906,link-3,true
return,9617,18.208,-1004.42175292969,link-3,true
return,9618,17.712,-1003.92639160156,link-3,true
return,9619,15.271,-1003.43145751953,link-3,true
return,9620,18.278,-1002.93511962891,link-3,true
return,9621,17.619,-1002.43927001953,link-3,true
return,9622,15.422,-1001.94384765625,link-3,true
return,9623,18.35,-1001.44891357422,link-3,true
return,9624,19.602,-1000.95257568359,link-3,true
return,9625,13.262,-1000.45666503906,link-3,true
return,9626,21.827,-999.46630859375,link-2,true
return,9627,16.769,-998.969909667969,link-2,true
return,9628,17.278,-998.473999023438,link-2,true
return,9629,18.163,-997.978576660156,link-2,true
return,9630,15.3,-997.483581542969,link-2,true
return,9631,18.448,-996.987182617188,link-2,true
return,9632,17.811,-996.491271972656,link-2,true
return,9633,15.093,-995.995788574219,link-2,true
return,9634,18.493,-995.500793457031,link-2,true
return,9635,17.406,-995.006225585938,link-2,true
return,9636,15.198,-994.51025390625,link-2,true
return,9637,18.395,-994.014770507812,link-2,true
return,9638,17.666,-993.519714355469,link-2,true
return,9639,15.077,-993.025146484375,link-2,true
return,9640,11.944,-992.529174804688,link-2,true
return,9641,3.544,-992.529174804688,link-2,true
return,9642,4.92,-992.033630371094,link-2,true
return,9643,2.775,-992.033630371094,link-2,true
return,9644,3.212,-992.033630371094,link-2,true
return,9645,3.439,-992.033630371094,link-2,true
return,9646,5.823,-991.53857421875,link-2,true
return,9647,2.848,-991.53857421875,link-2,true
return,9648,2.791,-991.53857421875,link-2,true
return,9649,3.68,-991.53857421875,link-2,true
return,9650,4.444,-991.53857421875,link-2,true
return,9651,4.72,-991.044006347656,link-2,true
return,9652,2.625,-991.044006347656,link-2,true
return,9653,3.481,-991.044006347656,link-2,true
return,9654,3.48,-991.044006347656,link-2,true
return,9655,6.185,-990.547973632812,link-2,true
return,9656,3.832,-990.547973632812,link-2,true
return,9657,3.361,-990.547973632812,link-2,true
return,9658,3.551,-990.547973632812,link-2,true
return,9659,2.724,-990.547973632812,link-2,true
return,9660,4.505,-990.052429199219,link-2,true
return,9661,2.645,-990.052429199219,link-2,true
return,9662,3.189,-990.052429199219,link-2,true
return,9663,3.671,-990.052429199219,link-2,true
return,9664,5.86,-989.557373046875,link-2,true
return,9665,4.394,-989.557373046875,link-2,true
return,9666,4.978,-989.557373046875,link-2,true
return,9667,3.585,-989.557373046875,link-2,true
return,9668,3.44,-989.557373046875,link-2,true
return,9669,3.867,-989.062744140625,link-2,true
return,9670,3.606,-989.062744140625,link-2,true
return,9671,4.533,-989.062744140625,link-2,true
return,9672,4.051,-989.062744140625,link-2,true
return,9673,5.573,-988.566711425781,link-2,true
return,9674,3.832,-988.566711425781,link-2,true
return,9675,3.562,-988.566711425781,link-2,true
return,9676,5.7,-988.566711425781,link-2,true
return,9677,6.078,-988.071166992188,link-2,true
return,9678,4.87,-988.071166992188,link-2,true
return,9679,4.843,-988.071166992188,link-2,true
return,9680,6.425,-988.071166992188,link-2,true
return,9681,7.16,-987.576110839844,link-2,true
return,9682,3.461,-987.576110839844,link-2,true
return,9683,3.698,-987.576110839844,link-2,true
return,9684,3.985,-987.576110839844,link-2,true
return,9685,5.172,-987.081481933594,link-2,true
return,9686,4.319,-987.081481933594,link-2,true
return,9687,4.203,-987.081481933594,link-2,true
return,9688,3.926,-987.081481933594,link-2,true
return,9689,4.499,-986.58544921875,link-2,true
return,9690,3.892,-986.58544921875,link-2,true
return,9691,7.554,-986.58544921875,link-2,true
return,9692,11.056,-986.089904785156,link-2,true
return,9693,4.94,-986.089904785156,link-2,true
return,9694,14.969,-985.594787597656,link-2,true
return,9695,5.102,-985.594787597656,link-2,true
return,9696,7.617,-985.10009765625,link-2,true
return,9697,2.118,-985.10009765625,link-2,true
return,9698,3.026,-985.10009765625,link-2,true
return,9699,4.065,-984.604064941406,link-2,true
return,9700,3.662,-984.604064941406,link-2,true
return,9701,4.257,-984.108459472656,link-2,true
return,9702,2.903,-984.108459472656,link-2,true
return,9703,3.384,-984.108459472656,link-2,true
return,9704,5.493,-983.61328125,link-2,true
return,9705,2.954,-983.61328125,link-2,true
return,9706,3.13,-983.61328125,link-2,true
return,9707,4.146,-983.61328125,link-2,true
return,9708,3.087,-983.61328125,link-2,true
return,9709,5.286,-983.118591308594,link-2,true
return,9710,2.843,-983.118591308594,link-2,true
return,9711,3.255,-983.118591308594,link-2,true
return,9712,3.319,-983.118591308594,link-2,true
return,9713,5.49,-982.622497558594,link-2,true
return,9714,2.961,-982.622497558594,link-2,true
return,9715,3.304,-982.622497558594,link-2,true
return,9716,3.526,-982.622497558594,link-2,true
return,9717,3.274,-982.622497558594,link-2,true
return,9718,5.438,-982.126892089844,link-2,true
return,9719,3.449,-982.126892089844,link-2,true
return,9720,3.084,-982.126892089844,link-2,true
return,9721,3.043,-982.126892089844,link-2,true
return,9722,5.84,-981.631713867188,link-2,true
return,9723,2.958,-981.631713867188,link-2,true
return,9724,3.212,-981.631713867188,link-2,true
return,9725,3.147,-981.631713867188,link-2,true
return,9726,4.576,-981.631713867188,link-2,true
return,9727,4.576,-981.137023925781,link-2,true
return,9728,2.784,-981.137023925781,link-2,true
return,9729,3.379,-981.137023925781,link-2,true
return,9730,3.448,-981.137023925781,link-2,true
return,9731,5.596,-980.640930175781,link-2,true
return,9732,3.047,-980.640930175781,link-2,true
return,9733,3.248,-980.640930175781,link-2,true
return,9734,3.473,-980.640930175781,link-2,true
return,9735,5.125,-980.640930175781,link-2,true
return,9736,4.548,-980.145263671875,link-2,true
return,9737,2.808,-980.145263671875,link-2,true
return,9738,3.08,-980.145263671875,link-2,true
return,9739,4.446,-980.145263671875,link-2,true
return,9740,4.492,-979.650024414062,link-2,true
return,9741,2.857,-979.650024414062,link-2,true
return,9742,3.444,-979.650024414062,link-2,true
return,9743,3.306,-979.650024414062,link-2,true
return,9744,4.63,-979.650024414062,link-2,true
return,9745,4.155,-979.155334472656,link-2,true
return,9746,2.943,-979.155334472656,link-2,true
return,9747,3.375,-979.155334472656,link-2,true
return,9748,4.344,-979.155334472656,link-2,true
return,9749,4.551,-978.6591796875,link-2,true
return,9750,2.906,-978.6591796875,link-2,true
return,9751,3.401,-978.6591796875,link-2,true
return,9752,3.583,-978.6591796875,link-2,true
return,9753,4.672,-978.6591796875,link-2,true
return,9754,4.754,-978.163513183594,link-2,true
return,9755,3.09,-978.163513183594,link-2,true
return,9756,2.987,-978.163513183594,link-2,true
return,9757,4.686,-978.163513183594,link-2,true
return,9758,4.057,-977.668334960938,link-2,true
return,9759,2.945,-977.668334960938,link-2,true
return,9760,3.771,-977.668334960938,link-2,true
return,9761,3.39,-977.668334960938,link-2,true
return,9762,4.394,-977.668334960938,link-2,true
return,9763,4.402,-977.173583984375,link-2,true
return,9764,2.872,-977.173583984375,link-2,true
return,9765,3.289,-977.173583984375,link-2,true
return,9766,4.544,-977.173583984375,link-2,true
return,9767,4.298,-976.677429199219,link-2,true
return,9768,2.521,-976.677429199219,link-2,true
return,9769,3.875,-976.677429199219,link-2,true
return,9770,3.401,-976.677429199219,link-2,true
return,9771,4.392,-976.677429199219,link-2,true
return,9772,4.623,-976.181762695312,link-2,true
return,9773,3.059,-976.181762695312,link-2,true
return,9774,2.887,-976.181762695312,link-2,true
return,9775,4.511,-976.181762695312,link-2,true
return,9776,4.608,-975.6865234375,link-2,true
return,9777,3.383,-975.6865234375,link-2,true
return,9778,3.864,-975.6865234375,link-2,true
return,9779,3.839,-975.6865234375,link-2,true
return,9780,3.596,-975.6865234375,link-2,true
return,9781,4.322,-975.191711425781,link-2,true
return,9782,2.901,-975.191711425781,link-2,true
return,9783,4.109,-975.191711425781,link-2,true
return,9784,3.707,-975.191711425781,link-2,true
return,9785,4.323,-974.695556640625,link-2,true
return,9786,3.093,-974.695556640625,link-2,true
return,9787,4.25,-974.695556640625,link-2,true
return,9788,3.76,-974.695556640625,link-2,true
return,9789,3.326,-974.695556640625,link-2,true
return,9790,4.457,-974.199890136719,link-2,true
return,9791,3.415,-974.199890136719,link-2,true
return,9792,4.116,-974.199890136719,link-2,true
return,9793,3.694,-974.199890136719,link-2,true
return,9794,4.787,-973.704650878906,link-2,true
return,9795,3.939,-973.704650878906,link-2,true
return,9796,3.631,-973.704650878906,link-2,true
return,9797,3.451,-973.704650878906,link-2,true
return,9798,3.377,-973.704650878906,link-2,true
return,9799,4.309,-973.209838867188,link-2,true
return,9800,3.371,-973.209838867188,link-2,true
return,9801,3.856,-973.209838867188,link-2,true
return,9802,3.311,-973.209838867188,link-2,true
return,9803,4.694,-972.713623046875,link-2,true
return,9804,3.45,-972.713623046875,link-2,true
return,9805,4.25,-972.713623046875,link-2,true
return,9806,3.363,-972.713623046875,link-2,true
return,9807,3.52,-972.713623046875,link-2,true
return,9808,4.483,-972.217895507812,link-2,true
return,9809,2.803,-972.217895507812,link-2,true
return,9810,4.274,-972.217895507812,link-2,true
return,9811,3.596,-972.217895507812,link-2,true
return,9812,4.264,-971.722595214844,link-2,true
return,9813,3.473,-971.722595214844,link-2,true
return,9814,4.06,-971.722595214844,link-2,true
return,9815,3.537,-971.722595214844,link-2,true
return,9816,3.469,-971.722595214844,link-2,true
return,9817,4.383,-971.227783203125,link-2,true
return,9818,2.844,-971.227783203125,link-2,true
return,9819,3.944,-971.227783203125,link-2,true
return,9820,3.571,-971.227783203125,link-2,true
return,9821,4.262,-970.731567382812,link-2,true
return,9822,3.315,-970.731567382812,link-2,true
return,9823,4.209,-970.731567382812,link-2,true
return,9824,3.152,-970.731567382812,link-2,true
return,9825,3.622,-970.731567382812,link-2,true
return,9826,4.368,-970.235778808594,link-2,true
return,9827,2.669,-970.235778808594,link-2,true
return,9828,4.346,-970.235778808594,link-2,true
return,9829,3.336,-970.235778808594,link-2,true
return,9830,4.662,-969.740478515625,link-2,true
return,9831,3.693,-969.740478515625,link-2,true
return,9832,3.829,-969.740478515625,link-2,true
return,9833,3.521,-969.740478515625,link-2,true
return,9834,3.89,-969.740478515625,link-2,true
return,9835,4.839,-969.245666503906,link-2,true
return,9836,3.412,-969.245666503906,link-2,true
return,9837,3.405,-969.245666503906,link-2,true
return,9838,3.482,-969.245666503906,link-2,true
return,9839,4.476,-968.749450683594,link-2,true
return,9840,2.628,-968.749450683594,link-2,true
return,9841,4.616,-968.749450683594,link-2,true
return,9842,3.468,-968.749450683594,link-2,true
return,9843,3.412,-968.749450683594,link-2,true
return,9844,4.413,-968.253662109375,link-2,true
return,9845,3.978,-968.253662109375,link-2,true
return,9846,3.982,-968.253662109375,link-2,true
return,9847,4.001,-968.253662109375,link-2,true
return,9848,8.742,-967.758361816406,link-2,true
return,9849,6.198,-967.758361816406,link-2,true
return,9850,4.774,-967.758361816406,link-2,true
return,9851,7.886,-967.263549804688,link-2,true
return,9852,4.433,-967.263549804688,link-2,true
return,9853,7.803,-967.263549804688,link-2,true
return,9854,11.744,-966.767272949219,link-2,true
return,9855,3.545,-966.767272949219,link-2,true
return,9856,2.49,-966.767272949219,link-2,true
return,9857,3.719,-966.271484375,link-2,true
return,9858,3.239,-966.271484375,link-2,true
return,9859,3.372,-966.271484375,link-2,true
return,9860,4.719,-965.776184082031,link-2,true
return,9861,3.728,-965.776184082031,link-2,true
return,9862,3.406,-965.776184082031,link-2,true
return,9863,3.431,-965.776184082031,link-2,true
return,9864,4.539,-965.281311035156,link-2,true
return,9865,3.962,-965.281311035156,link-2,true
return,9866,3.511,-965.281311035156,link-2,true
return,9867,4.467,-964.785034179688,link-2,true
return,9868,5.496,-964.785034179688,link-2,true
return,9869,3.827,-964.785034179688,link-2,true
return,9870,4.032,-964.289245605469,link-2,true
return,9871,2.931,-964.289245605469,link-2,true
return,9872,3.618,-964.289245605469,link-2,true
return,9873,2.732,-964.289245605469,link-2,true
return,9874,4.556,-963.793884277344,link-2,true
return,9875,2.825,-963.793884277344,link-2,true
return,9876,3.129,-963.793884277344,link-2,true
return,9877,3.546,-963.793884277344,link-2,true
return,9878,4.362,-963.793884277344,link-2,true
return,9879,4.711,-963.299011230469,link-2,true
return,9880,3.272,-963.299011230469,link-2,true
return,9881,2.963,-963.299011230469,link-2,true
return,9882,3.317,-963.299011230469,link-2,true
return,9883,5.562,-962.802734375,link-2,true
return,9884,3.062,-962.802734375,link-2,true
return,9885,3.076,-962.802734375,link-2,true
return,9886,3.62,-962.802734375,link-2,true
return,9887,4.906,-962.802734375,link-2,true
return,9888,4.35,-962.306884765625,link-2,true
return,9889,2.902,-962.306884765625,link-2,true
return,9890,3.319,-962.306884765625,link-2,true
return,9891,3.343,-962.306884765625,link-2,true
return,9892,5.584,-961.8115234375,link-2,true
return,9893,3.059,-961.8115234375,link-2,true
return,9894,3.128,-961.8115234375,link-2,true
return,9895,3.35,-961.8115234375,link-2,true
return,9896,4.52,-961.8115234375,link-2,true
return,9897,4.419,-961.316589355469,link-2,true
return,9898,2.778,-961.316589355469,link-2,true
return,9899,3.244,-961.316589355469,link-2,true
return,9900,4.845,-961.316589355469,link-2,true
return,9901,4.284,-960.8203125,link-2,true
return,9902,3.258,-960.8203125,link-2,true
return,9903,3.635,-960.8203125,link-2,true
return,9904,2.896,-960.8203125,link-2,true
return,9905,4.301,-960.8203125,link-2,true
return,9906,4.427,-960.324462890625,link-2,true
return,9907,2.662,-960.324462890625,link-2,true
return,9908,3.237,-960.324462890625,link-2,true
return,9909,4.849,-960.324462890625,link-2,true
return,9910,4.185,-959.829040527344,link-2,true
return,9911,2.809,-959.829040527344,link-2,true
return,9912,3.465,-959.829040527344,link-2,true
return,9913,3.313,-959.829040527344,link-2,true
return,9914,4.704,-959.829040527344,link-2,true
return,9915,4.51,-959.334106445312,link-2,true
return,9916,2.9,-959.334106445312,link-2,true
return,9917,3.81,-959.334106445312,link-2,true
return,9918,4.571,-959.334106445312,link-2,true
return,9919,4.238,-958.837768554688,link-2,true
return,9920,2.946,-958.837768554688,link-2,true
return,9921,3.29,-958.837768554688,link-2,true
return,9922,3.203,-958.837768554688,link-2,true
return,9923,4.661,-958.837768554688,link-2,true
return,9924,4.116,-958.341918945312,link-2,true
return,9925,2.836,-958.341918945312,link-2,true
return,9926,3.208,-958.341918945312,link-2,true
return,9927,4.953,-958.341918945312,link-2,true
return,9928,4.226,-957.846496582031,link-2,true
return,9929,3.175,-957.846496582031,link-2,true
return,9930,3.273,-957.846496582031,link-2,true
return,9931,4.738,-957.846496582031,link-2,true
return,9932,3.517,-957.846496582031,link-2,true
return,9933,4.171,-957.3515625,link-2,true
return,9934,3.52,-957.3515625,link-2,true
return,9935,3.02,-957.3515625,link-2,true
return,9936,4.433,-957.3515625,link-2,true
return,9937,4.458,-956.855224609375,link-2,true
return,9938,2.734,-956.855224609375,link-2,true
return,9939,3.337,-956.855224609375,link-2,true
return,9940,4.907,-956.855224609375,link-2,true
return,9941,3.287,-956.855224609375,link-2,true
return,9942,4.273,-956.359313964844,link-2,true
return,9943,2.848,-956.359313964844,link-2,true
return,9944,3.183,-956.359313964844,link-2,true
return,9945,4.886,-956.359313964844,link-2,true
return,9946,4.263,-955.863891601562,link-2,true
return,9947,2.756,-955.863891601562,link-2,true
return,9948,3.224,-955.863891601562,link-2,true
return,9949,5.373,-955.863891601562,link-2,true
return,9950,3.365,-955.863891601562,link-2,true
return,9951,4.248,-955.368957519531,link-2,true
return,9952,3.004,-955.368957519531,link-2,true
return,9953,4.682,-955.368957519531,link-2,true
return,9954,3.639,-955.368957519531,link-2,true
return,9955,4.431,-954.872619628906,link-2,true
return,9956,3.041,-954.872619628906,link-2,true
return,9957,3.144,-954.872619628906,link-2,true
return,9958,4.282,-954.872619628906,link-2,true
return,9959,3.393,-954.872619628906,link-2,true
return,9960,4.274,-954.376708984375,link-2,true
return,9961,2.842,-954.376708984375,link-2,true
return,9962,4.496,-954.376708984375,link-2,true
return,9963,3.426,-954.376708984375,link-2,true
return,9964,4.367,-953.881286621094,link-2,true
return,9965,3.13,-953.881286621094,link-2,true
return,9966,4.264,-953.881286621094,link-2,true
return,9967,3.636,-953.881286621094,link-2,true
return,9968,3.239,-953.881286621094,link-2,true
return,9969,4.49,-953.386352539062,link-2,true
return,9970,3.394,-953.386352539062,link-2,true
return,9971,3.953,-953.386352539062,link-2,true
return,9972,3.555,-953.386352539062,link-2,true
return,9973,4.452,-952.889953613281,link-2,true
return,9974,3.042,-952.889953613281,link-2,true
return,9975,2.842,-952.889953613281,link-2,true
return,9976,3.68,-952.889953613281,link-2,true
return,9977,3.537,-952.889953613281,link-2,true
return,9978,5.002,-952.39404296875,link-2,true
return,9979,2.781,-952.39404296875,link-2,true
return,9980,3.549,-952.39404296875,link-2,true
return,9981,3.496,-952.39404296875,link-2,true
return,9982,4.392,-951.898620605469,link-2,true
return,9983,4.318,-951.898620605469,link-2,true
return,9984,3.316,-951.898620605469,link-2,true
return,9985,3.424,-951.898620605469,link-2,true
return,9986,3.647,-951.898620605469,link-2,true
return,9987,4.602,-951.403625488281,link-2,true
return,9988,3.086,-951.403625488281,link-2,true
return,9989,3.472,-951.403625488281,link-2,true
return,9990,3.942,-951.403625488281,link-2,true
return,9991,4.267,-950.909118652344,link-2,true
return,9992,3.68,-950.909118652344,link-2,true
return,9993,3.264,-950.909118652344,link-2,true
return,9994,3.654,-950.909118652344,link-2,true
return,9995,3.535,-950.909118652344,link-2,true
return,9996,5.51,-950.413208007812,link-2,true
return,9997,3.015,-950.413208007812,link-2,true
return,9998,3.17,-950.413208007812,link-2,true
return,9999,3.664,-950.413208007812,link-2,true
return,10000,4.681,-949.917785644531,link-2,true
return,10001,3.43,-949.917785644531,link-2,true
return,10002,3.512,-949.917785644531,link-2,true
return,10003,3.487,-949.917785644531,link-2,true
return,10004,3.46,-949.917785644531,link-2,true
return,10005,5.915,-949.422790527344,link-2,true
return,10006,2.717,-949.422790527344,link-2,true
return,10007,3.062,-949.422790527344,link-2,true
return,10008,8.223,-949.422790527344,link-2,true
return,10009,3.717,-948.92822265625,link-2,true
return,10010,2.949,-948.92822265625,link-2,true
return,10011,2.773,-948.92822265625,link-2,true
return,10012,2.942,-948.92822265625,link-2,true
return,10013,5.801,-948.432312011719,link-2,true
return,10014,2.948,-948.432312011719,link-2,true
return,10015,2.944,-948.432312011719,link-2,true
return,10016,3.626,-948.432312011719,link-2,true
return,10017,3.931,-948.432312011719,link-2,true
return,10018,5.216,-947.936828613281,link-2,true
return,10019,2.795,-947.936828613281,link-2,true
return,10020,3.301,-947.936828613281,link-2,true
return,10021,3.41,-947.936828613281,link-2,true
return,10022,5.833,-947.441833496094,link-2,true
return,10023,3.498,-947.441833496094,link-2,true
return,10024,2.962,-947.441833496094,link-2,true
return,10025,3.317,-947.441833496094,link-2,true
return,10026,3.4,-947.441833496094,link-2,true
return,10027,5.266,-946.947265625,link-2,true
return,10028,2.802,-946.947265625,link-2,true
return,10029,3.213,-946.947265625,link-2,true
return,10030,3.502,-946.947265625,link-2,true
return,10031,6.122,-946.451354980469,link-2,true
return,10032,2.809,-946.451354980469,link-2,true
return,10033,3.247,-946.451354980469,link-2,true
return,10034,3.503,-946.451354980469,link-2,true
return,10035,5.698,-945.955871582031,link-2,true
return,10036,3.177,-945.955871582031,link-2,true
return,10037,2.735,-945.955871582031,link-2,true
return,10038,3.189,-945.955871582031,link-2,true
return,10039,4.619,-945.955871582031,link-2,true
return,10040,22.421,-945.460815429688,link-2,true
return,10041,14.503,-944.966247558594,link-2,true
return,10042,18.302,-944.470275878906,link-2,true
return,10043,17.754,-943.974792480469,link-2,true
return,10044,15.29,-943.479736328125,link-2,true
return,10045,17.998,-942.985168457031,link-2,true
return,10046,17.856,-942.489196777344,link-2,true
return,10047,15.228,-941.993713378906,link-2,true
return,10048,18.24,-941.498657226562,link-2,true
return,10049,17.573,-941.004089355469,link-2,true
return,10050,15.263,-940.508117675781,link-2,true
return,10051,18.285,-940.012573242188,link-2,true
return,10052,17.54,-939.517517089844,link-2,true
return,10053,15.24,-939.02294921875,link-2,true
return,10054,18.996,-938.029602050781,link-2,true
return,10055,17.125,-937.53271484375,link-2,true
return,10056,15.29,-937.036254882812,link-2,true
return,10057,18.268,-936.540283203125,link-2,true
return,10058,17.699,-936.044738769531,link-2,true
return,10059,15.128,-935.549682617188,link-2,true
return,10060,18.27,-935.055114746094,link-2,true
return,10061,17.915,-934.559143066406,link-2,true
return,10062,15.233,-934.063659667969,link-2,true
return,10063,18.453,-933.568603515625,link-2,true
return,10064,16.983,-933.074035644531,link-2,true
return,10065,15.287,-932.578063964844,link-2,true
return,10066,18.056,-932.082580566406,link-2,true
return,10067,17.485,-931.587524414062,link-2,true
return,10068,15.317,-931.092956542969,link-2,true
return,10069,18.218,-930.596984863281,link-2,true
return,10070,17.513,-930.101501464844,link-2,true
return,10071,14.806,-929.606506347656,link-2,true
return,10072,18.07,-929.111938476562,link-2,true
return,10073,17.326,-928.616027832031,link-2,true
return,10074,15.209,-928.120544433594,link-2,true
return,10075,18.246,-927.625549316406,link-2,true
return,10076,17.601,-927.130981445312,link-2,true
return,10077,15.06,-926.635070800781,link-2,true
return,10078,18.189,-926.1396484375,link-2,true
return,10079,17.443,-925.644653320312,link-2,true
return,10080,15.126,-925.150146484375,link-2,true
return,10081,18.465,-924.654235839844,link-2,true
return,10082,17.801,-923.663879394531,link-2,true
return,10083,14.719,-923.169372558594,link-2,true
return,10084,18.298,-922.673461914062,link-2,true
return,10085,17.655,-922.178039550781,link-2,true
return,10086,14.966,-921.68310546875,link-2,true
return,10087,18.178,-921.188659667969,link-2,true
return,10088,17.62,-920.692810058594,link-2,true
return,10089,15.16,-920.197387695312,link-2,true
return,10090,18.31,-919.702453613281,link-2,true
return,10091,17.552,-919.2080078125,link-2,true
return,10092,15.0,-918.712158203125,link-2,true
return,10093,18.066,-918.216796875,link-2,true
return,10094,17.496,-917.721862792969,link-2,true
return,10095,15.354,-917.227416992188,link-2,true
return,10096,18.374,-916.731628417969,link-2,true
return,10097,17.438,-916.236328125,link-2,true
return,10098,15.293,-915.741455078125,link-2,true
return,10099,18.011,-915.2470703125,link-2,true
return,10100,17.459,-914.751281738281,link-2,true
return,10101,15.48,-914.255981445312,link-2,true
return,10102,18.455,-913.761169433594,link-2,true
return,10103,17.208,-913.266845703125,link-2,true
return,10104,15.629,-912.771118164062,link-2,true
return,10105,17.872,-912.275817871094,link-2,true
return,10106,21.338,-911.781005859375,link-2,true
return,10107,14.664,-911.286682128906,link-2,true
return,10108,18.335,-910.791015625,link-2,true
return,10109,17.434,-910.295837402344,link-2,true
return,10110,15.245,-909.801086425781,link-2,true
return,10111,18.42,-909.306823730469,link-2,true
return,10112,17.523,-908.811157226562,link-2,true
return,10113,15.104,-908.315979003906,link-2,true
return,10114,18.341,-907.8212890625,link-2,true
return,10115,17.544,-907.327087402344,link-2,true
return,10116,15.062,-906.831481933594,link-2,true
return,10117,17.763,-906.336364746094,link-2,true
return,10118,17.458,-905.841735839844,link-2,true
return,10119,14.992,-905.347534179688,link-2,true
return,10120,18.108,-904.851989746094,link-2,true
return,10121,22.169,-903.862365722656,link-2,true
return,10122,16.612,-903.368225097656,link-2,true
return,10123,19.613,-902.874572753906,link-2,true
return,10124,14.949,-902.379577636719,link-2,true
return,10125,14.414,-901.885009765625,link-2,true
return,10126,22.895,-901.390930175781,link-2,true
return,10127,18.159,-900.897338867188,link-2,true
return,10128,14.628,-900.402404785156,link-2,true
return,10129,23.25,-899.907958984375,link-2,true
return,10130,14.082,-899.414001464844,link-2,true
return,10131,13.698,-898.920532226562,link-2,true
return,10132,14.444,-898.425659179688,link-2,true
return,10133,20.46,-897.931213378906,link-2,true
return,10134,17.927,-897.437316894531,link-2,true
return,10135,14.839,-896.94384765625,link-2,true
return,10136,18.275,-896.449035644531,link-2,true
return,10137,17.686,-895.954711914062,link-2,true
return,10138,15.046,-895.460876464844,link-2,true
return,10139,18.344,-894.967529296875,link-2,true
return,10140,17.198,-894.472778320312,link-2,true
return,10141,15.087,-893.978515625,link-2,true
return,10142,18.199,-893.484741210938,link-2,true
return,10143,17.711,-892.991394042969,link-2,true
return,10144,14.77,-892.496704101562,link-2,true
return,10145,18.216,-892.002502441406,link-2,true
return,10146,17.414,-891.5087890625,link-2,true
return,10147,14.946,-891.015563964844,link-2,true
return,10148,17.85,-890.52099609375,link-2,true
return,10149,17.454,-890.026916503906,link-2,true
return,10150,15.008,-889.533325195312,link-2,true
return,10151,18.257,-889.040222167969,link-2,true
return,10152,17.512,-888.545715332031,link-2,true
return,10153,15.129,-888.051635742188,link-2,true
return,10154,18.172,-887.558044433594,link-2,true
return,10155,17.306,-887.06494140625,link-2,true
return,10156,15.232,-886.570495605469,link-2,true
return,10157,18.083,-886.076538085938,link-2,true
return,10158,18.087,-885.090087890625,link-2,true
return,10159,14.599,-884.595764160156,link-2,true
return,10160,18.048,-884.101928710938,link-2,true
return,10161,17.457,-883.608581542969,link-2,true
return,10162,14.929,-883.11572265625,link-2,true
return,10163,18.555,-882.621459960938,link-2,true
return,10164,17.274,-882.127685546875,link-2,true
return,10165,15.454,-881.634338378906,link-2,true
return,10166,18.151,-881.141479492188,link-2,true
return,10167,17.349,-880.647277832031,link-2,true
return,10168,15.277,-880.153625488281,link-2,true
return,10169,18.388,-879.660400390625,link-2,true
return,10170,17.71,-879.167663574219,link-2,true
return,10171,15.266,-878.673583984375,link-2,true
return,10172,17.939,-878.179992675781,link-2,true
return,10173,17.605,-877.686889648438,link-2,true
return,10174,15.172,-877.194213867188,link-2,true
return,10175,18.332,-876.700256347656,link-2,true
return,10176,17.611,-876.206787109375,link-2,true
return,10177,15.237,-875.713806152344,link-2,true
return,10178,17.976,-875.221313476562,link-2,true
return,10179,17.754,-874.727416992188,link-2,true
return,10180,15.141,-874.233947753906,link-2,true
return,10181,17.965,-873.740966796875,link-2,true
return,10182,21.526,-873.248474121094,link-2,true
return,10183,14.769,-872.754638671875,link-2,true
return,10184,22.992,-872.261291503906,link-2,true
return,10185,14.384,-871.768493652344,link-2,true
return,10186,15.104,-871.276123046875,link-2,true
return,10187,18.191,-870.782409667969,link-2,true
return,10188,17.385,-870.289184570312,link-2,true
return,10189,15.074,-869.796447753906,link-2,true
return,10190,18.199,-869.30419921875,link-2,true
return,10191,22.019,-868.315551757812,link-2,true
return,10192,13.878,-867.820983886719,link-2,true
return,10193,22.671,-867.326904296875,link-2,true
return,10194,14.697,-866.833312988281,link-2,true
return,10195,15.031,-866.340209960938,link-2,true
return,10196,18.366,-865.847595214844,link-2,true
return,10197,17.11,-865.35546875,link-2,true
return,10198,14.831,-864.861999511719,link-2,true
return,10199,17.886,-864.369018554688,link-2,true
return,10200,17.46,-863.876525878906,link-2,true
return,10201,15.389,-863.384521484375,link-2,true
return,10202,18.195,-862.891174316406,link-2,true
return,10203,21.36,-862.398315429688,link-2,true
return,10204,14.391,-861.905883789062,link-2,true
return,10205,18.043,-861.414001464844,link-2,true
return,10206,17.583,-860.920654296875,link-2,true
return,10207,15.037,-860.427795410156,link-2,true
return,10208,18.296,-859.935485839844,link-2,true
return,10209,21.531,-859.443603515625,link-2,true
return,10210,14.333,-858.950378417969,link-2,true
return,10211,18.202,-858.457641601562,link-2,true
return,10212,20.815,-857.4736328125,link-2,true
return,10213,11.658,-856.980529785156,link-2,true
return,10214,21.048,-856.487915039062,link-2,true
return,10215,14.547,-855.995727539062,link-2,true
return,10216,15.198,-855.504028320312,link-2,true
return,10217,18.175,-855.010925292969,link-2,true
return,10218,17.493,-854.518310546875,link-2,true
return,10219,15.222,-854.026245117188,link-2,true
return,10220,18.394,-853.534606933594,link-2,true
return,10221,17.561,-853.04345703125,link-2,true
return,10222,15.21,-852.550964355469,link-2,true
return,10223,18.111,-852.058959960938,link-2,true
return,10224,8.321,-851.567443847656,link-2,true
return,10225,2.729,-851.567443847656,link-2,true
return,10226,4.43,-851.567443847656,link-2,true
return,10227,4.327,-851.567443847656,link-2,true
return,10228,4.715,-851.076354980469,link-2,true
return,10229,2.58,-851.076354980469,link-2,true
return,10230,3.296,-851.076354980469,link-2,true
return,10231,3.462,-851.076354980469,link-2,true
return,10232,4.288,-851.076354980469,link-2,true
return,10233,4.519,-850.583862304688,link-2,true
return,10234,4.584,-850.583862304688,link-2,true
return,10235,2.984,-850.583862304688,link-2,true
return,10236,3.321,-850.583862304688,link-2,true
return,10237,4.553,-850.091918945312,link-2,true
return,10238,2.686,-850.091918945312,link-2,true
return,10239,3.212,-850.091918945312,link-2,true
return,10240,3.46,-850.091918945312,link-2,true
return,10241,4.302,-850.091918945312,link-2,true
return,10242,4.583,-849.600402832031,link-2,true
return,10243,3.301,-849.600402832031,link-2,true
return,10244,2.777,-849.600402832031,link-2,true
return,10245,4.461,-849.600402832031,link-2,true
return,10246,4.209,-849.109375,link-2,true
return,10247,2.464,-849.109375,link-2,true
return,10248,3.665,-849.109375,link-2,true
return,10249,3.584,-849.109375,link-2,true
return,10250,4.425,-849.109375,link-2,true
return,10251,4.41,-848.617004394531,link-2,true
return,10252,3.037,-848.617004394531,link-2,true
return,10253,3.004,-848.617004394531,link-2,true
return,10254,4.804,-848.617004394531,link-2,true
return,10255,4.272,-848.125122070312,link-2,true
return,10256,2.5,-848.125122070312,link-2,true
return,10257,3.553,-848.125122070312,link-2,true
return,10258,3.605,-848.125122070312,link-2,true
return,10259,4.682,-848.125122070312,link-2,true
return,10260,4.324,-847.633666992188,link-2,true
return,10261,2.947,-847.633666992188,link-2,true
return,10262,3.044,-847.633666992188,link-2,true
return,10263,4.596,-847.633666992188,link-2,true
return,10264,4.285,-847.142700195312,link-2,true
return,10265,3.054,-847.142700195312,link-2,true
return,10266,3.256,-847.142700195312,link-2,true
return,10267,4.804,-847.142700195312,link-2,true
return,10268,3.349,-847.142700195312,link-2,true
return,10269,4.644,-846.650329589844,link-2,true
return,10270,3.214,-846.650329589844,link-2,true
return,10271,4.0,-846.650329589844,link-2,true
return,10272,3.409,-846.650329589844,link-2,true
return,10273,4.264,-846.158447265625,link-2,true
return,10274,2.923,-846.158447265625,link-2,true
return,10275,3.422,-846.158447265625,link-2,true
return,10276,5.259,-846.158447265625,link-2,true
return,10277,3.408,-846.158447265625,link-2,true
return,10278,4.479,-845.667053222656,link-2,true
return,10279,3.027,-845.667053222656,link-2,true
return,10280,4.362,-845.667053222656,link-2,true
return,10281,3.376,-845.667053222656,link-2,true
return,10282,4.342,-845.176147460938,link-2,true
return,10283,3.064,-845.176147460938,link-2,true
return,10284,2.962,-845.176147460938,link-2,true
return,10285,5.015,-845.176147460938,link-2,true
return,10286,3.35,-845.176147460938,link-2,true
return,10287,7.0,-844.683898925781,link-2,true
return,10288,2.864,-844.683898925781,link-2,true
return,10289,2.471,-844.683898925781,link-2,true
return,10290,3.196,-844.683898925781,link-2,true
return,10291,4.47,-844.192077636719,link-2,true
return,10292,3.057,-844.192077636719,link-2,true
return,10293,4.763,-844.192077636719,link-2,true
return,10294,3.209,-844.192077636719,link-2,true
return,10295,3.205,-844.192077636719,link-2,true
return,10296,4.539,-843.70068359375,link-2,true
return,10297,3.062,-843.70068359375,link-2,true
return,10298,4.176,-843.70068359375,link-2,true
return,10299,3.318,-843.70068359375,link-2,true
return,10300,4.748,-843.209777832031,link-2,true
return,10301,3.038,-843.209777832031,link-2,true
return,10302,3.948,-843.209777832031,link-2,true
return,10303,3.502,-843.209777832031,link-2,true
return,10304,3.316,-843.209777832031,link-2,true
return,10305,4.744,-842.717529296875,link-2,true
return,10306,2.686,-842.717529296875,link-2,true
return,10307,4.306,-842.717529296875,link-2,true
return,10308,3.514,-842.717529296875,link-2,true
return,10309,4.22,-842.225769042969,link-2,true
return,10310,3.512,-842.225769042969,link-2,true
return,10311,3.787,-842.225769042969,link-2,true
return,10312,3.279,-842.225769042969,link-2,true
return,10313,3.311,-842.225769042969,link-2,true
return,10314,4.736,-841.734497070312,link-2,true
return,10315,3.304,-841.734497070312,link-2,true
return,10316,3.938,-841.734497070312,link-2,true
return,10317,3.302,-841.734497070312,link-2,true
return,10318,4.256,-841.24365234375,link-2,true
return,10319,3.195,-841.24365234375,link-2,true
return,10320,4.543,-841.24365234375,link-2,true
return,10321,3.408,-841.24365234375,link-2,true
return,10322,3.537,-841.24365234375,link-2,true
return,10323,6.281,-840.751403808594,link-2,true
return,10324,3.227,-840.751403808594,link-2,true
return,10325,2.885,-840.751403808594,link-2,true
return,10326,3.162,-840.751403808594,link-2,true
return,10327,5.119,-840.259643554688,link-2,true
return,10328,3.043,-840.259643554688,link-2,true
return,10329,3.389,-840.259643554688,link-2,true
return,10330,3.336,-840.259643554688,link-2,true
return,10331,3.647,-840.259643554688,link-2,true
return,10332,4.596,-839.768371582031,link-2,true
return,10333,3.378,-839.768371582031,link-2,true
return,10334,3.669,-839.768371582031,link-2,true
return,10335,3.395,-839.768371582031,link-2,true
return,10336,4.877,-839.277587890625,link-2,true
return,10337,3.453,-839.277587890625,link-2,true
return,10338,3.599,-839.277587890625,link-2,true
return,10339,3.425,-839.277587890625,link-2,true
return,10340,3.459,-839.277587890625,link-2,true
return,10341,5.112,-838.785400390625,link-2,true
return,10342,3.406,-838.785400390625,link-2,true
return,10343,3.324,-838.785400390625,link-2,true
return,10344,3.337,-838.785400390625,link-2,true
return,10345,7.718,-838.293640136719,link-2,true
return,10346,2.653,-838.293640136719,link-2,true
return,10347,3.047,-838.293640136719,link-2,true
return,10348,2.713,-838.293640136719,link-2,true
return,10349,3.673,-838.293640136719,link-2,true
return,10350,6.269,-837.802429199219,link-2,true
return,10351,7.822,-837.802429199219,link-2,true
return,10352,7.24,-837.802429199219,link-2,true
return,10353,2.974,-837.802429199219,link-2,true
return,10354,3.449,-837.311645507812,link-2,true
return,10355,2.582,-837.311645507812,link-2,true
return,10356,3.507,-837.311645507812,link-2,true
return,10357,3.446,-837.311645507812,link-2,true
return,10358,5.716,-836.819519042969,link-2,true
return,10359,3.181,-836.819519042969,link-2,true
return,10360,3.076,-836.819519042969,link-2,true
return,10361,3.021,-836.819519042969,link-2,true
return,10362,5.677,-836.327819824219,link-2,true
return,10363,2.552,-836.327819824219,link-2,true
return,10364,3.347,-836.327819824219,link-2,true
return,10365,3.735,-836.327819824219,link-2,true
return,10366,4.402,-835.836547851562,link-2,true
return,10367,3.273,-835.836547851562,link-2,true
return,10368,3.576,-835.836547851562,link-2,true
return,10369,3.449,-835.836547851562,link-2,true
return,10370,4.327,-835.345764160156,link-2,true
return,10371,3.972,-835.345764160156,link-2,true
return,10372,3.38,-835.345764160156,link-2,true
return,10373,3.419,-835.345764160156,link-2,true
return,10374,3.532,-835.345764160156,link-2,true
return,10375,5.747,-834.853637695312,link-2,true
return,10376,3.177,-834.853637695312,link-2,true
return,10377,2.585,-834.853637695312,link-2,true
return,10378,3.44,-834.853637695312,link-2,true
return,10379,4.368,-834.361999511719,link-2,true
return,10380,3.628,-834.361999511719,link-2,true
return,10381,3.244,-834.361999511719,link-2,true
return,10382,3.748,-834.361999511719,link-2,true
return,10383,3.206,-834.361999511719,link-2,true
return,10384,4.372,-833.870788574219,link-2,true
return,10385,3.446,-833.870788574219,link-2,true
return,10386,3.401,-833.870788574219,link-2,true
return,10387,3.544,-833.870788574219,link-2,true
return,10388,4.732,-833.380004882812,link-2,true
return,10389,3.688,-833.380004882812,link-2,true
return,10390,3.387,-833.380004882812,link-2,true
return,10391,3.557,-833.380004882812,link-2,true
return,10392,3.37,-833.380004882812,link-2,true
return,10393,5.681,-832.887878417969,link-2,true
return,10394,3.156,-832.887878417969,link-2,true
return,10395,2.692,-832.887878417969,link-2,true
return,10396,3.685,-832.887878417969,link-2,true
return,10397,4.331,-832.396240234375,link-2,true
return,10398,3.721,-832.396240234375,link-2,true
return,10399,3.55,-832.396240234375,link-2,true
return,10400,3.407,-832.396240234375,link-2,true
return,10401,3.578,-832.396240234375,link-2,true
return,10402,4.349,-831.905029296875,link-2,true
return,10403,3.582,-831.905029296875,link-2,true
return,10404,3.256,-831.905029296875,link-2,true
return,10405,3.697,-831.905029296875,link-2,true
return,10406,4.161,-831.414245605469,link-2,true
return,10407,3.255,-831.414245605469,link-2,true
return,10408,3.587,-831.414245605469,link-2,true
return,10409,3.422,-831.414245605469,link-2,true
return,10410,3.538,-831.414245605469,link-2,true
return,10411,5.499,-830.922119140625,link-2,true
return,10412,2.646,-830.922119140625,link-2,true
return,10413,3.458,-830.922119140625,link-2,true
return,10414,3.67,-830.922119140625,link-2,true
return,10415,4.488,-830.430480957031,link-2,true
return,10416,3.343,-830.430480957031,link-2,true
return,10417,3.517,-830.430480957031,link-2,true
return,10418,3.475,-830.430480957031,link-2,true
return,10419,3.483,-830.430480957031,link-2,true
return,10420,5.905,-829.939270019531,link-2,true
return,10421,2.432,-829.939270019531,link-2,true
return,10422,3.515,-829.939270019531,link-2,true
return,10423,3.607,-829.939270019531,link-2,true
return,10424,4.041,-829.448486328125,link-2,true
return,10425,4.113,-829.448486328125,link-2,true
return,10426,3.35,-829.448486328125,link-2,true
return,10427,3.421,-829.448486328125,link-2,true
return,10428,3.62,-829.448486328125,link-2,true
return,10429,6.205,-828.956359863281,link-2,true
return,10430,2.574,-828.956359863281,link-2,true
return,10431,3.237,-828.956359863281,link-2,true
return,10432,3.466,-828.956359863281,link-2,true
return,10433,6.053,-828.464721679688,link-2,true
return,10434,2.777,-828.464721679688,link-2,true
return,10435,2.955,-828.464721679688,link-2,true
return,10436,3.548,-828.464721679688,link-2,true
return,10437,4.46,-827.973510742188,link-2,true
return,10438,3.606,-827.973510742188,link-2,true
return,10439,3.56,-827.973510742188,link-2,true
return,10440,3.3,-827.973510742188,link-2,true
return,10441,3.641,-827.973510742188,link-2,true
return,10442,5.573,-827.482727050781,link-2,true
return,10443,2.728,-827.482727050781,link-2,true
return,10444,3.15,-827.482727050781,link-2,true
return,10445,3.661,-827.482727050781,link-2,true
return,10446,4.264,-826.990600585938,link-2,true
return,10447,4.083,-826.990600585938,link-2,true
return,10448,3.151,-826.990600585938,link-2,true
return,10449,3.605,-826.990600585938,link-2,true
return,10450,3.406,-826.990600585938,link-2,true
return,10451,6.176,-826.498962402344,link-2,true
return,10452,2.747,-826.498962402344,link-2,true
return,10453,3.029,-826.498962402344,link-2,true
return,10454,3.455,-826.498962402344,link-2,true
return,10455,4.388,-826.007751464844,link-2,true
return,10456,3.41,-826.007751464844,link-2,true
return,10457,3.414,-826.007751464844,link-2,true
return,10458,3.753,-826.007751464844,link-2,true
return,10459,3.347,-826.007751464844,link-2,true
return,10460,5.659,-825.516967773438,link-2,true
return,10461,2.422,-825.516967773438,link-2,true
return,10462,3.449,-825.516967773438,link-2,true
return,10463,3.572,-825.516967773438,link-2,true
return,10464,4.531,-825.024780273438,link-2,true
return,10465,3.21,-825.024780273438,link-2,true
return,10466,3.256,-825.024780273438,link-2,true
return,10467,3.419,-825.024780273438,link-2,true
return,10468,3.598,-825.024780273438,link-2,true
return,10469,5.673,-824.533081054688,link-2,true
return,10470,2.773,-824.533081054688,link-2,true
return,10471,3.334,-824.533081054688,link-2,true
return,10472,3.555,-824.533081054688,link-2,true
return,10473,4.639,-824.041809082031,link-2,true
return,10474,3.203,-824.041809082031,link-2,true
return,10475,3.381,-824.041809082031,link-2,true
return,10476,3.494,-824.041809082031,link-2,true
return,10477,3.571,-824.041809082031,link-2,true
return,10478,5.838,-823.551025390625,link-2,true
return,10479,2.739,-823.551025390625,link-2,true
return,10480,3.122,-823.551025390625,link-2,true
return,10481,3.519,-823.551025390625,link-2,true
return,10482,4.618,-823.058837890625,link-2,true
return,10483,3.197,-823.058837890625,link-2,true
return,10484,3.421,-823.058837890625,link-2,true
return,10485,3.722,-823.058837890625,link-2,true
return,10486,4.347,-822.567077636719,link-2,true
return,10487,3.982,-822.567077636719,link-2,true
return,10488,3.947,-822.567077636719,link-2,true
return,10489,3.424,-822.567077636719,link-2,true
return,10490,3.348,-822.567077636719,link-2,true
return,10491,5.989,-822.075805664062,link-2,true
return,10492,2.597,-822.075805664062,link-2,true
return,10493,3.32,-822.075805664062,link-2,true
return,10494,3.52,-822.075805664062,link-2,true
return,10495,5.974,-821.585021972656,link-2,true
return,10496,3.166,-821.585021972656,link-2,true
return,10497,2.502,-821.585021972656,link-2,true
return,10498,3.154,-821.585021972656,link-2,true
return,10499,3.4,-821.585021972656,link-2,true
return,10500,5.883,-821.0927734375,link-2,true
return,10501,2.596,-821.0927734375,link-2,true
return,10502,4.075,-821.0927734375,link-2,true
return,10503,3.043,-821.0927734375,link-2,true
return,10504,4.55,-820.601013183594,link-2,true
return,10505,3.296,-820.601013183594,link-2,true
return,10506,3.471,-820.601013183594,link-2,true
return,10507,3.463,-820.601013183594,link-2,true
return,10508,3.342,-820.601013183594,link-2,true
return,10509,5.645,-820.109741210938,link-2,true
return,10510,2.818,-820.109741210938,link-2,true
return,10511,3.415,-820.109741210938,link-2,true
return,10512,3.576,-820.109741210938,link-2,true
return,10513,5.706,-819.618896484375,link-2,true
return,10514,2.808,-819.618896484375,link-2,true
return,10515,3.141,-819.618896484375,link-2,true
return,10516,3.68,-819.618896484375,link-2,true
return,10517,4.645,-819.126647949219,link-2,true
return,10518,3.361,-819.126647949219,link-2,true
return,10519,3.548,-819.126647949219,link-2,true
return,10520,3.304,-819.126647949219,link-2,true
return,10521,3.435,-819.126647949219,link-2,true
return,10522,5.571,-818.634887695312,link-2,true
return,10523,3.032,-818.634887695312,link-2,true
return,10524,3.23,-818.634887695312,link-2,true
return,10525,3.723,-818.634887695312,link-2,true
return,10526,4.351,-818.143493652344,link-2,true
return,10527,3.292,-818.143493652344,link-2,true
return,10528,3.291,-818.143493652344,link-2,true
return,10529,3.45,-818.143493652344,link-2,true
return,10530,3.387,-818.143493652344,link-2,true
return,10531,6.006,-817.652587890625,link-2,true
return,10532,2.664,-817.652587890625,link-2,true
return,10533,3.449,-817.652587890625,link-2,true
return,10534,3.536,-817.652587890625,link-2,true
return,10535,4.514,-817.160339355469,link-2,true
return,10536,3.316,-817.160339355469,link-2,true
return,10537,3.245,-817.160339355469,link-2,true
return,10538,3.675,-817.160339355469,link-2,true
return,10539,3.471,-817.160339355469,link-2,true
return,10540,6.153,-816.66845703125,link-2,true
return,10541,2.494,-816.66845703125,link-2,true
return,10542,3.39,-816.66845703125,link-2,true
return,10543,3.356,-816.66845703125,link-2,true
return,10544,5.094,-816.177062988281,link-2,true
return,10545,3.231,-816.177062988281,link-2,true
return,10546,3.23,-816.177062988281,link-2,true
return,10547,3.249,-816.177062988281,link-2,true
return,10548,3.333,-816.177062988281,link-2,true
return,10549,6.356,-815.686096191406,link-2,true
return,10550,3.138,-815.686096191406,link-2,true
return,10551,2.614,-815.686096191406,link-2,true
return,10552,3.586,-815.686096191406,link-2,true
return,10553,5.727,-815.193725585938,link-2,true
return,10554,2.677,-815.193725585938,link-2,true
return,10555,3.194,-815.193725585938,link-2,true
return,10556,3.784,-815.193725585938,link-2,true
return,10557,4.314,-814.701843261719,link-2,true
return,10558,3.714,-814.701843261719,link-2,true
return,10559,3.468,-814.701843261719,link-2,true
return,10560,3.622,-814.701843261719,link-2,true
return,10561,3.299,-814.701843261719,link-2,true
return,10562,6.353,-814.210388183594,link-2,true
return,10563,2.609,-814.210388183594,link-2,true
return,10564,2.827,-814.210388183594,link-2,true
return,10565,3.61,-814.210388183594,link-2,true
return,10566,4.354,-813.719360351562,link-2,true
return,10567,3.433,-813.719360351562,link-2,true
return,10568,3.063,-813.719360351562,link-2,true
return,10569,3.391,-813.719360351562,link-2,true
return,10570,3.752,-813.719360351562,link-2,true
return,10571,5.753,-813.226989746094,link-2,true
return,10572,2.422,-813.226989746094,link-2,true
return,10573,3.505,-813.226989746094,link-2,true
return,10574,3.584,-813.226989746094,link-2,true
return,10575,4.459,-812.734985351562,link-2,true
return,10576,3.543,-812.734985351562,link-2,true
return,10577,3.497,-812.734985351562,link-2,true
return,10578,3.271,-812.734985351562,link-2,true
return,10579,3.465,-812.734985351562,link-2,true
return,10580,5.651,-812.243469238281,link-2,true
return,10581,2.563,-812.243469238281,link-2,true
return,10582,3.338,-812.243469238281,link-2,true
return,10583,3.488,-812.243469238281,link-2,true
return,10584,4.539,-811.752380371094,link-2,true
return,10585,3.433,-811.752380371094,link-2,true
return,10586,3.239,-811.752380371094,link-2,true
return,10587,3.413,-811.752380371094,link-2,true
return,10588,3.54,-811.752380371094,link-2,true
return,10589,6.064,-811.259887695312,link-2,true
return,10590,2.917,-811.259887695312,link-2,true
return,10591,3.072,-811.259887695312,link-2,true
return,10592,3.53,-811.259887695312,link-2,true
return,10593,4.277,-810.767883300781,link-2,true
return,10594,3.32,-810.767883300781,link-2,true
return,10595,3.51,-810.767883300781,link-2,true
return,10596,3.561,-810.767883300781,link-2,true
return,10597,3.28,-810.767883300781,link-2,true
return,10598,6.099,-810.276306152344,link-2,true
return,10599,2.356,-810.276306152344,link-2,true
return,10600,3.547,-810.276306152344,link-2,true
return,10601,3.414,-810.276306152344,link-2,true
return,10602,4.707,-809.78515625,link-2,true
return,10603,3.248,-809.78515625,link-2,true
return,10604,3.344,-809.78515625,link-2,true
return,10605,3.449,-809.78515625,link-2,true
return,10606,3.224,-809.78515625,link-2,true
return,10607,6.281,-809.29443359375,link-2,true
return,10608,2.403,-809.29443359375,link-2,true
return,10609,3.343,-809.29443359375,link-2,true
return,10610,3.439,-809.29443359375,link-2,true
return,10611,5.787,-808.802307128906,link-2,true
return,10612,2.66,-808.802307128906,link-2,true
return,10613,3.389,-808.802307128906,link-2,true
return,10614,3.469,-808.802307128906,link-2,true
return,10615,4.383,-808.310668945312,link-2,true
return,10616,3.565,-808.310668945312,link-2,true
return,10617,3.41,-808.310668945312,link-2,true
return,10618,3.336,-808.310668945312,link-2,true
return,10619,3.599,-808.310668945312,link-2,true
return,10620,5.452,-807.819396972656,link-2,true
return,10621,2.668,-807.819396972656,link-2,true
return,10622,3.622,-807.819396972656,link-2,true
return,10623,3.627,-807.819396972656,link-2,true
return,10624,4.451,-807.32861328125,link-2,true
return,10625,3.61,-807.32861328125,link-2,true
return,10626,3.413,-807.32861328125,link-2,true
return,10627,3.521,-807.32861328125,link-2,true
return,10628,3.299,-807.32861328125,link-2,true
return,10629,5.719,-806.83642578125,link-2,true
return,10630,3.032,-806.83642578125,link-2,true
return,10631,3.142,-806.83642578125,link-2,true
return,10632,3.379,-806.83642578125,link-2,true
return,10633,4.773,-806.344665527344,link-2,true
return,10634,2.777,-806.344665527344,link-2,true
return,10635,3.527,-806.344665527344,link-2,true
return,10636,3.702,-806.344665527344,link-2,true
return,10637,3.459,-806.344665527344,link-2,true
return,10638,5.99,-805.853393554688,link-2,true
return,10639,2.775,-805.853393554688,link-2,true
return,10640,3.166,-805.853393554688,link-2,true
return,10641,3.164,-805.853393554688,link-2,true
return,10642,3.78,-805.362487792969,link-2,true
return,10643,16.28,-805.362487792969,link-2,true
return,10644,15.324,-804.870239257812,link-2,true
return,10645,17.958,-804.37841796875,link-2,true
return,10646,17.671,-803.887023925781,link-2,true
return,10647,14.913,-803.396057128906,link-2,true
return,10648,18.206,-802.903686523438,link-2,true
return,10649,17.246,-802.411743164062,link-2,true
return,10650,14.914,-801.920227050781,link-2,true
return,10651,18.051,-801.42919921875,link-2,true
return,10652,17.665,-800.936706542969,link-2,true
return,10653,14.984,-800.444702148438,link-2,true
return,10654,18.028,-799.953125,link-2,true
return,10655,17.543,-799.461975097656,link-2,true
return,10656,15.043,-798.969421386719,link-2,true
return,10657,17.825,-798.477294921875,link-2,true
return,10658,21.098,-797.985595703125,link-2,true
return,10659,14.499,-797.494323730469,link-2,true
return,10660,18.097,-797.001586914062,link-2,true
return,10661,17.287,-796.509338378906,link-2,true
return,10662,15.204,-796.017517089844,link-2,true
return,10663,18.037,-795.526123046875,link-2,true
return,10664,17.374,-795.033264160156,link-2,true
return,10665,15.109,-794.540893554688,link-2,true
return,10666,17.89,-794.048950195312,link-2,true
return,10667,17.497,-793.557434082031,link-2,true
return,10668,15.158,-793.064514160156,link-2,true
return,10669,18.299,-792.572021484375,link-2,true
return,10670,17.057,-792.079956054688,link-2,true
return,10671,15.154,-791.588256835938,link-2,true
return,10672,18.817,-790.600708007812,link-2,true
return,10673,16.93,-790.106628417969,link-2,true
return,10674,15.336,-789.612976074219,link-2,true
return,10675,18.007,-789.119812011719,link-2,true
return,10676,17.608,-788.627075195312,link-2,true
return,10677,15.081,-788.134765625,link-2,true
return,10678,18.166,-787.642822265625,link-2,true
return,10679,17.697,-787.149475097656,link-2,true
return,10680,14.987,-786.656555175781,link-2,true
return,10681,17.869,-786.1640625,link-2,true
return,10682,21.498,-785.672058105469,link-2,true
return,10683,14.64,-785.178588867188,link-2,true
return,10684,18.262,-784.685546875,link-2,true
return,10685,17.254,-784.192932128906,link-2,true
return,10686,15.168,-783.700744628906,link-2,true
return,10687,18.307,-783.207153320312,link-2,true
return,10688,17.31,-782.713989257812,link-2,true
return,10689,15.299,-782.221252441406,link-2,true
return,10690,17.791,-781.728881835938,link-2,true
return,10691,18.233,-780.739929199219,link-2,true
return,10692,14.547,-780.245178222656,link-2,true
return,10693,18.16,-779.750854492188,link-2,true
return,10694,17.404,-779.256958007812,link-2,true
return,10695,15.187,-778.763488769531,link-2,true
return,10696,17.984,-778.270446777344,link-2,true
return,10697,17.718,-777.77783203125,link-2,true
return,10698,14.79,-777.283813476562,link-2,true
return,10699,18.21,-776.790222167969,link-2,true
return,10700,17.375,-776.297058105469,link-2,true
return,10701,15.042,-775.804321289062,link-2,true
return,10702,17.948,-775.310119628906,link-2,true
return,10703,17.563,-774.816345214844,link-2,true
return,10704,15.292,-774.323059082031,link-2,true
return,10705,17.836,-773.830139160156,link-2,true
return,10706,17.355,-773.335815429688,link-2,true
return,10707,15.05,-772.841918945312,link-2,true
return,10708,18.028,-772.348449707031,link-2,true
return,10709,17.407,-771.855407714844,link-2,true
return,10710,15.464,-771.360961914062,link-2,true
return,10711,17.723,-770.866943359375,link-2,true
return,10712,17.754,-770.373352050781,link-2,true
return,10713,15.024,-769.880187988281,link-2,true
return,10714,17.799,-769.385559082031,link-2,true
return,10715,17.553,-768.891357421875,link-2,true
return,10716,15.272,-768.397583007812,link-2,true
return,10717,18.281,-767.904235839844,link-2,true
return,10718,17.446,-767.409484863281,link-2,true
return,10719,15.069,-766.915161132812,link-2,true
return,10720,18.127,-766.421264648438,link-2,true
return,10721,17.575,-765.927795410156,link-2,true
return,10722,15.509,-765.432922363281,link-2,true
return,10723,17.89,-764.9384765625,link-2,true
return,10724,17.155,-764.444458007812,link-2,true
return,10725,15.162,-763.950866699219,link-2,true
return,10726,18.41,-763.455871582031,link-2,true
return,10727,17.233,-762.961242675781,link-2,true
return,10728,15.456,-762.467041015625,link-2,true
return,10729,18.201,-761.973266601562,link-2,true
return,10730,17.582,-761.478088378906,link-2,true
return,10731,15.352,-760.983337402344,link-2,true
return,10732,18.17,-760.489013671875,link-2,true
return,10733,17.707,-759.9951171875,link-2,true
return,10734,15.059,-759.499816894531,link-2,true
return,10735,18.368,-759.004943847656,link-2,true
return,10736,6.513,-758.510498046875,link-2,true
return,10737,3.655,-758.510498046875,link-2,true
return,10738,3.241,-758.510498046875,link-2,true
return,10739,4.364,-758.016479492188,link-2,true
return,10740,3.406,-758.016479492188,link-2,true
return,10741,3.814,-758.016479492188,link-2,true
return,10742,3.419,-758.016479492188,link-2,true
return,10743,4.424,-757.521057128906,link-2,true
return,10744,3.376,-757.521057128906,link-2,true
return,10745,4.287,-757.521057128906,link-2,true
return,10746,3.583,-757.521057128906,link-2,true
return,10747,4.317,-757.026062011719,link-2,true
return,10748,3.176,-757.026062011719,link-2,true
return,10749,2.915,-757.026062011719,link-2,true
return,10750,4.449,-757.026062011719,link-2,true
return,10751,3.433,-757.026062011719,link-2,true
return,10752,4.914,-756.531494140625,link-2,true
return,10753,3.489,-756.531494140625,link-2,true
return,10754,3.538,-756.531494140625,link-2,true
return,10755,3.413,-756.531494140625,link-2,true
return,10756,4.307,-756.037353515625,link-2,true
return,10757,3.425,-756.037353515625,link-2,true
return,10758,4.356,-756.037353515625,link-2,true
return,10759,3.418,-756.037353515625,link-2,true
return,10760,3.557,-756.037353515625,link-2,true
return,10761,4.734,-755.543640136719,link-2,true
return,10762,2.871,-755.543640136719,link-2,true
return,10763,4.336,-755.543640136719,link-2,true
return,10764,3.3,-755.543640136719,link-2,true
return,10765,4.856,-755.048522949219,link-2,true
return,10766,3.84,-755.048522949219,link-2,true
return,10767,3.124,-755.048522949219,link-2,true
return,10768,3.529,-755.048522949219,link-2,true
return,10769,3.394,-755.048522949219,link-2,true
return,10770,4.532,-754.553833007812,link-2,true
return,10771,3.642,-754.553833007812,link-2,true
return,10772,4.471,-754.553833007812,link-2,true
return,10773,3.295,-754.553833007812,link-2,true
return,10774,4.508,-754.0595703125,link-2,true
return,10775,3.339,-754.0595703125,link-2,true
return,10776,3.794,-754.0595703125,link-2,true
return,10777,3.543,-754.0595703125,link-2,true
return,10778,3.399,-754.0595703125,link-2,true
return,10779,4.498,-753.565734863281,link-2,true
return,10780,3.841,-753.565734863281,link-2,true
return,10781,3.597,-753.565734863281,link-2,true
return,10782,3.583,-753.565734863281,link-2,true
return,10783,4.553,-753.070495605469,link-2,true
return,10784,2.849,-753.070495605469,link-2,true
return,10785,3.87,-753.070495605469,link-2,true
return,10786,3.577,-753.070495605469,link-2,true
return,10787,3.631,-753.070495605469,link-2,true
return,10788,4.491,-752.57568359375,link-2,true
return,10789,4.116,-752.57568359375,link-2,true
return,10790,3.361,-752.57568359375,link-2,true
return,10791,4.295,-752.57568359375,link-2,true
return,10792,3.716,-752.081298828125,link-2,true
return,10793,3.168,-752.081298828125,link-2,true
return,10794,3.023,-752.081298828125,link-2,true
return,10795,7.035,-752.081298828125,link-2,true
return,10796,3.548,-752.081298828125,link-2,true
return,10797,4.265,-751.587341308594,link-2,true
return,10798,3.279,-751.587341308594,link-2,true
return,10799,4.103,-751.587341308594,link-2,true
return,10800,3.337,-751.587341308594,link-2,true
return,10801,3.834,-751.091979980469,link-2,true
return,10802,3.792,-751.091979980469,link-2,true
return,10803,3.43,-751.091979980469,link-2,true
return,10804,3.314,-751.091979980469,link-2,true
return,10805,3.718,-751.091979980469,link-2,true
return,10806,6.028,-750.597045898438,link-2,true
return,10807,3.268,-750.597045898438,link-2,true
return,10808,3.204,-750.597045898438,link-2,true
return,10809,3.605,-750.597045898438,link-2,true
return,10810,5.376,-750.1025390625,link-2,true
return,10811,2.636,-750.1025390625,link-2,true
return,10812,3.333,-750.1025390625,link-2,true
return,10813,3.792,-750.1025390625,link-2,true
return,10814,3.356,-750.1025390625,link-2,true
return,10815,5.47,-749.608459472656,link-2,true
return,10816,3.335,-749.608459472656,link-2,true
return,10817,3.06,-749.608459472656,link-2,true
return,10818,3.182,-749.608459472656,link-2,true
return,10819,6.087,-749.112976074219,link-2,true
return,10820,2.786,-749.112976074219,link-2,true
return,10821,3.055,-749.112976074219,link-2,true
return,10822,3.708,-749.112976074219,link-2,true
return,10823,3.371,-749.112976074219,link-2,true
return,10824,5.287,-748.617980957031,link-2,true
return,10825,3.475,-748.617980957031,link-2,true
return,10826,3.204,-748.617980957031,link-2,true
return,10827,4.293,-748.617980957031,link-2,true
return,10828,4.151,-748.123413085938,link-2,true
return,10829,2.732,-748.123413085938,link-2,true
return,10830,3.602,-748.123413085938,link-2,true
return,10831,3.404,-748.123413085938,link-2,true
return,10832,3.424,-748.123413085938,link-2,true
return,10833,5.179,-747.629272460938,link-2,true
return,10834,2.862,-747.629272460938,link-2,true
return,10835,3.208,-747.629272460938,link-2,true
return,10836,3.559,-747.629272460938,link-2,true
return,10837,5.921,-747.133728027344,link-2,true
return,10838,3.109,-747.133728027344,link-2,true
return,10839,2.885,-747.133728027344,link-2,true
return,10840,3.49,-747.133728027344,link-2,true
return,10841,5.487,-746.638610839844,link-2,true
return,10842,2.878,-746.638610839844,link-2,true
return,10843,3.371,-746.638610839844,link-2,true
return,10844,3.665,-746.638610839844,link-2,true
return,10845,3.329,-746.638610839844,link-2,true
return,10846,5.746,-746.143920898438,link-2,true
return,10847,3.172,-746.143920898438,link-2,true
return,10848,3.272,-746.143920898438,link-2,true
return,10849,2.817,-746.143920898438,link-2,true
return,10850,6.01,-745.649658203125,link-2,true
return,10851,2.948,-745.649658203125,link-2,true
return,10852,3.181,-745.649658203125,link-2,true
return,10853,3.538,-745.649658203125,link-2,true
return,10854,3.471,-745.649658203125,link-2,true
return,10855,5.003,-745.153991699219,link-2,true
return,10856,2.523,-745.153991699219,link-2,true
return,10857,3.824,-745.153991699219,link-2,true
return,10858,3.493,-745.153991699219,link-2,true
return,10859,5.943,-744.658752441406,link-2,true
return,10860,2.828,-744.658752441406,link-2,true
return,10861,3.399,-744.658752441406,link-2,true
return,10862,3.675,-744.658752441406,link-2,true
return,10863,5.568,-744.164001464844,link-2,true
return,10864,2.843,-744.164001464844,link-2,true
return,10865,3.189,-744.164001464844,link-2,true
return,10866,3.519,-744.164001464844,link-2,true
return,10867,3.51,-744.164001464844,link-2,true
return,10868,5.716,-743.669677734375,link-2,true
return,10869,3.104,-743.669677734375,link-2,true
return,10870,2.744,-743.669677734375,link-2,true
return,10871,4.223,-743.669677734375,link-2,true
return,10872,4.856,-743.173950195312,link-2,true
return,10873,2.993,-743.173950195312,link-2,true
return,10874,2.771,-743.173950195312,link-2,true
return,10875,3.63,-743.173950195312,link-2,true
return,10876,3.383,-743.173950195312,link-2,true
return,10877,5.258,-742.678649902344,link-2,true
return,10878,3.11,-742.678649902344,link-2,true
return,10879,3.832,-742.678649902344,link-2,true
return,10880,5.76,-742.678649902344,link-2,true
return,10881,3.899,-742.183776855469,link-2,true
return,10882,2.946,-742.183776855469,link-2,true
return,10883,2.705,-742.183776855469,link-2,true
return,10884,3.135,-742.183776855469,link-2,true
return,10885,3.323,-742.183776855469,link-2,true
return,10886,5.381,-741.689392089844,link-2,true
return,10887,2.775,-741.689392089844,link-2,true
return,10888,3.149,-741.689392089844,link-2,true
return,10889,3.565,-741.689392089844,link-2,true
return,10890,6.02,-741.193542480469,link-2,true
return,10891,2.585,-741.193542480469,link-2,true
return,10892,3.557,-741.193542480469,link-2,true
return,10893,3.555,-741.193542480469,link-2,true
return,10894,6.117,-740.698181152344,link-2,true
return,10895,3.364,-740.698181152344,link-2,true
return,10896,2.807,-740.698181152344,link-2,true
return,10897,3.425,-740.698181152344,link-2,true
return,10898,3.602,-740.698181152344,link-2,true
return,10899,7.937,-740.203247070312,link-2,true
return,10900,2.632,-740.203247070312,link-2,true
return,10901,3.117,-740.203247070312,link-2,true
return,10902,3.895,-740.203247070312,link-2,true
return,10903,4.64,-739.708740234375,link-2,true
return,10904,2.758,-739.708740234375,link-2,true
return,10905,3.281,-739.708740234375,link-2,true
return,10906,3.295,-739.708740234375,link-2,true
return,10907,5.593,-739.212829589844,link-2,true
return,10908,3.066,-739.212829589844,link-2,true
return,10909,3.138,-739.212829589844,link-2,true
return,10910,3.459,-739.212829589844,link-2,true
return,10911,3.463,-739.212829589844,link-2,true
return,10912,5.123,-738.717407226562,link-2,true
return,10913,3.011,-738.717407226562,link-2,true
return,10914,3.467,-738.717407226562,link-2,true
return,10915,3.184,-738.717407226562,link-2,true
return,10916,5.51,-738.222412109375,link-2,true
return,10917,2.788,-738.222412109375,link-2,true
return,10918,3.161,-738.222412109375,link-2,true
return,10919,3.687,-738.222412109375,link-2,true
return,10920,3.446,-738.222412109375,link-2,true
return,10921,5.216,-737.727844238281,link-2,true
return,10922,2.89,-737.727844238281,link-2,true
return,10923,3.367,-737.727844238281,link-2,true
return,10924,3.456,-737.727844238281,link-2,true
return,10925,5.963,-737.231872558594,link-2,true
return,10926,3.082,-737.231872558594,link-2,true
return,10927,2.69,-737.231872558594,link-2,true
return,10928,3.468,-737.231872558594,link-2,true
return,10929,3.418,-737.231872558594,link-2,true
return,10930,5.443,-736.736389160156,link-2,true
return,10931,3.247,-736.736389160156,link-2,true
return,10932,3.527,-736.736389160156,link-2,true
return,10933,2.855,-736.736389160156,link-2,true
return,10934,5.926,-736.241333007812,link-2,true
return,10935,3.015,-736.241333007812,link-2,true
return,10936,3.186,-736.241333007812,link-2,true
return,10937,3.847,-736.241333007812,link-2,true
return,10938,5.219,-735.746765136719,link-2,true
return,10939,2.862,-735.746765136719,link-2,true
return,10940,3.459,-735.746765136719,link-2,true
return,10941,3.601,-735.746765136719,link-2,true
return,10942,3.323,-735.746765136719,link-2,true
return,10943,5.661,-735.250793457031,link-2,true
return,10944,2.918,-735.250793457031,link-2,true
return,10945,2.939,-735.250793457031,link-2,true
return,10946,3.616,-735.250793457031,link-2,true
return,10947,5.584,-734.755249023438,link-2,true
return,10948,3.069,-734.755249023438,link-2,true
return,10949,3.349,-734.755249023438,link-2,true
return,10950,3.638,-734.755249023438,link-2,true
return,10951,5.541,-734.260131835938,link-2,true
return,10952,2.852,-734.260131835938,link-2,true
return,10953,3.12,-734.260131835938,link-2,true
return,10954,3.85,-734.260131835938,link-2,true
return,10955,3.607,-734.260131835938,link-2,true
return,10956,5.461,-733.765502929688,link-2,true
return,10957,3.109,-733.765502929688,link-2,true
return,10958,2.973,-733.765502929688,link-2,true
return,10959,3.189,-733.765502929688,link-2,true
return,10960,6.082,-733.269470214844,link-2,true
return,10961,2.831,-733.269470214844,link-2,true
return,10962,3.648,-733.269470214844,link-2,true
return,10963,3.428,-733.269470214844,link-2,true
return,10964,5.211,-732.773864746094,link-2,true
return,10965,2.963,-732.773864746094,link-2,true
return,10966,3.442,-732.773864746094,link-2,true
return,10967,3.682,-732.773864746094,link-2,true
return,10968,3.546,-732.773864746094,link-2,true
return,10969,5.726,-732.278747558594,link-2,true
return,10970,2.842,-732.278747558594,link-2,true
return,10971,3.077,-732.278747558594,link-2,true
return,10972,3.5,-732.278747558594,link-2,true
return,10973,6.525,-731.784057617188,link-2,true
return,10974,3.916,-731.784057617188,link-2,true
return,10975,3.768,-731.784057617188,link-2,true
return,10976,4.21,-731.784057617188,link-2,true
return,10977,4.366,-731.287963867188,link-2,true
return,10978,4.287,-731.287963867188,link-2,true
return,10979,3.285,-731.287963867188,link-2,true
return,10980,3.576,-731.287963867188,link-2,true
return,10981,4.84,-730.792358398438,link-2,true
return,10982,3.172,-730.792358398438,link-2,true
return,10983,4.174,-730.792358398438,link-2,true
return,10984,3.286,-730.792358398438,link-2,true
return,10985,4.746,-730.297180175781,link-2,true
return,10986,2.755,-730.297180175781,link-2,true
return,10987,3.453,-730.297180175781,link-2,true
return,10988,3.43,-730.297180175781,link-2,true
return,10989,3.691,-730.297180175781,link-2,true
return,10990,5.706,-729.802490234375,link-2,true
return,10991,2.855,-729.802490234375,link-2,true
return,10992,4.125,-729.802490234375,link-2,true
return,10993,3.248,-729.802490234375,link-2,true
return,10994,5.517,-729.306396484375,link-2,true
return,10995,2.974,-729.306396484375,link-2,true
return,10996,3.2,-729.306396484375,link-2,true
return,10997,3.522,-729.306396484375,link-2,true
return,10998,3.584,-729.306396484375,link-2,true
return,10999,4.884,-728.810791015625,link-2,true
return,11000,2.811,-728.810791015625,link-2,true
return,11001,3.945,-728.810791015625,link-2,true
return,11002,3.317,-728.810791015625,link-2,true
return,11003,5.997,-728.315612792969,link-2,true
return,11004,2.812,-728.315612792969,link-2,true
return,11005,3.218,-728.315612792969,link-2,true
return,11006,3.705,-728.315612792969,link-2,true
return,11007,5.149,-727.820922851562,link-2,true
return,11008,3.059,-727.820922851562,link-2,true
return,11009,3.64,-727.820922851562,link-2,true
return,11010,3.546,-727.820922851562,link-2,true
return,11011,3.558,-727.820922851562,link-2,true
return,11012,5.286,-727.324829101562,link-2,true
return,11013,2.82,-727.324829101562,link-2,true
return,11014,3.493,-727.324829101562,link-2,true
return,11015,3.435,-727.324829101562,link-2,true
return,11016,5.661,-726.829162597656,link-2,true
return,11017,3.253,-726.829162597656,link-2,true
return,11018,2.806,-726.829162597656,link-2,true
return,11019,3.799,-726.829162597656,link-2,true
return,11020,5.312,-726.333984375,link-2,true
return,11021,3.463,-726.333984375,link-2,true
return,11022,3.616,-726.333984375,link-2,true
return,11023,4.408,-726.333984375,link-2,true
return,11024,3.189,-726.333984375,link-2,true
return,11025,4.357,-725.839294433594,link-2,true
return,11026,3.393,-725.839294433594,link-2,true
return,11027,3.383,-725.839294433594,link-2,true
return,11028,3.722,-725.839294433594,link-2,true
return,11029,4.468,-725.343200683594,link-2,true
return,11030,4.389,-725.343200683594,link-2,true
return,11031,3.87,-725.343200683594,link-2,true
return,11032,4.345,-725.343200683594,link-2,true
return,11033,5.09,-724.847595214844,link-2,true
return,11034,4.85,-724.847595214844,link-2,true
return,11035,6.798,-724.847595214844,link-2,true
return,11036,4.531,-724.847595214844,link-2,true
return,11037,6.407,-724.352416992188,link-2,true
return,11038,8.914,-724.352416992188,link-2,true
return,11039,10.765,-723.857727050781,link-2,true
return,11040,12.292,-723.857727050781,link-2,true
return,11041,6.637,-723.361633300781,link-2,true
return,11042,4.49,-723.361633300781,link-2,true
return,11043,7.148,-722.866027832031,link-2,true
return,11044,6.795,-722.866027832031,link-2,true
return,11045,8.585,-722.866027832031,link-2,true
return,11046,4.293,-722.370849609375,link-2,true
return,11047,3.783,-722.370849609375,link-2,true
return,11048,6.062,-721.876159667969,link-2,true
return,11049,2.943,-721.876159667969,link-2,true
return,11050,4.455,-721.380065917969,link-2,true
return,11051,3.353,-721.380065917969,link-2,true
return,11052,5.654,-721.380065917969,link-2,true
return,11053,5.315,-720.884460449219,link-2,true
return,11054,6.084,-720.884460449219,link-2,true
return,11055,3.62,-720.884460449219,link-2,true
return,11056,4.554,-720.884460449219,link-2,true
return,11057,5.299,-720.389343261719,link-2,true
return,11058,3.766,-720.389343261719,link-2,true
return,11059,4.637,-720.389343261719,link-2,true
return,11060,4.593,-719.894714355469,link-2,true
return,11061,4.682,-719.894714355469,link-2,true
return,11062,4.993,-719.894714355469,link-2,true
return,11063,4.014,-719.894714355469,link-2,true
return,11064,5.083,-719.398681640625,link-2,true
return,11065,3.765,-719.398681640625,link-2,true
return,11066,3.802,-719.398681640625,link-2,true
return,11067,3.264,-719.398681640625,link-2,true
return,11068,6.348,-718.903137207031,link-2,true
return,11069,3.709,-718.903137207031,link-2,true
return,11070,3.039,-718.903137207031,link-2,true
return,11071,2.901,-718.903137207031,link-2,true
return,11072,2.89,-718.903137207031,link-2,true
return,11073,4.407,-718.408081054688,link-2,true
return,11074,3.195,-718.408081054688,link-2,true
return,11075,4.332,-718.408081054688,link-2,true
return,11076,3.448,-718.408081054688,link-2,true
return,11077,4.794,-717.913513183594,link-2,true
return,11078,3.553,-717.913513183594,link-2,true
return,11079,3.693,-717.913513183594,link-2,true
return,11080,3.348,-717.913513183594,link-2,true
return,11081,3.412,-717.913513183594,link-2,true
return,11082,4.15,-717.417541503906,link-2,true
return,11083,4.213,-717.417541503906,link-2,true
return,11084,3.628,-717.417541503906,link-2,true
return,11085,3.422,-717.417541503906,link-2,true
return,11086,4.408,-716.922058105469,link-2,true
return,11087,2.768,-716.922058105469,link-2,true
return,11088,4.828,-716.922058105469,link-2,true
return,11089,3.419,-716.922058105469,link-2,true
return,11090,3.519,-716.922058105469,link-2,true
return,11091,4.395,-716.427001953125,link-2,true
return,11092,3.774,-716.427001953125,link-2,true
return,11093,3.531,-716.427001953125,link-2,true
return,11094,3.489,-716.427001953125,link-2,true
return,11095,4.396,-715.932434082031,link-2,true
return,11096,3.642,-715.932434082031,link-2,true
return,11097,3.497,-715.932434082031,link-2,true
return,11098,3.626,-715.932434082031,link-2,true
return,11099,3.526,-715.932434082031,link-2,true
return,11100,4.395,-715.4365234375,link-2,true
return,11101,4.163,-715.4365234375,link-2,true
return,11102,3.498,-715.4365234375,link-2,true
return,11103,3.637,-715.4365234375,link-2,true
return,11104,4.407,-714.941101074219,link-2,true
return,11105,4.429,-714.941101074219,link-2,true
return,11106,3.442,-714.941101074219,link-2,true
return,11107,3.445,-714.941101074219,link-2,true
return,11108,3.625,-714.941101074219,link-2,true
return,11109,4.176,-714.446166992188,link-2,true
return,11110,4.514,-714.446166992188,link-2,true
return,11111,3.549,-714.446166992188,link-2,true
return,11112,3.599,-714.446166992188,link-2,true
return,11113,4.353,-713.951721191406,link-2,true
return,11114,4.529,-713.951721191406,link-2,true
return,11115,3.475,-713.951721191406,link-2,true
return,11116,3.589,-713.951721191406,link-2,true
return,11117,3.425,-713.951721191406,link-2,true
return,11118,5.476,-713.455871582031,link-2,true
return,11119,3.031,-713.455871582031,link-2,true
return,11120,3.472,-713.455871582031,link-2,true
return,11121,3.569,-713.455871582031,link-2,true
return,11122,5.959,-712.960510253906,link-2,true
return,11123,2.989,-712.960510253906,link-2,true
return,11124,3.157,-712.960510253906,link-2,true
return,11125,3.623,-712.960510253906,link-2,true
return,11126,3.628,-712.960510253906,link-2,true
return,11127,5.582,-712.465637207031,link-2,true
return,11128,3.195,-712.465637207031,link-2,true
return,11129,3.064,-712.465637207031,link-2,true
return,11130,3.338,-712.465637207031,link-2,true
return,11131,3.86,-711.971252441406,link-2,true
return,11132,3.697,-711.971252441406,link-2,true
return,11133,3.669,-711.971252441406,link-2,true
return,11134,17.95,-711.475463867188,link-2,true
return,11135,14.002,-711.475463867188,link-2,true
return,11136,20.514,-710.4853515625,link-2,true
return,11137,18.769,-709.991027832031,link-2,true
return,11138,14.966,-709.495300292969,link-2,true
return,11139,24.954,-708.505432128906,link-2,true
return,11140,14.28,-708.01123046875,link-2,true
return,11141,26.886,-707.515686035156,link-2,true
return,11142,24.699,-706.526000976562,link-2,true
return,11143,26.144,-706.031921386719,link-2,true
return,11144,25.86,-705.536437988281,link-2,true
return,11145,32.568,-704.547058105469,link-2,true
return,11146,24.565,-703.559631347656,link-2,true
return,11147,27.544,-703.064819335938,link-2,true
return,11148,15.008,-702.07666015625,link-2,true
return,11149,38.492,-701.0849609375,link-2,true
return,11150,14.375,-700.588928222656,link-2,true
return,11151,27.177,-699.598327636719,link-2,true
return,11152,18.496,-699.103820800781,link-2,true
return,11153,26.487,-698.116271972656,link-2,true
return,11154,27.137,-697.621398925781,link-2,true
return,11155,24.159,-696.633117675781,link-2,true
return,11156,26.392,-696.139770507812,link-2,true
return,11157,22.781,-695.148986816406,link-2,true
return,11158,14.542,-694.653442382812,link-2,true
return,11159,23.62,-694.158386230469,link-2,true
return,11160,14.503,-693.663879394531,link-2,true
return,11161,27.08,-692.676391601562,link-2,true
return,11162,24.046,-692.183410644531,link-2,true
return,11163,15.199,-691.689086914062,link-2,true
return,11164,33.94,-690.701965332031,link-2,true
return,11165,13.932,-690.209167480469,link-2,true
return,11166,26.282,-689.715026855469,link-2,true
return,11167,24.115,-688.728332519531,link-2,true
return,11168,14.8,-688.235778808594,link-2,true
return,11169,18.315,-687.741882324219,link-2,true
return,11170,17.671,-687.248474121094,link-2,true
return,11171,15.316,-686.755615234375,link-2,true
return,11172,17.995,-686.263244628906,link-2,true
return,11173,17.563,-685.76953125,link-2,true
return,11174,15.216,-685.2763671875,link-2,true
return,11175,18.236,-684.78369140625,link-2,true
return,11176,17.341,-684.291564941406,link-2,true
return,11177,15.213,-683.798095703125,link-2,true
return,11178,18.134,-683.30517578125,link-2,true
return,11179,17.366,-682.812744140625,link-2,true
return,11180,15.393,-682.320861816406,link-2,true
return,11181,18.011,-681.82763671875,link-2,true
return,11182,17.649,-681.334899902344,link-2,true
return,11183,14.982,-680.842712402344,link-2,true
return,11184,23.613,-680.35107421875,link-2,true
return,11185,14.607,-679.858093261719,link-2,true
return,11186,18.614,-679.365600585938,link-2,true
return,11187,17.517,-678.873657226562,link-2,true
return,11188,15.096,-678.382263183594,link-2,true
return,11189,18.461,-677.889526367188,link-2,true
return,11190,17.482,-677.397277832031,link-2,true
return,11191,15.213,-676.905578613281,link-2,true
return,11192,18.005,-676.414428710938,link-2,true
return,11193,18.377,-675.921936035156,link-2,false
return,11194,14.369,-675.429992675781,link-2,false
return,11195,25.816,-674.938537597656,link-2,false
return,11196,23.899,-673.957214355469,link-2,false
return,11197,101.285,-671.485412597656,link-2,false
return,11198,14.044,-670.493041992188,link-2,false
return,11199,49.309,-669.008483886719,link-2,false
return,11200,13.079,-668.514709472656,link-2,false
return,11201,50.338,-667.528747558594,link-2,false
return,11202,14.252,-667.036560058594,link-2,false
return,11203,41.685,-666.053771972656,link-2,false
return,11204,14.491,-665.073120117188,link-2,false
return,11205,32.541,-664.583618164062,link-2,false
return,11206,17.303,-663.6005859375,link-2,false
return,11207,15.478,-663.108947753906,link-2,false
return,11208,15.822,-662.617858886719,link-2,false
return,11209,17.575,-662.127319335938,link-2,false
return,11210,15.45,-661.637268066406,link-2,false
return,11211,13.943,-661.147766113281,link-2,false
return,11212,21.23,-660.658813476562,link-2,false
return,11213,22.705,-660.168518066406,link-2,false
return,11214,13.081,-659.678771972656,link-2,false
return,11215,19.287,-658.700866699219,link-2,false
return,11216,14.173,-658.700866699219,link-2,false
return,11217,25.169,-658.210876464844,link-2,false
return,11218,10.54,-657.721374511719,link-2,false
return,11219,27.055,-657.232421875,link-2,false
return,11220,26.896,-656.256103515625,link-2,false
return,11221,11.533,-655.766906738281,link-2,false
return,11222,24.385,-655.278259277344,link-2,false
return,11223,16.45,-654.790100097656,link-2,false
return,11224,17.707,-654.300659179688,link-2,false
return,11225,23.464,-653.811706542969,link-2,false
return,11226,33.065,-652.83544921875,link-2,false
return,11227,16.814,-652.346252441406,link-2,false
return,11228,21.837,-651.369445800781,link-2,false
return,11229,19.667,-650.8818359375,link-2,false
return,11230,22.709,-650.392944335938,link-2,false
return,11231,15.193,-649.416687011719,link-2,false
return,11232,21.735,-648.929382324219,link-2,false
return,11233,15.56,-648.442565917969,link-2,false
return,11234,19.227,-647.954467773438,link-2,false
return,11235,18.273,-646.979797363281,link-2,false
return,11236,12.208,-646.979797363281,link-2,false
return,11237,22.694,-646.493225097656,link-2,false
return,11238,22.478,-646.00537109375,link-2,false
return,11239,22.228,-645.518005371094,link-2,false
return,11240,38.036,-644.059143066406,link-2,false
return,11241,14.098,-643.083679199219,link-2,false
return,11242,25.616,-642.595825195312,link-2,false
return,11243,14.676,-642.108459472656,link-2,false
return,11244,20.041,-641.621643066406,link-2,false
return,11245,20.309,-641.135375976562,link-2,false
return,11246,15.11,-640.649597167969,link-2,false
return,11247,19.292,-640.162475585938,link-2,false
return,11248,16.558,-639.675903320312,link-2,false
return,11249,14.891,-639.189819335938,link-2,false
return,11250,17.264,-638.704223632812,link-2,false
return,11251,20.905,-637.729064941406,link-2,false
return,11252,21.14,-637.241394042969,link-2,false
return,11253,15.681,-636.754211425781,link-2,false
return,11254,31.011,-636.267578125,link-2,false
return,11255,71.355,-634.326110839844,link-2,false
return,11256,55.898,-632.374572753906,link-2,false
return,11257,12.637,-631.88525390625,link-2,false
return,11258,30.533,-631.396423339844,link-2,false
return,11259,22.933,-630.420288085938,link-2,false
return,11260,13.341,-629.932983398438,link-2,false
return,11261,14.779,-629.446166992188,link-2,false
return,11262,14.549,-628.959899902344,link-2,false
return,11263,14.504,-628.47412109375,link-2,false
return,11264,14.742,-627.988830566406,link-2,false
return,11265,14.399,-627.504028320312,link-2,false
return,11266,14.049,-627.504028320312,link-2,false
return,11267,15.33,-627.019714355469,link-2,false
return,11268,14.38,-626.534057617188,link-2,false
return,11269,14.557,-626.048950195312,link-2,false
return,11270,14.595,-625.564331054688,link-2,false
return,11271,14.543,-625.080200195312,link-2,false
return,11272,14.788,-624.5947265625,link-2,false
return,11273,14.512,-624.109741210938,link-2,false
return,11274,13.906,-624.109741210938,link-2,false
return,11275,15.133,-623.625305175781,link-2,false
return,11276,14.598,-623.141357421875,link-2,false
return,11277,14.869,-622.656066894531,link-2,false
return,11278,14.468,-622.171264648438,link-2,false
return,11279,14.331,-621.686950683594,link-2,false
return,11280,14.224,-621.203125,link-2,false
return,11281,21.668,-620.717956542969,link-2,false
return,11282,22.834,-620.233337402344,link-2,false
return,11283,17.095,-620.233337402344,link-2,false
return,11284,15.135,-619.749206542969,link-2,false
return,11285,17.177,-619.265563964844,link-2,false
return,11286,17.577,-618.780578613281,link-2,false
return,11287,14.496,-618.296081542969,link-2,false
return,11288,17.422,-617.812072753906,link-2,false
return,11289,17.665,-617.328552246094,link-2,false
return,11290,14.426,-616.843688964844,link-2,false
return,11291,17.653,-616.359313964844,link-2,false
return,11292,17.414,-615.875427246094,link-2,false
return,11293,14.615,-615.392028808594,link-2,false
return,11294,14.251,-614.9072265625,link-2,false
return,11295,14.642,-614.422912597656,link-2,false
return,11296,14.843,-613.939086914062,link-2,false
return,11297,14.155,-613.455749511719,link-2,false
return,11298,14.743,-612.971069335938,link-2,false
return,11299,14.402,-612.486877441406,link-2,false
return,11300,14.613,-612.003173828125,link-2,false
return,11301,14.802,-611.519958496094,link-2,false
return,11302,13.884,-611.519958496094,link-2,false
return,11303,15.139,-611.035339355469,link-2,false
return,11304,17.015,-610.551208496094,link-2,false
return,11305,17.323,-610.067565917969,link-2,false
return,11306,17.274,-609.584411621094,link-2,false
return,11307,17.71,-609.099914550781,link-2,false
return,11308,16.522,-608.615844726562,link-2,false
return,11309,17.11,-608.132263183594,link-2,false
return,11310,17.193,-607.649169921875,link-2,false
return,11311,17.132,-607.164672851562,link-2,false
return,11312,23.252,-606.6806640625,link-2,false
return,11313,23.171,-605.714050292969,link-2,false
return,11314,24.369,-605.229614257812,link-2,false
return,11315,24.081,-604.262145996094,link-2,false
return,11316,14.198,-603.779113769531,link-2,false
return,11317,14.243,-603.294738769531,link-2,false
return,11318,14.073,-602.810791015625,link-2,false
return,11319,33.91,-601.844421386719,link-2,false
return,11320,14.054,-601.360046386719,link-2,false
return,11321,23.289,-600.876159667969,link-2,false
return,11322,23.232,-599.90966796875,link-1,false
return,11323,22.457,-599.42529296875,link-1,false
return,11324,23.057,-598.94140625,link-1,false
return,11325,15.396,-597.974853515625,link-1,false
return,11326,28.039,-597.492309570312,link-1,false
return,11327,14.569,-597.008361816406,link-1,false
return,11328,23.018,-596.524841308594,link-1,false
return,11329,14.198,-596.041809082031,link-1,false
return,11330,14.525,-595.559204101562,link-1,false
return,11331,14.537,-595.0751953125,link-1,false
return,11332,14.498,-594.591674804688,link-1,false
return,11333,14.523,-594.108581542969,link-1,false
return,11334,14.653,-593.625915527344,link-1,false
return,11335,14.51,-593.141906738281,link-1,false
return,11336,14.656,-592.658325195312,link-1,false
return,11337,13.805,-592.658325195312,link-1,false
return,11338,15.123,-592.175170898438,link-1,false
return,11339,14.571,-591.692443847656,link-1,false
return,11340,14.453,-591.208312988281,link-1,false
return,11341,14.514,-590.724670410156,link-1,false
return,11342,14.489,-590.241455078125,link-1,false
return,11343,14.522,-589.758666992188,link-1,false
return,11344,14.504,-589.274536132812,link-1,false
return,11345,13.929,-589.274536132812,link-1,false
return,11346,15.15,-588.790771484375,link-1,false
return,11347,14.393,-588.307495117188,link-1,false
return,11348,14.558,-587.824645996094,link-1,false
return,11349,14.826,-587.340393066406,link-1,false
return,11350,14.414,-586.856567382812,link-1,false
return,11351,14.283,-586.373168945312,link-1,false
return,11352,14.103,-586.373168945312,link-1,false
return,11353,18.096,-585.890197753906,link-1,true
return,11354,12.815,-585.405822753906,link-1,true
return,11355,22.421,-584.921936035156,link-1,true
return,11356,40.361,-583.955322265625,link-1,true
return,11357,33.956,-582.984985351562,link-1,true
return,11358,26.232,-582.014526367188,link-1,true
return,11359,22.37,-581.529907226562,link-1,true
return,11360,25.679,-580.56201171875,link-1,true
return,11361,22.794,-579.595764160156,link-1,true
return,11362,21.757,-579.111450195312,link-1,true
return,11363,18.216,-578.627563476562,link-1,true
return,11364,14.885,-578.14404296875,link-1,true
return,11365,24.098,-577.1728515625,link-1,true
return,11366,13.944,-576.68701171875,link-1,true
return,11367,20.545,-576.201538085938,link-1,true
return,11368,18.312,-575.716552734375,link-1,true
return,11369,14.994,-575.23193359375,link-1,true
return,11370,18.84,-574.747680664062,link-1,true
return,11371,18.507,-574.263916015625,link-1,true
return,11372,14.605,-573.778686523438,link-1,true
return,11373,19.062,-573.293823242188,link-1,true
return,11374,17.184,-572.809448242188,link-1,true
return,11375,15.022,-572.325439453125,link-1,true
return,11376,20.865,-571.840026855469,link-1,true
return,11377,14.507,-571.355041503906,link-1,true
return,11378,20.76,-570.870422363281,link-1,true
return,11379,19.101,-570.38623046875,link-1,true
return,11380,19.12,-569.900634765625,link-1,true
return,11381,22.912,-569.415405273438,link-1,true
return,11382,15.017,-568.9306640625,link-1,true
return,11383,23.967,-567.962280273438,link-1,true
return,11384,22.533,-567.476867675781,link-1,true
return,11385,15.165,-566.991882324219,link-1,true
return,11386,23.477,-566.507263183594,link-1,true
return,11387,17.611,-566.021179199219,link-1,true
return,11388,15.364,-565.535583496094,link-1,true
return,11389,17.731,-565.050354003906,link-1,true
return,11390,21.01,-564.565490722656,link-1,true
return,11391,14.381,-564.079223632812,link-1,true
return,11392,18.21,-563.593383789062,link-1,true
return,11393,17.128,-563.10791015625,link-1,true
return,11394,15.071,-562.622802734375,link-1,true
return,11395,18.53,-561.6484375,link-1,true
return,11396,17.036,-561.160888671875,link-1,true
return,11397,14.938,-560.673767089844,link-1,true
return,11398,18.281,-560.187072753906,link-1,true
return,11399,17.598,-559.700744628906,link-1,true
return,11400,15.045,-559.214782714844,link-1,true
return,11401,18.347,-558.729187011719,link-1,true
return,11402,17.281,-558.2421875,link-1,true
return,11403,15.139,-557.755615234375,link-1,true
return,11404,18.351,-557.269409179688,link-1,true
return,11405,17.641,-556.783569335938,link-1,true
return,11406,15.083,-556.296325683594,link-1,true
return,11407,18.137,-555.809509277344,link-1,true
return,11408,17.455,-555.323059082031,link-1,true
return,11409,15.13,-554.836975097656,link-1,true
return,11410,18.152,-554.349487304688,link-1,true
return,11411,19.342,-553.862365722656,link-1,true
return,11412,15.289,-553.375671386719,link-1,true
return,11413,17.971,-552.889343261719,link-1,true
return,11414,17.435,-552.401550292969,link-1,true
return,11415,15.085,-551.914123535156,link-1,true
return,11416,17.845,-551.427124023438,link-1,true
return,11417,17.51,-550.940490722656,link-1,true
return,11418,15.034,-550.454284667969,link-1,true
return,11419,17.791,-549.966613769531,link-1,true
return,11420,17.494,-549.479309082031,link-1,true
return,11421,15.079,-548.992370605469,link-1,true
return,11422,18.201,-548.505859375,link-1,true
return,11423,17.148,-548.017883300781,link-1,true
return,11424,15.279,-547.530334472656,link-1,true
return,11425,17.907,-547.043151855469,link-1,true
return,11426,17.347,-546.556335449219,link-1,true
return,11427,15.094,-546.068054199219,link-1,true
return,11428,17.79,-545.580200195312,link-1,true
return,11429,17.275,-545.092712402344,link-1,true
return,11430,14.927,-544.605590820312,link-1,true
return,11431,18.197,-544.117065429688,link-1,true
return,11432,17.524,-543.62890625,link-1,true
return,11433,14.937,-543.14111328125,link-1,true
return,11434,17.978,-542.653747558594,link-1,true
return,11435,17.461,-542.164916992188,link-1,true
return,11436,14.935,-541.676452636719,link-1,true
return,11437,17.968,-541.188415527344,link-1,true
return,11438,17.389,-540.700744628906,link-1,true
return,11439,15.05,-540.211608886719,link-1,true
return,11440,17.921,-539.722839355469,link-1,true
return,11441,17.541,-539.234436035156,link-1,true
return,11442,14.829,-538.746459960938,link-1,true
return,11443,18.13,-538.257019042969,link-1,true
return,11444,17.485,-537.767944335938,link-1,true
return,11445,14.912,-537.279296875,link-1,true
return,11446,17.985,-536.791015625,link-1,true
return,11447,17.676,-536.30126953125,link-1,true
return,11448,14.936,-535.811950683594,link-1,true
return,11449,17.948,-535.322998046875,link-1,true
return,11450,17.374,-534.834411621094,link-1,true
return,11451,15.31,-534.344360351562,link-1,true
return,11452,18.019,-533.854675292969,link-1,true
return,11453,17.547,-532.876525878906,link-1,true
return,11454,15.041,-532.386169433594,link-1,true
return,11455,17.774,-531.896240234375,link-1,true
return,11456,17.229,-531.406677246094,link-1,true
return,11457,15.405,-530.91748046875,link-1,true
return,11458,17.755,-530.426818847656,link-1,true
return,11459,17.515,-529.936584472656,link-1,true
return,11460,15.018,-529.446716308594,link-1,true
return,11461,18.032,-528.957275390625,link-1,true
return,11462,17.554,-528.466369628906,link-1,true
return,11463,15.107,-527.975830078125,link-1,true
return,11464,18.007,-527.485656738281,link-1,true
return,11465,17.345,-526.995910644531,link-1,true
return,11466,10.926,-526.504699707031,link-1,true
return,11467,3.561,-526.504699707031,link-1,true
return,11468,4.246,-526.504699707031,link-1,true
return,11469,4.398,-526.013854980469,link-1,true
return,11470,3.697,-526.013854980469,link-1,true
return,11471,3.458,-526.013854980469,link-1,true
return,11472,3.694,-526.013854980469,link-1,true
return,11473,3.096,-526.013854980469,link-1,true
return,11474,5.155,-525.5234375,link-1,true
return,11475,3.162,-525.5234375,link-1,true
return,11476,3.335,-525.5234375,link-1,true
return,11477,3.361,-525.5234375,link-1,true
return,11478,4.654,-525.033386230469,link-1,true
return,11479,3.672,-525.033386230469,link-1,true
return,11480,3.517,-525.033386230469,link-1,true
return,11481,3.34,-525.033386230469,link-1,true
return,11482,3.516,-525.033386230469,link-1,true
return,11483,5.143,-524.541870117188,link-1,true
return,11484,2.862,-524.541870117188,link-1,true
return,11485,3.286,-524.541870117188,link-1,true
return,11486,3.446,-524.541870117188,link-1,true
return,11487,4.294,-524.05078125,link-1,true
return,11488,3.921,-524.05078125,link-1,true
return,11489,3.413,-524.05078125,link-1,true
return,11490,4.179,-524.05078125,link-1,true
return,11491,3.052,-524.05078125,link-1,true
return,11492,5.8,-523.56005859375,link-1,true
return,11493,2.867,-523.56005859375,link-1,true
return,11494,3.211,-523.56005859375,link-1,true
return,11495,3.497,-523.56005859375,link-1,true
return,11496,4.352,-523.069702148438,link-1,true
return,11497,3.7,-523.069702148438,link-1,true
return,11498,3.39,-523.069702148438,link-1,true
return,11499,3.594,-523.069702148438,link-1,true
return,11500,3.371,-523.069702148438,link-1,true
return,11501,5.827,-522.577941894531,link-1,true
return,11502,2.665,-522.577941894531,link-1,true
return,11503,3.304,-522.577941894531,link-1,true
return,11504,3.613,-522.577941894531,link-1,true
return,11505,6.43,-522.086547851562,link-1,true
return,11506,2.975,-522.086547851562,link-1,true
return,11507,2.556,-522.086547851562,link-1,true
return,11508,3.324,-522.086547851562,link-1,true
return,11509,3.27,-522.086547851562,link-1,true
return,11510,5.441,-521.595520019531,link-1,true
return,11511,2.861,-521.595520019531,link-1,true
return,11512,3.65,-521.595520019531,link-1,true
return,11513,3.296,-521.595520019531,link-1,true
return,11514,5.849,-521.104919433594,link-1,true
return,11515,3.141,-521.104919433594,link-1,true
return,11516,2.941,-521.104919433594,link-1,true
return,11517,3.537,-521.104919433594,link-1,true
return,11518,3.297,-521.104919433594,link-1,true
return,11519,5.433,-520.61279296875,link-1,true
return,11520,2.749,-520.61279296875,link-1,true
return,11521,3.438,-520.61279296875,link-1,true
return,11522,3.297,-520.61279296875,link-1,true
return,11523,6.146,-520.12109375,link-1,true
return,11524,3.109,-520.12109375,link-1,true
return,11525,2.761,-520.12109375,link-1,true
return,11526,3.604,-520.12109375,link-1,true
return,11527,3.24,-520.12109375,link-1,true
return,11528,4.988,-519.629821777344,link-1,true
return,11529,3.128,-519.629821777344,link-1,true
return,11530,2.939,-519.629821777344,link-1,true
return,11531,3.471,-519.629821777344,link-1,true
return,11532,5.745,-519.138916015625,link-1,true
return,11533,3.132,-519.138916015625,link-1,true
return,11534,3.23,-519.138916015625,link-1,true
return,11535,3.842,-519.138916015625,link-1,true
return,11536,3.872,-519.138916015625,link-1,true
return,11537,4.455,-518.646545410156,link-1,true
return,11538,6.122,-518.646545410156,link-1,true
return,11539,2.821,-518.646545410156,link-1,true
return,11540,3.349,-518.646545410156,link-1,true
return,11541,4.166,-518.154541015625,link-1,true
return,11542,2.895,-518.154541015625,link-1,true
return,11543,3.392,-518.154541015625,link-1,true
return,11544,3.395,-518.154541015625,link-1,true
return,11545,4.975,-518.154541015625,link-1,true
return,11546,4.488,-517.663024902344,link-1,true
return,11547,2.77,-517.663024902344,link-1,true
return,11548,3.365,-517.663024902344,link-1,true
return,11549,4.555,-517.663024902344,link-1,true
return,11550,4.333,-517.171875,link-1,true
return,11551,3.073,-517.171875,link-1,true
return,11552,3.301,-517.171875,link-1,true
return,11553,3.132,-517.171875,link-1,true
return,11554,4.904,-517.171875,link-1,true
return,11555,4.041,-516.679260253906,link-1,true
return,11556,2.672,-516.679260253906,link-1,true
return,11557,3.675,-516.679260253906,link-1,true
return,11558,4.349,-516.679260253906,link-1,true
return,11559,4.323,-516.18701171875,link-1,true
return,11560,3.102,-516.18701171875,link-1,true
return,11561,3.282,-516.18701171875,link-1,true
return,11562,3.395,-516.18701171875,link-1,true
return,11563,4.696,-516.18701171875,link-1,true
return,11564,4.182,-515.695190429688,link-1,true
return,11565,2.829,-515.695190429688,link-1,true
return,11566,3.943,-515.695190429688,link-1,true
return,11567,4.47,-515.695190429688,link-1,true
return,11568,4.454,-515.203735351562,link-1,true
return,11569,3.071,-515.203735351562,link-1,true
return,11570,3.018,-515.203735351562,link-1,true
return,11571,2.948,-515.203735351562,link-1,true
return,11572,4.357,-515.203735351562,link-1,true
return,11573,4.166,-514.710876464844,link-1,true
return,11574,3.561,-514.710876464844,link-1,true
return,11575,2.721,-514.710876464844,link-1,true
return,11576,5.147,-514.710876464844,link-1,true
return,11577,4.142,-514.218383789062,link-1,true
return,11578,2.919,-514.218383789062,link-1,true
return,11579,3.279,-514.218383789062,link-1,true
return,11580,4.615,-514.218383789062,link-1,true
return,11581,3.299,-514.218383789062,link-1,true
return,11582,4.042,-513.726257324219,link-1,true
return,11583,3.149,-513.726257324219,link-1,true
return,11584,3.313,-513.726257324219,link-1,true
return,11585,4.551,-513.726257324219,link-1,true
return,11586,4.126,-513.234558105469,link-1,true
return,11587,3.499,-513.234558105469,link-1,true
return,11588,3.506,-513.234558105469,link-1,true
return,11589,4.293,-513.234558105469,link-1,true
return,11590,3.451,-513.234558105469,link-1,true
return,11591,4.095,-512.741455078125,link-1,true
return,11592,3.143,-512.741455078125,link-1,true
return,11593,3.072,-512.741455078125,link-1,true
return,11594,4.694,-512.741455078125,link-1,true
return,11595,4.246,-512.248657226562,link-1,true
return,11596,3.019,-512.248657226562,link-1,true
return,11597,3.446,-512.248657226562,link-1,true
return,11598,4.775,-512.248657226562,link-1,true
return,11599,3.313,-512.248657226562,link-1,true
return,11600,4.396,-511.756286621094,link-1,true
return,11601,2.965,-511.756286621094,link-1,true
return,11602,3.138,-511.756286621094,link-1,true
return,11603,4.687,-511.756286621094,link-1,true
return,11604,4.004,-511.264343261719,link-1,true
return,11605,3.601,-511.264343261719,link-1,true
return,11606,3.054,-511.264343261719,link-1,true
return,11607,4.478,-511.264343261719,link-1,true
return,11608,3.666,-511.264343261719,link-1,true
return,11609,4.019,-510.770935058594,link-1,true
return,11610,3.693,-510.770935058594,link-1,true
return,11611,4.347,-510.770935058594,link-1,true
return,11612,3.447,-510.770935058594,link-1,true
return,11613,3.995,-510.277954101562,link-1,true
return,11614,3.981,-510.277954101562,link-1,true
return,11615,3.323,-510.277954101562,link-1,true
return,11616,3.388,-510.277954101562,link-1,true
return,11617,3.422,-510.277954101562,link-1,true
return,11618,4.016,-509.785369873047,link-1,true
return,11619,3.134,-509.785369873047,link-1,true
return,11620,4.977,-509.785369873047,link-1,true
return,11621,3.323,-509.785369873047,link-1,true
return,11622,4.168,-509.293182373047,link-1,true
return,11623,3.446,-509.293182373047,link-1,true
return,11624,2.811,-509.293182373047,link-1,true
return,11625,4.477,-509.293182373047,link-1,true
return,11626,3.393,-509.293182373047,link-1,true
return,11627,4.148,-508.799530029297,link-1,true
return,11628,3.256,-508.799530029297,link-1,true
return,11629,4.445,-508.799530029297,link-1,true
return,11630,3.315,-508.799530029297,link-1,true
return,11631,4.295,-508.306304931641,link-1,true
return,11632,2.705,-508.306304931641,link-1,true
return,11633,3.471,-508.306304931641,link-1,true
return,11634,4.616,-508.306304931641,link-1,true
return,11635,4.213,-507.813507080078,link-1,true
return,11636,2.713,-507.813507080078,link-1,true
return,11637,3.4,-507.813507080078,link-1,true
return,11638,4.452,-507.813507080078,link-1,true
return,11639,3.63,-507.813507080078,link-1,true
return,11640,4.265,-507.321075439453,link-1,true
return,11641,3.456,-507.321075439453,link-1,true
return,11642,6.705,-507.321075439453,link-1,true
return,11643,2.781,-507.321075439453,link-1,true
return,11644,3.131,-506.827209472656,link-1,true
return,11645,3.574,-506.827209472656,link-1,true
return,11646,3.097,-506.827209472656,link-1,true
return,11647,3.374,-506.827209472656,link-1,true
return,11648,3.526,-506.827209472656,link-1,true
return,11649,4.051,-506.333740234375,link-1,true
return,11650,2.855,-506.333740234375,link-1,true
return,11651,4.39,-506.333740234375,link-1,true
return,11652,3.476,-506.333740234375,link-1,true
return,11653,3.991,-505.840698242188,link-1,true
return,11654,3.372,-505.840698242188,link-1,true
return,11655,2.902,-505.840698242188,link-1,true
return,11656,4.595,-505.840698242188,link-1,true
return,11657,3.55,-505.840698242188,link-1,true
return,11658,4.034,-505.348052978516,link-1,true
return,11659,2.819,-505.348052978516,link-1,true
return,11660,3.301,-505.348052978516,link-1,true
return,11661,4.246,-505.348052978516,link-1,true
return,11662,3.79,-504.853973388672,link-1,true
return,11663,2.907,-504.853973388672,link-1,true
return,11664,3.494,-504.853973388672,link-1,true
return,11665,5.03,-504.853973388672,link-1,true
return,11666,3.369,-504.853973388672,link-1,true
return,11667,4.032,-504.360290527344,link-1,true
return,11668,3.287,-504.360290527344,link-1,true
return,11669,2.998,-504.360290527344,link-1,true
return,11670,4.518,-504.360290527344,link-1,true
return,11671,4.09,-503.867004394531,link-1,true
return,11672,2.622,-503.867004394531,link-1,true
return,11673,3.495,-503.867004394531,link-1,true
return,11674,5.14,-503.867004394531,link-1,true
return,11675,3.453,-503.867004394531,link-1,true
return,11676,4.073,-503.374145507812,link-1,true
return,11677,3.36,-503.374145507812,link-1,true
return,11678,3.924,-503.374145507812,link-1,true
return,11679,3.734,-503.374145507812,link-1,true
return,11680,4.002,-502.879821777344,link-1,true
return,11681,2.947,-502.879821777344,link-1,true
return,11682,3.384,-502.879821777344,link-1,true
return,11683,5.147,-502.879821777344,link-1,true
return,11684,3.523,-502.879821777344,link-1,true
return,11685,4.138,-502.385925292969,link-1,true
return,11686,2.876,-502.385925292969,link-1,true
return,11687,4.949,-502.385925292969,link-1,true
return,11688,3.696,-502.385925292969,link-1,true
return,11689,4.153,-501.892456054688,link-1,true
return,11690,3.064,-501.892456054688,link-1,true
return,11691,3.426,-501.892456054688,link-1,true
return,11692,3.943,-501.892456054688,link-1,true
return,11693,3.316,-501.892456054688,link-1,true
return,11694,4.347,-501.399353027344,link-1,true
return,11695,2.785,-501.399353027344,link-1,true
return,11696,4.38,-501.399353027344,link-1,true
return,11697,3.591,-501.399353027344,link-1,true
return,11698,4.148,-500.904846191406,link-1,true
return,11699,3.019,-500.904846191406,link-1,true
return,11700,3.28,-500.904846191406,link-1,true
return,11701,4.335,-500.904846191406,link-1,true
return,11702,3.457,-500.904846191406,link-1,true
return,11703,4.551,-500.410736083984,link-1,true
return,11704,3.135,-500.410736083984,link-1,true
return,11705,4.302,-500.410736083984,link-1,true
return,11706,3.238,-500.410736083984,link-1,true
return,11707,3.868,-499.917022705078,link-1,true
return,11708,3.323,-499.917022705078,link-1,true
return,11709,2.866,-499.917022705078,link-1,true
return,11710,4.621,-499.917022705078,link-1,true
return,11711,3.446,-499.917022705078,link-1,true
return,11712,4.096,-499.423736572266,link-1,true
return,11713,2.931,-499.423736572266,link-1,true
return,11714,5.002,-499.423736572266,link-1,true
return,11715,3.608,-499.423736572266,link-1,true
return,11716,4.081,-498.929016113281,link-1,true
return,11717,3.793,-498.929016113281,link-1,true
return,11718,4.011,-498.929016113281,link-1,true
return,11719,4.463,-498.929016113281,link-1,true
return,11720,4.251,-498.434722900391,link-1,true
return,11721,3.775,-498.434722900391,link-1,true
return,11722,3.536,-498.434722900391,link-1,true
return,11723,3.368,-498.434722900391,link-1,true
return,11724,4.278,-497.940826416016,link-1,true
return,11725,3.264,-497.940826416016,link-1,true
return,11726,2.923,-497.940826416016,link-1,true
return,11727,4.601,-497.940826416016,link-1,true
return,11728,3.531,-497.940826416016,link-1,true
return,11729,4.041,-497.447357177734,link-1,true
return,11730,2.808,-497.447357177734,link-1,true
return,11731,3.358,-497.447357177734,link-1,true
return,11732,4.823,-497.447357177734,link-1,true
return,11733,4.287,-496.952453613281,link-1,true
return,11734,3.119,-496.952453613281,link-1,true
return,11735,3.045,-496.952453613281,link-1,true
return,11736,4.735,-496.952453613281,link-1,true
return,11737,3.327,-496.952453613281,link-1,true
return,11738,3.987,-496.457977294922,link-1,true
return,11739,3.8,-496.457977294922,link-1,true
return,11740,3.679,-496.457977294922,link-1,true
return,11741,3.405,-496.457977294922,link-1,true
return,11742,4.304,-495.963928222656,link-1,true
return,11743,3.127,-495.963928222656,link-1,true
return,11744,2.986,-495.963928222656,link-1,true
return,11745,4.865,-495.963928222656,link-1,true
return,11746,3.34,-495.963928222656,link-1,true
return,11747,4.105,-495.470275878906,link-1,true
return,11748,3.281,-495.470275878906,link-1,true
return,11749,2.801,-495.470275878906,link-1,true
return,11750,3.306,-495.470275878906,link-1,true
return,11751,4.643,-494.975189208984,link-1,true
return,11752,3.512,-494.975189208984,link-1,true
return,11753,3.704,-494.975189208984,link-1,true
return,11754,3.47,-494.975189208984,link-1,true
return,11755,3.411,-494.975189208984,link-1,true
return,11756,4.309,-494.480529785156,link-1,true
return,11757,3.914,-494.480529785156,link-1,true
return,11758,3.389,-494.480529785156,link-1,true
return,11759,3.236,-494.480529785156,link-1,true
return,11760,4.285,-493.986297607422,link-1,true
return,11761,3.371,-493.986297607422,link-1,true
return,11762,4.389,-493.986297607422,link-1,true
return,11763,3.144,-493.986297607422,link-1,true
return,11764,3.511,-493.986297607422,link-1,true
return,11765,4.325,-493.492492675781,link-1,true
return,11766,4.218,-493.492492675781,link-1,true
return,11767,3.3,-493.492492675781,link-1,true
return,11768,3.555,-493.492492675781,link-1,true
return,11769,4.102,-492.997253417969,link-1,true
return,11770,2.938,-492.997253417969,link-1,true
return,11771,4.182,-492.997253417969,link-1,true
return,11772,3.503,-492.997253417969,link-1,true
return,11773,3.371,-492.997253417969,link-1,true
return,11774,4.348,-492.50244140625,link-1,true
return,11775,4.224,-492.50244140625,link-1,true
return,11776,3.329,-492.50244140625,link-1,true
return,11777,3.467,-492.50244140625,link-1,true
return,11778,4.078,-492.008056640625,link-1,true
return,11779,3.474,-492.008056640625,link-1,true
return,11780,3.879,-492.008056640625,link-1,true
return,11781,3.43,-492.008056640625,link-1,true
return,11782,3.889,-492.008056640625,link-1,true
return,11783,4.463,-491.514099121094,link-1,true
return,11784,3.437,-491.514099121094,link-1,true
return,11785,3.455,-491.514099121094,link-1,true
return,11786,3.266,-491.514099121094,link-1,true
return,11787,4.321,-491.018707275391,link-1,true
return,11788,3.294,-491.018707275391,link-1,true
return,11789,3.91,-491.018707275391,link-1,true
return,11790,3.257,-491.018707275391,link-1,true
return,11791,3.794,-491.018707275391,link-1,true
return,11792,3.972,-490.523712158203,link-1,true
return,11793,3.939,-490.523712158203,link-1,true
return,11794,3.739,-490.523712158203,link-1,true
return,11795,3.14,-490.523712158203,link-1,true
return,11796,4.335,-490.029174804688,link-1,true
return,11797,3.339,-490.029174804688,link-1,true
return,11798,4.042,-490.029174804688,link-1,true
return,11799,3.25,-490.029174804688,link-1,true
return,11800,3.572,-490.029174804688,link-1,true
return,11801,4.094,-489.535064697266,link-1,true
return,11802,4.181,-489.535064697266,link-1,true
return,11803,3.217,-489.535064697266,link-1,true
return,11804,3.313,-489.535064697266,link-1,true
return,11805,4.362,-489.039520263672,link-1,true
return,11806,2.939,-489.039520263672,link-1,true
return,11807,4.032,-489.039520263672,link-1,true
return,11808,3.714,-489.039520263672,link-1,true
return,11809,2.931,-489.039520263672,link-1,true
return,11810,4.448,-488.544403076172,link-1,true
return,11811,4.222,-488.544403076172,link-1,true
return,11812,3.214,-488.544403076172,link-1,true
return,11813,3.473,-488.544403076172,link-1,true
return,11814,4.259,-488.049713134766,link-1,true
return,11815,2.932,-488.049713134766,link-1,true
return,11816,4.657,-488.049713134766,link-1,true
return,11817,3.43,-488.049713134766,link-1,true
return,11818,3.344,-488.049713134766,link-1,true
return,11819,4.496,-487.555450439453,link-1,true
return,11820,4.229,-487.555450439453,link-1,true
return,11821,3.418,-487.555450439453,link-1,true
return,11822,3.524,-487.555450439453,link-1,true
return,11823,4.078,-487.059753417969,link-1,true
return,11824,4.317,-487.059753417969,link-1,true
return,11825,3.581,-487.059753417969,link-1,true
return,11826,3.373,-487.059753417969,link-1,true
return,11827,4.141,-486.564514160156,link-1,true
return,11828,3.159,-486.564514160156,link-1,true
return,11829,3.953,-486.564514160156,link-1,true
return,11830,3.316,-486.564514160156,link-1,true
return,11831,3.668,-486.564514160156,link-1,true
return,11832,4.152,-486.069702148438,link-1,true
return,11833,4.041,-486.069702148438,link-1,true
return,11834,3.559,-486.069702148438,link-1,true
return,11835,3.404,-486.069702148438,link-1,true
return,11836,4.396,-485.575347900391,link-1,true
return,11837,3.736,-485.575347900391,link-1,true
return,11838,3.538,-485.575347900391,link-1,true
return,11839,3.323,-485.575347900391,link-1,true
return,11840,3.474,-485.575347900391,link-1,true
return,11841,4.309,-485.079528808594,link-1,true
return,11842,4.187,-485.079528808594,link-1,true
return,11843,3.427,-485.079528808594,link-1,true
return,11844,3.46,-485.079528808594,link-1,true
return,11845,4.08,-484.584167480469,link-1,true
return,11846,3.187,-484.584167480469,link-1,true
return,11847,4.051,-484.584167480469,link-1,true
return,11848,3.6,-484.584167480469,link-1,true
return,11849,3.487,-484.584167480469,link-1,true
return,11850,4.224,-484.089233398438,link-1,true
return,11851,3.817,-484.089233398438,link-1,true
return,11852,3.468,-484.089233398438,link-1,true
return,11853,3.412,-484.089233398438,link-1,true
return,11854,4.254,-483.594757080078,link-1,true
return,11855,3.426,-483.594757080078,link-1,true
return,11856,3.668,-483.594757080078,link-1,true
return,11857,3.415,-483.594757080078,link-1,true
return,11858,3.443,-483.594757080078,link-1,true
return,11859,4.272,-483.098846435547,link-1,true
return,11860,3.713,-483.098846435547,link-1,true
return,11861,3.458,-483.098846435547,link-1,true
return,11862,3.466,-483.098846435547,link-1,true
return,11863,4.568,-482.603393554688,link-1,true
return,11864,2.974,-482.603393554688,link-1,true
return,11865,3.956,-482.603393554688,link-1,true
return,11866,3.205,-482.603393554688,link-1,true
return,11867,3.326,-482.603393554688,link-1,true
return,11868,4.287,-482.108367919922,link-1,true
return,11869,3.768,-482.108367919922,link-1,true
return,11870,3.331,-482.108367919922,link-1,true
return,11871,3.792,-482.108367919922,link-1,true
return,11872,3.951,-481.613800048828,link-1,true
return,11873,2.882,-481.613800048828,link-1,true
return,11874,4.329,-481.613800048828,link-1,true
return,11875,3.381,-481.613800048828,link-1,true
return,11876,3.382,-481.613800048828,link-1,true
return,11877,4.786,-481.117797851562,link-1,true
return,11878,3.883,-481.117797851562,link-1,true
return,11879,3.507,-481.117797851562,link-1,true
return,11880,3.594,-481.117797851562,link-1,true
return,11881,4.394,-480.622222900391,link-1,true
return,11882,3.695,-480.622222900391,link-1,true
return,11883,3.716,-480.622222900391,link-1,true
return,11884,3.347,-480.622222900391,link-1,true
return,11885,3.295,-480.622222900391,link-1,true
return,11886,4.397,-480.127105712891,link-1,true
return,11887,3.489,-480.127105712891,link-1,true
return,11888,13.183,-480.127105712891,link-1,true
return,11889,14.695,-479.632446289062,link-1,true
return,11890,17.721,-479.136352539062,link-1,true
return,11891,17.385,-478.640716552734,link-1,true
return,11892,15.105,-478.1455078125,link-1,true
return,11893,17.905,-477.650756835938,link-1,true
return,11894,17.532,-477.154571533203,link-1,true
return,11895,14.935,-476.658874511719,link-1,true
return,11896,18.08,-476.163604736328,link-1,true
return,11897,17.646,-475.668792724609,link-1,true
return,11898,14.878,-475.172546386719,link-1,true
return,11899,17.999,-474.676788330078,link-1,true
return,11900,17.557,-474.181457519531,link-1,true
return,11901,15.04,-473.686584472656,link-1,true
return,11902,18.067,-473.190307617188,link-1,true
return,11903,17.443,-472.694488525391,link-1,true
return,11904,15.436,-472.199127197266,link-1,true
return,11905,17.868,-471.704223632812,link-1,true
return,11906,17.596,-471.207885742188,link-1,true
return,11907,15.303,-470.712005615234,link-1,true
return,11908,18.135,-470.216613769531,link-1,true
return,11909,17.586,-469.7216796875,link-1,true
return,11910,15.198,-469.225311279297,link-1,true
return,11911,18.093,-468.729431152344,link-1,true
return,11912,17.406,-468.234008789062,link-1,true
return,11913,15.17,-467.739044189453,link-1,true
return,11914,18.187,-467.24267578125,link-1,true
return,11915,17.749,-466.251312255859,link-1,true
return,11916,14.743,-465.75634765625,link-1,true
return,11917,18.333,-465.259979248047,link-1,true
return,11918,16.778,-464.764068603516,link-1,true
return,11919,14.844,-464.268615722656,link-1,true
return,11920,18.037,-463.773651123047,link-1,true
return,11921,17.392,-463.277282714844,link-1,true
return,11922,14.734,-462.781372070312,link-1,true
return,11923,17.999,-462.285949707031,link-1,true
return,11924,17.204,-461.790985107422,link-1,true
return,11925,15.101,-461.294616699219,link-1,true
return,11926,17.534,-460.798736572266,link-1,true
return,11927,17.26,-460.303314208984,link-1,true
return,11928,14.898,-459.808349609375,link-1,true
return,11929,17.936,-459.31201171875,link-1,true
return,11930,17.768,-458.816131591797,link-1,true
return,11931,14.848,-458.320739746094,link-1,true
return,11932,20.179,-457.825836181641,link-1,true
return,11933,14.902,-457.331390380859,link-1,true
return,11934,14.212,-456.835571289062,link-1,true
return,11935,19.519,-456.340209960938,link-1,true
return,11936,17.358,-455.845336914062,link-1,true
return,11937,15.0,-455.350952148438,link-1,true
return,11938,18.157,-454.855163574219,link-1,true
return,11939,17.538,-454.359832763672,link-1,true
return,11940,15.004,-453.864990234375,link-1,true
return,11941,18.188,-453.370635986328,link-1,true
return,11942,17.508,-452.874908447266,link-1,true
return,11943,15.068,-452.379638671875,link-1,true
return,11944,17.893,-451.884857177734,link-1,true
return,11945,17.426,-451.390563964844,link-1,true
return,11946,15.103,-450.894866943359,link-1,true
return,11947,17.989,-450.399658203125,link-1,true
return,11948,17.394,-449.904937744141,link-1,true
return,11949,15.0,-449.410705566406,link-1,true
return,11950,18.051,-448.915069580078,link-1,true
return,11951,17.439,-448.419921875,link-1,true
return,11952,14.933,-447.925262451172,link-1,true
return,11953,18.215,-447.431091308594,link-1,true
return,11954,17.743,-446.935546875,link-1,true
return,11955,14.995,-446.440490722656,link-1,true
return,11956,18.078,-445.945892333984,link-1,true
return,11957,17.451,-445.451812744141,link-1,true
return,11958,15.102,-444.956359863281,link-1,true
return,11959,18.065,-444.461395263672,link-1,true
return,11960,17.417,-443.966918945312,link-1,true
return,11961,15.048,-443.472900390625,link-1,true
return,11962,18.162,-442.977508544922,link-1,true
return,11963,17.406,-442.482604980469,link-1,true
return,11964,14.977,-441.988220214844,link-1,true
return,11965,18.027,-441.494323730469,link-1,true
return,11966,17.482,-440.999053955078,link-1,true
return,11967,14.76,-440.504272460938,link-1,true
return,11968,17.903,-440.009979248047,link-1,true
return,11969,17.242,-439.516174316406,link-1,true
return,11970,15.589,-439.02099609375,link-1,true
return,11971,16.862,-438.526306152344,link-1,true
return,11972,23.98,-437.538391113281,link-1,true
return,11973,11.777,-437.043304443359,link-1,true
return,11974,22.234,-436.548706054688,link-1,true
return,11975,15.885,-436.054595947266,link-1,true
return,11976,26.003,-435.561004638672,link-1,true
return,11977,7.217,-435.066040039062,link-1,true
return,11978,20.624,-434.571563720703,link-1,true
return,11979,14.397,-434.077575683594,link-1,true
return,11980,14.737,-433.584075927734,link-1,true
return,11981,17.926,-433.089202880859,link-1,true
return,11982,17.041,-432.594818115234,link-1,true
return,11983,14.78,-432.100952148438,link-1,true
return,11984,18.025,-431.607543945312,link-1,true
return,11985,17.059,-431.11279296875,link-1,true
return,11986,14.685,-430.618530273438,link-1,true
return,11987,17.91,-430.124755859375,link-1,true
return,11988,17.242,-429.631469726562,link-1,true
return,11989,14.81,-429.136810302734,link-1,true
return,11990,17.948,-428.642639160156,link-1,true
return,11991,17.196,-428.148986816406,link-1,true
return,11992,14.837,-427.655822753906,link-1,true
return,11993,17.849,-427.161315917969,link-1,true
return,11994,17.332,-426.667266845703,link-1,true
return,11995,14.689,-426.173736572266,link-1,true
return,11996,17.89,-425.680694580078,link-1,true
return,11997,17.398,-425.186309814453,link-1,true
return,11998,15.017,-424.692413330078,link-1,true
return,11999,17.839,-424.199005126953,link-1,true
return,12000,17.271,-423.706085205078,link-1,true
return,12001,14.836,-423.211791992188,link-1,true
return,12002,18.015,-422.717987060547,link-1,true
return,12003,17.268,-422.224670410156,link-1,true
return,12004,14.849,-421.731872558594,link-1,true
return,12005,17.902,-421.237701416016,link-1,true
return,12006,17.304,-420.744049072266,link-1,true
return,12007,14.728,-420.250885009766,link-1,true
return,12008,17.884,-419.758209228516,link-1,true
return,12009,17.113,-419.26416015625,link-1,true
return,12010,14.891,-418.770599365234,link-1,true
return,12011,17.992,-418.277526855469,link-1,true
return,12012,17.143,-417.784973144531,link-1,true
return,12013,15.06,-417.291046142578,link-1,true
return,12014,17.871,-416.797607421875,link-1,true
return,12015,17.237,-416.304656982422,link-1,true
return,12016,14.81,-415.812225341797,link-1,true
return,12017,18.066,-415.318420410156,link-1,true
return,12018,21.474,-414.825103759766,link-1,true
return,12019,12.594,-414.332275390625,link-1,true
return,12020,20.807,-413.839935302734,link-1,true
return,12021,15.203,-413.346252441406,link-1,true
return,12022,17.303,-412.853057861328,link-1,true
return,12023,24.541,-411.868133544922,link-1,true
return,12024,11.198,-411.374542236328,link-1,true
return,12025,21.554,-410.881469726562,link-1,true
return,12026,14.47,-410.388885498047,link-1,true
return,12027,25.356,-409.896789550781,link-1,true
return,12028,9.647,-409.4033203125,link-1,true
return,12029,20.298,-408.910339355469,link-1,true
return,12030,18.336,-408.417846679688,link-1,true
return,12031,14.364,-407.925842285156,link-1,true
return,12032,17.899,-407.432495117188,link-1,true
return,12033,17.259,-406.939605712891,link-1,true
return,12034,14.785,-406.447235107422,link-1,true
return,12035,17.756,-405.955322265625,link-1,true
return,12036,17.256,-405.462066650391,link-1,true
return,12037,14.721,-404.969299316406,link-1,true
return,12038,17.821,-404.477020263672,link-1,true
return,12039,17.324,-403.985229492188,link-1,true
return,12040,14.639,-403.492065429688,link-1,true
return,12041,17.887,-402.999389648438,link-1,true
return,12042,17.101,-402.507202148438,link-1,true
return,12043,14.734,-402.015502929688,link-1,true
return,12044,17.892,-401.522430419922,link-1,true
return,12045,17.157,-401.029846191406,link-1,true
return,12046,15.082,-400.537750244141,link-1,true
return,12047,17.747,-400.046142578125,link-1,true
return,12048,17.309,-399.553161621094,link-1,true
return,12049,14.678,-399.060668945312,link-1,true
return,12050,17.946,-398.568664550781,link-1,true
return,12051,17.152,-398.0771484375,link-1,true
return,12052,14.812,-397.584259033203,link-1,true
return,12053,17.742,-397.091827392578,link-1,true
return,12054,17.384,-396.599884033203,link-1,true
return,12055,14.807,-396.108428955078,link-1,true
return,12056,17.958,-395.617492675781,link-1,true
return,12057,17.244,-395.125152587891,link-1,true
return,12058,14.935,-394.63330078125,link-1,true
return,12059,18.001,-394.141937255859,link-1,true
return,12060,17.246,-393.651062011719,link-1,true
return,12061,14.898,-393.158813476562,link-1,true
return,12062,18.189,-392.667022705078,link-1,true
return,12063,17.349,-392.175720214844,link-1,true
return,12064,15.081,-391.684906005859,link-1,true
return,12065,25.206,-391.192718505859,link-1,true
return,12066,10.202,-390.700988769531,link-1,true
return,12067,18.806,-390.209747314453,link-1,true
return,12068,21.919,-389.718994140625,link-1,true
return,12069,16.635,-389.226837158203,link-1,true
return,12070,24.339,-388.243988037109,link-1,true
return,12071,17.147,-387.753265380859,link-1,true
return,12072,10.18,-387.261169433594,link-1,true
return,12073,24.772,-386.769561767578,link-1,true
return,12074,7.736,-386.278411865234,link-1,true
return,12075,21.785,-385.787719726562,link-1,true
return,12076,18.273,-385.295684814453,link-1,true
return,12077,14.374,-384.804107666016,link-1,true
return,12078,17.575,-384.313018798828,link-1,true
return,12079,17.312,-383.822387695312,link-1,true
return,12080,14.813,-383.330383300781,link-1,true
return,12081,17.814,-382.838836669922,link-1,true
return,12082,16.896,-382.347778320312,link-1,true
return,12083,14.961,-381.857177734375,link-1,true
return,12084,17.817,-381.365203857422,link-1,true
return,12085,17.101,-380.873687744141,link-1,true
return,12086,14.96,-380.382629394531,link-1,true
return,12087,17.818,-379.892059326172,link-1,true
return,12088,227.05,-375.917816162109,link-1,true
return,12089,6.829,-375.417358398438,link-1,true
return,12090,15.359,-374.917388916016,link-1,true
return,12091,19.404,-374.417877197266,link-1,true
return,12092,20.192,-373.918853759766,link-1,true
return,12093,15.339,-373.420288085938,link-1,true
return,12094,18.353,-372.922180175781,link-1,true
return,12095,21.648,-372.424560546875,link-1,true
return,12096,14.952,-371.927398681641,link-1,true
return,12097,23.339,-370.934509277344,link-1,true
return,12098,18.56,-370.438751220703,link-1,true
return,12099,23.276,-369.943450927734,link-1,true
return,12100,19.65,-369.448638916016,link-1,true
return,12101,15.472,-368.954284667969,link-1,true
return,12102,18.506,-368.460388183594,link-1,true
return,12103,21.775,-367.966949462891,link-1,true
return,12104,14.728,-367.473968505859,link-1,true
return,12105,23.667,-366.489379882812,link-1,true
return,12106,17.98,-365.997772216797,link-1,true
return,12107,23.379,-365.506622314453,link-1,true
return,12108,19.517,-365.015930175781,link-1,true
return,12109,20.233,-364.523834228516,link-1,true
return,12110,15.563,-364.032196044922,link-1,true
return,12111,18.557,-363.541015625,link-1,true
return,12112,22.242,-362.560028076172,link-1,true
return,12113,14.776,-362.068359375,link-1,true
return,12114,23.246,-361.5771484375,link-1,true
return,12115,18.799,-361.086364746094,link-1,true
return,12116,23.534,-360.596038818359,link-1,true
return,12117,20.222,-359.611175537109,link-1,true
return,12118,19.584,-359.118499755859,link-1,true
return,12119,15.499,-358.626281738281,link-1,true
return,12120,22.874,-358.134490966797,link-1,true
return,12121,18.972,-357.643157958984,link-1,true
return,12122,19.586,-357.152282714844,link-1,true
return,12123,20.333,-356.171875,link-1,true
return,12124,15.069,-355.680480957031,link-1,true
return,12125,18.572,-355.189544677734,link-1,true
return,12126,21.633,-354.699066162109,link-1,true
return,12127,14.517,-354.207153320312,link-1,true
return,12128,23.395,-353.224670410156,link-1,true
return,12129,18.381,-352.734100341797,link-1,true
return,12130,23.482,-352.242126464844,link-1,true
return,12131,19.386,-351.750610351562,link-1,true
return,12132,15.542,-351.259521484375,link-1,true
return,12133,18.231,-350.768890380859,link-1,true
return,12134,22.016,-349.783355712891,link-1,true
return,12135,14.324,-349.290344238281,link-1,true
return,12136,23.238,-348.797790527344,link-1,true
return,12137,18.87,-348.3056640625,link-1,true
return,12138,19.666,-347.813995361328,link-1,true
return,12139,20.121,-346.831939697266,link-1,true
return,12140,15.339,-346.339721679688,link-1,true
return,12141,18.553,-345.847961425781,link-1,true
return,12142,21.643,-345.356628417969,link-1,true
return,12143,19.518,-344.86572265625,link-1,true
return,12144,19.936,-344.373413085938,link-1,true
return,12145,16.099,-343.390106201172,link-1,true
return,12146,18.125,-342.899108886719,link-1,true
return,12147,21.932,-342.406707763672,link-1,true
return,12148,12.309,-341.914733886719,link-1,true
return,12149,5.415,-341.914733886719,link-1,true
return,12150,5.774,-341.423217773438,link-1,true
return,12151,4.53,-341.423217773438,link-1,true
return,12152,5.021,-341.423217773438,link-1,true
return,12153,4.524,-341.423217773438,link-1,true
return,12154,4.606,-340.93212890625,link-1,true
return,12155,3.63,-340.93212890625,link-1,true
return,12156,4.364,-340.93212890625,link-1,true
return,12157,4.488,-340.93212890625,link-1,true
return,12158,4.687,-340.439636230469,link-1,true
return,12159,4.669,-340.439636230469,link-1,true
return,12160,4.104,-340.439636230469,link-1,true
return,12161,3.724,-340.439636230469,link-1,true
return,12162,4.882,-339.947570800781,link-1,true
return,12163,4.422,-339.947570800781,link-1,true
return,12164,4.977,-339.947570800781,link-1,true
return,12165,5.003,-339.947570800781,link-1,true
return,12166,5.161,-339.455932617188,link-1,true
return,12167,4.295,-339.455932617188,link-1,true
return,12168,5.606,-339.455932617188,link-1,true
return,12169,4.003,-339.455932617188,link-1,true
return,12170,4.594,-338.964721679688,link-1,true
return,12171,4.748,-338.964721679688,link-1,true
return,12172,3.73,-338.964721679688,link-1,true
return,12173,3.788,-338.964721679688,link-1,true
return,12174,4.713,-338.472106933594,link-1,true
return,12175,4.17,-338.472106933594,link-1,true
return,12176,4.436,-338.472106933594,link-1,true
return,12177,3.894,-338.472106933594,link-1,true
return,12178,5.003,-337.979919433594,link-1,true
return,12179,4.265,-337.979919433594,link-1,true
return,12180,3.709,-337.979919433594,link-1,true
return,12181,3.816,-337.979919433594,link-1,true
return,12182,4.565,-337.488189697266,link-1,true
return,12183,4.951,-337.488189697266,link-1,true
return,12184,3.433,-337.488189697266,link-1,true
return,12185,3.917,-337.488189697266,link-1,true
return,12186,5.501,-336.996887207031,link-1,true
return,12187,4.549,-336.996887207031,link-1,true
return,12188,4.429,-336.996887207031,link-1,true
return,12189,4.04,-336.996887207031,link-1,true
return,12190,4.711,-336.504180908203,link-1,true
return,12191,4.169,-336.504180908203,link-1,true
return,12192,4.069,-336.504180908203,link-1,true
return,12193,5.339,-336.011901855469,link-1,true
return,12194,4.347,-336.011901855469,link-1,true
return,12195,3.966,-336.011901855469,link-1,true
return,12196,4.022,-336.011901855469,link-1,true
return,12197,5.176,-335.520050048828,link-1,true
return,12198,4.239,-335.520050048828,link-1,true
return,12199,3.743,-335.520050048828,link-1,true
return,12200,3.796,-335.520050048828,link-1,true
return,12201,5.19,-335.028625488281,link-1,true
return,12202,3.834,-335.028625488281,link-1,true
return,12203,4.646,-335.028625488281,link-1,true
return,12204,3.521,-335.028625488281,link-1,true
return,12205,5.346,-334.535797119141,link-1,true
return,12206,3.825,-334.535797119141,link-1,true
return,12207,3.584,-334.535797119141,link-1,true
return,12208,3.876,-334.535797119141,link-1,true
return,12209,5.188,-334.043395996094,link-1,true
return,12210,4.739,-334.043395996094,link-1,true
return,12211,4.44,-334.043395996094,link-1,true
return,12212,5.51,-333.551452636719,link-1,true
return,12213,5.113,-333.551452636719,link-1,true
return,12214,4.027,-333.551452636719,link-1,true
return,12215,4.411,-333.551452636719,link-1,true
return,12216,6.09,-333.059936523438,link-1,true
return,12217,4.445,-333.059936523438,link-1,true
return,12218,4.602,-333.059936523438,link-1,true
return,12219,5.15,-333.059936523438,link-1,true
return,12220,4.792,-332.566986083984,link-1,true
return,12221,3.978,-332.566986083984,link-1,true
return,12222,4.006,-332.566986083984,link-1,true
return,12223,4.984,-332.074462890625,link-1,true
return,12224,4.433,-332.074462890625,link-1,true
return,12225,4.009,-332.074462890625,link-1,true
return,12226,4.273,-332.074462890625,link-1,true
return,12227,5.001,-331.582397460938,link-1,true
return,12228,4.154,-331.582397460938,link-1,true
return,12229,4.224,-331.582397460938,link-1,true
return,12230,3.878,-331.582397460938,link-1,true
return,12231,5.622,-331.090759277344,link-1,true
return,12232,4.14,-331.090759277344,link-1,true
return,12233,4.098,-331.090759277344,link-1,true
return,12234,6.172,-330.597686767578,link-1,true
return,12235,3.842,-330.597686767578,link-1,true
return,12236,4.111,-330.597686767578,link-1,true
return,12237,3.591,-330.597686767578,link-1,true
return,12238,4.541,-330.105041503906,link-1,true
return,12239,4.382,-330.105041503906,link-1,true
return,12240,3.863,-330.105041503906,link-1,true
return,12241,4.651,-330.105041503906,link-1,true
return,12242,4.872,-329.612854003906,link-1,true
return,12243,4.898,-329.612854003906,link-1,true
return,12244,4.267,-329.612854003906,link-1,true
return,12245,3.965,-329.612854003906,link-1,true
return,12246,4.986,-329.12109375,link-1,true
return,12247,3.756,-329.12109375,link-1,true
return,12248,3.833,-329.12109375,link-1,true
return,12249,4.573,-329.12109375,link-1,true
return,12250,4.82,-328.6279296875,link-1,true
return,12251,4.014,-328.6279296875,link-1,true
return,12252,4.277,-328.6279296875,link-1,true
return,12253,6.24,-328.135192871094,link-1,true
return,12254,4.339,-328.135192871094,link-1,true
return,12255,4.35,-328.135192871094,link-1,true
return,12256,4.041,-328.135192871094,link-1,true
return,12257,5.673,-327.642883300781,link-1,true
return,12258,4.054,-327.642883300781,link-1,true
return,12259,3.607,-327.642883300781,link-1,true
return,12260,4.166,-327.642883300781,link-1,true
return,12261,5.005,-327.151000976562,link-1,true
return,12262,4.563,-327.151000976562,link-1,true
return,12263,3.851,-327.151000976562,link-1,true
return,12264,5.341,-326.65771484375,link-1,true
return,12265,4.68,-326.65771484375,link-1,true
return,12266,4.553,-326.65771484375,link-1,true
return,12267,4.423,-326.65771484375,link-1,true
return,12268,5.011,-326.164855957031,link-1,true
return,12269,4.719,-326.164855957031,link-1,true
return,12270,4.115,-326.164855957031,link-1,true
return,12271,4.227,-326.164855957031,link-1,true
return,12272,5.3,-325.672424316406,link-1,true
return,12273,3.749,-325.672424316406,link-1,true
return,12274,4.244,-325.672424316406,link-1,true
return,12275,4.67,-325.180419921875,link-1,true
return,12276,4.372,-325.180419921875,link-1,true
return,12277,4.844,-325.180419921875,link-1,true
return,12278,3.688,-325.180419921875,link-1,true
return,12279,6.533,-324.68701171875,link-1,true
return,12280,3.882,-324.68701171875,link-1,true
return,12281,4.379,-324.68701171875,link-1,true
return,12282,4.261,-324.68701171875,link-1,true
return,12283,5.185,-324.194030761719,link-1,true
return,12284,3.794,-324.194030761719,link-1,true
return,12285,4.051,-324.194030761719,link-1,true
return,12286,5.599,-323.701477050781,link-1,true
return,12287,4.064,-323.701477050781,link-1,true
return,12288,4.551,-323.701477050781,link-1,true
return,12289,4.062,-323.701477050781,link-1,true
return,12290,5.587,-323.209350585938,link-1,true
return,12291,3.893,-323.209350585938,link-1,true
return,12292,4.154,-323.209350585938,link-1,true
return,12293,4.134,-323.209350585938,link-1,true
return,12294,5.419,-322.7158203125,link-1,true
return,12295,4.394,-322.7158203125,link-1,true
return,12296,3.783,-322.7158203125,link-1,true
return,12297,5.332,-322.222717285156,link-1,true
return,12298,4.529,-322.222717285156,link-1,true
return,12299,4.422,-322.222717285156,link-1,true
return,12300,4.237,-322.222717285156,link-1,true
return,12301,5.182,-321.730041503906,link-1,true
return,12302,4.619,-321.730041503906,link-1,true
return,12303,4.353,-321.730041503906,link-1,true
return,12304,4.168,-321.730041503906,link-1,true
return,12305,5.283,-321.23779296875,link-1,true
return,12306,4.319,-321.23779296875,link-1,true
return,12307,4.469,-321.23779296875,link-1,true
return,12308,4.713,-320.744110107422,link-1,true
return,12309,4.861,-320.744110107422,link-1,true
return,12310,4.201,-320.744110107422,link-1,true
return,12311,4.265,-320.744110107422,link-1,true
return,12312,5.653,-320.250854492188,link-1,true
return,12313,4.475,-320.250854492188,link-1,true
return,12314,4.643,-320.250854492188,link-1,true
return,12315,4.567,-320.250854492188,link-1,true
return,12316,5.114,-319.758056640625,link-1,true
return,12317,3.804,-319.758056640625,link-1,true
return,12318,3.849,-319.758056640625,link-1,true
return,12319,5.554,-319.265686035156,link-1,true
return,12320,4.726,-319.265686035156,link-1,true
return,12321,4.416,-319.265686035156,link-1,true
return,12322,3.842,-319.265686035156,link-1,true
return,12323,5.221,-318.771881103516,link-1,true
return,12324,4.327,-318.771881103516,link-1,true
return,12325,4.214,-318.771881103516,link-1,true
return,12326,4.347,-318.771881103516,link-1,true
return,12327,5.071,-318.278503417969,link-1,true
return,12328,4.507,-318.278503417969,link-1,true
return,12329,3.824,-318.278503417969,link-1,true
return,12330,5.39,-317.785583496094,link-1,true
return,12331,4.309,-317.785583496094,link-1,true
return,12332,4.304,-317.785583496094,link-1,true
return,12333,4.168,-317.785583496094,link-1,true
return,12334,5.396,-317.293090820312,link-1,true
return,12335,4.442,-317.293090820312,link-1,true
return,12336,4.008,-317.293090820312,link-1,true
return,12337,4.977,-317.293090820312,link-1,true
return,12338,4.947,-316.799163818359,link-1,true
return,12339,4.071,-316.799163818359,link-1,true
return,12340,4.191,-316.799163818359,link-1,true
return,12341,5.224,-316.3056640625,link-1,true
return,12342,4.562,-316.3056640625,link-1,true
return,12343,4.187,-316.3056640625,link-1,true
return,12344,4.265,-316.3056640625,link-1,true
return,12345,5.886,-315.812622070312,link-1,true
return,12346,3.971,-315.812622070312,link-1,true
return,12347,4.265,-315.812622070312,link-1,true
return,12348,4.393,-315.812622070312,link-1,true
return,12349,5.279,-315.320007324219,link-1,true
return,12350,3.77,-315.320007324219,link-1,true
return,12351,3.986,-315.320007324219,link-1,true
return,12352,5.013,-314.827819824219,link-1,true
return,12353,4.469,-314.827819824219,link-1,true
return,12354,4.749,-314.827819824219,link-1,true
return,12355,4.268,-314.827819824219,link-1,true
return,12356,5.597,-314.334197998047,link-1,true
return,12357,3.926,-314.334197998047,link-1,true
return,12358,4.298,-314.334197998047,link-1,true
return,12359,5.052,-314.334197998047,link-1,true
return,12360,5.975,-313.841033935547,link-1,true
return,12361,4.43,-313.841033935547,link-1,true
return,12362,4.205,-313.841033935547,link-1,true
return,12363,4.865,-313.348297119141,link-1,true
return,12364,4.737,-313.348297119141,link-1,true
return,12365,4.982,-313.348297119141,link-1,true
return,12366,4.558,-313.348297119141,link-1,true
return,12367,5.815,-312.855987548828,link-1,true
return,12368,6.605,-312.855987548828,link-1,true
return,12369,4.861,-312.855987548828,link-1,true
return,12370,5.436,-312.855987548828,link-1,true
return,12371,6.902,-312.362243652344,link-1,true
return,12372,5.032,-312.362243652344,link-1,true
return,12373,7.143,-311.868927001953,link-1,true
return,12374,5.326,-311.868927001953,link-1,true
return,12375,4.419,-311.868927001953,link-1,true
return,12376,5.135,-311.376037597656,link-1,true
return,12377,4.272,-311.376037597656,link-1,true
return,12378,3.903,-311.376037597656,link-1,true
return,12379,5.094,-310.883605957031,link-1,true
return,12380,3.492,-310.883605957031,link-1,true
return,12381,3.888,-310.883605957031,link-1,true
return,12382,5.246,-310.389739990234,link-1,true
return,12383,4.158,-310.389739990234,link-1,true
return,12384,4.607,-310.389739990234,link-1,true
return,12385,5.227,-309.896301269531,link-1,true
return,12386,4.666,-309.896301269531,link-1,true
return,12387,3.509,-309.896301269531,link-1,true
return,12388,4.157,-309.403289794922,link-1,true
return,12389,4.318,-309.403289794922,link-1,true
return,12390,4.478,-309.403289794922,link-1,true
return,12391,4.197,-309.403289794922,link-1,true
return,12392,4.61,-308.910736083984,link-1,true
return,12393,3.677,-308.910736083984,link-1,true
return,12394,4.255,-308.910736083984,link-1,true
return,12395,3.604,-308.910736083984,link-1,true
return,12396,4.904,-308.416748046875,link-1,true
return,12397,4.143,-308.416748046875,link-1,true
return,12398,4.305,-308.416748046875,link-1,true
return,12399,4.576,-308.416748046875,link-1,true
return,12400,4.902,-307.923187255859,link-1,true
return,12401,4.528,-307.923187255859,link-1,true
return,12402,4.205,-307.923187255859,link-1,true
return,12403,3.974,-307.923187255859,link-1,true
return,12404,5.688,-307.430053710938,link-1,true
return,12405,4.031,-307.430053710938,link-1,true
return,12406,4.181,-307.430053710938,link-1,true
return,12407,4.031,-307.430053710938,link-1,true
return,12408,5.232,-306.937347412109,link-1,true
return,12409,4.464,-306.937347412109,link-1,true
return,12410,3.586,-306.937347412109,link-1,true
return,12411,4.328,-306.937347412109,link-1,true
return,12412,5.553,-306.443237304688,link-1,true
return,12413,4.33,-306.443237304688,link-1,true
return,12414,4.058,-306.443237304688,link-1,true
return,12415,3.647,-306.443237304688,link-1,true
return,12416,5.635,-305.949554443359,link-1,true
return,12417,3.819,-305.949554443359,link-1,true
return,12418,4.381,-305.949554443359,link-1,true
return,12419,3.822,-305.949554443359,link-1,true
return,12420,5.635,-305.456298828125,link-1,true
return,12421,3.748,-305.456298828125,link-1,true
return,12422,3.431,-305.456298828125,link-1,true
return,12423,3.764,-305.456298828125,link-1,true
return,12424,4.86,-304.963470458984,link-1,true
return,12425,4.063,-304.963470458984,link-1,true
return,12426,4.256,-304.963470458984,link-1,true
return,12427,3.668,-304.963470458984,link-1,true
return,12428,5.446,-304.46923828125,link-1,true
return,12429,4.238,-304.46923828125,link-1,true
return,12430,4.393,-304.46923828125,link-1,true
return,12431,4.03,-304.46923828125,link-1,true
return,12432,5.295,-303.975433349609,link-1,true
return,12433,3.739,-303.975433349609,link-1,true
return,12434,3.454,-303.975433349609,link-1,true
return,12435,3.375,-303.975433349609,link-1,true
return,12436,4.862,-303.482055664062,link-1,true
return,12437,4.636,-303.482055664062,link-1,true
return,12438,4.302,-303.482055664062,link-1,true
return,12439,3.901,-303.482055664062,link-1,true
return,12440,5.283,-302.989135742188,link-1,true
return,12441,4.382,-302.989135742188,link-1,true
return,12442,4.044,-302.989135742188,link-1,true
return,12443,4.902,-302.989135742188,link-1,true
return,12444,4.915,-302.494781494141,link-1,true
return,12445,3.853,-302.494781494141,link-1,true
return,12446,3.762,-302.494781494141,link-1,true
return,12447,4.519,-302.494781494141,link-1,true
return,12448,4.888,-302.000854492188,link-1,true
return,12449,3.629,-302.000854492188,link-1,true
return,12450,4.089,-302.000854492188,link-1,true
return,12451,5.105,-301.507385253906,link-1,true
return,12452,4.281,-301.507385253906,link-1,true
return,12453,4.247,-301.507385253906,link-1,true
return,12454,3.983,-301.507385253906,link-1,true
return,12455,5.667,-301.014343261719,link-1,true
return,12456,4.275,-301.014343261719,link-1,true
return,12457,3.753,-301.014343261719,link-1,true
return,12458,3.91,-301.014343261719,link-1,true
return,12459,5.601,-300.519866943359,link-1,true
return,12460,4.422,-300.519866943359,link-1,true
return,12461,3.889,-300.519866943359,link-1,true
return,12462,5.029,-300.519866943359,link-1,true
return,12463,6.034,-300.025817871094,link-1,true
return,12464,4.676,-300.025817871094,link-1,true
return,12465,4.18,-300.025817871094,link-1,true
return,12466,7.529,-299.5322265625,link-1,true
return,12467,4.369,-299.5322265625,link-1,true
return,12468,7.131,-299.5322265625,link-1,true
return,12469,4.548,-299.5322265625,link-1,true
return,12470,4.938,-299.0390625,link-1,true
return,12471,4.295,-299.0390625,link-1,true
return,12472,4.371,-299.0390625,link-1,true
return,12473,4.147,-299.0390625,link-1,true
return,12474,4.381,-298.544464111328,link-1,true
return,12475,3.986,-298.544464111328,link-1,true
return,12476,4.199,-298.544464111328,link-1,true
return,12477,4.98,-298.05029296875,link-1,true
return,12478,4.009,-298.05029296875,link-1,true
return,12479,4.281,-298.05029296875,link-1,true
return,12480,4.366,-298.05029296875,link-1,true
return,12481,4.917,-297.556579589844,link-1,true
return,12482,4.501,-297.556579589844,link-1,true
return,12483,4.861,-297.556579589844,link-1,true
return,12484,3.948,-297.556579589844,link-1,true
return,12485,5.184,-297.063293457031,link-1,true
return,12486,4.217,-297.063293457031,link-1,true
return,12487,4.707,-297.063293457031,link-1,true
return,12488,5.512,-296.568603515625,link-1,true
return,12489,4.453,-296.568603515625,link-1,true
return,12490,4.567,-296.568603515625,link-1,true
return,12491,4.723,-296.568603515625,link-1,true
return,12492,4.39,-296.074340820312,link-1,true
return,12493,3.908,-296.074340820312,link-1,true
return,12494,5.066,-296.074340820312,link-1,true
return,12495,3.944,-296.074340820312,link-1,true
return,12496,5.471,-295.580505371094,link-1,true
return,12497,3.59,-295.580505371094,link-1,true
return,12498,12.543,-295.087097167969,link-1,true
return,12499,23.985,-294.59228515625,link-1,true
return,12500,14.565,-294.097900390625,link-1,true
return,12501,23.06,-293.603973388672,link-1,true
return,12502,18.996,-293.110473632812,link-1,true
return,12503,23.591,-292.119201660156,link-1,true
return,12504,19.228,-291.623291015625,link-1,true
return,12505,20.215,-291.127838134766,link-1,true
return,12506,20.269,-290.6328125,link-1,true
return,12507,15.314,-290.138244628906,link-1,true
return,12508,18.206,-289.644104003906,link-1,true
return,12509,22.172,-288.657165527344,link-1,true
return,12510,14.441,-288.162475585938,link-1,true
return,12511,23.233,-287.668243408203,link-1,true
return,12512,18.935,-287.174438476562,link-1,true
return,12513,21.6,-286.67919921875,link-1,true
return,12514,20.02,-285.690063476562,link-1,true
return,12515,15.124,-285.196166992188,link-1,true
return,12516,18.464,-284.700836181641,link-1,true
return,12517,21.811,-284.205963134766,link-1,true
return,12518,15.024,-283.711517333984,link-1,true
return,12519,23.01,-283.217529296875,link-1,true
return,12520,19.323,-282.225280761719,link-1,true
return,12521,21.377,-281.728881835938,link-1,true
return,12522,17.872,-281.232940673828,link-1,true
return,12523,19.841,-280.737457275391,link-1,true
return,12524,20.19,-280.242401123047,link-1,true
return,12525,15.942,-279.253631591797,link-1,true
return,12526,18.145,-278.758056640625,link-1,true
return,12527,21.921,-278.262939453125,link-1,true
return,12528,14.957,-277.768249511719,link-1,true
return,12529,23.693,-277.274017333984,link-1,true
return,12530,18.149,-276.778350830078,link-1,true
return,12531,24.087,-275.788360595703,link-1,true
return,12532,19.022,-275.294036865234,link-1,true
return,12533,20.264,-274.798278808594,link-1,true
return,12534,15.386,-274.302978515625,link-1,true
return,12535,23.199,-273.808135986328,link-1,true
return,12536,19.207,-272.819793701172,link-1,true
return,12537,23.266,-272.324432373047,link-1,true
return,12538,19.648,-271.829498291016,link-1,true
return,12539,15.595,-271.335021972656,link-1,true
return,12540,18.736,-270.839141845703,link-1,true
return,12541,21.711,-270.343688964844,link-1,true
return,12542,17.884,-269.354156494141,link-1,true
return,12543,20.456,-268.858215332031,link-1,true
return,12544,15.513,-268.362701416016,link-1,true
return,12545,23.782,-267.867645263672,link-1,true
return,12546,19.434,-267.373046875,link-1,true
return,12547,20.892,-266.379577636719,link-1,true
return,12548,19.255,-265.882598876953,link-1,true
return,12549,15.475,-265.386077880859,link-1,true
return,12550,18.582,-264.890014648438,link-1,true
return,12551,21.932,-264.394378662109,link-1,true
return,12552,14.795,-263.899200439453,link-1,true
return,12553,23.605,-262.910217285156,link-1,true
return,12554,19.47,-262.414520263672,link-1,true
return,12555,27.827,-261.919281005859,link-1,true
return,12556,9.799,-261.424499511719,link-1,true
return,12557,21.94,-260.93017578125,link-1,true
return,12558,19.295,-260.434448242188,link-1,true
return,12559,20.478,-259.4443359375,link-1,true
return,12560,18.862,-258.949951171875,link-1,true
return,12561,18.379,-258.454162597656,link-1,true
return,12562,19.557,-257.958831787109,link-1,true
return,12563,20.031,-257.463958740234,link-1,true
return,12564,15.537,-256.969543457031,link-1,true
return,12565,22.838,-255.976440429688,link-1,true
return,12566,18.532,-255.479644775391,link-1,true
return,12567,14.96,-254.983306884766,link-1,true
return,12568,22.983,-254.487426757812,link-1,true
return,12569,18.685,-253.992004394531,link-1,true
return,12570,23.164,-253.497039794922,link-1,true
return,12571,18.117,-252.50846862793,link-1,true
return,12572,19.256,-252.013000488281,link-1,true
return,12573,13.466,-251.517990112305,link-1,true
return,12574,22.143,-251.0234375,link-1,true
return,12575,15.568,-250.527465820312,link-1,true
return,12576,19.074,-250.031951904297,link-1,true
return,12577,14.798,-249.536895751953,link-1,true
return,12578,21.648,-248.548156738281,link-1,true
return,12579,21.945,-248.052612304688,link-1,true
return,12580,16.825,-247.557525634766,link-1,true
return,12581,18.225,-247.062896728516,link-1,true
return,12582,20.292,-246.566864013672,link-1,true
return,12583,19.242,-246.071273803711,link-1,true
return,12584,14.697,-245.576156616211,link-1,true
return,12585,19.234,-245.081481933594,link-1,true
return,12586,13.26,-244.585403442383,link-1,true
return,12587,23.168,-243.594635009766,link-1,true
return,12588,28.779,-243.09992980957,link-1,true
return,12589,16.652,-242.603820800781,link-1,true
return,12590,26.578,-242.108169555664,link-1,true
return,12591,17.595,-241.612991333008,link-1,true
return,12592,24.452,-241.118255615234,link-1,true
return,12593,14.881,-240.622116088867,link-1,true
return,12594,15.693,-240.126434326172,link-1,true
return,12595,20.444,-239.136459350586,link-1,true
return,12596,17.194,-238.64030456543,link-1,true
return,12597,19.938,-238.144592285156,link-1,true
return,12598,14.82,-237.649353027344,link-1,true
return,12599,23.38,-237.154571533203,link-1,true
return,12600,19.028,-236.658386230469,link-1,true
return,12601,19.436,-236.162658691406,link-1,true
return,12602,21.042,-235.172576904297,link-1,true
return,12603,14.916,-234.676361083984,link-1,true
return,12604,23.215,-234.180603027344,link-1,true
return,12605,19.165,-233.685317993164,link-1,true
return,12606,27.03,-232.69612121582,link-1,true
return,12607,16.261,-232.200347900391,link-1,true
return,12608,24.796,-231.705032348633,link-1,true
return,12609,18.739,-231.210174560547,link-1,true
return,12610,22.588,-230.216247558594,link-1,true
return,12611,18.883,-229.719055175781,link-1,true
return,12612,20.131,-229.222320556641,link-1,true
return,12613,15.505,-228.726043701172,link-1,true
return,12614,19.069,-227.734878540039,link-1,true
return,12615,21.417,-227.239990234375,link-1,true
return,12616,14.982,-226.743698120117,link-1,true
return,12617,24.562,-226.247863769531,link-1,true
return,12618,18.014,-225.752502441406,link-1,true
return,12619,14.912,-224.763153076172,link-1,true
return,12620,13.747,-224.267303466797,link-1,true
return,12621,18.356,-223.771911621094,link-1,true
return,12622,16.36,-223.276977539062,link-1,true
return,12623,22.148,-222.780654907227,link-1,true
return,12624,14.062,-222.284790039062,link-1,true
return,12625,22.936,-221.78938293457,link-1,true
return,12626,19.033,-221.29443359375,link-1,true
return,12627,15.441,-220.798080444336,link-1,true
return,12628,18.789,-220.302185058594,link-1,true
return,12629,22.097,-219.311798095703,link-1,true
return,12630,14.474,-218.8154296875,link-1,true
return,12631,23.55,-218.319519042969,link-1,true
return,12632,18.99,-217.824081420898,link-1,true
return,12633,23.73,-217.3291015625,link-1,true
return,12634,19.524,-216.832717895508,link-1,true
return,12635,15.469,-216.336791992188,link-1,true
return,12636,23.584,-215.841339111328,link-1,true
return,12637,18.875,-215.346343994141,link-1,true
return,12638,21.995,-214.357727050781,link-1,true
return,12639,19.48,-213.862243652344,link-1,true
return,12640,15.579,-213.367218017578,link-1,true
return,12641,18.505,-212.872665405273,link-1,true
return,12642,22.167,-212.376693725586,link-1,true
return,12643,14.993,-211.881195068359,link-1,true
return,12644,23.527,-211.386154174805,link-1,true
return,12645,19.269,-210.891586303711,link-1,true
return,12646,20.042,-209.898223876953,link-1,true
return,12647,21.048,-209.401306152344,link-1,true
return,12648,14.965,-208.904846191406,link-1,true
return,12649,23.241,-208.40885925293,link-1,true
return,12650,19.21,-207.913330078125,link-1,true
return,12651,20.202,-206.923645019531,link-1,true
return,12652,20.221,-206.427627563477,link-1,true
return,12653,20.655,-205.932067871094,link-1,true
return,12654,15.863,-205.436981201172,link-1,true
return,12655,19.005,-204.942352294922,link-1,true
return,12656,22.204,-204.446319580078,link-1,true
return,12657,15.568,-203.455642700195,link-1,true
return,12658,23.221,-202.960998535156,link-1,true
return,12659,19.517,-202.464950561523,link-1,true
return,12660,23.937,-201.969360351562,link-1,true
return,12661,21.124,-200.979568481445,link-1,true
return,12662,15.085,-200.483489990234,link-1,true
return,12663,23.55,-199.987869262695,vale-0,true
return,12664,19.459,-199.492721557617,vale-0,true
return,12665,24.429,-198.503799438477,vale-0,true
return,12666,19.506,-198.008163452148,vale-0,true
return,12667,20.72,-197.512985229492,vale-0,true
return,12668,16.069,-197.018264770508,vale-0,true
return,12669,19.57,-196.024612426758,vale-0,true
return,12670,21.973,-195.527557373047,vale-0,true
return,12671,15.488,-195.030960083008,vale-0,true
return,12672,23.716,-194.53483581543,vale-0,true
return,12673,19.901,-193.543960571289,vale-0,true
return,12674,23.471,-193.049209594727,vale-0,true
return,12675,20.188,-192.55305480957,vale-0,true
return,12676,15.888,-192.057357788086,vale-0,true
return,12677,24.345,-191.067352294922,vale-0,true
return,12678,18.833,-190.571166992188,vale-0,true
return,12679,24.162,-190.075454711914,vale-0,true
return,12680,19.172,-189.580200195312,vale-0,true
return,12681,21.053,-188.591064453125,vale-0,true
return,12682,20.047,-188.095321655273,vale-0,true
return,12683,20.691,-187.600036621094,vale-0,true
return,12684,15.877,-187.105209350586,vale-0,true
return,12685,18.812,-186.608993530273,vale-0,true
return,12686,22.752,-185.617935180664,vale-0,true
return,12687,14.671,-185.123092651367,vale-0,true
return,12688,23.326,-184.626846313477,vale-0,true
return,12689,19.285,-184.131057739258,vale-0,true
return,12690,22.28,-183.140853881836,vale-0,true
return,12691,19.351,-182.644577026367,vale-0,true
return,12692,20.226,-182.14875793457,vale-0,true
return,12693,15.58,-181.653411865234,vale-0,true
return,12694,18.586,-181.15852355957,vale-0,true
return,12695,22.118,-180.662231445312,vale-0,true
return,12696,15.172,-180.166397094727,vale-0,true
return,12697,23.502,-179.17610168457,vale-0,true
return,12698,18.923,-178.679779052734,vale-0,true
return,12699,23.738,-178.183929443359,vale-0,true
return,12700,19.823,-177.688537597656,vale-0,true
return,12701,15.82,-177.193603515625,vale-0,true
return,12702,23.048,-176.697250366211,vale-0,true
return,12703,19.481,-175.705963134766,vale-0,true
return,12704,19.532,-175.210998535156,vale-0,true
return,12705,20.245,-174.714630126953,vale-0,true
return,12706,15.667,-174.218734741211,vale-0,true
return,12707,19.041,-173.723297119141,vale-0,true
return,12708,21.792,-173.228317260742,vale-0,true
return,12709,15.153,-172.733795166016,vale-0,true
return,12710,23.599,-171.740539550781,vale-0,true
return,12711,18.866,-171.243667602539,vale-0,true
return,12712,23.612,-170.747268676758,vale-0,true
return,12713,19.684,-170.251327514648,vale-0,true
return,12714,20.439,-169.755844116211,vale-0,true
return,12715,15.737,-169.260833740234,vale-0,true
return,12716,19.179,-168.272186279297,vale-0,true
return,12717,21.835,-167.776672363281,vale-0,true
return,12718,15.077,-167.281616210938,vale-0,true
return,12719,23.387,-166.787033081055,vale-0,true
return,12720,19.172,-166.291046142578,vale-0,true
return,12721,19.724,-165.795516967773,vale-0,true
return,12722,20.655,-164.805847167969,vale-0,true
return,12723,15.238,-164.309829711914,vale-0,true
return,12724,18.398,-163.814270019531,vale-0,true
return,12725,17.787,-163.319183349609,vale-0,true
return,12726,15.074,-162.82453918457,vale-0,true
return,12727,21.237,-162.328491210938,vale-0,true
return,12728,18.093,-161.832916259766,vale-0,true
return,12729,16.007,-160.843139648438,vale-0,true
return,12730,18.644,-160.347076416016,vale-0,true
return,12731,22.211,-159.851470947266,vale-0,true
return,12732,15.383,-159.356323242188,vale-0,true
return,12733,23.478,-158.861633300781,vale-0,true
return,12734,19.497,-158.365539550781,vale-0,true
return,12735,19.678,-157.869903564453,vale-0,true
return,12736,20.801,-156.880035400391,vale-0,true
return,12737,15.361,-156.383911132812,vale-0,true
return,12738,18.819,-155.888259887695,vale-0,true
return,12739,22.044,-155.39306640625,vale-0,true
return,12740,15.24,-154.898330688477,vale-0,true
return,12741,13.771,-154.402191162109,vale-0,true
return,12742,5.407,-153.906524658203,vale-0,true
return,12743,4.018,-153.906524658203,vale-0,true
return,12744,4.242,-153.906524658203,vale-0,true
return,12745,3.624,-153.906524658203,vale-0,true
return,12746,4.359,-153.411315917969,vale-0,true
return,12747,4.24,-153.411315917969,vale-0,true
return,12748,3.797,-153.411315917969,vale-0,true
return,12749,3.618,-153.411315917969,vale-0,true
return,12750,3.488,-153.411315917969,vale-0,true
return,12751,4.496,-152.916564941406,vale-0,true
return,12752,4.288,-152.916564941406,vale-0,true
return,12753,3.615,-152.916564941406,vale-0,true
return,12754,3.594,-152.916564941406,vale-0,true
return,12755,4.513,-152.42041015625,vale-0,true
return,12756,4.858,-152.42041015625,vale-0,true
return,12757,4.19,-152.42041015625,vale-0,true
return,12758,3.604,-152.42041015625,vale-0,true
return,12759,3.582,-152.42041015625,vale-0,true
return,12760,4.87,-151.924713134766,vale-0,true
return,12761,3.308,-151.924713134766,vale-0,true
return,12762,3.16,-151.924713134766,vale-0,true
return,12763,3.99,-151.924713134766,vale-0,true
return,12764,4.681,-151.429473876953,vale-0,true
return,12765,4.416,-151.429473876953,vale-0,true
return,12766,3.891,-151.429473876953,vale-0,true
return,12767,3.686,-151.429473876953,vale-0,true
return,12768,4.758,-151.429473876953,vale-0,true
return,12769,4.707,-150.934692382812,vale-0,true
return,12770,4.215,-150.934692382812,vale-0,true
return,12771,3.894,-150.934692382812,vale-0,true
return,12772,4.121,-150.934692382812,vale-0,true
return,12773,4.47,-150.438522338867,vale-0,true
return,12774,3.858,-150.438522338867,vale-0,true
return,12775,3.731,-150.438522338867,vale-0,true
return,12776,4.106,-150.438522338867,vale-0,true
return,12777,4.501,-149.942810058594,vale-0,true
return,12778,3.748,-149.942810058594,vale-0,true
return,12779,3.459,-149.942810058594,vale-0,true
return,12780,5.212,-149.942810058594,vale-0,true
return,12781,4.807,-149.447540283203,vale-0,true
return,12782,3.92,-149.447540283203,vale-0,true
return,12783,3.725,-149.447540283203,vale-0,true
return,12784,4.299,-149.447540283203,vale-0,true
return,12785,4.325,-148.952743530273,vale-0,true
return,12786,3.966,-148.952743530273,vale-0,true
return,12787,3.271,-148.952743530273,vale-0,true
return,12788,5.019,-148.952743530273,vale-0,true
return,12789,4.674,-148.45654296875,vale-0,true
return,12790,3.962,-148.45654296875,vale-0,true
return,12791,4.157,-148.45654296875,vale-0,true
return,12792,4.062,-148.45654296875,vale-0,true
return,12793,4.399,-147.960800170898,vale-0,true
return,12794,3.926,-147.960800170898,vale-0,true
return,12795,3.642,-147.960800170898,vale-0,true
return,12796,4.533,-147.960800170898,vale-0,true
return,12797,4.655,-147.465530395508,vale-0,true
return,12798,3.891,-147.465530395508,vale-0,true
return,12799,3.575,-147.465530395508,vale-0,true
return,12800,3.893,-147.465530395508,vale-0,true
return,12801,4.617,-146.970703125,vale-0,true
return,12802,3.833,-146.970703125,vale-0,true
return,12803,3.43,-146.970703125,vale-0,true
return,12804,5.439,-146.970703125,vale-0,true
return,12805,4.469,-146.474472045898,vale-0,true
return,12806,4.297,-146.474472045898,vale-0,true
return,12807,3.874,-146.474472045898,vale-0,true
return,12808,3.808,-146.474472045898,vale-0,true
return,12809,4.463,-145.978698730469,vale-0,true
return,12810,3.416,-145.978698730469,vale-0,true
return,12811,3.202,-145.978698730469,vale-0,true
return,12812,4.205,-145.978698730469,vale-0,true
return,12813,4.746,-145.4833984375,vale-0,true
return,12814,3.885,-145.4833984375,vale-0,true
return,12815,3.796,-145.4833984375,vale-0,true
return,12816,4.048,-145.4833984375,vale-0,true
return,12817,4.864,-144.988555908203,vale-0,true
return,12818,3.934,-144.988555908203,vale-0,true
return,12819,3.443,-144.988555908203,vale-0,true
return,12820,4.787,-144.988555908203,vale-0,true
return,12821,4.723,-144.492309570312,vale-0,true
return,12822,4.094,-144.492309570312,vale-0,true
return,12823,3.324,-144.492309570312,vale-0,true
return,12824,4.48,-144.492309570312,vale-0,true
return,12825,4.472,-143.996520996094,vale-0,true
return,12826,3.654,-143.996520996094,vale-0,true
return,12827,3.819,-143.996520996094,vale-0,true
return,12828,4.46,-143.996520996094,vale-0,true
return,12829,5.28,-143.501190185547,vale-0,true
return,12830,3.771,-143.501190185547,vale-0,true
return,12831,3.399,-143.501190185547,vale-0,true
return,12832,4.558,-143.501190185547,vale-0,true
return,12833,4.429,-143.006332397461,vale-0,true
return,12834,3.528,-143.006332397461,vale-0,true
return,12835,3.973,-143.006332397461,vale-0,true
return,12836,3.91,-143.006332397461,vale-0,true
return,12837,5.1,-142.510070800781,vale-0,true
return,12838,3.871,-142.510070800781,vale-0,true
return,12839,3.186,-142.510070800781,vale-0,true
return,12840,3.986,-142.510070800781,vale-0,true
return,12841,3.899,-142.510070800781,vale-0,true
return,12842,4.346,-142.014266967773,vale-0,true
return,12843,3.643,-142.014266967773,vale-0,true
return,12844,3.623,-142.014266967773,vale-0,true
return,12845,4.571,-142.014266967773,vale-0,true
return,12846,5.061,-141.518920898438,vale-0,true
return,12847,3.645,-141.518920898438,vale-0,true
return,12848,4.291,-141.518920898438,vale-0,true
return,12849,3.748,-141.518920898438,vale-0,true
return,12850,3.747,-141.024032592773,vale-0,true
return,12851,3.777,-141.024032592773,vale-0,true
return,12852,3.288,-141.024032592773,vale-0,true
return,12853,4.067,-141.024032592773,vale-0,true
return,12854,4.909,-140.527740478516,vale-0,true
return,12855,3.969,-140.527740478516,vale-0,true
return,12856,4.065,-140.527740478516,vale-0,true
return,12857,3.934,-140.527740478516,vale-0,true
return,12858,4.74,-140.03190612793,vale-0,true
return,12859,3.563,-140.03190612793,vale-0,true
return,12860,3.635,-140.03190612793,vale-0,true
return,12861,4.24,-140.03190612793,vale-0,true
return,12862,4.67,-139.536544799805,vale-0,true
return,12863,3.642,-139.536544799805,vale-0,true
return,12864,3.68,-139.536544799805,vale-0,true
return,12865,3.658,-139.536544799805,vale-0,true
return,12866,3.116,-139.536544799805,vale-0,true
return,12867,6.289,-139.041641235352,vale-0,true
return,12868,3.659,-139.041641235352,vale-0,true
return,12869,4.267,-139.041641235352,vale-0,true
return,12870,3.706,-139.041641235352,vale-0,true
return,12871,4.073,-138.545333862305,vale-0,true
return,12872,4.079,-138.545333862305,vale-0,true
return,12873,3.384,-138.545333862305,vale-0,true
return,12874,4.774,-138.545333862305,vale-0,true
return,12875,4.271,-138.04948425293,vale-0,true
return,12876,3.426,-138.04948425293,vale-0,true
return,12877,3.885,-138.04948425293,vale-0,true
return,12878,4.152,-138.04948425293,vale-0,true
return,12879,4.228,-137.554092407227,vale-0,true
return,12880,4.877,-137.554092407227,vale-0,true
return,12881,4.13,-137.554092407227,vale-0,true
return,12882,4.118,-137.554092407227,vale-0,true
return,12883,4.403,-137.059158325195,vale-0,true
return,12884,3.628,-137.059158325195,vale-0,true
return,12885,3.598,-137.059158325195,vale-0,true
return,12886,4.017,-137.059158325195,vale-0,true
return,12887,4.268,-136.56282043457,vale-0,true
return,12888,4.197,-136.56282043457,vale-0,true
return,12889,3.748,-136.56282043457,vale-0,true
return,12890,4.101,-136.56282043457,vale-0,true
return,12891,4.509,-136.066940307617,vale-0,true
return,12892,3.471,-136.066940307617,vale-0,true
return,12893,3.772,-136.066940307617,vale-0,true
return,12894,4.015,-136.066940307617,vale-0,true
return,12895,5.118,-135.571533203125,vale-0,true
return,12896,4.489,-135.571533203125,vale-0,true
return,12897,3.468,-135.571533203125,vale-0,true
return,12898,4.442,-135.571533203125,vale-0,true
return,12899,4.214,-135.076583862305,vale-0,true
return,12900,3.54,-135.076583862305,vale-0,true
return,12901,3.347,-135.076583862305,vale-0,true
return,12902,3.837,-135.076583862305,vale-0,true
return,12903,4.873,-134.580230712891,vale-0,true
return,12904,3.895,-134.580230712891,vale-0,true
return,12905,4.411,-134.580230712891,vale-0,true
return,12906,4.085,-134.580230712891,vale-0,true
return,12907,4.374,-134.084350585938,vale-0,true
return,12908,4.313,-134.084350585938,vale-0,true
return,12909,3.658,-134.084350585938,vale-0,true
return,12910,3.734,-134.084350585938,vale-0,true
return,12911,4.842,-133.588912963867,vale-0,true
return,12912,7.178,-133.588912963867,vale-0,true
return,12913,7.447,-133.588912963867,vale-0,true
return,12914,4.775,-133.588912963867,vale-0,true
return,12915,5.008,-133.093948364258,vale-0,true
return,12916,4.729,-133.093948364258,vale-0,true
return,12917,6.391,-133.093948364258,vale-0,true
return,12918,4.776,-133.093948364258,vale-0,true
return,12919,4.773,-132.597564697266,vale-0,true
return,12920,3.933,-132.597564697266,vale-0,true
return,12921,4.326,-132.597564697266,vale-0,true
return,12922,3.589,-132.597564697266,vale-0,true
return,12923,5.499,-132.101654052734,vale-0,true
return,12924,3.808,-132.101654052734,vale-0,true
return,12925,3.648,-132.101654052734,vale-0,true
return,12926,5.088,-131.606201171875,vale-0,true
return,12927,3.926,-131.606201171875,vale-0,true
return,12928,3.468,-131.606201171875,vale-0,true
return,12929,3.742,-131.606201171875,vale-0,true
return,12930,5.401,-131.111206054688,vale-0,true
return,12931,5.15,-131.111206054688,vale-0,true
return,12932,4.81,-131.111206054688,vale-0,true
return,12933,4.529,-131.111206054688,vale-0,true
return,12934,6.285,-130.614807128906,vale-0,true
return,12935,4.954,-130.614807128906,vale-0,true
return,12936,4.619,-130.614807128906,vale-0,true
return,12937,6.15,-130.118865966797,vale-0,true
return,12938,3.988,-130.118865966797,vale-0,true
return,12939,3.864,-130.118865966797,vale-0,true
return,12940,5.863,-129.623397827148,vale-0,true
return,12941,3.737,-129.623397827148,vale-0,true
return,12942,3.779,-129.623397827148,vale-0,true
return,12943,3.706,-129.623397827148,vale-0,true
return,12944,4.305,-129.128387451172,vale-0,true
return,12945,4.494,-129.128387451172,vale-0,true
return,12946,3.827,-129.128387451172,vale-0,true
return,12947,4.728,-128.633850097656,vale-0,true
return,12948,3.25,-128.633850097656,vale-0,true
return,12949,4.348,-128.633850097656,vale-0,true
return,12950,4.36,-128.633850097656,vale-0,true
return,12951,4.178,-128.137893676758,vale-0,true
return,12952,3.498,-128.137893676758,vale-0,true
return,12953,3.502,-128.137893676758,vale-0,true
return,12954,4.426,-127.642395019531,vale-0,true
return,12955,3.961,-127.642395019531,vale-0,true
return,12956,3.578,-127.642395019531,vale-0,true
return,12957,3.922,-127.642395019531,vale-0,true
return,12958,4.706,-127.147361755371,vale-0,true
return,12959,3.871,-127.147361755371,vale-0,true
return,12960,3.675,-127.147361755371,vale-0,true
return,12961,4.549,-126.652793884277,vale-0,true
return,12962,3.664,-126.652793884277,vale-0,true
return,12963,5.053,-126.652793884277,vale-0,true
return,12964,5.945,-126.652793884277,vale-0,true
return,12965,6.516,-126.156814575195,vale-0,true
return,12966,3.696,-126.156814575195,vale-0,true
return,12967,3.868,-126.156814575195,vale-0,true
return,12968,4.255,-125.66130065918,vale-0,true
return,12969,4.077,-125.66130065918,vale-0,true
return,12970,3.929,-125.66130065918,vale-0,true
return,12971,4.096,-125.66130065918,vale-0,true
return,12972,5.525,-125.166244506836,vale-0,true
return,12973,3.763,-125.166244506836,vale-0,true
return,12974,3.481,-125.166244506836,vale-0,true
return,12975,3.785,-125.166244506836,vale-0,true
return,12976,4.126,-124.671653747559,vale-0,true
return,12977,4.609,-124.671653747559,vale-0,true
return,12978,3.221,-124.671653747559,vale-0,true
return,12979,3.009,-124.671653747559,vale-0,true
return,12980,3.879,-124.671653747559,vale-0,true
return,12981,5.429,-124.175651550293,vale-0,true
return,12982,3.662,-124.175651550293,vale-0,true
return,12983,3.5,-124.175651550293,vale-0,true
return,12984,3.426,-124.175651550293,vale-0,true
return,12985,4.909,-123.680114746094,vale-0,true
return,12986,4.51,-123.680114746094,vale-0,true
return,12987,3.474,-123.680114746094,vale-0,true
return,12988,3.533,-123.680114746094,vale-0,true
return,12989,3.325,-123.680114746094,vale-0,true
return,12990,4.71,-123.185043334961,vale-0,true
return,12991,3.754,-123.185043334961,vale-0,true
return,12992,3.357,-123.185043334961,vale-0,true
return,12993,3.401,-123.185043334961,vale-0,true
return,12994,4.7,-122.690422058105,vale-0,true
return,12995,3.599,-122.690422058105,vale-0,true
return,12996,3.785,-122.690422058105,vale-0,true
return,12997,4.128,-122.690422058105,vale-0,true
return,12998,3.89,-122.690422058105,vale-0,true
return,12999,4.898,-122.194404602051,vale-0,true
return,13000,3.375,-122.194404602051,vale-0,true
return,13001,3.396,-122.194404602051,vale-0,true
return,13002,3.865,-122.194404602051,vale-0,true
return,13003,4.709,-121.698844909668,vale-0,true
return,13004,3.128,-121.698844909668,vale-0,true
return,13005,3.513,-121.698844909668,vale-0,true
return,13006,3.298,-121.698844909668,vale-0,true
return,13007,4.807,-121.698844909668,vale-0,true
return,13008,4.626,-121.203750610352,vale-0,true
return,13009,3.469,-121.203750610352,vale-0,true
return,13010,3.531,-121.203750610352,vale-0,true
return,13011,3.737,-121.203750610352,vale-0,true
return,13012,4.28,-120.709114074707,vale-0,true
return,13013,3.178,-120.709114074707,vale-0,true
return,13014,3.373,-120.709114074707,vale-0,true
return,13015,3.693,-120.709114074707,vale-0,true
return,13016,4.266,-120.709114074707,vale-0,true
return,13017,4.909,-120.213073730469,vale-0,true
return,13018,3.563,-120.213073730469,vale-0,true
return,13019,3.61,-120.213073730469,vale-0,true
return,13020,3.795,-120.213073730469,vale-0,true
return,13021,5.099,-119.717491149902,vale-0,true
return,13022,3.259,-119.717491149902,vale-0,true
return,13023,3.299,-119.717491149902,vale-0,true
return,13024,4.647,-119.717491149902,vale-0,true
return,13025,4.814,-119.222373962402,vale-0,true
return,13026,4.179,-119.222373962402,vale-0,true
return,13027,3.615,-119.222373962402,vale-0,true
return,13028,4.497,-119.222373962402,vale-0,true
return,13029,4.627,-118.727714538574,vale-0,true
return,13030,3.398,-118.727714538574,vale-0,true
return,13031,3.099,-118.727714538574,vale-0,true
return,13032,3.799,-118.727714538574,vale-0,true
return,13033,3.514,-118.727714538574,vale-0,true
return,13034,4.499,-118.231643676758,vale-0,true
return,13035,3.873,-118.231643676758,vale-0,true
return,13036,3.466,-118.231643676758,vale-0,true
return,13037,3.896,-118.231643676758,vale-0,true
return,13038,4.378,-117.736045837402,vale-0,true
return,13039,3.368,-117.736045837402,vale-0,true
return,13040,3.256,-117.736045837402,vale-0,true
return,13041,3.858,-117.736045837402,vale-0,true
return,13042,6.035,-117.240905761719,vale-0,true
return,13043,4.113,-117.240905761719,vale-0,true
return,13044,3.474,-117.240905761719,vale-0,true
return,13045,3.656,-117.240905761719,vale-0,true
return,13046,4.562,-116.746223449707,vale-0,true
return,13047,3.531,-116.746223449707,vale-0,true
return,13048,3.262,-116.746223449707,vale-0,true
return,13049,3.248,-116.746223449707,vale-0,true
return,13050,3.51,-116.746223449707,vale-0,true
return,13051,5.412,-116.250137329102,vale-0,true
return,13052,3.234,-116.250137329102,vale-0,true
return,13053,3.43,-116.250137329102,vale-0,true
return,13054,4.053,-116.250137329102,vale-0,true
return,13055,4.91,-115.754508972168,vale-0,true
return,13056,3.979,-115.754508972168,vale-0,true
return,13057,3.75,-115.754508972168,vale-0,true
return,13058,3.881,-115.754508972168,vale-0,true
return,13059,4.132,-115.259346008301,vale-0,true
return,13060,3.992,-115.259346008301,vale-0,true
return,13061,3.397,-115.259346008301,vale-0,true
return,13062,4.269,-115.259346008301,vale-0,true
return,13063,4.395,-114.764640808105,vale-0,true
return,13064,3.18,-114.764640808105,vale-0,true
return,13065,3.373,-114.764640808105,vale-0,true
return,13066,3.645,-114.764640808105,vale-0,true
return,13067,3.463,-114.764640808105,vale-0,true
return,13068,5.626,-114.268531799316,vale-0,true
return,13069,3.448,-114.268531799316,vale-0,true
return,13070,4.446,-114.268531799316,vale-0,true
return,13071,3.803,-114.268531799316,vale-0,true
return,13072,3.822,-113.772880554199,vale-0,true
return,13073,3.438,-113.772880554199,vale-0,true
return,13074,2.903,-113.772880554199,vale-0,true
return,13075,3.6,-113.772880554199,vale-0,true
return,13076,6.011,-113.277694702148,vale-0,true
return,13077,3.605,-113.277694702148,vale-0,true
return,13078,3.561,-113.277694702148,vale-0,true
return,13079,3.571,-113.277694702148,vale-0,true
return,13080,4.94,-112.78296661377,vale-0,true
return,13081,3.402,-112.78296661377,vale-0,true
return,13082,3.498,-112.78296661377,vale-0,true
return,13083,3.333,-112.78296661377,vale-0,true
return,13084,3.651,-112.78296661377,vale-0,true
return,13085,5.422,-112.286834716797,vale-0,true
return,13086,3.113,-112.286834716797,vale-0,true
return,13087,3.56,-112.286834716797,vale-0,true
return,13088,3.425,-112.286834716797,vale-0,true
return,13089,5.904,-111.791168212891,vale-0,true
return,13090,3.342,-111.791168212891,vale-0,true
return,13091,3.102,-111.791168212891,vale-0,true
return,13092,4.363,-111.791168212891,vale-0,true
return,13093,4.837,-111.295959472656,vale-0,true
return,13094,3.732,-111.295959472656,vale-0,true
return,13095,3.251,-111.295959472656,vale-0,true
return,13096,3.529,-111.295959472656,vale-0,true
return,13097,4.439,-111.295959472656,vale-0,true
return,13098,4.525,-110.801216125488,vale-0,true
return,13099,2.936,-110.801216125488,vale-0,true
return,13100,3.951,-110.801216125488,vale-0,true
return,13101,3.054,-110.801216125488,vale-0,true
return,13102,5.403,-110.305061340332,vale-0,true
return,13103,3.991,-110.305061340332,vale-0,true
return,13104,3.746,-110.305061340332,vale-0,true
return,13105,4.086,-110.305061340332,vale-0,true
return,13106,3.885,-109.809371948242,vale-0,true
return,13107,3.347,-109.809371948242,vale-0,true
return,13108,3.5,-109.809371948242,vale-0,true
return,13109,4.802,-109.809371948242,vale-0,true
return,13110,4.192,-109.314140319824,vale-0,true
return,13111,4.022,-109.314140319824,vale-0,true
return,13112,3.457,-109.314140319824,vale-0,true
return,13113,3.605,-109.314140319824,vale-0,true
return,13114,3.945,-109.314140319824,vale-0,true
return,13115,4.403,-108.819374084473,vale-0,true
return,13116,2.992,-108.819374084473,vale-0,true
return,13117,3.619,-108.819374084473,vale-0,true
return,13118,3.4,-108.819374084473,vale-0,true
return,13119,5.484,-108.323204040527,vale-0,true
return,13120,3.329,-108.323204040527,vale-0,true
return,13121,3.336,-108.323204040527,vale-0,true
return,13122,4.648,-108.323204040527,vale-0,true
return,13123,4.408,-107.827491760254,vale-0,true
return,13124,3.763,-107.827491760254,vale-0,true
return,13125,3.798,-107.827491760254,vale-0,true
return,13126,4.02,-107.827491760254,vale-0,true
return,13127,6.936,-107.332237243652,vale-0,true
return,13128,14.149,-107.332237243652,vale-0,true
return,13129,15.393,-106.837448120117,vale-0,true
return,13130,18.475,-106.341247558594,vale-0,true
return,13131,21.776,-105.845520019531,vale-0,true
return,13132,14.87,-105.350250244141,vale-0,true
return,13133,23.505,-104.361083984375,vale-0,true
return,13134,18.619,-103.865333557129,vale-0,true
return,13135,19.518,-103.37003326416,vale-0,true
return,13136,19.999,-102.875198364258,vale-0,true
return,13137,15.514,-102.378959655762,vale-0,true
return,13138,18.874,-101.883186340332,vale-0,true
return,13139,22.105,-100.893013000488,vale-0,true
return,13140,14.683,-100.396751403809,vale-0,true
return,13141,23.371,-99.9009552001953,vale-0,true
return,13142,19.066,-99.4056167602539,vale-0,true
return,13143,15.256,-98.9107437133789,vale-0,true
return,13144,18.35,-98.4144592285156,vale-0,true
return,13145,22.388,-97.4232788085938,vale-0,true
return,13146,14.953,-96.9283828735352,vale-0,true
return,13147,23.013,-96.4320755004883,vale-0,true
return,13148,19.243,-95.9362335205078,vale-0,true
return,13149,22.095,-95.4408493041992,vale-0,true
return,13150,19.794,-94.945930480957,vale-0,true
return,13151,16.312,-93.9518737792969,vale-0,true
return,13152,18.41,-93.4546051025391,vale-0,true
return,13153,22.18,-92.9578018188477,vale-0,true
return,13154,15.137,-92.4614562988281,vale-0,true
return,13155,23.555,-91.965576171875,vale-0,true
return,13156,15.266,-91.4701614379883,vale-0,true
return,13157,15.637,-90.9752044677734,vale-0,true
return,13158,18.964,-89.9810791015625,vale-0,true
return,13159,17.84,-89.4837799072266,vale-0,true
return,13160,15.665,-88.9869384765625,vale-0,true
return,13161,18.629,-88.4905624389648,vale-0,true
return,13162,21.974,-87.9946517944336,vale-0,true
return,13163,15.164,-87.4991989135742,vale-0,true
return,13164,18.871,-87.0042114257812,vale-0,true
return,13165,18.297,-86.010009765625,vale-0,true
return,13166,15.309,-85.5126724243164,vale-0,true
return,13167,18.562,-85.0157928466797,vale-0,true
return,13168,21.957,-84.5193862915039,vale-0,true
return,13169,15.088,-84.0234375,vale-0,true
return,13170,22.937,-83.527946472168,vale-0,true
return,13171,19.108,-83.0329208374023,vale-0,true
return,13172,15.177,-82.5383529663086,vale-0,true
return,13173,18.614,-82.0423812866211,vale-0,true
return,13174,18.443,-81.0518188476562,vale-0,true
return,13175,14.464,-81.0518188476562,vale-0,true
return,13176,19.185,-80.5572280883789,vale-0,true
return,13177,17.776,-80.0612335205078,vale-0,true
return,13178,15.459,-79.5657043457031,vale-0,true
return,13179,18.528,-79.0706329345703,vale-0,true
return,13180,17.509,-78.5760192871094,vale-0,true
return,13181,15.57,-78.0800018310547,vale-0,true
return,13182,18.447,-77.5844421386719,vale-0,true
return,13183,17.757,-77.0893478393555,vale-0,true
return,13184,15.59,-76.5947189331055,vale-0,true
return,13185,18.266,-76.0986785888672,vale-0,true
return,13186,17.927,-75.6030960083008,vale-0,true
return,13187,15.236,-75.1079788208008,vale-0,true
return,13188,18.349,-74.6133270263672,vale-0,true
return,13189,17.771,-74.1172637939453,vale-0,true
return,13190,15.403,-73.6216583251953,vale-0,true
return,13191,18.4,-73.1265182495117,vale-0,true
return,13192,17.816,-72.6318435668945,vale-0,true
return,13193,15.622,-72.1357574462891,vale-0,true
return,13194,18.471,-71.64013671875,vale-0,true
return,13195,21.929,-71.1449737548828,vale-0,true
return,13196,14.873,-70.650276184082,vale-0,true
return,13197,18.581,-70.1541748046875,vale-0,true
return,13198,18.274,-69.1633377075195,vale-0,true
return,13199,15.095,-68.6686172485352,vale-0,true
return,13200,18.639,-68.172492980957,vale-0,true
return,13201,18.052,-67.6768264770508,vale-0,true
return,13202,15.476,-67.1816177368164,vale-0,true
return,13203,18.533,-66.6868667602539,vale-0,true
return,13204,17.874,-66.1907196044922,vale-0,true
return,13205,15.465,-65.6950302124023,vale-0,true
return,13206,18.704,-65.1998062133789,vale-0,true
return,13207,17.918,-64.7050399780273,vale-0,true
return,13208,15.72,-64.208869934082,vale-0,true
return,13209,18.576,-63.7131576538086,vale-0,true
return,13210,18.584,-62.7231178283691,vale-0,true
return,13211,14.804,-62.2269248962402,vale-0,true
return,13212,23.166,-61.7311897277832,vale-0,true
return,13213,19.191,-61.2359161376953,vale-0,true
return,13214,20.074,-60.7411041259766,vale-0,true
return,13215,6.014,-60.2448844909668,vale-0,true
return,13216,4.124,-60.2448844909668,vale-0,true
return,13217,4.578,-59.7491302490234,vale-0,true
return,13218,2.979,-59.7491302490234,vale-0,true
return,13219,4.867,-59.7491302490234,vale-0,true
return,13220,3.669,-59.7491302490234,vale-0,true
return,13221,4.425,-59.253833770752,vale-0,true
return,13222,3.679,-59.253833770752,vale-0,true
return,13223,4.085,-59.253833770752,vale-0,true
return,13224,3.458,-59.253833770752,vale-0,true
return,13225,3.873,-59.253833770752,vale-0,true
return,13226,5.034,-58.7589988708496,vale-0,true
return,13227,3.449,-58.7589988708496,vale-0,true
return,13228,3.634,-58.7589988708496,vale-0,true
return,13229,3.567,-58.7589988708496,vale-0,true
return,13230,4.35,-58.2627601623535,vale-0,true
return,13231,3.908,-58.2627601623535,vale-0,true
return,13232,3.617,-58.2627601623535,vale-0,true
return,13233,3.502,-58.2627601623535,vale-0,true
return,13234,3.66,-58.2627601623535,vale-0,true
return,13235,5.043,-57.7669868469238,vale-0,true
return,13236,3.629,-57.7669868469238,vale-0,true
return,13237,3.376,-57.7669868469238,vale-0,true
return,13238,3.903,-57.7669868469238,vale-0,true
return,13239,4.003,-57.271671295166,vale-0,true
return,13240,4.325,-57.271671295166,vale-0,true
return,13241,3.664,-57.271671295166,vale-0,true
return,13242,3.546,-57.271671295166,vale-0,true
return,13243,3.443,-57.271671295166,vale-0,true
return,13244,6.047,-56.7768173217773,vale-0,true
return,13245,3.099,-56.7768173217773,vale-0,true
return,13246,3.256,-56.7768173217773,vale-0,true
return,13247,3.429,-56.7768173217773,vale-0,true
return,13248,5.528,-56.2805557250977,vale-0,true
return,13249,2.955,-56.2805557250977,vale-0,true
return,13250,3.349,-56.2805557250977,vale-0,true
return,13251,3.508,-56.2805557250977,vale-0,true
return,13252,4.003,-56.2805557250977,vale-0,true
return,13253,5.129,-55.7847557067871,vale-0,true
return,13254,3.043,-55.7847557067871,vale-0,true
return,13255,3.232,-55.7847557067871,vale-0,true
return,13256,3.693,-55.7847557067871,vale-0,true
return,13257,5.807,-55.289421081543,vale-0,true
return,13258,2.938,-55.289421081543,vale-0,true
return,13259,3.17,-55.289421081543,vale-0,true
return,13260,6.574,-55.289421081543,vale-0,true
return,13261,4.291,-54.7945442199707,vale-0,true
return,13262,3.711,-54.7945442199707,vale-0,true
return,13263,3.811,-54.7945442199707,vale-0,true
return,13264,4.377,-54.7945442199707,vale-0,true
return,13265,5.28,-54.2982597351074,vale-0,true
return,13266,3.683,-54.2982597351074,vale-0,true
return,13267,3.554,-54.2982597351074,vale-0,true
return,13268,5.824,-54.2982597351074,vale-0,true
return,13269,4.093,-53.8024406433105,vale-0,true
return,13270,3.239,-53.8024406433105,vale-0,true
return,13271,2.925,-53.8024406433105,vale-0,true
return,13272,3.224,-53.8024406433105,vale-0,true
return,13273,4.792,-53.8024406433105,vale-0,true
return,13274,4.435,-53.3070831298828,vale-0,true
return,13275,3.112,-53.3070831298828,vale-0,true
return,13276,3.374,-53.3070831298828,vale-0,true
return,13277,4.474,-53.3070831298828,vale-0,true
return,13278,5.099,-52.8121871948242,vale-0,true
return,13279,3.099,-52.8121871948242,vale-0,true
return,13280,3.186,-52.8121871948242,vale-0,true
return,13281,3.06,-52.8121871948242,vale-0,true
return,13282,5.188,-52.3158836364746,vale-0,true
return,13283,3.129,-52.3158836364746,vale-0,true
return,13284,3.205,-52.3158836364746,vale-0,true
return,13285,3.335,-52.3158836364746,vale-0,true
return,13286,5.191,-52.3158836364746,vale-0,true
return,13287,4.368,-51.8200416564941,vale-0,true
return,13288,2.73,-51.8200416564941,vale-0,true
return,13289,3.429,-51.8200416564941,vale-0,true
return,13290,3.476,-51.8200416564941,vale-0,true
return,13291,5.15,-51.3246612548828,vale-0,true
return,13292,3.031,-51.3246612548828,vale-0,true
return,13293,3.311,-51.3246612548828,vale-0,true
return,13294,3.605,-51.3246612548828,vale-0,true
return,13295,5.721,-50.8297462463379,vale-0,true
return,13296,3.004,-50.8297462463379,vale-0,true
return,13297,3.283,-50.8297462463379,vale-0,true
return,13298,3.603,-50.8297462463379,vale-0,true
return,13299,5.022,-50.8297462463379,vale-0,true
return,13300,4.288,-50.3334197998047,vale-0,true
return,13301,3.661,-50.3334197998047,vale-0,true
return,13302,2.974,-50.3334197998047,vale-0,true
return,13303,4.415,-50.3334197998047,vale-0,true
return,13304,3.992,-49.8375587463379,vale-0,true
return,13305,2.974,-49.8375587463379,vale-0,true
return,13306,3.352,-49.8375587463379,vale-0,true
return,13307,4.816,-49.8375587463379,vale-0,true
return,13308,3.268,-49.8375587463379,vale-0,true
return,13309,4.238,-49.3421592712402,vale-0,true
return,13310,3.339,-49.3421592712402,vale-0,true
return,13311,3.253,-49.3421592712402,vale-0,true
return,13312,4.475,-49.3421592712402,vale-0,true
return,13313,4.398,-48.8472213745117,vale-0,true
return,13314,3.29,-48.8472213745117,vale-0,true
return,13315,3.271,-48.8472213745117,vale-0,true
return,13316,3.522,-48.8472213745117,vale-0,true
return,13317,5.509,-48.3508758544922,vale-0,true
return,13318,3.058,-48.3508758544922,vale-0,true
return,13319,3.258,-48.3508758544922,vale-0,true
return,13320,3.268,-48.3508758544922,vale-0,true
return,13321,5.045,-48.3508758544922,vale-0,true
return,13322,4.085,-47.8549919128418,vale-0,true
return,13323,2.851,-47.8549919128418,vale-0,true
return,13324,3.566,-47.8549919128418,vale-0,true
return,13325,3.54,-47.8549919128418,vale-0,true
return,13326,4.977,-47.3595695495605,vale-0,true
return,13327,2.752,-47.3595695495605,vale-0,true
return,13328,3.517,-47.3595695495605,vale-0,true
return,13329,3.627,-47.3595695495605,vale-0,true
return,13330,4.819,-47.3595695495605,vale-0,true
return,13331,4.216,-46.8646125793457,vale-0,true
return,13332,3.423,-46.8646125793457,vale-0,true
return,13333,3.231,-46.8646125793457,vale-0,true
return,13334,5.052,-46.8646125793457,vale-0,true
return,13335,4.075,-46.3682479858398,vale-0,true
return,13336,2.899,-46.3682479858398,vale-0,true
return,13337,3.566,-46.3682479858398,vale-0,true
return,13338,3.273,-46.3682479858398,vale-0,true
return,13339,5.273,-45.8723449707031,vale-0,true
return,13340,3.25,-45.8723449707031,vale-0,true
return,13341,3.119,-45.8723449707031,vale-0,true
return,13342,3.303,-45.8723449707031,vale-0,true
return,13343,5.089,-45.8723449707031,vale-0,true
return,13344,4.235,-45.3769035339355,vale-0,true
return,13345,3.875,-45.3769035339355,vale-0,true
return,13346,4.79,-45.3769035339355,vale-0,true
return,13347,3.207,-45.3769035339355,vale-0,true
return,13348,3.933,-44.8819198608398,vale-0,true
return,13349,3.654,-44.8819198608398,vale-0,true
return,13350,3.258,-44.8819198608398,vale-0,true
return,13351,3.658,-44.8819198608398,vale-0,true
return,13352,4.428,-44.3855361938477,vale-0,true
return,13353,3.513,-44.3855361938477,vale-0,true
return,13354,3.699,-44.3855361938477,vale-0,true
return,13355,5.957,-44.3855361938477,vale-0,true
return,13356,4.111,-43.8896141052246,vale-0,true
return,13357,2.808,-43.8896141052246,vale-0,true
return,13358,3.081,-43.8896141052246,vale-0,true
return,13359,3.487,-43.8896141052246,vale-0,true
return,13360,4.356,-43.8896141052246,vale-0,true
return,13361,4.131,-43.3941497802734,vale-0,true
return,13362,3.341,-43.3941497802734,vale-0,true
return,13363,3.085,-43.3941497802734,vale-0,true
return,13364,3.284,-43.3941497802734,vale-0,true
return,13365,5.607,-42.8991508483887,vale-0,true
return,13366,3.182,-42.8991508483887,vale-0,true
return,13367,2.878,-42.8991508483887,vale-0,true
return,13368,3.54,-42.8991508483887,vale-0,true
return,13369,4.88,-42.8991508483887,vale-0,true
return,13370,4.117,-42.404613494873,vale-0,true
return,13371,2.899,-42.404613494873,vale-0,true
return,13372,3.127,-42.404613494873,vale-0,true
return,13373,3.42,-42.404613494873,vale-0,true
return,13374,5.185,-41.9086685180664,vale-0,true
return,13375,2.742,-41.9086685180664,vale-0,true
return,13376,3.324,-41.9086685180664,vale-0,true
return,13377,3.584,-41.9086685180664,vale-0,true
return,13378,5.067,-41.9086685180664,vale-0,true
return,13379,4.365,-41.4131813049316,vale-0,true
return,13380,2.886,-41.4131813049316,vale-0,true
return,13381,3.056,-41.4131813049316,vale-0,true
return,13382,4.639,-41.4131813049316,vale-0,true
return,13383,4.164,-40.9181594848633,vale-0,true
return,13384,2.848,-40.9181594848633,vale-0,true
return,13385,3.531,-40.9181594848633,vale-0,true
return,13386,3.291,-40.9181594848633,vale-0,true
return,13387,4.556,-40.9181594848633,vale-0,true
return,13388,4.232,-40.4235992431641,vale-0,true
return,13389,2.792,-40.4235992431641,vale-0,true
return,13390,3.458,-40.4235992431641,vale-0,true
return,13391,3.67,-40.4235992431641,vale-0,true
return,13392,5.053,-39.9276313781738,vale-0,true
return,13393,3.043,-39.9276313781738,vale-0,true
return,13394,3.216,-39.9276313781738,vale-0,true
return,13395,3.564,-39.9276313781738,vale-0,true
return,13396,5.992,-39.4321250915527,vale-0,true
return,13397,3.181,-39.4321250915527,vale-0,true
return,13398,2.91,-39.4321250915527,vale-0,true
return,13399,3.097,-39.4321250915527,vale-0,true
return,13400,5.01,-39.4321250915527,vale-0,true
return,13401,3.963,-38.9370765686035,vale-0,true
return,13402,3.106,-38.9370765686035,vale-0,true
return,13403,3.242,-38.9370765686035,vale-0,true
return,13404,3.23,-38.9370765686035,vale-0,true
return,13405,5.325,-38.4424934387207,vale-0,true
return,13406,2.773,-38.4424934387207,vale-0,true
return,13407,3.545,-38.4424934387207,vale-0,true
return,13408,3.435,-38.4424934387207,vale-0,true
return,13409,5.207,-38.4424934387207,vale-0,true
return,13410,4.215,-37.9465026855469,vale-0,true
return,13411,2.83,-37.9465026855469,vale-0,true
return,13412,3.511,-37.9465026855469,vale-0,true
return,13413,3.253,-37.9465026855469,vale-0,true
return,13414,5.201,-37.4509773254395,vale-0,true
return,13415,2.631,-37.4509773254395,vale-0,true
return,13416,3.855,-37.4509773254395,vale-0,true
return,13417,3.226,-37.4509773254395,vale-0,true
return,13418,4.913,-37.4509773254395,vale-0,true
return,13419,4.164,-36.9559097290039,vale-0,true
return,13420,2.676,-36.9559097290039,vale-0,true
return,13421,3.498,-36.9559097290039,vale-0,true
return,13422,3.389,-36.9559097290039,vale-0,true
return,13423,5.274,-36.4613037109375,vale-0,true
return,13424,2.672,-36.4613037109375,vale-0,true
return,13425,3.504,-36.4613037109375,vale-0,true
return,13426,3.421,-36.4613037109375,vale-0,true
return,13427,4.805,-36.4613037109375,vale-0,true
return,13428,4.225,-35.9652900695801,vale-0,true
return,13429,2.586,-35.9652900695801,vale-0,true
return,13430,3.58,-35.9652900695801,vale-0,true
return,13431,4.448,-35.9652900695801,vale-0,true
return,13432,4.444,-35.4697418212891,vale-0,true
return,13433,3.407,-35.4697418212891,vale-0,true
return,13434,2.877,-35.4697418212891,vale-0,true
return,13435,3.465,-35.4697418212891,vale-0,true
return,13436,5.757,-34.9746513366699,vale-0,true
return,13437,2.866,-34.9746513366699,vale-0,true
return,13438,3.038,-34.9746513366699,vale-0,true
return,13439,3.553,-34.9746513366699,vale-0,true
return,13440,5.231,-34.9746513366699,vale-0,true
return,13441,3.892,-34.4800224304199,vale-0,true
return,13442,3.145,-34.4800224304199,vale-0,true
return,13443,3.44,-34.4800224304199,vale-0,true
return,13444,4.332,-34.4800224304199,vale-0,true
return,13445,4.421,-33.9839897155762,vale-0,true
return,13446,2.849,-33.9839897155762,vale-0,true
return,13447,3.497,-33.9839897155762,vale-0,true
return,13448,3.408,-33.9839897155762,vale-0,true
return,13449,4.536,-33.9839897155762,vale-0,true
return,13450,4.124,-33.4884147644043,vale-0,true
return,13451,2.957,-33.4884147644043,vale-0,true
return,13452,3.398,-33.4884147644043,vale-0,true
return,13453,4.685,-33.4884147644043,vale-0,true
return,13454,4.273,-32.9933052062988,vale-0,true
return,13455,2.899,-32.9933052062988,vale-0,true
return,13456,3.483,-32.9933052062988,vale-0,true
return,13457,3.41,-32.9933052062988,vale-0,true
return,13458,5.479,-32.4986534118652,vale-0,true
return,13459,3.19,-32.4986534118652,vale-0,true
return,13460,2.826,-32.4986534118652,vale-0,true
return,13461,3.568,-32.4986534118652,vale-0,true
return,13462,5.066,-32.4986534118652,vale-0,true
return,13463,4.345,-32.0025978088379,vale-0,true
return,13464,2.917,-32.0025978088379,vale-0,true
return,13465,3.278,-32.0025978088379,vale-0,true
return,13466,3.261,-32.0025978088379,vale-0,true
return,13467,5.078,-31.5069999694824,vale-0,true
return,13468,2.875,-31.5069999694824,vale-0,true
return,13469,2.98,-31.5069999694824,vale-0,true
return,13470,3.89,-31.5069999694824,vale-0,true
return,13471,4.271,-31.5069999694824,vale-0,true
return,13472,4.588,-31.011869430542,vale-0,true
return,13473,3.25,-31.011869430542,vale-0,true
return,13474,2.927,-31.011869430542,vale-0,true
return,13475,3.226,-31.011869430542,vale-0,true
return,13476,5.751,-30.5171947479248,vale-0,true
return,13477,3.083,-30.5171947479248,vale-0,true
return,13478,3.012,-30.5171947479248,vale-0,true
return,13479,3.396,-30.5171947479248,vale-0,true
return,13480,5.046,-30.5171947479248,vale-0,true
return,13481,4.364,-30.0211181640625,vale-0,true
return,13482,2.923,-30.0211181640625,vale-0,true
return,13483,3.196,-30.0211181640625,vale-0,true
return,13484,4.727,-30.0211181640625,vale-0,true
return,13485,4.085,-29.5254974365234,vale-0,true
return,13486,2.681,-29.5254974365234,vale-0,true
return,13487,3.705,-29.5254974365234,vale-0,true
return,13488,4.251,-29.5254974365234,vale-0,true
return,13489,3.814,-29.5254974365234,vale-0,true
return,13490,4.754,-29.0303440093994,vale-0,true
return,13491,3.635,-29.0303440093994,vale-0,true
return,13492,3.773,-29.0303440093994,vale-0,true
return,13493,3.748,-29.0303440093994,vale-0,true
return,13494,4.639,-28.5356464385986,vale-0,true
return,13495,3.602,-28.5356464385986,vale-0,true
return,13496,7.447,-28.5356464385986,vale-0,true
return,13497,3.806,-28.5356464385986,vale-0,true
return,13498,3.387,-28.0395488739014,vale-0,true
return,13499,3.322,-28.0395488739014,vale-0,true
return,13500,2.979,-28.0395488739014,vale-0,true
return,13501,3.626,-28.0395488739014,vale-0,true
return,13502,4.444,-27.5439071655273,vale-0,true
return,13503,3.439,-27.5439071655273,vale-0,true
return,13504,3.232,-27.5439071655273,vale-0,true
return,13505,4.211,-27.5439071655273,vale-0,true
return,13506,4.296,-27.0487327575684,vale-0,true
return,13507,2.734,-27.0487327575684,vale-0,true
return,13508,3.764,-27.0487327575684,vale-0,true
return,13509,3.346,-27.0487327575684,vale-0,true
return,13510,4.681,-27.0487327575684,vale-0,true
return,13511,4.328,-26.554012298584,vale-0,true
return,13512,2.614,-26.554012298584,vale-0,true
return,13513,3.615,-26.554012298584,vale-0,true
return,13514,3.345,-26.554012298584,vale-0,true
return,13515,5.093,-26.0578918457031,vale-0,true
return,13516,2.678,-26.0578918457031,vale-0,true
return,13517,3.697,-26.0578918457031,vale-0,true
return,13518,3.327,-26.0578918457031,vale-0,true
return,13519,4.452,-26.0578918457031,vale-0,true
return,13520,4.398,-25.5622272491455,vale-0,true
return,13521,3.016,-25.5622272491455,vale-0,true
return,13522,3.197,-25.5622272491455,vale-0,true
return,13523,4.898,-25.5622272491455,vale-0,true
return,13524,4.148,-25.0670299530029,vale-0,true
return,13525,2.659,-25.0670299530029,vale-0,true
return,13526,4.274,-25.0670299530029,vale-0,true
return,13527,3.009,-25.0670299530029,vale-0,true
return,13528,4.635,-25.0670299530029,vale-0,true
return,13529,4.247,-24.5722885131836,vale-0,true
return,13530,2.961,-24.5722885131836,vale-0,true
return,13531,3.19,-24.5722885131836,vale-0,true
return,13532,5.14,-24.5722885131836,vale-0,true
return,13533,4.118,-24.0761394500732,vale-0,true
return,13534,2.853,-24.0761394500732,vale-0,true
return,13535,4.404,-24.0761394500732,vale-0,true
return,13536,2.588,-24.0761394500732,vale-0,true
return,13537,5.042,-23.5804538726807,vale-0,true
return,13538,2.915,-23.5804538726807,vale-0,true
return,13539,2.901,-23.5804538726807,vale-0,true
return,13540,3.711,-23.5804538726807,vale-0,true
return,13541,4.86,-23.5804538726807,vale-0,true
return,13542,4.174,-23.0852355957031,vale-0,true
return,13543,3.016,-23.0852355957031,vale-0,true
return,13544,3.317,-23.0852355957031,vale-0,true
return,13545,3.454,-23.0852355957031,vale-0,true
return,13546,5.219,-22.5904712677002,vale-0,true
return,13547,3.358,-22.5904712677002,vale-0,true
return,13548,2.861,-22.5904712677002,vale-0,true
return,13549,3.175,-22.5904712677002,vale-0,true
return,13550,4.846,-22.5904712677002,vale-0,true
return,13551,3.829,-22.0943069458008,vale-0,true
return,13552,2.88,-22.0943069458008,vale-0,true
return,13553,3.632,-22.0943069458008,vale-0,true
return,13554,3.507,-22.0943069458008,vale-0,true
return,13555,5.281,-21.5985984802246,vale-0,true
return,13556,2.884,-21.5985984802246,vale-0,true
return,13557,3.278,-21.5985984802246,vale-0,true
return,13558,3.359,-21.5985984802246,vale-0,true
return,13559,4.925,-21.5985984802246,vale-0,true
return,13560,4.381,-21.1033573150635,vale-0,true
return,13561,3.042,-21.1033573150635,vale-0,true
return,13562,3.277,-21.1033573150635,vale-0,true
return,13563,5.158,-21.1033573150635,vale-0,true
return,13564,4.205,-20.6085720062256,vale-0,true
return,13565,2.721,-20.6085720062256,vale-0,true
return,13566,3.539,-20.6085720062256,vale-0,true
return,13567,3.444,-20.6085720062256,vale-0,true
return,13568,4.227,-20.6085720062256,vale-0,true
return,13569,4.391,-20.1123867034912,vale-0,true
return,13570,3.009,-20.1123867034912,vale-0,true
return,13571,3.334,-20.1123867034912,vale-0,true
return,13572,6.652,-20.1123867034912,vale-0,true
return,13573,3.515,-19.6166572570801,vale-0,true
return,13574,2.967,-19.6166572570801,vale-0,true
return,13575,2.996,-19.6166572570801,vale-0,true
return,13576,4.401,-19.6166572570801,vale-0,true
return,13577,4.228,-19.121395111084,vale-0,true
return,13578,2.775,-19.121395111084,vale-0,true
return,13579,3.873,-19.121395111084,vale-0,true
return,13580,3.278,-19.121395111084,vale-0,true
return,13581,4.745,-19.121395111084,vale-0,true
return,13582,4.231,-18.6265888214111,vale-0,true
return,13583,2.804,-18.6265888214111,vale-0,true
return,13584,3.561,-18.6265888214111,vale-0,true
return,13585,4.704,-18.6265888214111,vale-0,true
return,13586,4.234,-18.1303806304932,vale-0,true
return,13587,2.887,-18.1303806304932,vale-0,true
return,13588,3.679,-18.1303806304932,vale-0,true
return,13589,3.204,-18.1303806304932,vale-0,true
return,13590,4.994,-17.6346302032471,vale-0,true
return,13591,2.871,-17.6346302032471,vale-0,true
return,13592,3.609,-17.6346302032471,vale-0,true
return,13593,3.454,-17.6346302032471,vale-0,true
return,13594,5.201,-17.6346302032471,vale-0,true
return,13595,4.15,-17.139347076416,vale-0,true
return,13596,2.949,-17.139347076416,vale-0,true
return,13597,3.422,-17.139347076416,vale-0,true
return,13598,5.037,-17.139347076416,vale-0,true
return,13599,4.516,-16.6445178985596,vale-0,true
return,13600,3.449,-16.6445178985596,vale-0,true
return,13601,3.26,-16.6445178985596,vale-0,true
return,13602,4.125,-16.6445178985596,vale-0,true
return,13603,4.372,-16.1482887268066,vale-0,true
return,13604,2.824,-16.1482887268066,vale-0,true
return,13605,3.536,-16.1482887268066,vale-0,true
return,13606,3.264,-16.1482887268066,vale-0,true
return,13607,4.693,-16.1482887268066,vale-0,true
return,13608,4.384,-15.6525163650513,vale-0,true
return,13609,2.939,-15.6525163650513,vale-0,true
return,13610,4.473,-15.6525163650513,vale-0,true
return,13611,3.73,-15.6525163650513,vale-0,true
return,13612,4.981,-15.157205581665,vale-0,true
return,13613,4.098,-15.157205581665,vale-0,true
return,13614,3.756,-15.157205581665,vale-0,true
return,13615,3.399,-15.157205581665,vale-0,true
return,13616,4.208,-14.6623554229736,vale-0,true
return,13617,3.356,-14.6623554229736,vale-0,true
return,13618,3.093,-14.6623554229736,vale-0,true
return,13619,3.092,-14.6623554229736,vale-0,true
return,13620,3.276,-14.6623554229736,vale-0,true
return,13621,4.242,-14.1661052703857,vale-0,true
return,13622,3.84,-14.1661052703857,vale-0,true
return,13623,3.774,-14.1661052703857,vale-0,true
return,13624,3.974,-14.1661052703857,vale-0,true
return,13625,6.847,-13.6703109741211,vale-0,true
return,13626,3.257,-13.6703109741211,vale-0,true
return,13627,4.318,-13.6703109741211,vale-0,true
return,13628,20.907,-13.1749839782715,vale-0,true
return,13629,15.384,-12.6801128387451,vale-0,true
return,13630,17.154,-12.1838359832764,vale-0,true
return,13631,18.334,-11.6880264282227,vale-0,true
return,13632,16.292,-11.1926727294922,vale-0,true
return,13633,16.117,-10.6977815628052,vale-0,true
return,13634,18.278,-10.2014827728271,vale-0,true
return,13635,14.603,-9.70565223693848,vale-0,true
return,13636,18.183,-9.21027755737305,vale-0,true
return,13637,17.457,-8.71536922454834,vale-0,true
return,13638,15.06,-8.21904945373535,vale-0,true
return,13639,18.229,-7.72319173812866,vale-0,true
return,13640,17.429,-7.22779607772827,vale-0,true
return,13641,15.042,-6.73286199569702,vale-0,true
return,13642,17.961,-6.23652172088623,vale-0,true
return,13643,17.524,-5.74064350128174,vale-0,true
return,13644,14.927,-5.24522686004639,vale-0,true
return,13645,18.156,-4.75027704238892,vale-0,true
return,13646,17.502,-4.25391578674316,vale-0,true
return,13647,15.084,-3.75801658630371,vale-0,true
return,13648,17.94,-3.26257920265198,vale-0,true
return,13649,17.726,-2.76760315895081,vale-0,true
return,13650,15.154,-2.27122116088867,vale-0,true
return,13651,18.312,-1.77530133724213,vale-0,true
return,13652,17.505,-1.27984321117401,vale-0,true
return,13653,15.227,-0.78485190868378,vale-0,true
return,13654,18.071,-0.288448959589,vale-0,true
return,13655,17.886,0.20748609304428,vale-0,true
return,13656,14.889,0.70296490192413,vale-0,true
return,13657,17.849,1.19797682762146,vale-0,true
return,13658,17.536,1.69253373146057,vale-0,true
return,13659,14.623,2.18849158287048,vale-0,true
return,13660,18.657,2.68399310112,vale-0,true
return,13661,16.338,3.17902779579163,vale-0,true
return,13662,14.514,3.67360734939575,vale-0,true
return,13663,17.695,4.16958808898926,vale-0,true
return,13664,16.914,4.66511249542236,vale-0,true
return,13665,14.19,5.16017532348633,vale-0,true
return,13666,17.643,5.65477800369263,vale-0,true
return,13667,16.707,6.15078639984131,vale-0,true
return,13668,14.635,6.64632749557495,vale-0,true
return,13669,17.542,7.14141321182251,vale-0,true
return,13670,16.701,7.63603258132935,vale-0,true
return,13671,14.331,8.13206386566162,vale-0,true
return,13672,17.414,8.62762832641602,vale-0,true
return,13673,16.708,9.12273693084717,vale-0,true
return,13674,14.649,9.61738395690918,vale-0,true
return,13675,17.47,10.1134376525879,vale-0,true
return,13676,16.618,10.6090240478516,vale-0,true
return,13677,14.405,11.104154586792,vale-0,true
return,13678,17.621,11.5988187789917,vale-0,true
return,13679,16.771,12.094895362854,vale-0,true
return,13680,14.374,12.5905103683472,vale-0,true
return,13681,17.569,13.0856628417969,vale-0,true
return,13682,16.792,13.5803489685059,vale-0,true
return,13683,14.39,14.0764474868774,vale-0,true
return,13684,17.383,14.5720777511597,vale-0,true
return,13685,16.993,15.0672521591187,vale-0,true
return,13686,14.147,15.5619659423828,vale-0,true
return,13687,17.41,16.0580863952637,vale-0,true
return,13688,16.712,16.5537395477295,vale-0,true
return,13689,14.429,17.0489368438721,vale-0,true
return,13690,17.358,17.5436668395996,vale-0,true
return,13691,16.976,18.0398082733154,vale-0,true
return,13692,14.124,18.5354862213135,vale-0,true
return,13693,17.333,19.030704498291,vale-0,true
return,13694,16.621,19.525463104248,vale-0,true
