frame,elapsed_seconds,frame_ms
0,0.017838,17.838
1,0.035823,17.985
2,0.050758,14.935
3,0.068283,17.525
4,0.084444,16.161
5,0.101137,16.693
6,0.118515,17.378
7,0.136129,17.614
8,0.152181,16.052
9,0.16929,17.109
10,0.185426,16.136
11,0.202614,17.188
12,0.21903,16.416
13,0.236341,17.311
14,0.252648,16.307
15,0.269386,16.738
16,0.286233,16.847
17,0.303058,16.825
18,0.319288,16.23
19,0.336486,17.198
20,0.353392,16.906
21,0.370595,17.203
22,0.38713,16.535
23,0.403643,16.513
24,0.42036,16.717
25,0.436974,16.614
26,0.453636,16.662
27,0.470421,16.785
28,0.487168,16.747
29,0.503865,16.697
30,0.520522,16.657
31,0.536941,16.419
32,0.554592,17.651
33,0.570524,15.932
34,0.587345,16.821
35,0.604246,16.901
36,0.62084,16.594
37,0.637737,16.897
38,0.654806,17.069
39,0.671326,16.52
40,0.687404,16.078
41,0.704656,17.252
42,0.721274,16.618
43,0.738027,16.753
44,0.755443,17.416
45,0.771669,16.226
46,0.788542,16.873
47,0.805574,17.032
48,0.822266,16.692
49,0.838901,16.635
50,0.855457,16.556
51,0.871844,16.387
52,0.888749,16.905
53,0.905907,17.158
54,0.922834,16.927
55,0.939429,16.595
56,0.95649,17.061
57,0.973132,16.642
58,0.989909,16.777
59,1.006611,16.702
60,1.023627,17.016
61,1.040382,16.755
62,1.057865,17.483
63,1.075001,17.136
64,1.091118,16.117
65,1.108056,16.938
66,1.124722,16.666
67,1.142038,17.316
68,1.159571,17.533
69,1.175624,16.053
70,1.192429,16.805
71,1.209325,16.896
72,1.226253,16.928
73,1.243405,17.152
74,1.259282,15.877
75,1.276253,16.971
76,1.293135,16.882
77,1.309956,16.821
78,1.326948,16.992
79,1.34381,16.862
80,1.361757,17.947
81,1.377738,15.981
82,1.394577,16.839
83,1.412061,17.484
84,1.433917,21.856
85,1.446101,12.184
86,1.461944,15.843
87,1.479465,17.521
88,1.496499,17.034
89,1.512198,15.699
90,1.529702,17.504
91,1.547096,17.394
92,1.563275,16.179
93,1.579981,16.706
94,1.597177,17.196
95,1.613878,16.701
96,1.629904,16.026
97,1.646472,16.568
98,1.663416,16.944
99,1.680151,16.735
100,1.697238,17.087
101,1.714161,16.923
102,1.730673,16.512
103,1.747423,16.75
104,1.764033,16.61
105,1.780704,16.671
106,1.797327,16.623
107,1.81438,17.053
108,1.83142,17.04
109,1.848075,16.655
110,1.864843,16.768
111,1.881741,16.898
112,1.898287,16.546
113,1.915345,17.058
114,1.932293,16.948
115,1.950066,17.773
116,1.965821,15.755
117,1.982873,17.052
118,1.999717,16.844
119,2.017064,17.347
120,2.033779,16.715
121,2.051102,17.323
122,2.06736,16.258
123,2.08372,16.36
124,2.100593,16.873
125,2.117673,17.08
126,2.134392,16.719
127,2.152546,18.154
128,2.168606,16.06
129,2.186372,17.766
130,2.202603,16.231
131,2.219649,17.046
132,2.236602,16.953
133,2.253285,16.683
134,2.270661,17.376
135,2.287128,16.467
136,2.304393,17.265
137,2.320967,16.574
138,2.337761,16.794
139,2.354516,16.755
140,2.370941,16.425
141,2.387817,16.876
142,2.404602,16.785
143,2.421625,17.023
144,2.438328,16.703
145,2.455311,16.983
146,2.472131,16.82
147,2.488417,16.286
148,2.505553,17.136
149,2.521916,16.363
150,2.539902,17.986
151,2.556431,16.529
152,2.572646,16.215
153,2.590093,17.447
154,2.608094,18.001
155,2.624125,16.031
156,2.640468,16.343
157,2.657737,17.269
158,2.674444,16.707
159,2.690868,16.424
160,2.707945,17.077
161,2.724981,17.036
162,2.741931,16.95
163,2.759028,17.097
164,2.775649,16.621
165,2.792686,17.037
166,2.809434,16.748
167,2.826846,17.412
168,2.84472,17.874
169,2.861115,16.395
170,2.877774,16.659
171,2.894714,16.94
172,2.916366,21.652
173,2.92986,13.494
174,2.947389,17.529
175,2.962748,15.359
176,2.980518,17.77
177,2.996448,15.93
178,3.013574,17.126
179,3.031511,17.937
180,3.048624,17.113
181,3.065495,16.871
182,3.082595,17.1
183,3.09951,16.915
184,3.116702,17.192
185,3.133647,16.945
186,3.150459,16.812
187,3.167801,17.342
188,3.184744,16.943
189,3.201955,17.211
190,3.218991,17.036
191,3.235184,16.193
192,3.252244,17.06
193,3.269131,16.887
194,3.286944,17.813
195,3.304219,17.275
196,3.320139,15.92
197,3.337334,17.195
198,3.354653,17.319
199,3.371261,16.608
200,3.388262,17.001
201,3.405932,17.67
202,3.422604,16.672
203,3.440324,17.72
204,3.456591,16.267
205,3.474699,18.108
206,3.491715,17.016
207,3.509658,17.943
208,3.525614,15.956
209,3.542463,16.849
210,3.558959,16.496
211,3.575946,16.987
212,3.593063,17.117
213,3.610051,16.988
214,3.6269,16.849
215,3.644192,17.292
216,3.663311,19.119
217,3.679074,15.763
218,3.696189,17.115
219,3.713336,17.147
220,3.731319,17.983
221,3.746669,15.35
222,3.765325,18.656
223,3.781612,16.287
224,3.798897,17.285
225,3.816248,17.351
226,3.833758,17.51
227,3.849643,15.885
228,3.867343,17.7
229,3.883815,16.472
230,3.901578,17.763
231,3.918576,16.998
232,3.936643,18.067
233,3.952574,15.931
234,3.969614,17.04
235,3.986591,16.977
236,4.004345,17.754
237,4.021196,16.851
238,4.038291,17.095
239,4.055786,17.495
240,4.072975,17.189
241,4.089925,16.95
242,4.10674,16.815
243,4.122401,15.661
244,4.139778,17.377
245,4.157671,17.893
246,4.173961,16.29
247,4.190939,16.978
248,4.208016,17.077
249,4.225043,17.027
250,4.242384,17.341
251,4.259493,17.109
252,4.276463,16.97
253,4.293736,17.273
254,4.310693,16.957
255,4.330439,19.746
256,4.345399,14.96
257,4.362193,16.794
258,4.379998,17.805
259,4.396812,16.814
260,4.415599,18.787
261,4.431567,15.968
262,4.449078,17.511
263,4.466444,17.366
264,4.482542,16.098
265,4.499888,17.346
266,4.517909,18.021
267,4.535008,17.099
268,4.552524,17.516
269,4.569539,17.015
270,4.586739,17.2
271,4.603779,17.04
272,4.621392,17.613
273,4.638679,17.287
274,4.655924,17.245
275,4.673073,17.149
276,4.690407,17.334
277,4.707436,17.029
278,4.724707,17.271
279,4.741718,17.011
280,4.75878,17.062
281,4.775789,17.009
282,4.79291,17.121
283,4.810265,17.355
284,4.827338,17.073
285,4.844478,17.14
286,4.861899,17.421
287,4.888042,26.143
288,4.898531,10.489
289,4.913908,15.377
290,4.930881,16.973
291,4.947919,17.038
292,4.965675,17.756
293,4.982309,16.634
294,5.000162,17.853
295,5.015844,15.682
296,5.033081,17.237
297,5.04995,16.869
298,5.067219,17.269
299,5.084398,17.179
300,5.102099,17.701
301,5.11899,16.891
302,5.136051,17.061
303,5.153243,17.192
304,5.170461,17.218
305,5.187256,16.795
306,5.204829,17.573
307,5.222876,18.047
308,5.239732,16.856
309,5.258248,18.516
310,5.274474,16.226
311,5.291199,16.725
312,5.309203,18.004
313,5.326226,17.023
314,5.344908,18.682
315,5.360218,15.31
316,5.377998,17.78
317,5.394613,16.615
318,5.411664,17.051
319,5.431666,20.002
320,5.447035,15.369
321,5.462976,15.941
322,5.48049,17.514
323,5.497099,16.609
324,5.518108,21.009
325,5.531387,13.279
326,5.549477,18.09
327,5.565847,16.37
328,5.583408,17.561
329,5.599669,16.261
330,5.617464,17.795
331,5.633974,16.51
332,5.650808,16.834
333,5.668026,17.218
334,5.685594,17.568
335,5.701779,16.185
336,5.719025,17.246
337,5.73567,16.645
338,5.752678,17.008
339,5.770304,17.626
340,5.786952,16.648
341,5.804062,17.11
342,5.821496,17.434
343,5.837653,16.157
344,5.854963,17.31
345,5.872841,17.878
346,5.889207,16.366
347,5.906559,17.352
348,5.923059,16.5
349,5.939841,16.782
350,5.957127,17.286
351,5.974268,17.141
352,5.991706,17.438
353,6.010415,18.709
354,6.026672,16.257
355,6.043986,17.314
356,6.059596,15.61
357,6.076876,17.28
358,6.095669,18.793
359,6.112662,16.993
360,6.127924,15.262
361,6.14787,19.946
362,6.162835,14.965
363,6.179313,16.478
364,6.196379,17.066
365,6.213481,17.102
366,6.23104,17.559
367,6.248452,17.412
368,6.264363,15.911
369,6.282854,18.491
370,6.298523,15.669
371,6.315889,17.366
372,6.333132,17.243
373,6.349905,16.773
374,6.367056,17.151
375,6.384333,17.277
376,6.401226,16.893
377,6.418506,17.28
378,6.435711,17.205
379,6.45305,17.339
380,6.470234,17.184
381,6.487621,17.387
382,6.504957,17.336
383,6.52224,17.283
384,6.539147,16.907
385,6.55629,17.143
386,6.57285,16.56
387,6.590223,17.373
388,6.607259,17.036
389,6.624717,17.458
390,6.642134,17.417
391,6.659472,17.338
392,6.676545,17.073
393,6.699925,23.38
394,6.711304,11.379
395,6.728988,17.684
396,6.745661,16.673
397,6.763298,17.637
398,6.780256,16.958
399,6.797862,17.606
400,6.815384,17.522
401,6.83282,17.436
402,6.849934,17.114
403,6.867349,17.415
404,6.884275,16.926
405,6.901498,17.223
406,6.919342,17.844
407,6.936523,17.181
408,6.95385,17.327
409,6.971767,17.917
410,6.988663,16.896
411,7.006465,17.802
412,7.023558,17.093
413,7.041356,17.798
414,7.058923,17.567
415,7.077112,18.189
416,7.094373,17.261
417,7.115018,20.645
418,7.129909,14.891
419,7.148061,18.152
420,7.165047,16.986
421,7.182525,17.478
422,7.200509,17.984
423,7.218231,17.722
424,7.23568,17.449
425,7.253687,18.007
426,7.271546,17.859
427,7.289205,17.659
428,7.307121,17.916
429,7.325033,17.912
430,7.34337599999999,18.343
431,7.36084899999999,17.473
432,7.38183599999999,20.987
433,7.39658699999999,14.751
434,7.41466799999999,18.081
435,7.43313799999999,18.47
436,7.45126399999999,18.126
437,7.46836199999999,17.098
438,7.48644599999999,18.084
439,7.50527799999999,18.832
440,7.52213099999999,16.853
441,7.54014299999999,18.012
442,7.55799799999999,17.855
443,7.57555999999999,17.562
444,7.59366199999999,18.102
445,7.61140399999999,17.742
446,7.63283599999999,21.432
447,7.64777799999999,14.942
448,7.66564199999999,17.864
449,7.68356099999999,17.919
450,7.70152599999999,17.965
451,7.71933299999999,17.807
452,7.73916699999999,19.834
453,7.75566199999999,16.495
454,7.77383899999999,18.177
455,7.79137299999999,17.534
456,7.80917599999999,17.803
457,7.82731299999999,18.137
458,7.84481499999999,17.502
459,7.86615699999999,21.342
460,7.88288499999999,16.728
461,7.89859599999999,15.711
462,7.91670999999999,18.114
463,7.93478599999999,18.076
464,7.95272799999999,17.942
465,7.97057199999999,17.844
466,7.98885899999999,18.287
467,8.00686099999999,18.002
468,8.02806399999999,21.203
469,8.04253699999999,14.473
470,8.06086899999999,18.332
471,8.07887999999999,18.011
472,8.10007199999999,21.192
473,8.11453199999999,14.46
474,8.13202399999999,17.492
475,8.15038499999999,18.361
476,8.16841199999999,18.027
477,8.18608799999999,17.676
478,8.20407199999999,17.984
479,8.22400799999999,19.936
480,8.24039199999999,16.384
481,8.25823799999999,17.846
482,8.27642299999999,18.185
483,8.29420699999999,17.784
484,8.31648599999999,22.279
485,8.33115899999999,14.673
486,8.34892599999999,17.767
487,8.36637399999999,17.448
488,8.38425799999999,17.884
489,8.40283999999999,18.582
490,8.42014399999999,17.304
491,8.43868299999999,18.539
492,8.45684599999999,18.163
493,8.47428099999999,17.435
494,8.49185199999999,17.571
495,8.51065999999999,18.808
496,8.52807099999999,17.411
497,8.54927299999999,21.202
498,8.56409999999999,14.827
499,8.58195299999999,17.853
500,8.60024499999999,18.292
501,8.61836399999999,18.119
502,8.63635799999999,17.994
503,8.65452399999999,18.166
504,8.672316,17.792
505,8.69067,18.354
506,8.7085,17.83
507,8.726994,18.494
508,8.744565,17.571
509,8.765514,20.949
510,8.780262,14.748
511,8.798317,18.055
512,8.816198,17.881
513,8.834102,17.904
514,8.852415,18.313
515,8.870193,17.778
516,8.888013,17.82
517,8.906733,18.72
518,8.92486,18.127
519,8.94272899999999,17.869
520,8.960539,17.81
521,8.97929099999999,18.752
522,9.00031599999999,21.025
523,9.01410899999999,13.793
524,9.03205599999999,17.947
525,9.05038899999999,18.333
526,9.06845899999999,18.07
527,9.08636699999999,17.908
528,9.10465199999999,18.285
529,9.12272599999999,18.074
530,9.14108799999999,18.362
531,9.15854799999999,17.46
532,9.17715699999999,18.609
533,9.19514599999999,17.989
534,9.21624599999999,21.1
535,9.23084599999999,14.6
536,9.24928999999999,18.444
537,9.26754299999999,18.253
538,9.28537299999999,17.83
539,9.304365,18.992
540,9.322188,17.823
541,9.34008299999999,17.895
542,9.35765999999999,17.577
543,9.37574299999999,18.083
544,9.39486199999999,19.119
545,9.41151799999999,16.656
546,9.43267299999999,21.155
547,9.44804899999999,15.376
548,9.46596199999999,17.913
549,9.48391599999999,17.954
550,9.50222299999999,18.307
551,9.52042899999999,18.206
552,9.53850299999999,18.074
553,9.55760099999999,19.098
554,9.57452099999999,16.92
555,9.59381599999999,19.295
556,9.61079599999999,16.98
557,9.62984599999999,19.05
558,9.65037799999999,20.532
559,9.66528999999999,14.912
560,9.68321099999999,17.921
561,9.70098699999999,17.776
562,9.71983199999999,18.845
563,9.73775899999999,17.927
564,9.75551699999999,17.758
565,9.77342799999999,17.911
566,9.79195599999999,18.528
567,9.80995899999999,18.003
568,9.82885099999999,18.892
569,9.84707599999999,18.225
570,9.86885599999999,21.78
571,9.88455699999999,15.701
572,9.90292999999999,18.373
573,9.92116699999999,18.237
574,9.93896499999999,17.798
575,9.95734299999999,18.378
576,9.97477399999999,17.431
577,9.99245599999999,17.682
578,10.011629,19.173
579,10.028746,17.117
580,10.046718,17.972
581,10.065236,18.518
582,10.086018,20.782
583,10.10156,15.542
584,10.120038,18.478
585,10.138207,18.169
586,10.156347,18.14
587,10.174325,17.978
588,10.19258,18.255
589,10.211113,18.533
590,10.229402,18.289
591,10.24768,18.278
592,10.266098,18.418
593,10.284527,18.429
594,10.305279,20.752
595,10.320465,15.186
596,10.338673,18.208
597,10.357654,18.981
598,10.376094,18.44
599,10.39425,18.156
600,10.412391,18.141
601,10.431138,18.747
602,10.449479,18.341
603,10.46721,17.731
604,10.485552,18.342
605,10.506242,20.69
606,10.522594,16.352
607,10.540402,17.808
608,10.559012,18.61
609,10.577247,18.235
610,10.595226,17.979
611,10.613687,18.461
612,10.632366,18.679
613,10.651332,18.966
614,10.669681,18.349
615,10.69029,20.609
616,10.70626,15.97
617,10.724842,18.582
618,10.743475,18.633
619,10.761447,17.972
620,10.779573,18.126
621,10.79822,18.647
622,10.816792,18.572
623,10.835321,18.529
624,10.853797,18.476
625,10.874961,21.164
626,10.890198,15.237
627,10.908503,18.305
628,10.926473,17.97
629,10.945307,18.834
630,10.963551,18.244
631,10.982132,18.581
632,11.000345,18.213
633,11.01908,18.735
634,11.040546,21.466
635,11.05542,14.874
636,11.074046,18.626
637,11.09259,18.544
638,11.110953,18.363
639,11.129242,18.289
640,11.147903,18.661
641,11.165871,17.968
642,11.185579,19.708
643,11.207142,21.563
644,11.221636,14.494
645,11.239652,18.016
646,11.257926,18.274
647,11.276272,18.346
648,11.295028,18.756
649,11.313258,18.23
650,11.331401,18.143
651,11.350342,18.941
652,11.370925,20.583
653,11.387192,16.267
654,11.404582,17.39
655,11.423154,18.572
656,11.441853,18.699
657,11.460193,18.34
658,11.479426,19.233
659,11.498033,18.607
660,11.516877,18.844
661,11.538567,21.69
662,11.552541,13.974
663,11.571894,19.353
664,11.59073,18.836
665,11.609129,18.399
666,11.627763,18.634
667,11.646501,18.738
668,11.664973,18.472
669,11.68299,18.017
670,11.70544,22.45
671,11.720668,15.228
672,11.739012,18.344
673,11.75818,19.168
674,11.776088,17.908
675,11.79489,18.802
676,11.813187,18.297
677,11.83213,18.943
678,11.850926,18.796
679,11.87358,22.654
680,11.888297,14.717
681,11.906176,17.879
682,11.925192,19.016
683,11.943561,18.369
684,11.962176,18.615
685,11.980668,18.492
686,11.999817,19.149
687,12.021184,21.367
688,12.041436,20.252
689,12.055499,14.063
690,12.073832,18.333
691,12.091253,17.421
692,12.111301,20.048
693,12.129035,17.734
694,12.146773,17.738
695,12.165404,18.631
696,12.183903,18.499
697,12.205821,21.918
698,12.222271,16.45
699,12.240953,18.682
700,12.259852,18.899
701,12.278397,18.545
702,12.296295,17.898
703,12.315497,19.202
704,12.334122,18.625
705,12.352914,18.792
706,12.375372,22.458
707,12.390474,15.102
708,12.40853,18.056
709,12.428473,19.943
710,12.446832,18.359
711,12.465379,18.547
712,12.483804,18.425
713,12.502796,18.992
714,12.525746,22.95
715,12.540908,15.162
716,12.559773,18.865
717,12.578113,18.34
718,12.597685,19.572
719,12.617352,19.667
720,12.635369,18.017
721,12.656044,20.675
722,12.679068,23.024
723,12.691342,12.274
724,12.712054,20.712
725,12.729641,17.587
726,12.748639,18.998
727,12.767329,18.69
728,12.785811,18.482
729,12.805172,19.361
730,12.830015,24.843
731,12.842994,12.979
732,12.861789,18.795
733,12.88046,18.671
734,12.899509,19.049
735,12.919677,20.168
736,12.93878,19.103
737,12.96298,24.2
738,12.975336,12.356
739,12.994778,19.442
740,13.013959,19.181
741,13.032776,18.817
742,13.051643,18.867
743,13.070379,18.736
744,13.096356,25.977
745,13.108206,11.85
746,13.12716,18.954
747,13.145228,18.068
748,13.164437,19.209
749,13.183668,19.231
750,13.203195,19.527
751,13.227293,24.098
752,13.239842,12.549
753,13.259077,19.235
754,13.278328,19.251
755,13.297115,18.787
756,13.313182,16.067
757,13.334636,21.454
758,13.357772,23.136
759,13.372374,14.602
760,13.391125,18.751
761,13.410421,19.296
762,13.429442,19.021
763,13.447688,18.246
764,13.467053,19.365
765,13.491986,24.933
766,13.50483,12.844
767,13.523686,18.856
768,13.542059,18.373
769,13.560465,18.406
770,13.579543,19.078
771,13.598451,18.908
772,13.624336,25.885
773,13.634447,10.111
774,13.655658,21.211
775,13.674327,18.669
776,13.693513,19.186
777,13.71276,19.247
778,13.731744,18.984
779,13.759852,28.108
780,13.769768,9.916
781,13.788639,18.871
782,13.807336,18.697
783,13.825567,18.231
784,13.841367,15.8
785,13.864394,23.027
786,13.881803,17.409
787,13.904196,22.393
788,13.922767,18.571
789,13.942015,19.248
790,13.960771,18.756
791,13.98013,19.359
792,13.993898,13.768
793,14.01541,21.512
794,14.038688,23.278
795,14.054613,15.925
796,14.073341,18.728
797,14.090926,17.585
798,14.123079,32.153
799,14.143763,20.684
800,14.178772,35.009
801,14.205015,26.243
802,14.219197,14.182
803,14.242028,22.831
804,14.253197,11.169
805,14.271169,17.972
806,14.295663,24.494
807,14.308589,12.926
808,14.328205,19.616
809,14.34985,21.645
810,14.369196,19.346
811,14.384524,15.328
812,14.406476,21.952
813,14.423792,17.316
814,14.447443,23.651
815,14.459581,12.138
816,14.478646,19.065
817,14.503917,25.271
818,14.519137,15.22
819,14.541326,22.189
820,14.559723,18.397
821,14.575744,16.021
822,14.599542,23.798
823,14.614518,14.976
824,14.63018,15.662
825,14.65219,22.01
826,14.670866,18.676
827,14.697455,26.589
828,14.711093,13.638
829,14.728306,17.213
830,14.754506,26.2
831,14.764476,9.97
832,14.782779,18.303
833,14.804933,22.154
834,14.823143,18.21
835,14.842767,19.624
836,14.861343,18.576
837,14.886952,25.609
838,14.915989,29.037
839,14.940134,24.145
840,14.973593,33.459
841,15.002307,28.714
842,15.011889,9.582
843,15.034587,22.698
844,15.047862,13.275
845,15.069656,21.794
846,15.085663,16.007
847,15.104588,18.925
848,15.133198,28.61
849,15.142963,9.765
850,15.162197,19.234
851,15.180298,18.101
852,15.200749,20.451
853,15.218745,17.996
854,15.237388,18.643
855,15.261768,24.38
856,15.275702,13.934
857,15.296785,21.083
858,15.313833,17.048
859,15.333212,19.379
860,15.353609,20.397
861,15.371195,17.586
862,15.400608,29.413
863,15.412673,12.065
864,15.439418,26.745
865,15.455418,16.0
866,15.470419,15.001
867,15.488117,17.698
868,15.505236,17.119
869,15.527116,21.88
870,15.543439,16.323
871,15.560846,17.407
872,15.579163,18.317
873,15.597488,18.325
874,15.616434,18.946
875,15.634702,18.268
876,15.655998,21.296
877,15.672707,16.709
878,15.69118,18.473
879,15.708974,17.794
880,15.728379,19.405
881,15.747006,18.627
882,15.765633,18.627
883,15.783249,17.616
884,15.802876,19.627
885,15.823666,20.79
886,15.839847,16.181
887,15.858613,18.766
888,15.877244,18.631
889,15.895578,18.334
890,15.91422,18.642
891,15.933394,19.174
892,15.951233,17.839
893,15.969964,18.731
894,15.991825,21.861
895,16.006642,14.817
896,16.02504,18.398
897,16.043817,18.777
898,16.062034,18.217
899,16.080252,18.218
900,16.09909,18.838
901,16.117246,18.156
902,16.135751,18.505
903,16.156748,20.997
904,16.17359,16.842
905,16.191469,17.879
906,16.210114,18.645
907,16.228724,18.61
908,16.247229,18.505
909,16.265757,18.528
910,16.283476,17.719
911,16.301926,18.45
912,16.324544,22.618
913,16.338363,13.819
914,16.35692,18.557
915,16.375853,18.933
916,16.39441,18.557
917,16.412573,18.163
918,16.431144,18.571
919,16.450849,19.705
920,16.468067,17.218
921,16.487274,19.207
922,16.508375,21.101
923,16.524191,15.816
924,16.542115,17.924
925,16.560589,18.474
926,16.578263,17.674
927,16.597093,18.83
928,16.615376,18.283
929,16.634314,18.938
930,16.651968,17.654
931,16.669926,17.958
932,16.69292,22.994
933,16.707066,14.146
934,16.725288,18.222
935,16.744197,18.909
936,16.761298,17.101
937,16.780415,19.117
938,16.798972,18.557
939,16.816818,17.846
940,16.836785,19.967
941,16.855181,18.396
942,16.877348,22.167
943,16.890951,13.603
944,16.90999,19.039
945,16.927981,17.991
946,16.946755,18.774
947,16.965555,18.8
948,16.983228,17.673
949,17.001395,18.167
950,17.019741,18.346
951,17.038176,18.435
952,17.059759,21.583
953,17.074839,15.08
954,17.092978,18.139
955,17.111516,18.538
956,17.129989,18.473
957,17.149062,19.073
958,17.166424,17.362
959,17.184617,18.193
960,17.203534,18.917
961,17.221937,18.403
962,17.243881,21.944
963,17.259251,15.37
964,17.276764,17.513
965,17.29505,18.286
966,17.313581,18.531
967,17.331999,18.418
968,17.350116,18.117
969,17.368057,17.941
970,17.386518,18.461
971,17.404869,18.351
972,17.42653,21.661
973,17.441477,14.947
974,17.459964,18.487
975,17.478252,18.288
976,17.496709,18.457
977,17.51567,18.961
978,17.533259,17.589
979,17.551319,18.06
980,17.569538,18.219
981,17.588486,18.948
982,17.611242,22.756
983,17.624138,12.896
984,17.642952,18.814
985,17.661491,18.539
986,17.679785,18.294
987,17.697814,18.029
988,17.716265,18.451
989,17.734987,18.722
990,17.752555,17.568
991,17.771923,19.368
992,17.791665,19.742
993,17.807047,15.382
994,17.824857,17.81
995,17.843882,19.025
996,17.861703,17.821
997,17.88033,18.627
998,17.898012,17.682
999,17.91653,18.518
1000,17.934164,17.634
1001,17.952737,18.573
1002,17.974432,21.695
1003,17.989281,14.849
1004,18.007004,17.723
1005,18.025403,18.399
1006,18.043547,18.144
1007,18.061553,18.006
1008,18.079687,18.134
1009,18.098503,18.816
1010,18.115449,16.946
1011,18.133462,18.013
1012,18.152083,18.621
1013,18.173387,21.304
1014,18.188414,15.027
1015,18.206754,18.34
1016,18.225206,18.452
1017,18.242961,17.755
1018,18.261386,18.425
1019,18.279574,18.188
1020,18.297808,18.234
1021,18.315471,17.663
1022,18.333963,18.492
1023,18.35188,17.917
1024,18.372479,20.599
1025,18.388549,16.07
1026,18.407052,18.503
1027,18.425702,18.65
1028,18.443867,18.165
1029,18.462594,18.727
1030,18.480153,17.559
1031,18.498117,17.964
1032,18.51625,18.133
1033,18.534845,18.595
1034,18.553357,18.512
1035,18.574703,21.346
1036,18.589488,14.785
1037,18.607469,17.981
1038,18.625443,17.974
1039,18.644262,18.819
1040,18.662135,17.873
1041,18.680364,18.229
1042,18.698016,17.652
1043,18.716659,18.643
1044,18.734371,17.712
1045,18.752738,18.367
1046,18.773887,21.149
1047,18.789759,15.872
1048,18.807259,17.5
1049,18.826045,18.786
1050,18.844474,18.429
1051,18.862304,17.83
1052,18.880304,18.0
1053,18.898682,18.378
1054,18.916862,18.18
1055,18.93457,17.708
1056,18.953974,19.404
1057,18.974114,20.14
1058,18.98923,15.116
1059,19.007466,18.236
1060,19.026552,19.086
1061,19.043926,17.374
1062,19.062571,18.645
1063,19.080885,18.314
1064,19.098387,17.502
1065,19.116463,18.076
1066,19.134961,18.498
1067,19.15336,18.399
1068,19.174708,21.348
1069,19.189827,15.119
1070,19.208386,18.559
1071,19.226204,17.818
1072,19.244914,18.71
1073,19.262908,17.994
1074,19.281277,18.369
1075,19.299277,18.0
1076,19.317651,18.374
1077,19.336303,18.652
1078,19.354567,18.264
1079,19.375751,21.184
1080,19.391236,15.485
1081,19.409612,18.376
1082,19.428213,18.601
1083,19.447033,18.82
1084,19.464887,17.854
1085,19.482968,18.081
1086,19.501123,18.155
1087,19.519357,18.234
1088,19.537867,18.51
1089,19.556094,18.227
1090,19.577577,21.483
1091,19.593037,15.46
1092,19.611072,18.035
1093,19.629339,18.267
1094,19.647874,18.535
1095,19.666032,18.158
1096,19.684841,18.809
1097,19.702857,18.016
1098,19.722571,19.714
1099,19.739892,17.321
1100,19.758114,18.222
1101,19.779189,21.075
1102,19.79499,15.801
1103,19.81316,18.17
1104,19.832451,19.291
1105,19.849511,17.06
1106,19.868265,18.754
1107,19.887669,19.404
1108,19.905376,17.707
1109,19.923062,17.686
1110,19.941364,18.302
1111,19.96001,18.646
1112,19.980588,20.578
1113,19.99694,16.352
1114,20.015043,18.103
1115,20.033534,18.491
1116,20.05203,18.496
1117,20.070441,18.411
1118,20.088589,18.148
1119,20.106915,18.326
1120,20.125381,18.466
1121,20.143316,17.935
1122,20.164115,20.799
1123,20.18009,15.975
1124,20.198281,18.191
1125,20.216752,18.471
1126,20.234857,18.105
1127,20.253538,18.681
1128,20.271589,18.051
1129,20.290318,18.729
1130,20.308699,18.381
1131,20.326987,18.288
1132,20.347962,20.975
1133,20.363401,15.439
1134,20.381586,18.185
1135,20.399877,18.291
1136,20.418096,18.219
1137,20.436421,18.325
1138,20.454591,18.17
1139,20.473184,18.593
1140,20.491012,17.828
1141,20.510091,19.079
1142,20.527774,17.683
1143,20.548509,20.735
1144,20.563821,15.312
1145,20.582052,18.231
1146,20.600284,18.232
1147,20.618782,18.498
1148,20.637351,18.569
1149,20.655294,17.943
1150,20.673521,18.227
1151,20.691893,18.372
1152,20.709794,17.901
1153,20.731848,22.054
1154,20.746385,14.537
1155,20.764481,18.096
1156,20.782626,18.145
1157,20.800799,18.173
1158,20.81899,18.191
1159,20.837173,18.183
1160,20.85564,18.467
1161,20.873663,18.023
1162,20.891612,17.949
1163,20.909839,18.227
1164,20.930558,20.719
1165,20.94618,15.622
1166,20.964098,17.918
1167,20.9822510000001,18.153
1168,21.0003900000001,18.139
1169,21.0185440000001,18.154
1170,21.0367510000001,18.207
1171,21.0544210000001,17.67
1172,21.073539,19.118
1173,21.0907240000001,17.185
1174,21.1091360000001,18.412
1175,21.1297290000001,20.593
1176,21.1446940000001,14.965
1177,21.1623930000001,17.699
1178,21.1807340000001,18.341
1179,21.1991160000001,18.382
1180,21.2172520000001,18.136
1181,21.2350010000001,17.749
1182,21.253093,18.092
1183,21.270481,17.388
1184,21.289008,18.527
1185,21.306576,17.568
1186,21.3269680000001,20.392
1187,21.3427040000001,15.736
1188,21.3599390000001,17.235
1189,21.3782710000001,18.332
1190,21.3958270000001,17.556
1191,21.4132160000001,17.389
1192,21.4312530000001,18.037
1193,21.4489790000001,17.726
1194,21.467115,18.136
1195,21.484294,17.179
1196,21.502507,18.213
1197,21.522449,19.942
1198,21.537907,15.458
1199,21.556294,18.387
1200,21.573049,16.755
1201,21.591177,18.128
1202,21.608396,17.219
1203,21.625932,17.536
1204,21.643727,17.795
1205,21.661866,18.139
1206,21.678441,16.575
1207,21.695864,17.423
1208,21.713862,17.998
1209,21.731245,17.383
1210,21.74989,18.645
1211,21.766808,16.918
1212,21.784136,17.328
1213,21.801561,17.425
1214,21.819432,17.871
1215,21.837143,17.711
1216,21.854548,17.405
1217,21.872151,17.603
1218,21.88924,17.089
1219,21.907095,17.855
1220,21.924677,17.582
1221,21.941979,17.302
1222,21.959692,17.713
1223,21.976917,17.225
1224,21.994743,17.826
1225,22.016117,21.374
1226,22.030199,14.082
1227,22.046653,16.454
1228,22.064877,18.224
1229,22.082325,17.448
1230,22.101254,18.929
1231,22.117293,16.039
1232,22.134915,17.622
1233,22.152961,18.046
1234,22.170135,17.174
1235,22.187574,17.439
1236,22.205388,17.814
1237,22.229618,24.23
1238,22.242107,12.489
1239,22.257967,15.86
1240,22.275159,17.192
1241,22.292866,17.707
1242,22.310173,17.307
1243,22.32785,17.677
1244,22.348228,20.378
1245,22.363019,14.791
1246,22.380927,17.908
1247,22.398384,17.457
1248,22.41647,18.086
1249,22.432411,15.941
1250,22.451625,19.214
1251,22.469235,17.61
1252,22.48696,17.725
1253,22.504201,17.241
1254,22.52181,17.609
1255,22.539721,17.911
1256,22.557923,18.202
1257,22.575414,17.491
1258,22.593153,17.739
1259,22.610435,17.282
1260,22.630971,20.536
1261,22.645985,15.014
1262,22.663888,17.903
1263,22.682176,18.288
1264,22.699689,17.513
1265,22.718682,18.993
1266,22.735712,17.03
1267,22.753103,17.391
1268,22.771318,18.215
1269,22.789922,18.604
1270,22.806672,16.75
1271,22.825252,18.58
1272,22.84253,17.278
1273,22.860223,17.693
1274,22.878217,17.994
1275,22.899158,20.941
1276,22.91396,14.802
1277,22.931519,17.559
1278,22.94876,17.241
1279,22.968051,19.291
1280,22.984325,16.274
1281,23.002976,18.651
1282,23.021269,18.293
1283,23.038769,17.5
1284,23.056467,17.698
1285,23.074495,18.028
1286,23.091325,16.83
1287,23.108845,17.52
1288,23.12745,18.605
1289,23.1482,20.75
1290,23.162523,14.323
1291,23.18055,18.027
1292,23.198932,18.382
1293,23.216008,17.076
1294,23.233915,17.907
1295,23.252026,18.111
1296,23.269234,17.208
1297,23.286897,17.663
1298,23.304788,17.891
1299,23.321905,17.117
1300,23.340944,19.039
1301,23.357408,16.464
1302,23.3766,19.192
1303,23.393688,17.088
1304,23.41105,17.362
1305,23.432662,21.612
1306,23.447248,14.586
1307,23.464572,17.324
1308,23.482117,17.545
1309,23.500251,18.134
1310,23.519276,19.025
1311,23.535671,16.395
1312,23.553507,17.836
1313,23.570959,17.452
1314,23.590149,19.19
1315,23.606429,16.28
1316,23.623462,17.033
1317,23.641,17.538
1318,23.658829,17.829
1319,23.676448,17.619
1320,23.694328,17.88
1321,23.714686,20.358
1322,23.730292,15.606
1323,23.747368,17.076
1324,23.765281,17.913
1325,23.78295,17.669
1326,23.800472,17.522
1327,23.817952,17.48
1328,23.835595,17.643
1329,23.853139,17.544
1330,23.870877,17.738
1331,23.888744,17.867
1332,23.906277,17.533
1333,23.924238,17.961
1334,23.941505,17.267
1335,23.959014,17.509
1336,23.976752,17.738
1337,23.994324,17.572
1338,24.013306,18.982
1339,24.029558,16.252
1340,24.046903,17.345
1341,24.064569,17.666
1342,24.082275,17.706
1343,24.099471,17.196
1344,24.117917,18.446
1345,24.135072,17.155
1346,24.152648,17.576
1347,24.169807,17.159
1348,24.187212,17.405
1349,24.204888,17.676
1350,24.222899,18.011
1351,24.239842,16.943
1352,24.257074,17.232
1353,24.274567,17.493
1354,24.291887,17.32
1355,24.309187,17.3
1356,24.326915,17.728
1357,24.344281,17.366
1358,24.363688,19.407
1359,24.379011,15.323
1360,24.396819,17.808
1361,24.41396,17.141
1362,24.431501,17.541
1363,24.448983,17.482
1364,24.466584,17.601
1365,24.483414,16.83
1366,24.500696,17.282
1367,24.51769,16.994
1368,24.535503,17.813
1369,24.552256,16.753
1370,24.569527,17.271
1371,24.586576,17.049
1372,24.603493,16.917
1373,24.620892,17.399
1374,24.638288,17.396
1375,24.655155,16.867
1376,24.67257,17.415
1377,24.689786,17.216
1378,24.706628,16.842
1379,24.72406,17.432
1380,24.74113,17.07
1381,24.758146,17.016
1382,24.775582,17.436
1383,24.792493,16.911
1384,24.809603,17.11
1385,24.826522,16.919
1386,24.843942,17.42
1387,24.864507,20.565
1388,24.879263,14.756
1389,24.897423,18.16
1390,24.913103,15.68
1391,24.92981,16.707
1392,24.946975,17.165
1393,24.963866,16.891
1394,24.980868,17.002
1395,24.997922,17.054
1396,25.015079,17.157
1397,25.032497,17.418
1398,25.049539,17.042
1399,25.066843,17.304
1400,25.083856,17.013
1401,25.101023,17.167
1402,25.117966,16.943
1403,25.134402,16.436
1404,25.152116,17.714
1405,25.168813,16.697
1406,25.1858970000001,17.084
1407,25.2031330000001,17.236
1408,25.220139,17.006
1409,25.237423,17.284
1410,25.254175,16.752
1411,25.271209,17.034
1412,25.288721,17.512
1413,25.305344,16.623
1414,25.322227,16.883
1415,25.3398,17.573
1416,25.356405,16.605
1417,25.373748,17.343
1418,25.390649,16.901
1419,25.407413,16.764
1420,25.424579,17.166
1421,25.441494,16.915
1422,25.459284,17.79
1423,25.48212,22.836
1424,25.492822,10.702
1425,25.509589,16.767
1426,25.526574,16.985
1427,25.544045,17.471
1428,25.56143,17.385
1429,25.577378,15.948
1430,25.59443,17.052
1431,25.613149,18.719
1432,25.6283430000001,15.194
1433,25.6473140000001,18.971
1434,25.6619680000001,14.654
1435,25.6794120000001,17.444
1436,25.6958870000001,16.475
1437,25.7133030000001,17.416
1438,25.7296560000001,16.353
1439,25.7477090000001,18.053
1440,25.7636640000001,15.955
1441,25.7812530000001,17.589
1442,25.7976810000001,16.428
1443,25.8148830000001,17.202
1444,25.8319590000001,17.076
1445,25.8491340000001,17.175
1446,25.8662370000001,17.103
1447,25.8829720000001,16.735
1448,25.8997800000001,16.808
1449,25.9169500000001,17.17
1450,25.9339420000001,16.992
1451,25.9511440000001,17.202
1452,25.9677200000001,16.576
1453,25.9846860000001,16.966
1454,26.0016180000001,16.932
1455,26.0190600000001,17.442
1456,26.0358250000001,16.765
1457,26.0528360000001,17.011
1458,26.0696850000001,16.849
1459,26.0867480000001,17.063
1460,26.1037640000001,17.016
1461,26.1207620000001,16.998
1462,26.1376280000001,16.866
1463,26.1549870000001,17.359
1464,26.1717510000001,16.764
1465,26.1887280000001,16.977
1466,26.2057070000001,16.979
1467,26.2232110000001,17.504
1468,26.2408810000001,17.67
1469,26.2570120000001,16.131
1470,26.2744290000001,17.417
1471,26.2915110000001,17.082
1472,26.3079050000001,16.394
1473,26.3250090000001,17.104
1474,26.3422850000001,17.276
1475,26.3588990000001,16.614
1476,26.376147,17.248
1477,26.392618,16.471
1478,26.409518,16.9
1479,26.426858,17.34
1480,26.444827,17.969
1481,26.4608570000001,16.03
1482,26.4779690000001,17.112
1483,26.4975590000001,19.59
1484,26.5115120000001,13.953
1485,26.5285300000001,17.018
1486,26.5467700000001,18.24
1487,26.5622530000001,15.483
1488,26.579473,17.22
1489,26.596636,17.163
1490,26.613411,16.775
1491,26.630585,17.174
1492,26.6484120000001,17.827
1493,26.6645830000001,16.171
1494,26.681454,16.871
1495,26.698466,17.012
1496,26.715438,16.972
1497,26.732329,16.891
1498,26.749943,17.614
1499,26.766428,16.485
1500,26.787651,21.223
1501,26.800497,12.846
1502,26.817301,16.804
1503,26.834628,17.327
1504,26.851804,17.176
1505,26.868433,16.629
1506,26.884716,16.283
1507,26.901721,17.005
1508,26.919387,17.666
1509,26.936343,16.956
1510,26.953201,16.858
1511,26.970077,16.876
1512,26.986914,16.837
1513,27.004447,17.533
1514,27.020978,16.531
1515,27.03819,17.212
1516,27.054855,16.665
1517,27.071629,16.774
1518,27.088623,16.994
1519,27.105901,17.278
1520,27.122673,16.772
1521,27.139747,17.074
1522,27.156688,16.941
1523,27.173511,16.823
1524,27.190814,17.303
1525,27.207813,16.999
1526,27.22489,17.077
1527,27.242296,17.406
1528,27.25919,16.894
1529,27.275896,16.706
1530,27.293004,17.108
1531,27.30963,16.626
1532,27.327423,17.793
1533,27.343853,16.43
1534,27.361894,18.041
1535,27.380454,18.56
1536,27.395179,14.725
1537,27.412297,17.118
1538,27.429644,17.347
1539,27.446387,16.743
1540,27.463533,17.146
1541,27.480431,16.898
1542,27.4972670000001,16.836
1543,27.514695,17.428
1544,27.531525,16.83
1545,27.548683,17.158
1546,27.565845,17.162
1547,27.582487,16.642
1548,27.598867,16.38
1549,27.616222,17.355
1550,27.633562,17.34
1551,27.6511,17.538
1552,27.667341,16.241
1553,27.684797,17.456
1554,27.702066,17.269
1555,27.718809,16.743
1556,27.735426,16.617
1557,27.752493,17.067
1558,27.769394,16.901
1559,27.786369,16.975
1560,27.803233,16.864
1561,27.82026,17.027
1562,27.837537,17.277
1563,27.854319,16.782
1564,27.871045,16.726
1565,27.888093,17.048
1566,27.905071,16.978
1567,27.922214,17.143
1568,27.939343,17.129
1569,27.956042,16.699
1570,27.973071,17.029
1571,27.989476,16.405
1572,28.006882,17.406
1573,28.024313,17.431
1574,28.041412,17.099
1575,28.058772,17.36
1576,28.074848,16.076
1577,28.092974,18.126
1578,28.109054,16.08
1579,28.126253,17.199
1580,28.14239,16.137
1581,28.159488,17.098
1582,28.176446,16.958
1583,28.193059,16.613
1584,28.210292,17.233
1585,28.226992,16.7
1586,28.249029,22.037
1587,28.2609090000001,11.88
1588,28.2779810000001,17.072
1589,28.2941900000001,16.209
1590,28.311377,17.187
1591,28.3283570000001,16.98
1592,28.3457840000001,17.427
1593,28.3622780000001,16.494
1594,28.3788930000001,16.615
1595,28.3958530000001,16.96
1596,28.4127150000001,16.862
1597,28.4291960000001,16.481
1598,28.4467020000001,17.506
1599,28.4629110000001,16.209
1600,28.4796660000001,16.755
1601,28.4966570000001,16.991
1602,28.5135440000001,16.887
1603,28.5304650000001,16.921
1604,28.5471910000001,16.726
1605,28.5642530000001,17.062
1606,28.5808960000001,16.643
1607,28.5979080000001,17.012
1608,28.6148350000001,16.927
1609,28.6316780000001,16.843
1610,28.6485300000001,16.852
1611,28.6642960000001,15.766
1612,28.6823240000001,18.028
1613,28.6987170000001,16.393
1614,28.7159810000001,17.264
1615,28.7330850000001,17.104
1616,28.7496280000001,16.543
1617,28.7665890000001,16.961
1618,28.7835450000001,16.956
1619,28.8006560000001,17.111
1620,28.8176970000001,17.041
1621,28.8341640000001,16.467
1622,28.8509200000001,16.756
1623,28.8677030000001,16.783
1624,28.8840330000001,16.33
1625,28.9006730000001,16.64
1626,28.9175040000001,16.831
1627,28.9347260000001,17.222
1628,28.951155,16.429
1629,28.9687,17.545
1630,28.985387,16.687
1631,29.0021570000001,16.77
1632,29.019765,17.608
1633,29.0361000000001,16.335
1634,29.0533090000001,17.209
1635,29.0696610000001,16.352
1636,29.0867660000001,17.105
1637,29.1034960000001,16.73
1638,29.1201360000001,16.64
1639,29.1370090000001,16.873
1640,29.1539620000001,16.953
1641,29.1706530000001,16.691
1642,29.1875450000001,16.892
1643,29.2046960000001,17.151
1644,29.2210930000001,16.397
1645,29.2389450000001,17.852
1646,29.2582320000001,19.287
1647,29.2719540000001,13.722
1648,29.2898460000001,17.892
1649,29.3097320000001,19.886
1650,29.3234790000001,13.747
1651,29.3395040000001,16.025
1652,29.3567510000001,17.247
1653,29.3730360000001,16.285
1654,29.3898360000001,16.8
1655,29.4068230000001,16.987
1656,29.4233770000001,16.554
1657,29.4399230000001,16.546
1658,29.4572870000001,17.364
1659,29.4738910000001,16.604
1660,29.4908880000001,16.997
1661,29.5074130000001,16.525
1662,29.5250810000001,17.668
1663,29.5407240000001,15.643
1664,29.5583740000001,17.65
1665,29.5742280000001,15.854
1666,29.5912610000001,17.033
1667,29.6078030000001,16.542
1668,29.6246360000001,16.833
1669,29.6417200000001,17.084
1670,29.6582140000001,16.494
1671,29.6748030000001,16.589
1672,29.6916120000001,16.809
1673,29.7081550000001,16.543
1674,29.7268830000001,18.728
1675,29.7416130000001,14.73
1676,29.7591300000001,17.517
1677,29.7751770000001,16.047
1678,29.7920130000001,16.836
1679,29.8104060000001,18.393
1680,29.8255040000001,15.098
1681,29.8424690000001,16.965
1682,29.8589270000001,16.458
1683,29.8776370000001,18.71
1684,29.8932520000001,15.615
1685,29.9094780000001,16.226
1686,29.9258700000001,16.392
1687,29.9432080000001,17.338
1688,29.9595040000001,16.296
1689,29.9764500000001,16.946
1690,29.9930620000001,16.612
1691,30.0102630000001,17.201
1692,30.0266650000001,16.402
1693,30.0437610000001,17.096
1694,30.0600490000001,16.288
1695,30.0776590000001,17.61
1696,30.0936670000001,16.008
1697,30.1108600000001,17.193
1698,30.1272140000001,16.354
1699,30.1460810000001,18.867
1700,30.1614320000001,15.351
1701,30.1779110000001,16.479
1702,30.1977190000001,19.808
1703,30.2120720000001,14.353
1704,30.2284070000001,16.335
1705,30.2451010000001,16.694
1706,30.2625730000001,17.472
1707,30.2788180000001,16.245
1708,30.2958730000001,17.055
1709,30.3130990000001,17.226
1710,30.3295970000001,16.498
1711,30.3466770000001,17.08
1712,30.3632570000001,16.58
1713,30.3801450000001,16.888
1714,30.3970670000001,16.922
1715,30.4142280000001,17.161
1716,30.4310600000001,16.832
1717,30.4477880000001,16.728
1718,30.4648290000001,17.041
1719,30.4824970000001,17.668
1720,30.4989960000001,16.499
1721,30.5160590000001,17.063
1722,30.5332020000001,17.143
1723,30.5500080000001,16.806
1724,30.5675250000001,17.517
1725,30.5845240000001,16.999
1726,30.6015480000001,17.024
1727,30.6190530000001,17.505
1728,30.6357650000001,16.712
1729,30.6528220000001,17.057
1730,30.6701710000001,17.349
1731,30.6874560000001,17.285
1732,30.7048420000001,17.386
1733,30.7223300000001,17.488
1734,30.7389490000001,16.619
1735,30.7555940000001,16.645
1736,30.7728930000001,17.299
1737,30.7891600000001,16.267
1738,30.8067120000001,17.552
1739,30.8256700000001,18.958
1740,30.8415640000001,15.894
1741,30.8597740000001,18.21
1742,30.8774430000001,17.669
1743,30.8944190000001,16.976
1744,30.9124720000001,18.053
1745,30.9292120000001,16.74
1746,30.9465740000001,17.362
1747,30.9693430000001,22.769
1748,30.9820580000001,12.715
1749,30.9988860000001,16.828
1750,31.0164980000001,17.612
1751,31.0336010000001,17.103
1752,31.0513060000001,17.705
1753,31.0692110000001,17.905
1754,31.0864310000001,17.22
1755,31.1040650000001,17.634
1756,31.1220440000001,17.979
1757,31.1398540000001,17.81
1758,31.1575770000001,17.723
1759,31.1752360000001,17.659
1760,31.1934890000001,18.253
1761,31.2112590000001,17.77
1762,31.2294530000001,18.194
1763,31.2468870000001,17.434
1764,31.2693890000001,22.502
1765,31.2823930000001,13.004
1766,31.2996460000001,17.253
1767,31.3187280000001,19.082
1768,31.3359960000001,17.268
1769,31.3535110000001,17.515
1770,31.3725640000001,19.053
1771,31.3898760000001,17.312
1772,31.4074240000001,17.548
1773,31.4257960000001,18.372
1774,31.4430530000001,17.257
1775,31.4604720000001,17.419
1776,31.4804480000001,19.976
1777,31.5019340000001,21.486
1778,31.5154850000001,13.551
1779,31.5323740000001,16.889
1780,31.5510120000001,18.638
1781,31.5695800000001,18.568
1782,31.5868020000001,17.222
1783,31.6065390000001,19.737
1784,31.6240060000001,17.467
1785,31.6408970000001,16.891
1786,31.6600570000001,19.16
1787,31.6777830000001,17.726
1788,31.6950590000001,17.276
1789,31.718266,23.207
1790,31.731215,12.949
1791,31.74912,17.905
1792,31.768675,19.555
1793,31.785248,16.573
1794,31.803665,18.417
1795,31.821754,18.089
1796,31.840736,18.982
1797,31.856764,16.028
1798,31.875738,18.974
1799,31.893874,18.136
1800,31.911401,17.527
1801,31.928707,17.306
1802,31.952101,23.394
1803,31.96546,13.359
1804,31.983542,18.082
1805,32.0008,17.258
1806,32.019266,18.466
1807,32.035776,16.51
1808,32.054312,18.536
1809,32.073173,18.861
1810,32.089629,16.456
1811,32.107342,17.713
1812,32.126759,19.417
1813,32.144037,17.278
1814,32.164041,20.004
1815,32.179213,15.172
1816,32.198085,18.872
1817,32.216045,17.96
1818,32.233785,17.74
1819,32.251363,17.578
1820,32.268865,17.502
1821,32.287506,18.641
1822,32.305249,17.743
1823,32.323255,18.006
1824,32.340765,17.51
1825,32.358476,17.711
1826,32.375272,16.796
1827,32.394951,19.679
1828,32.414545,19.594
1829,32.429801,15.256
1830,32.447586,17.785
1831,32.465914,18.328
1832,32.481796,15.882
1833,32.500874,19.078
1834,32.517807,16.933
1835,32.535098,17.291
1836,32.553515,18.417
1837,32.57145,17.935
1838,32.588769,17.319
1839,32.605866,17.097
1840,32.624599,18.733
1841,32.641909,17.31
1842,32.659793,17.884
1843,32.676795,17.002
1844,32.698288,21.493
1845,32.713066,14.778
1846,32.729834,16.768
1847,32.748796,18.962
1848,32.767337,18.541
1849,32.7841,16.763
1850,32.801504,17.404
1851,32.819323,17.819
1852,32.837676,18.353
1853,32.854805,17.129
1854,32.872006,17.201
1855,32.890304,18.298
1856,32.907761,17.457
1857,32.925975,18.214
1858,32.94333,17.355
1859,32.960749,17.419
1860,32.977785,17.036
1861,32.998925,21.14
1862,33.012729,13.804
1863,33.031603,18.874
1864,33.049071,17.468
1865,33.065969,16.898
1866,33.08452,18.551
1867,33.102329,17.809
1868,33.119523,17.194
1869,33.137928,18.405
1870,33.155157,17.229
1871,33.172362,17.205
1872,33.190624,18.262
1873,33.208622,17.998
1874,33.225846,17.224
1875,33.24314,17.294
1876,33.260062,16.922
1877,33.281164,21.102
1878,33.29583,14.666
1879,33.31352,17.69
1880,33.331074,17.554
1881,33.348637,17.563
1882,33.36679,18.153
1883,33.384161,17.371
1884,33.401288,17.127
1885,33.419344,18.056
1886,33.436714,17.37
1887,33.45539,18.676
1888,33.471986,16.596
1889,33.489711,17.725
1890,33.507006,17.295
1891,33.525599,18.593
1892,33.542705,17.106
1893,33.560358,17.653
1894,33.577967,17.609
1895,33.599847,21.88
1896,33.612677,12.83
1897,33.630897,18.22
1898,33.648582,17.685
1899,33.66602,17.438
1900,33.683118,17.098
1901,33.701321,18.203
1902,33.720248,18.927
1903,33.736191,15.943
1904,33.753708,17.517
1905,33.771085,17.377
1906,33.788859,17.774
1907,33.806351,17.492
1908,33.825016,18.665
1909,33.841761,16.745
1910,33.859123,17.362
1911,33.877005,17.882
1912,33.895146,18.141
1913,33.914649,19.503
1914,33.929933,15.284
1915,33.94725,17.317
1916,33.964997,17.747
1917,33.982842,17.845
1918,34.000326,17.484
1919,34.018221,17.895
1920,34.036187,17.966
1921,34.053014,16.827
1922,34.070843,17.829
1923,34.089221,18.378
1924,34.106478,17.257
1925,34.123888,17.41
1926,34.141691,17.803
1927,34.15909,17.399
1928,34.176936,17.846
1929,34.194441,17.505
1930,34.215674,21.233
1931,34.22976,14.086
1932,34.247639,17.879
1933,34.265474,17.835
1934,34.282864,17.39
1935,34.301817,18.953
1936,34.318393,16.576
1937,34.3362,17.807
1938,34.35362,17.42
1939,34.372453,18.833
1940,34.38863,16.177
1941,34.40626,17.63
1942,34.423902,17.642
1943,34.442026,18.124
1944,34.459454,17.428
1945,34.477118,17.664
1946,34.494844,17.726
1947,34.515427,20.583
1948,34.529992,14.565
1949,34.548336,18.344
1950,34.565638,17.302
1951,34.583005,17.367
1952,34.600824,17.819
1953,34.618533,17.709
1954,34.635832,17.299
1955,34.653691,17.859
1956,34.671539,17.848
1957,34.689257,17.718
1958,34.7065580000001,17.301
1959,34.7251270000001,18.569
1960,34.7418350000001,16.708
1961,34.759634,17.799
1962,34.777035,17.401
1963,34.7947190000001,17.684
1964,34.815416,20.697
1965,34.829978,14.562
1966,34.84783,17.852
1967,34.865165,17.335
1968,34.883162,17.997
1969,34.9007250000001,17.563
1970,34.9181190000001,17.394
1971,34.9355840000001,17.465
1972,34.9538920000001,18.308
1973,34.9710570000001,17.165
1974,34.98856,17.503
1975,35.006414,17.854
1976,35.023899,17.485
1977,35.041942,18.043
1978,35.059647,17.705
1979,35.07667,17.023
1980,35.094665,17.995
1981,35.115396,20.731
1982,35.131056,15.66
1983,35.14759,16.534
1984,35.165247,17.657
1985,35.182601,17.354
1986,35.200344,17.743
1987,35.217811,17.467
1988,35.235318,17.507
1989,35.253364,18.046
1990,35.270647,17.283
1991,35.288491,17.844
1992,35.306048,17.557
1993,35.323484,17.436
1994,35.341738,18.254
1995,35.359167,17.429
1996,35.375923,16.756
1997,35.393389,17.466
1998,35.415071,21.682
1999,35.429515,14.444
2000,35.447322,17.807
2001,35.465136,17.814
2002,35.481416,16.28
2003,35.499579,18.163
2004,35.517968,18.389
2005,35.53511,17.142
2006,35.552513,17.403
2007,35.570517,18.004
2008,35.587213,16.696
2009,35.605518,18.305
2010,35.623652,18.134
2011,35.640062,16.41
2012,35.657697,17.635
2013,35.676581,18.884
2014,35.693542,16.961
2015,35.710889,17.347
2016,35.730114,19.225
2017,35.745785,15.671
2018,35.762953,17.168
2019,35.780997,18.044
2020,35.798666,17.669
2021,35.815695,17.029
2022,35.833752,18.057
2023,35.851115,17.363
2024,35.868478,17.363
2025,35.886371,17.893
2026,35.903908,17.537
2027,35.921281,17.373
2028,35.938331,17.05
2029,35.957386,19.055
2030,35.974302,16.916
2031,35.991316,17.014
2032,36.010249,18.933
2033,36.028011,17.762
2034,36.04837,20.359
2035,36.063222,14.852
2036,36.080615,17.393
2037,36.098376,17.761
2038,36.115611,17.235
2039,36.133259,17.648
2040,36.150705,17.446
2041,36.16734,16.635
2042,36.185376,18.036
2043,36.202929,17.553
2044,36.220567,17.638
2045,36.237561,16.994
2046,36.255714,18.153
2047,36.27327,17.556
2048,36.290159,16.889
2049,36.308646,18.487
2050,36.32616,17.514
2051,36.343805,17.645
2052,36.360862,17.057
2053,36.382441,21.579
2054,36.396292,13.851
2055,36.413896,17.604
2056,36.431382,17.486
2057,36.449058,17.676
2058,36.465876,16.818
2059,36.483899,18.023
2060,36.501347,17.448
2061,36.519013,17.666
2062,36.535701,16.688
2063,36.554329,18.628
2064,36.571372,17.043
2065,36.588883,17.511
2066,36.605814,16.931
2067,36.623981,18.167
2068,36.641725,17.744
2069,36.658608,16.883
2070,36.676969,18.361
2071,36.694537,17.568
2072,36.714679,20.142
2073,36.729448,14.769
2074,36.746135,16.687
2075,36.764635,18.5
2076,36.781864,17.229
2077,36.799621,17.757
2078,36.816952,17.331
2079,36.834368,17.416
2080,36.851516,17.148
2081,36.869858,18.342
2082,36.887066,17.208
2083,36.904863,17.797
2084,36.921548,16.685
2085,36.93985,18.302
2086,36.957613,17.763
2087,36.974292,16.679
2088,36.992852,18.56
2089,37.011292,18.44
2090,37.027582,16.29
2091,37.050454,22.872
2092,37.063219,12.765
2093,37.081242,18.023
2094,37.097699,16.457
2095,37.115528,17.829
2096,37.132846,17.318
2097,37.1514,18.554
2098,37.167083,15.683
2099,37.186163,19.08
2100,37.202732,16.569
2101,37.21989,17.158
2102,37.237881,17.991
2103,37.255329,17.448
2104,37.272866,17.537
2105,37.289818,16.952
2106,37.308025,18.207
2107,37.326027,18.002
2108,37.343101,17.074
2109,37.359861,16.76
2110,37.378554,18.693
2111,37.39786,19.306
2112,37.412812,14.952
2113,37.431317,18.505
2114,37.44862,17.303
2115,37.465374,16.754
2116,37.482355,16.981
2117,37.501099,18.744
2118,37.518365,17.266
2119,37.536198,17.833
2120,37.553351,17.153
2121,37.571272,17.921
2122,37.587479,16.207
2123,37.606516,19.037
2124,37.623068,16.552
2125,37.640964,17.896
2126,37.657492,16.528
2127,37.675717,18.225
2128,37.693485,17.768
2129,37.710346,16.861
2130,37.727676,17.33
2131,37.749747,22.071
2132,37.763471,13.724
2133,37.780252,16.781
2134,37.798019,17.767
2135,37.816606,18.587
2136,37.833627,17.021
2137,37.851113,17.486
2138,37.868416,17.303
2139,37.886032,17.616
2140,37.903271,17.239
2141,37.920316,17.045
2142,37.939085,18.769
2143,37.955963,16.878
2144,37.972899,16.936
2145,37.991283,18.384
2146,38.008661,17.378
2147,38.026602,17.941
2148,38.043086,16.484
2149,38.061689,18.603
2150,38.083234,21.545
2151,38.096307,13.073
2152,38.113682,17.375
2153,38.131987,18.305
2154,38.148739,16.752
2155,38.165547,16.808
2156,38.184183,18.636
2157,38.201497,17.314
2158,38.218133,16.636
2159,38.236613,18.48
2160,38.253868,17.255
2161,38.270566,16.698
2162,38.288758,18.192
2163,38.306346,17.588
2164,38.323616,17.27
2165,38.34043,16.814
2166,38.358707,18.277
2167,38.376578,17.871
2168,38.392932,16.354
2169,38.410982,18.05
2170,38.431453,20.471
2171,38.445115,13.662
2172,38.464029,18.914
2173,38.481039,17.01
2174,38.497742,16.703
2175,38.514962,17.22
2176,38.533012,18.05
2177,38.550538,17.526
2178,38.56779,17.252
2179,38.585713,17.923
2180,38.603175,17.462
2181,38.62103,17.855
2182,38.637573,16.543
2183,38.655783,18.21
2184,38.673512,17.729
2185,38.690585,17.073
2186,38.70783,17.245
2187,38.727228,19.398
2188,38.743781,16.553
2189,38.761625,17.844
2190,38.782032,20.407
2191,38.796849,14.817
2192,38.814534,17.685
2193,38.832299,17.765
2194,38.850397,18.098
2195,38.867092,16.695
2196,38.884982,17.89
2197,38.902699,17.717
2198,38.920523,17.824
2199,38.937541,17.018
2200,38.955424,17.883
2201,38.973508,18.084
2202,38.99119,17.682
2203,39.008541,17.351
2204,39.02731,18.769
2205,39.044915,17.605
2206,39.065587,20.672
2207,39.079106,13.519
2208,39.097636,18.53
2209,39.115325,17.689
2210,39.133188,17.863
2211,39.150564,17.376
2212,39.1686,18.036
2213,39.186102,17.502
2214,39.203224,17.122
2215,39.22168,18.456
2216,39.239561,17.881
2217,39.257025,17.464
2218,39.274496,17.471
2219,39.293358,18.862
2220,39.311402,18.044
2221,39.330584,19.182
2222,39.346985,16.401
2223,39.364936,17.951
2224,39.38245,17.514
2225,39.401053,18.603
2226,39.418927,17.874
2227,39.436477,17.55
2228,39.455148,18.671
2229,39.472843,17.695
2230,39.490561,17.718
2231,39.508213,17.652
2232,39.526967,18.754
2233,39.546684,19.717
2234,39.56278,16.096
2235,39.581056,18.276
2236,39.598944,17.888
2237,39.616256,17.312
2238,39.635329,19.073
2239,39.653582,18.253
2240,39.670643,17.061
2241,39.689264,18.621
2242,39.708047,18.783
2243,39.725015,16.968
2244,39.743993,18.978
2245,39.764203,20.21
2246,39.780146,15.943
2247,39.798253,18.107
2248,39.8159,17.647
2249,39.834664,18.764
2250,39.852587,17.923
2251,39.870209,17.622
2252,39.88932,19.111
2253,39.907673,18.353
2254,39.924842,17.169
2255,39.943264,18.422
2256,39.962203,18.939
2257,39.982489,20.286
2258,39.999671,17.182
2259,40.016462,16.791
2260,40.034641,18.179
2261,40.05386,19.219
2262,40.073737,19.877
2263,40.089417,15.68
2264,40.108409,18.992
2265,40.126673,18.264
2266,40.14544,18.767
2267,40.163216,17.776
2268,40.181332,18.116
2269,40.202718,21.386
2270,40.219192,16.474
2271,40.237304,18.112
2272,40.255633,18.329
2273,40.273625,17.992
2274,40.292526,18.901
2275,40.311053,18.527
2276,40.329876,18.823
2277,40.348251,18.375
2278,40.366139,17.888
2279,40.385011,18.872
2280,40.405212,20.201
2281,40.421175,15.963
2282,40.440613,19.438
2283,40.458351,17.738
2284,40.478058,19.707
2285,40.495542,17.484
2286,40.515195,19.653
2287,40.533048,17.853
2288,40.553102,20.054
2289,40.572545,19.443
2290,40.588264,15.719
2291,40.607828,19.564
2292,40.625654,17.826
2293,40.645337,19.683
2294,40.662565,17.228
2295,40.681947,19.382
2296,40.700083,18.136
2297,40.719473,19.39
2298,40.739697,20.224
2299,40.756814,17.117
2300,40.774586,17.772
2301,40.793983,19.397
2302,40.811732,17.749
2303,40.831353,19.621
2304,40.848823,17.47
2305,40.868943,20.12
2306,40.889046,20.103
2307,40.906028,16.982
2308,40.925013,18.985
2309,40.94538,20.367
2310,40.961517,16.137
2311,40.980959,19.442
2312,41.000262,19.303
2313,41.018556,18.294
2314,41.040857,22.301
2315,41.055365,14.508
2316,41.075067,19.702
2317,41.093584,18.517
2318,41.111494,17.91
2319,41.131462,19.968
2320,41.150662,19.2
2321,41.168531,17.869
2322,41.191514,22.983
2323,41.206182,14.668
2324,41.225993,19.811
2325,41.246153,20.16
2326,41.262913,16.76
2327,41.282665,19.752
2328,41.301496,18.831
2329,41.322183,20.687
2330,41.339342,17.159
2331,41.357789,18.447
2332,41.377935,20.146
2333,41.396726,18.791
2334,41.415366,18.64
2335,41.434488,19.122
2336,41.455972,21.484
2337,41.471845,15.873
2338,41.491808,19.963
2339,41.510701,18.893
2340,41.529118,18.417
2341,41.548841,19.723
2342,41.568595,19.754
2343,41.588847,20.252
2344,41.606215,17.368
2345,41.624574,18.359
2346,41.64471,20.136
2347,41.663494,18.784
2348,41.682013,18.519
2349,41.702191,20.178
2350,41.722523,20.332
2351,41.740212,17.689
2352,41.759829,19.617
2353,41.778788,18.959
2354,41.798089,19.301
2355,41.815996,17.907
2356,41.839279,23.283
2357,41.854375,15.096
2358,41.874767,20.392
2359,41.894394,19.627
2360,41.91202,17.626
2361,41.931737,19.717
2362,41.952466,20.729
2363,41.969898,17.432
2364,41.987892,17.994
2365,42.00781,19.918
2366,42.027094,19.284
2367,42.045342,18.248
2368,42.068213,22.871
2369,42.083346,15.133
2370,42.102842,19.496
2371,42.122427,19.585
2372,42.140659,18.232
2373,42.160108,19.449
2374,42.181019,20.911
2375,42.198261,17.242
2376,42.217582,19.321
2377,42.235526,17.944
2378,42.255681,20.155
2379,42.274975,19.294
2380,42.293901,18.926
2381,42.314233,20.332
2382,42.331471,17.238
2383,42.352282,20.811
2384,42.369386,17.104
2385,42.389035,19.649
2386,42.40658,17.545
2387,42.426644,20.064
2388,42.446944,20.3
2389,42.464258,17.314
2390,42.483143,18.885
2391,42.501332,18.189
2392,42.520985,19.653
2393,42.540179,19.194
2394,42.559463,19.284
2395,42.580204,20.741
2396,42.596786,16.582
2397,42.615725,18.939
2398,42.636284,20.559
2399,42.654073,17.789
2400,42.672928,18.855
2401,42.691695,18.767
2402,42.711185,19.49
2403,42.729234,18.049
2404,42.748378,19.144
2405,42.768069,19.691
2406,42.786199,18.13
2407,42.805176,18.977
2408,42.824433,19.257
2409,42.845255,20.822
2410,42.86138,16.125
2411,42.879597,18.217
2412,42.898972,19.375
2413,42.917958,18.986
2414,42.937076,19.118
2415,42.955638,18.562
2416,42.977694,22.056
2417,42.993525,15.831
2418,43.015497,21.972
2419,43.031086,15.589
2420,43.049839,18.753
2421,43.068704,18.865
2422,43.087445,18.741
2423,43.108729,21.284
2424,43.125912,17.183
2425,43.143669,17.757
2426,43.162168,18.499
2427,43.18133,19.162
2428,43.200081,18.751
2429,43.219094,19.013
2430,43.239509,20.415
2431,43.255447,15.938
2432,43.274134,18.687
2433,43.292988,18.854
2434,43.311304,18.316
2435,43.331331,20.027
2436,43.348673,17.342
2437,43.367382,18.709
2438,43.385904,18.522
2439,43.407646,21.742
2440,43.423418,15.772
2441,43.442194,18.776
2442,43.460841,18.647
2443,43.478883,18.042
2444,43.497689,18.806
2445,43.515627,17.938
2446,43.534221,18.594
2447,43.552557,18.336
2448,43.573475,20.918
2449,43.589452,15.977
2450,43.608041,18.589
2451,43.626505,18.464
2452,43.645138,18.633
2453,43.663408,18.27
2454,43.681879,18.471
2455,43.700626,18.747
2456,43.719054,18.428
2457,43.741462,22.408
2458,43.755692,14.23
2459,43.774558,18.866
2460,43.793221,18.663
2461,43.811535,18.314
2462,43.829918,18.383
2463,43.847973,18.055
2464,43.866254,18.281
2465,43.884584,18.33
2466,43.905297,20.713
2467,43.921363,16.066
2468,43.939914,18.551
2469,43.957963,18.049
2470,43.976564,18.601
2471,43.994795,18.231
2472,44.014337,19.542
2473,44.032477,18.14
2474,44.051465,18.988
2475,44.069022,17.557
2476,44.090699,21.677
2477,44.1058609999999,15.162
2478,44.1244829999999,18.622
2479,44.1429229999999,18.44
2480,44.1612559999999,18.333
2481,44.1798479999999,18.592
2482,44.1982809999999,18.433
2483,44.2164219999999,18.141
2484,44.2348089999999,18.387
2485,44.2535289999999,18.72
2486,44.2747679999999,21.239
2487,44.2893369999999,14.569
2488,44.3079059999999,18.569
2489,44.3261699999999,18.264
2490,44.3461179999999,19.948
2491,44.3647399999999,18.622
2492,44.3835049999999,18.765
2493,44.4027159999999,19.211
2494,44.4202379999999,17.522
2495,44.436599,16.361
2496,44.4569469999999,20.348
2497,44.4736469999999,16.7
2498,44.49248,18.833
2499,44.510809,18.329
2500,44.528976,18.167
2501,44.547525,18.549
2502,44.5662749999999,18.75
2503,44.5844959999999,18.221
2504,44.6027949999999,18.299
2505,44.6212279999999,18.433
2506,44.6431239999999,21.896
2507,44.6591199999999,15.996
2508,44.6774859999999,18.366
2509,44.6958009999999,18.315
2510,44.7143339999999,18.533
2511,44.7332679999999,18.934
2512,44.7514239999999,18.156
2513,44.7698129999999,18.389
2514,44.7885109999999,18.698
2515,44.8067909999999,18.28
2516,44.8276029999999,20.812
2517,44.8435789999999,15.976
2518,44.8624439999999,18.865
2519,44.8809709999999,18.527
2520,44.8988509999999,17.88
2521,44.9176439999999,18.793
2522,44.9358119999999,18.168
2523,44.9541609999999,18.349
2524,44.9726119999999,18.451
2525,44.9908949999999,18.283
2526,45.0111189999999,20.224
2527,45.0277239999999,16.605
2528,45.0462939999999,18.57
2529,45.0652099999999,18.916
2530,45.0834879999999,18.278
2531,45.1019409999999,18.453
2532,45.1210139999999,19.073
2533,45.1394779999999,18.464
2534,45.1578349999999,18.357
2535,45.1761059999999,18.271
2536,45.1979899999999,21.884
2537,45.2142409999999,16.251
2538,45.2326369999999,18.396
2539,45.2512549999999,18.618
2540,45.2708429999999,19.588
2541,45.2886279999999,17.785
2542,45.3067859999999,18.158
2543,45.3254489999999,18.663
2544,45.3437179999999,18.269
2545,45.3651669999999,21.449
2546,45.3806519999999,15.485
2547,45.3993619999999,18.71
2548,45.4184739999999,19.112
2549,45.4378379999999,19.364
2550,45.4554249999999,17.587
2551,45.4745079999999,19.083
2552,45.4929569999999,18.449
2553,45.5111839999999,18.227
2554,45.5324239999999,21.24
2555,45.5484789999999,16.055
2556,45.5667759999999,18.297
2557,45.5851449999999,18.369
2558,45.6035449999999,18.4
2559,45.6224849999999,18.94
2560,45.6423259999999,19.841
2561,45.6593229999999,16.997
2562,45.6788649999999,19.542
2563,45.6989039999999,20.039
2564,45.7165439999999,17.64
2565,45.7336279999999,17.084
2566,45.7520379999999,18.41
2567,45.7714249999999,19.387
2568,45.7902619999999,18.837
2569,45.8094089999999,19.147
2570,45.8268799999999,17.471
2571,45.8504309999999,23.551
2572,45.8694559999999,19.025
2573,45.8817889999999,12.333
2574,45.9001479999999,18.359
2575,45.9183549999999,18.207
2576,45.9367269999999,18.372
2577,45.9552599999999,18.533
2578,45.9735469999999,18.287
2579,45.9920619999999,18.515
2580,46.0100379999999,17.976
2581,46.0311529999999,21.115
2582,46.0479069999999,16.754
2583,46.0658539999999,17.947
2584,46.0838549999999,18.001
2585,46.1022809999999,18.426
2586,46.1208679999999,18.587
2587,46.1392209999999,18.353
2588,46.1561009999999,16.88
2589,46.1755279999999,19.427
2590,46.1937669999999,18.239
2591,46.2147299999999,20.963
2592,46.2299829999999,15.253
2593,46.2486439999999,18.661
2594,46.2665789999999,17.935
2595,46.2840659999999,17.487
2596,46.3031439999999,19.078
2597,46.3215799999999,18.436
2598,46.3395489999999,17.969
2599,46.3579249999999,18.376
2600,46.3761259999999,18.201
2601,46.3973389999999,21.213
2602,46.4124859999999,15.147
2603,46.4310349999999,18.549
2604,46.4490159999999,17.981
2605,46.4667709999999,17.755
2606,46.4856719999999,18.901
2607,46.5038759999999,18.204
2608,46.5215709999999,17.695
2609,46.5404319999999,18.861
2610,46.5592409999999,18.809
2611,46.5788309999999,19.59
2612,46.5953339999999,16.503
2613,46.6135039999999,18.17
2614,46.6312349999999,17.731
2615,46.6496559999999,18.421
2616,46.6677069999999,18.051
2617,46.6857179999999,18.011
2618,46.7038289999999,18.111
2619,46.7209019999999,17.073
2620,46.7405259999999,19.624
2621,46.7604299999999,19.904
2622,46.7758029999999,15.373
2623,46.7942789999999,18.476
2624,46.8115269999999,17.248
2625,46.8303809999999,18.854
2626,46.8487769999999,18.396
2627,46.8661049999999,17.328
2628,46.8857929999999,19.688
2629,46.9028699999999,17.077
2630,46.9200579999999,17.188
2631,46.9417789999999,21.721
2632,46.9563879999999,14.609
2633,46.9743469999999,17.959
2634,46.9916179999999,17.271
2635,47.0096159999999,17.998
2636,47.0272009999999,17.585
2637,47.0457689999999,18.568
2638,47.0631899999999,17.421
2639,47.0812199999999,18.03
2640,47.0989159999999,17.696
2641,47.1162829999999,17.367
2642,47.1347799999999,18.497
2643,47.1519129999999,17.133
2644,47.1701259999999,18.213
2645,47.1876999999999,17.574
2646,47.2057719999999,18.072
2647,47.2237879999999,18.016
2648,47.2418979999999,18.11
2649,47.2588879999999,16.99
2650,47.2765539999999,17.666
2651,47.2943509999999,17.797
2652,47.3114229999999,17.072
2653,47.3325159999999,21.093
2654,47.3479919999999,15.476
2655,47.3654569999999,17.465
2656,47.3822009999999,16.744
2657,47.4012259999999,19.025
2658,47.4187799999999,17.554
2659,47.4362609999999,17.481
2660,47.4529739999999,16.713
2661,47.4720159999999,19.042
2662,47.4885739999999,16.558
2663,47.5050539999999,16.48
2664,47.5228179999999,17.764
2665,47.5417549999999,18.937
2666,47.5583619999999,16.607
2667,47.5747099999999,16.348
2668,47.5930389999999,18.329
2669,47.6104039999999,17.365
2670,47.6271389999999,16.735
2671,47.6444859999999,17.347
2672,47.6629399999999,18.454
2673,47.6836329999999,20.693
2674,47.6970249999999,13.392
2675,47.7154599999999,18.435
2676,47.7324899999999,17.03
2677,47.7494239999999,16.934
2678,47.7671529999999,17.729
2679,47.7847069999999,17.554
2680,47.8018119999999,17.105
2681,47.8195649999999,17.753
2682,47.8371979999999,17.633
2683,47.8545219999999,17.324
2684,47.8722239999999,17.702
2685,47.8895599999999,17.336
2686,47.9076389999999,18.079
2687,47.9257299999999,18.091
2688,47.9427449999999,17.015
2689,47.9600889999999,17.344
2690,47.9768709999999,16.782
2691,47.9944239999999,17.553
2692,48.0077789999999,13.355
2693,48.0250399999999,17.261
2694,48.0421489999999,17.109
2695,48.0589909999999,16.842
2696,48.0761129999999,17.122
2697,48.0934359999999,17.323
2698,48.1103589999999,16.923
2699,48.1279589999999,17.6
2700,48.1444109999999,16.452
2701,48.1626769999999,18.266
2702,48.1791349999999,16.458
2703,48.1998119999999,20.677
2704,48.2134819999999,13.67
2705,48.2308589999999,17.377
2706,48.2475739999999,16.715
2707,48.2651819999999,17.608
2708,48.2822159999999,17.034
2709,48.2992459999999,17.03
2710,48.3163489999999,17.103
2711,48.3332079999999,16.859
2712,48.3504149999999,17.207
2713,48.3674769999999,17.062
2714,48.3844729999999,16.996
2715,48.4018329999999,17.36
2716,48.4188779999999,17.045
2717,48.4365389999999,17.661
2718,48.4535159999999,16.977
2719,48.4710249999999,17.509
2720,48.4878619999999,16.837
2721,48.5054279999999,17.566
2722,48.5230249999999,17.597
2723,48.5400549999999,17.03
2724,48.5572939999999,17.239
2725,48.5743159999999,17.022
2726,48.5910339999999,16.718
2727,48.6099599999999,18.926
2728,48.6259029999999,15.943
2729,48.6436329999999,17.73
2730,48.6604889999999,16.856
2731,48.6775599999999,17.071
2732,48.6944919999999,16.932
2733,48.7114039999999,16.912
2734,48.7281119999999,16.708
2735,48.7469609999999,18.849
2736,48.7661689999999,19.208
2737,48.7809219999999,14.753
2738,48.7972729999999,16.351
2739,48.8143829999999,17.11
2740,48.8316489999999,17.266
2741,48.8484369999999,16.788
2742,48.8655019999999,17.065
2743,48.8831879999999,17.686
2744,48.9002299999999,17.042
2745,48.9176989999999,17.469
2746,48.9349489999999,17.25
2747,48.9520419999999,17.093
2748,48.9694889999999,17.447
2749,48.9868479999999,17.359
2750,49.0042879999999,17.44
2751,49.0214139999999,17.126
2752,49.0392629999999,17.849
2753,49.0565829999999,17.32
2754,49.0735529999999,16.97
2755,49.0909709999999,17.418
2756,49.1082549999999,17.284
2757,49.1254839999999,17.229
2758,49.1430829999998,17.599
2759,49.1606829999998,17.6
2760,49.1779509999999,17.268
2761,49.1980669999999,20.116
2762,49.2128669999999,14.8
2763,49.2302249999999,17.358
2764,49.2493609999999,19.136
2765,49.2655119999999,16.151
2766,49.2835919999999,18.08
2767,49.3015659999999,17.974
2768,49.3187739999999,17.208
2769,49.3360779999999,17.304
2770,49.3525569999999,16.479
2771,49.3705669999999,18.01
2772,49.3878359999999,17.269
2773,49.4053059999999,17.47
2774,49.4230889999999,17.783
2775,49.4405459999999,17.457
2776,49.4582769999999,17.731
2777,49.4754789999999,17.202
2778,49.4938609999999,18.382
2779,49.5104039999999,16.543
2780,49.5309969999999,20.593
2781,49.5456899999999,14.693
2782,49.5632919999998,17.602
2783,49.5811039999998,17.812
2784,49.5990379999998,17.934
2785,49.6164919999998,17.454
2786,49.6340329999998,17.541
2787,49.6519249999998,17.892
2788,49.6691619999999,17.237
2789,49.6871639999999,18.002
2790,49.7051669999999,18.003
2791,49.7225559999999,17.389
2792,49.7397409999999,17.185
2793,49.7572589999999,17.518
2794,49.7744399999999,17.181
2795,49.7920119999999,17.572
2796,49.8101499999999,18.138
2797,49.8272389999999,17.089
2798,49.8477079999999,20.469
2799,49.8627259999999,15.018
2800,49.8802279999999,17.502
2801,49.8987989999999,18.571
2802,49.9151979999999,16.399
2803,49.9332379999999,18.04
2804,49.9512319999999,17.994
2805,49.9687299999999,17.498
2806,49.9864169999999,17.687
2807,50.0043879999999,17.971
2808,50.0222249999999,17.837
2809,50.0400539999999,17.829
2810,50.0583009999999,18.247
2811,50.0754319999999,17.131
2812,50.0938479999999,18.416
2813,50.1133709999999,19.523
2814,50.1290169999999,15.646
2815,50.1473319999999,18.315
2816,50.1650819999999,17.75
2817,50.1829529999999,17.871
2818,50.2011079999999,18.155
2819,50.2191419999999,18.034
2820,50.2373189999999,18.177
2821,50.2551349999999,17.816
2822,50.2730739999999,17.939
2823,50.2912779999999,18.204
2824,50.3093409999999,18.063
2825,50.3271849999999,17.844
2826,50.3489759999999,21.791
2827,50.3633599999999,14.384
2828,50.3817849999999,18.425
2829,50.3997369999999,17.952
2830,50.4181329999999,18.396
2831,50.4361809999999,18.048
2832,50.4543839999999,18.203
2833,50.4728529999999,18.469
2834,50.4917859999999,18.933
2835,50.5090209999999,17.235
2836,50.5271609999999,18.14
2837,50.5452619999999,18.101
2838,50.5650919999999,19.83
2839,50.5817379999999,16.646
2840,50.6000919999999,18.354
2841,50.6184309999999,18.339
2842,50.6368569999999,18.426
2843,50.6553299999999,18.473
2844,50.6742699999999,18.94
2845,50.6930639999999,18.794
2846,50.7106059999999,17.542
2847,50.7292679999999,18.662
2848,50.7478309999999,18.563
2849,50.7663169999999,18.486
2850,50.7870319999999,20.715
2851,50.8040329999999,17.001
2852,50.8227839999999,18.751
2853,50.8410799999999,18.296
2854,50.8592949999999,18.215
2855,50.8782099999999,18.915
2856,50.8968399999999,18.63
2857,50.9154189999999,18.579
2858,50.9355189999999,20.1
2859,50.9557549999999,20.236
2860,50.9720589999999,16.304
2861,50.9904869999999,18.428
2862,51.0096389999999,19.152
2863,51.0282649999999,18.626
2864,51.0475749999999,19.31
2865,51.0661359999999,18.561
2866,51.0859719999999,19.836
2867,51.1070299999999,21.058
2868,51.1223169999999,15.287
2869,51.1412769999999,18.96
2870,51.1603629999999,19.086
2871,51.1793259999999,18.963
2872,51.1982509999999,18.925
2873,51.2177889999999,19.538
2874,51.2387589999999,20.97
2875,51.2551899999998,16.431
2876,51.2746089999998,19.419
2877,51.2938319999998,19.223
2878,51.3127279999998,18.896
2879,51.3314409999998,18.713
2880,51.3505709999998,19.13
2881,51.3720109999998,21.44
2882,51.3894549999998,17.444
2883,51.4077929999998,18.338
2884,51.4265999999998,18.807
2885,51.4454989999998,18.899
2886,51.4647229999998,19.224
2887,51.4846699999998,19.947
2888,51.5058929999998,21.223
2889,51.5229629999998,17.07
2890,51.5408209999998,17.858
2891,51.5598359999998,19.015
2892,51.5788319999998,18.996
2893,51.5979149999998,19.083
2894,51.6170919999998,19.177
2895,51.6394009999998,22.309
2896,51.6554989999998,16.098
2897,51.6748269999998,19.328
2898,51.6934449999998,18.618
2899,51.7124739999998,19.029
2900,51.7327659999998,20.292
2901,51.7508199999998,18.054
2902,51.7724759999998,21.656
2903,51.7901529999998,17.677
2904,51.8080379999998,17.885
2905,51.8281589999998,20.121
2906,51.8468099999998,18.651
2907,51.8659049999998,19.095
2908,51.8851659999998,19.261
2909,51.9082129999998,23.047
2910,51.9230429999998,14.83
2911,51.9423599999998,19.317
2912,51.9614389999998,19.079
2913,51.9803949999998,18.956
2914,51.9992149999998,18.82
2915,52.0189679999998,19.753
2916,52.0400579999998,21.09
2917,52.0569029999998,16.845
2918,52.0757769999998,18.874
2919,52.0949379999998,19.161
2920,52.1143119999998,19.374
2921,52.1331519999998,18.84
2922,52.1526049999998,19.453
2923,52.1737739999998,21.169
2924,52.1910559999998,17.282
2925,52.2100029999998,18.947
2926,52.2293169999998,19.314
2927,52.2485169999998,19.2
2928,52.2682419999998,19.725
2929,52.2904449999998,22.203
2930,52.3058339999998,15.389
2931,52.3251649999998,19.331
2932,52.3444839999998,19.319
2933,52.3643519999998,19.868
2934,52.3817779999998,17.426
2935,52.4045339999998,22.756
2936,52.4209089999998,16.375
2937,52.4397319999998,18.823
2938,52.4597699999998,20.038
2939,52.4776889999998,17.919
2940,52.4980539999998,20.365
2941,52.5186089999998,20.555
2942,52.5359999999998,17.391
2943,52.5550379999998,19.038
2944,52.5743819999998,19.344
2945,52.5935569999998,19.175
2946,52.6128289999998,19.272
2947,52.6356169999998,22.788
2948,52.6517259999998,16.109
2949,52.6716449999998,19.919
2950,52.6897929999998,18.148
2951,52.7091089999998,19.316
2952,52.7284679999998,19.359
2953,52.7513699999998,22.902
2954,52.7674739999998,16.104
2955,52.7867749999998,19.301
2956,52.8058559999998,19.081
2957,52.8256539999998,19.798
2958,52.8460819999998,20.428
2959,52.8661419999998,20.06
2960,52.8833609999998,17.219
2961,52.9025949999998,19.234
2962,52.9225509999998,19.956
2963,52.9417479999998,19.197
2964,52.9610449999998,19.297
2965,52.9834019999998,22.357
2966,53.0002519999998,16.85
2967,53.0206359999998,20.384
2968,53.0390969999998,18.461
2969,53.0590999999998,20.003
2970,53.0781619999998,19.062
2971,53.1000439999998,21.882
2972,53.1170719999998,17.028
2973,53.1363789999998,19.307
2974,53.1559869999998,19.608
2975,53.1756529999998,19.666
2976,53.1954619999998,19.809
2977,53.2178089999998,22.347
2978,53.2351259999998,17.317
2979,53.2543199999998,19.194
2980,53.2742829999998,19.963
2981,53.2940809999998,19.798
2982,53.3134429999998,19.362
2983,53.3363009999998,22.858
2984,53.3528709999998,16.57
2985,53.3720409999998,19.17
2986,53.3920529999998,20.012
2987,53.4106919999998,18.639
2988,53.4309639999998,20.272
2989,53.4524419999998,21.478
2990,53.4707509999998,18.309
2991,53.4896519999998,18.901
2992,53.5101869999998,20.535
2993,53.5284989999998,18.312
2994,53.5480739999998,19.575
2995,53.5697539999998,21.68
2996,53.5871969999998,17.443
2997,53.6068189999998,19.622
2998,53.6265039999998,19.685
2999,53.6460789999998,19.575
3000,53.6658209999998,19.742
3001,53.6889559999998,23.135
3002,53.7055729999998,16.617
3003,53.7249639999998,19.391
3004,53.7442159999998,19.252
3005,53.7640399999998,19.824
3006,53.7847379999998,20.698
3007,53.8050399999998,20.302
3008,53.8219029999998,16.863
3009,53.8422959999998,20.393
3010,53.8621649999998,19.869
3011,53.8818959999998,19.731
3012,53.9017039999998,19.808
3013,53.9240629999998,22.359
3014,53.9416519999998,17.589
3015,53.9629289999998,21.277
3016,53.9801999999998,17.271
3017,54.0007989999998,20.599
3018,54.0213769999998,20.578
3019,54.0398159999998,18.439
3020,54.0588329999998,19.017
3021,54.0788369999998,20.004
3022,54.0988699999998,20.033
3023,54.1184049999998,19.535
3024,54.1401799999998,21.775
3025,54.1581979999998,18.018
3026,54.1780189999998,19.821
3027,54.1974759999998,19.457
3028,54.2172879999998,19.812
3029,54.2400809999998,22.793
3030,54.2567489999998,16.668
3031,54.2765629999998,19.814
3032,54.2965109999998,19.948
3033,54.3162569999998,19.746
3034,54.3357589999998,19.502
3035,54.3595059999998,23.747
3036,54.3756559999998,16.15
3037,54.3941289999998,18.473
3038,54.4131929999998,19.064
3039,54.4329649999998,19.772
3040,54.4543959999998,21.431
3041,54.4729049999998,18.509
3042,54.4905569999998,17.652
3043,54.5108839999998,20.327
3044,54.5288969999999,18.013
3045,54.5488709999998,19.974
3046,54.5708479999998,21.977
3047,54.5864519999999,15.604
3048,54.6062239999999,19.772
3049,54.6254069999999,19.183
3050,54.6444449999999,19.038
3051,54.6655469999999,21.102
3052,54.6824799999999,16.933
3053,54.7019469999999,19.467
3054,54.7216159999999,19.669
3055,54.7399239999999,18.308
3056,54.7589389999999,19.015
3057,54.7799199999999,20.981
3058,54.7962189999999,16.299
3059,54.8168939999998,20.675
3060,54.8352059999999,18.312
3061,54.8544569999998,19.251
3062,54.8742989999998,19.842
3063,54.8968339999998,22.535
3064,54.9125479999998,15.714
3065,54.9327339999998,20.186
3066,54.9524509999998,19.717
3067,54.9690949999998,16.644
3068,54.9882429999998,19.148
3069,55.0086929999998,20.45
3070,55.0264789999998,17.786
3071,55.0456489999998,19.17
3072,55.0647429999999,19.094
3073,55.0842759999999,19.533
3074,55.1022489999999,17.973
3075,55.1235379999999,21.289
3076,55.1421419999999,18.604
3077,55.1601899999999,18.048
3078,55.1796889999999,19.499
3079,55.1987249999999,19.036
3080,55.2179819999999,19.257
3081,55.2382159999999,20.234
3082,55.2555339999999,17.318
3083,55.2742919999999,18.758
3084,55.2932469999999,18.955
3085,55.3124359999999,19.189
3086,55.3304459999999,18.01
3087,55.3495389999999,19.093
3088,55.3680429999999,18.504
3089,55.3885309999999,20.488
3090,55.4054069999999,16.876
3091,55.4242349999999,18.828
3092,55.4429789999999,18.744
3093,55.4616339999999,18.655
3094,55.4806359999999,19.002
3095,55.4992539999999,18.618
3096,55.5185209999999,19.267
3097,55.5389819999999,20.461
3098,55.5557999999999,16.818
3099,55.5740449999999,18.245
3100,55.5922929999999,18.248
3101,55.6106519999999,18.359
3102,55.6297239999999,19.072
3103,55.6485539999999,18.83
3104,55.6666969999999,18.143
3105,55.6853159999999,18.619
3106,55.7056009999999,20.285
3107,55.7224669999999,16.866
3108,55.7410979999999,18.631
3109,55.7596909999999,18.593
3110,55.7784639999999,18.773
3111,55.7968319999999,18.368
3112,55.8151479999999,18.316
3113,55.8340769999999,18.929
3114,55.8519919999999,17.915
3115,55.8727899999999,20.798
3116,55.8889699999999,16.18
3117,55.9072599999999,18.29
3118,55.9255839999999,18.324
3119,55.9443619999999,18.778
3120,55.9624279999999,18.066
3121,55.9810119999999,18.584
3122,55.9994229999999,18.411
3123,56.0179129999999,18.49
3124,56.0383049999999,20.392
3125,56.0548879999999,16.583
3126,56.0732589999999,18.371
3127,56.0915699999999,18.311
3128,56.1105799999999,19.01
3129,56.1281569999999,17.577
3130,56.1464079999999,18.251
3131,56.1646039999999,18.196
3132,56.1826929999999,18.089
3133,56.2010539999999,18.361
3134,56.2191819999999,18.128
3135,56.2393269999999,20.145
3136,56.2555649999999,16.238
3137,56.2737369999999,18.172
3138,56.2918079999999,18.071
3139,56.3098369999999,18.029
3140,56.3282569999999,18.42
3141,56.3460309999999,17.774
3142,56.3641509999999,18.12
3143,56.3825349999999,18.384
3144,56.4009589999999,18.424
3145,56.4184969999999,17.538
3146,56.4383139999999,19.817
3147,56.4543779999999,16.064
3148,56.4721139999999,17.736
3149,56.4901799999999,18.066
3150,56.5082439999999,18.064
3151,56.5276699999999,19.426
3152,56.5437839999999,16.114
3153,56.5621369999999,18.353
3154,56.5793979999999,17.261
3155,56.5977049999999,18.307
3156,56.6151099999999,17.405
3157,56.6331959999999,18.086
3158,56.6510109999999,17.815
3159,56.6692769999999,18.266
3160,56.6866189999999,17.342
3161,56.7049489999999,18.33
3162,56.7210529999999,16.104
3163,56.7396229999999,18.57
3164,56.7574399999999,17.817
3165,56.7750279999999,17.588
3166,56.7924459999999,17.418
3167,56.8102329999999,17.787
3168,56.8306409999999,20.408
3169,56.8456459999999,15.005
3170,56.8631369999999,17.491
3171,56.8807739999999,17.637
3172,56.8983069999999,17.533
3173,56.9158079999999,17.501
3174,56.9332829999999,17.475
3175,56.9513899999999,18.107
3176,56.9690099999999,17.62
3177,56.9863199999999,17.31
3178,57.0034549999999,17.135
3179,57.0215289999999,18.074
3180,57.0387589999999,17.23
3181,57.0562529999999,17.494
3182,57.0731779999999,16.925
3183,57.0903139999999,17.136
3184,57.1078569999999,17.543
3185,57.1251939999999,17.337
3186,57.1424699999999,17.276
3187,57.1602249999999,17.755
3188,57.1772129999999,16.988
3189,57.1966669999999,19.454
3190,57.2120099999999,15.343
3191,57.2292999999999,17.29
3192,57.2467639999999,17.464
3193,57.2639419999999,17.178
3194,57.2813759999999,17.434
3195,57.2984539999999,17.078
3196,57.3158909999999,17.437
3197,57.3339289999999,18.038
3198,57.3494339999999,15.505
3199,57.3668869999999,17.453
3200,57.3840119999999,17.125
3201,57.4009329999999,16.921
3202,57.4179269999999,16.994
3203,57.4363149999999,18.388
3204,57.4518999999999,15.585
3205,57.4704039999999,18.504
3206,57.4860419999999,15.638
3207,57.5035289999999,17.487
3208,57.5204389999999,16.91
3209,57.5382269999999,17.788
3210,57.5542599999999,16.033
3211,57.5717329999999,17.473
3212,57.5882389999999,16.506
3213,57.6053109999999,17.072
3214,57.6220649999999,16.754
3215,57.6390639999999,16.999
3216,57.6558799999999,16.816
3217,57.6730219999999,17.142
3218,57.6896309999999,16.609
3219,57.7067089999999,17.078
3220,57.7236619999999,16.953
3221,57.7400859999999,16.424
3222,57.7574259999999,17.34
3223,57.7738459999999,16.42
3224,57.7905619999999,16.716
3225,57.8075089999999,16.947
3226,57.8241579999999,16.649
3227,57.8410339999999,16.876
3228,57.8579739999999,16.94
3229,57.8747269999999,16.753
3230,57.8910279999999,16.301
3231,57.9088629999999,17.835
3232,57.9250069999999,16.144
3233,57.9420619999999,17.055
3234,57.9583429999999,16.281
3235,57.9745099999999,16.167
3236,57.9924539999999,17.944
3237,58.0079369999999,15.483
3238,58.0248179999999,16.881
3239,58.0413349999999,16.517
3240,58.0578929999999,16.558
3241,58.0744489999999,16.556
3242,58.0910849999999,16.636
3243,58.1077419999999,16.657
3244,58.1244689999999,16.727
3245,58.1411489999999,16.68
3246,58.1576589999999,16.51
3247,58.1742959999999,16.637
3248,58.1911979999999,16.902
3249,58.2074699999999,16.272
3250,58.2238429999999,16.373
3251,58.2404999999999,16.657
3252,58.2573019999999,16.802
3253,58.2737889999999,16.487
3254,58.2907499999999,16.961
3255,58.3069699999999,16.22
3256,58.3237309999999,16.761
3257,58.3401109999999,16.38
3258,58.3568319999999,16.721
3259,58.3734159999999,16.584
3260,58.3897619999999,16.346
3261,58.4063009999999,16.539
3262,58.4227219999999,16.421
3263,58.4403359999999,17.614
3264,58.4557609999999,15.425
3265,58.4726869999999,16.926
3266,58.4891449999999,16.458
3267,58.5056659999999,16.521
3268,58.5218229999999,16.157
3269,58.5388609999999,17.038
3270,58.5548389999999,15.978
3271,58.5715049999999,16.666
3272,58.5890639999999,17.559
3273,58.6039589999999,14.895
3274,58.6212549999999,17.296
3275,58.6379879999999,16.733
3276,58.6544999999999,16.512
3277,58.6706519999999,16.152
3278,58.6870439999999,16.392
3279,58.7034829999999,16.439
3280,58.7214299999999,17.947
3281,58.7363919999999,14.962
3282,58.7530709999999,16.679
3283,58.7696469999999,16.576
3284,58.7862379999999,16.591
3285,58.8029459999999,16.708
3286,58.8206889999999,17.743
3287,58.8356779999999,14.989
3288,58.8520559999999,16.378
3289,58.8687839999999,16.728
3290,58.8852699999999,16.486
3291,58.9018289999999,16.559
3292,58.9187409999999,16.912
3293,58.9362379999999,17.497
3294,58.9518959999999,15.658
3295,58.9680529999999,16.157
3296,58.9850139999999,16.961
3297,59.0021159999999,17.102
3298,59.0174989999999,15.383
3299,59.0342469999999,16.748
3300,59.0499739999999,15.727
3301,59.0667229999999,16.749
3302,59.0832079999999,16.485
3303,59.0995679999999,16.36
3304,59.1162089999999,16.641
3305,59.1330099999999,16.801
3306,59.1490469999999,16.037
3307,59.1658169999999,16.77
3308,59.1819759999999,16.159
3309,59.1986719999999,16.696
3310,59.2152409999999,16.569
3311,59.2314399999999,16.199
3312,59.2478779999999,16.438
3313,59.2643419999999,16.464
3314,59.2807579999999,16.416
3315,59.2975809999999,16.823
3316,59.3133099999999,15.729
3317,59.3314199999999,18.11
3318,59.3473909999999,15.971
3319,59.3627619999999,15.371
3320,59.3800439999999,17.282
3321,59.3959089999999,15.865
3322,59.4125049999999,16.596
3323,59.4291789999999,16.674
3324,59.4468349999999,17.656
3325,59.4627199999999,15.885
3326,59.4808559999999,18.136
3327,59.4967949999999,15.939
3328,59.5124149999999,15.62
3329,59.5280699999999,15.655
3330,59.5470129999999,18.943
3331,59.5608109999999,13.798
3332,59.5770759999999,16.265
3333,59.5939229999999,16.847
3334,59.6102109999999,16.288
3335,59.6277669999999,17.556
3336,59.6427009999999,14.934
3337,59.6593659999999,16.665
3338,59.6765619999999,17.196
3339,59.6904839999999,13.922
3340,59.7086819999999,18.198
3341,59.7240569999999,15.375
3342,59.7413109999999,17.254
3343,59.7576449999999,16.334
3344,59.7739789999999,16.334
3345,59.7903819999999,16.403
3346,59.8067429999999,16.361
3347,59.8231099999999,16.367
3348,59.8393839999999,16.274
3349,59.8558709999999,16.487
3350,59.8725249999999,16.654
3351,59.8949189999999,22.394
3352,59.9051889999999,10.27
3353,59.9218019999999,16.613
3354,59.9380449999999,16.243
3355,59.9547089999999,16.664
3356,59.9707279999999,16.019
3357,59.9871259999999,16.398
3358,60.0033239999999,16.198
3359,60.0200609999999,16.737
3360,60.0361519999999,16.091
3361,60.0528149999999,16.663
3362,60.0667609999999,13.946
3363,60.0854089999999,18.648
3364,60.1020169999999,16.608
3365,60.1183499999999,16.333
3366,60.1349629999999,16.613
3367,60.1509879999999,16.025
3368,60.1680959999999,17.108
3369,60.1841479999999,16.052
3370,60.2004919999999,16.344
3371,60.2166229999999,16.131
3372,60.2329009999999,16.278
3373,60.2507229999999,17.822
3374,60.2660369999999,15.314
3375,60.2826329999999,16.596
3376,60.2989869999999,16.354
3377,60.3157489999999,16.762
3378,60.3306079999999,14.859
3379,60.3477639999999,17.156
3380,60.3646799999999,16.916
3381,60.3804649999999,15.785
3382,60.3960529999999,15.588
3383,60.4136799999999,17.627
3384,60.4300429999999,16.363
3385,60.4462549999999,16.212
3386,60.4626219999999,16.367
3387,60.4793649999999,16.743
3388,60.4949989999999,15.634
3389,60.5116959999999,16.697
3390,60.5279309999999,16.235
3391,60.5441479999999,16.217
3392,60.5581479999999,14.0
3393,60.5768649999999,18.717
3394,60.5934809999999,16.616
3395,60.6095999999999,16.119
3396,60.6277789999999,18.179
3397,60.6419879999999,14.209
3398,60.6590949999999,17.107
3399,60.6751789999999,16.084
3400,60.6915189999999,16.34
3401,60.7076529999999,16.134
3402,60.7245399999999,16.887
3403,60.7406519999999,16.112
3404,60.7569549999999,16.303
3405,60.7732859999999,16.331
3406,60.7908729999999,17.587
3407,60.8059609999999,15.088
3408,60.8222029999999,16.242
3409,60.8396809999999,17.478
3410,60.8549469999999,15.266
3411,60.8715869999999,16.64
3412,60.8880249999999,16.438
3413,60.9042699999999,16.245
3414,60.9204149999999,16.145
3415,60.9379619999999,17.547
3416,60.9531789999999,15.217
3417,60.9705569999999,17.378
3418,60.9854289999999,14.872
3419,61.0032489999999,17.82
3420,61.0183579999999,15.109
3421,61.0352199999999,16.862
3422,61.0503569999999,15.137
3423,61.0671419999999,16.785
3424,61.0840689999999,16.927
3425,61.1001259999999,16.057
3426,61.1166249999999,16.499
3427,61.1328129999999,16.188
3428,61.1501069999999,17.294
3429,61.1655149999999,15.408
3430,61.1824699999999,16.955
3431,61.1982589999999,15.789
3432,61.2151969999999,16.938
3433,61.2312629999999,16.066
3434,61.2476839999999,16.421
3435,61.2639069999999,16.223
3436,61.2805559999999,16.649
3437,61.2971269999999,16.571
3438,61.3134879999999,16.361
3439,61.3302469999999,16.759
3440,61.3459239999999,15.677
3441,61.3627449999999,16.821
3442,61.3787479999999,16.003
3443,61.3951379999999,16.39
3444,61.4111669999999,16.029
3445,61.4249229999999,13.756
3446,61.4436789999999,18.756
3447,61.4603229999999,16.644
3448,61.4764619999999,16.139
3449,61.4936779999999,17.216
3450,61.5091659999999,15.488
3451,61.5260389999999,16.873
3452,61.5418969999999,15.858
3453,61.5593819999999,17.485
3454,61.5747159999999,15.334
3455,61.5919589999999,17.243
3456,61.6071079999999,15.149
3457,61.6236449999999,16.537
3458,61.6400779999999,16.433
3459,61.6563949999999,16.317
3460,61.6726719999999,16.277
3461,61.6890239999999,16.352
3462,61.7062779999999,17.254
3463,61.7224979999999,16.22
3464,61.7380469999999,15.549
3465,61.7542549999999,16.208
3466,61.7706599999999,16.405
3467,61.7871229999999,16.463
3468,61.8032209999999,16.098
3469,61.8193079999999,16.087
3470,61.8356849999999,16.377
3471,61.8523229999999,16.638
3472,61.8687209999999,16.398
3473,61.8858149999999,17.094
3474,61.9027089999999,16.894
3475,61.9183389999999,15.63
3476,61.9338559999999,15.517
3477,61.950718,16.862
3478,61.966599,15.881
3479,61.987251,20.652
3480,61.9993729999999,12.122
3481,62.0175249999999,18.152
3482,62.032322,14.797
3483,62.049202,16.88
3484,62.065016,15.814
3485,62.081502,16.486
3486,62.0975409999999,16.039
3487,62.114189,16.648
3488,62.1309,16.711
3489,62.146865,15.965
3490,62.163098,16.233
3491,62.17946,16.362
3492,62.195525,16.065
3493,62.211646,16.121
3494,62.228413,16.767
3495,62.244585,16.172
3496,62.2584439999999,13.859
3497,62.2776319999999,19.188
3498,62.293644,16.012
3499,62.3113159999999,17.672
3500,62.3258519999999,14.536
3501,62.3439259999999,18.074
3502,62.3593729999999,15.447
3503,62.3744599999999,15.087
3504,62.391666,17.206
3505,62.4078799999999,16.214
3506,62.4258629999999,17.983
3507,62.4406919999999,14.829
3508,62.4568,16.108
3509,62.473641,16.841
3510,62.48969,16.049
3511,62.505814,16.124
3512,62.522404,16.59
3513,62.5392599999999,16.856
3514,62.554786,15.526
3515,62.571232,16.446
3516,62.587476,16.244
3517,62.603826,16.35
3518,62.62068,16.854
3519,62.638152,17.472
3520,62.653201,15.049
3521,62.669371,16.17
3522,62.686207,16.836
3523,62.702667,16.46
3524,62.718416,15.749
3525,62.735579,17.163
3526,62.751795,16.216
3527,62.767884,16.089
3528,62.783623,15.739
3529,62.800106,16.483
3530,62.817236,17.13
3531,62.832481,15.245
3532,62.84928,16.799
3533,62.865363,16.083
3534,62.881861,16.498
3535,62.898227,16.366
3536,62.915856,17.629
3537,62.930903,15.047
3538,62.94722,16.317
3539,62.963561,16.341
3540,62.979689,16.128
3541,62.997386,17.697
3542,63.011852,14.466
3543,63.029775,17.923
3544,63.044988,15.213
3545,63.061318,16.33
3546,63.074996,13.678
3547,63.09377,18.774
3548,63.11001,16.24
3549,63.126188,16.178
3550,63.142905,16.717
3551,63.159019,16.114
3552,63.175635,16.616
3553,63.191812,16.177
3554,63.208453,16.641
3555,63.224598,16.145
3556,63.240866,16.268
3557,63.256873,16.007
3558,63.273192,16.319
3559,63.290245,17.053
3560,63.306013,15.768
3561,63.323467,17.454
3562,63.338852,15.385
3563,63.356028,17.176
3564,63.370538,14.51
3565,63.387575,17.037
3566,63.404139,16.564
3567,63.420522,16.383
3568,63.4367,16.178
3569,63.452682,15.982
3570,63.469364,16.682
3571,63.485043,15.679
3572,63.501335,16.292
3573,63.517619,16.284
3574,63.534516,16.897
3575,63.550011,15.495
3576,63.566298,16.287
3577,63.582855,16.557
3578,63.598847,15.992
3579,63.615338,16.491
3580,63.631255,15.917
3581,63.648285,17.03
3582,63.663071,14.786
3583,63.679171,16.1
3584,63.69568,16.509
3585,63.711646,15.966
3586,63.727863,16.217
3587,63.741308,13.445
3588,63.761503,20.195
3589,63.776019,14.516
3590,63.79116,15.141
3591,63.808318,17.158
3592,63.824895,16.577
3593,63.840826,15.931
3594,63.857092,16.266
3595,63.872894,15.802
3596,63.888757,15.863
3597,63.904907,16.15
3598,63.92116,16.253
3599,63.936851,15.691
3600,63.952947,16.096
3601,63.968959,16.012
3602,63.984818,15.859
3603,64.000762,15.944
3604,64.016901,16.139
3605,64.03338,16.479
3606,64.049087,15.707
3607,64.065598,16.511
3608,64.080896,15.298
3609,64.096757,15.861
3610,64.112541,15.784
3611,64.128567,16.026
3612,64.144716,16.149
3613,64.157832,13.116
3614,64.17647,18.638
3615,64.192066,15.596
3616,64.2081439999999,16.078
3617,64.2230229999999,14.879
3618,64.2408239999999,17.801
3619,64.2553079999999,14.484
3620,64.2722629999999,16.955
3621,64.2877579999999,15.495
3622,64.3038849999999,16.127
3623,64.3196159999999,15.731
3624,64.3360079999999,16.392
3625,64.3520009999999,15.993
3626,64.3678829999999,15.882
3627,64.3839939999999,16.111
3628,64.3997709999999,15.777
3629,64.4156929999999,15.922
3630,64.4317799999999,16.087
3631,64.4480579999999,16.278
3632,64.4639269999999,15.869
3633,64.4803669999999,16.44
3634,64.4961979999999,15.831
3635,64.5128369999999,16.639
3636,64.5284179999999,15.581
3637,64.5416669999999,13.249
3638,64.5610709999999,19.404
3639,64.5779199999999,16.849
3640,64.5934889999999,15.569
3641,64.6103709999999,16.882
3642,64.6276939999999,17.323
3643,64.6427219999999,15.028
3644,64.6594119999999,16.69
3645,64.6745799999999,15.168
3646,64.6908709999999,16.291
3647,64.7074899999999,16.619
3648,64.7246389999999,17.149
3649,64.7395609999999,14.922
3650,64.7562839999999,16.723
3651,64.7720579999999,15.774
3652,64.7882869999999,16.229
3653,64.8046739999999,16.387
3654,64.8199869999999,15.313
3655,64.8389919999999,19.005
3656,64.8522959999999,13.304
3657,64.8714569999999,19.161
3658,64.8855859999999,14.129
3659,64.9037459999999,18.16
3660,64.9170919999999,13.346
3661,64.9348729999999,17.781
3662,64.9508059999999,15.933
3663,64.9668169999999,16.011
3664,64.9827019999999,15.885
3665,64.9989479999999,16.246
3666,65.0150369999999,16.089
3667,65.0314589999999,16.422
3668,65.0473049999999,15.846
3669,65.0639839999999,16.679
3670,65.0799499999999,15.966
3671,65.0972389999999,17.289
3672,65.1129149999999,15.676
3673,65.1309519999999,18.037
3674,65.1461619999999,15.21
3675,65.1626789999999,16.517
3676,65.1790139999999,16.335
3677,65.1951569999999,16.143
3678,65.2127229999999,17.566
3679,65.2288339999999,16.111
3680,65.2461079999999,17.274
3681,65.2619739999999,15.866
3682,65.2792329999999,17.259
3683,65.2974189999999,18.186
3684,65.3146919999999,17.273
3685,65.3308029999999,16.111
3686,65.3472799999999,16.477
3687,65.3625359999999,15.256
3688,65.3809809999999,18.445
3689,65.3958359999999,14.855
3690,65.4142949999999,18.459
3691,65.4314869999999,17.192
3692,65.4463049999999,14.818
3693,65.4666509999999,20.346
3694,65.4814639999999,14.813
3695,65.4971169999999,15.653
3696,65.5136689999999,16.552
3697,65.5357869999999,22.118
3698,65.5468999999999,11.113
3699,65.5659129999999,19.013
3700,65.5808199999999,14.907
3701,65.5981859999999,17.366
3702,65.6142669999999,16.081
3703,65.6331749999999,18.908
3704,65.6482919999999,15.117
3705,65.6655209999999,17.229
3706,65.6821529999999,16.632
3707,65.6994199999999,17.267
3708,65.7159869999999,16.567
3709,65.7327959999999,16.809
3710,65.7498809999999,17.085
3711,65.7668379999999,16.957
3712,65.7835499999999,16.712
3713,65.8004629999999,16.913
3714,65.8171999999999,16.737
3715,65.8345299999999,17.33
3716,65.8519819999999,17.452
3717,65.8685369999999,16.555
3718,65.8856769999999,17.14
3719,65.9026699999999,16.993
3720,65.9194619999999,16.792
3721,65.9373869999999,17.925
3722,65.9540289999999,16.642
3723,65.9706949999999,16.666
3724,65.9873489999999,16.654
3725,66.0041609999999,16.812
3726,66.0228359999999,18.675
3727,66.0382509999999,15.415
3728,66.0559349999999,17.684
3729,66.0714299999999,15.495
3730,66.0885549999999,17.125
3731,66.1052689999999,16.714
3732,66.1226239999999,17.355
3733,66.1391029999999,16.479
3734,66.1558489999999,16.746
3735,66.1733469999999,17.498
3736,66.1899449999999,16.598
3737,66.2074759999999,17.531
3738,66.2240989999999,16.623
3739,66.2404229999999,16.324
3740,66.2575329999999,17.11
3741,66.2744679999999,16.935
3742,66.2909729999999,16.505
3743,66.3077259999999,16.753
3744,66.3246939999999,16.968
3745,66.3416999999999,17.006
3746,66.3586239999999,16.924
3747,66.3763089999999,17.685
3748,66.3928019999999,16.493
3749,66.4098969999999,17.095
3750,66.4271539999999,17.257
3751,66.4444589999999,17.305
3752,66.4615469999999,17.088
3753,66.4789639999999,17.417
3754,66.4959879999999,17.024
3755,66.5132239999999,17.236
3756,66.5305799999999,17.356
3757,66.5486469999999,18.067
3758,66.5651309999999,16.484
3759,66.5823769999999,17.246
3760,66.5998149999999,17.438
3761,66.6171079999999,17.293
3762,66.6345499999999,17.442
3763,66.6521389999999,17.589
3764,66.6693599999999,17.221
3765,66.6865129999999,17.153
3766,66.7063689999999,19.856
3767,66.7208819999999,14.513
3768,66.7383219999999,17.44
3769,66.7551669999999,16.845
3770,66.7725199999999,17.353
3771,66.7898099999999,17.29
3772,66.8066859999999,16.876
3773,66.8242589999999,17.573
3774,66.8410799999999,16.821
3775,66.8587579999999,17.678
3776,66.8761239999999,17.366
3777,66.8928619999999,16.738
3778,66.9103429999999,17.481
3779,66.9271149999999,16.772
3780,66.9443389999999,17.224
3781,66.9638669999999,19.528
3782,66.9790369999999,15.17
3783,66.9960439999999,17.007
3784,67.0132929999999,17.249
3785,67.0305239999999,17.231
3786,67.0478149999999,17.291
3787,67.0649609999999,17.146
3788,67.0824299999999,17.469
3789,67.0993759999999,16.946
3790,67.1171689999999,17.793
3791,67.1345489999999,17.38
3792,67.1517279999999,17.179
3793,67.1693769999999,17.649
3794,67.1863679999999,16.991
3795,67.2031559999999,16.788
3796,67.2207039999999,17.548
3797,67.2378509999999,17.147
3798,67.2550019999999,17.151
3799,67.2727129999999,17.711
3800,67.2898649999999,17.152
3801,67.3070369999999,17.172
3802,67.3242389999999,17.202
3803,67.3419829999999,17.744
3804,67.3592859999999,17.303
3805,67.3764109999999,17.125
3806,67.3936299999999,17.219
3807,67.4107439999999,17.114
3808,67.4307999999999,20.056
3809,67.4458819999999,15.082
3810,67.4636029999999,17.721
3811,67.4805549999999,16.952
3812,67.4977649999999,17.21
3813,67.5148589999999,17.094
3814,67.5325059999999,17.647
3815,67.5497519999999,17.246
3816,67.5669619999999,17.21
3817,67.5846229999999,17.661
3818,67.6019849999999,17.362
3819,67.6189229999999,16.938
3820,67.6366349999999,17.712
3821,67.6537709999999,17.136
3822,67.6710429999999,17.272
3823,67.6886379999999,17.595
3824,67.7059599999999,17.322
3825,67.7259889999999,20.029
3826,67.7411359999999,15.147
3827,67.7584399999999,17.304
3828,67.7755289999999,17.089
3829,67.7929059999999,17.377
3830,67.8106239999999,17.718
3831,67.8283819999999,17.758
3832,67.8482079999999,19.826
3833,67.8626089999999,14.401
3834,67.8804789999999,17.87
3835,67.8978939999999,17.415
3836,67.9147909999999,16.897
3837,67.9326079999999,17.817
3838,67.9496979999999,17.09
3839,67.9670989999999,17.401
3840,67.9845189999999,17.42
3841,68.0017889999999,17.27
3842,68.0192159999999,17.427
3843,68.0367359999999,17.52
3844,68.0541199999999,17.384
3845,68.0713859999999,17.266
3846,68.0888449999999,17.459
3847,68.1063599999999,17.515
3848,68.1236669999999,17.307
3849,68.1409749999999,17.308
3850,68.1587019999999,17.727
3851,68.1761919999999,17.49
3852,68.1933259999999,17.134
3853,68.2110039999999,17.678
3854,68.2304119999999,19.408
3855,68.2454479999999,15.036
3856,68.2644419999999,18.994
3857,68.2817119999999,17.27
3858,68.2976909999999,15.979
3859,68.3146279999999,16.937
3860,68.3329349999999,18.307
3861,68.3494339999999,16.499
3862,68.3669099999999,17.476
3863,68.3841139999999,17.204
3864,68.4021279999999,18.014
3865,68.4191459999999,17.018
3866,68.4365959999999,17.45
3867,68.4541769999999,17.581
3868,68.4714499999999,17.273
3869,68.4886829999999,17.233
3870,68.5062709999999,17.588
3871,68.5232289999999,16.958
3872,68.5409049999999,17.676
3873,68.5585589999999,17.654
3874,68.5754569999999,16.898
3875,68.5926329999999,17.176
3876,68.6100209999999,17.388
3877,68.6276139999999,17.593
3878,68.6480269999999,20.413
3879,68.6620769999999,14.05
3880,68.6797599999999,17.683
3881,68.6968859999999,17.126
3882,68.7149679999999,18.082
3883,68.7329419999999,17.974
3884,68.7487799999999,15.838
3885,68.7665729999999,17.793
3886,68.7835319999999,16.959
3887,68.8012459999999,17.714
3888,68.8184569999999,17.211
3889,68.8358629999999,17.406
3890,68.8532319999999,17.369
3891,68.8708679999999,17.636
3892,68.8875529999999,16.685
3893,68.9050629999999,17.51
3894,68.9225639999999,17.501
3895,68.9398099999999,17.246
3896,68.9572239999999,17.414
3897,68.9743419999999,17.118
3898,68.9916459999999,17.304
3899,69.0088499999999,17.204
3900,69.0264659999999,17.616
3901,69.0436199999999,17.154
3902,69.0606749999999,17.055
3903,69.0802269999999,19.552
3904,69.0954899999999,15.263
3905,69.1127359999999,17.246
3906,69.1301319999999,17.396
3907,69.1472709999999,17.139
3908,69.1646939999999,17.423
3909,69.1822069999999,17.513
3910,69.1994019999999,17.195
3911,69.2164399999999,17.038
3912,69.2341219999999,17.682
3913,69.2512419999999,17.12
3914,69.2689389999999,17.697
3915,69.2857629999999,16.824
3916,69.3030579999999,17.295
3917,69.3205239999999,17.466
3918,69.3375099999999,16.986
3919,69.3548789999999,17.369
3920,69.3724409999999,17.562
3921,69.3892489999999,16.808
3922,69.4067599999999,17.511
3923,69.4236719999999,16.912
3924,69.4413919999999,17.72
3925,69.4583999999999,17.008
3926,69.4761409999999,17.741
3927,69.4931879999999,17.047
3928,69.5106089999999,17.421
3929,69.5274409999999,16.832
3930,69.5474369999999,19.996
3931,69.5624199999999,14.983
3932,69.5800539999999,17.634
3933,69.5973009999999,17.247
3934,69.6141629999999,16.862
3935,69.6317799999999,17.617
3936,69.6493459999999,17.566
3937,69.6665439999999,17.198
3938,69.6838319999999,17.288
3939,69.7010999999999,17.268
3940,69.7185379999999,17.438
3941,69.7360139999999,17.476
3942,69.7530359999999,17.022
3943,69.7708499999999,17.814
3944,69.7874989999999,16.649
3945,69.8048939999999,17.395
3946,69.8227659999999,17.872
3947,69.8395019999999,16.736
3948,69.8566169999999,17.115
3949,69.8742939999999,17.677
3950,69.8931429999999,18.849
3951,69.9122789999999,19.136
3952,69.9268859999999,14.607
3953,69.9434259999999,16.54
3954,69.9608839999999,17.458
3955,69.9810039999999,20.12
3956,69.9959539999999,14.95
3957,70.0128949999999,16.941
3958,70.0305329999999,17.638
3959,70.0480029999999,17.47
3960,70.0652069999999,17.204
3961,70.0825319999999,17.325
3962,70.0999539999999,17.422
3963,70.1171689999999,17.215
3964,70.1345559999999,17.387
3965,70.1524649999999,17.909
3966,70.1703379999999,17.873
3967,70.1871389999999,16.801
3968,70.2043679999999,17.229
3969,70.2216129999999,17.245
3970,70.2391639999999,17.551
3971,70.2563919999999,17.228
3972,70.2738369999999,17.445
3973,70.2913879999999,17.551
3974,70.3089419999999,17.554
3975,70.3258989999999,16.957
3976,70.3434369999999,17.538
3977,70.3606759999999,17.239
3978,70.3809779999999,20.302
3979,70.3959579999999,14.98
3980,70.4131519999999,17.194
3981,70.4307789999999,17.627
3982,70.4480199999999,17.241
3983,70.4655839999999,17.564
3984,70.4827719999999,17.188
3985,70.5001109999999,17.339
3986,70.5175949999999,17.484
3987,70.5353859999999,17.791
3988,70.5525359999999,17.15
3989,70.5698859999999,17.35
3990,70.5873569999999,17.471
3991,70.6045169999999,17.16
3992,70.6221059999999,17.589
3993,70.6396919999999,17.586
3994,70.6567679999999,17.076
3995,70.6740919999999,17.324
3996,70.6912979999999,17.206
3997,70.708429,17.131
3998,70.7260139999999,17.585
3999,70.7442129999999,18.199
4000,70.7617539999999,17.541
4001,70.7825869999999,20.833
4002,70.7952479999999,12.661
4003,70.8135089999999,18.261
4004,70.8310319999999,17.523
4005,70.8482899999999,17.258
4006,70.8657489999999,17.459
4007,70.8826529999999,16.904
4008,70.9003859999999,17.733
4009,70.9178879999999,17.502
4010,70.9350529999999,17.165
4011,70.9527889999999,17.736
4012,70.9701329999999,17.344
4013,70.9870619999999,16.929
4014,71.0046149999999,17.553
4015,71.0216949999999,17.08
4016,71.0390019999999,17.307
4017,71.0565879999999,17.586
4018,71.0745789999999,17.991
4019,71.0914239999999,16.845
4020,71.1086869999999,17.263
4021,71.1262039999999,17.517
4022,71.1434039999999,17.2
4023,71.1608289999999,17.425
4024,71.1805399999999,19.711
4025,71.1954689999999,14.929
4026,71.2129249999999,17.456
4027,71.2305509999999,17.626
4028,71.2476429999999,17.092
4029,71.2650389999999,17.396
4030,71.2825839999999,17.545
4031,71.2997369999999,17.153
4032,71.3171449999999,17.408
4033,71.3346599999999,17.515
4034,71.3518459999999,17.186
4035,71.3694179999999,17.572
4036,71.3863789999999,16.961
4037,71.4039569999999,17.578
4038,71.4207589999999,16.802
4039,71.4382289999999,17.47
4040,71.4561959999999,17.967
4041,71.4732789999999,17.083
4042,71.4905979999999,17.319
4043,71.5077249999999,17.127
4044,71.5252769999999,17.552
4045,71.5425229999999,17.246
4046,71.5596899999999,17.167
4047,71.5763779999999,16.688
4048,71.5940239999999,17.646
4049,71.6134899999999,19.466
4050,71.6287469999999,15.257
4051,71.6461779999999,17.431
4052,71.6630879999999,16.91
4053,71.6804239999999,17.336
4054,71.6980169999999,17.593
4055,71.7148829999999,16.866
4056,71.7326309999999,17.748
4057,71.7496639999999,17.033
4058,71.7674859999999,17.822
4059,71.7846839999999,17.198
4060,71.8020649999999,17.381
4061,71.8193449999999,17.28
4062,71.8369869999999,17.642
4063,71.8542559999999,17.269
4064,71.8720199999999,17.764
4065,71.8885069999999,16.487
4066,71.9055619999999,17.055
4067,71.9234709999999,17.909
4068,71.9406999999999,17.229
4069,71.9577949999999,17.095
4070,71.9752979999999,17.503
4071,71.9927439999999,17.446
4072,72.0098259999999,17.082
4073,72.0271859999999,17.36
4074,72.0469109999999,19.725
4075,72.0624349999999,15.524
4076,72.0795939999999,17.159
4077,72.0967589999999,17.165
4078,72.1141899999999,17.431
4079,72.1315449999999,17.355
4080,72.1490919999999,17.547
4081,72.1665499999999,17.458
4082,72.1842439999999,17.694
4083,72.2017049999999,17.461
4084,72.2192789999999,17.574
4085,72.2374029999999,18.124
4086,72.2538499999999,16.447
4087,72.2710949999999,17.245
4088,72.2882689999999,17.174
4089,72.3059019999999,17.633
4090,72.3232169999999,17.315
4091,72.3407179999999,17.501
4092,72.3577479999999,17.03
4093,72.3749869999999,17.239
4094,72.3929899999999,18.003
4095,72.4097989999999,16.809
4096,72.4271689999999,17.37
4097,72.4470119999999,19.843
4098,72.4621029999999,15.091
4099,72.4794719999999,17.369
4100,72.4968759999999,17.404
4101,72.5144529999999,17.577
4102,72.5317979999999,17.345
4103,72.5492829999999,17.485
4104,72.5666869999999,17.404
4105,72.5841519999999,17.465
4106,72.6016419999999,17.49
4107,72.6190759999999,17.434
4108,72.6363649999999,17.289
4109,72.6539589999999,17.594
4110,72.6712489999999,17.29
4111,72.6885439999999,17.295
4112,72.7060269999999,17.483
4113,72.7232599999999,17.233
4114,72.7405289999999,17.269
4115,72.7583079999999,17.779
4116,72.7752019999999,16.894
4117,72.7923439999999,17.142
4118,72.8097259999999,17.382
4119,72.8270069999999,17.281
4120,72.8443469999999,17.34
4121,72.8647459999999,20.399
4122,72.8797689999999,15.023
4123,72.8976569999999,17.888
4124,72.9133409999999,15.684
4125,72.9308669999999,17.526
4126,72.9485149999999,17.648
4127,72.9657949999999,17.28
4128,72.9829559999999,17.161
4129,73.0004129999999,17.457
4130,73.0176639999999,17.251
4131,73.0347989999999,17.135
4132,73.0524229999999,17.624
4133,73.0696399999999,17.217
4134,73.0870479999999,17.408
4135,73.1040329999999,16.985
4136,73.1216229999999,17.59
4137,73.1392199999999,17.597
4138,73.1560819999999,16.862
4139,73.1734339999999,17.352
4140,73.1910579999999,17.624
4141,73.2087799999999,17.722
4142,73.2265349999999,17.755
4143,73.2430409999999,16.506
4144,73.2606109999999,17.57
4145,73.2800039999999,19.393
4146,73.2952499999999,15.246
4147,73.3127249999999,17.475
4148,73.3301399999999,17.415
4149,73.3471779999999,17.038
4150,73.3648859999999,17.708
4151,73.3822989999999,17.413
4152,73.3996179999999,17.319
4153,73.4175489999999,17.931
4154,73.4346819999999,17.133
4155,73.4520599999999,17.378
4156,73.4690679999999,17.008
4157,73.4864269999999,17.359
4158,73.5045009999999,18.074
4159,73.5217019999999,17.201
4160,73.5387939999999,17.092
4161,73.5554339999999,16.64
4162,73.5728149999999,17.381
4163,73.5897849999999,16.97
4164,73.6078649999999,18.08
4165,73.6244009999999,16.536
4166,73.6430719999999,18.671
4167,73.6589519999999,15.88
4168,73.6761859999999,17.234
4169,73.6935119999999,17.326
4170,73.7107999999999,17.288
4171,73.7298929999999,19.093
4172,73.7454109999999,15.518
4173,73.7624069999999,16.996
4174,73.7800589999999,17.652
4175,73.7969709999999,16.912
4176,73.8145629999999,17.592
4177,73.8334399999999,18.877
4178,73.8483279999999,14.888
4179,73.8665209999999,18.193
4180,73.8834449999999,16.924
4181,73.9007229999999,17.278
4182,73.9184209999999,17.698
4183,73.9365059999999,18.085
4184,73.9526399999999,16.134
4185,73.9697739999999,17.134
4186,73.9871289999999,17.355
4187,74.0039849999999,16.856
4188,74.0224799999999,18.495
4189,74.0382349999999,15.755
4190,74.0597459999999,21.511
4191,74.0727439999999,12.998
4192,74.0900819999999,17.338
4193,74.1070369999999,16.955
4194,74.1246009999999,17.564
4195,74.1421119999999,17.511
4196,74.1591919999999,17.08
4197,74.1757869999999,16.595
4198,74.1926869999999,16.9
4199,74.2098869999999,17.2
4200,74.2271949999999,17.308
4201,74.2438779999999,16.683
4202,74.2635249999999,19.647
4203,74.2784979999999,14.973
4204,74.2953299999999,16.832
4205,74.3131439999999,17.814
4206,74.3296229999999,16.479
4207,74.3467249999999,17.102
4208,74.3640039999999,17.279
4209,74.3810059999999,17.002
4210,74.3986649999999,17.659
4211,74.4153149999999,16.65
4212,74.4322599999999,16.945
4213,74.4499849999999,17.725
4214,74.4678669999999,17.882
4215,74.4829939999999,15.127
4216,74.5008589999999,17.865
4217,74.5177219999999,16.863
4218,74.5355509999999,17.829
4219,74.5539679999999,18.417
4220,74.5725099999999,18.542
4221,74.5855769999999,13.067
4222,74.6069279999999,21.351
4223,74.6193409999999,12.413
4224,74.6360399999999,16.699
4225,74.6531619999999,17.122
4226,74.6693399999999,16.178
4227,74.6860499999999,16.71
4228,74.7026279999999,16.578
4229,74.7193809999999,16.753
4230,74.7369879999999,17.607
4231,74.7530519999999,16.064
4232,74.7701179999999,17.066
4233,74.7863729999999,16.255
4234,74.8030549999999,16.682
4235,74.8198339999999,16.779
4236,74.8360919999999,16.258
4237,74.8582359999999,22.144
4238,74.8721209999999,13.885
4239,74.8948439999999,22.723
4240,74.9092269999999,14.383
4241,74.9223719999999,13.145
4242,74.9390409999999,16.669
4243,74.9565609999999,17.52
4244,74.9712649999999,14.704
4245,74.9920609999999,20.796
4246,75.0098599999999,17.799
4247,75.0250159999999,15.156
4248,75.0395919999999,14.576
4249,75.0576559999999,18.064
4250,75.0735989999999,15.943
4251,75.0885669999999,14.968
4252,75.1077559999999,19.189
4253,75.1213949999999,13.639
4254,75.1365259999999,15.131
4255,75.1532209999999,16.695
4256,75.1691919999999,15.971
4257,75.1858249999999,16.633
4258,75.2035199999999,17.695
4259,75.2200379999999,16.518
4260,75.2366259999999,16.588
4261,75.2517549999999,15.129
4262,75.2694279999999,17.673
4263,75.2856559999999,16.228
4264,75.3027279999999,17.072
4265,75.3190609999999,16.333
4266,75.3357119999999,16.651
4267,75.3523379999999,16.626
4268,75.3695099999999,17.172
4269,75.3865629999999,17.053
4270,75.4034149999999,16.852
4271,75.4198149999999,16.4
4272,75.4346369999999,14.822
4273,75.4497339999999,15.097
4274,75.4702799999999,20.546
4275,75.4871739999999,16.894
4276,75.5020219999999,14.848
4277,75.5159919999999,13.97
4278,75.5389889999999,22.997
4279,75.5549959999999,16.007
4280,75.5701149999999,15.119
4281,75.5887989999999,18.684
4282,75.6052379999999,16.439
4283,75.6185279999999,13.29
4284,75.6398389999999,21.311
4285,75.6542799999999,14.441
4286,75.6688689999999,14.589
4287,75.6833739999999,14.505
4288,75.6995839999999,16.21
4289,75.7163999999999,16.816
4290,75.7365249999999,20.125
4291,75.7488359999999,12.311
4292,75.7742609999999,25.425
4293,75.7990059999998,24.745
4294,75.8092649999999,10.259
4295,75.8247349999998,15.47
4296,75.8390329999998,14.298
4297,75.8564579999998,17.425
4298,75.8715029999998,15.045
4299,75.8866489999998,15.146
4300,75.9050539999999,18.405
4301,75.9196239999999,14.57
4302,75.9363619999999,16.738
4303,75.9566579999999,20.296
4304,75.9696209999999,12.963
4305,75.9859829999999,16.362
4306,76.0022809999999,16.298
4307,76.0196599999999,17.379
4308,76.0351419999999,15.482
4309,76.0513789999999,16.237
4310,76.0676699999999,16.291
4311,76.0847169999999,17.047
4312,76.1009949999999,16.278
4313,76.1173109999999,16.316
4314,76.1349369999999,17.626
4315,76.1508719999999,15.935
4316,76.1668219999999,15.95
4317,76.1836479999999,16.826
4318,76.2003269999999,16.679
4319,76.2166019999999,16.275
4320,76.2343309999999,17.729
4321,76.2500049999999,15.674
4322,76.2677459999999,17.741
4323,76.2835489999999,15.803
4324,76.2992179999999,15.669
4325,76.3147979999999,15.58
4326,76.3314929999999,16.695
4327,76.3528109999999,21.318
4328,76.3660089999999,13.198
4329,76.3838269999999,17.818
4330,76.4068039999999,22.977
4331,76.4211919999999,14.388
4332,76.4311689999999,9.977
4333,76.4473999999999,16.231
4334,76.4638819999999,16.482
4335,76.4806519999999,16.77
4336,76.4970049999999,16.353
4337,76.5135219999999,16.517
4338,76.5300919999999,16.57
4339,76.5459689999999,15.877
4340,76.5628449999999,16.876
4341,76.5793929999999,16.548
4342,76.5962059999999,16.813
4343,76.6123579999999,16.152
4344,76.6293599999999,17.002
4345,76.6466999999999,17.34
4346,76.6631209999999,16.421
4347,76.6782559999999,15.135
4348,76.6945089999999,16.253
4349,76.7110659999999,16.557
4350,76.7274029999999,16.337
4351,76.7443759999999,16.973
4352,76.7603899999999,16.014
4353,76.7768869999999,16.497
4354,76.7931349999999,16.248
4355,76.8099209999999,16.786
4356,76.8259399999999,16.019
4357,76.8430889999999,17.149
4358,76.8588769999999,15.788
4359,76.8756939999999,16.817
4360,76.8928069999999,17.113
4361,76.9098509999999,17.044
4362,76.9247349999999,14.884
4363,76.9419339999999,17.199
4364,76.9569869999999,15.053
4365,76.9739439999999,16.957
4366,76.9907909999999,16.847
4367,77.0067579999999,15.967
4368,77.0231859999999,16.428
4369,77.0396379999999,16.452
4370,77.0562329999999,16.595
4371,77.0725779999999,16.345
4372,77.0889769999999,16.399
4373,77.1058239999999,16.847
4374,77.1218739999999,16.05
4375,77.1384039999999,16.53
4376,77.1546129999999,16.209
4377,77.1712879999999,16.675
4378,77.1892379999999,17.95
4379,77.2043309999999,15.093
4380,77.2213309999999,17.0
4381,77.2378209999999,16.49
4382,77.2552459999999,17.425
4383,77.2711349999999,15.889
4384,77.2870489999999,15.914
4385,77.3046319999999,17.583
4386,77.3194799999999,14.848
4387,77.3334069999999,13.927
4388,77.3523569999999,18.95
4389,77.3689599999999,16.603
4390,77.3857069999999,16.747
4391,77.4021349999999,16.428
4392,77.4181899999999,16.055
4393,77.4350799999999,16.89
4394,77.4513959999999,16.316
4395,77.4682379999999,16.842
4396,77.4840019999999,15.764
4397,77.5013099999999,17.308
4398,77.5170859999999,15.776
4399,77.5351429999999,18.057
4400,77.5511379999999,15.995
4401,77.5670899999999,15.952
4402,77.5834909999999,16.401
4403,77.5985249999999,15.034
4404,77.6168109999999,18.286
4405,77.6322669999999,15.456
4406,77.6486149999999,16.348
4407,77.6649309999999,16.316
4408,77.6816149999999,16.684
4409,77.6977079999999,16.093
4410,77.7153149999999,17.607
4411,77.7307129999999,15.398
4412,77.7482679999999,17.555
4413,77.7635959999999,15.328
4414,77.7802239999999,16.628
4415,77.7966489999999,16.425
4416,77.8127919999999,16.143
4417,77.8297179999999,16.926
4418,77.8459769999999,16.259
4419,77.8626759999999,16.699
4420,77.8805739999999,17.898
4421,77.8982699999999,17.696
4422,77.9129929999999,14.723
4423,77.9278799999999,14.887
4424,77.9417489999999,13.869
4425,77.9612799999999,19.531
4426,77.9771119999999,15.832
4427,77.9940029999999,16.891
4428,78.0100019999999,15.999
4429,78.0277529999999,17.751
4430,78.0426389999999,14.886
4431,78.0600009999999,17.362
4432,78.0759669999999,15.966
4433,78.092732,16.765
4434,78.108727,15.995
4435,78.12487,16.143
4436,78.141313,16.443
4437,78.157742,16.429
4438,78.174489,16.747
4439,78.190925,16.436
4440,78.208034,17.109
4441,78.2235149999999,15.481
4442,78.239735,16.22
4443,78.255236,15.501
4444,78.272629,17.393
4445,78.288776,16.147
4446,78.305417,16.641
4447,78.321796,16.379
4448,78.338286,16.49
4449,78.354451,16.165
4450,78.370774,16.323
4451,78.387048,16.274
4452,78.403259,16.211
4453,78.419627,16.368
4454,78.436383,16.756
4455,78.452812,16.429
4456,78.468849,16.037
4457,78.486316,17.467
4458,78.501947,15.631
4459,78.518203,16.256
4460,78.53467,16.467
4461,78.551263,16.593
4462,78.56725,15.987
4463,78.583449,16.199
4464,78.599799,16.35
4465,78.616974,17.175
4466,78.632629,15.655
4467,78.650042,17.413
4468,78.665449,15.407
4469,78.6819369999999,16.488
4470,78.6980859999999,16.149
4471,78.7146849999999,16.599
4472,78.7312719999999,16.587
4473,78.747362,16.09
4474,78.7639449999999,16.583
4475,78.780637,16.692
4476,78.796738,16.101
4477,78.813443,16.705
4478,78.831079,17.636
4479,78.847647,16.568
4480,78.862075,14.428
4481,78.878841,16.766
4482,78.894171,15.33
4483,78.91225,18.079
4484,78.930361,18.111
4485,78.941656,11.295
4486,78.960626,18.97
4487,78.976956,16.33
4488,78.993364,16.408
4489,79.009726,16.362
4490,79.026685,16.959
4491,79.042689,16.004
4492,79.059899,17.21
4493,79.075562,15.663
4494,79.092105,16.543
4495,79.108349,16.244
4496,79.125069,16.72
4497,79.141514,16.445
4498,79.158046,16.532
4499,79.174749,16.703
4500,79.190514,15.765
4501,79.206998,16.484
4502,79.22327,16.272
4503,79.240011,16.741
4504,79.2563,16.289
4505,79.272628,16.328
4506,79.289484,16.856
4507,79.305554,16.07
4508,79.321849,16.295
4509,79.33879,16.941
4510,79.354878,16.088
4511,79.372309,17.431
4512,79.387661,15.352
4513,79.404224,16.563
4514,79.420852,16.628
4515,79.437018,16.166
4516,79.454385,17.367
4517,79.470018,15.633
4518,79.486679,16.661
4519,79.503337,16.658
4520,79.519669,16.332
4521,79.535634,15.965
4522,79.552267,16.633
4523,79.568569,16.302
4524,79.584841,16.272
4525,79.601588,16.747
4526,79.618025,16.437
4527,79.634324,16.299
4528,79.65053,16.206
4529,79.667135,16.605
4530,79.683427,16.292
4531,79.700049,16.622
4532,79.717157,17.108
4533,79.732769,15.612
4534,79.749469,16.7
4535,79.765492,16.023
4536,79.782156,16.664
4537,79.798843,16.687
4538,79.814991,16.148
4539,79.832332,17.341
4540,79.847806,15.474
4541,79.864002,16.196
4542,79.881897,17.895
4543,79.898143,16.246
4544,79.913406,15.263
4545,79.929636,16.23
4546,79.945726,16.09
4547,79.962702,16.976
4548,79.97791,15.208
4549,79.995044,17.134
4550,80.011392,16.348
4551,80.025139,13.747
4552,80.044153,19.014
4553,80.060607,16.454
4554,80.076902,16.295
4555,80.093563,16.661
4556,80.109852,16.289
4557,80.126642,16.79
4558,80.142322,15.68
4559,80.158857,16.535
4560,80.176019,17.162
4561,80.191514,15.495
4562,80.208145,16.631
4563,80.223934,15.789
4564,80.241192,17.258
4565,80.256798,15.606
4566,80.273,16.202
4567,80.289422,16.422
4568,80.305665,16.243
4569,80.321888,16.223
4570,80.338211,16.323
4571,80.354787,16.576
4572,80.371115,16.328
4573,80.387034,15.919
4574,80.403411,16.377
4575,80.419702,16.291
4576,80.436645,16.943
4577,80.452765,16.12
4578,80.469493,16.728
4579,80.484919,15.426
4580,80.501192,16.273
4581,80.517748,16.556
4582,80.534012,16.264
4583,80.549679,15.667
4584,80.565823,16.144
4585,80.582156,16.333
4586,80.598371,16.215
4587,80.614786,16.415
4588,80.631273,16.487
4589,80.647834,16.561
4590,80.663721,15.887
4591,80.679768,16.047
4592,80.69606,16.292
4593,80.712304,16.244
4594,80.728668,16.364
4595,80.744773,16.105
4596,80.758246,13.473
4597,80.777298,19.052
4598,80.793328,16.03
4599,80.809488,16.16
4600,80.825657,16.169
4601,80.842519,16.862
4602,80.857916,15.397
4603,80.874568,16.652
4604,80.89072,16.152
4605,80.907596,16.876
4606,80.922695,15.099
4607,80.938806,16.111
4608,80.954922,16.116
4609,80.971347,16.425
4610,80.987068,15.721
4611,81.004406,17.338
4612,81.019499,15.093
4613,81.035719,16.22
4614,81.052239,16.52
4615,81.067986,15.747
4616,81.084354,16.368
4617,81.100471,16.117
4618,81.117073,16.602
4619,81.13283,15.757
4620,81.149266,16.436
4621,81.164824,15.558
4622,81.182589,17.765
4623,81.197343,14.754
4624,81.213639,16.296
4625,81.230526,16.887
4626,81.24655,16.024
4627,81.263049,16.499
4628,81.279035,15.986
4629,81.291574,12.539
4630,81.311905,20.331
4631,81.328672,16.767
4632,81.343159,14.487
4633,81.359399,16.24
4634,81.37539,15.991
4635,81.391925,16.535
4636,81.407698,15.773
4637,81.423546,15.848
4638,81.442123,18.577
4639,81.456132,14.009
4640,81.4727499999999,16.618
4641,81.4883539999999,15.604
4642,81.5046749999999,16.321
4643,81.520495,15.82
4644,81.5369549999999,16.46
4645,81.5527219999999,15.767
4646,81.5695689999999,16.847
4647,81.5848899999999,15.321
4648,81.6018749999999,16.985
4649,81.617426,15.551
4650,81.634812,17.386
4651,81.649226,14.414
4652,81.66736,18.134
4653,81.682377,15.017
4654,81.699777,17.4
4655,81.714539,14.762
4656,81.731684,17.145
4657,81.747302,15.618
4658,81.763518,16.216
4659,81.780095,16.577
4660,81.791698,11.603
4661,81.812189,20.491
4662,81.827733,15.544
4663,81.84513,17.397
4664,81.860264,15.134
4665,81.876239,15.975
4666,81.892315,16.076
4667,81.909737,17.422
4668,81.924206,14.469
4669,81.941175,16.969
4670,81.956581,15.406
4671,81.973907,17.326
4672,81.989141,15.234
4673,82.005308,16.167
4674,82.021821,16.513
4675,82.03732,15.499
4676,82.053689,16.369
4677,82.070017,16.328
4678,82.086515,16.498
4679,82.102592,16.077
4680,82.119086,16.494
4681,82.134869,15.783
4682,82.151369,16.5
4683,82.168325,16.956
4684,82.185284,16.959
4685,82.2002689999999,14.985
4686,82.21735,17.081
4687,82.234449,17.099
4688,82.24967,15.221
4689,82.2655439999999,15.874
4690,82.2820319999999,16.488
4691,82.2982269999999,16.195
4692,82.3142159999999,15.989
4693,82.3311229999999,16.907
4694,82.3465849999999,15.462
4695,82.3645619999999,17.977
4696,82.3794439999999,14.882
4697,82.395924,16.48
4698,82.4078869999999,11.963
4699,82.4292709999999,21.384
4700,82.4445939999999,15.323
4701,82.4607429999999,16.149
4702,82.4781589999999,17.416
4703,82.4938789999999,15.72
4704,82.5103209999999,16.442
4705,82.5266519999999,16.331
4706,82.5438679999999,17.216
4707,82.5593289999999,15.461
4708,82.5752519999999,15.923
4709,82.5919159999999,16.664
4710,82.6075629999999,15.647
4711,82.6242909999999,16.728
4712,82.6419799999999,17.689
4713,82.6570729999999,15.093
4714,82.6736589999999,16.586
4715,82.6896139999999,15.955
4716,82.7061069999999,16.493
4717,82.7223589999999,16.252
4718,82.7398879999999,17.529
4719,82.7548649999999,14.977
4720,82.7715399999999,16.675
4721,82.7876309999999,16.091
4722,82.8039959999999,16.365
4723,82.8211989999999,17.203
4724,82.8369449999999,15.746
4725,82.8531689999999,16.224
4726,82.8692649999999,16.096
4727,82.8860409999999,16.776
4728,82.9031349999999,17.094
4729,82.9198229999999,16.688
4730,82.9353439999999,15.521
4731,82.9516409999999,16.297
4732,82.9683479999999,16.707
4733,82.9848859999999,16.538
4734,83.0022559999999,17.37
4735,83.0169899999999,14.734
4736,83.0358319999999,18.842
4737,83.0585099999999,22.678
4738,83.0759279999999,17.418
4739,83.0889779999999,13.05
4740,83.1018819999999,12.904
4741,83.1229889999999,21.107
4742,83.1346299999999,11.641
4743,83.1514439999999,16.814
4744,83.1681119999999,16.668
4745,83.1868089999999,18.697
4746,83.2003339999999,13.525
4747,83.2177599999999,17.426
4748,83.2356739999999,17.914
4749,83.2505579999999,14.884
4750,83.2667449999999,16.187
4751,83.2830009999999,16.256
4752,83.2995759999999,16.575
4753,83.317906,18.33
4754,83.331938,14.032
4755,83.34915,17.212
4756,83.365476,16.326
4757,83.381599,16.123
4758,83.397745,16.146
4759,83.413847,16.102
4760,83.430108,16.261
4761,83.44688,16.772
4762,83.462705,15.825
4763,83.479289,16.584
4764,83.495116,15.827
4765,83.511748,16.632
4766,83.524961,13.213
4767,83.545369,20.408
4768,83.561084,15.715
4769,83.577224,16.14
4770,83.59364,16.416
4771,83.609876,16.236
4772,83.626271,16.395
4773,83.642793,16.522
4774,83.659255,16.462
4775,83.67712,17.865
4776,83.694243,17.123
4777,83.710421,16.178
4778,83.724912,14.491
4779,83.741986,17.074
4780,83.757556,15.57
4781,83.773697,16.141
4782,83.791292,17.595
4783,83.806242,14.95
4784,83.822585,16.343
4785,83.839451,16.866
4786,83.856143,16.692
4787,83.872156,16.013
4788,83.888357,16.201
4789,83.904873,16.516
4790,83.920964,16.091
4791,83.939702,18.738
4792,83.954842,15.14
4793,83.970893,16.051
4794,83.987944,17.051
4795,84.003606,15.662
4796,84.019409,15.803
4797,84.035633,16.224
4798,84.051736,16.103
4799,84.068616,16.88
4800,84.085086,16.47
4801,84.10058,15.494
4802,84.117005,16.425
4803,84.132822,15.817
4804,84.149605,16.783
4805,84.165343,15.738
4806,84.181656,16.313
4807,84.198022,16.366
4808,84.214866,16.844
4809,84.230924,16.058
4810,84.24973,18.806
4811,84.263853,14.123
4812,84.280092,16.239
4813,84.296432,16.34
4814,84.31242,15.988
4815,84.328869,16.449
4816,84.341727,12.858
4817,84.36164,19.913
4818,84.377264,15.624
4819,84.393189,15.925
4820,84.409434,16.245
4821,84.425887,16.453
4822,84.442199,16.312
4823,84.458643,16.444
4824,84.474511,15.868
4825,84.490829,16.318
4826,84.507242,16.413
4827,84.524111,16.869
4828,84.539871,15.76
4829,84.556393,16.522
4830,84.572642,16.249
4831,84.588997,16.355
4832,84.605505,16.508
4833,84.621128,15.623
4834,84.637976,16.848
4835,84.653538,15.562
4836,84.670007,16.469
4837,84.686215,16.208
4838,84.702915,16.7
4839,84.719004,16.089
4840,84.736221,17.217
4841,84.750919,14.698
4842,84.767276,16.357
4843,84.783323,16.047
4844,84.799571,16.248
4845,84.816115,16.544
4846,84.832592,16.477
4847,84.848544,15.952
4848,84.864522,15.978
4849,84.880962,16.44
4850,84.897221,16.259
4851,84.913654,16.433
4852,84.929413,15.759
4853,84.945716,16.303
4854,84.96209,16.374
4855,84.978514,16.424
4856,84.991802,13.288
4857,85.010826,19.024
4858,85.026994,16.168
4859,85.043463,16.469
4860,85.059051,15.588
4861,85.075773,16.722
4862,85.091833,16.06
4863,85.108481,16.648
4864,85.124242,15.761
4865,85.140871,16.629
4866,85.156514,15.643
4867,85.173277,16.763
4868,85.189544,16.267
4869,85.20555,16.006
4870,85.221469,15.919
4871,85.23743,15.961
4872,85.25369,16.26
4873,85.270019,16.329
4874,85.285904,15.885
4875,85.302465,16.561
4876,85.318311,15.846
4877,85.334589,16.278
4878,85.350573,15.984
4879,85.366732,16.159
4880,85.383012,16.28
4881,85.3991349999999,16.123
4882,85.4152579999999,16.123
4883,85.4313829999999,16.125
4884,85.4476709999999,16.288
4885,85.4641989999999,16.528
4886,85.4802469999999,16.048
4887,85.4962359999999,15.989
4888,85.5125209999999,16.285
4889,85.5289899999999,16.469
4890,85.5450809999999,16.091
4891,85.5581889999999,13.108
4892,85.5774129999999,19.224
4893,85.5935569999999,16.144
4894,85.6097939999999,16.237
4895,85.6254299999999,15.636
4896,85.6418599999999,16.43
4897,85.6574739999999,15.614
4898,85.6739079999999,16.434
4899,85.6896719999999,15.764
4900,85.706167,16.495
4901,85.722068,15.901
4902,85.738203,16.135
4903,85.754859,16.656
4904,85.770446,15.587
4905,85.7877109999999,17.265
4906,85.8027439999999,15.033
4907,85.8196309999999,16.887
4908,85.8350229999999,15.392
4909,85.851912,16.889
4910,85.867593,15.681
4911,85.883752,16.159
4912,85.899775,16.023
4913,85.916789,17.014
4914,85.932129,15.34
4915,85.949518,17.389
4916,85.964444,14.926
4917,85.980968,16.524
4918,85.99694,15.972
4919,86.014497,17.557
4920,86.029559,15.062
4921,86.047385,17.826
4922,86.065629,18.244
4923,86.080468,14.839
4924,86.0965229999999,16.055
4925,86.1125049999999,15.982
4926,86.1296549999999,17.15
4927,86.1450909999999,15.436
4928,86.1616489999999,16.558
4929,86.1749239999999,13.275
4930,86.1939629999999,19.039
4931,86.2097419999999,15.779
4932,86.2264739999999,16.732
4933,86.2424189999999,15.945
4934,86.2598019999999,17.383
4935,86.2753069999999,15.505
4936,86.2918159999999,16.509
4937,86.3074219999999,15.606
4938,86.3238039999999,16.382
4939,86.3400819999999,16.278
4940,86.3566369999999,16.555
4941,86.3725369999999,15.9
4942,86.3888439999999,16.307
4943,86.4052009999999,16.357
4944,86.4216969999999,16.496
4945,86.4396229999999,17.926
4946,86.4537689999999,14.146
4947,86.4698539999999,16.085
4948,86.4859329999999,16.079
4949,86.5028379999999,16.905
4950,86.5187389999999,15.901
4951,86.5354369999999,16.698
4952,86.5512829999999,15.846
4953,86.5684529999999,17.17
4954,86.5836409999999,15.188
4955,86.6001009999999,16.46
4956,86.6163469999999,16.246
4957,86.6328909999999,16.544
4958,86.6516479999999,18.757
4959,86.6655729999999,13.925
4960,86.6820789999999,16.506
4961,86.6984169999999,16.338
4962,86.7146209999999,16.204
4963,86.7304119999999,15.791
4964,86.7466619999999,16.25
4965,86.7629809999999,16.319
4966,86.7794969999999,16.516
4967,86.7955249999999,16.028
4968,86.8133949999999,17.87
4969,86.8314499999999,18.055
4970,86.8453359999999,13.886
4971,86.8583919999999,13.056
4972,86.8771109999999,18.719
4973,86.8933709999999,16.26
4974,86.9098039999999,16.433
4975,86.9262689999999,16.465
4976,86.9430309999999,16.762
4977,86.9589699999999,15.939
4978,86.9751199999999,16.15
4979,86.9914569999999,16.337
4980,87.0078029999999,16.346
4981,87.0242029999999,16.4
4982,87.0404989999999,16.296
4983,87.0585399999999,18.041
4984,87.0727729999999,14.233
4985,87.0889439999999,16.171
4986,87.1054029999999,16.459
4987,87.1215719999999,16.169
4988,87.1376479999999,16.076
4989,87.1542209999999,16.573
4990,87.1702299999999,16.009
4991,87.1867939999999,16.564
4992,87.2027529999999,15.959
4993,87.2190649999999,16.312
4994,87.2353959999999,16.331
4995,87.2520539999999,16.658
4996,87.2680839999999,16.03
4997,87.2843329999999,16.249
4998,87.3006199999999,16.287
4999,87.3170979999999,16.478
5000,87.3342459999999,17.148
5001,87.3494149999999,15.169
5002,87.3660439999999,16.629
5003,87.3818729999999,15.829
5004,87.3979529999999,16.08
5005,87.4144719999999,16.519
5006,87.4306019999999,16.13
5007,87.4468759999999,16.274
5008,87.4632009999999,16.325
5009,87.4803169999999,17.116
5010,87.4957539999999,15.437
5011,87.5123399999999,16.586
5012,87.5287889999999,16.449
5013,87.5448219999999,16.033
5014,87.5585109999999,13.689
5015,87.5775809999999,19.07
5016,87.5943569999999,16.776
5017,87.6109399999999,16.583
5018,87.6254369999999,14.497
5019,87.6427439999999,17.307
5020,87.6590489999999,16.305
5021,87.6751869999999,16.138
5022,87.6912689999999,16.082
5023,87.7074439999999,16.175
5024,87.7238239999999,16.38
5025,87.7403849999999,16.561
5026,87.7564699999999,16.085
5027,87.7731459999999,16.676
5028,87.7890869999999,15.941
5029,87.8055959999999,16.509
5030,87.8215879999999,15.992
5031,87.8380669999999,16.479
5032,87.8544189999999,16.352
5033,87.8708479999999,16.429
5034,87.8872219999999,16.374
5035,87.9034439999999,16.222
5036,87.9194979999999,16.054
5037,87.9359889999999,16.491
5038,87.9525209999999,16.532
5039,87.9691579999999,16.637
5040,87.9846789999999,15.521
5041,88.0009469999999,16.268
5042,88.0171749999999,16.228
5043,88.0341299999999,16.955
5044,88.0497039999999,15.574
5045,88.0661579999999,16.454
5046,88.0831589999999,17.001
5047,88.0986089999999,15.45
5048,88.1150019999999,16.393
5049,88.1312559999999,16.254
5050,88.1493159999999,18.06
5051,88.1639369999999,14.621
5052,88.1806319999999,16.695
5053,88.1967409999999,16.109
5054,88.2142919999999,17.551
5055,88.2283499999999,14.058
5056,88.2457169999999,17.367
5057,88.2617069999999,15.99
5058,88.2781469999999,16.44
5059,88.2917779999999,13.631
5060,88.3105459999999,18.768
5061,88.3272519999999,16.706
5062,88.3429929999999,15.741
5063,88.3600469999999,17.054
5064,88.3757559999999,15.709
5065,88.3922139999999,16.458
5066,88.4082619999999,16.048
5067,88.4247999999999,16.538
5068,88.4414859999999,16.686
5069,88.4575409999999,16.055
5070,88.4740049999999,16.464
5071,88.4903019999999,16.297
5072,88.5062209999999,15.919
5073,88.5226129999999,16.392
5074,88.5390869999999,16.474
5075,88.5556609999999,16.574
5076,88.5723789999999,16.718
5077,88.5892849999999,16.906
5078,88.6042609999999,14.976
5079,88.6203789999999,16.118
5080,88.6375199999999,17.141
5081,88.6529249999999,15.405
5082,88.6693799999999,16.455
5083,88.6857459999999,16.366
5084,88.7020399999999,16.294
5085,88.7184639999999,16.424
5086,88.7364589999999,17.995
5087,88.7507979999999,14.339
5088,88.7672689999999,16.471
5089,88.7838459999999,16.577
5090,88.8001279999999,16.282
5091,88.8164979999999,16.37
5092,88.8339199999999,17.422
5093,88.8499849999999,16.065
5094,88.8653359999999,15.351
5095,88.8814989999999,16.163
5096,88.8973839999999,15.885
5097,88.9142119999999,16.828
5098,88.9296869999999,15.475
5099,88.9459399999999,16.253
5100,88.9620449999999,16.105
5101,88.9783369999999,16.292
5102,88.9947009999999,16.364
5103,89.0084089999999,13.708
5104,89.0270119999999,18.603
5105,89.0437549999999,16.743
5106,89.0597399999999,15.985
5107,89.0760639999999,16.324
5108,89.0917929999999,15.729
5109,89.1093679999999,17.575
5110,89.1247859999999,15.418
5111,89.1410649999999,16.279
5112,89.1569459999999,15.881
5113,89.1731589999999,16.213
5114,89.1901209999999,16.962
5115,89.2054099999999,15.289
5116,89.2214349999999,16.025
5117,89.2397929999999,18.358
5118,89.2540409999999,14.248
5119,89.2714149999999,17.374
5120,89.2863309999999,14.916
5121,89.3026289999999,16.298
5122,89.3197519999999,17.123
5123,89.3357449999999,15.993
5124,89.3513529999999,15.608
5125,89.3674939999999,16.141
5126,89.3837239999999,16.23
5127,89.3999649999999,16.241
5128,89.4159239999999,15.959
5129,89.4334219999999,17.498
5130,89.4487429999999,15.321
5131,89.4650389999999,16.296
5132,89.4817409999999,16.702
5133,89.4979899999999,16.249
5134,89.5152899999999,17.3
5135,89.5305609999999,15.271
5136,89.5459469999999,15.386
5137,89.5618549999999,15.908
5138,89.5796799999999,17.825
5139,89.5915299999999,11.85
5140,89.6111949999999,19.665
5141,89.6267009999999,15.506
5142,89.6449669999999,18.266
5143,89.6610029999999,16.036
5144,89.6772689999999,16.266
5145,89.6931109999999,15.842
5146,89.7090659999999,15.955
5147,89.7239989999999,14.933
5148,89.7399799999999,15.981
5149,89.7567499999999,16.77
5150,89.7724469999999,15.697
5151,89.7884849999999,16.038
5152,89.8043139999999,15.829
5153,89.8210769999999,16.763
5154,89.8366399999999,15.563
5155,89.8541389999999,17.499
5156,89.8691639999999,15.025
5157,89.8874479999999,18.284
5158,89.9013069999999,13.859
5159,89.9178969999999,16.59
5160,89.9334839999999,15.587
5161,89.9499859999999,16.502
5162,89.9659209999999,15.935
5163,89.9819769999999,16.056
5164,89.9984179999999,16.441
5165,90.0143749999999,15.957
5166,90.0317999999999,17.425
5167,90.0469969999999,15.197
5168,90.0635039999999,16.507
5169,90.0787989999999,15.295
5170,90.0953609999999,16.562
5171,90.1083569999999,12.996
5172,90.1271199999999,18.763
5173,90.1430189999999,15.899
5174,90.1604919999999,17.473
5175,90.1756879999999,15.196
5176,90.1914469999999,15.759
5177,90.2077749999999,16.328
5178,90.2237929999999,16.018
5179,90.2397829999999,15.99
5180,90.2562999999999,16.517
5181,90.2726289999999,16.329
5182,90.2886579999999,16.029
5183,90.3046789999999,16.021
5184,90.3206849999999,16.006
5185,90.3390629999999,18.378
5186,90.3532369999999,14.174
5187,90.3688509999999,15.614
5188,90.3850199999999,16.169
5189,90.4010569999999,16.037
5190,90.4168909999999,15.834
5191,90.4342159999999,17.325
5192,90.4494649999999,15.249
5193,90.4653949999999,15.93
5194,90.4816889999999,16.294
5195,90.4975969999999,15.908
5196,90.5138959999999,16.299
5197,90.5299459999999,16.05
5198,90.5473159999999,17.37
5199,90.5625539999999,15.238
5200,90.5751519999999,12.598
5201,90.5950129999999,19.861
5202,90.6108719999999,15.859
5203,90.6273909999999,16.519
5204,90.6441159999999,16.725
5205,90.6607589999999,16.643
5206,90.6761489999999,15.39
5207,90.6911959999999,15.047
5208,90.7070879999999,15.892
5209,90.7230419999999,15.954
5210,90.7395099999999,16.468
5211,90.7553249999999,15.815
5212,90.7712159999999,15.891
5213,90.7872009999999,15.985
5214,90.8038529999998,16.652
5215,90.8209439999998,17.091
5216,90.8360299999998,15.086
5217,90.8519649999998,15.935
5218,90.8678279999998,15.863
5219,90.8835599999998,15.732
5220,90.8997939999998,16.234
5221,90.9159319999998,16.138
5222,90.9327619999998,16.83
5223,90.9482449999998,15.483
5224,90.9643719999998,16.127
5225,90.9801449999998,15.773
5226,90.9960139999998,15.869
5227,91.0082789999998,12.265
5228,91.0288839999998,20.605
5229,91.0443859999998,15.502
5230,91.0607549999998,16.369
5231,91.0766839999998,15.929
5232,91.0930489999998,16.365
5233,91.1083699999998,15.321
5234,91.1248769999998,16.507
5235,91.1402669999998,15.39
5236,91.1564539999998,16.187
5237,91.1725159999998,16.062
5238,91.1887929999998,16.277
5239,91.2054819999998,16.689
5240,91.2209319999998,15.45
5241,91.2367289999998,15.797
5242,91.2534379999998,16.709
5243,91.2688429999998,15.405
5244,91.2848129999998,15.97
5245,91.3006369999998,15.824
5246,91.3169789999998,16.342
5247,91.3326619999998,15.683
5248,91.3487419999998,16.08
5249,91.3646589999998,15.917
5250,91.3806879999998,16.029
5251,91.3968299999998,16.142
5252,91.4131679999998,16.338
5253,91.4293279999998,16.16
5254,91.4416309999998,12.303
5255,91.4620169999998,20.386
5256,91.4781199999998,16.103
5257,91.4941219999998,16.002
5258,91.5103899999998,16.268
5259,91.5261659999998,15.776
5260,91.5435849999998,17.419
5261,91.5589829999998,15.398
5262,91.5758579999998,16.875
5263,91.5908839999998,15.026
5264,91.6071609999998,16.277
5265,91.6241939999998,17.033
5266,91.6390999999998,14.906
5267,91.6549629999998,15.863
5268,91.6712169999998,16.254
5269,91.6870509999998,15.834
5270,91.7031189999998,16.068
5271,91.7193509999998,16.232
5272,91.7350939999998,15.743
5273,91.7521039999998,17.01
5274,91.7673259999998,15.222
5275,91.7838939999998,16.568
5276,91.7988519999998,14.958
5277,91.8152389999998,16.387
5278,91.8311319999998,15.893
5279,91.8469879999998,15.856
5280,91.8627309999998,15.743
5281,91.8791439999998,16.413
5282,91.8917059999998,12.562
5283,91.9110839999998,19.378
5284,91.9273379999998,16.254
5285,91.9427629999998,15.425
5286,91.9591789999998,16.416
5287,91.9747519999999,15.573
5288,91.9907109999998,15.959
5289,92.0070629999998,16.352
5290,92.0228279999998,15.765
5291,92.0390349999998,16.207
5292,92.0556799999998,16.645
5293,92.0728939999998,17.214
5294,92.0880669999998,15.173
5295,92.1038309999998,15.764
5296,92.1194159999998,15.585
5297,92.1363849999998,16.969
5298,92.1518319999998,15.447
5299,92.1677219999998,15.89
5300,92.1844699999998,16.748
5301,92.1999509999998,15.481
5302,92.2160049999998,16.054
5303,92.2326479999998,16.643
5304,92.2492459999998,16.598
5305,92.2645739999998,15.328
5306,92.2802579999998,15.684
5307,92.2967229999998,16.465
5308,92.3128969999998,16.174
5309,92.3292849999998,16.388
5310,92.3455879999998,16.303
5311,92.3624749999998,16.887
5312,92.3740659999998,11.591
5313,92.3931449999998,19.079
5314,92.4090439999998,15.899
5315,92.4255909999998,16.547
5316,92.4407259999998,15.135
5317,92.4574259999998,16.7
5318,92.4730659999998,15.64
5319,92.4890589999998,15.993
5320,92.5050379999998,15.979
5321,92.5214609999998,16.423
5322,92.5373169999998,15.856
5323,92.5552199999998,17.903
5324,92.5698269999998,14.607
5325,92.5872639999998,17.437
5326,92.6017049999999,14.441
5327,92.6179829999999,16.278
5328,92.6339559999999,15.973
5329,92.6502749999999,16.319
5330,92.6667599999999,16.485
5331,92.6833539999999,16.594
5332,92.6984749999998,15.121
5333,92.7144229999998,15.948
5334,92.7301149999998,15.692
5335,92.7464209999998,16.306
5336,92.7624339999998,16.013
5337,92.7783089999998,15.875
5338,92.7918209999998,13.512
5339,92.8108219999998,19.001
5340,92.8280589999998,17.237
5341,92.8430489999998,14.99
5342,92.8587919999998,15.743
5343,92.8747659999998,15.974
5344,92.8910689999998,16.303
5345,92.9067329999998,15.664
5346,92.9223069999998,15.574
5347,92.9388389999998,16.532
5348,92.9547549999998,15.916
5349,92.9699219999998,15.167
5350,92.9861409999998,16.219
5351,93.0027289999998,16.588
5352,93.0178499999998,15.121
5353,93.0340649999998,16.215
5354,93.0499939999998,15.929
5355,93.0656639999998,15.67
5356,93.0814679999998,15.804
5357,93.0977989999998,16.331
5358,93.1136969999998,15.898
5359,93.1295819999998,15.885
5360,93.1452699999998,15.688
5361,93.1612909999998,16.021
5362,93.1747549999998,13.464
5363,93.1934769999998,18.722
5364,93.2100089999998,16.532
5365,93.2262589999998,16.25
5366,93.2408499999998,14.591
5367,93.2574239999998,16.574
5368,93.2732449999998,15.821
5369,93.2897499999998,16.505
5370,93.3052229999998,15.473
5371,93.3214499999998,16.227
5372,93.3369629999998,15.513
5373,93.3535649999998,16.602
5374,93.3689529999998,15.388
5375,93.3849819999998,16.029
5376,93.4009649999998,15.983
5377,93.4174749999998,16.51
5378,93.4339909999998,16.516
5379,93.4484879999998,14.497
5380,93.4644879999998,16.0
5381,93.4807809999999,16.293
5382,93.4974309999998,16.65
5383,93.5117409999998,14.31
5384,93.5247839999998,13.043
5385,93.5439189999998,19.135
5386,93.5592179999998,15.299
5387,93.5764409999998,17.223
5388,93.5910009999998,14.56
5389,93.6073509999999,16.35
5390,93.6228129999999,15.462
5391,93.6419409999998,19.128
5392,93.6544779999998,12.537
5393,93.6709239999998,16.446
5394,93.6866349999998,15.711
5395,93.7029799999998,16.345
5396,93.7181939999998,15.214
5397,93.7341509999998,15.957
5398,93.7506429999998,16.492
5399,93.7660399999998,15.397
5400,93.7832529999998,17.213
5401,93.7992219999998,15.969
5402,93.8143789999998,15.157
5403,93.8301579999998,15.779
5404,93.8461469999998,15.989
5405,93.8614749999998,15.328
5406,93.8750169999998,13.542
5407,93.8933749999998,18.358
5408,93.9101089999998,16.734
5409,93.9250079999998,14.899
5410,93.9429049999998,17.897
5411,93.9588659999998,15.961
5412,93.9727899999998,13.924
5413,93.9888789999998,16.089
5414,94.0055139999998,16.635
5415,94.0214489999998,15.935
5416,94.0362849999998,14.836
5417,94.0527779999998,16.493
5418,94.0688959999998,16.118
5419,94.0852349999998,16.339
5420,94.1009289999998,15.694
5421,94.1166829999998,15.754
5422,94.1322929999998,15.61
5423,94.1480279999998,15.735
5424,94.1651499999998,17.122
5425,94.1797259999998,14.576
5426,94.1955839999998,15.858
5427,94.2113819999998,15.798
5428,94.2247559999998,13.374
5429,94.2430469999998,18.291
5430,94.2607529999999,17.706
5431,94.2747829999999,14.03
5432,94.2911709999999,16.388
5433,94.3066909999999,15.52
5434,94.3233559999999,16.665
5435,94.3389239999999,15.568
5436,94.3551539999999,16.23
5437,94.3710599999999,15.906
5438,94.3871989999999,16.139
5439,94.4029119999999,15.713
5440,94.4188919999999,15.98
5441,94.4356679999999,16.776
5442,94.4502989999998,14.631
5443,94.4662909999998,15.992
5444,94.4821549999998,15.864
5445,94.4977779999998,15.623
5446,94.5138299999998,16.052
5447,94.5296469999998,15.817
5448,94.5456399999998,15.993
5449,94.5616979999998,16.058
5450,94.5746539999998,12.956
5451,94.5933319999998,18.678
5452,94.6090109999998,15.679
5453,94.6248679999998,15.857
5454,94.6411249999998,16.257
5455,94.6571189999998,15.994
5456,94.6737949999998,16.676
5457,94.6895649999998,15.77
5458,94.7056989999998,16.134
5459,94.7210959999998,15.397
5460,94.7367769999998,15.681
5461,94.7529689999998,16.192
5462,94.7696519999998,16.683
5463,94.7845579999998,14.906
5464,94.8003229999998,15.765
5465,94.8167199999998,16.397
5466,94.8322439999998,15.524
5467,94.8481999999998,15.956
5468,94.8639169999998,15.717
5469,94.8801769999998,16.26
5470,94.8961059999998,15.929
5471,94.9119329999998,15.827
5472,94.9251219999998,13.189
5473,94.9437239999998,18.602
5474,94.9595109999998,15.787
5475,94.9753379999998,15.827
5476,94.9915969999998,16.259
5477,95.0075689999998,15.972
5478,95.0238489999998,16.28
5479,95.0393679999998,15.519
5480,95.0555289999998,16.161
5481,95.0715379999998,16.009
5482,95.0874769999998,15.939
5483,95.1033259999998,15.849
5484,95.1190819999998,15.756
5485,95.1350169999998,15.935
5486,95.1512989999998,16.282
5487,95.1670769999998,15.778
5488,95.1829219999998,15.845
5489,95.1988809999998,15.959
5490,95.2151709999998,16.29
5491,95.2314779999998,16.307
5492,95.2469689999998,15.491
5493,95.2627959999998,15.827
5494,95.2786099999998,15.814
5495,95.2917139999998,13.104
5496,95.3103829999998,18.669
5497,95.3274049999998,17.022
5498,95.3421689999998,14.764
5499,95.3582129999998,16.044
5500,95.3739619999998,15.749
5501,95.3900869999998,16.125
5502,95.4059889999998,15.902
5503,95.4219049999998,15.916
5504,95.4380969999998,16.192
5505,95.4539939999998,15.897
5506,95.4708719999998,16.878
5507,95.4864749999998,15.603
5508,95.5018099999998,15.335
5509,95.5174929999998,15.683
5510,95.5344679999998,16.975
5511,95.5498839999998,15.416
5512,95.5656109999998,15.727
5513,95.5819729999998,16.362
5514,95.5977919999998,15.819
5515,95.6137439999998,15.952
5516,95.6297969999998,16.053
5517,95.6460919999998,16.295
5518,95.6617979999998,15.706
5519,95.6749449999998,13.147
5520,95.6938839999998,18.939
5521,95.7107809999998,16.897
5522,95.7257959999998,15.015
5523,95.7422089999998,16.413
5524,95.7576519999998,15.443
5525,95.7737429999998,16.091
5526,95.7897539999998,16.011
5527,95.8057179999998,15.964
5528,95.8216929999998,15.975
5529,95.8384549999998,16.762
5530,95.8546079999998,16.153
5531,95.8705499999998,15.942
5532,95.8861379999998,15.588
5533,95.9022539999998,16.116
5534,95.9177729999998,15.519
5535,95.9345319999998,16.759
5536,95.9504149999998,15.883
5537,95.9658139999998,15.399
5538,95.9816389999998,15.825
5539,95.9980809999998,16.442
5540,96.0135709999998,15.49
5541,96.0298869999998,16.316
5542,96.0455609999998,15.674
5543,96.0620779999998,16.517
5544,96.0748719999998,12.794
5545,96.0935669999998,18.695
5546,96.1096559999998,16.089
5547,96.1261859999998,16.53
5548,96.1416659999998,15.48
5549,96.1575359999998,15.87
5550,96.1760319999998,18.496
5551,96.1900809999998,14.049
5552,96.2056769999998,15.596
5553,96.2217079999998,16.031
5554,96.2378599999998,16.152
5555,96.2537589999998,15.899
5556,96.2703249999998,16.566
5557,96.2852649999998,14.94
5558,96.3012379999998,15.973
5559,96.3171399999998,15.902
5560,96.3329699999998,15.83
5561,96.3504049999998,17.435
5562,96.3647159999998,14.311
5563,96.3809069999998,16.191
5564,96.3966199999998,15.713
5565,96.4129399999998,16.32
5566,96.4282919999998,15.352
5567,96.4418029999998,13.511
5568,96.4601219999998,18.319
5569,96.4761619999998,16.04
5570,96.4924259999998,16.264
5571,96.5093449999998,16.919
5572,96.5248019999998,15.457
5573,96.5407569999998,15.955
5574,96.5566159999998,15.859
5575,96.5720239999998,15.408
5576,96.5873239999998,15.3
5577,96.6036329999998,16.309
5578,96.6191619999998,15.529
5579,96.6353249999998,16.163
5580,96.6507839999998,15.459
5581,96.6667369999998,15.953
5582,96.6824239999998,15.687
5583,96.6982169999998,15.793
5584,96.7142269999998,16.01
5585,96.7296529999998,15.426
5586,96.7456189999998,15.966
5587,96.7612629999998,15.644
5588,96.7746019999998,13.339
5589,96.7928779999998,18.276
5590,96.8090339999998,16.156
5591,96.8248239999998,15.79
5592,96.8403719999998,15.548
5593,96.8560949999998,15.723
5594,96.8719209999998,15.826
5595,96.8874519999998,15.531
5596,96.9038259999998,16.374
5597,96.9193769999998,15.551
5598,96.9362659999998,16.889
5599,96.9516509999998,15.385
5600,96.9672779999998,15.627
5601,96.9828979999998,15.62
5602,96.9992769999998,16.379
5603,97.0139939999998,14.717
5604,97.0301199999998,16.126
5605,97.0461149999998,15.995
5606,97.0614469999998,15.332
5607,97.0742649999998,12.818
5608,97.0930869999998,18.822
5609,97.1087009999998,15.614
5610,97.1250139999998,16.313
5611,97.1406559999998,15.642
5612,97.1561939999998,15.538
5613,97.1737609999998,17.567
5614,97.1876999999998,13.939
5615,97.2045569999998,16.857
5616,97.2193219999998,14.765
5617,97.2350939999998,15.772
5618,97.2518119999998,16.718
5619,97.2667619999998,14.95
5620,97.2830429999998,16.281
5621,97.2985699999998,15.527
5622,97.3153789999998,16.809
5623,97.3304349999998,15.056
5624,97.3467249999998,16.29
5625,97.3580639999998,11.339
5626,97.3779479999998,19.884
5627,97.3932469999998,15.299
5628,97.4100569999998,16.81
5629,97.4256479999998,15.591
5630,97.4405609999998,14.913
5631,97.4572079999999,16.647
5632,97.4727149999999,15.507
5633,97.4892289999999,16.514
5634,97.5045949999999,15.366
5635,97.5202519999999,15.657
5636,97.5362509999999,15.999
5637,97.5524899999998,16.239
5638,97.5677239999999,15.234
5639,97.5829479999999,15.224
5640,97.5996559999999,16.708
5641,97.6147129999999,15.057
5642,97.6317299999998,17.017
5643,97.6418369999999,10.107
5644,97.6618869999999,20.05
5645,97.6779119999998,16.025
5646,97.6938659999998,15.954
5647,97.7099139999998,16.048
5648,97.7252219999998,15.308
5649,97.7414149999998,16.193
5650,97.7558279999999,14.413
5651,97.7733529999999,17.525
5652,97.7874179999999,14.065
5653,97.8038189999999,16.401
5654,97.8188439999999,15.025
5655,97.8348839999999,16.04
5656,97.8503139999999,15.43
5657,97.8660539999998,15.74
5658,97.8828729999998,16.819
5659,97.8981869999999,15.314
5660,97.9141179999998,15.931
5661,97.9297449999998,15.627
5662,97.9468409999998,17.096
5663,97.9574849999998,10.644
5664,97.9769779999998,19.493
5665,97.9921259999998,15.148
5666,98.0086049999998,16.479
5667,98.0242599999998,15.655
5668,98.0407779999998,16.518
5669,98.0572029999998,16.425
5670,98.0721419999998,14.939
5671,98.0893609999998,17.219
5672,98.1042179999998,14.857
5673,98.1199449999998,15.727
5674,98.1352829999998,15.338
5675,98.1513999999998,16.117
5676,98.1666859999998,15.286
5677,98.1830429999998,16.357
5678,98.1984979999998,15.455
5679,98.2147919999998,16.294
5680,98.2351809999998,20.389
5681,98.2470349999998,11.854
5682,98.2583489999998,11.314
5683,98.2782049999998,19.856
5684,98.2945859999998,16.381
5685,98.3097329999998,15.147
5686,98.3262489999998,16.516
5687,98.3414589999998,15.21
5688,98.3582479999998,16.789
5689,98.3730059999998,14.758
5690,98.3891179999998,16.112
5691,98.4048129999998,15.695
5692,98.4213839999998,16.571
5693,98.4367849999998,15.401
5694,98.4526649999998,15.88
5695,98.4695859999998,16.921
5696,98.4848639999998,15.278
5697,98.5006769999998,15.813
5698,98.5167469999998,16.07
5699,98.5331859999998,16.439
5700,98.5488239999998,15.638
5701,98.5643839999998,15.56
5702,98.5809399999998,16.556
5703,98.5913099999998,10.37
5704,98.6124759999998,21.166
5705,98.6296889999998,17.213
5706,98.6458299999998,16.141
5707,98.6610409999998,15.211
5708,98.6769989999998,15.958
5709,98.6932629999998,16.264
5710,98.7094679999998,16.205
5711,98.7254169999998,15.949
5712,98.7416519999998,16.235
5713,98.7577189999998,16.067
5714,98.7728399999998,15.121
5715,98.7886759999998,15.836
5716,98.8048519999998,16.176
5717,98.8207189999998,15.867
5718,98.8364899999998,15.771
5719,98.8524149999998,15.925
5720,98.8686899999998,16.275
5721,98.8848359999998,16.146
5722,98.9010279999998,16.192
5723,98.9183009999998,17.273
