leg,process_frame,frame_ms,target_z,cell,focused
outward,739,16.188,23.9981327056885,vale-0,true
outward,740,24.416,23.9945659637451,vale-0,true
outward,741,16.095,23.9823322296143,vale-0,true
outward,742,20.88,23.9736671447754,vale-0,true
outward,743,20.669,23.9633007049561,vale-0,true
outward,744,20.942,23.9512348175049,vale-0,true
outward,745,16.313,23.9374694824219,vale-0,true
outward,746,19.495,23.922004699707,vale-0,true
outward,747,23.199,23.8859729766846,vale-0,true
outward,748,15.085,23.8654079437256,vale-0,true
outward,749,24.509,23.8431434631348,vale-0,true
outward,750,15.488,23.8191795349121,vale-0,true
outward,751,21.569,23.7935161590576,vale-0,true
outward,752,18.905,23.7661533355713,vale-0,true
outward,753,22.819,23.7063312530518,vale-0,true
outward,754,19.766,23.6738719940186,vale-0,true
outward,755,22.233,23.6397151947021,vale-0,true
outward,756,15.456,23.6038589477539,vale-0,true
outward,757,27.15,23.5663032531738,vale-0,true
outward,758,15.7,23.4860992431641,vale-0,true
outward,759,19.983,23.4434490203857,vale-0,true
outward,760,23.951,23.3991012573242,vale-0,true
outward,761,19.889,23.3530559539795,vale-0,true
outward,762,22.134,23.3053131103516,vale-0,true
outward,763,16.052,23.2558727264404,vale-0,true
outward,764,28.64,23.1519012451172,vale-0,true
outward,765,16.738,23.0973720550537,vale-0,true
outward,766,19.761,23.041145324707,vale-0,true
outward,767,20.682,22.9236030578613,vale-0,true
outward,768,15.729,22.8622894287109,vale-0,true
outward,769,20.254,22.799280166626,vale-0,true
outward,770,19.649,22.7345752716064,vale-0,true
outward,771,22.898,22.6000804901123,vale-0,true
outward,772,19.461,22.5302906036377,vale-0,true
outward,773,15.892,22.4588069915771,vale-0,true
outward,774,20.356,22.3856296539307,vale-0,true
outward,775,20.517,22.2341957092285,vale-0,true
outward,776,15.765,22.1559371948242,vale-0,true
outward,777,24.618,22.0759868621826,vale-0,true
outward,778,15.447,21.9943447113037,vale-0,true
outward,779,16.073,21.9110088348389,vale-0,true
outward,780,20.26,21.8259830474854,vale-0,true
outward,781,20.025,21.6508560180664,vale-0,true
outward,782,22.101,21.5607585906982,vale-0,true
outward,783,15.456,21.4689693450928,vale-0,true
outward,784,26.595,21.3754901885986,vale-0,true
outward,785,15.315,21.2803211212158,vale-0,true
outward,786,22.39,21.0849151611328,vale-0,true
outward,787,19.796,20.9846801757812,vale-0,true
outward,788,16.161,20.8827571868896,vale-0,true
outward,789,21.035,20.7791481018066,vale-0,true
outward,790,19.09,20.6738510131836,vale-0,true
outward,791,15.978,20.5668659210205,vale-0,true
outward,792,23.172,20.3478393554688,vale-0,true
outward,793,15.165,20.2357978820801,vale-0,true
outward,794,26.022,20.1220722198486,vale-0,true
outward,795,20.165,20.0066623687744,vale-0,true
outward,796,19.655,19.8895683288574,vale-0,true
outward,797,22.51,19.6503276824951,vale-0,true
outward,798,19.507,19.5281829833984,vale-0,true
outward,799,16.264,19.4043560028076,vale-0,true
outward,800,19.142,19.2788486480713,vale-0,true
outward,801,22.744,19.1516590118408,vale-0,true
outward,802,18.893,19.0227890014648,vale-0,true
outward,803,23.148,18.760009765625,vale-0,true
outward,804,15.045,18.6261024475098,vale-0,true
outward,805,24.63,18.490514755249,vale-0,true
outward,806,15.535,18.35325050354,vale-0,true
outward,807,19.358,18.2143096923828,vale-0,true
outward,808,23.118,17.931396484375,vale-0,true
outward,809,16.732,17.787425994873,vale-0,true
outward,810,23.496,17.6417789459229,vale-0,true
outward,811,12.878,17.4944591522217,vale-0,true
outward,812,19.473,17.3454647064209,vale-0,true
outward,813,22.769,17.1947975158691,vale-0,true
outward,814,16.558,16.8884449005127,vale-0,true
outward,815,22.798,16.7327613830566,vale-0,true
outward,816,16.06,16.5754070281982,vale-0,true
outward,817,18.857,16.4163818359375,vale-0,true
outward,818,22.85,16.2556858062744,vale-0,true
outward,819,15.463,16.0933208465576,vale-0,true
outward,820,34.527,15.7635879516602,vale-0,true
outward,821,10.521,15.5962200164795,vale-0,true
outward,822,23.315,15.4271869659424,vale-0,true
outward,823,29.082,15.2564878463745,vale-0,true
outward,824,7.417,15.0841236114502,vale-0,true
outward,825,17.362,14.9100942611694,vale-0,true
outward,826,24.4,14.5570459365845,vale-0,true
outward,827,21.421,14.3780279159546,vale-0,true
outward,828,21.725,14.1973485946655,vale-0,true
outward,829,16.05,14.0150079727173,vale-0,true
outward,830,26.078,13.8310079574585,vale-0,true
outward,831,15.718,13.4580307006836,vale-0,true
outward,832,20.142,13.2690553665161,vale-0,true
outward,833,18.406,13.0784225463867,vale-0,true
outward,834,16.154,12.8861331939697,vale-0,true
outward,835,23.918,12.6921882629395,vale-0,true
outward,836,19.242,12.4965887069702,vale-0,true
outward,837,19.308,12.1004276275635,vale-0,true
outward,838,23.162,11.8998680114746,vale-0,true
outward,839,16.624,11.6976566314697,vale-0,true
outward,840,16.805,11.4937934875488,vale-0,true
outward,841,19.2,11.2882804870605,vale-0,true
outward,842,22.087,10.8723087310791,vale-0,true
outward,843,14.762,10.6618509292603,vale-0,true
outward,844,22.901,10.449746131897,vale-0,true
outward,845,21.706,10.2359952926636,vale-0,true
outward,846,19.104,10.0205993652344,vale-0,true
outward,847,22.527,9.80355930328369,vale-0,true
outward,848,20.461,9.36454772949219,vale-0,true
outward,849,18.147,9.14257907867432,vale-0,true
outward,850,18.232,8.91897010803223,vale-0,true
outward,851,18.025,8.69372081756592,vale-0,true
outward,852,19.649,8.46683216094971,vale-0,true
outward,853,21.349,8.00814151763916,vale-0,true
outward,854,28.297,7.7763409614563,vale-0,true
outward,855,14.479,7.54290533065796,vale-0,true
outward,856,23.295,7.30783462524414,vale-0,true
outward,857,37.36,6.83279371261597,vale-0,true
outward,858,8.738,6.59282493591309,vale-0,true
outward,859,11.776,6.35122537612915,vale-0,true
outward,860,16.893,5.86313724517822,vale-0,true
outward,861,19.054,5.61665058135986,vale-0,true
outward,862,24.55,5.36853694915771,vale-0,true
outward,863,22.206,4.867431640625,vale-0,true
outward,864,19.574,4.61444282531738,vale-0,true
outward,865,16.308,4.35983037948608,vale-0,true
outward,866,28.362,4.10359573364258,vale-0,true
outward,867,14.882,3.84574007987976,vale-0,true
outward,868,19.979,3.58626389503479,vale-0,true
outward,869,24.667,3.06245517730713,vale-0,true
outward,870,15.456,2.79812479019165,vale-0,true
outward,871,25.264,2.53217816352844,vale-0,true
outward,872,16.173,2.26461625099182,vale-0,true
outward,873,23.078,1.99544024467468,vale-0,true
outward,874,20.077,1.72465121746063,vale-0,true
outward,875,21.75,1.17823839187622,vale-0,true
outward,876,20.022,0.90261662006378,vale-0,true
outward,877,16.667,0.62538594007492,vale-0,true
outward,878,21.38,0.34654748439789,vale-0,true
outward,879,20.923,0.06610232591629,vale-0,true
outward,880,21.641,-0.49960371851921,vale-0,true
outward,881,19.782,-0.78486239910126,vale-0,true
outward,882,16.945,-1.07172346115112,vale-0,true
outward,883,21.407,-1.36018574237823,vale-0,true
outward,884,21.079,-1.65024828910828,vale-0,true
outward,885,21.092,-1.94190979003906,vale-0,true
outward,886,20.92,-2.53002548217773,vale-0,true
outward,887,16.137,-2.82647728919983,vale-0,true
outward,888,21.463,-3.12452387809753,vale-0,true
outward,889,20.896,-3.4241635799408,vale-0,true
outward,890,23.027,-3.72539567947388,vale-0,true
outward,891,20.992,-4.33263206481934,vale-0,true
outward,892,16.214,-4.6386342048645,vale-0,true
outward,893,25.628,-4.94622421264648,vale-0,true
outward,894,16.026,-5.25540018081665,vale-0,true
outward,895,23.204,-5.87850618362427,vale-0,true
outward,896,20.165,-6.19243431091309,vale-0,true
outward,897,22.732,-6.50794458389282,vale-0,true
outward,898,20.542,-6.82503509521484,vale-0,true
outward,899,16.363,-7.14370489120483,vale-0,true
outward,900,21.52,-7.78577852249146,vale-0,true
outward,901,19.479,-8.10917949676514,vale-0,true
outward,902,22.685,-8.43415451049805,vale-0,true
outward,903,20.453,-8.76070308685303,vale-0,true
outward,904,16.397,-9.41851425170898,vale-0,true
outward,905,20.183,-9.74977588653564,vale-0,true
outward,906,20.269,-10.0826044082642,vale-0,true
outward,907,22.363,-10.4170007705688,vale-0,true
outward,908,45.347,-11.4295797348022,vale-0,true
outward,909,17.845,-12.1124458312988,vale-0,true
outward,910,12.688,-12.4562187194824,vale-0,true
outward,911,16.305,-12.8015489578247,vale-0,true
outward,912,21.573,-13.1484365463257,vale-0,true
outward,913,19.994,-13.4968795776367,vale-0,true
outward,914,21.234,-13.8468770980835,vale-0,true
outward,915,17.267,-14.1984272003174,vale-0,true
outward,916,20.226,-14.9061813354492,vale-0,true
outward,917,17.98,-15.2623825073242,vale-0,true
outward,918,20.915,-15.6201314926147,vale-0,true
outward,919,21.977,-15.9794273376465,vale-0,true
outward,920,21.973,-16.3402671813965,vale-0,true
outward,921,15.417,-16.7026519775391,vale-0,true
outward,922,26.66,-17.4320487976074,vale-0,true
outward,923,15.045,-17.7990570068359,vale-0,true
outward,924,25.05,-18.1676025390625,vale-0,true
outward,925,20.314,-18.5376853942871,vale-0,true
outward,926,21.539,-18.9093036651611,vale-0,true
outward,927,16.374,-19.2824554443359,vale-0,true
outward,928,20.677,-20.0333595275879,vale-0,true
outward,929,19.292,-20.4111061096191,vale-0,true
outward,930,15.945,-20.7903823852539,vale-0,true
outward,931,19.524,-21.1711845397949,vale-0,true
outward,932,18.712,-21.5535144805908,vale-0,true
outward,933,16.013,-21.9373683929443,vale-0,true
outward,934,19.263,-22.3227462768555,vale-0,true
outward,935,23.156,-23.0980625152588,vale-0,true
outward,936,19.029,-23.488000869751,vale-0,true
outward,937,21.913,-23.8794574737549,vale-0,true
outward,938,15.438,-24.2724285125732,vale-0,true
outward,939,24.268,-24.6669139862061,vale-0,true
outward,940,19.491,-25.0629138946533,vale-0,true
outward,941,19.179,-25.8594493865967,vale-0,true
outward,942,22.428,-26.2599792480469,vale-0,true
outward,943,15.767,-26.6620178222656,vale-0,true
outward,944,19.286,-27.0655632019043,vale-0,true
outward,945,22.817,-27.4706115722656,vale-0,true
outward,946,18.888,-27.8771648406982,vale-0,true
outward,947,23.104,-28.6947727203369,vale-0,true
outward,948,15.298,-29.1058254241943,vale-0,true
outward,949,24.329,-29.5183753967285,vale-0,true
outward,950,25.564,-30.3479614257812,vale-0,true
outward,951,13.088,-30.7649955749512,vale-0,true
outward,952,19.702,-31.1835193634033,vale-0,true
outward,953,14.59,-31.6035346984863,vale-0,true
outward,954,28.663,-32.4480247497559,vale-0,true
outward,955,14.911,-32.872501373291,vale-0,true
outward,956,25.145,-33.2984580993652,vale-0,true
outward,957,17.419,-33.7258987426758,vale-0,true
outward,958,26.197,-34.5852203369141,vale-0,true
outward,959,20.215,-35.0170974731445,vale-0,true
outward,960,18.378,-35.4504508972168,vale-0,true
outward,961,15.501,-35.8852767944336,vale-0,true
outward,962,27.468,-36.7593536376953,vale-0,true
outward,963,15.149,-37.1985969543457,vale-0,true
outward,964,24.397,-37.6393089294434,vale-0,true
outward,965,20.011,-38.081485748291,vale-0,true
outward,966,15.73,-38.9702377319336,vale-0,true
outward,967,26.69,-39.4168090820312,vale-0,true
outward,968,15.749,-39.8648414611816,vale-0,true
outward,969,22.06,-40.3143310546875,vale-0,true
outward,970,21.361,-41.2176818847656,vale-0,true
outward,971,21.231,-41.6715393066406,vale-0,true
outward,972,22.3,-42.1268501281738,vale-0,true
outward,973,16.25,-42.5836143493652,vale-0,true
outward,974,21.501,-43.5014877319336,vale-0,true
outward,975,19.533,-43.9625930786133,vale-0,true
outward,976,21.229,-44.4251441955566,vale-0,true
outward,977,20.018,-44.8891410827637,vale-0,true
outward,978,21.195,-45.8214530944824,vale-0,true
outward,979,15.028,-46.2897644042969,vale-0,true
outward,980,25.32,-46.7595176696777,vale-0,true
outward,981,15.806,-47.2306976318359,vale-0,true
outward,982,20.5,-47.7033195495605,vale-0,true
outward,983,19.937,-48.1773643493652,vale-0,true
outward,984,23.192,-49.1297569274902,vale-0,true
outward,985,15.298,-49.608097076416,vale-0,true
outward,986,26.646,-50.0878562927246,vale-0,true
outward,987,15.432,-50.5690460205078,vale-0,true
outward,988,24.76,-51.0516510009766,vale-0,true
outward,989,20.912,-52.021125793457,vale-0,true
outward,990,19.169,-52.5079917907715,vale-0,true
outward,991,16.229,-52.9962692260742,vale-0,true
outward,992,20.117,-53.4859657287598,vale-0,true
outward,993,23.743,-53.9770698547363,vale-0,true
outward,994,20.402,-54.4695892333984,vale-0,true
outward,995,20.228,-55.4588470458984,vale-0,true
outward,996,15.988,-55.9537162780762,vale-0,true
outward,997,26.463,-56.4499969482422,vale-0,true
outward,998,15.802,-56.9458084106445,vale-0,true
outward,999,21.194,-57.4411659240723,vale-0,true
outward,1000,19.328,-58.4304885864258,vale-0,true
outward,1001,20.793,-58.9263229370117,vale-0,true
outward,1002,21.244,-59.421703338623,vale-0,true
outward,1003,16.24,-59.9166145324707,vale-0,true
outward,1004,19.662,-60.4129371643066,vale-0,true
outward,1005,19.109,-60.9087944030762,vale-0,true
outward,1006,16.763,-61.8991279602051,vale-0,true
outward,1007,19.296,-62.3954734802246,vale-0,true
outward,1008,24.212,-62.8913497924805,vale-0,true
outward,1009,18.786,-63.3867721557617,vale-0,true
outward,1010,23.197,-63.8817253112793,vale-0,true
outward,1011,16.305,-64.8758544921875,vale-0,true
outward,1012,24.373,-65.373161315918,vale-0,true
outward,1013,19.833,-65.8699951171875,vale-0,true
outward,1014,24.182,-66.3663711547852,vale-0,true
outward,1015,19.833,-66.8622817993164,vale-0,true
outward,1016,16.108,-67.8527221679688,vale-0,true
outward,1017,24.193,-68.34912109375,vale-0,true
outward,1018,19.707,-68.8450546264648,vale-0,true
outward,1019,18.812,-69.3405303955078,vale-0,true
outward,1020,22.611,-69.8355407714844,vale-0,true
outward,1021,15.903,-70.8241806030273,vale-0,true
outward,1022,23.866,-71.3196792602539,vale-0,true
outward,1023,19.669,-71.8147125244141,vale-0,true
outward,1024,20.126,-72.3092880249023,vale-0,true
outward,1025,19.842,-72.8052673339844,vale-0,true
outward,1026,16.434,-73.7958450317383,vale-0,true
outward,1027,20.08,-74.2904434204102,vale-0,true
outward,1028,20.425,-74.7864456176758,vale-0,true
outward,1029,18.864,-75.2819900512695,vale-0,true
outward,1030,18.992,-75.7770690917969,vale-0,true
outward,1031,16.431,-76.7658462524414,vale-0,true
outward,1032,18.979,-77.2614135742188,vale-0,true
outward,1033,22.758,-77.7565155029297,vale-0,true
outward,1034,19.07,-78.2511672973633,vale-0,true
outward,1035,19.073,-78.7472152709961,vale-0,true
outward,1036,16.179,-79.242805480957,vale-0,true
outward,1037,20.244,-80.2325973510742,vale-0,true
outward,1038,21.772,-80.7286682128906,vale-0,true
outward,1039,15.662,-81.2242813110352,vale-0,true
outward,1040,19.669,-81.7194290161133,vale-0,true
outward,1041,19.214,-82.2141189575195,vale-0,true
outward,1042,16.497,-83.2077178955078,vale-0,true
outward,1043,19.22,-83.7047500610352,vale-0,true
outward,1044,23.165,-84.2013244628906,vale-0,true
outward,1045,19.125,-84.6974334716797,vale-0,true
outward,1046,22.36,-85.1930847167969,vale-0,true
outward,1047,15.708,-85.6882705688477,vale-0,true
outward,1048,24.788,-86.6772613525391,vale-0,true
outward,1049,18.788,-87.1729354858398,vale-0,true
outward,1050,19.094,-87.6681442260742,vale-0,true
outward,1051,22.57,-88.1628952026367,vale-0,true
outward,1052,20.493,-88.659049987793,vale-0,true
outward,1053,20.347,-89.6499786376953,vale-0,true
outward,1054,15.584,-90.1447525024414,vale-0,true
outward,1055,26.183,-90.6409301757812,vale-0,true
outward,1056,15.467,-91.1366500854492,vale-0,true
outward,1057,26.612,-91.6319046020508,vale-0,true
outward,1058,15.577,-92.6210327148438,vale-0,true
outward,1059,21.633,-93.1167755126953,vale-0,true
outward,1060,19.796,-93.6120529174805,vale-0,true
outward,1061,15.8,-94.1068725585938,vale-0,true
outward,1062,24.674,-94.6030960083008,vale-0,true
outward,1063,15.23,-95.0988616943359,vale-0,true
outward,1064,22.59,-96.0890045166016,vale-0,true
outward,1065,15.334,-96.5852508544922,vale-0,true
outward,1066,20.216,-97.0810394287109,vale-0,true
outward,1067,20.211,-97.5763549804688,vale-0,true
outward,1068,16.039,-98.0712203979492,vale-0,true
outward,1069,26.571,-99.0651550292969,vale-0,true
outward,1070,14.977,-99.5623626708984,vale-0,true
outward,1071,22.503,-100.059112548828,vale-0,true
outward,1072,19.809,-100.555389404297,vale-0,true
outward,1073,15.754,-101.051208496094,vale-0,true
outward,1074,25.19,-102.041458129883,vale-0,true
outward,1075,15.005,-102.537757873535,vale-0,true
outward,1076,21.127,-103.033599853516,vale-0,true
outward,1077,19.125,-103.52897644043,vale-0,true
outward,1078,22.259,-104.023895263672,vale-0,true
outward,1079,22.238,-105.017951965332,vale-0,true
outward,1080,22.052,-105.515213012695,vale-0,true
outward,1081,15.85,-106.012016296387,vale-0,true
outward,1082,26.764,-106.508354187012,vale-0,true
outward,1083,15.251,-107.004234313965,vale-0,true
outward,1084,21.334,-107.994598388672,vale-0,true
outward,1085,19.317,-108.490951538086,vale-0,true
outward,1086,22.627,-108.986846923828,vale-0,true
outward,1087,19.645,-109.482276916504,vale-0,true
outward,1088,22.981,-109.977249145508,vale-0,true
outward,1089,17.992,-110.971412658691,vale-0,true
outward,1090,12.461,-111.468727111816,vale-0,true
outward,1091,22.86,-111.96558380127,vale-0,true
outward,1092,20.427,-112.461975097656,vale-0,true
outward,1093,15.504,-112.957908630371,vale-0,true
outward,1094,27.863,-113.948387145996,vale-0,true
outward,1095,14.867,-114.442932128906,vale-0,true
outward,1096,21.232,-114.938888549805,vale-0,true
outward,1097,19.451,-115.434379577637,vale-0,true
outward,1098,22.818,-115.929412841797,vale-0,true
outward,1099,19.853,-116.918090820312,vale-0,true
outward,1100,22.934,-117.413604736328,vale-0,true
outward,1101,19.654,-117.908660888672,vale-0,true
outward,1102,22.99,-118.403251647949,vale-0,true
outward,1103,19.663,-118.899253845215,vale-0,true
outward,1104,27.182,-119.889869689941,vale-0,true
outward,1105,15.244,-120.384483337402,vale-0,true
outward,1106,22.184,-120.880508422852,vale-0,true
outward,1107,19.842,-121.376068115234,vale-0,true
outward,1108,23.401,-122.36580657959,vale-0,true
outward,1109,19.514,-122.861854553223,vale-0,true
outward,1110,21.245,-123.357437133789,vale-0,true
outward,1111,20.117,-123.852561950684,vale-0,true
outward,1112,23.043,-124.841423034668,vale-0,true
outward,1113,19.691,-125.337028503418,vale-0,true
outward,1114,22.837,-125.832176208496,vale-0,true
outward,1115,20.415,-126.821083068848,vale-0,true
outward,1116,22.581,-127.316711425781,vale-0,true
outward,1117,21.028,-127.811882019043,vale-0,true
outward,1118,21.222,-128.306594848633,vale-0,true
outward,1119,20.667,-129.300231933594,vale-0,true
outward,1120,16.19,-129.797286987305,vale-0,true
outward,1121,26.927,-130.293884277344,vale-0,true
outward,1122,15.986,-130.790023803711,vale-0,true
outward,1123,23.585,-131.780899047852,vale-0,true
outward,1124,20.077,-132.275650024414,vale-0,true
outward,1125,16.394,-132.77180480957,vale-0,true
outward,1126,21.292,-133.762725830078,vale-0,true
outward,1127,19.616,-134.25749206543,vale-0,true
outward,1128,21.418,-134.753662109375,vale-0,true
outward,1129,18.865,-135.249374389648,vale-0,true
outward,1130,16.487,-136.239410400391,vale-0,true
outward,1131,18.822,-136.735610961914,vale-0,true
outward,1132,22.678,-137.231338500977,vale-0,true
outward,1133,18.486,-137.726608276367,vale-0,true
outward,1134,22.965,-138.715774536133,vale-0,true
outward,1135,15.205,-139.211532592773,vale-0,true
outward,1136,24.198,-139.706832885742,vale-0,true
outward,1137,15.202,-140.20166015625,vale-0,true
outward,1138,20.996,-140.697906494141,vale-0,true
outward,1139,18.614,-141.19367980957,vale-0,true
outward,1140,15.911,-141.688995361328,vale-0,true
outward,1141,24.872,-142.678253173828,vale-0,true
outward,1142,14.899,-143.174057006836,vale-0,true
outward,1143,19.257,-143.669403076172,vale-0,true
outward,1144,18.79,-144.164276123047,vale-0,true
outward,1145,16.04,-144.660568237305,vale-0,true
outward,1146,19.113,-145.156387329102,vale-0,true
outward,1147,18.52,-145.651748657227,vale-0,true
outward,1148,16.163,-146.14665222168,vale-0,true
outward,1149,23.988,-147.140670776367,vale-0,true
outward,1150,14.451,-147.140670776367,vale-0,true
outward,1151,24.428,-147.637924194336,vale-0,true
outward,1152,15.361,-148.134704589844,vale-0,true
outward,1153,20.387,-148.63102722168,vale-0,true
outward,1154,19.526,-149.126876831055,vale-0,true
outward,1155,22.497,-150.117218017578,vale-0,true
outward,1156,18.726,-150.613555908203,vale-0,true
outward,1157,21.94,-151.109436035156,vale-0,true
outward,1158,19.493,-151.604858398438,vale-0,true
outward,1159,15.955,-152.099807739258,vale-0,true
outward,1160,26.88,-153.093933105469,vale-0,true
outward,1161,14.802,-153.591232299805,vale-0,true
outward,1162,26.433,-154.088073730469,vale-0,true
outward,1163,15.249,-154.584457397461,vale-0,true
outward,1164,21.738,-155.080368041992,vale-0,true
outward,1165,19.745,-156.070816040039,vale-0,true
outward,1166,20.058,-156.56721496582,vale-0,true
outward,1167,19.688,-157.063140869141,vale-0,true
outward,1168,15.565,-157.558624267578,vale-0,true
outward,1169,24.288,-158.053634643555,vale-0,true
outward,1170,15.617,-159.042282104492,vale-0,true
outward,1171,20.394,-159.537780761719,vale-0,true
outward,1172,19.65,-160.032821655273,vale-0,true
outward,1173,15.729,-160.527404785156,vale-0,true
outward,1174,20.046,-161.023391723633,vale-0,true
outward,1175,19.897,-162.013977050781,vale-0,true
outward,1176,22.325,-162.508575439453,vale-0,true
outward,1177,19.167,-163.004577636719,vale-0,true
outward,1178,15.994,-163.500122070312,vale-0,true
outward,1179,20.156,-163.995208740234,vale-0,true
outward,1180,19.49,-164.489837646484,vale-0,true
outward,1181,21.586,-165.483291625977,vale-0,true
outward,1182,19.476,-165.980255126953,vale-0,true
outward,1183,15.861,-166.476760864258,vale-0,true
outward,1184,20.646,-166.972808837891,vale-0,true
outward,1185,19.126,-167.468399047852,vale-0,true
outward,1186,22.614,-168.45817565918,vale-0,true
outward,1187,19.458,-168.954238891602,vale-0,true
outward,1188,15.849,-169.449844360352,vale-0,true
outward,1189,20.288,-169.944976806641,vale-0,true
outward,1190,19.284,-170.439666748047,vale-0,true
outward,1191,20.587,-170.935760498047,vale-0,true
outward,1192,19.983,-171.926544189453,vale-0,true
outward,1193,15.476,-172.421249389648,vale-0,true
outward,1194,20.201,-172.917358398438,vale-0,true
outward,1195,19.663,-173.413009643555,vale-0,true
outward,1196,22.385,-173.908203125,vale-0,true
outward,1197,15.47,-174.897186279297,vale-0,true
outward,1198,19.855,-175.392852783203,vale-0,true
outward,1199,19.451,-175.888061523438,vale-0,true
outward,1200,15.869,-176.3828125,vale-0,true
outward,1201,25.269,-176.878967285156,vale-0,true
outward,1202,15.22,-177.374664306641,vale-0,true
outward,1203,19.064,-177.869903564453,vale-0,true
outward,1204,19.063,-178.858978271484,vale-0,true
outward,1205,15.558,-179.354690551758,vale-0,true
outward,1206,18.932,-179.849945068359,vale-0,true
outward,1207,18.181,-180.344741821289,vale-0,true
outward,1208,21.022,-180.840942382812,vale-0,true
outward,1209,18.419,-181.336685180664,vale-0,true
outward,1210,15.79,-181.831970214844,vale-0,true
outward,1211,19.137,-182.326782226562,vale-0,true
outward,1212,18.642,-182.823013305664,vale-0,true
outward,1213,21.629,-183.814071655273,vale-0,true
outward,1214,19.36,-184.308898925781,vale-0,true
outward,1215,20.739,-184.805145263672,vale-0,true
outward,1216,15.703,-185.300918579102,vale-0,true
outward,1217,18.793,-185.796234130859,vale-0,true
outward,1218,22.482,-186.291091918945,vale-0,true
outward,1219,17.798,-186.787353515625,vale-0,true
outward,1220,19.162,-187.283157348633,vale-0,true
outward,1221,19.673,-187.778503417969,vale-0,true
outward,1222,19.755,-188.767791748047,vale-0,true
outward,1223,21.358,-189.263610839844,vale-0,true
outward,1224,19.394,-189.758972167969,vale-0,true
outward,1225,15.519,-190.253875732422,vale-0,true
outward,1226,25.908,-190.750183105469,vale-0,true
outward,1227,14.319,-191.246032714844,vale-0,true
outward,1228,20.024,-191.741424560547,vale-0,true
outward,1229,19.385,-192.236343383789,vale-0,true
outward,1230,15.838,-193.230407714844,vale-0,true
outward,1231,19.833,-193.727676391602,vale-0,true
outward,1232,17.964,-194.224487304688,vale-0,true
outward,1233,18.62,-194.720840454102,vale-0,true
outward,1234,18.261,-195.216720581055,vale-0,true
outward,1235,15.712,-195.712142944336,vale-0,true
outward,1236,18.401,-196.207092285156,vale-0,true
outward,1237,22.128,-196.703460693359,vale-0,true
outward,1238,18.629,-197.694793701172,vale-0,true
outward,1239,17.752,-198.189163208008,vale-0,true
outward,1240,15.438,-198.685562133789,vale-0,true
outward,1241,18.615,-199.181488037109,vale-0,true
outward,1242,18.235,-199.676956176758,vale-0,true
outward,1243,20.469,-200.171966552734,link-1,true
outward,1244,19.866,-200.66650390625,link-1,true
outward,1245,15.282,-201.162460327148,link-1,true
outward,1246,19.207,-201.657943725586,link-1,true
outward,1247,18.146,-202.647521972656,link-1,true
outward,1248,20.194,-203.143493652344,link-1,true
outward,1249,18.188,-203.639007568359,link-1,true
outward,1250,15.306,-204.134048461914,link-1,true
outward,1251,18.659,-204.628631591797,link-1,true
outward,1252,18.229,-205.124633789062,link-1,true
outward,1253,15.142,-205.620162963867,link-1,true
outward,1254,23.134,-206.115234375,link-1,true
outward,1255,14.729,-206.609848022461,link-1,true
outward,1256,19.967,-207.603286743164,link-1,true
outward,1257,19.232,-208.100234985352,link-1,true
outward,1258,15.166,-208.596725463867,link-1,true
outward,1259,21.938,-209.092758178711,link-1,true
outward,1260,14.659,-209.588317871094,link-1,true
outward,1261,21.563,-210.083419799805,link-1,true
outward,1262,19.459,-210.578063964844,link-1,true
outward,1263,15.245,-211.074127197266,link-1,true
outward,1264,26.124,-211.569717407227,link-1,true
outward,1265,15.037,-212.559524536133,link-1,true
outward,1266,21.301,-213.055603027344,link-1,true
outward,1267,18.958,-213.551223754883,link-1,true
outward,1268,21.863,-214.04638671875,link-1,true
outward,1269,14.55,-214.541091918945,link-1,true
outward,1270,26.206,-215.037185668945,link-1,true
outward,1271,14.739,-215.532836914062,link-1,true
outward,1272,19.971,-216.028015136719,link-1,true
outward,1273,19.368,-217.016983032227,link-1,true
outward,1274,21.401,-217.512649536133,link-1,true
outward,1275,14.872,-218.007858276367,link-1,true
outward,1276,26.012,-218.502593994141,link-1,true
outward,1277,14.839,-218.998748779297,link-1,true
outward,1278,20.074,-219.494430541992,link-1,true
outward,1279,19.648,-219.989654541016,link-1,true
outward,1280,22.095,-220.978713989258,link-1,true
outward,1281,20.659,-221.474426269531,link-1,true
outward,1282,22.079,-221.969680786133,link-1,true
outward,1283,14.409,-222.464477539062,link-1,true
outward,1284,18.774,-222.960662841797,link-1,true
outward,1285,18.992,-223.456390380859,link-1,true
outward,1286,22.139,-224.446441650391,link-1,true
outward,1287,18.79,-224.942657470703,link-1,true
outward,1288,19.907,-225.438400268555,link-1,true
outward,1289,19.113,-225.933685302734,link-1,true
outward,1290,21.522,-226.428512573242,link-1,true
outward,1291,19.752,-227.422378540039,link-1,true
outward,1292,19.263,-227.919540405273,link-1,true
outward,1293,18.982,-228.416244506836,link-1,true
outward,1294,21.608,-228.912490844727,link-1,true
outward,1295,18.897,-229.408264160156,link-1,true
outward,1296,22.735,-230.3984375,link-1,true
outward,1297,20.007,-230.89469909668,link-1,true
outward,1298,20.19,-231.390502929688,link-1,true
outward,1299,19.295,-231.885848999023,link-1,true
outward,1300,15.13,-232.380737304688,link-1,true
outward,1301,19.505,-233.374694824219,link-1,true
outward,1302,19.114,-233.871917724609,link-1,true
outward,1303,20.279,-234.368682861328,link-1,true
outward,1304,18.82,-234.864990234375,link-1,true
outward,1305,21.544,-235.360824584961,link-1,true
outward,1306,19.457,-236.351119995117,link-1,true
outward,1307,15.604,-236.847427368164,link-1,true
outward,1308,19.066,-237.343276977539,link-1,true
outward,1309,19.103,-237.838668823242,link-1,true
outward,1310,15.33,-238.333587646484,link-1,true
outward,1311,23.991,-239.327667236328,link-1,true
outward,1312,14.516,-239.824935913086,link-1,true
outward,1313,18.595,-240.321731567383,link-1,true
outward,1314,18.275,-240.818069458008,link-1,true
outward,1315,15.318,-241.313949584961,link-1,true
outward,1316,18.769,-241.809356689453,link-1,true
outward,1317,17.519,-242.304306030273,link-1,true
outward,1318,20.291,-242.800674438477,link-1,true
outward,1319,18.072,-243.296569824219,link-1,true
outward,1320,15.47,-243.792007446289,link-1,true
outward,1321,18.557,-244.286972045898,link-1,true
outward,1322,17.939,-244.783340454102,link-1,true
outward,1323,18.816,-245.279251098633,link-1,true
outward,1324,18.024,-245.774688720703,link-1,true
outward,1325,15.497,-246.269668579102,link-1,true
outward,1326,19.059,-246.764190673828,link-1,true
outward,1327,17.636,-247.260116577148,link-1,true
outward,1328,18.738,-247.755584716797,link-1,true
outward,1329,17.889,-248.250595092773,link-1,true
outward,1330,15.306,-248.745132446289,link-1,true
outward,1331,18.91,-249.738418579102,link-1,true
outward,1332,17.605,-250.235305786133,link-1,true
outward,1333,21.845,-250.731704711914,link-1,true
outward,1334,18.652,-251.227645874023,link-1,true
outward,1335,19.667,-251.723129272461,link-1,true
outward,1336,18.857,-252.218139648438,link-1,true
outward,1337,16.135,-252.712692260742,link-1,true
outward,1338,17.75,-253.208648681641,link-1,true
outward,1339,22.024,-253.704147338867,link-1,true
outward,1340,18.239,-254.199188232422,link-1,true
outward,1341,17.937,-254.693756103516,link-1,true
outward,1342,15.469,-255.189727783203,link-1,true
outward,1343,19.092,-256.180267333984,link-1,true
outward,1344,17.011,-256.674835205078,link-1,true
outward,1345,18.474,-257.170806884766,link-1,true
outward,1346,18.115,-257.666320800781,link-1,true
outward,1347,15.37,-258.161346435547,link-1,true
outward,1348,19.066,-258.655914306641,link-1,true
outward,1349,17.231,-259.151916503906,link-1,true
outward,1350,14.703,-259.647430419922,link-1,true
outward,1351,20.996,-260.142486572266,link-1,true
outward,1352,18.154,-260.637084960938,link-1,true
outward,1353,15.35,-261.133056640625,link-1,true
outward,1354,18.739,-261.628570556641,link-1,true
outward,1355,18.563,-262.618225097656,link-1,true
outward,1356,20.254,-263.114227294922,link-1,true
outward,1357,17.84,-263.609741210938,link-1,true
outward,1358,15.326,-264.104797363281,link-1,true
outward,1359,18.776,-264.599395751953,link-1,true
outward,1360,18.056,-265.095367431641,link-1,true
outward,1361,20.336,-265.590881347656,link-1,true
outward,1362,18.298,-266.0859375,link-1,true
outward,1363,21.827,-266.580505371094,link-1,true
outward,1364,19.341,-267.076507568359,link-1,true
outward,1365,15.105,-267.572021484375,link-1,true
outward,1366,24.277,-268.561645507812,link-1,true
outward,1367,14.508,-269.0576171875,link-1,true
outward,1368,18.921,-269.553131103516,link-1,true
outward,1369,19.805,-270.048156738281,link-1,true
outward,1370,15.1,-270.542724609375,link-1,true
outward,1371,24.254,-271.038696289062,link-1,true
outward,1372,14.843,-271.5341796875,link-1,true
outward,1373,24.523,-272.523773193359,link-1,true
outward,1374,14.583,-273.019744873047,link-1,true
outward,1375,19.709,-273.515228271484,link-1,true
outward,1376,18.997,-274.01025390625,link-1,true
outward,1377,21.52,-274.504791259766,link-1,true
outward,1378,18.095,-275.000732421875,link-1,true
outward,1379,22.241,-275.991180419922,link-1,true
outward,1380,20.304,-276.485687255859,link-1,true
outward,1381,15.33,-276.981628417969,link-1,true
outward,1382,19.717,-277.477081298828,link-1,true
outward,1383,19.611,-277.972045898438,link-1,true
outward,1384,15.891,-278.466552734375,link-1,true
outward,1385,19.749,-279.459716796875,link-1,true
outward,1386,18.702,-279.956512451172,link-1,true
outward,1387,21.457,-280.452850341797,link-1,true
outward,1388,20.154,-280.94873046875,link-1,true
outward,1389,14.881,-281.444122314453,link-1,true
outward,1390,19.63,-281.939025878906,link-1,true
outward,1391,19.372,-282.927398681641,link-1,true
outward,1392,14.925,-283.422760009766,link-1,true
outward,1393,19.919,-283.917633056641,link-1,true
outward,1394,17.532,-284.412048339844,link-1,true
outward,1395,21.689,-284.907836914062,link-1,true
outward,1396,14.525,-285.403167724609,link-1,true
outward,1397,19.613,-285.898010253906,link-1,true
outward,1398,19.364,-286.886291503906,link-1,true
outward,1399,19.752,-287.381561279297,link-1,true
outward,1400,19.092,-287.876373291016,link-1,true
outward,1401,15.05,-288.370727539062,link-1,true
outward,1402,24.331,-288.866455078125,link-1,true
outward,1403,14.749,-289.361694335938,link-1,true
outward,1404,24.213,-289.8564453125,link-1,true
outward,1405,14.424,-290.844543457031,link-1,true
outward,1406,19.241,-291.339752197266,link-1,true
outward,1407,17.955,-291.83447265625,link-1,true
outward,1408,20.041,-292.328704833984,link-1,true
outward,1409,19.043,-292.824340820312,link-1,true
outward,1410,15.184,-293.319488525391,link-1,true
outward,1411,19.098,-293.814147949219,link-1,true
outward,1412,18.994,-294.308349609375,link-1,true
outward,1413,15.461,-294.802062988281,link-1,true
outward,1414,19.567,-295.297149658203,link-1,true
outward,1415,14.869,-295.791778564453,link-1,true
outward,1416,15.444,-296.285919189453,link-1,true
outward,1417,20.553,-296.779571533203,link-1,true
outward,1418,16.232,-297.274597167969,link-1,true
outward,1419,18.746,-297.769165039062,link-1,true
outward,1420,18.175,-298.263244628906,link-1,true
outward,1421,15.854,-298.7568359375,link-1,true
outward,1422,18.293,-299.251800537109,link-1,true
outward,1423,18.215,-299.746307373047,link-1,true
outward,1424,15.348,-300.240325927734,link-1,true
outward,1425,23.7,-301.226898193359,link-1,true
outward,1426,14.51,-301.721343994141,link-1,true
outward,1427,18.721,-302.215301513672,link-1,true
outward,1428,18.436,-302.708770751953,link-1,true
outward,1429,15.312,-303.20361328125,link-1,true
outward,1430,18.607,-303.697998046875,link-1,true
outward,1431,17.461,-304.191864013672,link-1,true
outward,1432,18.772,-304.685272216797,link-1,true
outward,1433,18.001,-305.180053710938,link-1,true
outward,1434,15.427,-305.674377441406,link-1,true
outward,1435,18.939,-306.168212890625,link-1,true
outward,1436,17.833,-306.661560058594,link-1,true
outward,1437,18.743,-307.156280517578,link-1,true
outward,1438,17.823,-307.650512695312,link-1,true
outward,1439,15.563,-308.144256591797,link-1,true
outward,1440,18.411,-308.637512207031,link-1,true
outward,1441,18.369,-309.628143310547,link-1,true
outward,1442,15.118,-310.123657226562,link-1,true
outward,1443,19.612,-310.618682861328,link-1,true
outward,1444,14.69,-311.113220214844,link-1,true
outward,1445,21.765,-311.607299804688,link-1,true
outward,1446,19.55,-312.100891113281,link-1,true
outward,1447,14.67,-312.593994140625,link-1,true
outward,1448,23.876,-313.088470458984,link-1,true
outward,1449,14.762,-313.582458496094,link-1,true
outward,1450,18.502,-314.075927734375,link-1,true
outward,1451,17.967,-314.568908691406,link-1,true
outward,1452,15.124,-315.063293457031,link-1,true
outward,1453,18.586,-315.557189941406,link-1,true
outward,1454,17.479,-316.050598144531,link-1,true
outward,1455,20.762,-317.035949707031,link-1,true
outward,1456,17.501,-317.52978515625,link-1,true
outward,1457,15.292,-318.023132324219,link-1,true
outward,1458,18.901,-318.515991210938,link-1,true
outward,1459,17.585,-319.010223388672,link-1,true
outward,1460,18.604,-319.503936767578,link-1,true
outward,1461,18.099,-319.997161865234,link-1,true
outward,1462,15.273,-320.489898681641,link-1,true
outward,1463,18.459,-320.984039306641,link-1,true
outward,1464,17.847,-321.477661132812,link-1,true
outward,1465,15.229,-321.970825195312,link-1,true
outward,1466,23.334,-322.463500976562,link-1,true
outward,1467,14.958,-322.957550048828,link-1,true
outward,1468,18.063,-323.451080322266,link-1,true
outward,1469,17.794,-323.944122314453,link-1,true
outward,1470,15.407,-324.436676025391,link-1,true
outward,1471,18.478,-325.425933837891,link-1,true
outward,1472,21.056,-325.920776367188,link-1,true
outward,1473,19.664,-326.415130615234,link-1,true
outward,1474,18.949,-326.908966064453,link-1,true
outward,1475,21.967,-327.402313232422,link-1,true
outward,1476,19.13,-327.895172119141,link-1,true
outward,1477,21.732,-328.387542724609,link-1,true
outward,1478,20.683,-329.376434326172,link-1,true
outward,1479,21.439,-329.87109375,link-1,true
outward,1480,18.635,-330.365234375,link-1,true
outward,1481,21.645,-330.85888671875,link-1,true
outward,1482,14.747,-331.35205078125,link-1,true
outward,1483,26.283,-332.3369140625,link-1,true
outward,1484,14.344,-332.830505371094,link-1,true
outward,1485,20.115,-333.323608398438,link-1,true
outward,1486,19.142,-333.816223144531,link-1,true
outward,1487,21.238,-334.308349609375,link-1,true
outward,1488,19.409,-334.801818847656,link-1,true
outward,1489,19.129,-335.787353515625,link-1,true
outward,1490,21.246,-336.279388427734,link-1,true
outward,1491,19.302,-336.772796630859,link-1,true
outward,1492,21.499,-337.265716552734,link-1,true
outward,1493,14.72,-337.758148193359,link-1,true
outward,1494,20.105,-338.741546630859,link-1,true
outward,1495,18.684,-339.234405517578,link-1,true
outward,1496,23.203,-339.726776123047,link-1,true
outward,1497,17.922,-340.218658447266,link-1,true
outward,1498,19.887,-340.711883544922,link-1,true
outward,1499,18.799,-341.204620361328,link-1,true
outward,1500,20.468,-342.188690185547,link-1,true
outward,1501,18.178,-342.681854248047,link-1,true
outward,1502,21.973,-343.174530029297,link-1,true
outward,1503,18.964,-343.666717529297,link-1,true
outward,1504,21.77,-344.158447265625,link-1,true
outward,1505,20.97,-345.146026611328,link-1,true
outward,1506,21.135,-345.640014648438,link-1,true
outward,1507,18.855,-346.133514404297,link-1,true
outward,1508,21.78,-346.626556396484,link-1,true
outward,1509,14.542,-347.119110107422,link-1,true
outward,1510,26.85,-348.102752685547,link-1,true
outward,1511,14.666,-348.593841552734,link-1,true
outward,1512,20.056,-349.086334228516,link-1,true
outward,1513,18.889,-349.578338623047,link-1,true
outward,1514,21.753,-350.069854736328,link-1,true
outward,1515,15.306,-351.051452636719,link-1,true
outward,1516,25.345,-351.543395996094,link-1,true
outward,1517,14.745,-352.034851074219,link-1,true
outward,1518,20.058,-352.525848388672,link-1,true
outward,1519,18.944,-353.018218994141,link-1,true
outward,1520,22.682,-354.001495361328,link-1,true
outward,1521,14.142,-354.492431640625,link-1,true
outward,1522,24.153,-354.984741210938,link-1,true
outward,1523,14.636,-355.4765625,link-1,true
outward,1524,19.64,-355.967926025391,link-1,true
outward,1525,18.861,-356.458801269531,link-1,true
outward,1526,15.933,-357.444702148438,link-1,true
outward,1527,17.621,-357.937866210938,link-1,true
outward,1528,21.334,-358.430541992188,link-1,true
outward,1529,18.288,-358.922790527344,link-1,true
outward,1530,17.625,-359.41455078125,link-1,true
outward,1531,18.498,-359.905822753906,link-1,true
outward,1532,18.308,-360.886962890625,link-1,true
outward,1533,14.27,-360.886962890625,link-1,true
outward,1534,20.49,-361.378692626953,link-1,true
outward,1535,18.978,-361.869964599609,link-1,true
outward,1536,12.203,-362.360748291016,link-1,true
outward,1537,23.237,-362.852935791016,link-1,true
outward,1538,14.771,-363.344635009766,link-1,true
outward,1539,18.407,-363.835876464844,link-1,true
outward,1540,17.943,-364.326629638672,link-1,true
outward,1541,15.18,-364.818756103516,link-1,true
outward,1542,18.369,-365.310424804688,link-1,true
outward,1543,17.61,-365.801635742188,link-1,true
outward,1544,20.272,-366.292388916016,link-1,true
outward,1545,14.61,-366.784515380859,link-1,true
outward,1546,18.478,-367.276184082031,link-1,true
outward,1547,18.326,-367.767395019531,link-1,true
outward,1548,14.913,-368.258148193359,link-1,true
outward,1549,18.411,-368.750274658203,link-1,true
outward,1550,19.127,-369.241943359375,link-1,true
outward,1551,15.209,-369.733154296875,link-1,true
outward,1552,20.17,-370.714172363281,link-1,true
outward,1553,18.084,-371.205841064453,link-1,true
outward,1554,15.36,-371.697052001953,link-1,true
outward,1555,24.194,-372.187805175781,link-1,true
outward,1556,14.618,-372.679931640625,link-1,true
outward,1557,18.547,-373.171630859375,link-1,true
outward,1558,18.053,-373.662841796875,link-1,true
outward,1559,14.957,-374.153594970703,link-1,true
outward,1560,21.793,-374.645751953125,link-1,true
outward,1561,14.638,-375.137451171875,link-1,true
outward,1562,18.349,-375.628692626953,link-1,true
outward,1563,19.719,-376.119476318359,link-1,true
outward,1564,15.962,-377.105255126953,link-1,true
outward,1565,17.952,-377.598358154297,link-1,true
outward,1566,23.126,-378.091033935547,link-1,true
outward,1567,14.983,-378.583221435547,link-1,true
outward,1568,18.705,-379.074981689453,link-1,true
outward,1569,14.401,-379.566253662109,link-1,true
outward,1570,23.098,-380.057098388672,link-1,true
outward,1571,14.577,-380.549346923828,link-1,true
outward,1572,19.673,-381.041137695312,link-1,true
outward,1573,17.787,-381.532470703125,link-1,true
outward,1574,15.102,-382.023376464844,link-1,true
outward,1575,18.238,-382.515686035156,link-1,true
outward,1576,17.74,-383.498901367188,link-1,true
outward,1577,14.78,-383.989837646484,link-1,true
outward,1578,19.788,-384.482177734375,link-1,true
outward,1579,19.2,-384.974090576172,link-1,true
outward,1580,21.416,-385.465545654297,link-1,true
outward,1581,18.897,-385.95654296875,link-1,true
outward,1582,15.014,-386.448913574219,link-1,true
outward,1583,19.539,-386.940856933594,link-1,true
outward,1584,18.789,-387.432373046875,link-1,true
outward,1585,17.816,-387.923431396484,link-1,true
outward,1586,22.186,-388.909759521484,link-1,true
outward,1587,18.386,-389.403167724609,link-1,true
outward,1588,15.463,-389.896118164062,link-1,true
outward,1589,21.579,-390.388641357422,link-1,true
outward,1590,14.539,-390.880737304688,link-1,true
outward,1591,15.407,-391.372375488281,link-1,true
outward,1592,19.199,-391.863586425781,link-1,true
outward,1593,22.855,-392.354339599609,link-1,true
outward,1594,14.704,-392.846527099609,link-1,true
outward,1595,22.137,-393.338256835938,link-1,true
outward,1596,14.894,-394.320373535156,link-1,true
outward,1597,14.668,-394.812622070312,link-1,true
outward,1598,19.681,-395.304443359375,link-1,true
outward,1599,18.749,-395.795837402344,link-1,true
outward,1600,20.268,-396.286773681641,link-1,true
outward,1601,19.785,-396.779144287109,link-1,true
outward,1602,15.137,-397.271057128906,link-1,true
outward,1603,19.711,-397.762542724609,link-1,true
outward,1604,18.8,-398.253570556641,link-1,true
outward,1605,20.019,-398.746032714844,link-1,true
outward,1606,21.757,-399.729614257812,link-1,true
outward,1607,15.215,-400.220764160156,link-1,true
outward,1608,19.303,-400.713317871094,link-1,true
outward,1609,19.156,-401.205413818359,link-1,true
outward,1610,21.92,-401.697113037109,link-1,true
outward,1611,17.31,-402.188385009766,link-1,true
outward,1612,22.13,-403.175170898438,link-1,true
outward,1613,18.619,-403.668823242188,link-1,true
outward,1614,19.266,-404.162048339844,link-1,true
outward,1615,19.301,-404.654815673828,link-1,true
outward,1616,15.296,-405.147155761719,link-1,true
outward,1617,19.338,-405.639068603516,link-1,true
outward,1618,19.098,-406.62158203125,link-1,true
outward,1619,14.567,-407.114074707031,link-1,true
outward,1620,14.297,-407.606109619141,link-1,true
outward,1621,20.512,-408.097717285156,link-1,true
outward,1622,19.015,-408.590759277344,link-1,true
outward,1623,14.887,-409.083343505859,link-1,true
outward,1624,19.46,-409.575500488281,link-1,true
outward,1625,19.309,-410.558532714844,link-1,true
outward,1626,21.343,-411.05126953125,link-1,true
outward,1627,18.875,-411.543579101562,link-1,true
outward,1628,15.218,-412.035461425781,link-1,true
outward,1629,19.407,-412.528747558594,link-1,true
outward,1630,18.688,-413.021606445312,link-1,true
outward,1631,18.564,-413.514068603516,link-1,true
outward,1632,17.809,-414.006072998047,link-1,true
outward,1633,15.273,-414.49951171875,link-1,true
outward,1634,18.468,-414.992523193359,link-1,true
outward,1635,18.035,-415.485107421875,link-1,true
outward,1636,14.91,-415.977264404297,link-1,true
outward,1637,21.866,-416.9658203125,link-1,true
outward,1638,14.234,-417.460388183594,link-1,true
outward,1639,18.618,-417.954528808594,link-1,true
outward,1640,17.787,-418.4482421875,link-1,true
outward,1641,15.311,-418.941528320312,link-1,true
outward,1642,18.549,-419.434387207031,link-1,true
outward,1643,17.613,-419.926818847656,link-1,true
outward,1644,20.387,-420.420684814453,link-1,true
outward,1645,17.682,-420.914123535156,link-1,true
outward,1646,15.19,-421.407104492188,link-1,true
outward,1647,18.559,-421.899688720703,link-1,true
outward,1648,17.964,-422.393707275391,link-1,true
outward,1649,18.9,-422.887298583984,link-1,true
outward,1650,17.769,-423.380432128906,link-1,true
outward,1651,14.798,-423.873138427734,link-1,true
outward,1652,23.958,-424.367309570312,link-1,true
outward,1653,17.612,-424.861053466797,link-1,true
outward,1654,18.934,-425.354339599609,link-1,true
outward,1655,17.741,-425.847198486328,link-1,true
outward,1656,15.246,-426.341491699219,link-1,true
outward,1657,18.756,-426.835357666016,link-1,true
outward,1658,21.644,-427.821807861328,link-1,true
outward,1659,20.561,-428.316253662109,link-1,true
outward,1660,15.487,-428.810241699219,link-1,true
outward,1661,21.436,-429.303833007812,link-1,true
outward,1662,18.979,-429.796997070312,link-1,true
outward,1663,15.295,-430.291595458984,link-1,true
outward,1664,18.427,-430.785766601562,link-1,true
outward,1665,18.6,-431.279479980469,link-1,true
outward,1666,14.583,-431.772766113281,link-1,true
outward,1667,21.177,-432.267486572266,link-1,true
outward,1668,14.842,-432.761779785156,link-1,true
outward,1669,19.819,-433.255645751953,link-1,true
outward,1670,18.31,-434.242095947266,link-1,true
outward,1671,14.652,-434.736541748047,link-1,true
outward,1672,18.395,-435.230560302734,link-1,true
outward,1673,18.18,-435.724151611328,link-1,true
outward,1674,14.542,-436.219177246094,link-1,true
outward,1675,23.014,-436.713775634766,link-1,true
outward,1676,14.719,-437.207916259766,link-1,true
outward,1677,18.39,-437.701629638672,link-1,true
outward,1678,17.815,-438.19677734375,link-1,true
outward,1679,15.071,-438.691497802734,link-1,true
outward,1680,18.398,-439.185791015625,link-1,true
outward,1681,17.591,-439.679656982422,link-1,true
outward,1682,20.724,-440.671630859375,link-1,true
outward,1683,17.558,-441.167907714844,link-1,true
outward,1684,15.122,-441.663757324219,link-1,true
outward,1685,18.52,-442.159149169922,link-1,true
outward,1686,17.877,-442.654113769531,link-1,true
outward,1687,21.694,-443.148651123047,link-1,true
outward,1688,18.95,-443.642761230469,link-1,true
outward,1689,21.777,-444.138305664062,link-1,true
outward,1690,18.935,-444.633392333984,link-1,true
outward,1691,21.471,-445.128051757812,link-1,true
outward,1692,18.698,-445.622283935547,link-1,true
outward,1693,22.017,-446.609405517578,link-1,true
outward,1694,18.458,-447.104187011719,link-1,true
outward,1695,21.355,-447.598541259766,link-1,true
outward,1696,14.482,-448.092437744141,link-1,true
outward,1697,20.076,-448.587768554688,link-1,true
outward,1698,19.222,-449.082672119141,link-1,true
outward,1699,15.157,-449.577117919922,link-1,true
outward,1700,22.011,-450.564727783203,link-1,true
outward,1701,14.362,-451.059722900391,link-1,true
outward,1702,21.473,-451.554290771484,link-1,true
outward,1703,18.825,-452.048400878906,link-1,true
outward,1704,21.257,-452.5439453125,link-1,true
outward,1705,21.082,-453.039031982422,link-1,true
outward,1706,22.083,-454.027893066406,link-1,true
outward,1707,19.115,-454.523529052734,link-1,true
outward,1708,15.152,-455.018707275391,link-1,true
outward,1709,26.012,-455.513458251953,link-1,true
outward,1710,17.078,-456.007751464844,link-1,true
outward,1711,18.33,-456.503479003906,link-1,true
outward,1712,22.862,-457.493591308594,link-1,true
outward,1713,18.635,-457.987976074219,link-1,true
outward,1714,20.834,-458.483795166016,link-1,true
outward,1715,20.018,-458.979156494141,link-1,true
outward,1716,19.467,-459.968505859375,link-1,true
outward,1717,21.341,-460.464385986328,link-1,true
outward,1718,18.814,-460.959808349609,link-1,true
outward,1719,21.332,-461.454772949219,link-1,true
outward,1720,19.587,-461.949279785156,link-1,true
outward,1721,25.25,-462.942565917969,link-1,true
outward,1722,14.681,-463.439453125,link-1,true
outward,1723,23.068,-463.935882568359,link-1,true
outward,1724,12.699,-464.431854248047,link-1,true
outward,1725,24.236,-465.422454833984,link-1,true
outward,1726,13.792,-465.917053222656,link-1,true
outward,1727,21.486,-466.4130859375,link-1,true
outward,1728,18.989,-466.908660888672,link-1,true
outward,1729,21.814,-467.403778076172,link-1,true
outward,1730,19.39,-468.392639160156,link-1,true
outward,1731,18.308,-468.888244628906,link-1,true
outward,1732,21.612,-469.383392333984,link-1,true
outward,1733,19.225,-469.878051757812,link-1,true
outward,1734,15.143,-470.374145507812,link-1,true
outward,1735,19.617,-471.364898681641,link-1,true
outward,1736,18.547,-471.859588623047,link-1,true
outward,1737,15.076,-472.355682373047,link-1,true
outward,1738,23.405,-472.851318359375,link-1,true
outward,1739,14.534,-473.346496582031,link-1,true
outward,1740,21.302,-473.841186523438,link-1,true
outward,1741,19.402,-474.834777832031,link-1,true
outward,1742,14.14,-474.834777832031,link-1,true
outward,1743,19.02,-475.331787109375,link-1,true
outward,1744,17.82,-475.828338623047,link-1,true
outward,1745,20.052,-476.324432373047,link-1,true
outward,1746,17.767,-476.820037841797,link-1,true
outward,1747,15.599,-477.315185546875,link-1,true
outward,1748,17.971,-477.809844970703,link-1,true
outward,1749,17.971,-478.305908203125,link-1,true
outward,1750,18.434,-478.801483154297,link-1,true
outward,1751,17.757,-479.296600341797,link-1,true
outward,1752,15.127,-479.791229248047,link-1,true
outward,1753,19.622,-480.287261962891,link-1,true
outward,1754,16.747,-480.782806396484,link-1,true
outward,1755,18.579,-481.277862548828,link-1,true
outward,1756,18.018,-481.7724609375,link-1,true
outward,1757,14.943,-482.268432617188,link-1,true
outward,1758,18.678,-482.763916015625,link-1,true
outward,1759,18.264,-483.753479003906,link-1,true
outward,1760,14.942,-484.249389648438,link-1,true
outward,1761,23.236,-484.744812011719,link-1,true
outward,1762,14.879,-485.239776611328,link-1,true
outward,1763,18.464,-485.734252929688,link-1,true
outward,1764,17.999,-486.230102539062,link-1,true
outward,1765,21.632,-486.725463867188,link-1,true
outward,1766,18.939,-487.220336914062,link-1,true
outward,1767,21.585,-488.208618164062,link-1,true
outward,1768,18.391,-488.703887939453,link-1,true
outward,1769,16.591,-489.198699951172,link-1,true
outward,1770,22.036,-489.692993164062,link-1,true
outward,1771,16.14,-490.188690185547,link-1,true
outward,1772,17.541,-490.683868408203,link-1,true
outward,1773,17.908,-491.178558349609,link-1,true
outward,1774,13.826,-491.672760009766,link-1,true
outward,1775,18.827,-492.665283203125,link-1,true
outward,1776,17.722,-493.161743164062,link-1,true
outward,1777,14.97,-493.657684326172,link-1,true
outward,1778,23.254,-494.153137207031,link-1,true
outward,1779,14.844,-494.648101806641,link-1,true
outward,1780,18.289,-495.142578125,link-1,true
outward,1781,18.011,-495.636535644531,link-1,true
outward,1782,15.193,-496.131866455078,link-1,true
outward,1783,18.202,-496.626708984375,link-1,true
outward,1784,17.812,-497.614868164062,link-1,true
outward,1785,19.929,-498.110076904297,link-1,true
outward,1786,18.02,-498.604766845703,link-1,true
outward,1787,15.427,-499.098968505859,link-1,true
outward,1788,18.471,-499.592651367188,link-1,true
outward,1789,17.527,-500.087707519531,link-1,true
outward,1790,18.679,-500.582244873047,link-1,true
outward,1791,17.915,-501.076293945312,link-1,true
outward,1792,15.089,-501.56982421875,link-1,true
outward,1793,22.005,-502.064727783203,link-1,true
outward,1794,14.819,-502.559112548828,link-1,true
outward,1795,15.259,-503.052978515625,link-1,true
outward,1796,19.309,-503.546356201172,link-1,true
outward,1797,18.961,-504.041076660156,link-1,true
outward,1798,20.389,-504.535278320312,link-1,true
outward,1799,17.947,-505.028991699219,link-1,true
outward,1800,15.36,-505.522186279297,link-1,true
outward,1801,18.759,-506.016723632812,link-1,true
outward,1802,17.727,-506.5107421875,link-1,true
outward,1803,18.721,-507.497283935547,link-1,true
outward,1804,19.199,-507.991638183594,link-1,true
outward,1805,22.037,-508.485473632812,link-1,true
outward,1806,18.731,-508.978790283203,link-1,true
outward,1807,15.372,-509.471588134766,link-1,true
outward,1808,19.553,-509.965728759766,link-1,true
outward,1809,18.922,-510.459350585938,link-1,true
outward,1810,15.203,-510.952484130859,link-1,true
outward,1811,23.181,-511.445068359375,link-1,true
outward,1812,14.384,-511.939025878906,link-1,true
outward,1813,15.328,-512.432434082031,link-1,true
outward,1814,19.537,-512.925354003906,link-1,true
outward,1815,19.351,-513.909606933594,link-1,true
outward,1816,21.286,-514.40283203125,link-1,true
outward,1817,18.385,-514.8955078125,link-1,true
outward,1818,15.057,-515.3876953125,link-1,true
outward,1819,18.4,-515.881225585938,link-1,true
outward,1820,18.222,-516.374206542969,link-1,true
outward,1821,15.308,-516.866638183594,link-1,true
outward,1822,25.54,-517.358581542969,link-1,true
outward,1823,14.676,-517.851867675781,link-1,true
outward,1824,15.566,-518.344604492188,link-1,true
outward,1825,19.461,-518.836853027344,link-1,true
outward,1826,19.026,-519.328552246094,link-1,true
outward,1827,20.757,-520.315979003906,link-1,true
outward,1828,17.719,-520.809814453125,link-1,true
outward,1829,15.361,-521.303100585938,link-1,true
outward,1830,18.433,-521.7958984375,link-1,true
outward,1831,18.141,-522.288146972656,link-1,true
outward,1832,15.32,-522.779846191406,link-1,true
outward,1833,22.935,-523.271057128906,link-1,true
outward,1834,14.564,-523.763610839844,link-1,true
outward,1835,15.289,-524.255615234375,link-1,true
outward,1836,21.903,-524.7470703125,link-1,true
outward,1837,14.331,-525.238037109375,link-1,true
outward,1838,19.826,-525.730285644531,link-1,true
outward,1839,19.173,-526.713256835938,link-1,true
outward,1840,15.153,-527.203918457031,link-1,true
outward,1841,19.327,-527.695922851562,link-1,true
outward,1842,18.926,-528.187377929688,link-1,true
outward,1843,20.309,-528.678344726562,link-1,true
outward,1844,18.099,-529.168762207031,link-1,true
outward,1845,21.658,-529.660522460938,link-1,true
outward,1846,36.266,-530.151733398438,link-1,true
outward,1847,6.572,-531.132568359375,link-1,true
outward,1848,17.365,-531.6240234375,link-1,true
outward,1849,19.605,-532.114990234375,link-1,true
outward,1850,15.357,-532.605407714844,link-1,true
outward,1851,18.402,-533.095275878906,link-1,true
outward,1852,18.056,-533.586486816406,link-1,true
outward,1853,21.7,-534.0771484375,link-1,true
outward,1854,19.766,-535.056884765625,link-1,true
outward,1855,15.322,-535.547790527344,link-1,true
outward,1856,18.994,-536.038208007812,link-1,true
outward,1857,18.944,-536.528076171875,link-1,true
outward,1858,21.55,-537.017395019531,link-1,true
outward,1859,21.071,-537.508056640625,link-1,true
outward,1860,19.687,-538.487731933594,link-1,true
outward,1861,14.643,-538.976806640625,link-1,true
outward,1862,19.57,-539.467163085938,link-1,true
outward,1863,19.235,-539.95703125,link-1,true
outward,1864,15.149,-540.446350097656,link-1,true
outward,1865,18.62,-540.935119628906,link-1,true
outward,1866,18.135,-541.425231933594,link-1,true
outward,1867,20.096,-542.40380859375,link-1,true
outward,1868,15.042,-542.892333984375,link-1,true
outward,1869,18.523,-543.382141113281,link-1,true
outward,1870,18.162,-543.871398925781,link-1,true
outward,1871,20.387,-544.360168457031,link-1,true
outward,1872,18.498,-544.848388671875,link-1,true
outward,1873,15.272,-545.336120605469,link-1,true
outward,1874,18.757,-546.315490722656,link-1,true
outward,1875,19.209,-546.805297851562,link-1,true
outward,1876,18.87,-547.294555664062,link-1,true
outward,1877,15.232,-547.783264160156,link-1,true
outward,1878,23.542,-548.271484375,link-1,true
outward,1879,14.515,-548.759155273438,link-1,true
outward,1880,15.446,-549.246337890625,link-1,true
outward,1881,18.319,-549.734802246094,link-1,true
outward,1882,18.159,-550.222778320312,link-1,true
outward,1883,20.166,-550.710205078125,link-1,true
outward,1884,17.984,-551.197082519531,link-1,true
outward,1885,14.857,-551.685302734375,link-1,true
outward,1886,18.994,-552.172973632812,link-1,true
outward,1887,17.704,-552.66015625,link-1,true
outward,1888,18.286,-553.146789550781,link-1,true
outward,1889,17.438,-553.634765625,link-1,true
outward,1890,15.046,-554.122192382812,link-1,true
outward,1891,18.747,-554.609069824219,link-1,true
outward,1892,17.366,-555.095458984375,link-1,true
outward,1893,14.689,-555.583129882812,link-1,true
outward,1894,21.426,-556.0703125,link-1,true
outward,1895,17.119,-556.556945800781,link-1,true
outward,1896,20.24,-557.528686523438,link-1,true
outward,1897,18.792,-558.015625,link-1,true
outward,1898,21.231,-558.502014160156,link-1,true
outward,1899,18.488,-558.987915039062,link-1,true
outward,1900,21.779,-559.47509765625,link-1,true
outward,1901,14.755,-559.961791992188,link-1,true
outward,1902,26.169,-560.447937011719,link-1,true
outward,1903,14.252,-560.93359375,link-1,true
outward,1904,19.997,-561.420532226562,link-1,true
outward,1905,19.494,-562.392944335938,link-1,true
outward,1906,21.551,-562.878356933594,link-1,true
outward,1907,14.292,-563.365112304688,link-1,true
outward,1908,19.897,-563.851318359375,link-1,true
outward,1909,19.39,-564.337036132812,link-1,true
outward,1910,15.398,-564.822265625,link-1,true
outward,1911,21.996,-565.308776855469,link-1,true
outward,1912,14.351,-565.794799804688,link-1,true
outward,1913,22.347,-566.765258789062,link-1,true
outward,1914,18.41,-567.251586914062,link-1,true
outward,1915,21.855,-567.737365722656,link-1,true
outward,1916,14.801,-568.22265625,link-1,true
outward,1917,24.959,-568.707458496094,link-1,true
outward,1918,14.526,-569.193542480469,link-1,true
outward,1919,19.54,-569.679138183594,link-1,true
outward,1920,20.045,-570.648864746094,link-1,true
outward,1921,21.179,-571.134765625,link-1,true
outward,1922,14.863,-571.620178222656,link-1,true
outward,1923,20.133,-572.105102539062,link-1,true
outward,1924,18.896,-572.589538574219,link-1,true
outward,1925,21.734,-573.075317382812,link-1,true
outward,1926,19.515,-574.045288085938,link-1,true
outward,1927,21.406,-574.529541015625,link-1,true
outward,1928,14.904,-575.015075683594,link-1,true
outward,1929,19.733,-575.500122070312,link-1,true
outward,1930,18.811,-575.984680175781,link-1,true
outward,1931,21.971,-576.46875,link-1,true
outward,1932,19.785,-577.44091796875,link-1,true
outward,1933,19.337,-577.927124023438,link-1,true
outward,1934,18.845,-578.412841796875,link-1,true
outward,1935,19.423,-578.898071289062,link-1,true
outward,1936,19.406,-579.3828125,link-1,true
outward,1937,21.797,-580.350830078125,link-1,true
outward,1938,18.55,-580.8359375,link-1,true
outward,1939,21.55,-581.320556640625,link-1,true
outward,1940,14.541,-581.8046875,link-1,true
outward,1941,25.945,-582.288330078125,link-1,true
outward,1942,14.552,-582.773315429688,link-1,true
outward,1943,20.21,-583.741821289062,link-1,true
outward,1944,18.516,-584.225341796875,link-1,true
outward,1945,21.726,-584.710205078125,link-1,true
outward,1946,14.614,-585.194580078125,link-1,true
outward,1947,19.622,-585.678527832031,link-1,true
outward,1948,19.453,-586.644958496094,link-1,true
outward,1949,14.587,-587.129272460938,link-1,true
outward,1950,24.152,-587.613098144531,link-1,true
outward,1951,14.514,-588.096435546875,link-1,true
outward,1952,19.434,-588.581115722656,link-1,true
outward,1953,18.991,-589.065307617188,link-1,true
outward,1954,15.663,-590.032348632812,link-1,true
outward,1955,19.156,-590.516967773438,link-1,true
outward,1956,17.673,-591.001159667969,link-1,true
outward,1957,20.24,-591.48486328125,link-1,true
outward,1958,17.665,-591.968078613281,link-1,true
outward,1959,15.322,-592.45263671875,link-1,true
outward,1960,18.384,-592.936706542969,link-1,true
outward,1961,17.844,-593.420349121094,link-1,true
outward,1962,18.766,-593.903503417969,link-1,true
outward,1963,17.835,-594.38623046875,link-1,true
outward,1964,15.246,-594.870300292969,link-1,true
outward,1965,18.773,-595.353881835938,link-1,true
outward,1966,17.632,-595.837036132812,link-1,true
outward,1967,18.654,-596.319702148438,link-1,true
outward,1968,18.014,-596.8037109375,link-1,true
outward,1969,15.31,-597.287292480469,link-1,true
outward,1970,18.662,-597.770385742188,link-1,true
outward,1971,18.024,-598.252746582031,link-1,true
outward,1972,15.297,-598.736755371094,link-1,true
outward,1973,21.568,-599.220275878906,link-1,true
outward,1974,14.995,-599.703369140625,link-1,true
outward,1975,18.361,-600.18603515625,link-2,true
outward,1976,19.94,-601.155395507812,link-2,true
outward,1977,15.088,-601.640380859375,link-2,true
outward,1978,18.624,-602.124877929688,link-2,true
outward,1979,17.738,-602.60888671875,link-2,true
outward,1980,20.482,-603.092468261719,link-2,true
outward,1981,17.988,-603.575622558594,link-2,true
outward,1982,15.507,-604.058288574219,link-2,true
outward,1983,24.887,-604.542297363281,link-2,true
outward,1984,14.749,-605.025939941406,link-2,true
outward,1985,19.765,-605.509094238281,link-2,true
outward,1986,19.214,-605.991821289062,link-2,true
outward,1987,15.336,-606.475952148438,link-2,true
outward,1988,19.959,-607.442810058594,link-2,true
outward,1989,17.577,-607.925598144531,link-2,true
outward,1990,20.473,-608.409729003906,link-2,true
outward,1991,18.415,-608.893493652344,link-2,true
outward,1992,14.683,-609.376770019531,link-2,true
outward,1993,18.958,-609.859619140625,link-2,true
outward,1994,17.725,-610.343872070312,link-2,true
outward,1995,15.163,-610.82763671875,link-2,true
outward,1996,21.392,-611.31103515625,link-2,true
outward,1997,14.627,-611.7939453125,link-2,true
outward,1998,18.613,-612.278259277344,link-2,true
outward,1999,17.835,-612.762145996094,link-2,true
outward,2000,15.218,-613.24560546875,link-2,true
outward,2001,24.029,-614.211242675781,link-2,true
outward,2002,14.247,-614.695251464844,link-2,true
outward,2003,18.579,-615.178771972656,link-2,true
outward,2004,17.839,-615.661926269531,link-2,true
outward,2005,15.249,-616.146423339844,link-2,true
outward,2006,18.442,-616.630554199219,link-2,true
outward,2007,17.647,-617.114196777344,link-2,true
outward,2008,20.434,-617.597473144531,link-2,true
outward,2009,17.854,-618.082092285156,link-2,true
outward,2010,15.243,-618.566345214844,link-2,true
outward,2011,18.351,-619.050109863281,link-2,true
outward,2012,17.774,-619.533508300781,link-2,true
outward,2013,20.745,-620.504455566406,link-2,true
outward,2014,17.313,-620.990234375,link-2,true
outward,2015,21.514,-621.4755859375,link-2,true
outward,2016,18.924,-621.960571289062,link-2,true
outward,2017,15.236,-622.445068359375,link-2,true
outward,2018,19.456,-622.92919921875,link-2,true
outward,2019,19.43,-623.412841796875,link-2,true
outward,2020,18.902,-623.89794921875,link-2,true
outward,2021,14.894,-624.382629394531,link-2,true
outward,2022,25.426,-624.866882324219,link-2,true
outward,2023,14.694,-625.350769042969,link-2,true
outward,2024,19.819,-625.835998535156,link-2,true
outward,2025,19.262,-626.805358886719,link-2,true
outward,2026,14.958,-627.289367675781,link-2,true
outward,2027,25.49,-627.774841308594,link-2,true
outward,2028,14.642,-628.259826660156,link-2,true
outward,2029,18.39,-628.744445800781,link-2,true
outward,2030,19.489,-629.228698730469,link-2,true
outward,2031,15.093,-629.71435546875,link-2,true
outward,2032,19.48,-630.199584960938,link-2,true
outward,2033,18.603,-630.684448242188,link-2,true
outward,2034,22.008,-631.65283203125,link-2,true
outward,2035,18.607,-632.138305664062,link-2,true
outward,2036,15.695,-632.623413085938,link-2,true
outward,2037,19.193,-633.108032226562,link-2,true
outward,2038,18.696,-633.594116210938,link-2,true
outward,2039,21.882,-634.079833984375,link-2,true
outward,2040,18.788,-634.565063476562,link-2,true
outward,2041,22.084,-635.534423828125,link-2,true
outward,2042,18.583,-636.020324707031,link-2,true
outward,2043,21.893,-636.505798339844,link-2,true
outward,2044,18.642,-636.990905761719,link-2,true
outward,2045,15.197,-637.477478027344,link-2,true
outward,2046,20.463,-637.963623046875,link-2,true
outward,2047,18.259,-638.934692382812,link-2,true
outward,2048,19.938,-639.419677734375,link-2,true
outward,2049,21.041,-639.906066894531,link-2,true
outward,2050,15.356,-640.392028808594,link-2,true
outward,2051,19.5,-640.877624511719,link-2,true
outward,2052,18.842,-641.362854003906,link-2,true
outward,2053,15.666,-642.337585449219,link-2,true
outward,2054,24.066,-642.825256347656,link-2,true
outward,2055,14.404,-643.312561035156,link-2,true
outward,2056,19.989,-643.799438476562,link-2,true
outward,2057,18.912,-644.285888671875,link-2,true
outward,2058,15.263,-644.77197265625,link-2,true
outward,2059,25.924,-645.743041992188,link-2,true
outward,2060,14.316,-646.229858398438,link-2,true
outward,2061,19.851,-646.716186523438,link-2,true
outward,2062,18.866,-647.2021484375,link-2,true
outward,2063,15.178,-647.689575195312,link-2,true
outward,2064,19.482,-648.176635742188,link-2,true
outward,2065,18.847,-648.663330078125,link-2,true
outward,2066,20.608,-649.635437011719,link-2,true
outward,2067,17.512,-650.122741699219,link-2,true
outward,2068,15.219,-650.609680175781,link-2,true
outward,2069,18.378,-651.096252441406,link-2,true
outward,2070,17.735,-651.584228515625,link-2,true
outward,2071,20.162,-652.071838378906,link-2,true
outward,2072,17.854,-652.559020996094,link-2,true
outward,2073,15.134,-653.045837402344,link-2,true
outward,2074,18.296,-653.534118652344,link-2,true
outward,2075,17.893,-654.022033691406,link-2,true
outward,2076,19.017,-654.996643066406,link-2,true
outward,2077,17.344,-655.485229492188,link-2,true
outward,2078,15.06,-655.973388671875,link-2,true
outward,2079,18.904,-656.461181640625,link-2,true
outward,2080,17.572,-656.948608398438,link-2,true
outward,2081,15.157,-657.4375,link-2,true
outward,2082,18.382,-657.925964355469,link-2,true
outward,2083,18.193,-658.4140625,link-2,true
outward,2084,14.703,-658.901794433594,link-2,true
outward,2085,18.541,-659.390991210938,link-2,true
outward,2086,17.624,-659.879760742188,link-2,true
outward,2087,15.299,-660.368103027344,link-2,true
outward,2088,18.822,-660.856079101562,link-2,true
outward,2089,17.715,-661.345520019531,link-2,true
outward,2090,15.217,-661.834594726562,link-2,true
outward,2091,18.64,-662.323303222656,link-2,true
outward,2092,17.802,-662.811645507812,link-2,true
outward,2093,15.606,-663.301452636719,link-2,true
outward,2094,21.026,-663.790832519531,link-2,true
outward,2095,14.403,-664.279846191406,link-2,true
outward,2096,15.159,-664.768432617188,link-2,true
outward,2097,19.592,-665.258483886719,link-2,true
outward,2098,18.978,-665.748168945312,link-2,true
outward,2099,15.53,-666.237487792969,link-2,true
outward,2100,20.421,-666.726379394531,link-2,true
outward,2101,14.89,-667.216735839844,link-2,true
outward,2102,14.584,-667.706726074219,link-2,true
outward,2103,18.457,-668.1962890625,link-2,true
outward,2104,17.709,-668.685485839844,link-2,true
outward,2105,15.444,-669.176147460938,link-2,true
outward,2106,17.686,-669.666442871094,link-2,true
outward,2107,21.808,-670.156311035156,link-2,true
outward,2108,14.886,-670.645812988281,link-2,true
outward,2109,18.765,-671.136779785156,link-2,true
outward,2110,17.338,-671.627319335938,link-2,true
outward,2111,15.224,-672.117492675781,link-2,true
outward,2112,18.571,-672.607299804688,link-2,true
outward,2113,17.988,-673.098510742188,link-2,true
outward,2114,22.227,-674.079833984375,link-2,true
outward,2115,18.502,-674.569885253906,link-2,true
outward,2116,21.749,-675.061401367188,link-2,true
outward,2117,18.745,-675.552551269531,link-2,true
outward,2118,20.155,-676.043334960938,link-2,true
outward,2119,19.579,-676.53369140625,link-2,true
outward,2120,14.982,-677.025512695312,link-2,true
outward,2121,26.482,-678.007934570312,link-2,true
outward,2122,14.039,-678.498596191406,link-2,true
outward,2123,26.598,-678.99072265625,link-2,true
outward,2124,14.556,-679.482482910156,link-2,true
outward,2125,21.543,-679.973815917969,link-2,true
outward,2126,18.997,-680.464721679688,link-2,true
outward,2127,21.715,-681.450927734375,link-2,true
outward,2128,19.191,-681.9443359375,link-2,true
outward,2129,20.598,-682.437438964844,link-2,true
outward,2130,19.926,-682.930053710938,link-2,true
outward,2131,18.699,-683.422302246094,link-2,true
outward,2132,15.205,-683.914184570312,link-2,true
outward,2133,19.277,-684.896667480469,link-2,true
outward,2134,19.025,-685.38916015625,link-2,true
outward,2135,15.038,-685.881225585938,link-2,true
outward,2136,23.755,-686.372924804688,link-2,true
outward,2137,14.674,-686.866149902344,link-2,true
outward,2138,21.468,-687.35888671875,link-2,true
outward,2139,19.865,-688.343200683594,link-2,true
outward,2140,21.477,-688.836669921875,link-2,true
outward,2141,18.803,-689.329650878906,link-2,true
outward,2142,19.982,-689.822265625,link-2,true
outward,2143,18.624,-690.314514160156,link-2,true
outward,2144,21.931,-690.808227539062,link-2,true
outward,2145,19.158,-691.794311523438,link-2,true
outward,2146,14.904,-692.286804199219,link-2,true
outward,2147,25.436,-692.780700683594,link-2,true
outward,2148,14.602,-693.274169921875,link-2,true
outward,2149,21.678,-693.767272949219,link-2,true
outward,2150,18.938,-694.260009765625,link-2,true
outward,2151,23.157,-695.249694824219,link-2,true
outward,2152,17.583,-695.744873046875,link-2,true
outward,2153,20.068,-696.239624023438,link-2,true
outward,2154,18.823,-696.733947753906,link-2,true
outward,2155,21.755,-697.227905273438,link-2,true
outward,2156,18.912,-697.721374511719,link-2,true
outward,2157,21.612,-698.707214355469,link-2,true
outward,2158,14.476,-699.201354980469,link-2,true
outward,2159,26.587,-699.695068359375,link-2,true
outward,2160,14.38,-700.188415527344,link-2,true
outward,2161,20.481,-700.683166503906,link-2,true
outward,2162,13.836,-701.177490234375,link-2,true
outward,2163,14.705,-702.164916992188,link-2,true
outward,2164,20.337,-702.659851074219,link-2,true
outward,2165,14.606,-703.154418945312,link-2,true
outward,2166,19.927,-703.648498535156,link-2,true
outward,2167,18.733,-704.142211914062,link-2,true
outward,2168,20.046,-704.637329101562,link-2,true
outward,2169,14.84,-705.132019042969,link-2,true
outward,2170,19.84,-706.1201171875,link-2,true
outward,2171,18.393,-706.615417480469,link-2,true
outward,2172,15.182,-707.110290527344,link-2,true
outward,2173,24.555,-707.604736328125,link-2,true
outward,2174,14.433,-708.098693847656,link-2,true
outward,2175,18.652,-708.594116210938,link-2,true
outward,2176,17.627,-709.089172363281,link-2,true
outward,2177,15.13,-709.583740234375,link-2,true
outward,2178,18.385,-710.077941894531,link-2,true
outward,2179,17.54,-710.573547363281,link-2,true
outward,2180,20.933,-711.563415527344,link-2,true
outward,2181,17.01,-712.057739257812,link-2,true
outward,2182,15.167,-712.553466796875,link-2,true
outward,2183,18.426,-713.048767089844,link-2,true
outward,2184,17.868,-713.543640136719,link-2,true
outward,2185,18.303,-714.0380859375,link-2,true
outward,2186,17.94,-714.533935546875,link-2,true
outward,2187,15.036,-715.029357910156,link-2,true
outward,2188,18.743,-715.524291992188,link-2,true
outward,2189,17.53,-716.018859863281,link-2,true
outward,2190,18.548,-716.514770507812,link-2,true
outward,2191,17.834,-717.010314941406,link-2,true
outward,2192,15.366,-717.50537109375,link-2,true
outward,2193,18.244,-718.0,link-2,true
outward,2194,17.764,-718.496032714844,link-2,true
outward,2195,15.516,-718.991638183594,link-2,true
outward,2196,23.301,-719.48681640625,link-2,true
outward,2197,14.214,-719.981506347656,link-2,true
outward,2198,18.654,-720.477661132812,link-2,true
outward,2199,17.581,-720.973327636719,link-2,true
outward,2200,15.177,-721.468566894531,link-2,true
outward,2201,18.552,-721.96337890625,link-2,true
outward,2202,17.494,-722.459655761719,link-2,true
outward,2203,19.944,-722.955444335938,link-2,true
outward,2204,18.823,-723.450744628906,link-2,true
outward,2205,15.178,-723.945617675781,link-2,true
outward,2206,20.27,-724.934020996094,link-2,true
outward,2207,17.864,-725.429443359375,link-2,true
outward,2208,19.988,-725.924377441406,link-2,true
outward,2209,17.761,-726.418823242188,link-2,true
outward,2210,15.379,-726.914733886719,link-2,true
outward,2211,18.468,-727.41015625,link-2,true
outward,2212,18.281,-727.905151367188,link-2,true
outward,2213,19.961,-728.399658203125,link-2,true
outward,2214,17.992,-728.895568847656,link-2,true
outward,2215,15.201,-729.391052246094,link-2,true
outward,2216,18.584,-729.886108398438,link-2,true
outward,2217,17.892,-730.380676269531,link-2,true
outward,2218,15.196,-730.876647949219,link-2,true
outward,2219,20.314,-731.867248535156,link-2,true
outward,2220,13.958,-732.36181640625,link-2,true
outward,2221,15.376,-732.857849121094,link-2,true
outward,2222,18.39,-733.353393554688,link-2,true
outward,2223,17.992,-733.848449707031,link-2,true
outward,2224,15.292,-734.343017578125,link-2,true
outward,2225,18.562,-734.838989257812,link-2,true
outward,2226,18.131,-735.334533691406,link-2,true
outward,2227,15.187,-735.82958984375,link-2,true
outward,2228,18.506,-736.324157714844,link-2,true
outward,2229,17.845,-736.820129394531,link-2,true
outward,2230,15.211,-737.315673828125,link-2,true
outward,2231,19.339,-737.810729980469,link-2,true
outward,2232,14.884,-738.305297851562,link-2,true
outward,2233,21.486,-738.80126953125,link-2,true
outward,2234,18.715,-739.296813964844,link-2,true
outward,2235,15.282,-739.791870117188,link-2,true
outward,2236,25.846,-740.780517578125,link-2,true
outward,2237,14.108,-741.276000976562,link-2,true
outward,2238,18.444,-741.771057128906,link-2,true
outward,2239,19.239,-742.265625,link-2,true
outward,2240,15.07,-742.761535644531,link-2,true
outward,2241,19.368,-743.256958007812,link-2,true
outward,2242,18.707,-743.751892089844,link-2,true
outward,2243,21.152,-744.246398925781,link-2,true
outward,2244,14.695,-744.742309570312,link-2,true
outward,2245,19.8,-745.237731933594,link-2,true
outward,2246,18.952,-745.732666015625,link-2,true
outward,2247,19.958,-746.227111816406,link-2,true
outward,2248,19.101,-747.220153808594,link-2,true
outward,2249,14.864,-747.716918945312,link-2,true
outward,2250,19.474,-748.213195800781,link-2,true
outward,2251,18.74,-748.708984375,link-2,true
outward,2252,15.05,-749.204284667969,link-2,true
outward,2253,18.67,-749.699096679688,link-2,true
outward,2254,19.146,-750.193420410156,link-2,true
outward,2255,14.534,-750.689086914062,link-2,true
outward,2256,19.408,-751.184326171875,link-2,true
outward,2257,18.761,-751.679077148438,link-2,true
outward,2258,21.523,-752.17333984375,link-2,true
outward,2259,19.374,-752.669006347656,link-2,true
outward,2260,15.804,-753.658874511719,link-2,true
outward,2261,18.802,-754.153076171875,link-2,true
outward,2262,18.965,-754.648620605469,link-2,true
outward,2263,15.114,-755.143676757812,link-2,true
outward,2264,19.772,-755.638244628906,link-2,true
outward,2265,18.973,-756.13232421875,link-2,true
outward,2266,19.148,-756.627807617188,link-2,true
outward,2267,15.225,-757.122802734375,link-2,true
outward,2268,19.476,-757.617309570312,link-2,true
outward,2269,19.169,-758.111267089844,link-2,true
outward,2270,21.06,-758.606689453125,link-2,true
outward,2271,19.069,-759.101623535156,link-2,true
outward,2272,15.463,-760.090026855469,link-2,true
outward,2273,19.044,-760.585327148438,link-2,true
outward,2274,18.922,-761.080139160156,link-2,true
outward,2275,19.538,-761.574462890625,link-2,true
outward,2276,24.543,-762.068298339844,link-2,true
outward,2277,14.623,-762.5634765625,link-2,true
outward,2278,19.927,-763.058166503906,link-2,true
outward,2279,19.022,-763.552368164062,link-2,true
outward,2280,15.088,-764.046081542969,link-2,true
outward,2281,23.577,-765.03759765625,link-2,true
outward,2282,14.536,-765.533569335938,link-2,true
outward,2283,15.142,-766.028991699219,link-2,true
outward,2284,21.745,-766.52392578125,link-2,true
outward,2285,14.754,-767.018371582031,link-2,true
outward,2286,18.991,-767.512329101562,link-2,true
outward,2287,17.379,-768.005798339844,link-2,true
outward,2288,15.568,-768.500610351562,link-2,true
outward,2289,18.199,-768.994934082031,link-2,true
outward,2290,18.124,-769.982116699219,link-2,true
outward,2291,19.856,-770.476806640625,link-2,true
outward,2292,17.922,-770.971008300781,link-2,true
outward,2293,15.418,-771.464721679688,link-2,true
outward,2294,18.313,-771.957946777344,link-2,true
outward,2295,17.875,-772.452514648438,link-2,true
outward,2296,14.974,-772.946594238281,link-2,true
outward,2297,21.284,-773.440185546875,link-2,true
outward,2298,14.722,-773.933288574219,link-2,true
outward,2299,15.047,-774.427795410156,link-2,true
outward,2300,18.222,-774.921813964844,link-2,true
outward,2301,18.074,-775.908264160156,link-2,true
outward,2302,18.17,-776.402648925781,link-2,true
outward,2303,17.703,-776.896484375,link-2,true
outward,2304,15.116,-777.389831542969,link-2,true
outward,2305,18.636,-777.882690429688,link-2,true
outward,2306,17.534,-778.376953125,link-2,true
outward,2307,18.495,-778.870666503906,link-2,true
outward,2308,17.706,-779.363891601562,link-2,true
outward,2309,15.433,-779.856628417969,link-2,true
outward,2310,18.616,-780.350769042969,link-2,true
outward,2311,17.901,-780.844360351562,link-2,true
outward,2312,14.908,-781.337524414062,link-2,true
outward,2313,24.692,-781.830200195312,link-2,true
outward,2314,14.433,-782.32421875,link-2,true
outward,2315,19.55,-782.817749023438,link-2,true
outward,2316,18.889,-783.310791015625,link-2,true
outward,2317,15.408,-783.803344726562,link-2,true
outward,2318,19.314,-784.297241210938,link-2,true
outward,2319,17.601,-784.790649414062,link-2,true
outward,2320,20.611,-785.283569335938,link-2,true
outward,2321,18.203,-786.267883300781,link-2,true
outward,2322,14.94,-786.761169433594,link-2,true
outward,2323,18.554,-787.254028320312,link-2,true
outward,2324,18.039,-787.746337890625,link-2,true
outward,2325,20.489,-788.239990234375,link-2,true
outward,2326,17.647,-788.733154296875,link-2,true
outward,2327,15.643,-789.225830078125,link-2,true
outward,2328,18.431,-789.718078613281,link-2,true
outward,2329,17.609,-790.211608886719,link-2,true
outward,2330,18.709,-790.704650878906,link-2,true
outward,2331,17.907,-791.197204589844,link-2,true
outward,2332,21.83,-791.689270019531,link-2,true
outward,2333,18.875,-792.677490234375,link-2,true
outward,2334,21.237,-793.171813964844,link-2,true
outward,2335,18.656,-793.665649414062,link-2,true
outward,2336,20.178,-794.158996582031,link-2,true
outward,2337,19.05,-794.65185546875,link-2,true
outward,2338,21.687,-795.144226074219,link-2,true
outward,2339,19.108,-795.636108398438,link-2,true
outward,2340,15.143,-796.129333496094,link-2,true
outward,2341,23.942,-797.114318847656,link-2,true
outward,2342,14.236,-797.606079101562,link-2,true
outward,2343,21.65,-798.097412109375,link-2,true
outward,2344,18.933,-798.590026855469,link-2,true
outward,2345,21.387,-799.082214355469,link-2,true
outward,2346,19.38,-799.573913574219,link-2,true
outward,2347,15.207,-800.065124511719,link-2,true
outward,2348,23.65,-801.051635742188,link-2,true
outward,2349,14.271,-801.545104980469,link-2,true
outward,2350,21.645,-802.0380859375,link-2,true
outward,2351,18.298,-802.530578613281,link-2,true
outward,2352,21.971,-803.022583007812,link-2,true
outward,2353,19.198,-804.005126953125,link-2,true
outward,2354,19.665,-804.49755859375,link-2,true
outward,2355,18.522,-804.989501953125,link-2,true
outward,2356,21.337,-805.48095703125,link-2,true
outward,2357,19.185,-805.971923828125,link-2,true
outward,2358,21.813,-806.957946777344,link-2,true
outward,2359,14.227,-807.451171875,link-2,true
outward,2360,19.887,-807.943908691406,link-2,true
outward,2361,18.665,-808.436157226562,link-2,true
outward,2362,21.195,-808.927917480469,link-2,true
outward,2363,19.552,-809.910095214844,link-2,true
outward,2364,21.311,-810.402282714844,link-2,true
outward,2365,19.053,-810.893981933594,link-2,true
outward,2366,15.251,-811.38525390625,link-2,true
outward,2367,25.914,-811.8759765625,link-2,true
outward,2368,14.62,-812.3681640625,link-2,true
outward,2369,19.974,-813.35107421875,link-2,true
outward,2370,18.492,-813.841796875,link-2,true
outward,2371,22.018,-814.333923339844,link-2,true
outward,2372,14.33,-814.825561523438,link-2,true
outward,2373,24.448,-815.316711425781,link-2,true
outward,2374,15.133,-816.297607421875,link-2,true
outward,2375,19.034,-816.789184570312,link-2,true
outward,2376,19.307,-817.280334472656,link-2,true
outward,2377,15.223,-817.77099609375,link-2,true
outward,2378,21.696,-818.263061523438,link-2,true
outward,2379,14.584,-818.754638671875,link-2,true
outward,2380,22.549,-819.736328125,link-2,true
outward,2381,18.282,-820.228332519531,link-2,true
outward,2382,19.47,-820.719848632812,link-2,true
outward,2383,19.505,-821.2109375,link-2,true
outward,2384,15.1,-821.701538085938,link-2,true
outward,2385,19.535,-822.193542480469,link-2,true
outward,2386,18.871,-822.68505859375,link-2,true
outward,2387,21.429,-823.176147460938,link-2,true
outward,2388,19.268,-824.156860351562,link-2,true
outward,2389,20.875,-824.648376464844,link-2,true
outward,2390,18.782,-825.139465332031,link-2,true
outward,2391,15.515,-825.630065917969,link-2,true
outward,2392,17.797,-826.1220703125,link-2,true
outward,2393,17.68,-826.613586425781,link-2,true
outward,2394,20.165,-827.104675292969,link-2,true
outward,2395,17.841,-827.595275878906,link-2,true
outward,2396,15.045,-828.087280273438,link-2,true
outward,2397,18.795,-828.578796386719,link-2,true
outward,2398,17.456,-829.069885253906,link-2,true
outward,2399,18.843,-830.050659179688,link-2,true
outward,2400,19.075,-830.542175292969,link-2,true
outward,2401,15.175,-831.033264160156,link-2,true
outward,2402,18.393,-831.523864746094,link-2,true
outward,2403,17.931,-832.015869140625,link-2,true
outward,2404,14.965,-832.507446289062,link-2,true
outward,2405,19.61,-832.99853515625,link-2,true
outward,2406,14.379,-833.489196777344,link-2,true
outward,2407,15.133,-833.981262207031,link-2,true
outward,2408,18.255,-834.472839355469,link-2,true
outward,2409,17.783,-834.963989257812,link-2,true
outward,2410,15.041,-835.454650878906,link-2,true
outward,2411,23.014,-835.946716308594,link-2,true
outward,2412,14.576,-836.438354492188,link-2,true
outward,2413,18.307,-836.929504394531,link-2,true
outward,2414,17.737,-837.420227050781,link-2,true
outward,2415,20.342,-837.912353515625,link-2,true
outward,2416,17.993,-838.403991699219,link-2,true
outward,2417,15.058,-838.895202636719,link-2,true
outward,2418,18.35,-839.385986328125,link-2,true
outward,2419,17.722,-839.878173828125,link-2,true
outward,2420,15.197,-840.369873046875,link-2,true
outward,2421,21.899,-840.861145019531,link-2,true
outward,2422,14.661,-841.351928710938,link-2,true
outward,2423,14.98,-841.84228515625,link-2,true
outward,2424,19.383,-842.334045410156,link-2,true
outward,2425,19.005,-842.825378417969,link-2,true
outward,2426,20.545,-843.806640625,link-2,true
outward,2427,17.319,-844.298461914062,link-2,true
outward,2428,15.36,-844.789855957031,link-2,true
outward,2429,18.287,-845.28076171875,link-2,true
outward,2430,17.88,-845.771240234375,link-2,true
outward,2431,15.218,-846.263122558594,link-2,true
outward,2432,18.057,-846.754577636719,link-2,true
outward,2433,17.893,-847.245544433594,link-2,true
outward,2434,15.194,-847.736083984375,link-2,true
outward,2435,18.454,-848.22802734375,link-2,true
outward,2436,18.093,-848.719543457031,link-2,true
outward,2437,14.453,-849.210632324219,link-2,true
outward,2438,14.621,-849.701293945312,link-2,true
outward,2439,19.148,-850.193359375,link-2,true
outward,2440,17.928,-850.684936523438,link-2,true
outward,2441,15.107,-851.176086425781,link-2,true
outward,2442,18.676,-851.666809082031,link-2,true
outward,2443,17.852,-852.158935546875,link-2,true
outward,2444,18.362,-852.650634765625,link-2,true
outward,2445,19.559,-853.141845703125,link-2,true
outward,2446,15.47,-853.632629394531,link-2,true
outward,2447,18.532,-854.124816894531,link-2,true
outward,2448,17.698,-854.616577148438,link-2,true
outward,2449,18.306,-855.10791015625,link-2,true
outward,2450,17.885,-855.598815917969,link-2,true
outward,2451,22.632,-856.584838867188,link-2,true
outward,2452,18.04,-857.078125,link-2,true
outward,2453,15.132,-857.570983886719,link-2,true
outward,2454,19.305,-858.063354492188,link-2,true
outward,2455,18.847,-858.555297851562,link-2,true
outward,2456,19.697,-859.046813964844,link-2,true
outward,2457,17.378,-859.537902832031,link-2,true
outward,2458,21.449,-860.030395507812,link-2,true
outward,2459,18.748,-860.5224609375,link-2,true
outward,2460,21.238,-861.014099121094,link-2,true
outward,2461,14.325,-861.505310058594,link-2,true
outward,2462,26.244,-862.491943359375,link-2,true
outward,2463,14.159,-862.985534667969,link-2,true
outward,2464,19.339,-863.478698730469,link-2,true
outward,2465,18.57,-863.971374511719,link-2,true
outward,2466,21.181,-864.463623046875,link-2,true
outward,2467,17.666,-864.955444335938,link-2,true
outward,2468,20.191,-865.937805175781,link-2,true
outward,2469,18.501,-866.43017578125,link-2,true
outward,2470,14.696,-866.922119140625,link-2,true
outward,2471,25.718,-867.413635253906,link-2,true
outward,2472,14.838,-867.906555175781,link-2,true
outward,2473,19.157,-868.399047851562,link-2,true
outward,2474,19.139,-869.382751464844,link-2,true
outward,2475,14.844,-869.875793457031,link-2,true
outward,2476,19.366,-870.368408203125,link-2,true
outward,2477,17.481,-870.860595703125,link-2,true
outward,2478,21.139,-871.352355957031,link-2,true
outward,2479,4.451,-871.845520019531,link-2,true
outward,2480,4.781,-871.845520019531,link-2,true
outward,2481,3.399,-871.845520019531,link-2,true
outward,2482,6.079,-872.338256835938,link-2,true
outward,2483,2.656,-872.338256835938,link-2,true
outward,2484,3.671,-872.338256835938,link-2,true
outward,2485,3.697,-872.338256835938,link-2,true
outward,2486,5.375,-872.83056640625,link-2,true
outward,2487,3.319,-872.83056640625,link-2,true
outward,2488,3.027,-872.83056640625,link-2,true
outward,2489,3.591,-872.83056640625,link-2,true
outward,2490,4.26,-873.322448730469,link-2,true
outward,2491,4.445,-873.322448730469,link-2,true
outward,2492,3.324,-873.322448730469,link-2,true
outward,2493,3.995,-873.322448730469,link-2,true
outward,2494,4.284,-873.815734863281,link-2,true
outward,2495,3.799,-873.815734863281,link-2,true
outward,2496,3.67,-873.815734863281,link-2,true
outward,2497,3.291,-873.815734863281,link-2,true
outward,2498,3.444,-873.815734863281,link-2,true
outward,2499,4.576,-874.30859375,link-2,true
outward,2500,3.69,-874.30859375,link-2,true
outward,2501,3.47,-874.30859375,link-2,true
outward,2502,3.672,-874.30859375,link-2,true
outward,2503,4.225,-874.801025390625,link-2,true
outward,2504,4.513,-874.801025390625,link-2,true
outward,2505,3.288,-874.801025390625,link-2,true
outward,2506,3.557,-874.801025390625,link-2,true
outward,2507,3.499,-874.801025390625,link-2,true
outward,2508,5.462,-875.293029785156,link-2,true
outward,2509,2.457,-875.293029785156,link-2,true
outward,2510,3.794,-875.293029785156,link-2,true
outward,2511,3.584,-875.293029785156,link-2,true
outward,2512,4.854,-875.786437988281,link-2,true
outward,2513,3.092,-875.786437988281,link-2,true
outward,2514,3.351,-875.786437988281,link-2,true
outward,2515,3.424,-875.786437988281,link-2,true
outward,2516,3.47,-875.786437988281,link-2,true
outward,2517,6.369,-876.279418945312,link-2,true
outward,2518,2.971,-876.279418945312,link-2,true
outward,2519,3.465,-876.279418945312,link-2,true
outward,2520,3.411,-876.279418945312,link-2,true
outward,2521,5.37,-876.77197265625,link-2,true
outward,2522,2.867,-876.77197265625,link-2,true
outward,2523,3.533,-876.77197265625,link-2,true
outward,2524,3.513,-876.77197265625,link-2,true
outward,2525,3.297,-876.77197265625,link-2,true
outward,2526,5.79,-877.264099121094,link-2,true
outward,2527,2.651,-877.264099121094,link-2,true
outward,2528,3.424,-877.264099121094,link-2,true
outward,2529,3.408,-877.264099121094,link-2,true
outward,2530,5.857,-877.757629394531,link-2,true
outward,2531,2.833,-877.757629394531,link-2,true
outward,2532,3.787,-877.757629394531,link-2,true
outward,2533,3.197,-877.757629394531,link-2,true
outward,2534,5.018,-877.757629394531,link-2,true
outward,2535,4.282,-878.250732421875,link-2,true
outward,2536,2.657,-878.250732421875,link-2,true
outward,2537,3.719,-878.250732421875,link-2,true
outward,2538,3.509,-878.250732421875,link-2,true
outward,2539,5.034,-878.743408203125,link-2,true
outward,2540,2.719,-878.743408203125,link-2,true
outward,2541,3.648,-878.743408203125,link-2,true
outward,2542,3.503,-878.743408203125,link-2,true
outward,2543,5.221,-878.743408203125,link-2,true
outward,2544,3.992,-879.235656738281,link-2,true
outward,2545,2.743,-879.235656738281,link-2,true
outward,2546,3.556,-879.235656738281,link-2,true
outward,2547,3.63,-879.235656738281,link-2,true
outward,2548,5.272,-879.729309082031,link-2,true
outward,2549,2.945,-879.729309082031,link-2,true
outward,2550,3.689,-879.729309082031,link-2,true
outward,2551,3.226,-879.729309082031,link-2,true
outward,2552,5.13,-879.729309082031,link-2,true
outward,2553,4.055,-880.222534179688,link-2,true
outward,2554,3.846,-880.222534179688,link-2,true
outward,2555,2.979,-880.222534179688,link-2,true
outward,2556,4.681,-880.222534179688,link-2,true
outward,2557,4.171,-880.71533203125,link-2,true
outward,2558,2.866,-880.71533203125,link-2,true
outward,2559,3.716,-880.71533203125,link-2,true
outward,2560,5.021,-880.71533203125,link-2,true
outward,2561,3.488,-880.71533203125,link-2,true
outward,2562,4.094,-881.207702636719,link-2,true
outward,2563,3.125,-881.207702636719,link-2,true
outward,2564,5.307,-881.207702636719,link-2,true
outward,2565,3.677,-881.207702636719,link-2,true
outward,2566,4.074,-881.701477050781,link-2,true
outward,2567,2.972,-881.701477050781,link-2,true
outward,2568,4.151,-881.701477050781,link-2,true
outward,2569,4.446,-881.701477050781,link-2,true
outward,2570,4.018,-882.19482421875,link-2,true
outward,2571,3.939,-882.19482421875,link-2,true
outward,2572,3.427,-882.19482421875,link-2,true
outward,2573,4.185,-882.19482421875,link-2,true
outward,2574,3.908,-882.687744140625,link-2,true
outward,2575,2.711,-882.687744140625,link-2,true
outward,2576,3.698,-882.687744140625,link-2,true
outward,2577,3.412,-882.687744140625,link-2,true
outward,2578,4.94,-882.687744140625,link-2,true
outward,2579,4.461,-883.180236816406,link-2,true
outward,2580,3.368,-883.180236816406,link-2,true
outward,2581,2.48,-883.180236816406,link-2,true
outward,2582,4.835,-883.180236816406,link-2,true
outward,2583,4.098,-883.674133300781,link-2,true
outward,2584,2.779,-883.674133300781,link-2,true
outward,2585,3.776,-883.674133300781,link-2,true
outward,2586,4.843,-883.674133300781,link-2,true
outward,2587,3.419,-883.674133300781,link-2,true
outward,2588,4.45,-884.167602539062,link-2,true
outward,2589,3.115,-884.167602539062,link-2,true
outward,2590,4.592,-884.167602539062,link-2,true
outward,2591,3.609,-884.167602539062,link-2,true
outward,2592,3.96,-884.66064453125,link-2,true
outward,2593,3.108,-884.66064453125,link-2,true
outward,2594,4.346,-884.66064453125,link-2,true
outward,2595,3.704,-884.66064453125,link-2,true
outward,2596,4.06,-885.153259277344,link-2,true
outward,2597,2.913,-885.153259277344,link-2,true
outward,2598,3.467,-885.153259277344,link-2,true
outward,2599,5.319,-885.153259277344,link-2,true
outward,2600,3.337,-885.153259277344,link-2,true
outward,2601,4.841,-885.647277832031,link-2,true
outward,2602,4.999,-885.647277832031,link-2,true
outward,2603,3.299,-885.647277832031,link-2,true
outward,2604,3.133,-885.647277832031,link-2,true
outward,2605,3.333,-886.140869140625,link-2,true
outward,2606,3.195,-886.140869140625,link-2,true
outward,2607,3.603,-886.140869140625,link-2,true
outward,2608,4.9,-886.140869140625,link-2,true
outward,2609,3.945,-886.634033203125,link-2,true
outward,2610,3.168,-886.634033203125,link-2,true
outward,2611,3.388,-886.634033203125,link-2,true
outward,2612,5.217,-886.634033203125,link-2,true
outward,2613,4.464,-887.126770019531,link-2,true
outward,2614,3.012,-887.126770019531,link-2,true
outward,2615,3.007,-887.126770019531,link-2,true
outward,2616,4.999,-887.126770019531,link-2,true
outward,2617,3.437,-887.126770019531,link-2,true
outward,2618,4.115,-887.620910644531,link-2,true
outward,2619,2.792,-887.620910644531,link-2,true
outward,2620,3.487,-887.620910644531,link-2,true
outward,2621,4.781,-887.620910644531,link-2,true
outward,2622,4.033,-888.114624023438,link-2,true
outward,2623,2.806,-888.114624023438,link-2,true
outward,2624,4.406,-888.114624023438,link-2,true
outward,2625,4.121,-888.114624023438,link-2,true
outward,2626,3.752,-888.114624023438,link-2,true
outward,2627,3.816,-888.60791015625,link-2,true
outward,2628,2.964,-888.60791015625,link-2,true
outward,2629,4.379,-888.60791015625,link-2,true
outward,2630,3.593,-888.60791015625,link-2,true
outward,2631,4.002,-889.100769042969,link-2,true
outward,2632,3.172,-889.100769042969,link-2,true
outward,2633,3.131,-889.100769042969,link-2,true
outward,2634,4.682,-889.100769042969,link-2,true
outward,2635,3.56,-889.100769042969,link-2,true
outward,2636,3.968,-889.593200683594,link-2,true
outward,2637,2.902,-889.593200683594,link-2,true
outward,2638,4.774,-889.593200683594,link-2,true
outward,2639,4.086,-889.593200683594,link-2,true
outward,2640,3.634,-890.087036132812,link-2,true
outward,2641,3.062,-890.087036132812,link-2,true
outward,2642,3.284,-890.087036132812,link-2,true
outward,2643,4.495,-890.087036132812,link-2,true
outward,2644,4.424,-890.580444335938,link-2,true
outward,2645,2.498,-890.580444335938,link-2,true
outward,2646,3.938,-890.580444335938,link-2,true
outward,2647,4.309,-890.580444335938,link-2,true
outward,2648,3.722,-890.580444335938,link-2,true
outward,2649,4.268,-891.073425292969,link-2,true
outward,2650,3.334,-891.073425292969,link-2,true
outward,2651,2.879,-891.073425292969,link-2,true
outward,2652,4.376,-891.073425292969,link-2,true
outward,2653,4.179,-891.565979003906,link-2,true
outward,2654,2.767,-891.565979003906,link-2,true
outward,2655,3.583,-891.565979003906,link-2,true
outward,2656,4.967,-891.565979003906,link-2,true
outward,2657,3.335,-891.565979003906,link-2,true
outward,2658,4.355,-892.059936523438,link-2,true
outward,2659,3.072,-892.059936523438,link-2,true
outward,2660,4.501,-892.059936523438,link-2,true
outward,2661,3.604,-892.059936523438,link-2,true
outward,2662,4.769,-892.553466796875,link-2,true
outward,2663,4.091,-892.553466796875,link-2,true
outward,2664,3.762,-892.553466796875,link-2,true
outward,2665,2.836,-892.553466796875,link-2,true
outward,2666,3.979,-893.046569824219,link-2,true
outward,2667,3.161,-893.046569824219,link-2,true
outward,2668,7.244,-893.046569824219,link-2,true
outward,2669,3.953,-893.046569824219,link-2,true
outward,2670,5.262,-893.539245605469,link-2,true
outward,2671,3.071,-893.539245605469,link-2,true
outward,2672,3.225,-893.539245605469,link-2,true
outward,2673,3.702,-893.539245605469,link-2,true
outward,2674,4.03,-894.033325195312,link-2,true
outward,2675,2.906,-894.033325195312,link-2,true
outward,2676,3.353,-894.033325195312,link-2,true
outward,2677,5.395,-894.033325195312,link-2,true
outward,2678,3.438,-894.033325195312,link-2,true
outward,2679,4.391,-894.526977539062,link-2,true
outward,2680,3.409,-894.526977539062,link-2,true
outward,2681,4.238,-894.526977539062,link-2,true
outward,2682,3.433,-894.526977539062,link-2,true
outward,2683,3.989,-895.020202636719,link-2,true
outward,2684,3.029,-895.020202636719,link-2,true
outward,2685,3.527,-895.020202636719,link-2,true
outward,2686,4.673,-895.020202636719,link-2,true
outward,2687,4.508,-895.513000488281,link-2,true
outward,2688,2.874,-895.513000488281,link-2,true
outward,2689,3.423,-895.513000488281,link-2,true
outward,2690,4.863,-895.513000488281,link-2,true
outward,2691,3.262,-895.513000488281,link-2,true
outward,2692,3.991,-896.007202148438,link-2,true
outward,2693,3.464,-896.007202148438,link-2,true
outward,2694,4.191,-896.007202148438,link-2,true
outward,2695,3.736,-896.007202148438,link-2,true
outward,2696,3.94,-896.5009765625,link-2,true
outward,2697,3.161,-896.5009765625,link-2,true
outward,2698,3.398,-896.5009765625,link-2,true
outward,2699,5.254,-896.5009765625,link-2,true
outward,2700,4.102,-896.994323730469,link-2,true
outward,2701,2.904,-896.994323730469,link-2,true
outward,2702,3.473,-896.994323730469,link-2,true
outward,2703,5.119,-896.994323730469,link-2,true
outward,2704,3.601,-896.994323730469,link-2,true
outward,2705,4.133,-897.487243652344,link-2,true
outward,2706,3.33,-897.487243652344,link-2,true
outward,2707,4.686,-897.487243652344,link-2,true
outward,2708,3.416,-897.487243652344,link-2,true
outward,2709,4.244,-897.981567382812,link-2,true
outward,2710,3.628,-897.981567382812,link-2,true
outward,2711,3.306,-897.981567382812,link-2,true
outward,2712,3.623,-897.981567382812,link-2,true
outward,2713,3.375,-897.981567382812,link-2,true
outward,2714,4.587,-898.475463867188,link-2,true
outward,2715,3.546,-898.475463867188,link-2,true
outward,2716,3.712,-898.475463867188,link-2,true
outward,2717,3.568,-898.475463867188,link-2,true
outward,2718,4.078,-898.968933105469,link-2,true
outward,2719,3.64,-898.968933105469,link-2,true
outward,2720,3.281,-898.968933105469,link-2,true
outward,2721,4.302,-898.968933105469,link-2,true
outward,2722,4.031,-899.461975097656,link-2,true
outward,2723,3.149,-899.461975097656,link-2,true
outward,2724,3.39,-899.461975097656,link-2,true
outward,2725,4.992,-899.461975097656,link-2,true
outward,2726,3.447,-899.461975097656,link-2,true
outward,2727,4.324,-899.956420898438,link-2,true
outward,2728,3.644,-899.956420898438,link-2,true
outward,2729,4.654,-899.956420898438,link-2,true
outward,2730,3.363,-899.956420898438,link-2,true
outward,2731,4.154,-900.450439453125,link-2,true
outward,2732,4.264,-900.450439453125,link-2,true
outward,2733,4.127,-900.450439453125,link-2,true
outward,2734,3.495,-900.450439453125,link-2,true
outward,2735,4.155,-900.944030761719,link-2,true
outward,2736,3.599,-900.944030761719,link-2,true
outward,2737,2.79,-900.944030761719,link-2,true
outward,2738,4.469,-900.944030761719,link-2,true
outward,2739,4.272,-901.437194824219,link-2,true
outward,2740,3.322,-901.437194824219,link-2,true
outward,2741,3.865,-901.437194824219,link-2,true
outward,2742,4.156,-901.437194824219,link-2,true
outward,2743,3.582,-901.437194824219,link-2,true
outward,2744,4.013,-901.931762695312,link-2,true
outward,2745,3.335,-901.931762695312,link-2,true
outward,2746,4.329,-901.931762695312,link-2,true
outward,2747,3.489,-901.931762695312,link-2,true
outward,2748,4.004,-902.425903320312,link-2,true
outward,2749,4.787,-902.425903320312,link-2,true
outward,2750,3.272,-902.425903320312,link-2,true
outward,2751,3.481,-902.425903320312,link-2,true
outward,2752,3.336,-902.425903320312,link-2,true
outward,2753,4.081,-902.919616699219,link-2,true
outward,2754,4.117,-902.919616699219,link-2,true
outward,2755,3.874,-902.919616699219,link-2,true
outward,2756,3.432,-902.919616699219,link-2,true
outward,2757,4.14,-903.412902832031,link-2,true
outward,2758,3.793,-903.412902832031,link-2,true
outward,2759,2.968,-903.412902832031,link-2,true
outward,2760,4.306,-903.412902832031,link-2,true
outward,2761,3.88,-903.907592773438,link-2,true
outward,2762,3.173,-903.907592773438,link-2,true
outward,2763,3.351,-903.907592773438,link-2,true
outward,2764,4.657,-903.907592773438,link-2,true
outward,2765,3.468,-903.907592773438,link-2,true
outward,2766,4.173,-904.40185546875,link-2,true
outward,2767,3.68,-904.40185546875,link-2,true
outward,2768,4.312,-904.40185546875,link-2,true
outward,2769,3.414,-904.40185546875,link-2,true
outward,2770,3.947,-904.895690917969,link-2,true
outward,2771,3.602,-904.895690917969,link-2,true
outward,2772,2.991,-904.895690917969,link-2,true
outward,2773,4.754,-904.895690917969,link-2,true
outward,2774,4.209,-905.389038085938,link-2,true
outward,2775,3.0,-905.389038085938,link-2,true
outward,2776,3.52,-905.389038085938,link-2,true
outward,2777,4.903,-905.389038085938,link-2,true
outward,2778,3.604,-905.389038085938,link-2,true
outward,2779,4.11,-905.883850097656,link-2,true
outward,2780,3.709,-905.883850097656,link-2,true
outward,2781,4.311,-905.883850097656,link-2,true
outward,2782,3.586,-905.883850097656,link-2,true
outward,2783,3.95,-906.378234863281,link-2,true
outward,2784,3.731,-906.378234863281,link-2,true
outward,2785,3.221,-906.378234863281,link-2,true
outward,2786,4.201,-906.378234863281,link-2,true
outward,2787,3.873,-906.872131347656,link-2,true
outward,2788,3.328,-906.872131347656,link-2,true
outward,2789,3.519,-906.872131347656,link-2,true
outward,2790,4.391,-906.872131347656,link-2,true
outward,2791,3.4,-906.872131347656,link-2,true
outward,2792,4.001,-907.365600585938,link-2,true
outward,2793,3.504,-907.365600585938,link-2,true
outward,2794,3.964,-907.365600585938,link-2,true
outward,2795,3.684,-907.365600585938,link-2,true
outward,2796,4.109,-907.860534667969,link-2,true
outward,2797,3.211,-907.860534667969,link-2,true
outward,2798,3.41,-907.860534667969,link-2,true
outward,2799,4.803,-907.860534667969,link-2,true
outward,2800,3.418,-907.860534667969,link-2,true
outward,2801,4.285,-908.35498046875,link-2,true
outward,2802,3.701,-908.35498046875,link-2,true
outward,2803,4.507,-908.35498046875,link-2,true
outward,2804,3.361,-908.35498046875,link-2,true
outward,2805,4.161,-908.848999023438,link-2,true
outward,2806,3.151,-908.848999023438,link-2,true
outward,2807,3.789,-908.848999023438,link-2,true
outward,2808,4.081,-908.848999023438,link-2,true
outward,2809,3.961,-909.342590332031,link-2,true
outward,2810,3.171,-909.342590332031,link-2,true
outward,2811,3.145,-909.342590332031,link-2,true
outward,2812,5.655,-909.342590332031,link-2,true
outward,2813,3.554,-909.342590332031,link-2,true
outward,2814,4.058,-909.837585449219,link-2,true
outward,2815,4.401,-909.837585449219,link-2,true
outward,2816,4.069,-909.837585449219,link-2,true
outward,2817,3.517,-909.837585449219,link-2,true
outward,2818,4.551,-910.332153320312,link-2,true
outward,2819,3.594,-910.332153320312,link-2,true
outward,2820,4.399,-910.332153320312,link-2,true
outward,2821,3.639,-910.332153320312,link-2,true
outward,2822,4.178,-910.826293945312,link-2,true
outward,2823,3.294,-910.826293945312,link-2,true
outward,2824,4.819,-910.826293945312,link-2,true
outward,2825,3.574,-910.826293945312,link-2,true
outward,2826,4.391,-911.320007324219,link-2,true
outward,2827,3.479,-911.320007324219,link-2,true
outward,2828,2.729,-911.320007324219,link-2,true
outward,2829,5.276,-911.320007324219,link-2,true
outward,2830,4.15,-911.815124511719,link-2,true
outward,2831,3.357,-911.815124511719,link-2,true
outward,2832,3.579,-911.815124511719,link-2,true
outward,2833,4.914,-911.815124511719,link-2,true
outward,2834,4.197,-912.309814453125,link-2,true
outward,2835,2.876,-912.309814453125,link-2,true
outward,2836,3.399,-912.309814453125,link-2,true
outward,2837,5.73,-912.309814453125,link-2,true
outward,2838,3.32,-912.309814453125,link-2,true
outward,2839,4.019,-912.804077148438,link-2,true
outward,2840,4.371,-912.804077148438,link-2,true
outward,2841,4.464,-912.804077148438,link-2,true
outward,2842,3.463,-912.804077148438,link-2,true
outward,2843,4.323,-913.2978515625,link-2,true
outward,2844,3.503,-913.2978515625,link-2,true
outward,2845,4.726,-913.2978515625,link-2,true
outward,2846,3.559,-913.2978515625,link-2,true
outward,2847,4.212,-913.793090820312,link-2,true
outward,2848,3.389,-913.793090820312,link-2,true
outward,2849,3.29,-913.793090820312,link-2,true
outward,2850,4.625,-913.793090820312,link-2,true
outward,2851,3.83,-914.287841796875,link-2,true
outward,2852,2.947,-914.287841796875,link-2,true
outward,2853,3.691,-914.287841796875,link-2,true
outward,2854,3.297,-914.287841796875,link-2,true
outward,2855,3.413,-914.287841796875,link-2,true
outward,2856,5.276,-914.782165527344,link-2,true
outward,2857,4.198,-914.782165527344,link-2,true
outward,2858,2.911,-914.782165527344,link-2,true
outward,2859,3.637,-914.782165527344,link-2,true
outward,2860,4.197,-915.276062011719,link-2,true
outward,2861,3.434,-915.276062011719,link-2,true
outward,2862,4.55,-915.276062011719,link-2,true
outward,2863,3.372,-915.276062011719,link-2,true
outward,2864,3.697,-915.276062011719,link-2,true
outward,2865,5.852,-915.771362304688,link-2,true
outward,2866,3.142,-915.771362304688,link-2,true
outward,2867,3.239,-915.771362304688,link-2,true
outward,2868,3.474,-915.771362304688,link-2,true
outward,2869,4.486,-916.266235351562,link-2,true
outward,2870,4.759,-916.266235351562,link-2,true
outward,2871,3.372,-916.266235351562,link-2,true
outward,2872,3.493,-916.266235351562,link-2,true
outward,2873,5.098,-916.760681152344,link-2,true
outward,2874,4.403,-916.760681152344,link-2,true
outward,2875,3.453,-916.760681152344,link-2,true
outward,2876,3.515,-916.760681152344,link-2,true
outward,2877,4.146,-917.254638671875,link-2,true
outward,2878,4.542,-917.254638671875,link-2,true
outward,2879,3.618,-917.254638671875,link-2,true
outward,2880,3.415,-917.254638671875,link-2,true
outward,2881,4.682,-917.750061035156,link-2,true
outward,2882,4.884,-917.750061035156,link-2,true
outward,2883,3.097,-917.750061035156,link-2,true
outward,2884,2.827,-917.750061035156,link-2,true
outward,2885,12.999,-918.244995117188,link-2,true
outward,2886,14.344,-918.244995117188,link-2,true
outward,2887,20.876,-919.233581542969,link-2,true
outward,2888,18.355,-919.729064941406,link-2,true
outward,2889,21.688,-920.71875,link-2,true
outward,2890,18.402,-921.212890625,link-2,true
outward,2891,21.877,-921.708435058594,link-2,true
outward,2892,14.443,-922.203552246094,link-2,true
outward,2893,24.985,-923.192443847656,link-2,true
outward,2894,14.149,-923.688110351562,link-2,true
outward,2895,19.709,-924.183288574219,link-2,true
outward,2896,19.302,-924.678039550781,link-2,true
outward,2897,14.984,-925.17236328125,link-2,true
outward,2898,22.088,-925.668090820312,link-2,true
outward,2899,14.484,-926.163391113281,link-2,true
outward,2900,19.983,-926.658203125,link-2,true
outward,2901,14.191,-927.152587890625,link-2,true
outward,2902,24.257,-928.145568847656,link-2,true
outward,2903,13.619,-928.145568847656,link-2,true
outward,2904,20.282,-928.642333984375,link-2,true
outward,2905,18.734,-929.138671875,link-2,true
outward,2906,21.911,-929.634521484375,link-2,true
outward,2907,21.217,-930.129943847656,link-2,true
outward,2908,13.007,-930.624938964844,link-2,true
outward,2909,23.932,-931.613525390625,link-2,true
outward,2910,14.193,-932.109008789062,link-2,true
outward,2911,21.344,-932.604064941406,link-2,true
outward,2912,18.748,-933.0986328125,link-2,true
outward,2913,22.124,-933.594665527344,link-2,true
outward,2914,19.052,-934.090209960938,link-2,true
outward,2915,21.888,-935.079956054688,link-2,true
outward,2916,20.159,-935.576049804688,link-2,true
outward,2917,21.312,-936.071655273438,link-2,true
outward,2918,19.345,-936.566833496094,link-2,true
outward,2919,15.124,-937.0615234375,link-2,true
outward,2920,23.898,-938.05517578125,link-2,true
outward,2921,14.165,-938.55224609375,link-2,true
outward,2922,21.725,-939.048889160156,link-2,true
outward,2923,18.923,-939.545043945312,link-2,true
outward,2924,15.339,-940.040771484375,link-2,true
outward,2925,25.852,-940.536010742188,link-2,true
outward,2926,14.934,-941.525146484375,link-2,true
outward,2927,24.988,-942.020935058594,link-2,true
outward,2928,14.758,-942.516235351562,link-2,true
outward,2929,19.242,-943.011108398438,link-2,true
outward,2930,17.683,-943.505493164062,link-2,true
outward,2931,15.294,-944.001281738281,link-2,true
outward,2932,18.856,-944.991516113281,link-2,true
outward,2933,16.87,-945.485961914062,link-2,true
outward,2934,20.187,-945.981811523438,link-2,true
outward,2935,17.825,-946.477233886719,link-2,true
outward,2936,15.199,-946.97216796875,link-2,true
outward,2937,18.392,-947.466674804688,link-2,true
outward,2938,17.801,-947.962585449219,link-2,true
outward,2939,18.332,-948.4580078125,link-2,true
outward,2940,17.815,-948.953002929688,link-2,true
outward,2941,15.156,-949.447509765625,link-2,true
outward,2942,18.69,-949.943420410156,link-2,true
outward,2943,17.705,-950.933898925781,link-2,true
outward,2944,14.294,-950.933898925781,link-2,true
outward,2945,20.046,-951.428466796875,link-2,true
outward,2946,14.537,-951.924438476562,link-2,true
outward,2947,15.187,-952.419982910156,link-2,true
outward,2948,18.357,-952.9150390625,link-2,true
outward,2949,17.75,-953.40966796875,link-2,true
outward,2950,20.345,-953.905700683594,link-2,true
outward,2951,17.782,-954.401245117188,link-2,true
outward,2952,15.298,-954.896362304688,link-2,true
outward,2953,18.263,-955.390991210938,link-2,true
outward,2954,17.889,-955.887023925781,link-2,true
outward,2955,19.972,-956.382629394531,link-2,true
outward,2956,17.628,-956.877746582031,link-2,true
outward,2957,15.144,-957.372436523438,link-2,true
outward,2958,18.446,-957.868530273438,link-2,true
outward,2959,17.74,-958.364135742188,link-2,true
outward,2960,21.92,-959.35400390625,link-2,true
outward,2961,18.748,-959.85009765625,link-2,true
outward,2962,14.859,-960.345764160156,link-2,true
outward,2963,18.906,-960.840942382812,link-2,true
outward,2964,18.729,-961.335693359375,link-2,true
outward,2965,20.375,-961.831848144531,link-2,true
outward,2966,17.73,-962.327514648438,link-2,true
outward,2967,15.225,-962.82275390625,link-2,true
outward,2968,18.389,-963.317504882812,link-2,true
outward,2969,17.734,-963.813659667969,link-2,true
outward,2970,15.174,-964.309387207031,link-2,true
outward,2971,18.55,-964.804626464844,link-2,true
outward,2972,18.302,-965.793701171875,link-2,true
outward,2973,14.859,-966.289428710938,link-2,true
outward,2974,18.457,-966.78466796875,link-2,true
outward,2975,17.608,-967.279479980469,link-2,true
outward,2976,15.246,-967.775695800781,link-2,true
outward,2977,23.046,-968.271423339844,link-2,true
outward,2978,14.665,-968.766723632812,link-2,true
outward,2979,18.317,-969.261535644531,link-2,true
outward,2980,17.841,-969.757751464844,link-2,true
outward,2981,15.176,-970.253540039062,link-2,true
outward,2982,18.648,-970.748840332031,link-2,true
outward,2983,17.296,-971.243713378906,link-2,true
outward,2984,20.384,-972.237670898438,link-2,true
outward,2985,17.389,-972.73486328125,link-2,true
outward,2986,15.249,-973.231567382812,link-2,true
outward,2987,18.366,-973.727844238281,link-2,true
outward,2988,17.78,-974.2236328125,link-2,true
outward,2989,20.171,-974.718994140625,link-2,true
outward,2990,17.789,-975.2138671875,link-2,true
outward,2991,21.604,-975.710144042969,link-2,true
outward,2992,18.716,-976.205993652344,link-2,true
outward,2993,15.091,-976.701354980469,link-2,true
outward,2994,21.287,-977.196228027344,link-2,true
outward,2995,14.479,-977.692504882812,link-2,true
outward,2996,21.881,-978.683715820312,link-2,true
outward,2997,18.46,-979.178649902344,link-2,true
outward,2998,15.04,-979.674987792969,link-2,true
outward,2999,25.538,-980.170837402344,link-2,true
outward,3000,14.496,-980.666198730469,link-2,true
outward,3001,18.392,-981.1611328125,link-2,true
outward,3002,19.249,-981.657470703125,link-2,true
outward,3003,15.179,-982.1533203125,link-2,true
outward,3004,19.538,-982.648742675781,link-2,true
outward,3005,18.755,-983.143676757812,link-2,true
outward,3006,15.169,-983.640014648438,link-2,true
outward,3007,23.572,-984.135925292969,link-2,true
outward,3008,16.514,-985.126342773438,link-2,true
outward,3009,13.048,-985.622680664062,link-2,true
outward,3010,25.957,-986.118591308594,link-2,true
outward,3011,14.336,-986.614013671875,link-2,true
outward,3012,15.189,-987.109008789062,link-2,true
outward,3013,19.365,-987.603515625,link-2,true
outward,3014,18.771,-988.099426269531,link-2,true
outward,3015,15.058,-988.594909667969,link-2,true
outward,3016,25.792,-989.089904785156,link-2,true
outward,3017,15.468,-989.584411621094,link-2,true
outward,3018,18.587,-990.080383300781,link-2,true
outward,3019,18.726,-990.575866699219,link-2,true
outward,3020,15.665,-991.5654296875,link-2,true
outward,3021,18.986,-992.061401367188,link-2,true
outward,3022,17.47,-992.556884765625,link-2,true
outward,3023,21.578,-993.051940917969,link-2,true
outward,3024,19.154,-993.546508789062,link-2,true
outward,3025,15.009,-994.04248046875,link-2,true
outward,3026,24.849,-994.538024902344,link-2,true
outward,3027,14.581,-995.033081054688,link-2,true
outward,3028,22.168,-996.021789550781,link-2,true
outward,3029,18.343,-996.517333984375,link-2,true
outward,3030,14.891,-997.012390136719,link-2,true
outward,3031,19.212,-997.507019042969,link-2,true
outward,3032,14.446,-998.003051757812,link-2,true
outward,3033,26.691,-998.498596191406,link-2,true
outward,3034,14.678,-998.993713378906,link-2,true
outward,3035,19.858,-999.488403320312,link-2,true
outward,3036,19.051,-1000.48187255859,link-3,true
outward,3037,14.742,-1000.97888183594,link-3,true
outward,3038,25.947,-1001.47540283203,link-3,true
outward,3039,14.606,-1001.97143554688,link-3,true
outward,3040,19.367,-1002.46704101562,link-3,true
outward,3041,18.861,-1002.96221923828,link-3,true
outward,3042,15.252,-1003.45690917969,link-3,true
outward,3043,24.453,-1003.95294189453,link-3,true
outward,3044,14.96,-1004.94372558594,link-3,true
outward,3045,18.243,-1005.43841552734,link-3,true
outward,3046,18.028,-1005.93450927734,link-3,true
outward,3047,15.098,-1006.43017578125,link-3,true
outward,3048,18.525,-1006.92535400391,link-3,true
outward,3049,17.691,-1007.42004394531,link-3,true
outward,3050,20.2,-1007.91619873047,link-3,true
outward,3051,17.745,-1008.41186523438,link-3,true
outward,3052,15.103,-1008.90704345703,link-3,true
outward,3053,18.802,-1009.89611816406,link-3,true
outward,3054,17.536,-1010.39178466797,link-3,true
outward,3055,20.302,-1010.88702392578,link-3,true
outward,3056,14.562,-1011.3818359375,link-3,true
outward,3057,18.465,-1011.87799072266,link-3,true
outward,3058,17.953,-1012.37365722656,link-3,true
outward,3059,15.023,-1012.86889648438,link-3,true
outward,3060,21.706,-1013.36370849609,link-3,true
outward,3061,14.639,-1013.85992431641,link-3,true
outward,3062,18.354,-1014.35565185547,link-3,true
outward,3063,18.007,-1014.85095214844,link-3,true
outward,3064,15.345,-1015.34576416016,link-3,true
outward,3065,21.258,-1016.33966064453,link-3,true
outward,3066,14.409,-1016.83685302734,link-3,true
outward,3067,20.061,-1017.33355712891,link-3,true
outward,3068,18.176,-1017.82977294922,link-3,true
outward,3069,14.804,-1018.32556152344,link-3,true
outward,3070,23.012,-1018.82086181641,link-3,true
outward,3071,14.497,-1019.31567382812,link-3,true
outward,3072,19.442,-1019.81195068359,link-3,true
outward,3073,18.895,-1020.30773925781,link-3,true
outward,3074,15.015,-1020.80303955078,link-3,true
outward,3075,19.379,-1021.29791259766,link-3,true
outward,3076,17.655,-1021.79418945312,link-3,true
outward,3077,20.463,-1022.78533935547,link-3,true
outward,3078,17.447,-1023.2802734375,link-3,true
outward,3079,15.092,-1023.77655029297,link-3,true
outward,3080,18.263,-1024.27233886719,link-3,true
outward,3081,17.639,-1024.76770019531,link-3,true
outward,3082,15.077,-1025.26257324219,link-3,true
outward,3083,23.222,-1025.75891113281,link-3,true
outward,3084,14.29,-1026.25476074219,link-3,true
outward,3085,18.684,-1026.75012207031,link-3,true
outward,3086,17.684,-1027.24499511719,link-3,true
outward,3087,18.167,-1027.74133300781,link-3,true
outward,3088,17.631,-1028.23718261719,link-3,true
outward,3089,21.132,-1028.73254394531,link-3,true
outward,3090,18.561,-1029.2275390625,link-3,true
outward,3091,21.317,-1029.72387695312,link-3,true
outward,3092,18.814,-1030.2197265625,link-3,true
outward,3093,14.927,-1030.71520996094,link-3,true
outward,3094,24.006,-1031.70471191406,link-3,true
outward,3095,14.138,-1032.20068359375,link-3,true
outward,3096,21.455,-1032.69616699219,link-3,true
outward,3097,19.139,-1033.19116210938,link-3,true
outward,3098,21.501,-1033.68566894531,link-3,true
outward,3099,18.771,-1034.181640625,link-3,true
outward,3100,15.075,-1034.67712402344,link-3,true
outward,3101,23.405,-1035.17224121094,link-3,true
outward,3102,14.691,-1035.66687011719,link-3,true
outward,3103,21.286,-1036.16284179688,link-3,true
outward,3104,19.399,-1037.15356445312,link-3,true
outward,3105,21.091,-1037.64819335938,link-3,true
outward,3106,18.853,-1038.14428710938,link-3,true
outward,3107,14.845,-1038.63989257812,link-3,true
outward,3108,23.237,-1039.13500976562,link-3,true
outward,3109,14.333,-1039.62963867188,link-3,true
outward,3110,21.936,-1040.62316894531,link-3,true
outward,3111,18.621,-1041.1201171875,link-3,true
outward,3112,21.595,-1041.61669921875,link-3,true
outward,3113,18.784,-1042.11279296875,link-3,true
outward,3114,21.281,-1042.6083984375,link-3,true
outward,3115,18.63,-1043.103515625,link-3,true
outward,3116,21.706,-1044.09240722656,link-3,true
outward,3117,18.953,-1044.58801269531,link-3,true
outward,3118,15.096,-1045.08312988281,link-3,true
outward,3119,19.279,-1045.57788085938,link-3,true
outward,3120,18.553,-1046.07397460938,link-3,true
outward,3121,21.458,-1046.56958007812,link-3,true
outward,3122,19.01,-1047.55944824219,link-3,true
outward,3123,21.188,-1048.0556640625,link-3,true
outward,3124,18.868,-1048.55126953125,link-3,true
outward,3125,15.183,-1049.04650878906,link-3,true
outward,3126,18.943,-1049.54125976562,link-3,true
outward,3127,18.53,-1050.03735351562,link-3,true
outward,3128,21.616,-1051.02819824219,link-3,true
outward,3129,18.303,-1051.52294921875,link-3,true
outward,3130,21.851,-1052.01916503906,link-3,true
outward,3131,19.092,-1052.51489257812,link-3,true
outward,3132,14.951,-1053.01013183594,link-3,true
outward,3133,25.194,-1053.5048828125,link-3,true
outward,3134,14.979,-1054.49865722656,link-3,true
outward,3135,20.534,-1054.99572753906,link-3,true
outward,3136,19.333,-1055.49243164062,link-3,true
outward,3137,21.482,-1055.98864746094,link-3,true
outward,3138,18.503,-1056.484375,link-3,true
outward,3139,14.994,-1056.97973632812,link-3,true
outward,3140,24.347,-1057.96899414062,link-3,true
outward,3141,13.972,-1058.46484375,link-3,true
outward,3142,19.357,-1058.96020507812,link-3,true
outward,3143,18.604,-1059.455078125,link-3,true
outward,3144,15.12,-1059.95141601562,link-3,true
outward,3145,25.607,-1060.447265625,link-3,true
outward,3146,14.557,-1060.94250488281,link-3,true
outward,3147,19.444,-1061.93176269531,link-3,true
outward,3148,18.13,-1062.42761230469,link-3,true
outward,3149,15.339,-1062.92297363281,link-3,true
outward,3150,19.133,-1063.41784667969,link-3,true
outward,3151,17.397,-1063.91418457031,link-3,true
outward,3152,20.187,-1064.41003417969,link-3,true
outward,3153,17.993,-1064.90539550781,link-3,true
outward,3154,14.99,-1065.400390625,link-3,true
outward,3155,18.477,-1065.89672851562,link-3,true
outward,3156,18.255,-1066.88793945312,link-3,true
outward,3157,19.743,-1067.3828125,link-3,true
outward,3158,18.033,-1067.87915039062,link-3,true
outward,3159,15.131,-1068.375,link-3,true
outward,3160,18.645,-1068.87036132812,link-3,true
outward,3161,17.727,-1069.36535644531,link-3,true
outward,3162,15.036,-1069.86169433594,link-3,true
outward,3163,21.33,-1070.35754394531,link-3,true
outward,3164,14.708,-1070.85290527344,link-3,true
outward,3165,15.208,-1071.34790039062,link-3,true
outward,3166,18.344,-1071.84423828125,link-3,true
outward,3167,17.965,-1072.34020996094,link-3,true
outward,3168,18.282,-1072.83569335938,link-3,true
outward,3169,18.034,-1073.33068847656,link-3,true
outward,3170,15.014,-1073.82702636719,link-3,true
outward,3171,18.526,-1074.32299804688,link-3,true
outward,3172,17.693,-1074.81848144531,link-3,true
outward,3173,18.723,-1075.3134765625,link-3,true
outward,3174,18.275,-1075.80798339844,link-3,true
outward,3175,14.647,-1076.30395507812,link-3,true
outward,3176,18.647,-1076.79943847656,link-3,true
outward,3177,17.721,-1077.29443359375,link-3,true
outward,3178,15.072,-1077.78894042969,link-3,true
outward,3179,23.054,-1078.28491210938,link-3,true
outward,3180,14.304,-1078.78039550781,link-3,true
outward,3181,20.053,-1079.27551269531,link-3,true
outward,3182,19.294,-1080.26428222656,link-3,true
outward,3183,14.753,-1080.75988769531,link-3,true
outward,3184,19.507,-1081.25500488281,link-3,true
outward,3185,18.68,-1081.74963378906,link-3,true
outward,3186,20.293,-1082.24572753906,link-3,true
outward,3187,17.863,-1082.74133300781,link-3,true
outward,3188,15.338,-1083.23645019531,link-3,true
outward,3189,18.116,-1083.73107910156,link-3,true
outward,3190,17.802,-1084.22717285156,link-3,true
outward,3191,20.565,-1084.72277832031,link-3,true
outward,3192,17.533,-1085.21789550781,link-3,true
outward,3193,15.034,-1085.71252441406,link-3,true
outward,3194,18.503,-1086.20861816406,link-3,true
outward,3195,18.032,-1087.19934082031,link-3,true
outward,3196,18.025,-1087.69396972656,link-3,true
outward,3197,19.393,-1088.19006347656,link-3,true
outward,3198,15.185,-1088.68566894531,link-3,true
outward,3199,18.404,-1089.18078613281,link-3,true
outward,3200,17.746,-1089.67553710938,link-3,true
outward,3201,15.109,-1090.17163085938,link-3,true
outward,3202,18.587,-1090.66723632812,link-3,true
outward,3203,17.776,-1091.16235351562,link-3,true
outward,3204,15.18,-1091.65710449219,link-3,true
outward,3205,18.519,-1092.15319824219,link-3,true
outward,3206,17.59,-1092.64880371094,link-3,true
outward,3207,15.047,-1093.14404296875,link-3,true
outward,3208,18.477,-1093.63879394531,link-3,true
outward,3209,17.727,-1094.13500976562,link-3,true
outward,3210,21.611,-1094.63073730469,link-3,true
outward,3211,19.229,-1095.62072753906,link-3,true
outward,3212,14.284,-1096.11694335938,link-3,true
outward,3213,25.311,-1096.61267089844,link-3,true
outward,3214,14.197,-1097.10791015625,link-3,true
outward,3215,20.188,-1097.60266113281,link-3,true
outward,3216,18.796,-1098.09887695312,link-3,true
outward,3217,14.949,-1098.59460449219,link-3,true
outward,3218,19.351,-1099.08984375,link-3,true
outward,3219,18.881,-1099.58471679688,link-3,true
outward,3220,21.484,-1100.08093261719,link-3,true
outward,3221,14.388,-1100.57666015625,link-3,true
outward,3222,23.045,-1101.07202148438,link-3,true
outward,3223,15.284,-1102.06127929688,link-3,true
outward,3224,20.731,-1102.55712890625,link-3,true
outward,3225,19.074,-1103.05249023438,link-3,true
outward,3226,15.007,-1103.54736328125,link-3,true
outward,3227,19.291,-1104.04370117188,link-3,true
outward,3228,18.585,-1104.53955078125,link-3,true
outward,3229,21.2,-1105.03491210938,link-3,true
outward,3230,19.086,-1105.52978515625,link-3,true
outward,3231,21.773,-1106.52380371094,link-3,true
outward,3232,18.124,-1107.02111816406,link-3,true
outward,3233,14.975,-1107.51794433594,link-3,true
outward,3234,19.565,-1108.01428222656,link-3,true
outward,3235,18.825,-1108.51013183594,link-3,true
outward,3236,26.041,-1109.00549316406,link-3,true
outward,3237,15.503,-1109.50036621094,link-3,true
outward,3238,18.955,-1109.99670410156,link-3,true
outward,3239,15.402,-1110.98791503906,link-3,true
outward,3240,18.821,-1111.48291015625,link-3,true
outward,3241,17.547,-1111.97924804688,link-3,true
outward,3242,21.524,-1112.47509765625,link-3,true
outward,3243,18.545,-1112.97058105469,link-3,true
outward,3244,21.425,-1113.46557617188,link-3,true
outward,3245,20.693,-1113.9619140625,link-3,true
outward,3246,12.711,-1114.45776367188,link-3,true
outward,3247,20.589,-1115.4482421875,link-3,true
outward,3248,17.448,-1115.94458007812,link-3,true
outward,3249,17.646,-1116.44055175781,link-3,true
outward,3250,18.823,-1116.93603515625,link-3,true
outward,3251,15.032,-1117.43103027344,link-3,true
outward,3252,19.154,-1117.92553710938,link-3,true
outward,3253,18.911,-1118.42150878906,link-3,true
outward,3254,14.628,-1118.9169921875,link-3,true
outward,3255,24.325,-1119.90661621094,link-3,true
outward,3256,13.959,-1120.40258789062,link-3,true
outward,3257,19.372,-1120.89807128906,link-3,true
outward,3258,18.731,-1121.39318847656,link-3,true
outward,3259,14.931,-1121.8876953125,link-3,true
outward,3260,19.389,-1122.38366699219,link-3,true
outward,3261,17.234,-1122.87915039062,link-3,true
outward,3262,20.293,-1123.37426757812,link-3,true
outward,3263,17.813,-1123.86889648438,link-3,true
outward,3264,15.385,-1124.86242675781,link-3,true
outward,3265,17.959,-1125.359375,link-3,true
outward,3266,17.633,-1125.85595703125,link-3,true
outward,3267,14.938,-1126.35205078125,link-3,true
outward,3268,21.208,-1126.84765625,link-3,true
outward,3269,14.741,-1127.3427734375,link-3,true
outward,3270,14.925,-1127.83740234375,link-3,true
outward,3271,18.411,-1128.33349609375,link-3,true
outward,3272,17.674,-1128.8291015625,link-3,true
outward,3273,18.092,-1129.32421875,link-3,true
outward,3274,19.212,-1129.81884765625,link-3,true
outward,3275,14.991,-1130.31494140625,link-3,true
outward,3276,18.462,-1130.810546875,link-3,true
outward,3277,17.526,-1131.3056640625,link-3,true
outward,3278,18.42,-1131.80029296875,link-3,true
outward,3279,17.633,-1132.29638671875,link-3,true
outward,3280,15.037,-1132.7919921875,link-3,true
outward,3281,18.405,-1133.287109375,link-3,true
outward,3282,17.677,-1133.78186035156,link-3,true
outward,3283,14.948,-1134.27795410156,link-3,true
outward,3284,22.954,-1134.77355957031,link-3,true
outward,3285,14.497,-1135.26879882812,link-3,true
outward,3286,18.248,-1135.76354980469,link-3,true
outward,3287,17.662,-1136.25964355469,link-3,true
outward,3288,14.925,-1136.75524902344,link-3,true
outward,3289,18.256,-1137.25048828125,link-3,true
outward,3290,17.508,-1137.74523925781,link-3,true
outward,3291,14.969,-1138.24133300781,link-3,true
outward,3292,25.629,-1139.23229980469,link-3,true
outward,3293,14.01,-1139.72705078125,link-3,true
outward,3294,15.16,-1140.22326660156,link-3,true
outward,3295,19.216,-1140.71899414062,link-3,true
outward,3296,18.768,-1141.21423339844,link-3,true
outward,3297,20.1,-1141.70910644531,link-3,true
outward,3298,17.663,-1142.20532226562,link-3,true
outward,3299,15.38,-1142.70104980469,link-3,true
outward,3300,18.406,-1143.19641113281,link-3,true
outward,3301,17.821,-1143.69128417969,link-3,true
outward,3302,20.07,-1144.1875,link-3,true
outward,3303,17.816,-1144.68334960938,link-3,true
outward,3304,15.068,-1145.1787109375,link-3,true
outward,3305,18.306,-1145.67358398438,link-3,true
outward,3306,17.544,-1146.169921875,link-3,true
outward,3307,14.528,-1146.66564941406,link-3,true
outward,3308,20.833,-1147.65588378906,link-3,true
outward,3309,17.688,-1148.15222167969,link-3,true
outward,3310,21.779,-1148.64807128906,link-3,true
outward,3311,18.74,-1149.14343261719,link-3,true
outward,3312,21.748,-1149.63830566406,link-3,true
outward,3313,18.517,-1150.13464355469,link-3,true
outward,3314,19.904,-1150.63049316406,link-3,true
outward,3315,19.811,-1151.12585449219,link-3,true
outward,3316,21.496,-1152.115234375,link-3,true
outward,3317,18.398,-1152.61108398438,link-3,true
outward,3318,21.856,-1153.1064453125,link-3,true
outward,3319,20.585,-1153.60131835938,link-3,true
outward,3320,21.615,-1154.59545898438,link-3,true
outward,3321,19.086,-1155.0927734375,link-3,true
outward,3322,15.249,-1155.58959960938,link-3,true
outward,3323,23.542,-1156.0859375,link-3,true
outward,3324,14.746,-1156.58178710938,link-3,true
outward,3325,21.763,-1157.57214355469,link-3,true
outward,3326,18.567,-1158.06848144531,link-3,true
outward,3327,21.605,-1158.56433105469,link-3,true
outward,3328,19.316,-1159.05981445312,link-3,true
outward,3329,14.699,-1159.55480957031,link-3,true
outward,3330,24.418,-1160.54895019531,link-3,true
outward,3331,14.011,-1161.04626464844,link-3,true
outward,3332,21.459,-1161.54309082031,link-3,true
outward,3333,18.947,-1162.03942871094,link-3,true
outward,3334,21.216,-1162.53540039062,link-3,true
outward,3335,19.196,-1163.52587890625,link-3,true
outward,3336,18.709,-1164.0205078125,link-3,true
outward,3337,19.011,-1164.51647949219,link-3,true
outward,3338,15.063,-1165.01196289062,link-3,true
outward,3339,25.337,-1165.50708007812,link-3,true
outward,3340,14.475,-1166.00170898438,link-3,true
outward,3341,19.928,-1166.99499511719,link-3,true
outward,3342,18.296,-1167.49194335938,link-3,true
outward,3343,23.023,-1167.98840332031,link-3,true
outward,3344,19.164,-1168.48449707031,link-3,true
outward,3345,19.771,-1168.98010253906,link-3,true
outward,3346,14.28,-1169.47521972656,link-3,true
outward,3347,19.226,-1169.96984863281,link-3,true
outward,3348,19.352,-1170.96325683594,link-3,true
outward,3349,13.988,-1170.96325683594,link-3,true
outward,3350,22.464,-1171.46020507812,link-3,true
outward,3351,13.92,-1171.95666503906,link-3,true
outward,3352,19.734,-1172.45275878906,link-3,true
outward,3353,14.394,-1172.94836425781,link-3,true
outward,3354,23.463,-1173.44348144531,link-3,true
outward,3355,14.405,-1173.93811035156,link-3,true
outward,3356,19.678,-1174.43420410156,link-3,true
outward,3357,18.515,-1174.92980957031,link-3,true
outward,3358,21.685,-1175.91967773438,link-3,true
outward,3359,19.003,-1176.41577148438,link-3,true
outward,3360,14.86,-1176.91137695312,link-3,true
outward,3361,19.245,-1177.40649414062,link-3,true
outward,3362,18.66,-1177.90124511719,link-3,true
outward,3363,14.839,-1178.39733886719,link-3,true
outward,3364,23.985,-1178.89294433594,link-3,true
outward,3365,14.327,-1179.38818359375,link-3,true
outward,3366,19.445,-1179.88293457031,link-3,true
outward,3367,18.899,-1180.37902832031,link-3,true
outward,3368,15.225,-1180.87463378906,link-3,true
outward,3369,19.494,-1181.36987304688,link-3,true
outward,3370,18.083,-1182.35888671875,link-3,true
outward,3371,19.855,-1182.85461425781,link-3,true
outward,3372,18.145,-1183.34985351562,link-3,true
outward,3373,14.944,-1183.84460449219,link-3,true
outward,3374,18.602,-1184.3408203125,link-3,true
outward,3375,17.727,-1184.83654785156,link-3,true
outward,3376,18.762,-1185.33178710938,link-3,true
outward,3377,17.942,-1185.82653808594,link-3,true
outward,3378,15.274,-1186.32275390625,link-3,true
outward,3379,18.929,-1186.81848144531,link-3,true
outward,3380,17.441,-1187.31372070312,link-3,true
outward,3381,18.58,-1187.80859375,link-3,true
outward,3382,18.256,-1188.80236816406,link-3,true
outward,3383,15.043,-1189.29956054688,link-3,true
outward,3384,18.195,-1189.79626464844,link-3,true
outward,3385,17.918,-1190.29248046875,link-3,true
outward,3386,15.174,-1190.78833007812,link-3,true
outward,3387,19.239,-1191.28369140625,link-3,true
outward,3388,14.488,-1191.77856445312,link-3,true
outward,3389,14.991,-1192.27490234375,link-3,true
outward,3390,18.357,-1192.77075195312,link-3,true
outward,3391,17.467,-1193.26611328125,link-3,true
outward,3392,14.986,-1193.76098632812,link-3,true
outward,3393,19.242,-1194.25732421875,link-3,true
outward,3394,14.393,-1194.75317382812,link-3,true
outward,3395,14.93,-1195.24853515625,link-3,true
outward,3396,18.254,-1195.74353027344,link-3,true
outward,3397,17.708,-1196.23986816406,link-3,true
outward,3398,14.739,-1196.73571777344,link-3,true
outward,3399,24.041,-1197.23107910156,link-3,true
outward,3400,14.356,-1197.72595214844,link-3,true
outward,3401,18.913,-1198.22229003906,link-3,true
outward,3402,18.432,-1198.71813964844,link-3,true
outward,3403,14.94,-1199.21362304688,link-3,true
outward,3404,18.958,-1199.70861816406,link-3,true
outward,3405,17.296,-1200.20495605469,link-3,true
outward,3406,20.171,-1201.19616699219,link-3,true
outward,3407,17.329,-1201.69116210938,link-3,true
outward,3408,14.944,-1202.1875,link-3,true
outward,3409,18.096,-1202.68334960938,link-3,true
outward,3410,17.509,-1203.1787109375,link-3,true
outward,3411,19.927,-1203.67370605469,link-3,true
outward,3412,17.629,-1204.17016601562,link-3,true
outward,3413,14.558,-1204.66613769531,link-3,true
outward,3414,18.228,-1205.16162109375,link-3,true
outward,3415,17.446,-1205.65661621094,link-3,true
outward,3416,19.836,-1206.15112304688,link-3,true
outward,3417,17.655,-1206.64709472656,link-3,true
outward,3418,14.969,-1207.142578125,link-3,true
outward,3419,18.385,-1207.63757324219,link-3,true
outward,3420,17.564,-1208.13208007812,link-3,true
outward,3421,14.753,-1208.62805175781,link-3,true
outward,3422,21.123,-1209.12353515625,link-3,true
outward,3423,14.329,-1209.61853027344,link-3,true
outward,3424,14.912,-1210.11315917969,link-3,true
outward,3425,18.434,-1210.60913085938,link-3,true
outward,3426,17.43,-1211.10461425781,link-3,true
outward,3427,15.231,-1211.59973144531,link-3,true
outward,3428,23.252,-1212.58850097656,link-3,true
outward,3429,13.723,-1213.08410644531,link-3,true
outward,3430,18.34,-1213.57922363281,link-3,true
outward,3431,19.276,-1214.07385253906,link-3,true
outward,3432,14.659,-1214.56994628906,link-3,true
outward,3433,23.747,-1215.06555175781,link-3,true
outward,3434,14.339,-1215.56066894531,link-3,true
outward,3435,19.319,-1216.05529785156,link-3,true
outward,3436,19.128,-1216.55139160156,link-3,true
outward,3437,15.016,-1217.04699707031,link-3,true
outward,3438,19.649,-1217.54211425781,link-3,true
outward,3439,18.289,-1218.03674316406,link-3,true
outward,3440,19.707,-1219.0302734375,link-3,true
outward,3441,17.499,-1219.52734375,link-3,true
outward,3442,21.58,-1220.02392578125,link-3,true
outward,3443,18.611,-1220.52001953125,link-3,true
outward,3444,19.431,-1221.015625,link-3,true
outward,3445,19.169,-1221.5107421875,link-3,true
outward,3446,18.895,-1222.00549316406,link-3,true
outward,3447,14.999,-1222.50158691406,link-3,true
outward,3448,19.628,-1222.99719238281,link-3,true
outward,3449,18.206,-1223.49243164062,link-3,true
outward,3450,20.628,-1223.98718261719,link-3,true
outward,3451,18.357,-1224.48327636719,link-3,true
outward,3452,15.219,-1225.47424316406,link-3,true
outward,3453,25.357,-1225.96899414062,link-3,true
outward,3454,14.364,-1226.46520996094,link-3,true
outward,3455,23.839,-1226.9609375,link-3,true
outward,3456,14.417,-1227.45617675781,link-3,true
outward,3457,19.291,-1227.95092773438,link-3,true
outward,3458,18.687,-1228.44714355469,link-3,true
outward,3459,14.909,-1228.94287109375,link-3,true
outward,3460,19.021,-1229.43811035156,link-3,true
outward,3461,17.043,-1229.93286132812,link-3,true
outward,3462,14.812,-1230.42907714844,link-3,true
outward,3463,20.126,-1230.9248046875,link-3,true
outward,3464,18.594,-1231.91491699219,link-3,true
outward,3465,14.465,-1232.4111328125,link-3,true
outward,3466,19.417,-1232.90686035156,link-3,true
outward,3467,18.793,-1233.40222167969,link-3,true
outward,3468,20.898,-1233.89709472656,link-3,true
outward,3469,18.62,-1234.39331054688,link-3,true
outward,3470,14.999,-1234.88903808594,link-3,true
outward,3471,19.262,-1235.38439941406,link-3,true
outward,3472,18.445,-1235.87927246094,link-3,true
outward,3473,21.878,-1236.87316894531,link-3,true
outward,3474,18.349,-1237.37036132812,link-3,true
outward,3475,14.869,-1237.86706542969,link-3,true
outward,3476,24.096,-1238.36340332031,link-3,true
outward,3477,14.331,-1238.85925292969,link-3,true
outward,3478,19.568,-1239.35461425781,link-3,true
outward,3479,18.386,-1239.84948730469,link-3,true
outward,3480,15.067,-1240.34582519531,link-3,true
outward,3481,19.214,-1240.84167480469,link-3,true
outward,3482,18.091,-1241.83190917969,link-3,true
outward,3483,19.515,-1242.32824707031,link-3,true
outward,3484,17.709,-1242.82409667969,link-3,true
outward,3485,15.06,-1243.31945800781,link-3,true
outward,3486,18.272,-1243.814453125,link-3,true
outward,3487,17.737,-1244.31079101562,link-3,true
outward,3488,14.914,-1244.806640625,link-3,true
outward,3489,23.027,-1245.30212402344,link-3,true
outward,3490,14.458,-1245.79711914062,link-3,true
outward,3491,18.271,-1246.29345703125,link-3,true
outward,3492,18.204,-1247.28479003906,link-3,true
outward,3493,19.702,-1247.77978515625,link-3,true
outward,3494,17.661,-1248.27612304688,link-3,true
outward,3495,14.988,-1248.77209472656,link-3,true
outward,3496,21.054,-1249.267578125,link-3,true
outward,3497,14.807,-1249.76257324219,link-3,true
outward,3498,18.243,-1250.25708007812,link-3,true
outward,3499,17.727,-1250.75305175781,link-3,true
outward,3500,15.04,-1251.24853515625,link-3,true
outward,3501,18.318,-1251.74353027344,link-3,true
outward,3502,17.419,-1252.23815917969,link-3,true
outward,3503,14.832,-1252.73413085938,link-3,true
outward,3504,17.828,-1253.22961425781,link-3,true
outward,3505,17.716,-1253.724609375,link-3,true
outward,3506,14.898,-1254.21923828125,link-3,true
outward,3507,18.258,-1254.71520996094,link-3,true
outward,3508,17.602,-1255.21069335938,link-3,true
outward,3509,14.842,-1255.70581054688,link-3,true
outward,3510,18.1,-1256.20043945312,link-3,true
outward,3511,17.247,-1256.69641113281,link-3,true
outward,3512,14.774,-1257.19201660156,link-3,true
outward,3513,19.128,-1257.68713378906,link-3,true
outward,3514,18.494,-1258.18176269531,link-3,true
outward,3515,14.838,-1258.67785644531,link-3,true
outward,3516,19.208,-1259.17346191406,link-3,true
outward,3517,18.508,-1259.66857910156,link-3,true
outward,3518,14.844,-1260.16320800781,link-3,true
outward,3519,18.272,-1260.65930175781,link-3,true
outward,3520,17.405,-1261.15490722656,link-3,true
outward,3521,14.916,-1261.65002441406,link-3,true
outward,3522,24.144,-1262.63891601562,link-3,true
outward,3523,13.54,-1263.13452148438,link-3,true
outward,3524,18.343,-1263.62963867188,link-3,true
outward,3525,17.154,-1264.12438964844,link-3,true
outward,3526,14.727,-1264.62048339844,link-3,true
outward,3527,17.897,-1265.11608886719,link-3,true
outward,3528,17.273,-1265.611328125,link-3,true
outward,3529,20.029,-1266.10607910156,link-3,true
outward,3530,17.669,-1266.60217285156,link-3,true
outward,3531,14.679,-1267.09790039062,link-3,true
outward,3532,19.19,-1267.59313964844,link-3,true
outward,3533,18.913,-1268.087890625,link-3,true
outward,3534,14.736,-1268.583984375,link-3,true
outward,3535,25.447,-1269.07971191406,link-3,true
outward,3536,14.896,-1269.57495117188,link-3,true
outward,3537,19.535,-1270.56396484375,link-3,true
outward,3538,18.845,-1271.05969238281,link-3,true
outward,3539,21.175,-1271.55493164062,link-3,true
outward,3540,18.873,-1272.04968261719,link-3,true
outward,3541,14.72,-1272.5458984375,link-3,true
outward,3542,24.987,-1273.04162597656,link-3,true
outward,3543,14.664,-1273.53686523438,link-3,true
outward,3544,21.038,-1274.03173828125,link-3,true
outward,3545,18.49,-1274.52795410156,link-3,true
outward,3546,21.875,-1275.51892089844,link-3,true
outward,3547,19.164,-1276.01379394531,link-3,true
outward,3548,14.387,-1276.51000976562,link-3,true
outward,3549,23.175,-1277.00573730469,link-3,true
outward,3550,14.244,-1277.50109863281,link-3,true
outward,3551,21.012,-1277.99597167969,link-3,true
outward,3552,19.002,-1278.4921875,link-3,true
outward,3553,21.411,-1278.98803710938,link-3,true
outward,3554,19.641,-1279.97827148438,link-3,true
outward,3555,14.2,-1280.474609375,link-3,true
outward,3556,24.011,-1280.97045898438,link-3,true
outward,3557,14.429,-1281.4658203125,link-3,true
outward,3558,19.327,-1281.96069335938,link-3,true
outward,3559,18.582,-1282.45703125,link-3,true
outward,3560,22.3,-1282.95288085938,link-3,true
outward,3561,18.604,-1283.94311523438,link-3,true
outward,3562,14.583,-1284.439453125,link-3,true
outward,3563,25.004,-1284.93530273438,link-3,true
outward,3564,14.541,-1285.4306640625,link-3,true
outward,3565,21.002,-1285.92565917969,link-3,true
outward,3566,18.321,-1286.42199707031,link-3,true
outward,3567,21.462,-1286.91784667969,link-3,true
outward,3568,19.488,-1287.908203125,link-3,true
outward,3569,14.166,-1288.40454101562,link-3,true
outward,3570,23.349,-1288.900390625,link-3,true
outward,3571,14.215,-1289.39587402344,link-3,true
outward,3572,20.864,-1289.89086914062,link-3,true
outward,3573,19.042,-1290.38720703125,link-3,true
outward,3574,21.167,-1290.88317871094,link-3,true
outward,3575,18.762,-1291.87365722656,link-3,true
outward,3576,14.713,-1292.3681640625,link-3,true
outward,3577,18.494,-1292.86413574219,link-3,true
outward,3578,18.917,-1293.35961914062,link-3,true
outward,3579,8.577,-1293.85461425781,link-3,true
outward,3580,4.631,-1293.85461425781,link-3,true
outward,3581,4.858,-1294.34912109375,link-3,true
outward,3582,4.447,-1294.34912109375,link-3,true
outward,3583,3.994,-1294.34912109375,link-3,true
outward,3584,5.841,-1294.84509277344,link-3,true
outward,3585,2.607,-1294.84509277344,link-3,true
outward,3586,4.347,-1294.84509277344,link-3,true
outward,3587,2.849,-1294.84509277344,link-3,true
outward,3588,2.726,-1294.84509277344,link-3,true
outward,3589,4.265,-1295.34057617188,link-3,true
outward,3590,2.55,-1295.34057617188,link-3,true
outward,3591,5.108,-1295.34057617188,link-3,true
outward,3592,4.569,-1295.34057617188,link-3,true
outward,3593,4.487,-1295.83557128906,link-3,true
outward,3594,2.751,-1295.83557128906,link-3,true
outward,3595,5.22,-1295.83557128906,link-3,true
outward,3596,3.4,-1295.83557128906,link-3,true
outward,3597,3.46,-1295.83557128906,link-3,true
outward,3598,3.919,-1296.33020019531,link-3,true
outward,3599,2.986,-1296.33020019531,link-3,true
outward,3600,5.038,-1296.33020019531,link-3,true
outward,3601,3.271,-1296.33020019531,link-3,true
outward,3602,4.151,-1296.826171875,link-3,true
outward,3603,2.889,-1296.826171875,link-3,true
outward,3604,4.485,-1296.826171875,link-3,true
outward,3605,3.278,-1296.826171875,link-3,true
outward,3606,3.489,-1296.826171875,link-3,true
outward,3607,4.565,-1297.32165527344,link-3,true
outward,3608,6.835,-1297.32165527344,link-3,true
outward,3609,2.612,-1297.32165527344,link-3,true
outward,3610,2.735,-1297.32165527344,link-3,true
outward,3611,5.326,-1297.81677246094,link-3,true
outward,3612,6.462,-1297.81677246094,link-3,true
outward,3613,2.627,-1297.81677246094,link-3,true
outward,3614,2.938,-1297.81677246094,link-3,true
outward,3615,4.855,-1297.81677246094,link-3,true
outward,3616,4.469,-1298.31140136719,link-3,true
outward,3617,2.659,-1298.31140136719,link-3,true
outward,3618,2.884,-1298.31140136719,link-3,true
outward,3619,3.565,-1298.31140136719,link-3,true
outward,3620,4.162,-1298.80737304688,link-3,true
outward,3621,4.33,-1298.80737304688,link-3,true
outward,3622,3.05,-1298.80737304688,link-3,true
outward,3623,3.363,-1298.80737304688,link-3,true
outward,3624,3.619,-1298.80737304688,link-3,true
outward,3625,5.362,-1299.30297851562,link-3,true
outward,3626,3.006,-1299.30297851562,link-3,true
outward,3627,3.468,-1299.30297851562,link-3,true
outward,3628,3.508,-1299.30297851562,link-3,true
outward,3629,4.163,-1299.79809570312,link-3,true
outward,3630,3.77,-1299.79809570312,link-3,true
outward,3631,3.214,-1299.79809570312,link-3,true
outward,3632,3.831,-1299.79809570312,link-3,true
outward,3633,3.423,-1299.79809570312,link-3,true
outward,3634,5.49,-1300.29272460938,link-3,true
outward,3635,2.684,-1300.29272460938,link-3,true
outward,3636,3.552,-1300.29272460938,link-3,true
outward,3637,3.324,-1300.29272460938,link-3,true
outward,3638,5.411,-1300.78881835938,link-3,true
outward,3639,2.374,-1300.78881835938,link-3,true
outward,3640,3.013,-1300.78881835938,link-3,true
outward,3641,3.547,-1300.78881835938,link-3,true
outward,3642,3.453,-1300.78881835938,link-3,true
outward,3643,5.73,-1301.28442382812,link-3,true
outward,3644,2.915,-1301.28442382812,link-3,true
outward,3645,3.125,-1301.28442382812,link-3,true
outward,3646,3.53,-1301.28442382812,link-3,true
outward,3647,4.356,-1301.77954101562,link-3,true
outward,3648,3.643,-1301.77954101562,link-3,true
outward,3649,3.387,-1301.77954101562,link-3,true
outward,3650,3.651,-1301.77954101562,link-3,true
outward,3651,3.447,-1301.77954101562,link-3,true
outward,3652,6.072,-1302.27416992188,link-3,true
outward,3653,2.489,-1302.27416992188,link-3,true
outward,3654,3.51,-1302.27416992188,link-3,true
outward,3655,3.409,-1302.27416992188,link-3,true
outward,3656,4.48,-1302.77026367188,link-3,true
outward,3657,3.371,-1302.77026367188,link-3,true
outward,3658,3.455,-1302.77026367188,link-3,true
outward,3659,3.41,-1302.77026367188,link-3,true
outward,3660,3.233,-1302.77026367188,link-3,true
outward,3661,5.909,-1303.26586914062,link-3,true
outward,3662,2.723,-1303.26586914062,link-3,true
outward,3663,3.395,-1303.26586914062,link-3,true
outward,3664,3.691,-1303.26586914062,link-3,true
outward,3665,4.162,-1303.76098632812,link-3,true
outward,3666,3.49,-1303.76098632812,link-3,true
outward,3667,3.625,-1303.76098632812,link-3,true
outward,3668,3.374,-1303.76098632812,link-3,true
outward,3669,3.452,-1303.76098632812,link-3,true
outward,3670,5.312,-1304.25561523438,link-3,true
outward,3671,2.478,-1304.25561523438,link-3,true
outward,3672,3.351,-1304.25561523438,link-3,true
outward,3673,3.594,-1304.25561523438,link-3,true
outward,3674,4.116,-1304.75170898438,link-3,true
outward,3675,3.743,-1304.75170898438,link-3,true
outward,3676,3.546,-1304.75170898438,link-3,true
outward,3677,3.403,-1304.75170898438,link-3,true
outward,3678,3.147,-1304.75170898438,link-3,true
outward,3679,6.271,-1305.24731445312,link-3,true
outward,3680,2.274,-1305.24731445312,link-3,true
outward,3681,3.653,-1305.24731445312,link-3,true
outward,3682,3.194,-1305.24731445312,link-3,true
outward,3683,4.348,-1305.74243164062,link-3,true
outward,3684,3.87,-1305.74243164062,link-3,true
outward,3685,3.315,-1305.74243164062,link-3,true
outward,3686,3.107,-1305.74243164062,link-3,true
outward,3687,3.406,-1305.74243164062,link-3,true
outward,3688,5.992,-1306.23718261719,link-3,true
outward,3689,2.459,-1306.23718261719,link-3,true
outward,3690,3.619,-1306.23718261719,link-3,true
outward,3691,3.316,-1306.23718261719,link-3,true
outward,3692,3.98,-1306.73327636719,link-3,true
outward,3693,3.751,-1306.73327636719,link-3,true
outward,3694,3.614,-1306.73327636719,link-3,true
outward,3695,3.164,-1306.73327636719,link-3,true
outward,3696,3.53,-1306.73327636719,link-3,true
outward,3697,5.559,-1307.22888183594,link-3,true
outward,3698,2.686,-1307.22888183594,link-3,true
outward,3699,3.299,-1307.22888183594,link-3,true
outward,3700,3.479,-1307.22888183594,link-3,true
outward,3701,4.028,-1307.72412109375,link-3,true
outward,3702,3.702,-1307.72412109375,link-3,true
outward,3703,3.703,-1307.72412109375,link-3,true
outward,3704,3.15,-1307.72412109375,link-3,true
outward,3705,4.355,-1307.72412109375,link-3,true
outward,3706,4.193,-1308.21887207031,link-3,true
outward,3707,2.864,-1308.21887207031,link-3,true
outward,3708,3.61,-1308.21887207031,link-3,true
outward,3709,3.518,-1308.21887207031,link-3,true
outward,3710,3.809,-1308.71496582031,link-3,true
outward,3711,3.501,-1308.71496582031,link-3,true
outward,3712,3.595,-1308.71496582031,link-3,true
outward,3713,3.253,-1308.71496582031,link-3,true
outward,3714,3.464,-1308.71496582031,link-3,true
outward,3715,5.14,-1309.21057128906,link-3,true
outward,3716,2.724,-1309.21057128906,link-3,true
outward,3717,3.451,-1309.21057128906,link-3,true
outward,3718,3.446,-1309.21057128906,link-3,true
outward,3719,3.972,-1309.70581054688,link-3,true
outward,3720,4.025,-1309.70581054688,link-3,true
outward,3721,3.41,-1309.70581054688,link-3,true
outward,3722,3.26,-1309.70581054688,link-3,true
outward,3723,3.395,-1309.70581054688,link-3,true
outward,3724,3.841,-1310.20056152344,link-3,true
outward,3725,3.91,-1310.20056152344,link-3,true
outward,3726,3.545,-1310.20056152344,link-3,true
outward,3727,3.127,-1310.20056152344,link-3,true
outward,3728,4.539,-1310.69665527344,link-3,true
outward,3729,4.381,-1310.69665527344,link-3,true
outward,3730,3.026,-1310.69665527344,link-3,true
outward,3731,3.627,-1310.69665527344,link-3,true
outward,3732,3.398,-1310.69665527344,link-3,true
outward,3733,5.232,-1311.1923828125,link-3,true
outward,3734,2.843,-1311.1923828125,link-3,true
outward,3735,3.371,-1311.1923828125,link-3,true
outward,3736,3.548,-1311.1923828125,link-3,true
outward,3737,4.222,-1311.68762207031,link-3,true
outward,3738,3.55,-1311.68762207031,link-3,true
outward,3739,3.25,-1311.68762207031,link-3,true
outward,3740,3.692,-1311.68762207031,link-3,true
outward,3741,3.313,-1311.68762207031,link-3,true
outward,3742,4.12,-1312.18237304688,link-3,true
outward,3743,3.927,-1312.18237304688,link-3,true
outward,3744,3.089,-1312.18237304688,link-3,true
outward,3745,3.415,-1312.18237304688,link-3,true
outward,3746,4.123,-1312.67858886719,link-3,true
outward,3747,4.266,-1312.67858886719,link-3,true
outward,3748,3.517,-1312.67858886719,link-3,true
outward,3749,3.345,-1312.67858886719,link-3,true
outward,3750,3.289,-1312.67858886719,link-3,true
outward,3751,4.18,-1313.17431640625,link-3,true
outward,3752,3.529,-1313.17431640625,link-3,true
outward,3753,3.181,-1313.17431640625,link-3,true
outward,3754,3.267,-1313.17431640625,link-3,true
outward,3755,4.215,-1313.66955566406,link-3,true
outward,3756,3.526,-1313.66955566406,link-3,true
outward,3757,3.831,-1313.66955566406,link-3,true
outward,3758,3.312,-1313.66955566406,link-3,true
outward,3759,3.451,-1313.66955566406,link-3,true
outward,3760,4.382,-1314.16430664062,link-3,true
outward,3761,3.737,-1314.16430664062,link-3,true
outward,3762,3.151,-1314.16430664062,link-3,true
outward,3763,3.444,-1314.16430664062,link-3,true
outward,3764,4.26,-1314.66052246094,link-3,true
outward,3765,3.378,-1314.66052246094,link-3,true
outward,3766,3.651,-1314.66052246094,link-3,true
outward,3767,3.035,-1314.66052246094,link-3,true
outward,3768,3.568,-1314.66052246094,link-3,true
outward,3769,4.414,-1315.15625,link-3,true
outward,3770,3.756,-1315.15625,link-3,true
outward,3771,3.391,-1315.15625,link-3,true
outward,3772,3.374,-1315.15625,link-3,true
outward,3773,4.143,-1315.65148925781,link-3,true
outward,3774,2.7,-1315.65148925781,link-3,true
outward,3775,5.217,-1315.65148925781,link-3,true
outward,3776,3.496,-1315.65148925781,link-3,true
outward,3777,3.426,-1315.65148925781,link-3,true
outward,3778,4.168,-1316.14624023438,link-3,true
outward,3779,3.913,-1316.14624023438,link-3,true
outward,3780,3.16,-1316.14624023438,link-3,true
outward,3781,3.402,-1316.14624023438,link-3,true
outward,3782,4.01,-1316.64245605469,link-3,true
outward,3783,2.461,-1316.64245605469,link-3,true
outward,3784,4.79,-1316.64245605469,link-3,true
outward,3785,3.12,-1316.64245605469,link-3,true
outward,3786,3.449,-1316.64245605469,link-3,true
outward,3787,5.024,-1317.13818359375,link-3,true
outward,3788,3.397,-1317.13818359375,link-3,true
outward,3789,3.548,-1317.13818359375,link-3,true
outward,3790,2.977,-1317.13818359375,link-3,true
outward,3791,4.129,-1317.63342285156,link-3,true
outward,3792,2.891,-1317.63342285156,link-3,true
outward,3793,4.093,-1317.63342285156,link-3,true
outward,3794,3.223,-1317.63342285156,link-3,true
outward,3795,3.474,-1317.63342285156,link-3,true
outward,3796,4.366,-1318.12829589844,link-3,true
outward,3797,3.617,-1318.12829589844,link-3,true
outward,3798,3.356,-1318.12829589844,link-3,true
outward,3799,3.469,-1318.12829589844,link-3,true
outward,3800,4.082,-1318.62451171875,link-3,true
outward,3801,2.59,-1318.62451171875,link-3,true
outward,3802,4.637,-1318.62451171875,link-3,true
outward,3803,3.304,-1318.62451171875,link-3,true
outward,3804,3.153,-1318.62451171875,link-3,true
outward,3805,4.275,-1319.12023925781,link-3,true
outward,3806,2.856,-1319.12023925781,link-3,true
outward,3807,4.641,-1319.12023925781,link-3,true
outward,3808,3.291,-1319.12023925781,link-3,true
outward,3809,5.244,-1319.61560058594,link-3,true
outward,3810,2.75,-1319.61560058594,link-3,true
outward,3811,3.324,-1319.61560058594,link-3,true
outward,3812,3.242,-1319.61560058594,link-3,true
outward,3813,3.5,-1319.61560058594,link-3,true
outward,3814,3.977,-1320.11047363281,link-3,true
outward,3815,2.849,-1320.11047363281,link-3,true
outward,3816,4.321,-1320.11047363281,link-3,true
outward,3817,3.23,-1320.11047363281,link-3,true
outward,3818,3.9,-1320.60668945312,link-3,true
outward,3819,2.901,-1320.60668945312,link-3,true
outward,3820,4.56,-1320.60668945312,link-3,true
outward,3821,3.185,-1320.60668945312,link-3,true
outward,3822,3.347,-1320.60668945312,link-3,true
outward,3823,4.159,-1321.1025390625,link-3,true
outward,3824,2.717,-1321.1025390625,link-3,true
outward,3825,4.776,-1321.1025390625,link-3,true
outward,3826,3.19,-1321.1025390625,link-3,true
outward,3827,3.128,-1321.1025390625,link-3,true
outward,3828,4.358,-1321.59790039062,link-3,true
outward,3829,3.352,-1321.59790039062,link-3,true
outward,3830,3.575,-1321.59790039062,link-3,true
outward,3831,3.502,-1321.59790039062,link-3,true
outward,3832,3.293,-1321.59790039062,link-3,true
outward,3833,4.114,-1322.0927734375,link-3,true
outward,3834,4.012,-1322.0927734375,link-3,true
outward,3835,3.371,-1322.0927734375,link-3,true
outward,3836,3.141,-1322.0927734375,link-3,true
outward,3837,3.448,-1322.0927734375,link-3,true
outward,3838,4.083,-1322.58911132812,link-3,true
outward,3839,3.601,-1322.58911132812,link-3,true
outward,3840,3.225,-1322.58911132812,link-3,true
outward,3841,3.418,-1322.58911132812,link-3,true
outward,3842,3.451,-1322.58911132812,link-3,true
outward,3843,5.118,-1323.0849609375,link-3,true
outward,3844,2.634,-1323.0849609375,link-3,true
outward,3845,3.263,-1323.0849609375,link-3,true
outward,3846,3.169,-1323.0849609375,link-3,true
outward,3847,3.316,-1323.0849609375,link-3,true
outward,3848,5.435,-1323.58032226562,link-3,true
outward,3849,2.633,-1323.58032226562,link-3,true
outward,3850,3.373,-1323.58032226562,link-3,true
outward,3851,3.329,-1323.58032226562,link-3,true
outward,3852,3.374,-1323.58032226562,link-3,true
outward,3853,4.991,-1324.0751953125,link-3,true
outward,3854,2.552,-1324.0751953125,link-3,true
outward,3855,3.736,-1324.0751953125,link-3,true
outward,3856,2.98,-1324.0751953125,link-3,true
outward,3857,5.201,-1324.57153320312,link-3,true
outward,3858,2.792,-1324.57153320312,link-3,true
outward,3859,3.295,-1324.57153320312,link-3,true
outward,3860,3.454,-1324.57153320312,link-3,true
outward,3861,3.186,-1324.57153320312,link-3,true
outward,3862,5.523,-1325.0673828125,link-3,true
outward,3863,2.864,-1325.0673828125,link-3,true
outward,3864,3.13,-1325.0673828125,link-3,true
outward,3865,3.53,-1325.0673828125,link-3,true
outward,3866,3.401,-1325.0673828125,link-3,true
outward,3867,4.955,-1325.56274414062,link-3,true
outward,3868,2.637,-1325.56274414062,link-3,true
outward,3869,3.599,-1325.56274414062,link-3,true
outward,3870,3.262,-1325.56274414062,link-3,true
outward,3871,5.353,-1326.0576171875,link-3,true
outward,3872,2.741,-1326.0576171875,link-3,true
outward,3873,3.137,-1326.0576171875,link-3,true
outward,3874,3.504,-1326.0576171875,link-3,true
outward,3875,3.247,-1326.0576171875,link-3,true
outward,3876,4.974,-1326.55395507812,link-3,true
outward,3877,2.451,-1326.55395507812,link-3,true
outward,3878,3.532,-1326.55395507812,link-3,true
outward,3879,3.4,-1326.55395507812,link-3,true
outward,3880,3.996,-1326.55395507812,link-3,true
outward,3881,4.314,-1327.0498046875,link-3,true
outward,3882,2.584,-1327.0498046875,link-3,true
outward,3883,3.625,-1327.0498046875,link-3,true
outward,3884,4.108,-1327.0498046875,link-3,true
outward,3885,4.121,-1327.54516601562,link-3,true
outward,3886,2.571,-1327.54516601562,link-3,true
outward,3887,3.602,-1327.54516601562,link-3,true
outward,3888,3.467,-1327.54516601562,link-3,true
outward,3889,3.156,-1327.54516601562,link-3,true
outward,3890,5.399,-1328.0400390625,link-3,true
outward,3891,2.489,-1328.0400390625,link-3,true
outward,3892,3.409,-1328.0400390625,link-3,true
outward,3893,3.435,-1328.0400390625,link-3,true
outward,3894,4.116,-1328.0400390625,link-3,true
outward,3895,3.908,-1328.53637695312,link-3,true
outward,3896,2.888,-1328.53637695312,link-3,true
outward,3897,3.466,-1328.53637695312,link-3,true
outward,3898,3.107,-1328.53637695312,link-3,true
outward,3899,5.701,-1329.0322265625,link-3,true
outward,3900,2.631,-1329.0322265625,link-3,true
outward,3901,3.193,-1329.0322265625,link-3,true
outward,3902,3.515,-1329.0322265625,link-3,true
outward,3903,3.491,-1329.0322265625,link-3,true
outward,3904,4.798,-1329.52758789062,link-3,true
outward,3905,2.936,-1329.52758789062,link-3,true
outward,3906,3.428,-1329.52758789062,link-3,true
outward,3907,3.189,-1329.52758789062,link-3,true
outward,3908,7.81,-1330.02258300781,link-3,true
outward,3909,2.201,-1330.02258300781,link-3,true
outward,3910,2.661,-1330.02258300781,link-3,true
outward,3911,3.403,-1330.02258300781,link-3,true
outward,3912,5.025,-1330.02258300781,link-3,true
outward,3913,3.949,-1330.51892089844,link-3,true
outward,3914,2.69,-1330.51892089844,link-3,true
outward,3915,3.4,-1330.51892089844,link-3,true
outward,3916,3.165,-1330.51892089844,link-3,true
outward,3917,5.71,-1331.01477050781,link-3,true
outward,3918,3.121,-1331.01477050781,link-3,true
outward,3919,2.972,-1331.01477050781,link-3,true
outward,3920,5.902,-1331.01477050781,link-3,true
outward,3921,2.437,-1331.01477050781,link-3,true
outward,3922,3.433,-1331.51025390625,link-3,true
outward,3923,2.67,-1331.51025390625,link-3,true
outward,3924,6.673,-1331.51025390625,link-3,true
outward,3925,2.936,-1331.51025390625,link-3,true
outward,3926,3.101,-1332.00524902344,link-3,true
outward,3927,3.039,-1332.00524902344,link-3,true
outward,3928,3.311,-1332.00524902344,link-3,true
outward,3929,3.276,-1332.00524902344,link-3,true
outward,3930,5.048,-1332.00524902344,link-3,true
outward,3931,4.039,-1332.50158691406,link-3,true
outward,3932,2.712,-1332.50158691406,link-3,true
outward,3933,3.572,-1332.50158691406,link-3,true
outward,3934,3.284,-1332.50158691406,link-3,true
outward,3935,5.163,-1332.99755859375,link-3,true
outward,3936,3.157,-1332.99755859375,link-3,true
outward,3937,3.211,-1332.99755859375,link-3,true
outward,3938,3.371,-1332.99755859375,link-3,true
outward,3939,5.492,-1332.99755859375,link-3,true
outward,3940,3.821,-1333.49304199219,link-3,true
outward,3941,2.836,-1333.49304199219,link-3,true
outward,3942,3.463,-1333.49304199219,link-3,true
outward,3943,3.247,-1333.49304199219,link-3,true
outward,3944,5.314,-1333.98803710938,link-3,true
outward,3945,2.701,-1333.98803710938,link-3,true
outward,3946,3.421,-1333.98803710938,link-3,true
outward,3947,3.4,-1333.98803710938,link-3,true
outward,3948,4.815,-1333.98803710938,link-3,true
outward,3949,3.86,-1334.48449707031,link-3,true
outward,3950,2.813,-1334.48449707031,link-3,true
outward,3951,3.303,-1334.48449707031,link-3,true
outward,3952,3.347,-1334.48449707031,link-3,true
outward,3953,5.497,-1334.98046875,link-3,true
outward,3954,2.603,-1334.98046875,link-3,true
outward,3955,3.466,-1334.98046875,link-3,true
outward,3956,3.592,-1334.98046875,link-3,true
outward,3957,5.294,-1334.98046875,link-3,true
outward,3958,3.856,-1335.47595214844,link-3,true
outward,3959,2.942,-1335.47595214844,link-3,true
outward,3960,3.406,-1335.47595214844,link-3,true
outward,3961,4.761,-1335.47595214844,link-3,true
outward,3962,4.401,-1335.97094726562,link-3,true
outward,3963,2.322,-1335.97094726562,link-3,true
outward,3964,3.811,-1335.97094726562,link-3,true
outward,3965,5.349,-1335.97094726562,link-3,true
outward,3966,3.248,-1335.97094726562,link-3,true
outward,3967,3.785,-1336.46545410156,link-3,true
outward,3968,2.716,-1336.46545410156,link-3,true
outward,3969,3.189,-1336.46545410156,link-3,true
outward,3970,4.295,-1336.46545410156,link-3,true
outward,3971,3.971,-1336.96142578125,link-3,true
outward,3972,2.652,-1336.96142578125,link-3,true
outward,3973,3.549,-1336.96142578125,link-3,true
outward,3974,3.509,-1336.96142578125,link-3,true
outward,3975,4.513,-1336.96142578125,link-3,true
outward,3976,4.15,-1337.45690917969,link-3,true
outward,3977,2.733,-1337.45690917969,link-3,true
outward,3978,3.386,-1337.45690917969,link-3,true
outward,3979,3.251,-1337.45690917969,link-3,true
outward,3980,5.31,-1337.95190429688,link-3,true
outward,3981,2.555,-1337.95190429688,link-3,true
outward,3982,3.736,-1337.95190429688,link-3,true
outward,3983,3.938,-1337.95190429688,link-3,true
outward,3984,4.222,-1337.95190429688,link-3,true
outward,3985,3.974,-1338.44653320312,link-3,true
outward,3986,2.659,-1338.44653320312,link-3,true
outward,3987,3.254,-1338.44653320312,link-3,true
outward,3988,3.432,-1338.44653320312,link-3,true
outward,3989,3.818,-1338.94250488281,link-3,true
outward,3990,2.825,-1338.94250488281,link-3,true
outward,3991,3.27,-1338.94250488281,link-3,true
outward,3992,5.486,-1338.94250488281,link-3,true
outward,3993,3.339,-1338.94250488281,link-3,true
outward,3994,3.907,-1339.43798828125,link-3,true
outward,3995,2.627,-1339.43798828125,link-3,true
outward,3996,5.012,-1339.43798828125,link-3,true
outward,3997,3.318,-1339.43798828125,link-3,true
outward,3998,3.923,-1339.93310546875,link-3,true
outward,3999,2.765,-1339.93310546875,link-3,true
outward,4000,3.31,-1339.93310546875,link-3,true
outward,4001,4.782,-1339.93310546875,link-3,true
outward,4002,3.3,-1339.93310546875,link-3,true
outward,4003,3.912,-1340.427734375,link-3,true
outward,4004,2.564,-1340.427734375,link-3,true
outward,4005,4.992,-1340.427734375,link-3,true
outward,4006,10.962,-1340.427734375,link-3,true
outward,4007,14.687,-1340.92370605469,link-3,true
outward,4008,19.055,-1341.41931152344,link-3,true
outward,4009,17.139,-1341.91442871094,link-3,true
outward,4010,14.461,-1342.40905761719,link-3,true
outward,4011,17.648,-1342.90502929688,link-3,true
outward,4012,17.492,-1343.40063476562,link-3,true
outward,4013,21.606,-1344.39038085938,link-3,true
outward,4014,13.907,-1344.88647460938,link-3,true
outward,4015,23.592,-1345.38208007812,link-3,true
outward,4016,14.022,-1345.87719726562,link-3,true
outward,4017,18.873,-1346.37182617188,link-3,true
outward,4018,18.932,-1346.86791992188,link-3,true
outward,4019,14.549,-1347.36352539062,link-3,true
outward,4020,19.915,-1347.85864257812,link-3,true
outward,4021,17.518,-1348.35339355469,link-3,true
outward,4022,14.509,-1348.84948730469,link-3,true
outward,4023,21.48,-1349.34509277344,link-3,true
outward,4024,14.197,-1349.84020996094,link-3,true
return,4064,0.58,-1350.0,link-3,true
return,4065,18.769,-1349.99450683594,link-3,true
return,4066,17.845,-1349.9892578125,link-3,true
return,4067,18.179,-1349.98229980469,link-3,true
return,4068,15.635,-1349.9736328125,link-3,true
return,4069,18.948,-1349.96325683594,link-3,true
return,4070,18.173,-1349.951171875,link-3,true
return,4071,15.56,-1349.93737792969,link-3,true
return,4072,23.129,-1349.921875,link-3,true
return,4073,14.976,-1349.90478515625,link-3,true
return,4074,18.831,-1349.88598632812,link-3,true
return,4075,19.922,-1349.86547851562,link-3,true
return,4076,21.915,-1349.8193359375,link-3,true
return,4077,18.77,-1349.79370117188,link-3,true
return,4078,22.107,-1349.76623535156,link-3,true
return,4079,19.182,-1349.73718261719,link-3,true
return,4080,15.397,-1349.70642089844,link-3,true
return,4081,24.653,-1349.63977050781,link-3,true
return,4082,14.573,-1349.60388183594,link-3,true
return,4083,22.054,-1349.56628417969,link-3,true
return,4084,19.147,-1349.52697753906,link-3,true
return,4085,22.422,-1349.44323730469,link-3,true
return,4086,18.753,-1349.39892578125,link-3,true
return,4087,20.185,-1349.35290527344,link-3,true
return,4088,19.684,-1349.30517578125,link-3,true
return,4089,15.299,-1349.25573730469,link-3,true
return,4090,22.579,-1349.15173339844,link-3,true
return,4091,14.462,-1349.09716796875,link-3,true
return,4092,22.108,-1349.04089355469,link-3,true
return,4093,18.857,-1348.98291015625,link-3,true
return,4094,20.416,-1348.92333984375,link-3,true
return,4095,20.234,-1348.79907226562,link-3,true
return,4096,14.954,-1348.734375,link-3,true
return,4097,21.948,-1348.66796875,link-3,true
return,4098,14.706,-1348.59985351562,link-3,true
return,4099,28.113,-1348.53002929688,link-3,true
return,4100,15.299,-1348.38525390625,link-3,true
return,4101,21.613,-1348.31042480469,link-3,true
return,4102,19.682,-1348.23388671875,link-3,true
return,4103,15.356,-1348.15563964844,link-3,true
return,4104,19.912,-1348.07568359375,link-3,true
return,4105,19.572,-1347.91064453125,link-3,true
return,4106,20.01,-1347.82556152344,link-3,true
return,4107,19.395,-1347.73876953125,link-3,true
return,4108,15.554,-1347.650390625,link-3,true
return,4109,26.396,-1347.56030273438,link-3,true
return,4110,14.596,-1347.46850585938,link-3,true
return,4111,26.694,-1347.27978515625,link-3,true
return,4112,14.486,-1347.18286132812,link-3,true
return,4113,21.945,-1347.08422851562,link-3,true
return,4114,19.192,-1346.98400878906,link-3,true
return,4115,22.278,-1346.88208007812,link-3,true
return,4116,14.742,-1346.77844238281,link-3,true
return,4117,25.716,-1346.56604003906,link-3,true
return,4118,13.936,-1346.45739746094,link-3,true
return,4119,19.706,-1346.34704589844,link-3,true
return,4120,19.64,-1346.23510742188,link-3,true
return,4121,21.996,-1346.12145996094,link-3,true
return,4122,19.247,-1346.00610351562,link-3,true
return,4123,22.272,-1345.77026367188,link-3,true
return,4124,18.684,-1345.64978027344,link-3,true
return,4125,21.584,-1345.52770996094,link-3,true
return,4126,19.144,-1345.40393066406,link-3,true
return,4127,20.166,-1345.27844238281,link-3,true
return,4128,19.378,-1345.15124511719,link-3,true
return,4129,21.705,-1344.89172363281,link-3,true
return,4130,19.075,-1344.75952148438,link-3,true
return,4131,15.388,-1344.62561035156,link-3,true
return,4132,18.752,-1344.48999023438,link-3,true
return,4133,18.029,-1344.35266113281,link-3,true
return,4134,18.776,-1344.21374511719,link-3,true
return,4135,18.749,-1343.93090820312,link-3,true
return,4136,15.026,-1343.78698730469,link-3,true
return,4137,18.724,-1343.64135742188,link-3,true
return,4138,18.286,-1343.49401855469,link-3,true
return,4139,20.758,-1343.34497070312,link-3,true
return,4140,17.927,-1343.1943359375,link-3,true
return,4141,15.832,-1343.0419921875,link-3,true
return,4142,18.363,-1342.88793945312,link-3,true
return,4143,22.366,-1342.57482910156,link-3,true
return,4144,19.601,-1342.41589355469,link-3,true
return,4145,18.3,-1342.25524902344,link-3,true
return,4146,15.421,-1342.09289550781,link-3,true
return,4147,18.795,-1341.92883300781,link-3,true
return,4148,18.153,-1341.76318359375,link-3,true
return,4149,20.64,-1341.59582519531,link-3,true
return,4150,18.162,-1341.4267578125,link-3,true
return,4151,15.324,-1341.25598144531,link-3,true
return,4152,19.024,-1341.08361816406,link-3,true
return,4153,17.922,-1340.90966796875,link-3,true
return,4154,19.346,-1340.556640625,link-3,true
return,4155,17.672,-1340.37756347656,link-3,true
return,4156,18.448,-1340.19689941406,link-3,true
return,4157,15.601,-1340.01452636719,link-3,true
return,4158,18.33,-1339.83056640625,link-3,true
return,4159,14.767,-1339.64489746094,link-3,true
return,4160,23.311,-1339.45764160156,link-3,true
return,4161,14.515,-1339.26867675781,link-3,true
return,4162,19.936,-1339.07800292969,link-3,true
return,4163,18.867,-1338.88562011719,link-3,true
return,4164,15.317,-1338.69165039062,link-3,true
return,4165,20.007,-1338.49609375,link-3,true
return,4166,18.199,-1338.09997558594,link-3,true
return,4167,19.913,-1337.8994140625,link-3,true
return,4168,17.885,-1337.69714355469,link-3,true
return,4169,15.309,-1337.49328613281,link-3,true
return,4170,18.616,-1337.28784179688,link-3,true
return,4171,18.066,-1337.08068847656,link-3,true
return,4172,20.427,-1336.87182617188,link-3,true
return,4173,18.063,-1336.66137695312,link-3,true
return,4174,15.434,-1336.44921875,link-3,true
return,4175,18.604,-1336.23547363281,link-3,true
return,4176,17.796,-1336.02014160156,link-3,true
return,4177,15.505,-1335.80310058594,link-3,true
return,4178,19.31,-1335.58435058594,link-3,true
return,4179,18.191,-1335.36413574219,link-3,true
return,4180,15.344,-1335.14221191406,link-3,true
return,4181,18.729,-1334.91857910156,link-3,true
return,4182,17.964,-1334.693359375,link-3,true
return,4183,20.395,-1334.46643066406,link-3,true
return,4184,18.0,-1334.23791503906,link-3,true
return,4185,15.476,-1334.0078125,link-3,true
return,4186,18.977,-1333.54248046875,link-3,true
return,4187,17.918,-1333.30749511719,link-3,true
return,4188,15.306,-1333.07080078125,link-3,true
return,4189,23.347,-1332.83239746094,link-3,true
return,4190,15.11,-1332.59240722656,link-3,true
return,4191,19.938,-1332.35083007812,link-3,true
return,4192,19.064,-1332.10754394531,link-3,true
return,4193,15.529,-1331.86267089844,link-3,true
return,4194,25.674,-1331.6162109375,link-3,true
return,4195,14.916,-1331.3681640625,link-3,true
return,4196,18.285,-1331.11840820312,link-3,true
return,4197,19.479,-1330.86694335938,link-3,true
return,4198,16.206,-1330.359375,link-3,true
return,4199,19.009,-1330.10314941406,link-3,true
return,4200,18.799,-1329.84533691406,link-3,true
return,4201,21.392,-1329.58581542969,link-3,true
return,4202,19.609,-1329.32470703125,link-3,true
return,4203,15.336,-1329.06201171875,link-3,true
return,4204,19.676,-1328.79772949219,link-3,true
return,4205,19.201,-1328.53173828125,link-3,true
return,4206,22.328,-1327.9951171875,link-3,true
return,4207,20.234,-1327.72424316406,link-3,true
return,4208,15.412,-1327.45190429688,link-3,true
return,4209,19.588,-1327.17785644531,link-3,true
return,4210,18.92,-1326.90222167969,link-3,true
return,4211,22.129,-1326.625,link-3,true
return,4212,19.317,-1326.06567382812,link-3,true
return,4213,15.188,-1325.78369140625,link-3,true
return,4214,25.796,-1325.5,link-3,true
return,4215,14.783,-1325.21472167969,link-3,true
return,4216,20.243,-1324.92785644531,link-3,true
return,4217,19.339,-1324.63940429688,link-3,true
return,4218,15.842,-1324.05773925781,link-3,true
return,4219,18.679,-1323.76440429688,link-3,true
return,4220,22.91,-1323.46960449219,link-3,true
return,4221,19.621,-1323.17309570312,link-3,true
return,4222,18.977,-1322.87512207031,link-3,true
return,4223,15.479,-1322.57543945312,link-3,true
return,4224,19.913,-1321.97143554688,link-3,true
return,4225,18.549,-1321.6669921875,link-3,true
return,4226,20.127,-1321.36096191406,link-3,true
return,4227,20.747,-1321.05334472656,link-3,true
return,4228,15.568,-1320.744140625,link-3,true
return,4229,19.571,-1320.43334960938,link-3,true
return,4230,19.033,-1320.12109375,link-3,true
return,4231,19.058,-1319.49169921875,link-3,true
return,4232,19.172,-1319.17456054688,link-3,true
return,4233,15.718,-1318.85595703125,link-3,true
return,4234,19.316,-1318.53564453125,link-3,true
return,4235,19.24,-1318.2138671875,link-3,true
return,4236,19.929,-1317.89050292969,link-3,true
return,4237,18.911,-1317.56555175781,link-3,true
return,4238,21.922,-1316.91088867188,link-3,true
return,4239,18.871,-1316.58117675781,link-3,true
return,4240,15.314,-1316.25,link-3,true
return,4241,18.818,-1315.91711425781,link-3,true
return,4242,21.962,-1315.58276367188,link-3,true
return,4243,18.209,-1315.24682617188,link-3,true
return,4244,18.307,-1314.90930175781,link-3,true
return,4245,15.401,-1314.22961425781,link-3,true
return,4246,18.422,-1313.88732910156,link-3,true
return,4247,22.091,-1313.54357910156,link-3,true
return,4248,18.204,-1313.19836425781,link-3,true
return,4249,17.988,-1312.85144042969,link-3,true
return,4250,15.362,-1312.50305175781,link-3,true
return,4251,18.683,-1312.15307617188,link-3,true
return,4252,17.921,-1311.80151367188,link-3,true
return,4253,20.852,-1311.09375,link-3,true
return,4254,17.657,-1310.73754882812,link-3,true
return,4255,15.377,-1310.37976074219,link-3,true
return,4256,18.695,-1310.0205078125,link-3,true
return,4257,18.055,-1309.65966796875,link-3,true
return,4258,20.439,-1309.29724121094,link-3,true
return,4259,18.032,-1308.93334960938,link-3,true
return,4260,15.335,-1308.56787109375,link-3,true
return,4261,18.629,-1308.20080566406,link-3,true
return,4262,18.007,-1307.83227539062,link-3,true
return,4263,18.682,-1307.46215820312,link-3,true
return,4264,20.297,-1306.71740722656,link-3,true
return,4265,14.872,-1306.34265136719,link-3,true
return,4266,18.665,-1305.96643066406,link-3,true
return,4267,17.934,-1305.58874511719,link-3,true
return,4268,20.099,-1305.20947265625,link-3,true
return,4269,18.966,-1304.82861328125,link-3,true
return,4270,15.426,-1304.4462890625,link-3,true
return,4271,19.758,-1304.06237792969,link-3,true
return,4272,18.541,-1303.67700195312,link-3,true
return,4273,18.796,-1303.29016113281,link-3,true
return,4274,17.862,-1302.90173339844,link-3,true
return,4275,15.337,-1302.51171875,link-3,true
return,4276,18.767,-1301.72729492188,link-3,true
return,4277,17.585,-1301.33288574219,link-3,true
return,4278,15.238,-1300.93688964844,link-3,true
return,4279,23.329,-1300.53930664062,link-3,true
return,4280,14.394,-1300.14025878906,link-3,true
return,4281,18.248,-1299.73974609375,link-3,true
return,4282,17.981,-1299.33764648438,link-3,true
return,4283,15.149,-1298.93408203125,link-3,true
return,4284,18.63,-1298.52905273438,link-3,true
return,4285,17.574,-1298.12255859375,link-3,true
return,4286,20.364,-1297.71459960938,link-3,true
return,4287,14.552,-1297.30505371094,link-3,true
return,4288,23.389,-1296.48132324219,link-3,true
return,4289,13.894,-1296.48132324219,link-3,true
return,4290,20.609,-1296.06726074219,link-3,true
return,4291,18.641,-1295.65173339844,link-3,true
return,4292,21.865,-1295.23474121094,link-3,true
return,4293,19.539,-1294.81616210938,link-3,true
return,4294,15.303,-1294.39611816406,link-3,true
return,4295,23.894,-1293.55163574219,link-3,true
return,4296,14.255,-1293.12719726562,link-3,true
return,4297,21.234,-1292.70129394531,link-3,true
return,4298,19.28,-1292.27392578125,link-3,true
return,4299,22.03,-1291.84497070312,link-3,true
return,4300,19.153,-1291.41455078125,link-3,true
return,4301,15.348,-1290.98266601562,link-3,true
return,4302,22.363,-1290.11450195312,link-3,true
return,4303,14.262,-1289.67822265625,link-3,true
return,4304,21.675,-1289.24047851562,link-3,true
return,4305,18.965,-1288.80126953125,link-3,true
return,4306,21.837,-1288.36059570312,link-3,true
return,4307,19.058,-1287.91845703125,link-3,true
return,4308,22.029,-1287.02978515625,link-3,true
return,4309,18.79,-1286.58325195312,link-3,true
return,4310,21.651,-1286.13525390625,link-3,true
return,4311,18.883,-1285.68579101562,link-3,true
return,4312,22.027,-1284.78247070312,link-3,true
return,4313,18.69,-1284.32849121094,link-3,true
return,4314,21.703,-1283.87316894531,link-3,true
return,4315,19.514,-1283.41650390625,link-3,true
return,4316,15.108,-1282.95837402344,link-3,true
return,4317,24.101,-1282.03771972656,link-3,true
return,4318,14.455,-1281.5751953125,link-3,true
return,4319,21.735,-1281.11120605469,link-3,true
return,4320,19.16,-1280.64575195312,link-3,true
return,4321,22.161,-1279.71069335938,link-3,true
return,4322,18.794,-1279.24096679688,link-3,true
return,4323,19.804,-1278.76977539062,link-3,true
return,4324,19.035,-1278.29711914062,link-3,true
return,4325,21.721,-1277.82299804688,link-3,true
return,4326,19.043,-1276.87060546875,link-3,true
return,4327,20.868,-1276.39221191406,link-3,true
return,4328,14.764,-1275.91247558594,link-3,true
return,4329,26.359,-1275.43127441406,link-3,true
return,4330,14.488,-1274.94873046875,link-3,true
return,4331,20.27,-1273.97924804688,link-3,true
return,4332,18.489,-1273.49230957031,link-3,true
return,4333,21.888,-1273.00402832031,link-3,true
return,4334,19.418,-1272.51440429688,link-3,true
return,4335,18.948,-1272.02331542969,link-3,true
return,4336,15.675,-1271.03686523438,link-3,true
return,4337,25.433,-1270.54150390625,link-3,true
return,4338,14.5,-1270.04663085938,link-3,true
return,4339,19.36,-1269.55029296875,link-3,true
return,4340,18.943,-1269.05444335938,link-3,true
return,4341,15.21,-1268.55908203125,link-3,true
return,4342,19.466,-1268.06420898438,link-3,true
return,4343,17.561,-1267.56787109375,link-3,true
return,4344,22.54,-1266.57666015625,link-3,true
return,4345,18.212,-1266.08178710938,link-3,true
return,4346,15.307,-1265.58544921875,link-3,true
return,4347,19.441,-1265.08959960938,link-3,true
return,4348,18.843,-1264.59423828125,link-3,true
return,4349,20.502,-1264.09936523438,link-3,true
return,4350,14.655,-1263.60302734375,link-3,true
return,4351,18.493,-1263.10717773438,link-3,true
return,4352,18.26,-1262.61181640625,link-3,true
return,4353,14.884,-1262.11682128906,link-3,true
return,4354,22.243,-1261.12268066406,link-3,true
return,4355,13.988,-1261.12268066406,link-3,true
return,4356,19.014,-1260.62536621094,link-3,true
return,4357,18.089,-1260.12854003906,link-3,true
return,4358,14.872,-1259.63220214844,link-3,true
return,4359,21.855,-1259.13635253906,link-3,true
return,4360,14.747,-1258.64086914062,link-3,true
return,4361,18.488,-1258.14587402344,link-3,true
return,4362,17.967,-1257.64953613281,link-3,true
return,4363,15.451,-1257.15356445312,link-3,true
return,4364,18.521,-1256.65808105469,link-3,true
return,4365,21.722,-1256.1630859375,link-3,true
return,4366,18.091,-1255.66857910156,link-3,true
return,4367,17.882,-1255.17260742188,link-3,true
return,4368,15.382,-1254.67712402344,link-3,true
return,4369,18.557,-1254.18212890625,link-3,true
return,4370,18.628,-1253.193359375,link-3,true
return,4371,19.806,-1252.69787597656,link-3,true
return,4372,18.021,-1252.20275878906,link-3,true
return,4373,15.436,-1251.70812988281,link-3,true
return,4374,23.234,-1251.21215820312,link-3,true
return,4375,14.62,-1250.71655273438,link-3,true
return,4376,23.877,-1250.22143554688,link-3,true
return,4377,14.753,-1249.72680664062,link-3,true
return,4378,20.357,-1248.73327636719,link-3,true
return,4379,17.362,-1248.236328125,link-3,true
return,4380,15.525,-1247.73974609375,link-3,true
return,4381,18.463,-1247.24365234375,link-3,true
return,4382,17.828,-1246.748046875,link-3,true
return,4383,20.213,-1246.2529296875,link-3,true
return,4384,18.119,-1245.75830078125,link-3,true
return,4385,15.456,-1245.26220703125,link-3,true
return,4386,18.765,-1244.271484375,link-3,true
return,4387,18.082,-1243.77685546875,link-3,true
return,4388,19.82,-1243.28076171875,link-3,true
return,4389,18.21,-1242.78515625,link-3,true
return,4390,15.343,-1242.2900390625,link-3,true
return,4391,18.521,-1241.79541015625,link-3,true
return,4392,18.101,-1241.29931640625,link-3,true
return,4393,20.059,-1240.8037109375,link-3,true
return,4394,17.662,-1240.30859375,link-3,true
return,4395,16.49,-1239.31958007812,link-3,true
return,4396,17.656,-1238.82397460938,link-3,true
return,4397,17.817,-1238.32873535156,link-3,true
return,4398,22.35,-1237.833984375,link-3,true
return,4399,15.296,-1237.337890625,link-3,true
return,4400,15.214,-1236.84216308594,link-3,true
return,4401,18.371,-1236.34692382812,link-3,true
return,4402,21.463,-1235.85217285156,link-3,true
return,4403,17.993,-1235.35607910156,link-3,true
return,4404,18.409,-1234.36511230469,link-3,true
return,4405,21.162,-1233.87036132812,link-3,true
return,4406,18.97,-1233.37414550781,link-3,true
return,4407,15.055,-1232.87841796875,link-3,true
return,4408,25.375,-1232.38317871094,link-3,true
return,4409,14.445,-1231.88830566406,link-3,true
return,4410,18.495,-1231.39208984375,link-3,true
return,4411,19.502,-1230.89636230469,link-3,true
return,4412,14.988,-1230.40100097656,link-3,true
return,4413,24.303,-1229.41174316406,link-3,true
return,4414,14.026,-1228.91589355469,link-3,true
return,4415,19.277,-1228.42053222656,link-3,true
return,4416,19.211,-1227.92565917969,link-3,true
return,4417,15.26,-1227.42932128906,link-3,true
return,4418,19.296,-1226.93347167969,link-3,true
return,4419,18.871,-1226.43811035156,link-3,true
return,4420,21.246,-1225.94323730469,link-3,true
return,4421,17.868,-1225.44689941406,link-3,true
return,4422,21.921,-1224.45568847656,link-3,true
return,4423,18.73,-1223.96081542969,link-3,true
return,4424,21.167,-1223.46447753906,link-3,true
return,4425,18.889,-1222.96862792969,link-3,true
return,4426,21.622,-1222.47326660156,link-3,true
return,4427,20.163,-1221.97839355469,link-3,true
return,4428,14.021,-1221.48205566406,link-3,true
return,4429,24.232,-1220.98620605469,link-3,true
return,4430,14.977,-1219.99597167969,link-3,true
return,4431,19.38,-1219.49963378906,link-3,true
return,4432,19.298,-1219.00378417969,link-3,true
return,4433,15.411,-1218.50842285156,link-3,true
return,4434,19.573,-1218.01342773438,link-3,true
return,4435,19.111,-1217.51708984375,link-3,true
return,4436,21.665,-1217.02124023438,link-3,true
return,4437,18.732,-1216.52575683594,link-3,true
return,4438,15.755,-1215.53625488281,link-3,true
return,4439,19.234,-1215.04040527344,link-3,true
return,4440,18.778,-1214.544921875,link-3,true
return,4441,21.778,-1214.04992675781,link-3,true
return,4442,19.022,-1213.55541992188,link-3,true
return,4443,15.284,-1213.05944824219,link-3,true
return,4444,19.445,-1212.56396484375,link-3,true
return,4445,18.482,-1212.06896972656,link-3,true
return,4446,15.26,-1211.08020019531,link-3,true
return,4447,21.469,-1210.58471679688,link-3,true
return,4448,18.621,-1210.08959960938,link-3,true
return,4449,15.21,-1209.59497070312,link-3,true
return,4450,19.365,-1209.09899902344,link-3,true
return,4451,18.787,-1208.60339355469,link-3,true
return,4452,21.541,-1208.10827636719,link-3,true
return,4453,18.851,-1207.61364746094,link-3,true
return,4454,15.024,-1207.11755371094,link-3,true
return,4455,19.668,-1206.12683105469,link-3,true
return,4456,18.284,-1205.63220214844,link-3,true
return,4457,18.569,-1205.13610839844,link-3,true
return,4458,17.848,-1204.64050292969,link-3,true
return,4459,15.132,-1204.14538574219,link-3,true
return,4460,18.627,-1203.65075683594,link-3,true
return,4461,17.435,-1203.15466308594,link-3,true
return,4462,18.064,-1202.65905761719,link-3,true
return,4463,17.624,-1202.16394042969,link-3,true
return,4464,15.55,-1201.17492675781,link-3,true
return,4465,18.317,-1200.67932128906,link-3,true
return,4466,17.585,-1200.18408203125,link-3,true
return,4467,15.277,-1199.68933105469,link-3,true
return,4468,23.074,-1199.19311523438,link-3,true
return,4469,14.511,-1198.69750976562,link-3,true
return,4470,18.345,-1198.20227050781,link-3,true
return,4471,17.916,-1197.70751953125,link-3,true
return,4472,15.122,-1197.21142578125,link-3,true
return,4473,18.463,-1196.71569824219,link-3,true
return,4474,17.531,-1196.22058105469,link-3,true
return,4475,18.459,-1195.72583007812,link-3,true
return,4476,19.476,-1195.22973632812,link-3,true
return,4477,15.389,-1194.73400878906,link-3,true
return,4478,18.386,-1194.23876953125,link-3,true
return,4479,18.006,-1193.74401855469,link-3,true
return,4480,18.509,-1193.24780273438,link-3,true
return,4481,18.048,-1192.75207519531,link-3,true
return,4482,15.212,-1192.2568359375,link-3,true
return,4483,18.749,-1191.76208496094,link-3,true
return,4484,19.277,-1191.26586914062,link-3,true
return,4485,19.607,-1190.27490234375,link-3,true
return,4486,14.522,-1189.78015136719,link-3,true
return,4487,23.354,-1189.28393554688,link-3,true
return,4488,14.723,-1188.78820800781,link-3,true
return,4489,15.246,-1188.29296875,link-3,true
return,4490,18.286,-1187.79809570312,link-3,true
return,4491,17.975,-1187.30187988281,link-3,true
return,4492,20.449,-1186.80615234375,link-3,true
return,4493,17.854,-1186.31079101562,link-3,true
return,4494,15.375,-1185.81591796875,link-3,true
return,4495,18.366,-1185.31970214844,link-3,true
return,4496,17.805,-1184.82385253906,link-3,true
return,4497,20.49,-1184.32849121094,link-3,true
return,4498,18.103,-1183.33923339844,link-3,true
return,4499,14.653,-1182.84338378906,link-3,true
return,4500,18.449,-1182.34802246094,link-3,true
return,4501,17.876,-1181.85314941406,link-3,true
return,4502,18.915,-1181.35681152344,link-3,true
return,4503,17.403,-1180.86096191406,link-3,true
return,4504,15.107,-1180.36560058594,link-3,true
return,4505,20.239,-1179.87072753906,link-3,true
return,4506,18.791,-1179.37438964844,link-3,true
return,4507,21.518,-1178.87854003906,link-3,true
return,4508,18.8,-1178.38317871094,link-3,true
return,4509,22.067,-1177.88818359375,link-3,true
return,4510,21.429,-1176.89404296875,link-3,true
return,4511,19.693,-1176.39672851562,link-3,true
return,4512,14.691,-1175.89990234375,link-3,true
return,4513,19.585,-1175.40356445312,link-3,true
return,4514,19.693,-1174.90771484375,link-3,true
return,4515,15.309,-1174.41223144531,link-3,true
return,4516,23.768,-1173.91723632812,link-3,true
return,4517,14.389,-1173.42077636719,link-3,true
return,4518,22.504,-1172.42932128906,link-3,true
return,4519,18.618,-1171.93432617188,link-3,true
return,4520,19.968,-1171.43981933594,link-3,true
return,4521,19.203,-1170.94384765625,link-3,true
return,4522,15.174,-1170.44836425781,link-3,true
return,4523,23.486,-1169.95336914062,link-3,true
return,4524,14.511,-1169.45886230469,link-3,true
return,4525,21.961,-1168.46557617188,link-3,true
return,4526,18.481,-1167.96862792969,link-3,true
return,4527,21.818,-1167.47216796875,link-3,true
return,4528,19.13,-1166.97619628906,link-3,true
return,4529,21.615,-1166.48071289062,link-3,true
return,4530,21.14,-1165.49096679688,link-3,true
return,4531,21.237,-1164.99499511719,link-3,true
return,4532,18.946,-1164.49938964844,link-3,true
return,4533,15.237,-1164.00427246094,link-3,true
return,4534,23.358,-1163.50964355469,link-3,true
return,4535,14.616,-1163.013671875,link-3,true
return,4536,21.959,-1162.02294921875,link-3,true
return,4537,18.731,-1161.5283203125,link-3,true
return,4538,21.743,-1161.0322265625,link-3,true
return,4539,18.685,-1160.53674316406,link-3,true
return,4540,19.889,-1160.04162597656,link-3,true
return,4541,19.051,-1159.05261230469,link-3,true
return,4542,21.43,-1158.55700683594,link-3,true
return,4543,19.125,-1158.06176757812,link-3,true
return,4544,19.573,-1157.56701660156,link-3,true
return,4545,14.621,-1157.07092285156,link-3,true
return,4546,26.714,-1156.08020019531,link-3,true
return,4547,13.792,-1155.58544921875,link-3,true
return,4548,19.517,-1155.08935546875,link-3,true
return,4549,20.264,-1154.59375,link-3,true
return,4550,13.853,-1154.09851074219,link-3,true
return,4551,22.508,-1153.60375976562,link-3,true
return,4552,14.363,-1152.61010742188,link-3,true
return,4553,22.135,-1152.11303710938,link-3,true
return,4554,19.089,-1151.61645507812,link-3,true
return,4555,18.583,-1151.12036132812,link-3,true
return,4556,15.065,-1150.62463378906,link-3,true
return,4557,22.364,-1149.63464355469,link-3,true
return,4558,21.896,-1149.13842773438,link-3,true
return,4559,13.084,-1148.64270019531,link-3,true
return,4560,28.425,-1148.1474609375,link-3,true
return,4561,9.094,-1147.65270996094,link-3,true
return,4562,22.573,-1147.15649414062,link-3,true
return,4563,15.105,-1146.66076660156,link-3,true
return,4564,21.094,-1145.67065429688,link-3,true
return,4565,17.309,-1145.17443847656,link-3,true
return,4566,17.611,-1144.6787109375,link-3,true
return,4567,15.25,-1144.18347167969,link-3,true
return,4568,18.017,-1143.68859863281,link-3,true
return,4569,18.05,-1143.1923828125,link-3,true
return,4570,14.235,-1142.69665527344,link-3,true
return,4571,19.05,-1142.20129394531,link-3,true
return,4572,14.582,-1141.70642089844,link-3,true
return,4573,14.381,-1141.70642089844,link-3,true
return,4574,18.468,-1141.21008300781,link-3,true
return,4575,17.575,-1140.71423339844,link-3,true
return,4576,19.971,-1140.21887207031,link-3,true
return,4577,17.551,-1139.72399902344,link-3,true
return,4578,15.149,-1139.22766113281,link-3,true
return,4579,18.265,-1138.73181152344,link-3,true
return,4580,18.411,-1138.23645019531,link-3,true
return,4581,14.066,-1137.74157714844,link-3,true
return,4582,21.221,-1137.24523925781,link-3,true
return,4583,14.849,-1136.74938964844,link-3,true
return,4584,18.326,-1136.25402832031,link-3,true
return,4585,14.413,-1135.75915527344,link-3,true
return,4586,18.182,-1135.26281738281,link-3,true
return,4587,21.485,-1134.76696777344,link-3,true
return,4588,14.793,-1134.27160644531,link-3,true
return,4589,20.47,-1133.77673339844,link-3,true
return,4590,17.036,-1133.28039550781,link-3,true
return,4591,20.599,-1132.28918457031,link-3,true
return,4592,18.704,-1131.79418945312,link-3,true
return,4593,25.476,-1131.2978515625,link-3,true
return,4594,8.524,-1130.80200195312,link-3,true
return,4595,34.698,-1129.8115234375,link-3,true
return,4596,9.092,-1129.31518554688,link-3,true
return,4597,14.068,-1128.81921386719,link-3,true
return,4598,14.276,-1128.32373046875,link-3,true
return,4599,21.738,-1127.82873535156,link-3,true
return,4600,14.71,-1127.33422851562,link-3,true
return,4601,18.343,-1126.83825683594,link-3,true
return,4602,18.437,-1125.84777832031,link-3,true
return,4603,19.505,-1125.35327148438,link-3,true
return,4604,17.783,-1124.85729980469,link-3,true
return,4605,15.112,-1124.36181640625,link-3,true
return,4606,18.495,-1123.86682128906,link-3,true
return,4607,17.703,-1123.37219238281,link-3,true
return,4608,15.102,-1122.87609863281,link-3,true
return,4609,23.132,-1122.38061523438,link-3,true
return,4610,14.324,-1121.88549804688,link-3,true
return,4611,18.505,-1121.39086914062,link-3,true
return,4612,17.762,-1120.89489746094,link-3,true
return,4613,15.252,-1120.39929199219,link-3,true
return,4614,18.437,-1119.90417480469,link-3,true
return,4615,17.315,-1119.40954589844,link-3,true
return,4616,20.321,-1118.91345214844,link-3,true
return,4617,18.054,-1118.41784667969,link-3,true
return,4618,15.348,-1117.92272949219,link-3,true
return,4619,18.245,-1117.42810058594,link-3,true
return,4620,18.039,-1116.93200683594,link-3,true
return,4621,20.604,-1116.43640136719,link-3,true
return,4622,18.047,-1115.94128417969,link-3,true
return,4623,20.127,-1114.95239257812,link-3,true
return,4624,18.68,-1114.45678710938,link-3,true
return,4625,15.296,-1113.96166992188,link-3,true
return,4626,25.569,-1113.46691894531,link-3,true
return,4627,14.74,-1112.970703125,link-3,true
return,4628,20.022,-1112.47509765625,link-3,true
return,4629,19.127,-1111.97985839844,link-3,true
return,4630,15.148,-1111.48510742188,link-3,true
return,4631,24.159,-1110.98901367188,link-3,true
return,4632,14.5,-1110.49328613281,link-3,true
return,4633,18.666,-1109.998046875,link-3,true
return,4634,19.828,-1109.00903320312,link-3,true
return,4635,15.113,-1108.51330566406,link-3,true
return,4636,19.638,-1108.01806640625,link-3,true
return,4637,18.69,-1107.52331542969,link-3,true
return,4638,21.329,-1107.02709960938,link-3,true
return,4639,14.818,-1106.53137207031,link-3,true
return,4640,21.165,-1106.0361328125,link-3,true
return,4641,17.793,-1105.54138183594,link-3,true
return,4642,21.763,-1104.54760742188,link-3,true
return,4643,18.672,-1104.05041503906,link-3,true
return,4644,21.758,-1103.5537109375,link-3,true
return,4645,15.12,-1103.05749511719,link-3,true
return,4646,19.405,-1102.56176757812,link-3,true
return,4647,18.567,-1102.06640625,link-3,true
return,4648,21.845,-1101.57153320312,link-3,true
return,4649,19.302,-1100.57763671875,link-3,true
return,4650,21.471,-1100.08044433594,link-3,true
return,4651,19.035,-1099.58374023438,link-3,true
return,4652,21.795,-1099.08752441406,link-3,true
return,4653,19.292,-1098.09643554688,link-3,true
return,4654,15.009,-1097.6015625,link-3,true
return,4655,19.414,-1097.10534667969,link-3,true
return,4656,19.209,-1096.60949707031,link-3,true
return,4657,14.999,-1096.11413574219,link-3,true
return,4658,18.605,-1095.12487792969,link-3,true
return,4659,19.2,-1094.62902832031,link-3,true
return,4660,14.968,-1094.13366699219,link-3,true
return,4661,19.481,-1093.63879394531,link-3,true
return,4662,19.262,-1093.14245605469,link-3,true
return,4663,15.03,-1092.64660644531,link-3,true
return,4664,22.043,-1092.15124511719,link-3,true
return,4665,14.791,-1091.65625,link-3,true
return,4666,15.334,-1091.15991210938,link-3,true
return,4667,19.592,-1090.6640625,link-3,true
return,4668,19.396,-1090.16870117188,link-3,true
return,4669,20.193,-1089.17919921875,link-3,true
return,4670,19.243,-1088.68334960938,link-3,true
return,4671,15.28,-1088.18786621094,link-3,true
return,4672,19.5,-1087.69287109375,link-3,true
return,4673,18.713,-1087.19653320312,link-3,true
return,4674,15.304,-1086.70056152344,link-3,true
return,4675,24.484,-1086.205078125,link-3,true
return,4676,14.674,-1085.71008300781,link-3,true
return,4677,18.58,-1085.21362304688,link-3,true
return,4678,17.773,-1084.71765136719,link-3,true
return,4679,15.286,-1084.22216796875,link-3,true
return,4680,24.006,-1083.23254394531,link-3,true
return,4681,13.985,-1082.73657226562,link-3,true
return,4682,18.665,-1082.24108886719,link-3,true
return,4683,17.83,-1081.74609375,link-3,true
return,4684,15.182,-1081.25146484375,link-3,true
return,4685,18.589,-1080.75549316406,link-3,true
return,4686,17.392,-1080.26000976562,link-3,true
return,4687,20.228,-1079.76501464844,link-3,true
return,4688,18.125,-1079.27038574219,link-3,true
return,4689,14.97,-1078.7744140625,link-3,true
return,4690,18.409,-1078.27893066406,link-3,true
return,4691,18.175,-1077.78381347656,link-3,true
return,4692,18.964,-1076.79504394531,link-3,true
return,4693,17.397,-1076.29943847656,link-3,true
return,4694,14.863,-1076.29943847656,link-3,true
return,4695,19.905,-1075.80432128906,link-3,true
return,4696,17.081,-1075.30969238281,link-3,true
return,4697,18.677,-1074.81359863281,link-3,true
return,4698,14.809,-1074.31799316406,link-3,true
return,4699,18.734,-1073.82287597656,link-3,true
return,4700,17.755,-1073.32824707031,link-3,true
return,4701,15.007,-1072.83215332031,link-3,true
return,4702,23.617,-1072.33654785156,link-3,true
return,4703,14.814,-1071.84143066406,link-3,true
return,4704,21.172,-1071.3466796875,link-3,true
return,4705,19.441,-1070.35302734375,link-3,true
return,4706,14.741,-1069.85595703125,link-3,true
return,4707,18.479,-1069.359375,link-3,true
return,4708,17.924,-1068.86315917969,link-3,true
return,4709,21.863,-1068.36755371094,link-3,true
return,4710,15.957,-1067.87231445312,link-3,true
return,4711,15.123,-1067.37756347656,link-3,true
return,4712,18.684,-1066.88146972656,link-3,true
return,4713,17.5,-1066.3857421875,link-3,true
return,4714,18.411,-1065.89050292969,link-3,true
return,4715,17.927,-1065.39575195312,link-3,true
return,4716,20.587,-1064.89965820312,link-3,true
return,4717,18.371,-1063.90869140625,link-3,true
return,4718,14.409,-1063.41394042969,link-3,true
return,4719,14.455,-1062.91772460938,link-3,true
return,4720,24.548,-1062.42199707031,link-3,true
return,4721,14.108,-1061.9267578125,link-3,true
return,4722,17.96,-1061.43200683594,link-3,true
return,4723,19.129,-1060.93579101562,link-3,true
return,4724,19.495,-1060.44006347656,link-3,true
return,4725,14.445,-1059.94482421875,link-3,true
return,4726,23.323,-1059.44995117188,link-3,true
return,4727,14.516,-1058.95373535156,link-3,true
return,4728,22.303,-1058.4580078125,link-3,true
return,4729,16.531,-1057.46789550781,link-3,true
return,4730,21.142,-1056.9716796875,link-3,true
return,4731,22.966,-1056.47595214844,link-3,true
return,4732,11.525,-1055.98059082031,link-3,true
return,4733,18.655,-1055.48571777344,link-3,true
return,4734,16.723,-1054.98950195312,link-3,true
return,4735,17.324,-1054.49365234375,link-3,true
return,4736,19.718,-1053.99829101562,link-3,true
return,4737,19.381,-1053.50341796875,link-3,true
return,4738,20.617,-1053.00708007812,link-3,true
return,4739,19.006,-1052.01586914062,link-3,true
return,4740,19.257,-1051.52099609375,link-3,true
return,4741,16.23,-1051.02465820312,link-3,true
return,4742,25.122,-1050.52880859375,link-3,true
return,4743,19.463,-1050.03344726562,link-3,true
return,4744,17.404,-1049.53857421875,link-3,true
return,4745,16.972,-1049.04223632812,link-3,true
return,4746,20.699,-1048.05102539062,link-3,true
return,4747,17.062,-1047.55603027344,link-3,true
return,4748,21.205,-1047.05969238281,link-3,true
return,4749,15.205,-1046.56384277344,link-3,true
return,4750,24.811,-1046.068359375,link-3,true
return,4751,14.714,-1045.57336425781,link-3,true
return,4752,19.834,-1045.07702636719,link-3,true
return,4753,19.397,-1044.08569335938,link-3,true
return,4754,21.368,-1043.59069824219,link-3,true
return,4755,13.675,-1043.09436035156,link-3,true
return,4756,24.491,-1042.59838867188,link-3,true
return,4757,13.873,-1042.10290527344,link-3,true
return,4758,22.608,-1041.60791015625,link-3,true
return,4759,16.939,-1041.11340332031,link-3,true
return,4760,19.998,-1040.1201171875,link-3,true
return,4761,18.064,-1039.62329101562,link-3,true
return,4762,15.301,-1039.12683105469,link-3,true
return,4763,25.27,-1038.630859375,link-3,true
return,4764,14.715,-1038.13537597656,link-3,true
return,4765,21.74,-1037.64038085938,link-3,true
return,4766,19.209,-1037.14575195312,link-3,true
return,4767,22.231,-1036.15234375,link-3,true
return,4768,18.633,-1035.65539550781,link-3,true
return,4769,20.153,-1035.15893554688,link-3,true
return,4770,20.163,-1034.66296386719,link-3,true
return,4771,15.066,-1034.16748046875,link-3,true
return,4772,25.792,-1033.177734375,link-3,true
return,4773,13.798,-1032.68176269531,link-3,true
return,4774,23.729,-1032.18615722656,link-3,true
return,4775,15.872,-1031.69104003906,link-3,true
return,4776,20.646,-1031.19641113281,link-3,true
return,4777,23.72,-1030.20300292969,link-3,true
return,4778,21.275,-1029.7060546875,link-3,true
return,4779,13.972,-1029.20959472656,link-3,true
return,4780,20.048,-1028.71350097656,link-3,true
return,4781,18.792,-1028.21789550781,link-3,true
return,4782,14.603,-1027.72277832031,link-3,true
return,4783,24.21,-1026.73388671875,link-3,true
return,4784,14.323,-1026.23828125,link-3,true
return,4785,18.636,-1025.7431640625,link-3,true
return,4786,17.728,-1025.24841308594,link-3,true
return,4787,15.336,-1024.75231933594,link-3,true
return,4788,18.762,-1023.76153564453,link-3,true
return,4789,17.246,-1023.26678466797,link-3,true
return,4790,20.544,-1022.77062988281,link-3,true
return,4791,14.44,-1022.27496337891,link-3,true
return,4792,21.287,-1021.77978515625,link-3,true
return,4793,15.002,-1021.28503417969,link-3,true
return,4794,18.547,-1020.78887939453,link-3,true
return,4795,17.798,-1020.29321289062,link-3,true
return,4796,15.327,-1019.79797363281,link-3,true
return,4797,18.409,-1019.30322265625,link-3,true
return,4798,17.905,-1018.80706787109,link-3,true
return,4799,15.097,-1018.31134033203,link-3,true
return,4800,21.496,-1017.81610107422,link-3,true
return,4801,14.704,-1017.3212890625,link-3,true
return,4802,18.481,-1016.82507324219,link-3,true
return,4803,18.144,-1016.32934570312,link-3,true
return,4804,15.573,-1015.83404541016,link-3,true
return,4805,18.322,-1015.33923339844,link-3,true
return,4806,17.579,-1014.84301757812,link-3,true
return,4807,20.234,-1014.34729003906,link-3,true
return,4808,18.283,-1013.85205078125,link-3,true
return,4809,14.837,-1013.35723876953,link-3,true
return,4810,25.328,-1012.36340332031,link-3,true
return,4811,14.458,-1011.8662109375,link-3,true
return,4812,19.664,-1011.36950683594,link-3,true
return,4813,18.96,-1010.87322998047,link-3,true
return,4814,15.186,-1010.37744140625,link-3,true
return,4815,19.649,-1009.88214111328,link-3,true
return,4816,17.851,-1009.38726806641,link-3,true
return,4817,20.393,-1008.89099121094,link-3,true
return,4818,14.771,-1008.39520263672,link-3,true
return,4819,18.679,-1007.89990234375,link-3,true
return,4820,17.732,-1007.40502929688,link-3,true
return,4821,18.704,-1006.90875244141,link-3,true
return,4822,18.22,-1005.91754150391,link-3,true
return,4823,14.883,-1005.42260742188,link-3,true
return,4824,18.802,-1004.92626953125,link-3,true
return,4825,17.792,-1004.43041992188,link-3,true
return,4826,15.397,-1003.93505859375,link-3,true
return,4827,19.55,-1003.44012451172,link-3,true
return,4828,14.825,-1002.94378662109,link-3,true
return,4829,15.289,-1002.44793701172,link-3,true
return,4830,18.55,-1001.95251464844,link-3,true
return,4831,18.077,-1001.45758056641,link-3,true
return,4832,15.402,-1000.96124267578,link-3,true
return,4833,23.172,-1000.46533203125,link-3,true
return,4834,15.224,-999.969848632812,link-2,true
return,4835,17.855,-999.474914550781,link-2,true
return,4836,22.163,-998.978515625,link-2,true
return,4837,14.644,-998.482604980469,link-2,true
return,4838,18.673,-997.987182617188,link-2,true
return,4839,17.618,-997.4921875,link-2,true
return,4840,20.935,-996.497985839844,link-2,true
return,4841,19.162,-996.000610351562,link-2,true
return,4842,15.625,-995.503723144531,link-2,true
return,4843,19.279,-995.00732421875,link-2,true
return,4844,19.216,-994.511413574219,link-2,true
return,4845,21.265,-994.015930175781,link-2,true
return,4846,14.871,-993.520874023438,link-2,true
return,4847,19.677,-993.026306152344,link-2,true
return,4848,18.932,-992.530334472656,link-2,true
return,4849,21.28,-992.034790039062,link-2,true
return,4850,18.895,-991.539733886719,link-2,true
return,4851,22.112,-990.551025390625,link-2,true
return,4852,14.419,-990.055480957031,link-2,true
return,4853,19.248,-989.560424804688,link-2,true
return,4854,18.796,-989.065795898438,link-2,true
return,4855,21.28,-988.569763183594,link-2,true
return,4856,17.924,-988.07421875,link-2,true
return,4857,22.088,-987.084533691406,link-2,true
return,4858,18.535,-986.588500976562,link-2,true
return,4859,15.106,-986.092956542969,link-2,true
return,4860,23.74,-985.597839355469,link-2,true
return,4861,14.663,-985.103149414062,link-2,true
return,4862,19.975,-984.607116699219,link-2,true
return,4863,19.173,-983.616333007812,link-2,true
return,4864,14.848,-983.121643066406,link-2,true
return,4865,25.597,-982.625549316406,link-2,true
return,4866,14.546,-982.1298828125,link-2,true
return,4867,19.909,-981.634704589844,link-2,true
return,4868,19.03,-981.140014648438,link-2,true
return,4869,15.397,-980.146423339844,link-2,true
return,4870,18.995,-979.649353027344,link-2,true
return,4871,18.629,-979.152770996094,link-2,true
return,4872,21.94,-978.656616210938,link-2,true
return,4873,19.189,-977.665771484375,link-2,true
return,4874,14.147,-977.665771484375,link-2,true
return,4875,20.153,-977.171020507812,link-2,true
return,4876,18.868,-976.674865722656,link-2,true
return,4877,21.816,-976.17919921875,link-2,true
return,4878,18.865,-975.683959960938,link-2,true
return,4879,15.327,-975.189208984375,link-2,true
return,4880,19.366,-974.693054199219,link-2,true
return,4881,18.888,-974.197387695312,link-2,true
return,4882,22.156,-973.207336425781,link-2,true
return,4883,18.442,-972.711181640625,link-2,true
return,4884,15.32,-972.215454101562,link-2,true
return,4885,19.863,-971.720153808594,link-2,true
return,4886,18.731,-971.225341796875,link-2,true
return,4887,22.013,-970.729125976562,link-2,true
return,4888,19.279,-969.738098144531,link-2,true
return,4889,14.729,-969.243286132812,link-2,true
return,4890,19.744,-968.7470703125,link-2,true
return,4891,18.706,-968.251281738281,link-2,true
return,4892,18.592,-967.755981445312,link-2,true
return,4893,19.858,-967.261169433594,link-2,true
return,4894,14.871,-966.764892578125,link-2,true
return,4895,18.721,-965.773803710938,link-2,true
return,4896,17.674,-965.278930664062,link-2,true
return,4897,15.039,-964.782653808594,link-2,true
return,4898,23.339,-964.286865234375,link-2,true
return,4899,14.635,-963.79150390625,link-2,true
return,4900,18.575,-963.296630859375,link-2,true
return,4901,18.045,-962.800354003906,link-2,true
return,4902,15.355,-962.304565429688,link-2,true
return,4903,18.724,-961.314270019531,link-2,true
return,4904,17.091,-960.817993164062,link-2,true
return,4905,20.326,-960.322143554688,link-2,true
return,4906,19.586,-959.826782226562,link-2,true
return,4907,15.203,-959.331848144531,link-2,true
return,4908,18.522,-958.835510253906,link-2,true
return,4909,17.914,-958.339660644531,link-2,true
return,4910,19.992,-957.84423828125,link-2,true
return,4911,17.962,-957.349304199219,link-2,true
return,4912,15.204,-956.852966308594,link-2,true
return,4913,18.21,-956.357055664062,link-2,true
return,4914,18.147,-955.861633300781,link-2,true
return,4915,20.594,-954.872253417969,link-2,true
return,4916,14.216,-954.376342773438,link-2,true
return,4917,18.753,-953.880920410156,link-2,true
return,4918,19.942,-953.385986328125,link-2,true
return,4919,17.772,-952.889587402344,link-2,true
return,4920,18.694,-952.393676757812,link-2,true
return,4921,21.348,-951.898254394531,link-2,true
return,4922,18.884,-951.4033203125,link-2,true
return,4923,15.171,-950.908813476562,link-2,true
return,4924,18.688,-950.412902832031,link-2,true
return,4925,17.815,-949.91748046875,link-2,true
return,4926,15.283,-949.422485351562,link-2,true
return,4927,23.264,-948.433837890625,link-2,true
return,4928,14.456,-947.938354492188,link-2,true
return,4929,15.369,-947.443359375,link-2,true
return,4930,18.371,-946.948791503906,link-2,true
return,4931,17.855,-946.452880859375,link-2,true
return,4932,20.512,-945.957397460938,link-2,true
return,4933,17.806,-945.462341308594,link-2,true
return,4934,15.233,-944.9677734375,link-2,true
return,4935,18.607,-944.471801757812,link-2,true
return,4936,17.703,-943.976318359375,link-2,true
return,4937,15.356,-943.481262207031,link-2,true
return,4938,18.435,-942.986694335938,link-2,true
return,4939,17.878,-942.49072265625,link-2,true
return,4940,22.036,-941.995239257812,link-2,true
return,4941,18.606,-941.500183105469,link-2,true
return,4942,19.995,-941.005615234375,link-2,true
return,4943,19.064,-940.012268066406,link-2,true
return,4944,21.621,-939.515380859375,link-2,true
return,4945,18.935,-939.018920898438,link-2,true
return,4946,15.371,-938.52294921875,link-2,true
return,4947,19.565,-938.027465820312,link-2,true
return,4948,18.855,-937.532409667969,link-2,true
return,4949,19.914,-937.037841796875,link-2,true
return,4950,18.953,-936.541870117188,link-2,true
return,4951,21.809,-936.04638671875,link-2,true
return,4952,19.679,-935.056762695312,link-2,true
return,4953,21.107,-934.560791015625,link-2,true
return,4954,19.021,-934.065307617188,link-2,true
return,4955,21.651,-933.570251464844,link-2,true
return,4956,18.5,-933.07568359375,link-2,true
return,4957,22.025,-932.082336425781,link-2,true
return,4958,18.471,-931.58544921875,link-2,true
return,4959,21.748,-931.089050292969,link-2,true
return,4960,19.012,-930.593078613281,link-2,true
return,4961,21.902,-929.602600097656,link-2,true
return,4962,18.562,-929.108032226562,link-2,true
return,4963,20.042,-928.612121582031,link-2,true
return,4964,21.079,-928.116638183594,link-2,true
return,4965,15.062,-927.621643066406,link-2,true
return,4966,26.329,-926.633056640625,link-2,true
return,4967,13.907,-926.137634277344,link-2,true
return,4968,24.781,-925.642639160156,link-2,true
return,4969,14.543,-925.148132324219,link-2,true
return,4970,19.776,-924.154907226562,link-2,true
return,4971,19.093,-923.658081054688,link-2,true
return,4972,15.115,-923.161743164062,link-2,true
return,4973,22.19,-922.665832519531,link-2,true
return,4974,14.329,-922.17041015625,link-2,true
return,4975,22.528,-921.181030273438,link-2,true
return,4976,17.979,-920.685180664062,link-2,true
return,4977,21.517,-920.189758300781,link-2,true
return,4978,17.773,-919.69482421875,link-2,true
return,4979,21.657,-919.200378417969,link-2,true
return,4980,21.469,-918.207336425781,link-2,true
return,4981,12.165,-918.207336425781,link-2,true
return,4982,24.224,-917.710571289062,link-2,true
return,4983,14.567,-917.214294433594,link-2,true
return,4984,20.841,-916.718505859375,link-2,true
return,4985,19.616,-916.223205566406,link-2,true
return,4986,21.693,-915.728393554688,link-2,true
return,4987,18.733,-914.740173339844,link-2,true
return,4988,14.263,-914.244873046875,link-2,true
return,4989,14.668,-913.750061035156,link-2,true
return,4990,22.491,-913.255737304688,link-2,true
return,4991,18.815,-912.760009765625,link-2,true
return,4992,15.188,-912.264770507812,link-2,true
return,4993,19.657,-911.769958496094,link-2,true
return,4994,18.93,-911.275634765625,link-2,true
return,4995,21.883,-910.779968261719,link-2,true
return,4996,18.998,-910.284790039062,link-2,true
return,4997,15.302,-909.790100097656,link-2,true
return,4998,20.286,-908.802124023438,link-2,true
return,4999,18.059,-908.307006835938,link-2,true
return,5000,18.614,-907.812316894531,link-2,true
return,5001,18.044,-907.318115234375,link-2,true
return,5002,15.045,-906.822509765625,link-2,true
return,5003,18.673,-906.327392578125,link-2,true
return,5004,17.76,-905.832763671875,link-2,true
return,5005,18.419,-905.338623046875,link-2,true
return,5006,17.84,-904.843078613281,link-2,true
return,5007,15.106,-904.348022460938,link-2,true
return,5008,18.432,-903.853454589844,link-2,true
return,5009,18.08,-902.865783691406,link-2,true
return,5010,14.761,-902.370788574219,link-2,true
return,5011,19.52,-901.876281738281,link-2,true
return,5012,14.512,-901.382263183594,link-2,true
return,5013,15.064,-900.888671875,link-2,true
return,5014,18.657,-900.393737792969,link-2,true
return,5015,17.437,-899.899291992188,link-2,true
return,5016,15.227,-899.405334472656,link-2,true
return,5017,22.967,-898.911865234375,link-2,true
return,5018,14.301,-898.4169921875,link-2,true
return,5019,18.433,-897.922607421875,link-2,true
return,5020,17.751,-897.428649902344,link-2,true
return,5021,14.986,-896.935180664062,link-2,true
return,5022,18.848,-896.440368652344,link-2,true
return,5023,17.213,-895.946044921875,link-2,true
return,5024,18.701,-895.452209472656,link-2,true
return,5025,17.394,-894.958862304688,link-2,true
return,5026,15.104,-894.464172363281,link-2,true
return,5027,19.733,-893.969909667969,link-2,true
return,5028,19.171,-892.982849121094,link-2,true
return,5029,20.546,-892.488159179688,link-2,true
return,5030,18.863,-891.993957519531,link-2,true
return,5031,15.05,-891.500305175781,link-2,true
return,5032,18.499,-891.007141113281,link-2,true
return,5033,17.646,-890.512573242188,link-2,true
return,5034,15.107,-890.018493652344,link-2,true
return,5035,22.965,-889.52490234375,link-2,true
return,5036,14.392,-889.031799316406,link-2,true
return,5037,15.511,-888.537292480469,link-2,true
return,5038,17.962,-888.043273925781,link-2,true
return,5039,17.902,-887.549743652344,link-2,true
return,5040,20.163,-887.056640625,link-2,true
return,5041,17.825,-886.562194824219,link-2,true
return,5042,15.038,-886.068237304688,link-2,true
return,5043,18.88,-885.081909179688,link-2,true
return,5044,17.367,-884.587585449219,link-2,true
return,5045,18.67,-884.09375,link-2,true
return,5046,17.834,-883.600402832031,link-2,true
return,5047,15.225,-883.107543945312,link-2,true
return,5048,18.459,-882.61328125,link-2,true
return,5049,18.11,-882.119506835938,link-2,true
return,5050,14.859,-881.626281738281,link-2,true
return,5051,21.443,-881.133544921875,link-2,true
return,5052,14.931,-880.639343261719,link-2,true
return,5053,18.457,-880.145629882812,link-2,true
return,5054,17.825,-879.652465820312,link-2,true
return,5055,15.376,-879.159729003906,link-2,true
return,5056,18.516,-878.665649414062,link-2,true
return,5057,17.501,-878.172058105469,link-2,true
return,5058,20.346,-877.678955078125,link-2,true
return,5059,18.267,-876.694213867188,link-2,true
return,5060,21.877,-876.20068359375,link-2,true
return,5061,18.7,-875.707641601562,link-2,true
return,5062,20.044,-875.215148925781,link-2,true
return,5063,20.593,-874.721252441406,link-2,true
return,5064,15.168,-874.227783203125,link-2,true
return,5065,19.428,-873.734802246094,link-2,true
return,5066,18.814,-873.242309570312,link-2,true
return,5067,20.264,-872.748474121094,link-2,true
return,5068,19.457,-872.255126953125,link-2,true
return,5069,15.03,-871.762268066406,link-2,true
return,5070,19.899,-870.778076171875,link-2,true
return,5071,18.558,-870.284851074219,link-2,true
return,5072,19.227,-869.792114257812,link-2,true
return,5073,17.676,-869.2998046875,link-2,true
return,5074,21.742,-868.806213378906,link-2,true
return,5075,18.672,-868.313110351562,link-2,true
return,5076,15.269,-867.820495605469,link-2,true
return,5077,25.456,-866.836608886719,link-2,true
return,5078,14.194,-866.343505859375,link-2,true
return,5079,19.745,-865.850891113281,link-2,true
return,5080,18.497,-865.358764648438,link-2,true
return,5081,15.053,-864.865295410156,link-2,true
return,5082,25.767,-864.372314453125,link-2,true
return,5083,14.373,-863.879821777344,link-2,true
return,5084,20.155,-862.896301269531,link-2,true
return,5085,19.052,-862.403442382812,link-2,true
return,5086,14.776,-861.911010742188,link-2,true
return,5087,19.427,-861.419128417969,link-2,true
return,5088,18.66,-860.92578125,link-2,true
return,5089,21.538,-860.432922363281,link-2,true
return,5090,18.934,-859.940551757812,link-2,true
return,5091,16.078,-858.957275390625,link-2,true
return,5092,18.582,-858.464538574219,link-2,true
return,5093,18.882,-857.972290039062,link-2,true
return,5094,21.524,-857.48046875,link-2,true
return,5095,14.925,-856.987365722656,link-2,true
return,5096,19.619,-856.494750976562,link-2,true
return,5097,18.44,-856.002563476562,link-2,true
return,5098,19.908,-855.019653320312,link-2,true
return,5099,18.818,-854.527038574219,link-2,true
return,5100,15.271,-854.034912109375,link-2,true
return,5101,19.76,-853.543273925781,link-2,true
return,5102,18.61,-853.052124023438,link-2,true
return,5103,15.197,-852.559631347656,link-2,true
return,5104,19.599,-852.067626953125,link-2,true
return,5105,19.37,-851.576049804688,link-2,true
return,5106,19.379,-850.594360351562,link-2,true
return,5107,14.894,-850.102355957031,link-2,true
return,5108,19.381,-849.61083984375,link-2,true
return,5109,18.872,-849.119812011719,link-2,true
return,5110,20.366,-848.62744140625,link-2,true
return,5111,17.817,-848.135559082031,link-2,true
return,5112,15.174,-847.644104003906,link-2,true
return,5113,18.426,-847.153137207031,link-2,true
return,5114,17.864,-846.660827636719,link-2,true
return,5115,20.47,-845.677551269531,link-2,true
return,5116,13.622,-845.677551269531,link-2,true
return,5117,18.956,-845.186645507812,link-2,true
return,5118,18.034,-844.6943359375,link-2,true
return,5119,15.011,-844.202453613281,link-2,true
return,5120,18.438,-843.711059570312,link-2,true
return,5121,17.294,-843.220153808594,link-2,true
return,5122,20.245,-842.727905273438,link-2,true
return,5123,17.737,-842.236145019531,link-2,true
return,5124,15.22,-841.744873046875,link-2,true
return,5125,18.338,-841.254028320312,link-2,true
return,5126,17.757,-840.761779785156,link-2,true
return,5127,20.072,-840.27001953125,link-2,true
return,5128,17.752,-839.778747558594,link-2,true
return,5129,15.176,-839.287963867188,link-2,true
return,5130,18.296,-838.795715332031,link-2,true
return,5131,18.197,-838.303955078125,link-2,true
return,5132,15.744,-837.812683105469,link-2,true
return,5133,20.198,-836.831604003906,link-2,true
return,5134,14.431,-836.339904785156,link-2,true
return,5135,14.374,-835.8486328125,link-2,true
return,5136,18.353,-835.357849121094,link-2,true
return,5137,17.746,-834.86572265625,link-2,true
return,5138,21.477,-834.3740234375,link-2,true
return,5139,18.904,-833.882751464844,link-2,true
return,5140,15.064,-833.391967773438,link-2,true
return,5141,19.423,-832.899841308594,link-2,true
return,5142,18.654,-832.408203125,link-2,true
return,5143,19.689,-831.9169921875,link-2,true
return,5144,17.781,-831.426208496094,link-2,true
return,5145,15.421,-830.440551757812,link-2,true
return,5146,18.505,-829.947448730469,link-2,true
return,5147,17.21,-829.454895019531,link-2,true
return,5148,20.202,-828.962768554688,link-2,true
return,5149,19.986,-828.471130371094,link-2,true
return,5150,14.869,-827.979919433594,link-2,true
return,5151,17.861,-827.489135742188,link-2,true
return,5152,18.22,-826.997009277344,link-2,true
return,5153,14.703,-826.50537109375,link-2,true
return,5154,22.911,-826.014099121094,link-2,true
return,5155,14.504,-825.523315429688,link-2,true
return,5156,18.383,-825.031127929688,link-2,true
return,5157,19.563,-824.048217773438,link-2,true
return,5158,14.845,-823.557434082031,link-2,true
return,5159,21.628,-823.065246582031,link-2,true
return,5160,14.775,-822.573486328125,link-2,true
return,5161,19.266,-822.082214355469,link-2,true
return,5162,14.597,-821.591430664062,link-2,true
return,5163,24.801,-821.099182128906,link-2,true
return,5164,14.554,-820.607421875,link-2,true
return,5165,19.859,-820.116149902344,link-2,true
return,5166,18.807,-819.625305175781,link-2,true
return,5167,21.732,-819.133056640625,link-2,true
return,5168,19.556,-818.14990234375,link-2,true
return,5169,19.691,-817.658996582031,link-2,true
return,5170,18.813,-817.166748046875,link-2,true
return,5171,21.006,-816.674865722656,link-2,true
return,5172,19.592,-816.183471679688,link-2,true
return,5173,21.598,-815.201965332031,link-2,true
return,5174,14.31,-814.710083007812,link-2,true
return,5175,19.904,-814.218627929688,link-2,true
return,5176,18.688,-813.727600097656,link-2,true
return,5177,21.172,-813.235229492188,link-2,true
return,5178,19.162,-812.743225097656,link-2,true
return,5179,22.122,-811.760620117188,link-2,true
return,5180,18.711,-811.27001953125,link-2,true
return,5181,18.636,-810.777954101562,link-2,true
return,5182,21.699,-810.286376953125,link-2,true
return,5183,19.03,-809.795227050781,link-2,true
return,5184,15.308,-808.814270019531,link-2,true
return,5185,21.4,-808.322631835938,link-2,true
return,5186,14.372,-807.831420898438,link-2,true
return,5187,25.782,-807.340637207031,link-2,true
return,5188,14.409,-806.848388671875,link-2,true
return,5189,19.813,-806.356628417969,link-2,true
return,5190,19.026,-805.374450683594,link-2,true
return,5191,21.758,-804.882202148438,link-2,true
return,5192,18.957,-804.390380859375,link-2,true
return,5193,14.52,-803.898986816406,link-2,true
return,5194,23.362,-803.408020019531,link-2,true
return,5195,14.557,-802.915649414062,link-2,true
return,5196,21.745,-801.932189941406,link-2,true
return,5197,18.136,-801.441101074219,link-2,true
return,5198,21.594,-800.948608398438,link-2,true
return,5199,18.945,-800.45654296875,link-2,true
return,5200,14.921,-799.964965820312,link-2,true
return,5201,23.879,-799.473754882812,link-2,true
return,5202,15.04,-798.487121582031,link-2,true
return,5203,20.643,-797.993530273438,link-2,true
return,5204,18.751,-797.500366210938,link-2,true
return,5205,21.471,-797.007629394531,link-2,true
return,5206,19.557,-796.515380859375,link-2,true
return,5207,14.385,-796.023559570312,link-2,true
return,5208,24.323,-795.041137695312,link-2,true
return,5209,14.361,-794.548767089844,link-2,true
return,5210,19.217,-794.056823730469,link-2,true
return,5211,18.715,-793.565307617188,link-2,true
return,5212,15.371,-793.072387695312,link-2,true
return,5213,27.293,-792.579895019531,link-2,true
return,5214,12.482,-792.087829589844,link-2,true
return,5215,24.386,-791.10498046875,link-2,true
return,5216,13.871,-790.6123046875,link-2,true
return,5217,14.077,-790.6123046875,link-2,true
return,5218,19.781,-790.1201171875,link-2,true
return,5219,17.467,-789.628356933594,link-2,true
return,5220,20.512,-789.135131835938,link-2,true
return,5221,17.624,-788.642333984375,link-2,true
return,5222,15.231,-788.149963378906,link-2,true
return,5223,18.372,-787.658020019531,link-2,true
return,5224,17.995,-787.164672851562,link-2,true
return,5225,20.274,-786.671752929688,link-2,true
return,5226,17.71,-786.179260253906,link-2,true
return,5227,15.235,-785.687194824219,link-2,true
return,5228,18.526,-785.193725585938,link-2,true
return,5229,18.316,-784.70068359375,link-2,true
return,5230,14.928,-784.2080078125,link-2,true
return,5231,21.501,-783.223999023438,link-2,true
return,5232,14.346,-782.730834960938,link-2,true
return,5233,15.136,-782.238098144531,link-2,true
return,5234,18.389,-781.745788574219,link-2,true
return,5235,17.733,-781.252014160156,link-2,true
return,5236,20.275,-780.758666992188,link-2,true
return,5237,17.682,-780.265747070312,link-2,true
return,5238,15.261,-779.773254394531,link-2,true
return,5239,18.722,-779.279357910156,link-2,true
return,5240,17.83,-778.785888671875,link-2,true
return,5241,18.346,-778.292846679688,link-2,true
return,5242,17.771,-777.800231933594,link-2,true
return,5243,15.347,-777.30615234375,link-2,true
return,5244,18.591,-776.319274902344,link-2,true
return,5245,17.45,-775.826477050781,link-2,true
return,5246,21.394,-775.332275390625,link-2,true
return,5247,18.765,-774.838500976562,link-2,true
return,5248,19.289,-774.345153808594,link-2,true
return,5249,18.789,-773.852233886719,link-2,true
return,5250,15.394,-773.35791015625,link-2,true
return,5251,18.177,-772.864013671875,link-2,true
return,5252,17.96,-772.370544433594,link-2,true
return,5253,18.13,-771.877502441406,link-2,true
return,5254,17.774,-771.382995605469,link-2,true
return,5255,15.061,-770.888916015625,link-2,true
return,5256,18.835,-769.902038574219,link-2,true
return,5257,17.211,-769.407409667969,link-2,true
return,5258,18.43,-768.913208007812,link-2,true
return,5259,14.576,-768.41943359375,link-2,true
return,5260,18.555,-767.926086425781,link-2,true
return,5261,18.584,-767.431335449219,link-2,true
return,5262,13.932,-766.936950683594,link-2,true
return,5263,17.981,-766.443054199219,link-2,true
return,5264,18.488,-765.949584960938,link-2,true
return,5265,15.201,-765.454650878906,link-2,true
return,5266,18.03,-764.960144042969,link-2,true
return,5267,17.811,-764.466064453125,link-2,true
return,5268,15.421,-763.972412109375,link-2,true
return,5269,23.288,-763.477355957031,link-2,true
return,5270,14.545,-762.982727050781,link-2,true
return,5271,18.556,-762.488525390625,link-2,true
return,5272,18.111,-761.994750976562,link-2,true
return,5273,14.953,-761.499572753906,link-2,true
return,5274,23.848,-760.510498046875,link-2,true
return,5275,14.23,-760.0166015625,link-2,true
return,5276,18.68,-759.523132324219,link-2,true
return,5277,19.584,-759.028259277344,link-2,true
return,5278,14.747,-758.533813476562,link-2,true
return,5279,19.504,-758.039794921875,link-2,true
return,5280,18.815,-757.546203613281,link-2,true
return,5281,18.805,-757.051147460938,link-2,true
return,5282,21.699,-756.556579589844,link-2,true
return,5283,18.608,-756.062438964844,link-2,true
return,5284,15.185,-755.568725585938,link-2,true
return,5285,25.276,-755.073547363281,link-2,true
return,5286,14.905,-754.084533691406,link-2,true
return,5287,24.538,-753.590698242188,link-2,true
return,5288,14.807,-753.095397949219,link-2,true
return,5289,19.284,-752.6005859375,link-2,true
return,5290,18.612,-752.106201171875,link-2,true
return,5291,21.181,-751.612243652344,link-2,true
return,5292,17.784,-751.116882324219,link-2,true
return,5293,22.081,-750.12744140625,link-2,true
return,5294,18.198,-749.633361816406,link-2,true
return,5295,19.383,-749.137878417969,link-2,true
return,5296,18.456,-748.642822265625,link-2,true
return,5297,21.579,-748.148193359375,link-2,true
return,5298,18.806,-747.653991699219,link-2,true
return,5299,14.852,-747.158386230469,link-2,true
return,5300,19.66,-746.168518066406,link-2,true
return,5301,18.087,-745.674255371094,link-2,true
return,5302,21.72,-745.178588867188,link-2,true
return,5303,19.123,-744.683349609375,link-2,true
return,5304,15.161,-744.188537597656,link-2,true
return,5305,18.986,-743.694152832031,link-2,true
return,5306,18.819,-743.198364257812,link-2,true
return,5307,22.561,-742.208190917969,link-2,true
return,5308,13.334,-741.713745117188,link-2,true
return,5309,25.288,-741.217895507812,link-2,true
return,5310,14.404,-740.722473144531,link-2,true
return,5311,15.031,-740.2275390625,link-2,true
return,5312,26.216,-739.733032226562,link-2,true
return,5313,14.297,-739.237121582031,link-2,true
return,5314,19.623,-738.246643066406,link-2,true
return,5315,18.409,-737.752075195312,link-2,true
return,5316,15.237,-737.256103515625,link-2,true
return,5317,25.892,-736.760559082031,link-2,true
return,5318,14.557,-736.265502929688,link-2,true
return,5319,19.365,-735.770874023438,link-2,true
return,5320,18.811,-735.274841308594,link-2,true
return,5321,15.211,-734.779296875,link-2,true
return,5322,19.941,-733.789489746094,link-2,true
return,5323,16.86,-733.293395996094,link-2,true
return,5324,21.776,-732.797790527344,link-2,true
return,5325,14.762,-732.302612304688,link-2,true
return,5326,19.138,-731.807922363281,link-2,true
return,5327,18.703,-731.311828613281,link-2,true
return,5328,21.476,-730.816162109375,link-2,true
return,5329,18.508,-730.320983886719,link-2,true
return,5330,14.781,-729.33203125,link-2,true
return,5331,18.139,-728.836364746094,link-2,true
return,5332,17.956,-728.341186523438,link-2,true
return,5333,15.118,-727.846435546875,link-2,true
return,5334,19.678,-727.350280761719,link-2,true
return,5335,14.479,-726.854614257812,link-2,true
return,5336,15.449,-726.359375,link-2,true
return,5337,18.539,-725.864624023438,link-2,true
return,5338,17.841,-725.368469238281,link-2,true
return,5339,15.616,-724.872802734375,link-2,true
return,5340,17.691,-724.377624511719,link-2,true
return,5341,18.222,-723.882873535156,link-2,true
return,5342,14.843,-723.386779785156,link-2,true
return,5343,18.545,-722.89111328125,link-2,true
return,5344,17.857,-722.395935058594,link-2,true
return,5345,15.094,-721.901245117188,link-2,true
return,5346,21.05,-721.405151367188,link-2,true
return,5347,14.379,-720.909545898438,link-2,true
return,5348,15.357,-720.414428710938,link-2,true
return,5349,18.348,-719.919738769531,link-2,true
return,5350,17.54,-719.423645019531,link-2,true
return,5351,18.247,-718.928039550781,link-2,true
return,5352,16.386,-718.432922363281,link-2,true
return,5353,15.431,-717.938293457031,link-2,true
return,5354,14.322,-717.442260742188,link-2,true
return,5355,18.788,-716.946716308594,link-2,true
return,5356,19.066,-716.45166015625,link-2,true
return,5357,15.356,-715.957092285156,link-2,true
return,5358,21.353,-715.461120605469,link-2,true
return,5359,14.878,-714.965637207031,link-2,true
return,5360,14.988,-714.470642089844,link-2,true
return,5361,19.341,-713.976135253906,link-2,true
return,5362,17.762,-713.480224609375,link-2,true
return,5363,6.722,-712.984802246094,link-2,true
return,5364,4.67,-712.984802246094,link-2,true
return,5365,3.805,-712.489868164062,link-2,true
return,5366,3.9,-712.489868164062,link-2,true
return,5367,3.445,-712.489868164062,link-2,true
return,5368,3.635,-712.489868164062,link-2,true
return,5369,4.355,-711.995422363281,link-2,true
return,5370,4.276,-711.995422363281,link-2,true
return,5371,3.306,-711.995422363281,link-2,true
return,5372,3.725,-711.995422363281,link-2,true
return,5373,4.502,-711.499572753906,link-2,true
return,5374,3.753,-711.499572753906,link-2,true
return,5375,3.744,-711.499572753906,link-2,true
return,5376,3.055,-711.499572753906,link-2,true
return,5377,3.571,-711.499572753906,link-2,true
return,5378,5.436,-711.004272460938,link-2,true
return,5379,2.847,-711.004272460938,link-2,true
return,5380,3.386,-711.004272460938,link-2,true
return,5381,3.606,-711.004272460938,link-2,true
return,5382,4.084,-710.509460449219,link-2,true
return,5383,4.245,-710.509460449219,link-2,true
return,5384,3.688,-710.509460449219,link-2,true
return,5385,3.253,-710.509460449219,link-2,true
return,5386,3.426,-710.509460449219,link-2,true
return,5387,5.766,-710.01513671875,link-2,true
return,5388,2.886,-710.01513671875,link-2,true
return,5389,3.403,-710.01513671875,link-2,true
return,5390,3.712,-710.01513671875,link-2,true
return,5391,4.209,-709.519409179688,link-2,true
return,5392,3.749,-709.519409179688,link-2,true
return,5393,3.503,-709.519409179688,link-2,true
return,5394,3.607,-709.519409179688,link-2,true
return,5395,3.473,-709.519409179688,link-2,true
return,5396,5.383,-709.024169921875,link-2,true
return,5397,2.893,-709.024169921875,link-2,true
return,5398,3.501,-709.024169921875,link-2,true
return,5399,3.583,-709.024169921875,link-2,true
return,5400,4.146,-708.529418945312,link-2,true
return,5401,3.893,-708.529418945312,link-2,true
return,5402,3.348,-708.529418945312,link-2,true
return,5403,3.711,-708.529418945312,link-2,true
return,5404,3.429,-708.529418945312,link-2,true
return,5405,5.541,-708.03515625,link-2,true
return,5406,2.922,-708.03515625,link-2,true
return,5407,3.401,-708.03515625,link-2,true
return,5408,3.439,-708.03515625,link-2,true
return,5409,6.043,-707.53955078125,link-2,true
return,5410,6.993,-707.53955078125,link-2,true
return,5411,3.598,-707.53955078125,link-2,true
return,5412,3.716,-707.53955078125,link-2,true
return,5413,3.433,-707.53955078125,link-2,true
return,5414,4.242,-707.04443359375,link-2,true
return,5415,2.834,-707.04443359375,link-2,true
return,5416,3.615,-707.04443359375,link-2,true
return,5417,4.967,-707.04443359375,link-2,true
return,5418,3.907,-706.5498046875,link-2,true
return,5419,3.458,-706.5498046875,link-2,true
return,5420,4.037,-706.5498046875,link-2,true
return,5421,4.056,-706.5498046875,link-2,true
return,5422,3.434,-706.5498046875,link-2,true
return,5423,4.116,-706.0556640625,link-2,true
return,5424,3.111,-706.0556640625,link-2,true
return,5425,5.089,-706.0556640625,link-2,true
return,5426,3.682,-706.0556640625,link-2,true
return,5427,4.334,-705.560180664062,link-2,true
return,5428,3.947,-705.560180664062,link-2,true
return,5429,3.768,-705.560180664062,link-2,true
return,5430,3.6,-705.560180664062,link-2,true
return,5431,4.125,-705.065185546875,link-2,true
return,5432,2.939,-705.065185546875,link-2,true
return,5433,3.364,-705.065185546875,link-2,true
return,5434,5.541,-705.065185546875,link-2,true
return,5435,4.48,-704.570678710938,link-2,true
return,5436,3.29,-704.570678710938,link-2,true
return,5437,4.69,-704.570678710938,link-2,true
return,5438,3.609,-704.570678710938,link-2,true
return,5439,3.188,-704.570678710938,link-2,true
return,5440,4.246,-704.076721191406,link-2,true
return,5441,3.36,-704.076721191406,link-2,true
return,5442,4.686,-704.076721191406,link-2,true
return,5443,3.476,-704.076721191406,link-2,true
return,5444,4.283,-703.581359863281,link-2,true
return,5445,3.203,-703.581359863281,link-2,true
return,5446,3.554,-703.581359863281,link-2,true
return,5447,4.427,-703.581359863281,link-2,true
return,5448,4.014,-703.086486816406,link-2,true
return,5449,3.465,-703.086486816406,link-2,true
return,5450,3.083,-703.086486816406,link-2,true
return,5451,5.362,-703.086486816406,link-2,true
return,5452,4.498,-702.592102050781,link-2,true
return,5453,3.411,-702.592102050781,link-2,true
return,5454,3.382,-702.592102050781,link-2,true
return,5455,4.675,-702.592102050781,link-2,true
return,5456,3.602,-702.592102050781,link-2,true
return,5457,7.151,-702.098266601562,link-2,true
return,5458,3.017,-702.098266601562,link-2,true
return,5459,2.445,-702.098266601562,link-2,true
return,5460,3.337,-702.098266601562,link-2,true
return,5461,4.059,-701.60302734375,link-2,true
return,5462,3.123,-701.60302734375,link-2,true
return,5463,3.938,-701.60302734375,link-2,true
return,5464,4.644,-701.60302734375,link-2,true
return,5465,4.105,-701.108337402344,link-2,true
return,5466,2.954,-701.108337402344,link-2,true
return,5467,3.246,-701.108337402344,link-2,true
return,5468,5.496,-701.108337402344,link-2,true
return,5469,4.317,-700.614135742188,link-2,true
return,5470,3.604,-700.614135742188,link-2,true
return,5471,4.635,-700.614135742188,link-2,true
return,5472,3.409,-700.614135742188,link-2,true
return,5473,3.698,-700.614135742188,link-2,true
return,5474,4.222,-700.120422363281,link-2,true
return,5475,2.914,-700.120422363281,link-2,true
return,5476,5.416,-700.120422363281,link-2,true
return,5477,3.372,-700.120422363281,link-2,true
return,5478,4.74,-699.625366210938,link-2,true
return,5479,5.971,-699.625366210938,link-2,true
return,5480,3.555,-699.625366210938,link-2,true
return,5481,2.997,-699.625366210938,link-2,true
return,5482,3.423,-699.130798339844,link-2,true
return,5483,3.305,-699.130798339844,link-2,true
return,5484,4.792,-699.130798339844,link-2,true
return,5485,3.618,-699.130798339844,link-2,true
return,5486,3.922,-698.63671875,link-2,true
return,5487,3.396,-698.63671875,link-2,true
return,5488,5.442,-698.63671875,link-2,true
return,5489,3.669,-698.63671875,link-2,true
return,5490,3.799,-698.143188476562,link-2,true
return,5491,4.059,-698.143188476562,link-2,true
return,5492,4.452,-698.143188476562,link-2,true
return,5493,3.717,-698.143188476562,link-2,true
return,5494,4.838,-697.648254394531,link-2,true
return,5495,8.681,-697.648254394531,link-2,true
return,5496,3.659,-697.648254394531,link-2,true
return,5497,2.98,-697.648254394531,link-2,true
return,5498,3.799,-697.153869628906,link-2,true
return,5499,3.903,-697.153869628906,link-2,true
return,5500,3.553,-697.153869628906,link-2,true
return,5501,3.469,-697.153869628906,link-2,true
return,5502,4.264,-696.659973144531,link-2,true
return,5503,3.173,-696.659973144531,link-2,true
return,5504,5.086,-696.659973144531,link-2,true
return,5505,3.349,-696.659973144531,link-2,true
return,5506,4.047,-696.166564941406,link-2,true
return,5507,3.089,-696.166564941406,link-2,true
return,5508,5.681,-696.166564941406,link-2,true
return,5509,2.992,-696.166564941406,link-2,true
return,5510,4.226,-695.671813964844,link-2,true
return,5511,3.296,-695.671813964844,link-2,true
return,5512,3.112,-695.671813964844,link-2,true
return,5513,5.389,-695.671813964844,link-2,true
return,5514,4.076,-695.177551269531,link-2,true
return,5515,3.071,-695.177551269531,link-2,true
return,5516,3.481,-695.177551269531,link-2,true
return,5517,5.461,-695.177551269531,link-2,true
return,5518,4.244,-694.683837890625,link-2,true
return,5519,3.344,-694.683837890625,link-2,true
return,5520,3.125,-694.683837890625,link-2,true
return,5521,5.675,-694.683837890625,link-2,true
return,5522,3.384,-694.683837890625,link-2,true
return,5523,4.467,-694.190612792969,link-2,true
return,5524,3.733,-694.190612792969,link-2,true
return,5525,4.686,-694.190612792969,link-2,true
return,5526,3.665,-694.190612792969,link-2,true
return,5527,3.823,-693.696044921875,link-2,true
return,5528,3.266,-693.696044921875,link-2,true
return,5529,5.062,-693.696044921875,link-2,true
return,5530,3.383,-693.696044921875,link-2,true
return,5531,4.342,-693.201965332031,link-2,true
return,5532,2.993,-693.201965332031,link-2,true
return,5533,3.296,-693.201965332031,link-2,true
return,5534,4.905,-693.201965332031,link-2,true
return,5535,4.099,-692.708435058594,link-2,true
return,5536,2.765,-692.708435058594,link-2,true
return,5537,3.536,-692.708435058594,link-2,true
return,5538,5.676,-692.708435058594,link-2,true
return,5539,3.334,-692.708435058594,link-2,true
return,5540,4.357,-692.215393066406,link-2,true
return,5541,3.541,-692.215393066406,link-2,true
return,5542,4.684,-692.215393066406,link-2,true
return,5543,3.506,-692.215393066406,link-2,true
return,5544,4.0,-691.721008300781,link-2,true
return,5545,3.312,-691.721008300781,link-2,true
return,5546,5.01,-691.721008300781,link-2,true
return,5547,5.279,-691.721008300781,link-2,true
return,5548,3.605,-691.227172851562,link-2,true
return,5549,3.39,-691.227172851562,link-2,true
return,5550,4.092,-691.227172851562,link-2,true
return,5551,3.351,-691.227172851562,link-2,true
return,5552,4.004,-690.733825683594,link-2,true
return,5553,3.462,-690.733825683594,link-2,true
return,5554,2.819,-690.733825683594,link-2,true
return,5555,5.919,-690.733825683594,link-2,true
return,5556,3.421,-690.241027832031,link-2,true
return,5557,3.345,-690.241027832031,link-2,true
return,5558,3.431,-690.241027832031,link-2,true
return,5559,5.224,-690.241027832031,link-2,true
return,5560,3.495,-690.241027832031,link-2,true
return,5561,4.222,-689.746887207031,link-2,true
return,5562,3.006,-689.746887207031,link-2,true
return,5563,5.213,-689.746887207031,link-2,true
return,5564,3.693,-689.746887207031,link-2,true
return,5565,6.306,-689.253234863281,link-2,true
return,5566,3.918,-689.253234863281,link-2,true
return,5567,3.317,-689.253234863281,link-2,true
return,5568,2.926,-689.253234863281,link-2,true
return,5569,3.748,-688.760131835938,link-2,true
return,5570,3.445,-688.760131835938,link-2,true
return,5571,4.223,-688.760131835938,link-2,true
return,5572,3.58,-688.760131835938,link-2,true
return,5573,4.036,-688.267517089844,link-2,true
return,5574,3.136,-688.267517089844,link-2,true
return,5575,3.307,-688.267517089844,link-2,true
return,5576,5.617,-688.267517089844,link-2,true
return,5577,4.189,-687.773559570312,link-2,true
return,5578,3.127,-687.773559570312,link-2,true
return,5579,3.302,-687.773559570312,link-2,true
return,5580,5.255,-687.773559570312,link-2,true
return,5581,3.204,-687.773559570312,link-2,true
return,5582,4.215,-687.280090332031,link-2,true
return,5583,3.041,-687.280090332031,link-2,true
return,5584,5.688,-687.280090332031,link-2,true
return,5585,3.784,-687.280090332031,link-2,true
return,5586,4.038,-686.787170410156,link-2,true
return,5587,2.951,-686.787170410156,link-2,true
return,5588,4.767,-686.787170410156,link-2,true
return,5589,3.407,-686.787170410156,link-2,true
return,5590,4.339,-686.294738769531,link-2,true
return,5591,3.902,-686.294738769531,link-2,true
return,5592,4.18,-686.294738769531,link-2,true
return,5593,3.764,-686.294738769531,link-2,true
return,5594,4.128,-685.800964355469,link-2,true
return,5595,2.95,-685.800964355469,link-2,true
return,5596,3.742,-685.800964355469,link-2,true
return,5597,5.246,-685.800964355469,link-2,true
return,5598,4.169,-685.307739257812,link-2,true
return,5599,3.22,-685.307739257812,link-2,true
return,5600,3.306,-685.307739257812,link-2,true
return,5601,5.507,-685.307739257812,link-2,true
return,5602,3.214,-685.307739257812,link-2,true
return,5603,3.987,-684.815063476562,link-2,true
return,5604,3.618,-684.815063476562,link-2,true
return,5605,4.91,-684.815063476562,link-2,true
return,5606,3.417,-684.815063476562,link-2,true
return,5607,4.098,-684.322875976562,link-2,true
return,5608,3.259,-684.322875976562,link-2,true
return,5609,4.842,-684.322875976562,link-2,true
return,5610,3.578,-684.322875976562,link-2,true
return,5611,4.122,-683.829345703125,link-2,true
return,5612,2.794,-683.829345703125,link-2,true
return,5613,3.46,-683.829345703125,link-2,true
return,5614,5.157,-683.829345703125,link-2,true
return,5615,3.297,-683.829345703125,link-2,true
return,5616,4.599,-683.336364746094,link-2,true
return,5617,4.025,-683.336364746094,link-2,true
return,5618,4.372,-683.336364746094,link-2,true
return,5619,2.788,-683.336364746094,link-2,true
return,5620,4.185,-682.843872070312,link-2,true
return,5621,3.278,-682.843872070312,link-2,true
return,5622,5.299,-682.843872070312,link-2,true
return,5623,3.458,-682.843872070312,link-2,true
return,5624,4.174,-682.351928710938,link-2,true
return,5625,4.803,-682.351928710938,link-2,true
return,5626,4.27,-682.351928710938,link-2,true
return,5627,2.849,-682.351928710938,link-2,true
return,5628,3.217,-681.858642578125,link-2,true
return,5629,4.21,-681.858642578125,link-2,true
return,5630,3.813,-681.858642578125,link-2,true
return,5631,3.946,-681.858642578125,link-2,true
return,5632,3.418,-681.858642578125,link-2,true
return,5633,4.474,-681.365905761719,link-2,true
return,5634,4.459,-681.365905761719,link-2,true
return,5635,3.353,-681.365905761719,link-2,true
return,5636,3.248,-681.365905761719,link-2,true
return,5637,3.917,-680.873657226562,link-2,true
return,5638,3.74,-680.873657226562,link-2,true
return,5639,4.722,-680.873657226562,link-2,true
return,5640,3.494,-680.873657226562,link-2,true
return,5641,4.005,-680.381958007812,link-2,true
return,5642,2.907,-680.381958007812,link-2,true
return,5643,3.733,-680.381958007812,link-2,true
return,5644,3.339,-680.381958007812,link-2,true
return,5645,3.43,-680.381958007812,link-2,true
return,5646,5.137,-679.888916015625,link-2,true
return,5647,3.905,-679.888916015625,link-2,true
return,5648,3.578,-679.888916015625,link-2,true
return,5649,3.512,-679.888916015625,link-2,true
return,5650,4.292,-679.396423339844,link-2,true
return,5651,4.828,-679.396423339844,link-2,true
return,5652,3.552,-679.396423339844,link-2,true
return,5653,3.303,-679.396423339844,link-2,true
return,5654,4.295,-678.904418945312,link-2,true
return,5655,4.214,-678.904418945312,link-2,true
return,5656,3.66,-678.904418945312,link-2,true
return,5657,3.56,-678.904418945312,link-2,true
return,5658,4.375,-678.412902832031,link-2,true
return,5659,3.465,-678.412902832031,link-2,true
return,5660,4.129,-678.412902832031,link-2,true
return,5661,3.42,-678.412902832031,link-2,true
return,5662,3.681,-678.412902832031,link-2,true
return,5663,4.35,-677.920104980469,link-2,true
return,5664,5.153,-677.920104980469,link-2,true
return,5665,3.66,-677.920104980469,link-2,true
return,5666,3.128,-677.920104980469,link-2,true
return,5667,5.582,-677.427856445312,link-2,true
return,5668,3.075,-677.427856445312,link-2,true
return,5669,3.519,-677.427856445312,link-2,true
return,5670,3.467,-677.427856445312,link-2,true
return,5671,4.558,-676.936096191406,link-2,true
return,5672,4.431,-676.936096191406,link-2,true
return,5673,4.019,-676.936096191406,link-2,true
return,5674,3.033,-676.936096191406,link-2,true
return,5675,4.486,-676.444885253906,link-2,true
return,5676,4.031,-676.444885253906,link-2,true
return,5677,3.37,-676.444885253906,link-2,true
return,5678,4.388,-676.444885253906,link-2,true
return,5679,7.019,-675.952331542969,link-2,true
return,5680,4.866,-675.952331542969,link-2,true
return,5681,3.527,-675.952331542969,link-2,true
return,5682,4.802,-675.952331542969,link-2,true
return,5683,4.326,-675.460327148438,link-2,true
return,5684,3.542,-675.460327148438,link-2,true
return,5685,3.802,-675.460327148438,link-2,true
return,5686,4.163,-675.460327148438,link-2,true
return,5687,5.418,-674.968811035156,link-2,true
return,5688,3.59,-674.968811035156,link-2,true
return,5689,3.872,-674.968811035156,link-2,true
return,5690,3.397,-674.968811035156,link-2,true
return,5691,4.005,-674.477844238281,link-2,true
return,5692,3.281,-674.477844238281,link-2,true
return,5693,3.603,-674.477844238281,link-2,true
return,5694,3.61,-674.477844238281,link-2,true
return,5695,4.254,-673.985534667969,link-2,true
return,5696,3.332,-673.985534667969,link-2,true
return,5697,4.15,-673.985534667969,link-2,true
return,5698,3.372,-673.985534667969,link-2,true
return,5699,3.564,-673.985534667969,link-2,true
return,5700,4.351,-673.493774414062,link-2,true
return,5701,4.065,-673.493774414062,link-2,true
return,5702,3.246,-673.493774414062,link-2,true
return,5703,3.614,-673.493774414062,link-2,true
return,5704,4.61,-673.002563476562,link-2,true
return,5705,3.628,-673.002563476562,link-2,true
return,5706,3.68,-673.002563476562,link-2,true
return,5707,3.461,-673.002563476562,link-2,true
return,5708,3.593,-673.002563476562,link-2,true
return,5709,4.265,-672.511840820312,link-2,true
return,5710,3.511,-672.511840820312,link-2,true
return,5711,3.309,-672.511840820312,link-2,true
return,5712,3.596,-672.511840820312,link-2,true
return,5713,4.435,-672.019836425781,link-2,true
return,5714,4.305,-672.019836425781,link-2,true
return,5715,3.549,-672.019836425781,link-2,true
return,5716,3.33,-672.019836425781,link-2,true
return,5717,4.463,-671.5283203125,link-2,true
return,5718,3.852,-671.5283203125,link-2,true
return,5719,3.545,-671.5283203125,link-2,true
return,5720,3.204,-671.5283203125,link-2,true
return,5721,3.837,-671.5283203125,link-2,true
return,5722,4.109,-671.037353515625,link-2,true
return,5723,3.907,-671.037353515625,link-2,true
return,5724,3.561,-671.037353515625,link-2,true
return,5725,3.415,-671.037353515625,link-2,true
return,5726,4.097,-670.546936035156,link-2,true
return,5727,3.229,-670.546936035156,link-2,true
return,5728,4.317,-670.546936035156,link-2,true
return,5729,3.57,-670.546936035156,link-2,true
return,5730,3.652,-670.546936035156,link-2,true
return,5731,4.46,-670.05517578125,link-2,true
return,5732,4.245,-670.05517578125,link-2,true
return,5733,3.267,-670.05517578125,link-2,true
return,5734,3.29,-670.05517578125,link-2,true
return,5735,6.527,-669.56396484375,link-2,true
return,5736,2.922,-669.56396484375,link-2,true
return,5737,2.61,-669.56396484375,link-2,true
return,5738,3.838,-669.56396484375,link-2,true
return,5739,4.558,-669.0732421875,link-2,true
return,5740,3.389,-669.0732421875,link-2,true
return,5741,3.474,-669.0732421875,link-2,true
return,5742,3.475,-669.0732421875,link-2,true
return,5743,3.484,-669.0732421875,link-2,true
return,5744,5.24,-668.583068847656,link-2,true
return,5745,3.24,-668.583068847656,link-2,true
return,5746,3.707,-668.583068847656,link-2,true
return,5747,3.413,-668.583068847656,link-2,true
return,5748,4.359,-668.091613769531,link-2,true
return,5749,4.518,-668.091613769531,link-2,true
return,5750,3.422,-668.091613769531,link-2,true
return,5751,3.446,-668.091613769531,link-2,true
return,5752,4.606,-667.600646972656,link-2,true
return,5753,2.934,-667.600646972656,link-2,true
return,5754,4.097,-667.600646972656,link-2,true
return,5755,3.504,-667.600646972656,link-2,true
return,5756,3.528,-667.600646972656,link-2,true
return,5757,5.968,-667.110229492188,link-2,true
return,5758,2.853,-667.110229492188,link-2,true
return,5759,3.17,-667.110229492188,link-2,true
return,5760,3.792,-667.110229492188,link-2,true
return,5761,4.074,-666.620361328125,link-2,true
return,5762,4.154,-666.620361328125,link-2,true
return,5763,3.405,-666.620361328125,link-2,true
return,5764,12.044,-666.620361328125,link-2,true
return,5765,15.216,-666.129150390625,link-2,true
return,5766,18.633,-665.638488769531,link-2,true
return,5767,17.678,-665.148315429688,link-2,true
return,5768,15.122,-664.65869140625,link-2,true
return,5769,18.338,-664.167785644531,link-2,true
return,5770,17.571,-663.677368164062,link-2,true
return,5771,20.539,-662.698181152344,link-2,true
return,5772,17.904,-662.209350585938,link-2,true
return,5773,15.076,-661.71923828125,link-2,true
return,5774,18.497,-661.229614257812,link-2,true
return,5775,17.879,-660.740539550781,link-2,true
return,5776,18.714,-660.252014160156,link-2,true
return,5777,17.473,-659.762145996094,link-2,true
return,5778,15.155,-659.272827148438,link-2,true
return,5779,20.671,-658.784057617188,link-2,true
return,5780,18.356,-658.295776367188,link-2,true
return,5781,11.788,-657.806213378906,link-2,true
return,5782,25.081,-657.317138671875,link-2,true
return,5783,11.548,-656.340637207031,link-2,true
return,5784,21.472,-655.851318359375,link-2,true
return,5785,17.015,-655.362548828125,link-2,true
return,5786,19.674,-654.874328613281,link-2,true
return,5787,15.087,-654.386596679688,link-2,true
return,5788,19.128,-653.897583007812,link-2,true
return,5789,17.867,-653.409057617188,link-2,true
return,5790,15.002,-652.921081542969,link-2,true
return,5791,18.422,-652.433654785156,link-2,true
return,5792,17.712,-651.944885253906,link-2,true
return,5793,15.244,-651.456665039062,link-2,true
return,5794,19.333,-650.968933105469,link-2,true
return,5795,14.675,-650.481750488281,link-2,true
return,5796,14.943,-649.993225097656,link-2,true
return,5797,18.614,-649.505249023438,link-2,true
return,5798,17.465,-649.017822265625,link-2,true
return,5799,15.192,-648.530883789062,link-2,true
return,5800,19.368,-648.042663574219,link-2,true
return,5801,14.646,-647.554931640625,link-2,true
return,5802,15.148,-647.067749023438,link-2,true
return,5803,18.415,-646.581115722656,link-2,true
return,5804,17.721,-646.093139648438,link-2,true
return,5805,15.244,-645.605712890625,link-2,true
return,5806,18.529,-645.118774414062,link-2,true
return,5807,17.835,-644.632385253906,link-2,true
return,5808,15.146,-644.144653320312,link-2,true
return,5809,18.927,-643.170776367188,link-2,true
return,5810,17.741,-642.684631347656,link-2,true
return,5811,15.099,-642.197143554688,link-2,true
return,5812,22.82,-641.710205078125,link-2,true
return,5813,14.665,-641.223754882812,link-2,true
return,5814,21.608,-640.737854003906,link-2,true
return,5815,20.689,-640.250610351562,link-2,true
return,5816,15.079,-639.763916015625,link-2,true
return,5817,25.597,-639.277709960938,link-2,true
return,5818,14.778,-638.792053222656,link-2,true
return,5819,25.229,-637.816772460938,link-2,true
return,5820,14.271,-637.328979492188,link-2,true
return,5821,19.348,-636.841674804688,link-2,true
return,5822,18.764,-636.354919433594,link-2,true
return,5823,21.271,-635.86865234375,link-2,true
return,5824,18.095,-635.382934570312,link-2,true
return,5825,14.964,-634.897705078125,link-2,true
return,5826,23.613,-634.4111328125,link-2,true
return,5827,14.721,-633.925109863281,link-2,true
return,5828,22.024,-632.95458984375,link-2,true
return,5829,18.637,-632.46826171875,link-2,true
return,5830,15.14,-631.982421875,link-2,true
return,5831,19.613,-631.497131347656,link-2,true
return,5832,18.605,-631.012329101562,link-2,true
return,5833,20.336,-630.526184082031,link-2,true
return,5834,14.725,-630.040588378906,link-2,true
return,5835,20.087,-629.555480957031,link-2,true
return,5836,18.8,-629.070861816406,link-2,true
return,5837,20.369,-628.09765625,link-2,true
return,5838,18.573,-627.610900878906,link-2,true
return,5839,21.379,-627.124633789062,link-2,true
return,5840,19.279,-626.638854980469,link-2,true
return,5841,15.115,-626.153625488281,link-2,true
return,5842,19.387,-625.668884277344,link-2,true
return,5843,18.868,-625.184631347656,link-2,true
return,5844,22.105,-624.212158203125,link-2,true
return,5845,18.348,-623.725769042969,link-2,true
return,5846,15.199,-623.239868164062,link-2,true
return,5847,23.356,-622.754455566406,link-2,true
return,5848,14.801,-622.26953125,link-2,true
return,5849,19.799,-621.785095214844,link-2,true
return,5850,14.621,-621.301147460938,link-2,true
return,5851,19.859,-620.329284667969,link-2,true
return,5852,18.326,-619.843139648438,link-2,true
return,5853,14.951,-619.357543945312,link-2,true
return,5854,14.554,-618.872436523438,link-2,true
return,5855,20.502,-618.387817382812,link-2,true
return,5856,19.085,-617.903686523438,link-2,true
return,5857,15.078,-617.420043945312,link-2,true
return,5858,19.441,-616.93505859375,link-2,true
return,5859,19.28,-615.966552734375,link-2,true
return,5860,21.207,-615.482971191406,link-2,true
return,5861,18.788,-614.998107910156,link-2,true
return,5862,15.26,-614.513671875,link-2,true
return,5863,19.372,-614.029724121094,link-2,true
return,5864,18.945,-613.546264648438,link-2,true
return,5865,20.433,-613.061462402344,link-2,true
return,5866,17.814,-612.5771484375,link-2,true
return,5867,15.8,-611.609985351562,link-2,true
return,5868,17.973,-611.125305175781,link-2,true
return,5869,21.659,-610.641052246094,link-2,true
return,5870,19.582,-610.157287597656,link-2,true
return,5871,17.82,-609.674011230469,link-2,true
return,5872,15.185,-609.189392089844,link-2,true
return,5873,18.513,-608.705200195312,link-2,true
return,5874,17.874,-608.221496582031,link-2,true
return,5875,15.224,-607.73828125,link-2,true
return,5876,23.569,-606.773193359375,link-2,true
return,5877,14.414,-606.28955078125,link-2,true
return,5878,18.457,-605.806335449219,link-2,true
return,5879,17.737,-605.323608398438,link-2,true
return,5880,15.248,-604.839538574219,link-2,true
return,5881,18.429,-604.355895996094,link-2,true
return,5882,17.583,-603.872741699219,link-2,true
return,5883,20.252,-603.390075683594,link-2,true
return,5884,17.849,-602.906005859375,link-2,true
return,5885,14.972,-602.422424316406,link-2,true
return,5886,25.656,-601.939270019531,link-2,true
return,5887,14.583,-601.456604003906,link-2,true
return,5888,22.04,-600.487182617188,link-2,true
return,5889,18.71,-600.002197265625,link-2,true
return,5890,21.666,-599.517700195312,link-1,true
return,5891,18.5,-599.03369140625,link-1,true
return,5892,20.225,-598.550048828125,link-1,true
return,5893,18.322,-598.06689453125,link-1,true
return,5894,21.388,-597.584228515625,link-1,true
return,5895,20.574,-597.100158691406,link-1,true
return,5896,21.837,-596.616516113281,link-1,true
return,5897,20.418,-595.650634765625,link-1,true
return,5898,19.611,-595.16650390625,link-1,true
return,5899,18.506,-594.682861328125,link-1,true
return,5900,20.346,-594.199645996094,link-1,true
return,5901,18.366,-593.716857910156,link-1,true
return,5902,19.088,-593.232727050781,link-1,true
return,5903,20.815,-592.265747070312,link-1,true
return,5904,14.906,-591.782958984375,link-1,true
return,5905,21.626,-591.298706054688,link-1,true
return,5906,14.46,-590.81494140625,link-1,true
return,5907,21.13,-590.331604003906,link-1,true
return,5908,18.722,-589.848693847656,link-1,true
return,5909,14.836,-589.364440917969,link-1,true
return,5910,25.931,-588.397155761719,link-1,true
return,5911,14.583,-587.914184570312,link-1,true
return,5912,21.044,-587.429809570312,link-1,true
return,5913,18.814,-586.945922851562,link-1,true
return,5914,21.088,-586.46240234375,link-1,true
return,5915,19.594,-585.979370117188,link-1,true
return,5916,21.59,-585.009033203125,link-1,true
return,5917,18.568,-584.523559570312,link-1,true
return,5918,21.66,-584.03857421875,link-1,true
return,5919,19.286,-583.553955078125,link-1,true
return,5920,14.977,-583.06982421875,link-1,true
return,5921,23.56,-582.586059570312,link-1,true
return,5922,17.03,-581.619873046875,link-1,true
return,5923,20.621,-581.135620117188,link-1,true
return,5924,17.127,-580.651733398438,link-1,true
return,5925,24.303,-580.168334960938,link-1,true
return,5926,15.821,-579.683471679688,link-1,true
return,5927,19.606,-579.199096679688,link-1,true
return,5928,18.769,-578.231506347656,link-1,true
return,5929,20.661,-577.746520996094,link-1,true
return,5930,22.472,-577.261901855469,link-1,true
return,5931,11.363,-576.777770996094,link-1,true
return,5932,21.945,-576.294006347656,link-1,true
return,5933,14.156,-575.808898925781,link-1,true
return,5934,25.671,-574.839782714844,link-1,true
return,5935,13.54,-574.355895996094,link-1,true
return,5936,21.307,-573.870544433594,link-1,true
return,5937,18.943,-573.385681152344,link-1,true
return,5938,18.835,-572.901184082031,link-1,true
return,5939,18.594,-572.417053222656,link-1,true
return,5940,17.399,-571.931579589844,link-1,true
return,5941,16.756,-570.961730957031,link-1,true
return,5942,22.114,-570.477478027344,link-1,true
return,5943,16.366,-569.991760253906,link-1,true
return,5944,26.066,-569.506408691406,link-1,true
return,5945,11.79,-569.021545410156,link-1,true
return,5946,19.092,-568.537048339844,link-1,true
return,5947,18.927,-568.051086425781,link-1,true
return,5948,16.291,-567.080505371094,link-1,true
return,5949,18.073,-566.595764160156,link-1,true
return,5950,18.11,-566.109619140625,link-1,true
return,5951,21.297,-565.623901367188,link-1,true
return,5952,15.731,-565.138549804688,link-1,true
return,5953,20.572,-564.653564453125,link-1,true
return,5954,16.076,-564.169067382812,link-1,true
return,5955,19.06,-563.68310546875,link-1,true
return,5956,19.665,-562.71240234375,link-1,true
return,5957,13.688,-562.71240234375,link-1,true
return,5958,20.054,-562.227661132812,link-1,true
return,5959,18.464,-561.741455078125,link-1,true
return,5960,14.504,-561.255615234375,link-1,true
return,5961,23.842,-560.770263671875,link-1,true
return,5962,14.543,-560.285278320312,link-1,true
return,5963,19.073,-559.798828125,link-1,true
return,5964,18.776,-559.312744140625,link-1,true
return,5965,14.949,-558.827087402344,link-1,true
return,5966,19.358,-558.341857910156,link-1,true
return,5967,17.757,-557.855163574219,link-1,true
return,5968,22.019,-556.882934570312,link-1,true
return,5969,18.447,-556.397399902344,link-1,true
return,5970,15.235,-555.910400390625,link-1,true
return,5971,19.471,-555.423828125,link-1,true
return,5972,18.924,-554.937622070312,link-1,true
return,5973,20.279,-554.451843261719,link-1,true
return,5974,19.469,-553.964599609375,link-1,true
return,5975,15.011,-553.477722167969,link-1,true
return,5976,18.397,-552.991271972656,link-1,true
return,5977,17.676,-552.505187988281,link-1,true
return,5978,20.698,-551.528747558594,link-1,true
return,5979,17.342,-551.040161132812,link-1,true
return,5980,15.132,-550.551940917969,link-1,true
return,5981,18.298,-550.064147949219,link-1,true
return,5982,17.815,-549.576721191406,link-1,true
return,5983,14.947,-549.089721679688,link-1,true
return,5984,18.64,-548.603088378906,link-1,true
return,5985,17.635,-548.115051269531,link-1,true
return,5986,15.106,-547.627380371094,link-1,true
return,5987,18.244,-547.140075683594,link-1,true
return,5988,17.657,-546.653137207031,link-1,true
return,5989,15.351,-545.674987792969,link-1,true
return,5990,17.926,-545.185546875,link-1,true
return,5991,17.74,-544.696533203125,link-1,true
return,5992,15.076,-544.207885742188,link-1,true
return,5993,18.291,-543.719604492188,link-1,true
return,5994,17.974,-543.231750488281,link-1,true
return,5995,18.089,-542.744262695312,link-1,true
return,5996,17.773,-542.255310058594,link-1,true
return,5997,15.237,-541.766723632812,link-1,true
return,5998,18.048,-541.278564453125,link-1,true
return,5999,17.716,-540.790771484375,link-1,true
return,6000,14.96,-540.301574707031,link-1,true
return,6001,21.838,-539.812744140625,link-1,true
return,6002,14.294,-539.324279785156,link-1,true
return,6003,15.139,-538.836242675781,link-1,true
return,6004,19.56,-538.3466796875,link-1,true
return,6005,18.443,-537.857543945312,link-1,true
return,6006,20.337,-537.368835449219,link-1,true
return,6007,17.505,-536.880493164062,link-1,true
return,6008,15.273,-536.390686035156,link-1,true
return,6009,18.487,-535.901245117188,link-1,true
return,6010,17.519,-535.412170410156,link-1,true
return,6011,18.382,-534.923522949219,link-1,true
return,6012,14.503,-534.433410644531,link-1,true
return,6013,18.423,-533.943664550781,link-1,true
return,6014,17.755,-533.454284667969,link-1,true
return,6015,15.278,-532.96533203125,link-1,true
return,6016,18.399,-532.474914550781,link-1,true
return,6017,17.532,-531.495178222656,link-1,true
return,6018,17.699,-531.005920410156,link-1,true
return,6019,17.834,-530.515197753906,link-1,true
return,6020,15.142,-530.02490234375,link-1,true
return,6021,18.467,-529.534973144531,link-1,true
return,6022,17.941,-529.04541015625,link-1,true
return,6023,14.711,-528.554382324219,link-1,true
return,6024,19.371,-528.063720703125,link-1,true
return,6025,14.499,-527.573486328125,link-1,true
return,6026,14.98,-527.083618164062,link-1,true
return,6027,18.586,-526.592346191406,link-1,true
return,6028,17.526,-526.101440429688,link-1,true
return,6029,15.011,-525.610900878906,link-1,true
return,6030,19.499,-525.120727539062,link-1,true
return,6031,14.572,-524.629089355469,link-1,true
return,6032,21.571,-524.137878417969,link-1,true
return,6033,18.741,-523.647094726562,link-1,true
return,6034,15.405,-523.156677246094,link-1,true
return,6035,24.966,-522.171447753906,link-1,true
return,6036,14.101,-521.678527832031,link-1,true
return,6037,24.91,-521.185974121094,link-1,true
return,6038,14.415,-520.69384765625,link-1,true
return,6039,19.2,-520.202087402344,link-1,true
return,6040,18.72,-519.710693359375,link-1,true
return,6041,21.42,-519.2197265625,link-1,true
return,6042,18.712,-518.727233886719,link-1,true
return,6043,14.951,-518.235229492188,link-1,true
return,6044,19.65,-517.743591308594,link-1,true
return,6045,18.424,-517.252319335938,link-1,true
return,6046,19.973,-516.759582519531,link-1,true
return,6047,19.017,-515.775390625,link-1,true
return,6048,14.717,-515.283874511719,link-1,true
return,6049,19.34,-514.790893554688,link-1,true
return,6050,18.561,-514.29833984375,link-1,true
return,6051,15.08,-513.80615234375,link-1,true
return,6052,24.699,-513.314392089844,link-1,true
return,6053,14.498,-512.821166992188,link-1,true
return,6054,19.001,-512.328308105469,link-1,true
return,6055,18.695,-511.835906982422,link-1,true
return,6056,21.599,-511.343902587891,link-1,true
return,6057,19.022,-510.355499267578,link-1,true
return,6058,21.055,-509.860961914062,link-1,true
return,6059,18.718,-509.366821289062,link-1,true
return,6060,15.013,-508.873107910156,link-1,true
return,6061,23.648,-508.379821777344,link-1,true
return,6062,14.375,-507.886901855469,link-1,true
return,6063,18.178,-507.394409179688,link-1,true
return,6064,19.173,-506.900451660156,link-1,true
return,6065,14.882,-506.406921386719,link-1,true
return,6066,19.292,-505.913787841797,link-1,true
return,6067,18.697,-504.928741455078,link-1,true
return,6068,21.192,-504.434967041016,link-1,true
return,6069,18.607,-503.941589355469,link-1,true
return,6070,14.944,-503.448669433594,link-1,true
return,6071,19.252,-502.954284667969,link-1,true
return,6072,18.726,-502.460296630859,link-1,true
return,6073,21.568,-501.966705322266,link-1,true
return,6074,19.255,-500.980804443359,link-1,true
return,6075,14.641,-500.486602783203,link-1,true
return,6076,19.275,-499.992828369141,link-1,true
return,6077,18.763,-499.499481201172,link-1,true
return,6078,19.744,-499.004669189453,link-1,true
return,6079,14.754,-498.510284423828,link-1,true
return,6080,18.9,-498.016326904297,link-1,true
return,6081,18.911,-497.029693603516,link-1,true
return,6082,14.704,-496.535125732422,link-1,true
return,6083,24.439,-496.040954589844,link-1,true
return,6084,14.335,-495.547210693359,link-1,true
return,6085,18.314,-495.052032470703,link-1,true
return,6086,17.645,-494.557281494141,link-1,true
return,6087,15.084,-494.062957763672,link-1,true
return,6088,18.306,-493.569061279297,link-1,true
return,6089,17.338,-493.07373046875,link-1,true
return,6090,20.464,-492.084350585938,link-1,true
return,6091,17.259,-491.590301513672,link-1,true
return,6092,15.151,-491.094818115234,link-1,true
return,6093,18.46,-490.599761962891,link-1,true
return,6094,17.597,-490.105133056641,link-1,true
return,6095,14.991,-489.610931396484,link-1,true
return,6096,22.922,-489.115295410156,link-1,true
return,6097,14.395,-488.620086669922,link-1,true
return,6098,14.999,-488.125305175781,link-1,true
return,6099,18.374,-487.630981445312,link-1,true
return,6100,17.604,-487.135223388672,link-1,true
return,6101,18.419,-486.639892578125,link-1,true
return,6102,17.923,-486.144989013672,link-1,true
return,6103,14.893,-485.650543212891,link-1,true
return,6104,21.784,-485.154663085938,link-1,true
return,6105,14.462,-484.659210205078,link-1,true
return,6106,21.304,-484.164215087891,link-1,true
return,6107,18.808,-483.669616699219,link-1,true
return,6108,25.506,-482.676208496094,link-1,true
return,6109,15.3,-482.179229736328,link-1,true
return,6110,21.055,-481.682708740234,link-1,true
return,6111,18.925,-481.186645507812,link-1,true
return,6112,18.663,-480.691009521484,link-1,true
return,6113,21.654,-480.19580078125,link-1,true
return,6114,18.523,-479.701049804688,link-1,true
return,6115,19.72,-479.206726074219,link-1,true
return,6116,19.206,-478.710998535156,link-1,true
return,6117,14.938,-478.215728759766,link-1,true
return,6118,22.098,-477.226501464844,link-1,true
return,6119,14.085,-476.730682373047,link-1,true
return,6120,21.601,-476.235321044922,link-1,true
return,6121,18.702,-475.740417480469,link-1,true
return,6122,14.976,-475.245971679688,link-1,true
return,6123,23.162,-474.750091552734,link-1,true
return,6124,14.45,-474.254669189453,link-1,true
return,6125,21.481,-473.759704589844,link-1,true
return,6126,19.05,-473.265197753906,link-1,true
return,6127,14.83,-472.769287109375,link-1,true
return,6128,25.384,-471.778839111328,link-1,true
return,6129,13.844,-471.284301757812,link-1,true
return,6130,20.132,-470.788360595703,link-1,true
return,6131,18.915,-470.292846679688,link-1,true
return,6132,19.859,-469.797821044922,link-1,true
return,6133,19.432,-469.303253173828,link-1,true
return,6134,21.844,-468.309844970703,link-1,true
return,6135,18.596,-467.812927246094,link-1,true
return,6136,15.077,-467.316467285156,link-1,true
return,6137,23.392,-466.820465087891,link-1,true
return,6138,14.49,-466.324951171875,link-1,true
return,6139,21.583,-465.829895019531,link-1,true
return,6140,19.663,-464.841156005859,link-1,true
return,6141,18.679,-464.345611572266,link-1,true
return,6142,18.951,-463.850524902344,link-1,true
return,6143,14.629,-463.355926513672,link-1,true
return,6144,25.271,-462.859924316406,link-1,true
return,6145,14.6,-462.364410400391,link-1,true
return,6146,21.67,-461.374755859375,link-1,true
return,6147,18.148,-460.878753662109,link-1,true
return,6148,21.323,-460.383239746094,link-1,true
return,6149,20.407,-459.88818359375,link-1,true
return,6150,13.448,-459.393585205078,link-1,true
return,6151,23.747,-458.897644042969,link-1,true
return,6152,15.404,-458.402160644531,link-1,true
return,6153,20.349,-457.41259765625,link-1,true
return,6154,17.964,-456.916656494141,link-1,true
return,6155,21.597,-456.421203613281,link-1,true
return,6156,19.067,-455.926239013672,link-1,true
return,6157,15.182,-455.431732177734,link-1,true
return,6158,19.047,-454.935852050781,link-1,true
return,6159,18.328,-454.440460205078,link-1,true
return,6160,20.07,-453.451080322266,link-1,true
return,6161,18.352,-452.955230712891,link-1,true
return,6162,15.177,-452.459869384766,link-1,true
return,6163,24.409,-451.964996337891,link-1,true
return,6164,14.182,-451.470611572266,link-1,true
return,6165,19.216,-450.974853515625,link-1,true
return,6166,19.359,-450.479553222656,link-1,true
return,6167,15.361,-449.490417480469,link-1,true
return,6168,19.454,-448.994720458984,link-1,true
return,6169,18.136,-448.499481201172,link-1,true
return,6170,15.161,-448.004730224609,link-1,true
return,6171,21.821,-447.510467529297,link-1,true
return,6172,14.587,-447.014831542969,link-1,true
return,6173,15.158,-446.519683837891,link-1,true
return,6174,19.318,-446.025024414062,link-1,true
return,6175,18.833,-445.530853271484,link-1,true
return,6176,20.494,-445.035278320312,link-1,true
return,6177,19.373,-444.045623779297,link-1,true
return,6178,15.099,-443.551544189453,link-1,true
return,6179,18.969,-443.056091308594,link-1,true
return,6180,19.267,-442.561096191406,link-1,true
return,6181,14.803,-442.066589355469,link-1,true
return,6182,22.915,-441.572570800781,link-1,true
return,6183,14.416,-441.077178955078,link-1,true
return,6184,21.092,-440.582275390625,link-1,true
return,6185,18.77,-440.087890625,link-1,true
return,6186,14.97,-439.593994140625,link-1,true
return,6187,27.718,-438.60205078125,link-1,true
return,6188,10.737,-438.105895996094,link-1,true
return,6189,24.187,-437.610229492188,link-1,true
return,6190,14.393,-437.115051269531,link-1,true
return,6191,21.785,-436.620361328125,link-1,true
return,6192,23.22,-436.126190185547,link-1,true
return,6193,11.517,-435.632476806641,link-1,true
return,6194,21.21,-435.137390136719,link-1,true
return,6195,14.304,-434.642822265625,link-1,true
return,6196,22.849,-434.148742675781,link-1,true
return,6197,14.676,-433.162048339844,link-1,true
return,6198,17.638,-432.667602539062,link-1,true
return,6199,17.306,-432.173645019531,link-1,true
return,6200,14.779,-431.68017578125,link-1,true
return,6201,21.612,-431.185333251953,link-1,true
return,6202,15.097,-430.691009521484,link-1,true
return,6203,18.191,-430.197143554688,link-1,true
return,6204,18.56,-429.703765869141,link-1,true
return,6205,15.023,-429.209045410156,link-1,true
return,6206,19.025,-428.714813232422,link-1,true
return,6207,18.468,-428.221069335938,link-1,true
return,6208,20.077,-427.727813720703,link-1,true
return,6209,17.632,-427.233184814453,link-1,true
return,6210,15.069,-426.739044189453,link-1,true
return,6211,17.766,-426.245422363281,link-1,true
return,6212,17.659,-425.752288818359,link-1,true
return,6213,19.823,-425.257781982422,link-1,true
return,6214,19.041,-424.763793945312,link-1,true
return,6215,14.886,-424.270294189453,link-1,true
return,6216,19.169,-423.777282714844,link-1,true
return,6217,18.529,-423.282897949219,link-1,true
return,6218,21.33,-422.295654296875,link-1,true
return,6219,18.841,-421.802764892578,link-1,true
return,6220,14.851,-421.308532714844,link-1,true
return,6221,19.618,-420.814758300781,link-1,true
return,6222,18.193,-420.321502685547,link-1,true
return,6223,14.951,-419.828735351562,link-1,true
return,6224,20.155,-419.334594726562,link-1,true
return,6225,14.481,-418.840972900391,link-1,true
return,6226,21.249,-418.347839355469,link-1,true
return,6227,18.945,-417.855194091797,link-1,true
return,6228,18.646,-417.361175537109,link-1,true
return,6229,14.999,-416.86767578125,link-1,true
return,6230,25.534,-415.882110595703,link-1,true
return,6231,14.035,-415.388214111328,link-1,true
return,6232,18.265,-414.894805908203,link-1,true
return,6233,17.602,-414.401885986328,link-1,true
return,6234,15.114,-413.909484863281,link-1,true
return,6235,23.315,-413.415710449219,link-1,true
return,6236,14.415,-412.922424316406,link-1,true
return,6237,18.377,-412.429626464844,link-1,true
return,6238,18.192,-411.937316894531,link-1,true
return,6239,19.307,-411.443634033203,link-1,true
return,6240,20.285,-410.950469970703,link-1,true
return,6241,15.044,-410.457763671875,link-1,true
return,6242,19.436,-409.473876953125,link-1,true
return,6243,18.391,-408.980804443359,link-1,true
return,6244,20.105,-408.488220214844,link-1,true
return,6245,19.072,-407.996124267578,link-1,true
return,6246,14.864,-407.502685546875,link-1,true
return,6247,23.579,-407.009704589844,link-1,true
return,6248,14.13,-406.517242431641,link-1,true
return,6249,19.179,-406.025268554688,link-1,true
return,6250,19.458,-405.531921386719,link-1,true
return,6251,14.409,-405.0390625,link-1,true
return,6252,18.976,-404.546691894531,link-1,true
return,6253,18.663,-404.054809570312,link-1,true
return,6254,18.696,-403.072509765625,link-1,true
return,6255,20.884,-402.580230712891,link-1,true
return,6256,18.517,-402.088439941406,link-1,true
return,6257,14.839,-401.597137451172,link-1,true
return,6258,25.299,-401.104461669922,link-1,true
return,6259,14.002,-400.612274169922,link-1,true
return,6260,18.274,-400.120574951172,link-1,true
return,6261,19.166,-399.629364013672,link-1,true
return,6262,14.578,-399.136779785156,link-1,true
return,6263,19.551,-398.644653320312,link-1,true
return,6264,18.173,-398.153015136719,link-1,true
return,6265,21.365,-397.171203613281,link-1,true
return,6266,18.112,-396.67919921875,link-1,true
return,6267,15.102,-396.187652587891,link-1,true
return,6268,19.0,-395.696594238281,link-1,true
return,6269,18.543,-395.204162597656,link-1,true
return,6270,21.681,-394.712219238281,link-1,true
return,6271,18.604,-394.220764160156,link-1,true
return,6272,14.873,-393.729766845703,link-1,true
return,6273,25.957,-392.74365234375,link-1,true
return,6274,14.053,-392.250396728516,link-1,true
return,6275,25.69,-391.757629394531,link-1,true
return,6276,14.557,-391.265350341797,link-1,true
return,6277,18.907,-390.773529052734,link-1,true
return,6278,18.856,-390.282196044922,link-1,true
return,6279,22.222,-389.300933837891,link-1,true
return,6280,17.549,-388.809173583984,link-1,true
return,6281,19.348,-388.317901611328,link-1,true
return,6282,19.056,-387.827087402344,link-1,true
return,6283,14.731,-387.334899902344,link-1,true
return,6284,25.527,-386.843200683594,link-1,true
return,6285,14.566,-385.861236572266,link-1,true
return,6286,19.456,-385.369110107422,link-1,true
return,6287,18.523,-384.87744140625,link-1,true
return,6288,20.954,-384.386260986328,link-1,true
return,6289,20.195,-383.895538330078,link-1,true
return,6290,21.299,-383.403442382812,link-1,true
return,6291,18.532,-382.420623779297,link-1,true
return,6292,21.183,-381.929962158203,link-1,true
return,6293,19.001,-381.437896728516,link-1,true
return,6294,21.07,-380.9462890625,link-1,true
return,6295,18.22,-380.455169677734,link-1,true
return,6296,21.852,-379.474304199219,link-1,true
return,6297,18.137,-378.982727050781,link-1,true
return,6298,14.896,-378.491607666016,link-1,true
return,6299,24.678,-378.0009765625,link-1,true
return,6300,14.095,-377.508941650391,link-1,true
return,6301,21.211,-377.017395019531,link-1,true
return,6302,19.314,-376.035675048828,link-1,true
return,6303,20.864,-375.543640136719,link-1,true
return,6304,18.581,-375.052093505859,link-1,true
return,6305,14.713,-374.561004638672,link-1,true
return,6306,23.307,-374.070373535156,link-1,true
return,6307,14.032,-373.578369140625,link-1,true
return,6308,21.612,-372.595703125,link-1,true
return,6309,18.851,-372.105072021484,link-1,true
return,6310,21.262,-371.613037109375,link-1,true
return,6311,18.621,-371.121490478516,link-1,true
return,6312,14.822,-370.630401611328,link-1,true
return,6313,25.207,-369.649597167969,link-1,true
return,6314,13.912,-369.158020019531,link-1,true
return,6315,21.275,-368.666900634766,link-1,true
return,6316,19.098,-368.176239013672,link-1,true
return,6317,21.018,-367.684173583984,link-1,true
return,6318,19.126,-367.192596435547,link-1,true
return,6319,15.058,-366.210754394531,link-1,true
return,6320,22.735,-365.718688964844,link-1,true
return,6321,14.147,-365.227081298828,link-1,true
return,6322,22.953,-364.735900878906,link-1,true
return,6323,17.197,-364.245178222656,link-1,true
return,6324,19.454,-363.753051757812,link-1,true
return,6325,19.619,-362.770202636719,link-1,true
return,6326,13.49,-362.770202636719,link-1,true
return,6327,19.32,-362.279449462891,link-1,true
return,6328,19.049,-361.789154052734,link-1,true
return,6329,15.008,-361.297454833984,link-1,true
return,6330,19.363,-360.806213378906,link-1,true
return,6331,18.289,-360.315399169922,link-1,true
return,6332,19.148,-359.825042724609,link-1,true
return,6333,17.666,-359.333282470703,link-1,true
return,6334,15.128,-358.841979980469,link-1,true
return,6335,17.941,-358.351135253906,link-1,true
return,6336,17.75,-357.860717773438,link-1,true
return,6337,19.883,-357.368896484375,link-1,true
return,6338,17.37,-356.877532958984,link-1,true
return,6339,14.892,-356.386627197266,link-1,true
return,6340,18.321,-355.896179199219,link-1,true
return,6341,17.221,-355.404296875,link-1,true
return,6342,14.895,-354.912872314453,link-1,true
return,6343,23.02,-353.931365966797,link-1,true
return,6344,13.478,-353.439422607422,link-1,true
return,6345,18.19,-352.947937011719,link-1,true
return,6346,18.472,-352.456909179688,link-1,true
return,6347,13.706,-351.96630859375,link-1,true
return,6348,17.988,-351.474304199219,link-1,true
return,6349,17.035,-350.982727050781,link-1,true
return,6350,14.768,-350.491607666016,link-1,true
return,6351,17.72,-350.000915527344,link-1,true
return,6352,17.402,-349.508819580078,link-1,true
return,6353,14.838,-349.017181396484,link-1,true
return,6354,18.335,-348.525970458984,link-1,true
return,6355,17.166,-348.035217285156,link-1,true
return,6356,14.47,-347.543060302734,link-1,true
return,6357,17.247,-347.051330566406,link-1,true
return,6358,17.987,-346.56005859375,link-1,true
return,6359,14.128,-346.069213867188,link-1,true
return,6360,18.597,-345.576934814453,link-1,true
return,6361,18.34,-345.085113525391,link-1,true
return,6362,14.729,-344.59375,link-1,true
return,6363,22.919,-344.102813720703,link-1,true
return,6364,14.249,-343.610473632812,link-1,true
return,6365,21.571,-342.627075195312,link-1,true
return,6366,20.064,-342.136047363281,link-1,true
return,6367,20.885,-341.643585205078,link-1,true
return,6368,18.458,-341.151580810547,link-1,true
return,6369,14.673,-340.660003662109,link-1,true
return,6370,24.951,-340.168853759766,link-1,true
return,6371,14.254,-339.676300048828,link-1,true
return,6372,20.873,-339.184173583984,link-1,true
return,6373,18.652,-338.692504882812,link-1,true
return,6374,21.143,-338.201263427734,link-1,true
return,6375,19.026,-337.214508056641,link-1,true
return,6376,14.39,-336.720886230469,link-1,true
return,6377,23.766,-336.227691650391,link-1,true
return,6378,14.377,-335.734924316406,link-1,true
return,6379,19.385,-335.242584228516,link-1,true
return,6380,18.68,-334.750701904297,link-1,true
return,6381,14.742,-334.259246826172,link-1,true
return,6382,19.194,-333.766387939453,link-1,true
return,6383,17.347,-333.273956298828,link-1,true
return,6384,21.511,-332.781951904297,link-1,true
return,6385,18.898,-331.799255371094,link-1,true
return,6386,15.011,-331.306701660156,link-1,true
return,6387,19.041,-330.814575195312,link-1,true
return,6388,18.252,-330.322875976562,link-1,true
return,6389,17.953,-329.829772949219,link-1,true
return,6390,19.301,-329.337097167969,link-1,true
return,6391,14.962,-328.844848632812,link-1,true
return,6392,19.766,-328.35302734375,link-1,true
return,6393,18.335,-327.859802246094,link-1,true
return,6394,15.277,-327.367004394531,link-1,true
return,6395,22.193,-326.382720947266,link-1,true
return,6396,14.153,-325.889373779297,link-1,true
return,6397,23.841,-325.396453857422,link-1,true
return,6398,13.976,-324.903961181641,link-1,true
return,6399,18.724,-324.411895751953,link-1,true
return,6400,15.156,-323.918426513672,link-1,true
return,6401,23.563,-323.425384521484,link-1,true
return,6402,14.339,-322.932769775391,link-1,true
return,6403,19.94,-322.440612792969,link-1,true
return,6404,18.935,-321.947021484375,link-1,true
return,6405,21.496,-320.961120605469,link-1,true
return,6406,18.583,-320.468841552734,link-1,true
return,6407,15.179,-319.975128173828,link-1,true
return,6408,230.53,-316.040924072266,link-1,true
return,6409,7.304,-315.056121826172,link-1,true
return,6410,18.555,-314.563446044922,link-1,true
return,6411,19.971,-314.071197509766,link-1,true
return,6412,20.384,-313.577514648438,link-1,true
return,6413,15.518,-313.084259033203,link-1,true
return,6414,18.905,-312.591461181641,link-1,true
return,6415,17.838,-312.099090576172,link-1,true
return,6416,20.999,-311.110046386719,link-1,true
return,6417,17.972,-310.615264892578,link-1,true
return,6418,15.601,-310.120910644531,link-1,true
return,6419,18.721,-309.626983642578,link-1,true
return,6420,22.225,-309.133483886719,link-1,true
return,6421,14.963,-308.640441894531,link-1,true
return,6422,23.433,-308.147827148438,link-1,true
return,6423,15.086,-307.653778076172,link-1,true
return,6424,18.746,-307.160186767578,link-1,true
return,6425,22.305,-306.174285888672,link-1,true
return,6426,19.534,-305.680114746094,link-1,true
return,6427,19.052,-305.186370849609,link-1,true
return,6428,15.62,-304.693084716797,link-1,true
return,6429,26.052,-304.200225830078,link-1,true
return,6430,15.02,-303.705932617188,link-1,true
return,6431,20.5,-303.212097167969,link-1,true
return,6432,18.347,-302.718688964844,link-1,true
return,6433,15.629,-302.225708007812,link-1,true
return,6434,19.098,-301.235473632812,link-1,true
return,6435,22.377,-300.740081787109,link-1,true
return,6436,18.034,-300.2451171875,link-1,true
return,6437,22.043,-299.750610351562,link-1,true
return,6438,14.982,-299.256500244141,link-1,true
return,6439,23.722,-298.762847900391,link-1,true
return,6440,19.242,-298.269653320312,link-1,true
return,6441,18.389,-297.775024414062,link-1,true
return,6442,22.568,-296.787048339844,link-1,true
return,6443,14.742,-296.293731689453,link-1,true
return,6444,24.215,-295.798980712891,link-1,true
return,6445,14.86,-295.3046875,link-1,true
return,6446,20.537,-294.810821533203,link-1,true
return,6447,18.157,-294.3173828125,link-1,true
return,6448,15.589,-293.822509765625,link-1,true
return,6449,18.838,-293.328094482422,link-1,true
return,6450,18.298,-292.340576171875,link-1,true
return,6451,15.223,-291.845611572266,link-1,true
return,6452,23.452,-291.351104736328,link-1,true
return,6453,15.08,-290.857025146484,link-1,true
return,6454,23.16,-290.363372802734,link-1,true
return,6455,14.878,-289.868316650391,link-1,true
return,6456,19.773,-289.373687744141,link-1,true
return,6457,19.131,-288.879486083984,link-1,true
return,6458,21.71,-287.892425537109,link-1,true
return,6459,17.799,-287.397705078125,link-1,true
return,6460,21.854,-286.903411865234,link-1,true
return,6461,19.191,-286.409576416016,link-1,true
return,6462,15.591,-285.914306640625,link-1,true
return,6463,19.609,-285.419494628906,link-1,true
return,6464,18.953,-284.925109863281,link-1,true
return,6465,22.446,-283.937683105469,link-1,true
return,6466,18.766,-283.442749023438,link-1,true
return,6467,15.455,-282.948272705078,link-1,true
return,6468,25.702,-282.454223632812,link-1,true
return,6469,14.944,-281.958770751953,link-1,true
return,6470,20.003,-281.463745117188,link-1,true
return,6471,19.201,-280.969177246094,link-1,true
return,6472,15.78,-279.981323242188,link-1,true
return,6473,25.603,-279.486206054688,link-1,true
return,6474,14.839,-278.991546630859,link-1,true
return,6475,18.745,-278.497344970703,link-1,true
return,6476,23.736,-278.001708984375,link-1,true
return,6477,14.93,-277.506530761719,link-1,true
return,6478,26.584,-276.517486572266,link-1,true
return,6479,14.465,-276.021789550781,link-1,true
return,6480,19.824,-275.526519775391,link-1,true
return,6481,19.13,-275.031707763672,link-1,true
return,6482,15.642,-274.537322998047,link-1,true
return,6483,19.678,-274.041534423828,link-1,true
return,6484,18.17,-273.051300048828,link-1,true
return,6485,21.879,-272.556854248047,link-1,true
return,6486,19.571,-272.061004638672,link-1,true
return,6487,20.171,-271.565582275391,link-1,true
return,6488,19.252,-271.070617675781,link-1,true
return,6489,21.661,-270.576110839844,link-1,true
return,6490,22.828,-269.582824707031,link-1,true
return,6491,19.006,-269.0859375,link-1,true
return,6492,19.041,-268.589477539062,link-1,true
return,6493,15.695,-268.093475341797,link-1,true
return,6494,19.942,-267.597930908203,link-1,true
return,6495,19.915,-267.102844238281,link-1,true
return,6496,22.252,-266.114013671875,link-1,true
return,6497,20.304,-265.618408203125,link-1,true
return,6498,21.892,-265.123260498047,link-1,true
return,6499,19.893,-264.628540039062,link-1,true
return,6500,15.384,-264.13427734375,link-1,true
return,6501,25.893,-263.141540527344,link-1,true
return,6502,14.631,-262.644897460938,link-1,true
return,6503,22.017,-262.148742675781,link-1,true
return,6504,18.842,-261.653015136719,link-1,true
return,6505,22.725,-260.662933349609,link-1,true
return,6506,19.136,-260.168579101562,link-1,true
return,6507,19.855,-259.672790527344,link-1,true
return,6508,19.214,-259.177459716797,link-1,true
return,6509,21.501,-258.682586669922,link-1,true
return,6510,19.909,-257.694213867188,link-1,true
return,6511,21.632,-257.198852539062,link-1,true
return,6512,19.157,-256.703948974609,link-1,true
return,6513,15.348,-256.20947265625,link-1,true
return,6514,20.286,-255.216323852539,link-1,true
return,6515,19.28,-254.719497680664,link-1,true
return,6516,15.512,-254.223129272461,link-1,true
return,6517,20.165,-253.72721862793,link-1,true
return,6518,19.011,-253.23176574707,link-1,true
return,6519,20.923,-252.242218017578,link-1,true
return,6520,18.64,-251.74626159668,link-1,true
return,6521,21.963,-251.250762939453,link-1,true
return,6522,19.235,-250.755722045898,link-1,true
return,6523,15.51,-250.261138916016,link-1,true
return,6524,24.371,-249.26774597168,link-1,true
return,6525,14.317,-248.770797729492,link-1,true
return,6526,22.088,-248.274307250977,link-1,true
return,6527,19.511,-247.778289794922,link-1,true
return,6528,15.645,-247.28271484375,link-1,true
return,6529,23.949,-246.292953491211,link-1,true
return,6530,13.248,-246.292953491211,link-1,true
return,6531,25.066,-245.796890258789,link-1,true
return,6532,14.971,-245.301284790039,link-1,true
return,6533,19.844,-244.80615234375,link-1,true
return,6534,19.238,-244.311462402344,link-1,true
return,6535,15.755,-243.815368652344,link-1,true
return,6536,24.928,-242.824554443359,link-1,true
return,6537,14.546,-242.329833984375,link-1,true
return,6538,19.09,-241.833709716797,link-1,true
return,6539,22.002,-241.338043212891,link-1,true
return,6540,15.077,-240.842849731445,link-1,true
return,6541,23.728,-240.348098754883,link-1,true
return,6542,15.093,-239.851943969727,link-1,true
return,6543,18.824,-239.356246948242,link-1,true
return,6544,18.032,-238.861022949219,link-1,true
return,6545,15.565,-238.366256713867,link-1,true
return,6546,24.374,-237.372497558594,link-1,true
return,6547,14.209,-236.875381469727,link-1,true
return,6548,19.271,-236.378723144531,link-1,true
return,6549,18.144,-235.882522583008,link-1,true
return,6550,15.245,-235.386779785156,link-1,true
return,6551,23.407,-234.891510009766,link-1,true
return,6552,19.014,-234.396697998047,link-1,true
return,6553,18.47,-233.900482177734,link-1,true
return,6554,18.644,-232.909423828125,link-1,true
return,6555,15.326,-232.414581298828,link-1,true
return,6556,18.217,-231.918334960938,link-1,true
return,6557,22.272,-231.422546386719,link-1,true
return,6558,20.111,-230.927230834961,link-1,true
return,6559,18.189,-230.432373046875,link-1,true
return,6560,22.398,-229.438446044922,link-1,true
return,6561,19.038,-228.94123840332,link-1,true
return,6562,15.501,-228.44450378418,link-1,true
return,6563,22.343,-227.948226928711,link-1,true
return,6564,14.879,-227.452423095703,link-1,true
return,6565,21.565,-226.957061767578,link-1,true
return,6566,22.251,-225.967742919922,link-1,true
return,6567,14.18,-225.471908569336,link-1,true
return,6568,23.539,-224.976531982422,link-1,true
return,6569,14.847,-224.481628417969,link-1,true
return,6570,19.861,-223.985305786133,link-1,true
return,6571,19.147,-223.489456176758,link-1,true
return,6572,22.423,-222.499145507812,link-1,true
return,6573,17.041,-222.002807617188,link-1,true
return,6574,22.081,-221.506942749023,link-1,true
return,6575,21.16,-221.011535644531,link-1,true
return,6576,21.487,-220.516586303711,link-1,true
return,6577,15.083,-220.020233154297,link-1,true
return,6578,20.202,-219.028930664062,link-1,true
return,6579,19.346,-218.533966064453,link-1,true
return,6580,15.49,-218.03759765625,link-1,true
return,6581,19.659,-217.541702270508,link-1,true
return,6582,18.994,-217.046249389648,link-1,true
return,6583,22.367,-216.55126953125,link-1,true
return,6584,19.967,-215.557098388672,link-1,true
return,6585,15.266,-215.059768676758,link-1,true
return,6586,25.813,-214.562911987305,link-1,true
return,6587,14.949,-214.066513061523,link-1,true
return,6588,22.414,-213.570587158203,link-1,true
return,6589,19.423,-213.075119018555,link-1,true
return,6590,15.871,-212.085556030273,link-1,true
return,6591,19.364,-211.589614868164,link-1,true
return,6592,19.61,-211.094116210938,link-1,true
return,6593,22.331,-210.599090576172,link-1,true
return,6594,19.562,-210.104522705078,link-1,true
return,6595,21.671,-209.608551025391,link-1,true
return,6596,16.179,-208.61799621582,link-1,true
return,6597,19.782,-208.123413085938,link-1,true
return,6598,18.161,-207.627426147461,link-1,true
return,6599,20.236,-207.131896972656,link-1,true
return,6600,19.415,-206.636825561523,link-1,true
return,6601,21.779,-206.142227172852,link-1,true
return,6602,21.987,-205.148803710938,link-1,true
return,6603,15.046,-204.65185546875,link-1,true
return,6604,26.815,-204.155364990234,link-1,true
return,6605,15.357,-203.659332275391,link-1,true
return,6606,24.452,-203.163772583008,link-1,true
return,6607,15.379,-202.668670654297,link-1,true
return,6608,23.949,-201.67985534668,link-1,true
return,6609,15.137,-201.184265136719,link-1,true
return,6610,19.445,-200.68913269043,link-1,true
return,6611,22.732,-200.194458007812,link-1,true
return,6612,15.501,-199.698394775391,vale-0,true
return,6613,24.579,-198.707641601562,vale-0,true
return,6614,15.021,-198.212951660156,vale-0,true
return,6615,24.411,-197.716857910156,vale-0,true
return,6616,19.583,-197.221237182617,vale-0,true
return,6617,22.489,-196.72607421875,vale-0,true
return,6618,19.501,-195.737121582031,vale-0,true
return,6619,19.831,-195.241470336914,vale-0,true
return,6620,15.873,-194.746276855469,vale-0,true
return,6621,19.601,-194.251541137695,vale-0,true
return,6622,18.494,-193.755416870117,vale-0,true
return,6623,16.349,-192.764541625977,vale-0,true
return,6624,19.962,-192.269790649414,vale-0,true
return,6625,19.387,-191.773635864258,vale-0,true
return,6626,24.169,-191.277938842773,vale-0,true
return,6627,20.155,-190.782699584961,vale-0,true
return,6628,21.393,-189.793594360352,vale-0,true
return,6629,14.893,-189.297866821289,vale-0,true
return,6630,24.032,-188.802612304688,vale-0,true
return,6631,19.289,-188.307815551758,vale-0,true
return,6632,19.847,-187.811599731445,vale-0,true
return,6633,19.899,-186.820571899414,vale-0,true
return,6634,22.407,-186.325759887695,vale-0,true
return,6635,18.502,-185.829544067383,vale-0,true
return,6636,16.069,-185.333786010742,vale-0,true
return,6637,18.99,-184.838485717773,vale-0,true
return,6638,22.568,-183.849258422852,vale-0,true
return,6639,18.179,-183.353469848633,vale-0,true
return,6640,22.495,-182.858139038086,vale-0,true
return,6641,15.103,-182.363265991211,vale-0,true
return,6642,23.932,-181.866989135742,vale-0,true
return,6643,19.785,-180.87580871582,vale-0,true
return,6644,17.743,-180.380920410156,vale-0,true
return,6645,22.689,-179.884628295898,vale-0,true
return,6646,14.691,-179.388793945312,vale-0,true
return,6647,18.804,-178.893417358398,vale-0,true
return,6648,15.006,-178.398498535156,vale-0,true
return,6649,19.801,-177.404449462891,vale-0,true
return,6650,18.21,-176.907180786133,vale-0,true
return,6651,15.503,-176.410385131836,vale-0,true
return,6652,23.974,-175.914047241211,vale-0,true
return,6653,19.135,-175.418167114258,vale-0,true
return,6654,18.735,-174.922760009766,vale-0,true
return,6655,18.217,-174.427810668945,vale-0,true
return,6656,15.676,-173.931457519531,vale-0,true
return,6657,19.317,-172.940124511719,vale-0,true
return,6658,22.188,-172.44514465332,vale-0,true
return,6659,15.03,-171.948760986328,vale-0,true
return,6660,23.716,-171.452835083008,vale-0,true
return,6661,15.199,-170.957366943359,vale-0,true
return,6662,19.107,-170.462371826172,vale-0,true
return,6663,23.666,-169.967834472656,vale-0,true
return,6664,15.065,-169.471893310547,vale-0,true
return,6665,26.907,-168.481384277344,vale-0,true
return,6666,15.234,-167.986831665039,vale-0,true
return,6667,19.576,-167.490859985352,vale-0,true
return,6668,19.336,-166.995346069336,vale-0,true
return,6669,20.115,-166.500305175781,vale-0,true
return,6670,18.566,-166.005706787109,vale-0,true
return,6671,22.591,-165.509719848633,vale-0,true
return,6672,18.698,-164.519119262695,vale-0,true
return,6673,15.318,-164.024505615234,vale-0,true
return,6674,25.911,-163.52848815918,vale-0,true
return,6675,15.04,-163.032928466797,vale-0,true
return,6676,20.428,-162.537841796875,vale-0,true
return,6677,19.248,-162.043197631836,vale-0,true
return,6678,15.733,-161.547149658203,vale-0,true
return,6679,26.225,-160.556442260742,vale-0,true
return,6680,14.725,-160.061782836914,vale-0,true
return,6681,25.567,-159.565719604492,vale-0,true
return,6682,15.24,-159.070114135742,vale-0,true
return,6683,20.179,-158.574981689453,vale-0,true
return,6684,19.714,-158.080291748047,vale-0,true
return,6685,22.442,-157.086700439453,vale-0,true
return,6686,20.991,-156.58967590332,vale-0,true
return,6687,22.276,-156.093109130859,vale-0,true
return,6688,19.726,-155.59700012207,vale-0,true
return,6689,15.427,-155.101364135742,vale-0,true
return,6690,24.485,-154.111465454102,vale-0,true
return,6691,14.817,-153.615341186523,vale-0,true
return,6692,22.079,-153.119674682617,vale-0,true
return,6693,19.516,-152.624465942383,vale-0,true
return,6694,22.461,-151.63542175293,vale-0,true
return,6695,19.131,-151.139724731445,vale-0,true
return,6696,22.509,-150.644485473633,vale-0,true
return,6697,19.833,-150.149719238281,vale-0,true
return,6698,22.889,-149.155975341797,vale-0,true
return,6699,20.511,-148.65885925293,vale-0,true
return,6700,22.21,-148.162200927734,vale-0,true
return,6701,15.195,-147.666000366211,vale-0,true
return,6702,21.314,-146.675003051758,vale-0,true
return,6703,18.81,-146.180191040039,vale-0,true
return,6704,20.416,-145.683975219727,vale-0,true
return,6705,20.15,-145.188232421875,vale-0,true
return,6706,22.798,-144.198104858398,vale-0,true
return,6707,19.032,-143.701858520508,vale-0,true
return,6708,20.613,-143.206085205078,vale-0,true
return,6709,19.394,-142.710784912109,vale-0,true
return,6710,23.009,-141.721557617188,vale-0,true
return,6711,19.57,-141.22575378418,vale-0,true
return,6712,20.47,-140.730407714844,vale-0,true
return,6713,19.717,-140.23551940918,vale-0,true
return,6714,22.461,-139.24153137207,vale-0,true
return,6715,19.983,-138.74430847168,vale-0,true
return,6716,22.13,-138.247543334961,vale-0,true
return,6717,20.261,-137.751251220703,vale-0,true
return,6718,15.691,-137.255416870117,vale-0,true
return,6719,26.16,-136.265121459961,vale-0,true
return,6720,14.773,-135.768814086914,vale-0,true
return,6721,26.362,-135.27294921875,vale-0,true
return,6722,15.148,-134.777557373047,vale-0,true
return,6723,22.423,-133.788162231445,vale-0,true
return,6724,19.363,-133.292282104492,vale-0,true
return,6725,21.879,-132.796875,vale-0,true
return,6726,19.745,-132.301910400391,vale-0,true
return,6727,23.071,-131.307800292969,vale-0,true
return,6728,20.511,-130.810501098633,vale-0,true
return,6729,20.448,-130.313659667969,vale-0,true
return,6730,19.701,-129.817276000977,vale-0,true
return,6731,23.485,-128.825912475586,vale-0,true
return,6732,18.357,-128.330932617188,vale-0,true
return,6733,22.237,-127.834533691406,vale-0,true
return,6734,19.646,-127.338600158691,vale-0,true
return,6735,22.316,-126.348121643066,vale-0,true
return,6736,21.366,-125.853576660156,vale-0,true
return,6737,22.305,-125.357620239258,vale-0,true
return,6738,15.242,-124.862129211426,vale-0,true
return,6739,24.259,-123.872520446777,vale-0,true
return,6740,19.014,-123.37654876709,vale-0,true
return,6741,22.229,-122.881034851074,vale-0,true
return,6742,15.119,-122.38597869873,vale-0,true
return,6743,23.541,-121.891387939453,vale-0,true
return,6744,15.482,-120.897987365723,vale-0,true
return,6745,18.261,-120.40104675293,vale-0,true
return,6746,22.331,-119.904571533203,vale-0,true
return,6747,14.623,-119.408554077148,vale-0,true
return,6748,23.836,-118.417915344238,vale-0,true
return,6749,13.928,-118.417915344238,vale-0,true
return,6750,21.155,-117.923278808594,vale-0,true
return,6751,18.099,-117.42724609375,vale-0,true
return,6752,15.565,-116.931671142578,vale-0,true
return,6753,19.09,-116.436553955078,vale-0,true
return,6754,18.037,-115.941902160645,vale-0,true
return,6755,20.279,-115.445838928223,vale-0,true
return,6756,18.061,-114.950248718262,vale-0,true
return,6757,15.269,-114.455116271973,vale-0,true
return,6758,18.83,-113.960441589355,vale-0,true
return,6759,17.706,-113.46435546875,vale-0,true
return,6760,19.12,-112.473579406738,vale-0,true
return,6761,18.1,-111.978881835938,vale-0,true
return,6762,21.531,-111.482772827148,vale-0,true
return,6763,19.057,-110.98713684082,vale-0,true
return,6764,15.396,-110.491958618164,vale-0,true
return,6765,25.512,-109.99723815918,vale-0,true
return,6766,14.844,-109.501113891602,vale-0,true
return,6767,19.027,-108.51025390625,vale-0,true
return,6768,19.346,-108.015518188477,vale-0,true
return,6769,15.93,-107.519371032715,vale-0,true
return,6770,19.214,-107.023681640625,vale-0,true
return,6771,19.051,-106.528457641602,vale-0,true
return,6772,22.073,-106.03369140625,vale-0,true
return,6773,19.325,-105.537521362305,vale-0,true
return,6774,15.788,-104.546569824219,vale-0,true
return,6775,19.311,-104.051788330078,vale-0,true
return,6776,19.151,-103.555595397949,vale-0,true
return,6777,22.077,-103.059867858887,vale-0,true
return,6778,19.169,-102.564605712891,vale-0,true
return,6779,15.582,-102.069801330566,vale-0,true
return,6780,19.798,-101.573593139648,vale-0,true
return,6781,19.613,-100.582557678223,vale-0,true
return,6782,19.969,-100.087730407715,vale-0,true
return,6783,19.441,-99.5914993286133,vale-0,true
return,6784,15.575,-99.0957260131836,vale-0,true
return,6785,26.475,-98.6004180908203,vale-0,true
return,6786,14.903,-98.1055755615234,vale-0,true
return,6787,25.009,-97.1116638183594,vale-0,true
return,6788,14.709,-96.6144714355469,vale-0,true
return,6789,20.127,-96.1177444458008,vale-0,true
return,6790,19.768,-95.6214752197266,vale-0,true
return,6791,21.467,-95.1256637573242,vale-0,true
return,6792,18.384,-94.6303176879883,vale-0,true
return,6793,21.241,-93.6410140991211,vale-0,true
return,6794,18.743,-93.1451873779297,vale-0,true
return,6795,20.615,-92.6498184204102,vale-0,true
return,6796,19.487,-92.1549072265625,vale-0,true
return,6797,15.626,-91.6585922241211,vale-0,true
return,6798,20.362,-91.1627426147461,vale-0,true
return,6799,19.777,-90.1724243164062,vale-0,true
return,6800,21.573,-89.6760864257812,vale-0,true
return,6801,19.467,-89.1802139282227,vale-0,true
return,6802,15.88,-88.6847991943359,vale-0,true
return,6803,20.059,-88.1898498535156,vale-0,true
return,6804,19.362,-87.6934967041016,vale-0,true
return,6805,16.369,-86.7021636962891,vale-0,true
return,6806,20.894,-86.2071914672852,vale-0,true
return,6807,19.166,-85.710807800293,vale-0,true
return,6808,14.839,-85.2148895263672,vale-0,true
return,6809,19.932,-84.7194366455078,vale-0,true
return,6810,19.406,-84.2244415283203,vale-0,true
return,6811,22.054,-83.2302398681641,vale-0,true
return,6812,17.773,-82.7329025268555,vale-0,true
return,6813,15.622,-82.2360229492188,vale-0,true
return,6814,20.22,-81.7396087646484,vale-0,true
return,6815,16.999,-81.2436599731445,vale-0,true
return,6816,20.861,-80.7481689453125,vale-0,true
return,6817,18.291,-80.2531433105469,vale-0,true
return,6818,15.882,-79.2644653320312,vale-0,true
return,6819,18.288,-78.7689514160156,vale-0,true
return,6820,22.204,-78.2739028930664,vale-0,true
return,6821,14.805,-77.7793121337891,vale-0,true
return,6822,23.275,-77.283317565918,vale-0,true
return,6823,14.931,-76.7877807617188,vale-0,true
return,6824,18.835,-76.2927093505859,vale-0,true
return,6825,18.585,-75.3039474487305,vale-0,true
return,6826,14.893,-74.8083801269531,vale-0,true
return,6827,18.734,-74.3132781982422,vale-0,true
return,6828,17.844,-73.8186416625977,vale-0,true
return,6829,20.527,-73.3225936889648,vale-0,true
return,6830,18.208,-72.8270111083984,vale-0,true
return,6831,15.632,-72.3318939208984,vale-0,true
return,6832,18.624,-71.8372344970703,vale-0,true
return,6833,18.204,-71.3411636352539,vale-0,true
return,6834,18.831,-70.8455505371094,vale-0,true
return,6835,18.279,-70.3504028320312,vale-0,true
return,6836,15.531,-69.8557205200195,vale-0,true
return,6837,19.544,-68.8621292114258,vale-0,true
return,6838,17.477,-68.3650970458984,vale-0,true
return,6839,22.191,-67.8685302734375,vale-0,true
return,6840,19.169,-67.3724212646484,vale-0,true
return,6841,15.484,-66.8767776489258,vale-0,true
return,6842,19.969,-66.381591796875,vale-0,true
return,6843,19.022,-65.8868637084961,vale-0,true
return,6844,18.934,-65.3907318115234,vale-0,true
return,6845,18.376,-64.8950653076172,vale-0,true
return,6846,15.391,-64.3998565673828,vale-0,true
return,6847,18.681,-63.9051132202148,vale-0,true
return,6848,18.155,-63.4089622497559,vale-0,true
return,6849,15.795,-62.4180488586426,vale-0,true
return,6850,19.818,-61.923282623291,vale-0,true
return,6851,15.226,-61.4271087646484,vale-0,true
return,6852,15.507,-60.931396484375,vale-0,true
return,6853,19.019,-60.4361457824707,vale-0,true
return,6854,18.337,-59.9413566589355,vale-0,true
return,6855,15.63,-59.4451637268066,vale-0,true
return,6856,19.92,-58.9494323730469,vale-0,true
return,6857,15.206,-58.454158782959,vale-0,true
return,6858,15.411,-57.9593505859375,vale-0,true
return,6859,19.33,-57.463134765625,vale-0,true
return,6860,17.611,-56.9673805236816,vale-0,true
return,6861,15.426,-56.4720878601074,vale-0,true
return,6862,21.54,-55.9772567749023,vale-0,true
return,6863,14.838,-55.4810218811035,vale-0,true
return,6864,15.536,-54.9852485656738,vale-0,true
return,6865,18.441,-54.489933013916,vale-0,true
return,6866,18.27,-53.9950828552246,vale-0,true
return,6867,20.35,-53.4988250732422,vale-0,true
return,6868,18.106,-53.0030288696289,vale-0,true
return,6869,22.069,-52.0128211975098,vale-0,true
return,6870,20.955,-51.5165405273438,vale-0,true
return,6871,12.861,-51.0207214355469,vale-0,true
return,6872,23.8,-50.5253677368164,vale-0,true
return,6873,14.508,-50.0304718017578,vale-0,true
return,6874,18.592,-49.5341720581055,vale-0,true
return,6875,19.333,-49.0383338928223,vale-0,true
return,6876,15.097,-48.5429534912109,vale-0,true
return,6877,19.497,-48.048038482666,vale-0,true
return,6878,18.723,-47.5517158508301,vale-0,true
return,6879,21.43,-47.0558547973633,vale-0,true
return,6880,18.017,-46.5604553222656,vale-0,true
return,6881,20.257,-45.571044921875,vale-0,true
return,6882,18.535,-45.0751609802246,vale-0,true
return,6883,14.872,-44.5797386169434,vale-0,true
return,6884,24.085,-44.0847816467285,vale-0,true
return,6885,14.347,-43.5884170532227,vale-0,true
return,6886,19.489,-43.0925102233887,vale-0,true
return,6887,18.799,-42.5970687866211,vale-0,true
return,6888,14.942,-42.1020889282227,vale-0,true
return,6889,19.671,-41.6057052612305,vale-0,true
return,6890,18.88,-41.1097793579102,vale-0,true
return,6891,20.272,-40.6143188476562,vale-0,true
return,6892,14.995,-40.1193237304688,vale-0,true
return,6893,26.182,-39.1306991577148,vale-0,true
return,6894,14.148,-38.6352119445801,vale-0,true
return,6895,19.89,-38.1401863098145,vale-0,true
return,6896,18.837,-37.6456184387207,vale-0,true
return,6897,14.965,-37.1496467590332,vale-0,true
return,6898,19.483,-36.6541404724121,vale-0,true
return,6899,19.997,-36.1590881347656,vale-0,true
return,6900,16.95,-35.6645011901855,vale-0,true
return,6901,20.317,-34.6711120605469,vale-0,true
return,6902,20.763,-34.1741790771484,vale-0,true
return,6903,18.723,-33.6777038574219,vale-0,true
return,6904,21.52,-33.181697845459,vale-0,true
return,6905,14.447,-32.686149597168,vale-0,true
return,6906,26.365,-31.6964359283447,vale-0,true
return,6907,13.744,-31.2004013061523,vale-0,true
return,6908,21.99,-30.704833984375,vale-0,true
return,6909,16.307,-30.2097225189209,vale-0,true
return,6910,14.122,-29.7150726318359,vale-0,true
return,6911,14.788,-29.2190170288086,vale-0,true
return,6912,23.438,-28.2282962799072,vale-0,true
return,6913,13.92,-27.7336235046387,vale-0,true
return,6914,19.812,-27.2375507354736,vale-0,true
return,6915,19.048,-26.7419338226318,vale-0,true
return,6916,14.656,-26.2467842102051,vale-0,true
return,6917,24.052,-25.7520904541016,vale-0,true
return,6918,14.901,-25.255989074707,vale-0,true
return,6919,22.182,-24.2651767730713,vale-0,true
return,6920,18.133,-23.7704601287842,vale-0,true
return,6921,21.564,-23.2743434906006,vale-0,true
return,6922,18.708,-22.7786827087402,vale-0,true
return,6923,21.705,-22.2834892272949,vale-0,true
return,6924,17.468,-21.7887516021729,vale-0,true
return,6925,19.898,-21.2926120758057,vale-0,true
return,6926,15.738,-20.3017063140869,vale-0,true
return,6927,25.053,-19.8069515228271,vale-0,true
return,6928,14.4,-19.3107852935791,vale-0,true
return,6929,24.693,-18.8150863647461,vale-0,true
return,6930,14.777,-18.3198432922363,vale-0,true
return,6931,19.824,-17.8250675201416,vale-0,true
return,6932,18.808,-17.32887840271,vale-0,true
return,6933,22.147,-16.3378944396973,vale-0,true
return,6934,18.481,-15.8430957794189,vale-0,true
return,6935,19.795,-15.3468856811523,vale-0,true
return,6936,19.548,-14.8511428833008,vale-0,true
return,6937,15.322,-14.3558568954468,vale-0,true
return,6938,26.04,-13.8610315322876,vale-0,true
return,6939,14.576,-13.3647994995117,vale-0,true
return,6940,21.058,-12.3737277984619,vale-0,true
return,6941,17.964,-11.8788814544678,vale-0,true
return,6942,20.439,-11.3826284408569,vale-0,true
return,6943,19.207,-10.8868379592896,vale-0,true
return,6944,15.302,-10.3915138244629,vale-0,true
return,6945,21.826,-9.89664554595947,vale-0,true
return,6946,14.484,-9.40037631988525,vale-0,true
return,6947,21.584,-8.40921878814697,vale-0,true
return,6948,18.95,-7.91432952880859,vale-0,true
return,6949,15.084,-7.41803359985352,vale-0,true
return,6950,19.415,-6.92220020294189,vale-0,true
return,6951,18.929,-6.42683410644531,vale-0,true
return,6952,20.957,-5.93192338943481,vale-0,true
return,6953,17.896,-5.43561267852783,vale-0,true
return,6954,15.014,-4.44437122344971,vale-0,true
return,6955,18.264,-3.94943976402283,vale-0,true
return,6956,17.876,-3.4531078338623,vale-0,true
return,6957,19.944,-2.95723247528076,vale-0,true
return,6958,17.945,-2.4618194103241,vale-0,true
return,6959,15.213,-1.96687304973602,vale-0,true
return,6960,18.607,-1.47051465511322,vale-0,true
return,6961,18.089,-0.97462409734726,vale-0,true
return,6962,15.159,-0.47918963432312,vale-0,true
return,6963,21.45,0.01577803492546,vale-0,true
return,6964,14.619,0.5121573805809,vale-0,true
return,6965,18.494,1.00806879997253,vale-0,true
return,6966,17.658,1.5035240650177,vale-0,true
return,6967,15.237,1.9985179901123,vale-0,true
return,6968,17.903,2.49491238594055,vale-0,true
return,6969,17.284,2.99085021018982,vale-0,true
return,6970,19.984,3.48632049560547,vale-0,true
return,6971,17.024,3.98133516311646,vale-0,true
return,6972,14.615,4.47588348388672,vale-0,true
return,6973,17.761,4.97184419631958,vale-0,true
return,6974,17.137,5.4673376083374,vale-0,true
return,6975,14.528,5.96237516403198,vale-0,true
return,6976,18.869,6.45694637298584,vale-0,true
return,6977,13.913,6.95292997360229,vale-0,true
return,6978,21.095,7.44844627380371,vale-0,true
return,6979,18.035,7.94350671768188,vale-0,true
return,6980,14.56,8.43810653686523,vale-0,true
return,6981,25.146,9.43151760101318,vale-0,true
return,6982,13.377,9.92846488952637,vale-0,true
return,6983,19.422,10.4249439239502,vale-0,true
return,6984,17.997,10.9209661483765,vale-0,true
return,6985,14.427,11.4165201187134,vale-0,true
return,6986,24.629,11.9116191864014,vale-0,true
return,6987,13.748,12.4062509536743,vale-0,true
return,6988,17.914,12.9022951126099,vale-0,true
return,6989,18.536,13.3978719711304,vale-0,true
return,6990,14.555,13.8929929733276,vale-0,true
return,6991,18.6,14.3876476287842,vale-0,true
return,6992,18.27,14.883713722229,vale-0,true
return,6993,20.205,15.3793125152588,vale-0,true
return,6994,17.134,15.8744554519653,vale-0,true
return,6995,14.426,16.3691329956055,vale-0,true
return,6996,18.685,16.8652229309082,vale-0,true
return,6997,18.143,17.3608493804932,vale-0,true
return,6998,14.04,17.8560085296631,vale-0,true
return,6999,18.6,18.3507118225098,vale-0,true
return,7000,18.351,19.3443374633789,vale-0,true
return,7001,13.985,19.8413887023926,vale-0,true
