frame,elapsed_seconds,frame_ms
0,0.001002,1.002
1,0.018913,17.911
2,0.033818,14.905
3,0.054641,20.823
4,0.073697,19.056
5,0.094475,20.778
6,0.11431,19.835
7,0.128806,14.496
8,0.147217,18.411
9,0.169221,22.004
10,0.184271,15.05
11,0.207268,22.997
12,0.226133,18.865
13,0.245789,19.656
14,0.26591,20.121
15,0.281329,15.419
16,0.299623,18.294
17,0.322288,22.665
18,0.33646,14.172
19,0.359687,23.227
20,0.374358,14.671
21,0.396865,22.507
22,0.411798,14.933
23,0.430175,18.377
24,0.451991,21.816
25,0.46671,14.719
26,0.490417,23.707
27,0.508813,18.396
28,0.532396,23.583
29,0.551891,19.495
30,0.57288,20.989
31,0.587688,14.808
32,0.602897,15.209
33,0.608005,5.108
34,0.612103,4.098
35,0.61522,3.117
36,0.61832,3.1
37,0.622455,4.135
38,0.625971,3.516
39,0.629345,3.374
40,0.632864,3.519
41,0.636277,3.413
42,0.641032,4.755
43,0.644961,3.929
44,0.648192,3.231
45,0.651333,3.141
46,0.656381,5.048
47,0.66016,3.779
48,0.663605,3.445
49,0.667107,3.502
50,0.670678,3.571
51,0.677327,6.649
52,0.68088,3.553
53,0.68423,3.35
54,0.68735,3.12
55,0.691661,4.311
56,0.694931,3.27
57,0.698478,3.547
58,0.701855,3.377
59,0.705512,3.657
60,0.710205,4.693
61,0.713794,3.589
62,0.71749,3.696
63,0.721158,3.668
64,0.725696,4.538
65,0.729589,3.893
66,0.732961,3.372
67,0.73649,3.529
68,0.740194,3.704
69,0.74598,5.786
70,0.749781,3.801
71,0.752988,3.207
72,0.756413,3.425
73,0.761556,5.143
74,0.764527,2.971
75,0.768007,3.48
76,0.771847,3.84
77,0.775268,3.421
78,0.781481,6.213
79,0.78458,3.099
80,0.787616,3.036
81,0.790609,2.993
82,0.796729,6.12
83,0.800131,3.402
84,0.803407,3.276
85,0.806838,3.431
86,0.811411,4.573
87,0.815767,4.356
88,0.818877,3.11
89,0.822118,3.241
90,0.825859,3.741
91,0.831765,5.906
92,0.834881,3.116
93,0.838005,3.124
94,0.841505,3.5
95,0.847979,6.474
96,0.851467,3.488
97,0.854689,3.222
98,0.858391,3.702
99,0.863503,5.112
100,0.867025,3.522
101,0.87004,3.015
102,0.873643,3.603
103,0.879768,6.125
104,0.882938,3.17
105,0.885709,2.771
106,0.88922,3.511
107,0.892806,3.586
108,0.898275,5.469
109,0.901789,3.514
110,0.905285,3.496
111,0.908552,3.267
112,0.913793,5.241
113,0.917287,3.494
114,0.920826,3.539
115,0.924415,3.589
116,0.929726,5.311
117,0.932842,3.116
118,0.935793,2.951
119,0.939418,3.625
120,0.943047,3.629
121,0.948642,5.595
122,0.952292,3.65
123,0.955821,3.529
124,0.95938,3.559
125,0.964029,4.649
126,0.967187,3.158
127,0.970293,3.106
128,0.974272,3.979
129,0.979529,5.257
130,0.983625,4.096
131,0.986982,3.357
132,0.990481,3.499
133,0.99621,5.729
134,0.999293,3.083
135,1.002059,2.766
136,1.00599,3.931
137,1.009566,3.576
138,1.015422,5.856
139,1.019269,3.847
140,1.022952,3.683
141,1.026895,3.943
142,1.031216,4.321
143,1.034391,3.175
144,1.037781,3.39
145,1.041107,3.326
146,1.046625,5.518
147,1.049913,3.288
148,1.052945,3.032
149,1.056224,3.279
150,1.060801,4.577
151,1.06564,4.839
152,1.068633,2.993
153,1.072379,3.746
154,1.075631,3.252
155,1.081063,5.432
156,1.084128,3.065
157,1.087679,3.551
158,1.091063,3.384
159,1.096523,5.46
160,1.099337,2.814
161,1.10273,3.393
162,1.106391,3.661
163,1.111046,4.655
164,1.115457,4.411
165,1.118817,3.36
166,1.122785,3.968
167,1.126544,3.759
168,1.131374,4.83
169,1.134819,3.445
170,1.138394,3.575
171,1.141491,3.097
172,1.147418,5.927
173,1.151369,3.951
174,1.157439,6.07
175,1.161642,4.203
176,1.167073,5.431
177,1.171746,4.673
178,1.176513,4.767
179,1.182643,6.13
180,1.188553,5.91
181,1.191975,3.422
182,1.195061,3.086
183,1.198421,3.36
184,1.202411,3.99
185,1.206116,3.705
186,1.209477,3.361
187,1.213062,3.585
188,1.217788,4.726
189,1.221287,3.499
190,1.225218,3.931
191,1.228696,3.478
192,1.233362,4.666
193,1.236374,3.012
194,1.239828,3.454
195,1.244014,4.186
196,1.248516,4.502
197,1.251482,2.966
198,1.255016,3.534
199,1.258444,3.428
200,1.264396,5.952
201,1.2674,3.004
202,1.270674,3.274
203,1.274364,3.69
204,1.280535,6.171
205,1.284009,3.474
206,1.287314,3.305
207,1.29036,3.046
208,1.296518,6.158
209,1.299928,3.41
210,1.303766,3.838
211,1.307079,3.313
212,1.31161,4.531
213,1.316308,4.698
214,1.319225,2.917
215,1.322348,3.123
216,1.325968,3.62
217,1.33176,5.792
218,1.335443,3.683
219,1.338682,3.239
220,1.341483,2.801
221,1.347063,5.58
222,1.350343,3.28
223,1.353282,2.939
224,1.35679,3.508
225,1.363193,6.403
226,1.366216,3.023
227,1.369691,3.475
228,1.373266,3.575
229,1.379867,6.601
230,1.383346,3.479
231,1.386856,3.51
232,1.390665,3.809
233,1.394608,3.943
234,1.399565,4.957
235,1.403406,3.841
236,1.406578,3.172
237,1.411026,4.448
238,1.415322,4.296
239,1.418397,3.075
240,1.422059,3.662
241,1.425327,3.268
242,1.431483,6.156
243,1.434617,3.134
244,1.437595,2.978
245,1.441127,3.532
246,1.446932,5.805
247,1.450224,3.292
248,1.453449,3.225
249,1.456749,3.3
250,1.462932,6.183
251,1.466264,3.332
252,1.469332,3.068
253,1.472884,3.552
254,1.477609,4.725
255,1.482124,4.515
256,1.485903,3.779
257,1.489436,3.533
258,1.493004,3.568
259,1.497598,4.594
260,1.501188,3.59
261,1.504727,3.539
262,1.508485,3.758
263,1.513405,4.92
264,1.516662,3.257
265,1.519778,3.116
266,1.523159,3.381
267,1.529583,6.424
268,1.533037,3.454
269,1.536072,3.035
270,1.539678,3.606
271,1.544817,5.139
272,1.549467,4.65
273,1.552537,3.07
274,1.555769,3.232
275,1.560309,4.54
276,1.564788,4.479
277,1.572344,7.556
278,1.576001,3.657
279,1.579198,3.197
280,1.58373,4.532
281,1.587221,3.491
282,1.591044,3.823
283,1.594246,3.202
284,1.598702,4.456
285,1.602271,3.569
286,1.605923,3.652
287,1.610039,4.116
288,1.614913,4.874
289,1.61813,3.217
290,1.621956,3.826
291,1.625264,3.308
292,1.630171,4.907
293,1.633868,3.697
294,1.637404,3.536
295,1.640993,3.589
296,1.644875,3.882
297,1.649179,4.304
298,1.651868,2.689
299,1.655682,3.814
300,1.6593,3.618
301,1.664527,5.227
302,1.668662,4.135
303,1.672046,3.384
304,1.675437,3.391
305,1.679691,4.254
306,1.682865,3.174
307,1.686065,3.2
308,1.689953,3.888
309,1.6962,6.247
310,1.69973,3.53
311,1.7034,3.67
312,1.706777,3.377
313,1.711178,4.401
314,1.715555,4.377
315,1.7185,2.945
316,1.722084,3.584
317,1.725567,3.483
318,1.731176,5.609
319,1.734129,2.953
320,1.737468,3.339
321,1.743876,6.408
322,1.748308,4.432
323,1.751681,3.373
324,1.75504,3.359
325,1.758864,3.824
326,1.763205,4.341
327,1.766792,3.587
328,1.770116,3.324
329,1.774078,3.962
330,1.777983,3.905
331,1.782512,4.529
332,1.78627,3.758
333,1.789834,3.564
334,1.79425,4.416
335,1.798602,4.352
336,1.801682,3.08
337,1.805301,3.619
338,1.808592,3.291
339,1.813286,4.694
340,1.817574,4.288
341,1.820943,3.369
342,1.824218,3.275
343,1.827928,3.71
344,1.83236,4.432
345,1.835134,2.774
346,1.838754,3.62
347,1.8421,3.346
348,1.847993,5.893
349,1.850888,2.895
350,1.854078,3.19
351,1.857689,3.611
352,1.863087,5.398
353,1.866324,3.237
354,1.869475,3.151
355,1.873037,3.562
356,1.879759,6.722
357,1.882886,3.127
358,1.885931,3.045
359,1.889202,3.271
360,1.894771,5.569
361,1.898945,4.174
362,1.902462,3.517
363,1.90615,3.688
364,1.910978,4.828
365,1.915767,4.789
366,1.91909,3.323
367,1.922717,3.627
368,1.927344,4.627
369,1.931888,4.544
370,1.934748,2.86
371,1.938208,3.46
372,1.943185,4.977
373,1.947776,4.591
374,1.951246,3.47
375,1.954923,3.677
376,1.958225,3.302
377,1.963292,5.067
378,1.966844,3.552
379,1.970342,3.498
380,1.974163,3.821
381,1.979527,5.364
382,1.982457,2.93
383,1.985209,2.752
384,1.989388,4.179
385,1.993627,4.239
386,1.998062,4.435
387,2.001483,3.421
388,2.004564,3.081
389,2.008114,3.55
390,2.014298,6.184
391,2.017473,3.175
392,2.020536,3.063
393,2.023768,3.232
394,2.029778,6.01
395,2.03327,3.492
396,2.036567,3.297
397,2.040163,3.596
398,2.044421,4.258
399,2.048919,4.498
400,2.052648,3.729
401,2.056094,3.446
402,2.060865,4.771
403,2.065103,4.238
404,2.068156,3.053
405,2.072394,4.238
406,2.075675,3.281
407,2.080961,5.286
408,2.084239,3.278
409,2.087516,3.277
410,2.09079,3.274
411,2.096503,5.713
412,2.099601,3.098
413,2.102742,3.141
414,2.106276,3.534
415,2.111187,4.911
416,2.115638,4.451
417,2.118721,3.083
418,2.122382,3.661
419,2.127471,5.089
420,2.132061,4.59
421,2.135529,3.468
422,2.13922,3.691
423,2.14372,4.5
424,2.148101,4.381
425,2.151351,3.25
426,2.154783,3.432
427,2.158357,3.574
428,2.163791,5.434
429,2.167119,3.328
430,2.170883,3.764
431,2.174761,3.878
432,2.17953,4.769
433,2.193636,14.106
434,2.209174,15.538
435,2.227621,18.447
436,2.249612,21.991
437,2.264323,14.711
438,2.28692,22.597
439,2.306198,19.278
440,2.324962,18.764
441,2.344805,19.843
442,2.360409,15.604
443,2.378676,18.267
444,2.400539,21.863
445,2.415235,14.696
446,2.438692,23.457
447,2.457087,18.395
448,2.480389,23.302
449,2.499907,19.518
450,2.521772,21.865
451,2.535139,13.367
452,2.557355,22.216
453,2.575,17.645
454,2.596938,21.938
455,2.616425,19.487
456,2.636466,20.041
457,2.65208,15.614
458,2.671522,19.442
459,2.691813,20.291
460,2.706946,15.133
461,2.724345,17.399
462,2.740191,15.846
463,2.758092,17.901
464,2.780057,21.965
465,2.796651,16.594
466,2.81837,21.719
467,2.834925,16.555
468,2.848706,13.781
469,2.873389,24.683
470,2.884207,10.818
471,2.903409,19.202
472,2.920657,17.248
473,2.940734,20.077
474,2.959844,19.11
475,2.975023,15.179
476,2.993089,18.066
477,3.014703,21.614
478,3.029253,14.55
479,3.052656,23.403
480,3.070619,17.963
481,3.092227,21.608
482,3.112163,19.936
483,3.131556,19.393
484,3.151434,19.878
485,3.16655,15.116
486,3.187324,20.774
487,3.20614,18.816
488,3.225277,19.137
489,3.245502,20.225
490,3.260532,15.03
491,3.275739,15.207
492,3.293708,17.969
493,3.315318,21.61
494,3.330632,15.314
495,3.34829,17.658
496,3.366758,18.468
497,3.381234,14.476
498,3.404705,23.471
499,3.422451,17.746
500,3.440662,18.211
501,3.455698,15.036
502,3.475724,20.026
503,3.494865,19.141
504,3.510467,15.602
505,3.532171,21.704
506,3.542202,10.031
507,3.562144,19.942
508,3.576894,14.75
509,3.595382,18.488
510,3.612823,17.441
511,3.628031,15.208
512,3.646557,18.526
513,3.668286,21.729
514,3.683183,14.897
515,3.701283,18.1
516,3.722936,21.653
517,3.73754,14.604
518,3.760618,23.078
519,3.77627,15.652
520,3.790768,14.498
521,3.814704,23.936
522,3.828415,13.711
523,3.850574,22.159
524,3.865234,14.66
525,3.888219,22.985
526,3.906926,18.707
527,3.926038,19.112
528,3.945875,19.837
529,3.961133,15.258
530,3.979425,18.292
531,4.001098,21.673
532,4.015655,14.557
533,4.039235,23.58
534,4.057176,17.941
535,4.08055,23.374
536,4.099846,19.296
537,4.115285,15.439
538,4.133535,18.25
539,4.155422,21.887
540,4.16954,14.118
541,4.192378,22.838
542,4.207013,14.635
543,4.227104,20.091
544,4.242204,15.1
545,4.260634,18.43
546,4.282432,21.798
547,4.296651,14.219
548,4.319804,23.153
549,4.338277,18.473
550,4.361543,23.266
551,4.381111,19.568
552,4.4015,20.389
553,4.415788,14.288
554,4.439059,23.271
555,4.453403,14.344
556,4.47358,20.177
557,4.488699,15.119
558,4.507014,18.315
559,4.529497,22.483
560,4.546448,16.951
561,4.564229,17.781
562,4.582489,18.26
563,4.601077,18.588
564,4.618218,17.141
565,4.638212,19.994
566,4.653448,15.236
567,4.672136,18.688
568,4.693284,21.148
569,4.707792,14.508
570,4.730737,22.945
571,4.749697,18.96
572,4.764375,14.678
573,4.787223,22.848
574,4.805832,18.609
575,4.82579,19.958
576,4.840594,14.804
577,4.858783,18.189
578,4.876528,17.745
579,4.89171,15.182
580,4.910122,18.412
581,4.927845,17.723
582,4.943175,15.33
583,4.961144,17.969
584,4.982847,21.703
585,4.997143,14.296
586,5.019981,22.838
587,5.03920599999999,19.225
588,5.05247799999999,13.272
589,5.07621799999999,23.74
590,5.09069299999999,14.475
591,5.11063999999999,19.947
592,5.125937,15.297
593,5.14414099999999,18.204
594,5.165532,21.391
595,5.180279,14.747
596,5.20323999999999,22.961
597,5.21794099999999,14.701
598,5.23850599999999,20.565
599,5.25308099999999,14.575
600,5.27133899999999,18.258
601,5.29289799999999,21.559
602,5.307445,14.547
603,5.330215,22.77
604,5.337804,7.589
605,5.343187,5.383
606,5.346672,3.485
607,5.349855,3.183
608,5.354499,4.644
609,5.359005,4.506
610,5.362575,3.57
611,5.366216,3.641
612,5.369927,3.711
613,5.376948,7.021
614,5.380657,3.709
615,5.38399,3.333
616,5.387225,3.235
617,5.392174,4.949
618,5.395219,3.045
619,5.398041,2.822
620,5.401459,3.418
621,5.404816,3.357
622,5.411052,6.236
623,5.414284,3.232
624,5.417338,3.054
625,5.420748,3.41
626,5.426499,5.751
627,5.429554,3.055
628,5.43284899999999,3.295
629,5.43627299999999,3.424
630,5.44182699999999,5.554
631,5.44610199999999,4.275
632,5.44916199999999,3.06
633,5.45313399999999,3.972
634,5.45683699999999,3.703
635,5.46160099999999,4.764
636,5.46520699999999,3.606
637,5.46864599999999,3.439
638,5.47150399999999,2.858
639,5.47596199999999,4.458
640,5.48000099999999,4.039
641,5.48341399999999,3.413
642,5.48712499999999,3.711
643,5.49092199999999,3.797
644,5.49578999999999,4.868
645,5.49904199999999,3.252
646,5.50234399999999,3.302
647,5.50657899999999,4.235
648,5.51037399999999,3.795
649,5.51459599999999,4.222
650,5.51803999999999,3.444
651,5.52087199999999,2.832
652,5.52551699999999,4.645
653,5.53016199999999,4.645
654,5.53295399999999,2.792
655,5.53614099999999,3.187
656,5.54191199999999,5.771
657,5.54643899999999,4.527
658,5.54945099999999,3.012
659,5.55282299999999,3.372
660,5.55782399999999,5.001
661,5.56124199999999,3.418
662,5.56557299999999,4.331
663,5.56873099999999,3.158
664,5.57213399999999,3.403
665,5.57613899999999,4.005
666,5.58083999999999,4.701
667,5.58364399999999,2.804
668,5.58682599999999,3.182
669,5.59198999999999,5.164
670,5.59660799999999,4.618
671,5.59959599999999,2.988
672,5.60315199999999,3.556
673,5.60796699999999,4.815
674,5.61163999999999,3.673
675,5.61599499999999,4.355
676,5.61924799999999,3.253
677,5.62342099999999,4.173
678,5.62701399999999,3.593
679,5.63360899999999,6.595
680,5.63825799999999,4.649
681,5.64411699999999,5.859
682,5.64781899999999,3.702
683,5.65549699999999,7.678
684,5.65889599999999,3.399
685,5.66288599999999,3.99
686,5.66960299999999,6.717
687,5.67425899999999,4.656
688,5.67943099999999,5.172
689,5.68412199999999,4.691
690,5.69099199999999,6.87
691,5.69560999999999,4.618
692,5.69905099999999,3.441
693,5.70297099999999,3.92
694,5.70707899999999,4.108
695,5.71029299999999,3.214
696,5.71439599999999,4.103
697,5.72278599999999,8.39
698,5.73252799999999,9.742
699,5.74080099999999,8.273
700,5.74742799999999,6.627
701,5.75133099999999,3.903
702,5.75608899999999,4.758
703,5.75898099999999,2.892
704,5.76226899999999,3.288
705,5.76984999999999,7.581
706,5.77368999999999,3.84
707,5.77944699999999,5.757
708,5.78569399999999,6.247
709,5.78852399999999,2.83
710,5.79202399999999,3.5
711,5.79954899999999,7.525
712,5.80678999999999,7.241
713,5.82004199999999,13.252
714,5.82355099999999,3.509
715,5.82737299999999,3.822
716,5.83319499999999,5.822
717,5.83814999999999,4.955
718,5.84386999999999,5.72
719,5.85220199999999,8.332
720,5.85746799999999,5.266
721,5.86557599999999,8.108
722,5.87817499999999,12.599
723,5.89254799999999,14.373
724,5.89628999999999,3.742
725,5.90204199999999,5.752
726,5.90609499999999,4.053
727,5.91084699999999,4.752
728,5.91690899999999,6.062
729,5.92163099999999,4.722
730,5.92630499999999,4.674
731,5.93057999999999,4.275
732,5.93552799999999,4.948
733,5.94226699999999,6.739
734,5.94568399999999,3.417
735,5.94942399999999,3.74
736,5.95549399999999,6.07
737,5.95950699999999,4.013
738,5.96415499999999,4.648
739,5.96846499999999,4.31
740,5.97409999999999,5.635
741,5.97870699999999,4.607
742,5.98251299999999,3.806
743,5.98632899999999,3.816
744,5.99435599999999,8.027
745,5.99792899999999,3.573
746,6.00549699999999,7.568
747,6.00928899999999,3.792
748,6.01237299999999,3.084
749,6.01544299999999,3.07
750,6.02120499999999,5.762
751,6.02571699999999,4.512
752,6.02942399999999,3.707
753,6.03255999999999,3.136
754,6.03652899999999,3.969
755,6.04185599999999,5.327
756,6.04551899999999,3.663
757,6.04886699999999,3.348
758,6.05295899999999,4.092
759,6.05742099999999,4.462
760,6.06211399999999,4.693
761,6.06555199999999,3.438
762,6.06953599999999,3.984
763,6.07464999999999,5.114
764,6.07901499999999,4.365
765,6.08270399999999,3.689
766,6.08683199999999,4.128
767,6.09069099999999,3.859
768,6.09418999999999,3.499
769,6.09791199999999,3.722
770,6.10257099999999,4.659
771,6.10760999999999,5.039
772,6.11149799999999,3.888
773,6.11535799999999,3.86
774,6.12008999999999,4.732
775,6.12537799999999,5.288
776,6.12911699999999,3.739
777,6.13296599999999,3.849
778,6.13713899999999,4.173
779,6.14211399999999,4.975
780,6.14634599999999,4.232
781,6.15021899999999,3.873
782,6.15415599999999,3.937
783,6.15931499999999,5.159
784,6.16271099999999,3.396
785,6.16596699999999,3.256
786,6.17135199999999,5.385
787,6.17547099999999,4.119
788,6.17975499999999,4.284
789,6.18332599999999,3.571
790,6.18778799999999,4.462
791,6.19264399999999,4.856
792,6.19626799999999,3.624
793,6.20022499999999,3.957
794,6.20450099999999,4.276
795,6.21014199999999,5.641
796,6.21404499999999,3.903
797,6.21870899999999,4.664
798,6.22255799999999,3.849
799,6.22678399999999,4.226
800,6.23302299999999,6.239
801,6.23722699999999,4.204
802,6.24346799999999,6.241
803,6.25085899999999,7.391
804,6.25586799999999,5.009
805,6.26065799999999,4.79
806,6.26530999999999,4.652
807,6.27091999999999,5.61
808,6.27462999999999,3.71
809,6.27949399999999,4.864
810,6.28869399999999,9.2
811,6.29220299999999,3.509
812,6.29642999999999,4.227
813,6.30039199999999,3.962
814,6.30521599999999,4.824
815,6.30834799999999,3.132
816,6.31105599999999,2.708
817,6.31547399999999,4.418
818,6.32050499999999,5.031
819,6.32442699999999,3.922
820,6.32792399999999,3.497
821,6.33212599999999,4.202
822,6.33663499999999,4.509
823,6.34064199999999,4.007
824,6.34448199999999,3.84
825,6.35044699999999,5.965
826,6.35426299999999,3.816
827,6.35780199999999,3.539
828,6.36114099999999,3.339
829,6.36471399999999,3.573
830,6.36798999999999,3.276
831,6.37115499999999,3.165
832,6.37456099999999,3.406
833,6.37927299999999,4.712
834,6.38364299999999,4.37
835,6.38762099999999,3.978
836,6.39100499999999,3.384
837,6.39454099999999,3.536
838,6.39717999999999,2.639
839,6.40074899999999,3.569
840,6.40409399999999,3.345
841,6.41024699999999,6.153
842,6.41296899999999,2.722
843,6.41678499999999,3.816
844,6.42014699999999,3.362
845,6.42581899999999,5.672
846,6.42932099999999,3.502
847,6.43188199999999,2.561
848,6.43542499999999,3.543
849,6.44133399999999,5.909
850,6.44512899999999,3.795
851,6.44892899999999,3.8
852,6.45262499999999,3.696
853,6.45723499999999,4.61
854,6.46104399999999,3.809
855,6.46418499999999,3.141
856,6.46763999999999,3.455
857,6.47204999999999,4.41
858,6.47534699999999,3.297
859,6.47909899999999,3.752
860,6.48507499999999,5.976
861,6.48991499999999,4.84
862,6.49523699999999,5.322
863,6.49900899999999,3.772
864,6.50754399999999,8.535
865,6.51237599999999,4.832
866,6.51590699999999,3.531
867,6.52038199999999,4.475
868,6.52487899999999,4.497
869,6.53269899999999,7.82
870,6.53641799999999,3.719
871,6.53954999999999,3.132
872,6.54311999999999,3.57
873,6.54752799999999,4.408
874,6.55129599999999,3.768
875,6.55536899999999,4.073
876,6.55894499999999,3.576
877,6.56361899999999,4.674
878,6.56841799999999,4.799
879,6.57242499999999,4.007
880,6.57703499999999,4.61
881,6.58490499999999,7.87
882,6.58881799999999,3.913
883,6.59327699999999,4.459
884,6.60064399999999,7.367
885,6.60499899999999,4.355
886,6.61015199999999,5.153
887,6.61511499999999,4.963
888,6.61956599999999,4.451
889,6.62344699999999,3.881
890,6.62701099999999,3.564
891,6.63038099999999,3.37
892,6.63464099999999,4.26
893,6.63764699999999,3.006
894,6.64084399999999,3.197
895,6.64424499999999,3.401
896,6.64888599999999,4.641
897,6.65269699999999,3.811
898,6.65723599999999,4.539
899,6.67053599999999,13.3
900,6.67650799999999,5.972
901,6.68440299999999,7.895
902,6.69268199999999,8.279
903,6.69552499999999,2.843
904,6.69909199999999,3.567
905,6.70678399999999,7.692
906,6.71721899999999,10.435
907,6.73847499999999,21.256
908,6.74780599999999,9.331
909,6.75070499999999,2.899
910,6.75474699999999,4.042
911,6.75761199999999,2.865
912,6.76104799999999,3.436
913,6.76418999999999,3.142
914,6.76970599999999,5.516
915,6.77445299999999,4.747
916,6.77742099999999,2.968
917,6.78086199999999,3.441
918,6.78560499999999,4.743
919,6.78985099999999,4.246
920,6.79280699999999,2.956
921,6.79582499999999,3.018
922,6.80117399999999,5.349
923,6.80525999999999,4.086
924,6.80808099999999,2.821
925,6.81148699999999,3.406
926,6.81525899999999,3.772
927,6.81936199999999,4.103
928,6.82365099999999,4.289
929,6.82648499999999,2.834
930,6.82983499999999,3.35
931,6.83451099999999,4.676
932,6.83930899999999,4.798
933,6.84299799999999,3.689
934,6.84722299999999,4.225
935,6.85081999999999,3.597
936,6.85702599999999,6.206
937,6.86367599999999,6.65
938,6.86663499999999,2.959
939,6.86959899999999,2.964
940,6.87359999999999,4.001
941,6.88051399999999,6.914
942,6.88337599999999,2.862
943,6.88666099999999,3.285
944,6.88964399999999,2.983
945,6.89271599999999,3.072
946,6.89713399999999,4.418
947,6.90100699999999,3.873
948,6.90454699999999,3.54
949,6.90806599999999,3.519
950,6.91394299999999,5.877
951,6.93133399999999,17.391
952,6.94672799999999,15.394
953,6.96495099999999,18.223
954,6.98277099999999,17.82
955,6.99794999999999,15.179
956,7.01632899999999,18.379
957,7.03389999999999,17.571
958,7.04899499999999,15.095
959,7.06709499999999,18.1
960,7.08461299999999,17.518
961,7.09972499999999,15.112
962,7.11770199999999,17.977
963,7.13550099999999,17.799
964,7.15065399999999,15.153
965,7.16854299999999,17.889
966,7.18603799999999,17.495
967,7.20109499999999,15.057
968,7.21891799999999,17.823
969,7.23645099999999,17.533
970,7.25152199999999,15.071
971,7.26962899999999,18.107
972,7.28721599999999,17.587
973,7.30204699999999,14.831
974,7.32004499999999,17.998
975,7.33792499999999,17.88
976,7.35267199999999,14.747
977,7.37057499999999,17.903
978,7.38799899999999,17.424
979,7.40302499999999,15.026
980,7.42096199999999,17.937
981,7.43843299999999,17.471
982,7.45334399999999,14.911
983,7.47141999999999,18.076
984,7.48887699999999,17.457
985,7.50383199999999,14.955
986,7.52185599999999,18.024
987,7.53930299999999,17.447
988,7.55458099999999,15.278
989,7.57249999999999,17.919
990,7.58988399999999,17.384
991,7.60538599999999,15.502
992,7.62335699999999,17.971
993,7.64492899999999,21.572
994,7.65927999999999,14.351
995,7.67825499999999,18.975
996,7.69511099999999,16.856
997,7.71009899999999,14.988
998,7.72467999999999,14.581
999,7.74364099999999,18.961
1000,7.76140499999999,17.764
1001,7.77690599999999,15.501
1002,7.79503699999999,18.131
1003,7.81337899999999,18.342
1004,7.82816599999999,14.787
1005,7.84627699999999,18.111
1006,7.86393399999999,17.657
1007,7.87918799999999,15.254
1008,7.89743099999999,18.243
1009,7.91534299999999,17.912
1010,7.93047199999999,15.129
1011,7.94874099999999,18.269
1012,7.96619799999999,17.457
1013,7.98287299999999,16.675
1014,7.99973399999999,16.861
1015,8.01738099999999,17.647
1016,8.03215599999999,14.775
1017,8.05031699999999,18.161
1018,8.06778699999999,17.47
1019,8.08279199999999,15.005
1020,8.10092999999999,18.138
1021,8.11827599999999,17.346
1022,8.13335699999999,15.081
1023,8.15169799999999,18.341
1024,8.16901999999999,17.322
1025,8.18420299999999,15.183
1026,8.20238099999999,18.178
1027,8.22002999999999,17.649
1028,8.23523499999999,15.205
1029,8.25362299999999,18.388
1030,8.27534099999999,21.718
1031,8.29014299999999,14.802
1032,8.31360099999999,23.458
1033,8.33222699999999,18.626
1034,8.35574199999999,23.515
1035,8.37541799999999,19.676
1036,8.39521499999999,19.797
1037,8.41074599999999,15.531
1038,8.42938999999999,18.644
1039,8.45091099999999,21.521
1040,8.46577099999999,14.86
1041,8.48410499999999,18.334
1042,8.49516099999999,11.056
1043,8.50034399999999,5.183
1044,8.50479599999999,4.452
1045,8.50791399999999,3.118
1046,8.51130399999999,3.39
1047,8.51438299999999,3.079
1048,8.51778699999999,3.404
1049,8.52369099999999,5.904
1050,8.52678499999999,3.094
1051,8.52971299999999,2.928
1052,8.53331899999999,3.606
1053,8.53904299999999,5.724
1054,8.54241899999999,3.376
1055,8.54677499999999,4.356
1056,8.55062999999999,3.855
1057,8.55413699999999,3.507
1058,8.55840699999999,4.27
1059,8.56141999999999,3.013
1060,8.56465299999999,3.233
1061,8.56796799999999,3.315
1062,8.57388799999999,5.92
1063,8.57745399999999,3.566
1064,8.58095399999999,3.5
1065,8.58453099999999,3.577
1066,8.58857799999999,4.047
1067,8.59286899999999,4.291
1068,8.59614399999999,3.275
1069,8.59961199999999,3.468
1070,8.60359699999999,3.985
1071,8.60794899999999,4.352
1072,8.61116899999999,3.22
1073,8.61441899999999,3.25
1074,8.61809699999999,3.678
1075,8.62284499999999,4.748
1076,8.62716099999999,4.316
1077,8.63015999999999,2.999
1078,8.63357299999999,3.413
1079,8.63863599999999,5.063
1080,8.64314299999999,4.507
1081,8.64677899999999,3.636
1082,8.65022999999999,3.451
1083,8.65479399999999,4.564
1084,8.65828699999999,3.493
1085,8.66273799999999,4.451
1086,8.66607199999999,3.334
1087,8.66908499999999,3.013
1088,8.67314699999999,4.062
1089,8.67756599999999,4.419
1090,8.68104799999999,3.482
1091,8.68486499999999,3.817
1092,8.68852699999999,3.662
1093,8.69207699999999,3.55
1094,8.69646199999999,4.385
1095,8.69968999999999,3.228
1096,8.70371599999999,4.026
1097,8.70752499999999,3.809
1098,8.71180599999999,4.281
1099,8.71579199999999,3.986
1100,8.71917499999999,3.383
1101,8.72288599999999,3.711
1102,8.72623499999999,3.349
1103,8.73057399999999,4.339
1104,8.73399599999999,3.422
1105,8.73846899999999,4.473
1106,8.74178899999999,3.32
1107,8.74614799999999,4.359
1108,8.75157799999999,5.43
1109,8.75451399999999,2.936
1110,8.75767799999999,3.164
1111,8.76120099999999,3.523
1112,8.76556499999999,4.364
1113,8.76900099999999,3.436
1114,8.77295899999999,3.958
1115,8.77644799999999,3.489
1116,8.78122899999999,4.781
1117,8.78511699999999,3.888
1118,8.78835799999999,3.241
1119,8.79191699999999,3.559
1120,8.79631099999999,4.394
1121,8.79968099999999,3.37
1122,8.80345499999999,3.774
1123,8.80705099999999,3.596
1124,8.81031999999999,3.269
1125,8.81484399999999,4.524
1126,8.81886399999999,4.02
1127,8.82286099999999,3.997
1128,8.82641899999999,3.558
1129,8.83057099999999,4.152
1130,8.83448099999999,3.91
1131,8.83846199999999,3.981
1132,8.84199599999999,3.534
1133,8.84663399999999,4.638
1134,8.85035599999999,3.722
1135,8.85419699999999,3.841
1136,8.85783599999999,3.639
1137,8.86116799999999,3.332
1138,8.86582799999999,4.66
1139,8.86927399999999,3.446
1140,8.87285499999999,3.581
1141,8.87665699999999,3.802
1142,8.88136399999999,4.707
1143,8.88516199999999,3.798
1144,8.88845399999999,3.292
1145,8.89192599999999,3.472
1146,8.89824799999999,6.322
1147,8.90181199999999,3.564
1148,8.90457399999999,2.762
1149,8.90796699999999,3.393
1150,8.91140599999999,3.439
1151,8.91637599999999,4.97
1152,8.92036999999999,3.994
1153,8.92323599999999,2.866
1154,8.92674099999999,3.505
1155,8.93134299999999,4.602
1156,8.93477799999999,3.435
1157,8.93849599999999,3.718
1158,8.94214999999999,3.654
1159,8.94636799999999,4.218
1160,8.95058699999999,4.219
1161,8.95432499999999,3.738
1162,8.95744199999999,3.117
1163,8.96082599999999,3.384
1164,8.96520099999999,4.375
1165,8.96878899999999,3.588
1166,8.97263699999999,3.848
1167,8.97604099999999,3.404
1168,8.98031799999999,4.277
1169,8.98385899999999,3.541
1170,8.98829699999999,4.438
1171,8.99158999999999,3.293
1172,8.99509099999999,3.501
1173,8.99945099999999,4.36
1174,9.00284399999999,3.393
1175,9.00681099999999,3.967
1176,9.01022199999999,3.411
1177,9.01491999999999,4.698
1178,9.01861299999999,3.693
1179,9.02206599999999,3.453
1180,9.02552899999999,3.463
1181,9.03000699999999,4.478
1182,9.03344499999999,3.438
1183,9.03778799999999,4.343
1184,9.04132999999999,3.542
1185,9.04468999999999,3.36
1186,9.04939299999999,4.703
1187,9.05288199999999,3.489
1188,9.05655899999999,3.677
1189,9.06001399999999,3.455
1190,9.06431999999999,4.306
1191,9.06827399999999,3.954
1192,9.07211599999999,3.842
1193,9.07570299999999,3.587
1194,9.08019699999999,4.494
1195,9.08384999999999,3.653
1196,9.08782799999999,3.978
1197,9.09140699999999,3.579
1198,9.09480299999999,3.396
1199,9.09932899999999,4.526
1200,9.10343499999999,4.106
1201,9.10662499999999,3.19
1202,9.11007899999999,3.454
1203,9.11486999999999,4.791
1204,9.11909399999999,4.224
1205,9.12276199999999,3.668
1206,9.12652899999999,3.767
1207,9.13099299999999,4.464
1208,9.13515599999999,4.163
1209,9.13830499999999,3.149
1210,9.14143299999999,3.128
1211,9.14452999999999,3.097
1212,9.14899699999999,4.467
1213,9.15286999999999,3.873
1214,9.15620199999999,3.332
1215,9.15958999999999,3.388
1216,9.16383499999999,4.245
1217,9.16725099999999,3.416
1218,9.17136699999999,4.116
1219,9.17476999999999,3.403
1220,9.17984999999999,5.08
1221,9.18357399999999,3.724
1222,9.18690699999999,3.333
1223,9.19014299999999,3.236
1224,9.19368299999999,3.54
1225,9.19799699999999,4.314
1226,9.20126899999999,3.272
1227,9.20511599999999,3.847
1228,9.20873899999999,3.623
1229,9.21290299999999,4.164
1230,9.21614699999999,3.244
1231,9.22010599999999,3.959
1232,9.22354099999999,3.435
1233,9.22716699999999,3.626
1234,9.23204699999999,4.88
1235,9.23555699999999,3.51
1236,9.23875399999999,3.197
1237,9.24238099999999,3.627
1238,9.24671299999999,4.332
1239,9.25025399999999,3.541
1240,9.25480299999999,4.549
1241,9.25839799999999,3.595
1242,9.26281099999999,4.413
1243,9.26634699999999,3.536
1244,9.26973199999999,3.385
1245,9.27351699999999,3.785
1246,9.27695199999999,3.435
1247,9.28177699999999,4.825
1248,9.28530199999999,3.525
1249,9.28871699999999,3.415
1250,9.29219799999999,3.481
1251,9.29639599999999,4.198
1252,9.30006799999999,3.672
1253,9.30416799999999,4.1
1254,9.30733999999999,3.172
1255,9.31080999999999,3.47
1256,9.31551999999999,4.71
1257,9.31873199999999,3.212
1258,9.32233499999999,3.603
1259,9.32583199999999,3.497
1260,9.33014999999999,4.318
1261,9.33348899999999,3.339
1262,9.33773799999999,4.249
1263,9.34126599999999,3.528
1264,9.34448899999999,3.223
1265,9.34924699999999,4.758
1266,9.35255299999999,3.306
1267,9.35594799999999,3.395
1268,9.35964899999999,3.701
1269,9.36401599999999,4.367
1270,9.36720799999999,3.192
1271,9.37118099999999,3.973
1272,9.37459199999999,3.411
1273,9.37810999999999,3.518
1274,9.38484499999999,6.735
1275,9.38777099999999,2.926
1276,9.39104399999999,3.273
1277,9.39421699999999,3.173
1278,9.39879599999999,4.579
1279,9.40232699999999,3.531
1280,9.40557399999999,3.247
1281,9.40906399999999,3.49
1282,9.41344999999999,4.386
1283,9.41703799999999,3.588
1284,9.42129899999999,4.261
1285,9.42481199999999,3.513
1286,9.42805199999999,3.24
1287,9.43320999999999,5.158
1288,9.43669999999999,3.49
1289,9.44002499999999,3.325
1290,9.44350099999999,3.476
1291,9.44782099999999,4.32
1292,9.45157799999999,3.757
1293,9.45510699999999,3.529
1294,9.45863399999999,3.527
1295,9.46315399999999,4.52
1296,9.46720999999999,4.056
1297,9.47077999999999,3.57
1298,9.47445499999999,3.675
1299,9.47780599999999,3.351
1300,9.48239799999999,4.592
1301,9.48570199999999,3.304
1302,9.48952099999999,3.819
1303,9.49305799999999,3.537
1304,9.49771299999999,4.655
1305,9.50141799999999,3.705
1306,9.50488399999999,3.466
1307,9.50847599999999,3.592
1308,9.51280499999999,4.329
1309,9.51664799999999,3.843
1310,9.52080599999999,4.158
1311,9.52439899999999,3.593
1312,9.52796499999999,3.566
1313,9.53290899999999,4.944
1314,9.53644899999999,3.54
1315,9.53989799999999,3.449
1316,9.54333399999999,3.436
1317,9.54763599999999,4.302
1318,9.55066099999999,3.025
1319,9.55500099999999,4.34
1320,9.55848899999999,3.488
1321,9.56308799999999,4.599
1322,9.56738799999999,4.3
1323,9.57076299999999,3.375
1324,9.57407099999999,3.308
1325,9.57740199999999,3.331
1326,9.58209199999999,4.69
1327,9.58568499999999,3.593
1328,9.58924199999999,3.557
1329,9.59265699999999,3.415
1330,9.59707499999999,4.418
1331,9.60090299999999,3.828
1332,9.60491399999999,4.011
1333,9.60813699999999,3.223
1334,9.61149199999999,3.355
1335,9.61636499999999,4.873
1336,9.61994999999999,3.585
1337,9.62300299999999,3.053
1338,9.62661299999999,3.61
1339,9.63104099999999,4.428
1340,9.63528699999999,4.246
1341,9.63844399999999,3.157
1342,9.64164599999999,3.202
1343,9.64625099999999,4.605
1344,9.64952199999999,3.271
1345,9.65236499999999,2.843
1346,9.65569999999999,3.335
1347,9.65884699999999,3.147
1348,9.66352999999999,4.683
1349,9.66751899999999,3.989
1350,9.67093899999999,3.42
1351,9.67436599999999,3.427
1352,9.67870899999999,4.343
1353,9.68248199999999,3.773
1354,9.68622399999999,3.742
1355,9.68976299999999,3.539
1356,9.69342899999999,3.666
1357,9.698197,4.768
1358,9.701458,3.261
1359,9.707757,6.299
1360,9.711416,3.659
1361,9.715772,4.356
1362,9.718646,2.874
1363,9.72197,3.324
1364,9.725276,3.306
1365,9.730206,4.93
1366,9.73382199999999,3.616
1367,9.73735099999999,3.529
1368,9.740925,3.574
1369,9.74407799999999,3.153
1370,9.74950499999999,5.427
1371,9.75286399999999,3.359
1372,9.75578899999999,2.925
1373,9.75893499999999,3.146
1374,9.76365599999999,4.721
1375,9.76734599999999,3.69
1376,9.77078499999999,3.439
1377,9.77446099999999,3.676
1378,9.77790899999999,3.448
1379,9.78480699999999,6.898
1380,9.78852499999999,3.718
1381,9.79440899999999,5.884
1382,9.79851899999999,4.11
1383,9.80362199999999,5.103
1384,9.80773899999999,4.117
1385,9.81224599999999,4.507
1386,9.81642599999999,4.18
1387,9.82051099999999,4.085
1388,9.82431599999999,3.805
1389,9.82886399999999,4.548
1390,9.83220199999999,3.338
1391,9.83717299999999,4.971
1392,9.84143799999999,4.265
1393,9.84564599999999,4.208
1394,9.84964399999999,3.998
1395,9.85363999999999,3.996
1396,9.85661299999999,2.973
1397,9.85991599999999,3.303
1398,9.86316599999999,3.25
1399,9.86822599999999,5.06
1400,9.871439,3.213
1401,9.87470799999999,3.269
1402,9.87920599999999,4.498
1403,9.88375899999999,4.553
1404,9.88695899999999,3.2
1405,9.89013199999999,3.173
1406,9.89353899999999,3.407
1407,9.89843699999999,4.898
1408,9.90187799999999,3.441
1409,9.905231,3.353
1410,9.908779,3.548
1411,9.91412499999999,5.346
1412,9.91746799999999,3.343
1413,9.92054999999999,3.082
1414,9.92413599999999,3.586
1415,9.92761999999999,3.484
1416,9.93409299999999,6.473
1417,9.93714599999999,3.053
1418,9.93996899999999,2.823
1419,9.94415399999999,4.185
1420,9.94902399999999,4.87
1421,9.95221799999999,3.194
1422,9.95525399999999,3.036
1423,9.95863799999999,3.384
1424,9.96331799999999,4.68
1425,9.96691099999999,3.593
1426,9.97059099999999,3.68
1427,9.97415899999999,3.568
1428,9.97781499999999,3.656
1429,9.98312899999999,5.314
1430,9.98609599999999,2.967
1431,9.98948699999999,3.391
1432,9.99304699999999,3.56
1433,9.99804799999999,5.001
1434,10.001322,3.274
1435,10.004701,3.379
1436,10.008142,3.441
1437,10.012743,4.601
1438,10.016711,3.968
1439,10.020304,3.593
1440,10.023743,3.439
1441,10.027285,3.542
1442,10.03267,5.385
1443,10.035429,2.759
1444,10.039297,3.868
1445,10.042658,3.361
1446,10.047361,4.703
1447,10.051043,3.682
1448,10.054266,3.223
1449,10.057521,3.255
1450,10.061353,3.832
1451,10.067453,6.1
1452,10.076396,8.943
1453,10.091842,15.446
1454,10.11028,18.438
1455,10.125161,14.881
1456,10.143137,17.976
1457,10.165051,21.914
1458,10.179935,14.884
1459,10.202492,22.557
1460,10.221929,19.437
1461,10.235921,13.992
1462,10.258588,22.667
1463,10.273191,14.603
1464,10.288339,15.148
1465,10.306742,18.403
1466,10.328198,21.456
1467,10.342746,14.548
1468,10.365729,22.983
1469,10.380697,14.968
1470,10.39579,15.093
1471,10.418653,22.863
1472,10.437963,19.31
1473,10.452137,14.174
1474,10.475132,22.995
1475,10.493617,18.485
1476,10.513052,19.435
1477,10.532862,19.81
1478,10.548193,15.331
1479,10.56643,18.237
1480,10.588861,22.431
1481,10.603037,14.176
1482,10.626198,23.161
1483,10.644946,18.748
1484,10.664217,19.271
1485,10.684191,19.974
1486,10.699609,15.418
1487,10.717956,18.347
1488,10.739884,21.928
1489,10.754253,14.369
1490,10.777314,23.061
1491,10.796121,18.807
1492,10.81077,14.649
1493,10.833612,22.842
1494,10.852324,18.712
1495,10.867151,14.827
1496,10.88583,18.679
1497,10.906976,21.146
1498,10.92179,14.814
1499,10.940082,18.292
1500,10.96194,21.858
1501,10.97672,14.78
1502,10.995102,18.382
1503,11.016711,21.609
1504,11.032046,15.335
1505,11.049609,17.563
1506,11.071311,21.702
1507,11.086448,15.137
1508,11.104607,18.159
1509,11.122186,17.579
1510,11.13761,15.424
1511,11.156055,18.445
1512,11.173428,17.373
1513,11.189471,16.043
1514,11.207061,17.59
1515,11.228723,21.662
1516,11.243265,14.542
1517,11.261578,18.313
1518,11.279456,17.878
1519,11.294556,15.1
1520,11.313012,18.456
1521,11.330433,17.421
1522,11.346004,15.571
1523,11.363957,17.953
1524,11.385406,21.449
1525,11.400267,14.861
1526,11.422721,22.454
1527,11.441338,18.617
1528,11.455993,14.655
1529,11.47423,18.237
1530,11.492217,17.987
1531,11.507174,14.957
1532,11.525376,18.202
1533,11.543175,17.799
1534,11.557977,14.802
1535,11.576354,18.377
1536,11.593708,17.354
1537,11.608847,15.139
1538,11.626959,18.112
1539,11.644359,17.4
1540,11.651307,6.948
1541,11.655892,4.585
1542,11.658767,2.875
1543,11.662304,3.537
1544,11.667509,5.205
1545,11.671615,4.106
1546,11.674366,2.751
1547,11.677388,3.022
1548,11.680973,3.585
1549,11.684533,3.56
1550,11.688848,4.315
1551,11.692289,3.441
1552,11.695462,3.173
1553,11.699029,3.567
1554,11.703079,4.05
1555,11.711484,8.405
1556,11.717221,5.737
1557,11.720873,3.652
1558,11.725787,4.914
1559,11.736869,11.082
1560,11.752213,15.344
1561,11.757227,5.014
1562,11.760901,3.674
1563,11.764587,3.686
1564,11.769692,5.105
1565,11.774428,4.736
1566,11.779729,5.301
1567,11.785777,6.048
1568,11.789182,3.405
1569,11.792283,3.101
1570,11.796435,4.152
1571,11.799614,3.179
1572,11.804835,5.221
1573,11.809911,5.076
1574,11.812997,3.086
1575,11.81619,3.193
1576,11.822202,6.012
1577,11.825895,3.693
1578,11.829066,3.171
1579,11.832445,3.379
1580,11.836151,3.706
1581,11.840309,4.158
1582,11.8433,2.991
1583,11.846677,3.377
1584,11.850236,3.559
1585,11.855502,5.266
1586,11.858886,3.384
1587,11.86172,2.834
1588,11.865202,3.482
1589,11.870221,5.019
1590,11.874654,4.433
1591,11.877637,2.983
1592,11.880857,3.22
1593,11.885923,5.066
1594,11.890108,4.185
1595,11.893138,3.03
1596,11.896485,3.347
1597,11.899556,3.071
1598,11.904249,4.693
1599,11.908814,4.565
1600,11.911567,2.753
1601,11.91471,3.143
1602,11.919699,4.989
1603,11.924132,4.433
1604,11.928007,3.875
1605,11.9311,3.093
1606,11.935384,4.284
1607,11.938918,3.534
1608,11.943042,4.124
1609,11.947359,4.317
1610,11.951179,3.82
1611,11.954082,2.903
1612,11.958034,3.952
1613,11.96135,3.316
1614,11.964994,3.644
1615,11.969295,4.301
1616,11.972886,3.591
1617,11.977036,4.15
1618,11.980265,3.229
1619,11.983555,3.29
1620,11.987679,4.124
1621,11.992016,4.337
1622,11.995471,3.455
1623,11.998724,3.253
1624,12.003037,4.313
1625,12.006594,3.557
1626,12.010855,4.261
1627,12.01441,3.555
1628,12.018373,3.963
1629,12.021933,3.56
1630,12.026326,4.393
1631,12.031,4.674
1632,12.034636,3.636
1633,12.037579,2.943
1634,12.040891,3.312
1635,12.045413,4.522
1636,12.048607,3.194
1637,12.052534,3.927
1638,12.056029,3.495
1639,12.060538,4.509
1640,12.064119,3.581
1641,12.067079,2.96
1642,12.071317,4.238
1643,12.074768,3.451
1644,12.079173,4.405
1645,12.082306,3.133
1646,12.08642,4.114
1647,12.089973,3.553
1648,12.094217,4.244
1649,12.097943,3.726
1650,12.101441,3.498
1651,12.105138,3.697
1652,12.108471,3.333
1653,12.112882,4.411
1654,12.116133,3.251
1655,12.119961,3.828
1656,12.123224,3.263
1657,12.127651,4.427
1658,12.130978,3.327
1659,12.135575,4.597
1660,12.139063,3.488
1661,12.142614,3.551
1662,12.147778,5.164
1663,12.15116,3.382
1664,12.15447,3.31
1665,12.157754,3.284
1666,12.16597,8.216
1667,12.168872,2.902
1668,12.171711,2.839
1669,12.174519,2.808
1670,12.177923,3.404
1671,12.185359,7.436
1672,12.188192,2.833
1673,12.190966,2.774
1674,12.193921,2.955
1675,12.19838,4.459
1676,12.202111,3.731
1677,12.205589,3.478
1678,12.208891,3.302
1679,12.213733,4.842
1680,12.216807,3.074
1681,12.220543,3.736
1682,12.224025,3.482
1683,12.227763,3.738
1684,12.232118,4.355
1685,12.236478,4.36
1686,12.239718,3.24
1687,12.243176,3.458
1688,12.2477,4.524
1689,12.250913,3.213
1690,12.254644,3.731
1691,12.258181,3.537
1692,12.261486,3.305
1693,12.266252,4.766
1694,12.270323,4.071
1695,12.27373,3.407
1696,12.276987,3.257
1697,12.281676,4.689
1698,12.285263,3.587
1699,12.288877,3.614
1700,12.292416,3.539
1701,12.297001,4.585
1702,12.30039,3.389
1703,12.30427,3.88
1704,12.307614,3.344
1705,12.311135,3.521
1706,12.3154,4.265
1707,12.319298,3.898
1708,12.322934,3.636
1709,12.326267,3.333
1710,12.331767,5.5
1711,12.335191,3.424
1712,12.33832,3.129
1713,12.341366,3.046
1714,12.344988,3.622
1715,12.349209,4.221
1716,12.353472,4.263
1717,12.357013,3.541
1718,12.360301,3.288
1719,12.364839,4.538
1720,12.368407,3.568
1721,12.372167,3.76
1722,12.375619,3.452
1723,12.380178,4.559
1724,12.384018,3.84
1725,12.387473,3.455
1726,12.390803,3.33
1727,12.394309,3.506
1728,12.398853,4.544
1729,12.402942,4.089
1730,12.406558,3.616
1731,12.409985,3.427
1732,12.414369,4.384
1733,12.417013,2.644
1734,12.421326,4.313
1735,12.424795,3.469
1736,12.429685,4.89
1737,12.433136,3.451
1738,12.436316,3.18
1739,12.439849,3.533
1740,12.443298,3.449
1741,12.447854,4.556
1742,12.451062,3.208
1743,12.454524,3.462
1744,12.457868,3.344
1745,12.46246,4.592
1746,12.465314,2.854
1747,12.469628,4.314
1748,12.473292,3.664
1749,12.476655,3.363
1750,12.48105,4.395
1751,12.484478,3.428
1752,12.487832,3.354
1753,12.491163,3.331
1754,12.496694,5.531
1755,12.499894,3.2
1756,12.503001,3.107
1757,12.507361,4.36
1758,12.510803,3.442
1759,12.516005,5.202
1760,12.519654,3.649
1761,12.522607,2.953
1762,12.52561,3.003
1763,12.533855,8.245
1764,12.536956,3.101
1765,12.540732,3.776
1766,12.544715,3.983
1767,12.549541,4.826
1768,12.552267,2.726
1769,12.555838,3.571
1770,12.558883,3.045
1771,12.563432,4.549
1772,12.566589,3.157
1773,12.575311,8.722
1774,12.578652,3.341
1775,12.583192,4.54
1776,12.585875,2.683
1777,12.589126,3.251
1778,12.592484,3.358
1779,12.597267,4.783
1780,12.600208,2.941
1781,12.604448,4.24
1782,12.607685,3.237
1783,12.614226,6.541
1784,12.617321,3.095
1785,12.61992,2.599
1786,12.623152,3.232
1787,12.62677,3.618
1788,12.631161,4.391
1789,12.633831,2.67
1790,12.638116,4.285
1791,12.642651,4.535
1792,12.647468,4.817
1793,12.650539,3.071
1794,12.653684,3.145
1795,12.656454,2.77
1796,12.659775,3.321
1797,12.664641,4.866
1798,12.667962,3.321
1799,12.671407,3.445
1800,12.674949,3.542
1801,12.683827,8.878
1802,12.688455,4.628
1803,12.691802,3.347
1804,12.695522,3.72
1805,12.700705,5.183
1806,12.705429,4.724
1807,12.712259,6.83
1808,12.717283,5.024
1809,12.722177,4.894
1810,12.725456,3.279
1811,12.7292,3.744
1812,12.732848,3.648
1813,12.738782,5.934
1814,12.742666,3.884
1815,12.745726,3.06
1816,12.749498,3.772
1817,12.754007,4.509
1818,12.756687,2.68
1819,12.761217,4.53
1820,12.76494,3.723
1821,12.769407,4.467
1822,12.772207,2.8
1823,12.775383,3.176
1824,12.78023,4.847
1825,12.785646,5.416
1826,12.788849,3.203
1827,12.792358,3.509
1828,12.796062,3.704
1829,12.80035,4.288
1830,12.803779,3.429
1831,12.806593,2.814
1832,12.809964,3.371
1833,12.81586,5.896
1834,12.819157,3.297
1835,12.822134,2.977
1836,12.825626,3.492
1837,12.831461,5.835
1838,12.834405,2.944
1839,12.837589,3.184
1840,12.841009,3.42
1841,12.844493,3.484
1842,12.850065,5.572
1843,12.853008,2.943
1844,12.856176,3.168
1845,12.859207,3.031
1846,12.864608,5.401
1847,12.86769,3.082
1848,12.870979,3.289
1849,12.874571,3.592
1850,12.87809,3.519
1851,12.886394,8.304
1852,12.889398,3.004
1853,12.892525,3.127
1854,12.896111,3.586
1855,12.900384,4.273
1856,12.903209,2.825
1857,12.906299,3.09
1858,12.910068,3.769
1859,12.915764,5.696
1860,12.918449,2.685
1861,12.921896,3.447
1862,12.925414,3.518
1863,12.931466,6.052
1864,12.934232,2.766
1865,12.937524,3.292
1866,12.941056,3.532
1867,12.944685,3.629
1868,12.949866,5.181
1869,12.952861,2.995
1870,12.956101,3.24
1871,12.959933,3.832
1872,12.9655,5.567
1873,12.968426,2.926
1874,12.97151,3.084
1875,12.975121,3.611
1876,12.979572,4.451
1877,12.983033,3.461
1878,12.986612,3.579
1879,12.990329,3.717
1880,12.993689,3.36
1881,12.999196,5.507
1882,13.0021,2.904
1883,13.005377,3.277
1884,13.008997,3.62
1885,13.014971,5.974
1886,13.01808,3.109
1887,13.020985,2.905
1888,13.024722,3.737
1889,13.028116,3.394
1890,13.033321,5.205
1891,13.036136,2.815
1892,13.039596,3.46
1893,13.043052,3.456
1894,13.048845,5.793
1895,13.051759,2.914
1896,13.054682,2.923
1897,13.058294,3.612
1898,13.062966,4.672
1899,13.066133,3.167
1900,13.069787,3.654
1901,13.073053,3.266
1902,13.076581,3.528
1903,13.082172,5.591
1904,13.085283,3.111
1905,13.088345,3.062
1906,13.0921,3.755
1907,13.09809,5.99
1908,13.101048,2.958
1909,13.104111,3.063
1910,13.107865,3.754
1911,13.112742,4.877
1912,13.116063,3.321
1913,13.1195,3.437
1914,13.123182,3.682
1915,13.126448,3.266
1916,13.132484,6.036
1917,13.135657,3.173
1918,13.138661,3.004
1919,13.141843,3.182
1920,13.147938,6.095
1921,13.15073,2.792
1922,13.154354,3.624
1923,13.158065,3.711
1924,13.161535,3.47
1925,13.167337,5.802
1926,13.170652,3.315
1927,13.174284,3.632
1928,13.178099,3.815
1929,13.182933,4.834
1930,13.186567,3.634
1931,13.189843,3.276
1932,13.192893,3.05
1933,13.200143,7.25
1934,13.20315,3.007
1935,13.206053,2.903
1936,13.209418,3.365
1937,13.214555,5.137
1938,13.218054,3.499
1939,13.220927,2.873
1940,13.224415,3.488
1941,13.239949,15.534
1942,13.258009,18.06
1943,13.272854,14.845
1944,13.291349,18.495
1945,13.309085,17.736
1946,13.324404,15.319
1947,13.342649,18.245
1948,13.360268,17.619
1949,13.375653,15.385
1950,13.393872,18.219
1951,13.415213,21.341
1952,13.429852,14.639
1953,13.44793,18.078
1954,13.465393,17.463
1955,13.480546,15.153
1956,13.498748,18.202
1957,13.51654,17.792
1958,13.531818,15.278
1959,13.549853,18.035
1960,13.567597,17.744
1961,13.582522,14.925
1962,13.601059,18.537
1963,13.618629,17.57
1964,13.633558,14.929
1965,13.651788,18.23
1966,13.669139,17.351
1967,13.68426,15.121
1968,13.702604,18.344
1969,13.720352,17.748
1970,13.735522,15.17
1971,13.753937,18.415
1972,13.772169,18.232
1973,13.786804,14.635
1974,13.805188,18.384
1975,13.822886,17.698
1976,13.838207,15.321
1977,13.856264,18.057
1978,13.878093,21.829
1979,13.892551,14.458
1980,13.915514,22.963
1981,13.930224,14.71
1982,13.945583,15.359
1983,13.963912,18.329
1984,13.982698,18.786
1985,13.99685,14.152
1986,14.018155,21.305
1987,14.032728,14.573
1988,14.04791,15.182
1989,14.066223,18.313
1990,14.08432,18.097
1991,14.099376,15.056
1992,14.117706,18.33
1993,14.135313,17.607
1994,14.150739,15.426
1995,14.168857,18.118
1996,14.190678,21.821
1997,14.205419,14.741
1998,14.223674,18.255
1999,14.241124,17.45
2000,14.256545,15.421
2001,14.274821,18.276
2002,14.292568,17.747
2003,14.308008,15.44
2004,14.326244,18.236
2005,14.348583,22.339
2006,14.362477,13.894
2007,14.385655,23.178
2008,14.400511,14.856
2009,14.420374,19.863
2010,14.435671,15.297
2011,14.453872,18.201
2012,14.471465,17.593
2013,14.486903,15.438
2014,14.504902,17.999
2015,14.522429,17.527
2016,14.537599,15.17
2017,14.555779,18.18
2018,14.573508,17.729
2019,14.58885,15.342
2020,14.607019,18.169
2021,14.628257,21.238
2022,14.642781,14.524
2023,14.661028,18.247
2024,14.678521,17.493
2025,14.693849,15.328
2026,14.711939,18.09
2027,14.73004,18.101
2028,14.744641,14.601
2029,14.762788,18.147
2030,14.780207,17.419
2031,14.795001,14.794
2032,14.806237,11.236
2033,14.809394,3.157
2034,14.813045,3.651
2035,14.817871,4.826
2036,14.822157,4.286
2037,14.82553,3.373
2038,14.828817,3.287
2039,14.833278,4.461
2040,14.836605,3.327
2041,14.841389,4.784
2042,14.8448,3.411
2043,14.84842,3.62
2044,14.85196,3.54
2045,14.856131,4.171
2046,14.859234,3.103
2047,14.862451,3.217
2048,14.866985,4.534
2049,14.870397,3.412
2050,14.874699,4.302
2051,14.878141,3.442
2052,14.880846,2.705
2053,14.885359,4.513
2054,14.889989,4.63
2055,14.893687,3.698
2056,14.896846,3.159
2057,14.900824,3.978
2058,14.904231,3.407
2059,14.908594,4.363
2060,14.911698,3.104
2061,14.915767,4.069
2062,14.919534,3.767
2063,14.923772,4.238
2064,14.927832,4.06
2065,14.930834,3.002
2066,14.934645,3.811
2067,14.937904,3.259
2068,14.94233,4.426
2069,14.945239,2.909
2070,14.949975,4.736
2071,14.953665,3.69
2072,14.958075,4.41
2073,14.961715,3.64
2074,14.964508,2.793
2075,14.968523,4.015
2076,14.971886,3.363
2077,14.976287,4.401
2078,14.979515,3.228
2079,14.98386,4.345
2080,14.987291,3.431
2081,14.991776,4.485
2082,14.995028,3.252
2083,14.999116,4.088
2084,15.00443,5.314
2085,15.007247,2.817
2086,15.011327,4.08
2087,15.01445,3.123
2088,15.017794,3.344
2089,15.021593,3.799
2090,15.026124,4.531
2091,15.029351,3.227
2092,15.033135,3.784
2093,15.036586,3.451
2094,15.039836,3.25
2095,15.044614,4.778
2096,15.047655,3.041
2097,15.051571,3.916
2098,15.055284,3.713
2099,15.059715,4.431
2100,15.062695,2.98
2101,15.067144,4.449
2102,15.070734,3.59
2103,15.07413,3.396
2104,15.078568,4.438
2105,15.081404,2.836
2106,15.085417,4.013
2107,15.089025,3.608
2108,15.093676,4.651
2109,15.097382,3.706
2110,15.100523,3.141
2111,15.103832,3.309
2112,15.107447,3.615
2113,15.11199,4.543
2114,15.114919,2.929
2115,15.118856,3.937
2116,15.122297,3.441
2117,15.126654,4.357
2118,15.129625,2.971
2119,15.133977,4.352
2120,15.137459,3.482
2121,15.140855,3.396
2122,15.145381,4.526
2123,15.148184,2.803
2124,15.152397,4.213
2125,15.155835,3.438
2126,15.160554,4.719
2127,15.163594,3.04
2128,15.167743,4.149
2129,15.171194,3.451
2130,15.174702,3.508
2131,15.179254,4.552
2132,15.182718,3.464
2133,15.186455,3.737
2134,15.189875,3.42
2135,15.194401,4.526
2136,15.197327,2.926
2137,15.20192,4.593
2138,15.205082,3.162
2139,15.208995,3.913
2140,15.213492,4.497
2141,15.217227,3.735
2142,15.220601,3.374
2143,15.2241,3.499
2144,15.228638,4.538
2145,15.231452,2.814
2146,15.235514,4.062
2147,15.238948,3.434
2148,15.242488,3.54
2149,15.24717,4.682
2150,15.251041,3.871
2151,15.254563,3.522
2152,15.258051,3.488
2153,15.26236,4.309
2154,15.266179,3.819
2155,15.269715,3.536
2156,15.272983,3.268
2157,15.276743,3.76
2158,15.280949,4.206
2159,15.28472,3.771
2160,15.288276,3.556
2161,15.291645,3.369
2162,15.296052,4.407
2163,15.300244,4.192
2164,15.30373,3.486
2165,15.307228,3.498
2166,15.310738,3.51
2167,15.315429,4.691
2168,15.318847,3.418
2169,15.322275,3.428
2170,15.329141,6.866
2171,15.333359,4.218
2172,15.336367,3.008
2173,15.339597,3.23
2174,15.342995,3.398
2175,15.34705,4.055
2176,15.350106,3.056
2177,15.353706,3.6
2178,15.357121,3.415
2179,15.36071,3.589
2180,15.365338,4.628
2181,15.368646,3.308
2182,15.37209,3.444
2183,15.375771,3.681
2184,15.38038,4.609
2185,15.384446,4.066
2186,15.391426,6.98
2187,15.394677,3.251
2188,15.398992,4.315
2189,15.401825,2.833
2190,15.405334,3.509
2191,15.408847,3.513
2192,15.41314,4.293
2193,15.417417,4.277
2194,15.420907,3.49
2195,15.424439,3.532
2196,15.427999,3.56
2197,15.43334,5.341
2198,15.436458,3.118
2199,15.439713,3.255
2200,15.443121,3.408
2201,15.447975,4.854
2202,15.451325,3.35
2203,15.454613,3.288
2204,15.458107,3.494
2205,15.461514,3.407
2206,15.467853,6.339
2207,15.471151,3.298
2208,15.474456,3.305
2209,15.477861,3.405
2210,15.482815,4.954
2211,15.4859,3.085
2212,15.489033,3.133
2213,15.492721,3.688
2214,15.496915,4.194
2215,15.500867,3.952
2216,15.504178,3.311
2217,15.507712,3.534
2218,15.511504,3.792
2219,15.516744,5.24
2220,15.519802,3.058
2221,15.52293,3.128
2222,15.526479,3.549
2223,15.530963,4.484
2224,15.534687,3.724
2225,15.538069,3.382
2226,15.541615,3.546
2227,15.546148,4.533
2228,15.550094,3.946
2229,15.553425,3.331
2230,15.556966,3.541
2231,15.560376,3.41
2232,15.565065,4.689
2233,15.568744,3.679
2234,15.572043,3.299
2235,15.575921,3.878
2236,15.580084,4.163
2237,15.583576,3.492
2238,15.587451,3.875
2239,15.590657,3.206
2240,15.594247,3.59
2241,15.598757,4.51
2242,15.605315,6.558
2243,15.608042,2.727
2244,15.612448,4.406
2245,15.616626,4.178
2246,15.619617,2.991
2247,15.622643,3.026
2248,15.625221,2.578
2249,15.629675,4.454
2250,15.633595,3.92
2251,15.63702,3.425
2252,15.640374,3.354
2253,15.644083,3.709
2254,15.648596,4.513
2255,15.651937,3.341
2256,15.655193,3.256
2257,15.658834,3.641
2258,15.663417,4.583
2259,15.666749,3.332
2260,15.670318,3.569
2261,15.673866,3.548
2262,15.677451,3.585
2263,15.682498,5.047
2264,15.685826,3.328
2265,15.688715,2.889
2266,15.692074,3.359
2267,15.696676,4.602
2268,15.70072,4.044
2269,15.704034,3.314
2270,15.707514,3.48
2271,15.710851,3.337
2272,15.716676,5.825
2273,15.719885,3.209
2274,15.72293,3.045
2275,15.726152,3.222
2276,15.73053,4.378
2277,15.734236,3.706
2278,15.737739,3.503
2279,15.741019,3.28
2280,15.744512,3.493
2281,15.750202,5.69
2282,15.75317,2.968
2283,15.756501,3.331
2284,15.759636,3.135
2285,15.764017,4.381
2286,15.767831,3.814
2287,15.771366,3.535
2288,15.774924,3.558
2289,15.779558,4.634
2290,15.783595,4.037
2291,15.787057,3.462
2292,15.790537,3.48
2293,15.79409,3.553
2294,15.798672,4.582
2295,15.8018,3.128
2296,15.805278,3.478
2297,15.808687,3.409
2298,15.813391,4.704
2299,15.817399,4.008
2300,15.820855,3.456
2301,15.824186,3.331
2302,15.827769,3.583
2303,15.833454,5.685
2304,15.836399,2.945
2305,15.839425,3.026
2306,15.843175,3.75
2307,15.84754,4.365
2308,15.851332,3.792
2309,15.854754,3.422
2310,15.858306,3.552
2311,15.861615,3.309
2312,15.867433,5.818
2313,15.870592,3.159
2314,15.873507,2.915
2315,15.877625,4.118
2316,15.882724,5.099
2317,15.886423,3.699
2318,15.889281,2.858
2319,15.892793,3.512
2320,15.901169,8.376
2321,15.904575,3.406
2322,15.908303,3.728
2323,15.912331,4.028
2324,15.916922,4.591
2325,15.921085,4.163
2326,15.92426,3.175
2327,15.927886,3.626
2328,15.932315,4.429
2329,15.935724,3.409
2330,15.938935,3.211
2331,15.941816,2.881
2332,15.944963,3.147
2333,15.951239,6.276
2334,15.95458,3.341
2335,15.957915,3.335
2336,15.961404,3.489
2337,15.966327,4.923
2338,15.96918,2.853
2339,15.972402,3.222
2340,15.975805,3.403
2341,15.980817,5.012
2342,15.983965,3.148
2343,15.987882,3.917
2344,15.990925,3.043
2345,15.994471,3.546
2346,16.00037,5.899
2347,16.0036,3.23
2348,16.006565,2.965
2349,16.010771,4.206
2350,16.015368,4.597
2351,16.018078,2.71
2352,16.021562,3.484
2353,16.025155,3.593
2354,16.028395,3.24
2355,16.034676,6.281
2356,16.037448,2.772
2357,16.040577,3.129
2358,16.044016,3.439
2359,16.050043,6.027
2360,16.053171,3.128
2361,16.056381,3.21
2362,16.059741,3.36
2363,16.064097,4.356
2364,16.067884,3.787
2365,16.071323,3.439
2366,16.074634,3.311
2367,16.078381,3.747
2368,16.084394,6.013
2369,16.087672,3.278
2370,16.090823,3.151
2371,16.094192,3.369
2372,16.099438,5.246
2373,16.10238,2.942
2374,16.105528,3.148
2375,16.10915,3.622
2376,16.113695,4.545
2377,16.117125,3.43
2378,16.120634,3.509
2379,16.124231,3.597
2380,16.127697,3.466
2381,16.133771,6.074
2382,16.136951,3.18
2383,16.14038,3.429
2384,16.143411,3.031
2385,16.147846,4.435
2386,16.151178,3.332
2387,16.154587,3.409
2388,16.158151,3.564
2389,16.161796,3.645
2390,16.168147,6.351
2391,16.170946,2.799
2392,16.173999,3.053
2393,16.17756,3.561
2394,16.183098,5.538
2395,16.186375,3.277
2396,16.189299,2.924
2397,16.192918,3.619
2398,16.197425,4.507
2399,16.201083,3.658
2400,16.204556,3.473
2401,16.207738,3.182
2402,16.21142,3.682
2403,16.217459,6.039
2404,16.220387,2.928
2405,16.22352,3.133
2406,16.227544,4.024
2407,16.232483,4.939
2408,16.235151,2.668
2409,16.238825,3.674
2410,16.242355,3.53
2411,16.246946,4.591
2412,16.250702,3.756
2413,16.254128,3.426
2414,16.257499,3.371
2415,16.261047,3.548
2416,16.267222,6.175
2417,16.270453,3.231
2418,16.273004,2.551
2419,16.276632,3.628
2420,16.281219,4.587
2421,16.284269,3.05
2422,16.287586,3.317
2423,16.291309,3.723
2424,16.294858,3.549
2425,16.300817,5.959
2426,16.303688,2.871
2427,16.306914,3.226
2428,16.310311,3.397
2429,16.314881,4.57
2430,16.318187,3.306
2431,16.321834,3.647
2432,16.325236,3.402
2433,16.329735,4.499
2434,16.333794,4.059
2435,16.337233,3.439
2436,16.340874,3.641
2437,16.344382,3.508
2438,16.350379,5.997
2439,16.35371,3.331
2440,16.356663,2.953
2441,16.359895,3.232
2442,16.364623,4.728
2443,16.367817,3.194
2444,16.371143,3.326
2445,16.37443,3.287
2446,16.377998,3.568
2447,16.388341,10.343
2448,16.402293,13.952
2449,16.417859,15.566
2450,16.436131,18.272
2451,16.458184,22.053
2452,16.472462,14.278
2453,16.495257,22.795
2454,16.514157,18.9
2455,16.533448,19.291
2456,16.548612,15.164
2457,16.566943,18.331
2458,16.584321,17.378
2459,16.59987,15.549
2460,16.617956,18.086
2461,16.640142,22.186
2462,16.653873,13.731
2463,16.676616,22.743
2464,16.691156,14.54
2465,16.706718,15.562
2466,16.724537,17.819
2467,16.745992,21.455
2468,16.760718,14.726
2469,16.778984,18.266
2470,16.796737,17.753
2471,16.812107,15.37
2472,16.834189,22.082
2473,16.852892,18.703
2474,16.872028,19.136
2475,16.892039,20.011
2476,16.907434,15.395
2477,16.925335,17.901
2478,16.94712,21.785
2479,16.960921,13.801
2480,16.983708,22.787
2481,17.002527,18.819
2482,17.016964,14.437
2483,17.039678,22.714
2484,17.054142,14.464
2485,17.077789,23.647
2486,17.088684,10.895
2487,17.108641,19.957
2488,17.121592,12.951
2489,17.142831,21.239
2490,17.157411,14.58
2491,17.172648,15.237
2492,17.191065,18.417
2493,17.208491,17.426
2494,17.224043,15.552
2495,17.242143,18.1
2496,17.25973,17.587
2497,17.274916,15.186
2498,17.293076,18.16
2499,17.310753,17.677
2500,17.325892,15.139
2501,17.344109,18.217
2502,17.361653,17.544
2503,17.376876,15.223
2504,17.395163,18.287
2505,17.414279,19.116
2506,17.427821,13.542
2507,17.448944,21.123
2508,17.463559,14.615
2509,17.478601,15.042
2510,17.496642,18.041
2511,17.514289,17.647
2512,17.529462,15.173
2513,17.547552,18.09
2514,17.565018,17.466
2515,17.579761,14.743
2516,17.597954,18.193
2517,17.615219,17.265
2518,17.630154,14.935
2519,17.648137,17.983
2520,17.665657,17.52
2521,17.690148,24.491
2522,17.703673,13.525
2523,17.718522,14.849
2524,17.733674,15.152
2525,17.75129,17.616
2526,17.7728,21.51
2527,17.787117,14.317
2528,17.805278,18.161
2529,17.822797,17.519
2530,17.837791,14.994
2531,17.859918,22.127
2532,17.878223,18.305
2533,17.892715,14.492
2534,17.9136050000001,20.89
2535,17.9281280000001,14.523
2536,17.9429550000001,14.827
2537,17.9607500000001,17.795
2538,17.9822830000001,21.533
2539,17.9963030000001,14.02
2540,18.0190210000001,22.718
2541,18.0337270000001,14.706
2542,18.0492480000001,15.521
2543,18.0670530000001,17.805
2544,18.0899120000001,22.859
2545,18.1029190000001,13.007
2546,18.1239220000001,21.003
2547,18.1383900000001,14.468
2548,18.1536220000001,15.232
2549,18.1718390000001,18.217
2550,18.1893930000001,17.554
2551,18.2045730000001,15.18
2552,18.2271230000001,22.55
2553,18.2463030000001,19.18
2554,18.2604980000001,14.195
2555,18.2860140000001,25.516
2556,18.2979730000001,11.959
2557,18.3183830000001,20.41
2558,18.3330560000001,14.673
2559,18.3554960000001,22.44
2560,18.3743570000001,18.861
2561,18.3889370000001,14.58
2562,18.4071520000001,18.215
2563,18.4248620000001,17.71
2564,18.4399250000001,15.063
2565,18.4580790000001,18.154
2566,18.4755770000001,17.498
2567,18.4909750000001,15.398
2568,18.5089800000001,18.005
2569,18.5309960000001,22.016
2570,18.5449830000001,13.987
2571,18.5678490000001,22.866
2572,18.5823160000001,14.467
2573,18.5973230000001,15.007
2574,18.6154760000001,18.153
2575,18.6330340000001,17.558
2576,18.6482140000001,15.18
2577,18.6668510000001,18.637
2578,18.6835420000001,16.691
2579,18.6987410000001,15.199
2580,18.7168940000001,18.153
2581,18.7381950000001,21.301
2582,18.7524270000001,14.232
2583,18.7709230000001,18.496
2584,18.7882290000001,17.306
2585,18.8031200000001,14.891
2586,18.8211930000001,18.073
2587,18.8386640000001,17.471
2588,18.8538740000001,15.21
2589,18.8717690000001,17.895
2590,18.8932080000001,21.439
2591,18.9076390000001,14.431
2592,18.9256250000001,17.986
2593,18.9427550000001,17.13
2594,18.9579470000001,15.192
2595,18.9763210000001,18.374
2596,18.9936580000001,17.337
2597,19.0088050000001,15.147
2598,19.0269890000001,18.184
2599,19.0488060000001,21.817
2600,19.0629750000001,14.169
2601,19.0855490000001,22.574
2602,19.1002470000001,14.698
2603,19.1153050000001,15.058
2604,19.1336100000001,18.305
2605,19.1509560000001,17.346
2606,19.1661590000001,15.203
2607,19.1843560000001,18.197
2608,19.2019910000001,17.635
2609,19.2170670000001,15.076
2610,19.2354350000001,18.368
2611,19.2530320000001,17.597
2612,19.2681730000001,15.141
2613,19.2863680000001,18.195
2614,19.3040590000001,17.691
2615,19.3191420000001,15.083
2616,19.3371520000001,18.01
2617,19.3544070000001,17.255
2618,19.3695740000001,15.167
2619,19.3878410000001,18.267
2620,19.4053330000001,17.492
2621,19.4203060000001,14.973
2622,19.4384670000001,18.161
2623,19.4576890000001,19.222
2624,19.4712250000001,13.536
2625,19.4915930000001,20.368
2626,19.5062430000001,14.65
2627,19.5211010000001,14.858
2628,19.5392780000001,18.177
2629,19.5567090000001,17.431
2630,19.5717670000001,15.058
2631,19.5927950000001,21.028
2632,19.6072990000001,14.504
2633,19.6222160000001,14.917
2634,19.6402420000001,18.026
2635,19.6577060000001,17.464
2636,19.6728170000001,15.111
2637,19.6908430000001,18.026
2638,19.7082000000001,17.357
2639,19.7233690000001,15.169
2640,19.7427040000001,19.335
2641,19.7622310000001,19.527
2642,19.7767070000001,14.476
2643,19.7947260000001,18.019
2644,19.8123300000001,17.604
2645,19.8271680000001,14.838
2646,19.8454550000001,18.287
2647,19.8631810000001,17.726
2648,19.8775220000001,14.341
2649,19.8957050000001,18.183
2650,19.9128880000001,17.183
2651,19.9280010000001,15.113
2652,19.9457490000001,17.748
2653,19.9631310000001,17.382
2654,19.9782310000001,15.1
2655,19.9963010000001,18.07
2656,20.0139610000001,17.66
2657,20.0289750000001,15.014
2658,20.0469840000001,18.009
2659,20.0644100000001,17.426
2660,20.0795390000001,15.129
2661,20.0975550000001,18.016
2662,20.1149610000001,17.406
2663,20.1301150000001,15.154
2664,20.1479950000001,17.88
2665,20.1655090000001,17.514
2666,20.1804470000001,14.938
2667,20.1985830000001,18.136
2668,20.2164030000001,17.82
2669,20.2313460000001,14.943
2670,20.2497100000001,18.364
2671,20.2670790000001,17.369
2672,20.2822370000001,15.158
2673,20.3005490000001,18.312
2674,20.3178760000001,17.327
2675,20.3330220000001,15.146
2676,20.3513080000001,18.286
2677,20.3691540000001,17.846
2678,20.3838860000001,14.732
2679,20.4022250000001,18.339
2680,20.4197960000001,17.571
2681,20.4346680000001,14.872
2682,20.4530120000001,18.344
2683,20.4704610000001,17.449
2684,20.4853470000001,14.886
2685,20.5034560000001,18.109
2686,20.5207700000001,17.314
2687,20.5359910000001,15.221
2688,20.5539050000001,17.914
2689,20.5712590000001,17.354
2690,20.5863470000001,15.088
2691,20.6041010000001,17.754
2692,20.6254780000001,21.377
2693,20.6398160000001,14.338
2694,20.6579520000001,18.136
2695,20.6754260000001,17.474
2696,20.6905430000001,15.117
2697,20.7088490000001,18.306
2698,20.7260390000001,17.19
2699,20.7410620000001,15.023
2700,20.7588050000001,17.743
2701,20.7764080000001,17.603
2702,20.7913630000001,14.955
2703,20.8091490000001,17.786
2704,20.8266580000001,17.509
2705,20.8415630000001,14.905
2706,20.8598520000001,18.289
2707,20.8773080000001,17.456
2708,20.8920760000001,14.768
2709,20.9102670000001,18.191
2710,20.9277500000001,17.483
2711,20.9427690000001,15.019
2712,20.9606840000001,17.915
2713,20.9780880000001,17.404
2714,20.9936040000001,15.516
2715,21.0148890000001,21.285
2716,21.0288990000001,14.01
2717,21.0501410000001,21.242
2718,21.0644100000001,14.269
2719,21.0851870000001,20.777
2720,21.1031980000001,18.011
2721,21.1181670000001,14.969
2722,21.1224760000001,4.309
2723,21.1255030000001,3.027
2724,21.1301020000001,4.599
2725,21.133664,3.562
2726,21.137981,4.317
2727,21.141021,3.04
2728,21.144937,3.916
2729,21.148196,3.259
2730,21.151881,3.685
2731,21.156509,4.628
2732,21.159494,2.985
2733,21.163571,4.077
2734,21.167162,3.591
2735,21.171596,4.434
2736,21.174345,2.749
2737,21.178756,4.411
2738,21.182152,3.396
2739,21.18533,3.178
2740,21.190146,4.816
2741,21.192528,2.382
2742,21.197255,4.727
2743,21.200586,3.331
2744,21.205245,4.659
2745,21.208429,3.184
2746,21.212386,3.957
2747,21.215802,3.416
2748,21.2192490000001,3.447
2749,21.2236840000001,4.435
2750,21.2262280000001,2.544
2751,21.2307160000001,4.488
2752,21.2340200000001,3.304
2753,21.2383990000001,4.379
2754,21.2410570000001,2.658
2755,21.245642,4.585
2756,21.248921,3.279
2757,21.252294,3.373
2758,21.25692,4.626
2759,21.259532,2.612
2760,21.263639,4.107
2761,21.267105,3.466
2762,21.271741,4.636
2763,21.274846,3.105
2764,21.2787700000001,3.924
2765,21.2822320000001,3.462
2766,21.2853060000001,3.074
2767,21.2901330000001,4.827
2768,21.293781,3.648
2769,21.296939,3.158
2770,21.30053,3.591
2771,21.30587,5.34
2772,21.308826,2.956
2773,21.312175,3.349
2774,21.3155220000001,3.347
2775,21.3188880000001,3.366
2776,21.3233320000001,4.444
2777,21.326697,3.365
2778,21.330088,3.391
2779,21.333606,3.518
2780,21.3384280000001,4.822
2781,21.3414980000001,3.07
2782,21.3451560000001,3.658
2783,21.3484940000001,3.338
2784,21.3518120000001,3.318
2785,21.3564810000001,4.669
2786,21.3630750000001,6.594
2787,21.3657670000001,2.692
2788,21.3690700000001,3.303
2789,21.3731660000001,4.096
2790,21.3755230000001,2.357
2791,21.3804910000001,4.968
2792,21.3836130000001,3.122
2793,21.3871600000001,3.547
2794,21.3917010000001,4.541
2795,21.3957700000001,4.069
2796,21.3993490000001,3.579
2797,21.4053330000001,5.984
2798,21.4093020000001,3.969
2799,21.4121600000001,2.858
2800,21.4155410000001,3.381
2801,21.4189240000001,3.383
2802,21.4225930000001,3.669
2803,21.4274710000001,4.878
2804,21.4303840000001,2.913
2805,21.4340260000001,3.642
2806,21.4376410000001,3.615
2807,21.4420700000001,4.429
2808,21.4456300000001,3.56
2809,21.4489820000001,3.352
2810,21.4524500000001,3.468
2811,21.4559270000001,3.477
2812,21.4602880000001,4.361
2813,21.4635420000001,3.254
2814,21.4669920000001,3.45
2815,21.4707010000001,3.709
2816,21.4753630000001,4.662
2817,21.4790750000001,3.712
2818,21.4825690000001,3.494
2819,21.4861630000001,3.594
2820,21.4895690000001,3.406
2821,21.4940870000001,4.518
2822,21.4973210000001,3.234
2823,21.5008430000001,3.522
2824,21.5042710000001,3.428
2825,21.5087760000001,4.505
2826,21.5127350000001,3.959
2827,21.5163480000001,3.613
2828,21.5195440000001,3.196
2829,21.5231370000001,3.593
2830,21.5290460000001,5.909
2831,21.5316650000001,2.619
2832,21.5345960000001,2.931
2833,21.5384440000001,3.848
2834,21.5427460000001,4.302
2835,21.5463730000001,3.627
2836,21.5499560000001,3.583
2837,21.5533800000001,3.424
2838,21.556929,3.549
2839,21.5631710000001,6.242
2840,21.5657010000001,2.53
2841,21.568997,3.296
2842,21.577046,8.049
2843,21.581552,4.506
2844,21.58487,3.318
2845,21.588117,3.247
2846,21.592018,3.901
2847,21.596445,4.427
2848,21.600156,3.711
2849,21.60355,3.394
2850,21.609163,5.613
2851,21.613706,4.543
2852,21.616496,2.79
2853,21.619,2.504
2854,21.622225,3.225
2855,21.625686,3.461
2856,21.630767,5.081
2857,21.633283,2.516
2858,21.636859,3.576
2859,21.64038,3.521
2860,21.646489,6.109
2861,21.649132,2.643
2862,21.65246,3.328
2863,21.656178,3.718
2864,21.659468,3.29
2865,21.664886,5.418
2866,21.667912,3.026
2867,21.670852,2.94
2868,21.674304,3.452
2869,21.680247,5.943
2870,21.683633,3.386
2871,21.687071,3.438
2872,21.69044,3.369
2873,21.693912,3.472
2874,21.698345,4.433
2875,21.702632,4.287
2876,21.706516,3.884
2877,21.710687,4.171
2878,21.71694,6.253
2879,21.721268,4.328
2880,21.724819,3.551
2881,21.727718,2.899
2882,21.731955,4.237
2883,21.734776,2.821
2884,21.738188,3.412
2885,21.741651,3.463
2886,21.747288,5.637
2887,21.750143,2.855
2888,21.753275,3.132
2889,21.756791,3.516
2890,21.762768,5.977
2891,21.765766,2.998
2892,21.76883,3.064
2893,21.772441,3.611
2894,21.77558,3.139
2895,21.781139,5.559
2896,21.784851,3.712
2897,21.788422,3.571
2898,21.792098,3.676
2899,21.796407,4.309
2900,21.799282,2.875
2901,21.801981,2.699
2902,21.805547,3.566
2903,21.808696,3.149
2904,21.814523,5.827
2905,21.817905,3.382
2906,21.821221,3.316
2907,21.824702,3.481
2908,21.829516,4.814
2909,21.832258,2.742
2910,21.835181,2.923
2911,21.839039,3.858
2912,21.84228,3.241
2913,21.847838,5.558
2914,21.851055,3.217
2915,21.854228,3.173
2916,21.857309,3.081
2917,21.862331,5.022
2918,21.86519,2.859
2919,21.868457,3.267
2920,21.871916,3.459
2921,21.875423,3.507
2922,21.880863,5.44
2923,21.883765,2.902
2924,21.88666,2.895
2925,21.890302,3.642
2926,21.895921,5.619
2927,21.898705,2.784
2928,21.901864,3.159
2929,21.905371,3.507
2930,21.908586,3.215
2931,21.913859,5.273
2932,21.916954,3.095
2933,21.920202,3.248
2934,21.924959,4.757
2935,21.929638,4.679
2936,21.932695,3.057
2937,21.935457,2.762
2938,21.93893,3.473
2939,21.942248,3.318
2940,21.94745,5.202
2941,21.95037,2.92
2942,21.953544,3.174
2943,21.957048,3.504
2944,21.96322,6.172
2945,21.96634,3.12
2946,21.969129,2.789
2947,21.972742,3.613
2948,21.977128,4.386
2949,21.981837,4.709
2950,21.984693,2.856
2951,21.987843,3.15
2952,21.991424,3.581
2953,21.99705,5.626
2954,22.000118,3.068
2955,22.002869,2.751
2956,22.006443,3.574
2957,22.011042,4.599
2958,22.015509,4.467
2959,22.019001,3.492
2960,22.022512,3.511
2961,22.026379,3.867
2962,22.031114,4.735
2963,22.033906,2.792
2964,22.037074,3.168
2965,22.040533,3.459
2966,22.046343,5.81
2967,22.048987,2.644
2968,22.052634,3.647
2969,22.055992,3.358
2970,22.060998,5.006
2971,22.065305,4.307
2972,22.068554,3.249
2973,22.071858,3.304
2974,22.074852,2.994
2975,22.080208,5.356
2976,22.083409,3.201
2977,22.08677,3.361
2978,22.089963,3.193
2979,22.096113,6.15
2980,22.099011,2.898
2981,22.101723,2.712
2982,22.105394,3.671
2983,22.108813,3.419
2984,22.11416,5.347
2985,22.116866,2.706
2986,22.12029,3.424
2987,22.123716,3.426
2988,22.129553,5.837
2989,22.132549,2.996
2990,22.135396,2.847
2991,22.138792,3.396
2992,22.142011,3.219
2993,22.147638,5.627
2994,22.150682,3.044
2995,22.154135,3.453
2996,22.15774,3.605
2997,22.163203,5.463
2998,22.166273,3.07
2999,22.169279,3.006
3000,22.172746,3.467
3001,22.177775,5.029
3002,22.182123,4.348
3003,22.185193,3.07
3004,22.188562,3.369
3005,22.192213,3.651
3006,22.197385,5.172
3007,22.200612,3.227
3008,22.203788,3.176
3009,22.207035,3.247
3010,22.21295,5.915
3011,22.215881,2.931
3012,22.218657,2.776
3013,22.222425,3.768
3014,22.22689,4.465
3015,22.231568,4.678
3016,22.234552,2.984
3017,22.237544,2.992
3018,22.240946,3.402
3019,22.246589,5.643
3020,22.249738,3.149
3021,22.253028,3.29
3022,22.256152,3.124
3023,22.261425,5.273
3024,22.265912,4.487
3025,22.268747,2.835
3026,22.271887,3.14
3027,22.276296,4.409
3028,22.280783,4.487
3029,22.283482,2.699
3030,22.28902,5.538
3031,22.292554,3.534
3032,22.296624,4.07
3033,22.299527,2.903
3034,22.302423,2.896
3035,22.306239,3.816
3036,22.310997,4.758
3037,22.315152,4.155
3038,22.317822,2.67
3039,22.321522,3.7
3040,22.324804,3.282
3041,22.330793,5.989
3042,22.334253,3.46
3043,22.339619,5.366
3044,22.34295,3.331
3045,22.347003,4.053
3046,22.349955,2.952
3047,22.35269,2.735
3048,22.355746,3.056
3049,22.3606,4.854
3050,22.36482,4.22
3051,22.367481,2.661
3052,22.371094,3.613
3053,22.374419,3.325
3054,22.379913,5.494
3055,22.383031,3.118
3056,22.386197,3.166
3057,22.389762,3.565
3058,22.394852,5.09
3059,22.399057,4.205
3060,22.402167,3.11
3061,22.405276,3.109
3062,22.409706,4.43
3063,22.414316,4.61
3064,22.417148,2.832
3065,22.4203,3.152
3066,22.423765,3.465
3067,22.428338,4.573
3068,22.432701,4.363
3069,22.435851,3.15
3070,22.438957,3.106
3071,22.443406,4.449
3072,22.448031,4.625
3073,22.450865,2.834
3074,22.454154,3.289
3075,22.457565,3.411
3076,22.46326,5.695
3077,22.467,3.74
3078,22.470018,3.018
3079,22.47281,2.792
3080,22.477438,4.628
3081,22.481588,4.15
3082,22.484444,2.856
3083,22.4879,3.456
3084,22.491309,3.409
3085,22.496747,5.438
3086,22.499961,3.214
3087,22.503159,3.198
3088,22.506536,3.377
3089,22.511607,5.071
3090,22.515779,4.172
3091,22.519203,3.424
3092,22.523337,4.134
3093,22.527095,3.758
3094,22.531402,4.307
3095,22.534733,3.331
3096,22.5386,3.867
3097,22.542219,3.619
3098,22.546876,4.657
3099,22.54953,2.654
3100,22.552927,3.397
3101,22.556011,3.084
3102,22.561027,5.016
3103,22.565817,4.79
3104,22.56919,3.373
3105,22.572427,3.237
3106,22.57601,3.583
3107,22.580344,4.334
3108,22.583429,3.085
3109,22.586547,3.118
3110,22.589915,3.368
3111,22.59479,4.875
3112,22.598993,4.203
3113,22.602195,3.202
3114,22.605617,3.422
3115,22.609812,4.195
3116,22.614286,4.474
3117,22.617154,2.868
3118,22.620399,3.245
3119,22.623812,3.413
3120,22.628375,4.563
3121,22.632879,4.504
3122,22.63638,3.501
3123,22.640008,3.628
3124,22.643742,3.734
3125,22.64843,4.688
3126,22.651171,2.741
3127,22.654231,3.06
3128,22.657584,3.353
3129,22.663184,5.6
3130,22.665921,2.737
3131,22.669238,3.317
3132,22.672812,3.574
3133,22.677826,5.014
3134,22.683343,5.517
3135,22.687842,4.499
3136,22.691427,3.585
3137,22.695019,3.592
3138,22.707014,11.995
3139,22.723,15.986
3140,22.734783,11.783
3141,22.758021,23.238
3142,22.772167,14.146
3143,22.790633,18.466
3144,22.808289,17.656
3145,22.823443,15.154
3146,22.841668,18.225
3147,22.859105,17.437
3148,22.874173,15.068
3149,22.892702,18.529
3150,22.909921,17.219
3151,22.924934,15.013
3152,22.943052,18.118
3153,22.960415,17.363
3154,22.975472,15.057
3155,22.993758,18.286
3156,23.011227,17.469
3157,23.026447,15.22
3158,23.04459,18.143
3159,23.062301,17.711
3160,23.07736,15.059
3161,23.095734,18.374
3162,23.113577,17.843
3163,23.128408,14.831
3164,23.146555,18.147
3165,23.163905,17.35
3166,23.179373,15.468
3167,23.19739,18.017
3168,23.215077,17.687
3169,23.230456,15.379
3170,23.248646,18.19
3171,23.266099,17.453
3172,23.281273,15.174
3173,23.299713,18.44
3174,23.317124,17.411
3175,23.332633,15.509
3176,23.350732,18.099
3177,23.368394,17.662
3178,23.383584,15.19
3179,23.402055,18.471
3180,23.419835,17.78
3181,23.43495,15.115
3182,23.4532,18.25
3183,23.474784,21.584
3184,23.489625,14.841
3185,23.507611,17.986
3186,23.529891,22.28
3187,23.5441,14.209
3188,23.566951,22.851
3189,23.58168,14.729
3190,23.596994,15.314
3191,23.615062,18.068
3192,23.632779,17.717
3193,23.647857,15.078
3194,23.666215,18.358
3195,23.683569,17.354
3196,23.69892,15.351
3197,23.717133,18.213
3198,23.734936,17.803
3199,23.750126,15.19
3200,23.768204,18.078
3201,23.785696,17.492
3202,23.800877,15.181
3203,23.81897,18.093
3204,23.840583,21.613
3205,23.855276,14.693
3206,23.873013,17.737
3207,23.894381,21.368
3208,23.90926,14.879
3209,23.932424,23.164
3210,23.95044,18.016
3211,23.969719,19.279
3212,23.9847,14.981
3213,24.002939,18.239
3214,24.020317,17.378
3215,24.035622,15.305
3216,24.05353,17.908
3217,24.071031,17.501
3218,24.086392,15.361
3219,24.104602,18.21
3220,24.122142,17.54
3221,24.137396,15.254
3222,24.155732,18.336
3223,24.173391,17.659
3224,24.18836,14.969
3225,24.206659,18.299
3226,24.224203,17.544
3227,24.239407,15.204
3228,24.257729,18.322
3229,24.27473,17.001
3230,24.279262,4.532
3231,24.282298,3.036
3232,24.286177,3.879
3233,24.290737,4.56
3234,24.294477,3.74
3235,24.297947,3.47
3236,24.301507,3.56
3237,24.306461,4.954
3238,24.310185,3.724
3239,24.313581,3.396
3240,24.316976,3.395
3241,24.321633,4.657
3242,24.325049,3.416
3243,24.328706,3.657
3244,24.332502,3.796
3245,24.335867,3.365
3246,24.340397,4.53
3247,24.344244,3.847
3248,24.347625,3.381
3249,24.350902,3.277
3250,24.355423,4.521
3251,24.359617,4.194
3252,24.363069,3.452
3253,24.366628,3.559
3254,24.370149,3.521
3255,24.374827,4.678
3256,24.378095,3.268
3257,24.381552,3.457
3258,24.385107,3.555
3259,24.389732,4.625
3260,24.393557,3.825
3261,24.397104,3.547
3262,24.400522,3.418
3263,24.404043,3.521
3264,24.410169,6.126
3265,24.413406,3.237
3266,24.416379,2.973
3267,24.419905,3.526
3268,24.424092,4.187
3269,24.427417,3.325
3270,24.430897,3.48
3271,24.434573,3.676
3272,24.437911,3.338
3273,24.443978,6.067
3274,24.446958,2.98
3275,24.450583,3.625
3276,24.453932,3.349
3277,24.459431,5.499
3278,24.462396,2.965
3279,24.465574,3.178
3280,24.46913,3.556
3281,24.472657,3.527
3282,24.478541,5.884
3283,24.481442,2.901
3284,24.484314,2.872
3285,24.487949,3.635
3286,24.494002,6.053
3287,24.496912,2.91
3288,24.499845,2.933
3289,24.503719,3.874
3290,24.506834,3.115
3291,24.512281,5.447
3292,24.515549,3.268
3293,24.518666,3.117
3294,24.521765,3.099
3295,24.527363,5.598
3296,24.530213,2.85
3297,24.533118,2.905
3298,24.53685,3.732
3299,24.540208,3.358
3300,24.546612,6.404
3301,24.549705,3.093
3302,24.552895,3.19
3303,24.555893,2.998
3304,24.561194,5.301
3305,24.56463,3.436
3306,24.567526,2.896
3307,24.570747,3.221
3308,24.575519,4.772
3309,24.580164,4.645
3310,24.582871,2.707
3311,24.586112,3.241
3312,24.589654,3.542
3313,24.595507,5.853
3314,24.598246,2.739
3315,24.601546,3.3
3316,24.604956,3.41
3317,24.610044,5.088
3318,24.614728,4.684
3319,24.617995,3.267
3320,24.621614,3.619
3321,24.625737,4.123
3322,24.630285,4.548
3323,24.633124,2.839
3324,24.636357,3.233
3325,24.639607,3.25
3326,24.644607,5.0
3327,24.648812,4.205
3328,24.652054,3.242
3329,24.655159,3.105
3330,24.659696,4.537
3331,24.663994,4.298
3332,24.666708,2.714
3333,24.670132,3.424
3334,24.674655,4.523
3335,24.678312,3.657
3336,24.682633,4.321
3337,24.686344,3.711
3338,24.689438,3.094
3339,24.693232,3.794
3340,24.697849,4.617
3341,24.700986,3.137
3342,24.704274,3.288
3343,24.708515,4.241
3344,24.712959,4.444
3345,24.715953,2.994
3346,24.719016,3.063
3347,24.722472,3.456
3348,24.727194,4.722
3349,24.731562,4.368
3350,24.734305,2.743
3351,24.737438,3.133
3352,24.742638,5.2
3353,24.747172,4.534
3354,24.75065,3.478
3355,24.753774,3.124
3356,24.757602,3.828
3357,24.760992,3.39
3358,24.765307,4.315
3359,24.770395,5.088
3360,24.774062,3.667
3361,24.776918,2.856
3362,24.780699,3.781
3363,24.783758,3.059
3364,24.786953,3.195
3365,24.791901,4.948
3366,24.796364,4.463
3367,24.799182,2.818
3368,24.802425,3.243
3369,24.80587,3.445
3370,24.810515,4.645
3371,24.81503,4.515
3372,24.818513,3.483
3373,24.82212,3.607
3374,24.825833,3.713
3375,24.830412,4.579
3376,24.833194,2.782
3377,24.836332,3.138
3378,24.839907,3.575
3379,24.844265,4.358
3380,24.848655,4.39
3381,24.852059,3.404
3382,24.855599,3.54
3383,24.859449,3.85
3384,24.863656,4.207
3385,24.866497,2.841
3386,24.870065,3.568
3387,24.87445,4.385
3388,24.878265,3.815
3389,24.88268,4.415
3390,24.886421,3.741
3391,24.889477,3.056
3392,24.893329,3.852
3393,24.897469,4.14
3394,24.900548,3.079
3395,24.903552,3.004
3396,24.907921,4.369
3397,24.911641,3.72
3398,24.915958,4.317
3399,24.919666,3.708
3400,24.922857,3.191
3401,24.926692,3.835
3402,24.931135,4.443
3403,24.934224,3.089
3404,24.937214,2.99
3405,24.942192,4.978
3406,24.946725,4.533
3407,24.949581,2.856
3408,24.953423,3.842
3409,24.956189,2.766
3410,24.960334,4.145
3411,24.964741,4.407
3412,24.96752,2.779
3413,24.970836,3.316
3414,24.978568,7.732
3415,24.983674,5.106
3416,24.988024,4.35
3417,24.991825,3.801
3418,24.995697,3.872
3419,25.000551,4.854
3420,25.004286,3.735
3421,25.007398,3.112
3422,25.010813,3.415
3423,25.015486,4.673
3424,25.018395,2.909
3425,25.021596,3.201
3426,25.026357,4.761
3427,25.031021,4.664
3428,25.034033,3.012
3429,25.037542,3.509
3430,25.041778,4.236
3431,25.046212,4.434
3432,25.049339,3.127
3433,25.052543,3.204
3434,25.055857,3.314
3435,25.060642,4.785
3436,25.064772,4.13
3437,25.067563,2.791
3438,25.071162,3.599
3439,25.076044,4.882
3440,25.080479,4.435
3441,25.083517,3.038
3442,25.086888,3.371
3443,25.09145,4.562
3444,25.095043,3.593
3445,25.099469,4.426
3446,25.10313,3.661
3447,25.105937,2.807
3448,25.110068,4.131
3449,25.114453,4.385
3450,25.11728,2.827
3451,25.12051,3.23
3452,25.125808,5.298
3453,25.130084,4.276
3454,25.132797,2.713
3455,25.136312,3.515
3456,25.13963,3.318
3457,25.144151,4.521
3458,25.148397,4.246
3459,25.151278,2.881
3460,25.154701,3.423
3461,25.159406,4.705
3462,25.163953,4.547
3463,25.167002,3.049
3464,25.170047,3.045
3465,25.175174,5.127
3466,25.179682,4.508
3467,25.182686,3.004
3468,25.18579,3.104
3469,25.189132,3.342
3470,25.193945,4.813
3471,25.198221,4.276
3472,25.201061,2.84
3473,25.204363,3.302
3474,25.209184,4.821
3475,25.213506,4.322
3476,25.21621,2.704
3477,25.21962,3.41
3478,25.224068,4.448
3479,25.227803,3.735
3480,25.23236,4.557
3481,25.235518,3.158
3482,25.238347,2.829
3483,25.242905,4.558
3484,25.247291,4.386
3485,25.250152,2.861
3486,25.253506,3.354
3487,25.258152,4.646
3488,25.262796,4.644
3489,25.265423,2.627
3490,25.268941,3.518
3491,25.272546,3.605
3492,25.277029,4.483
3493,25.281678,4.649
3494,25.284555,2.877
3495,25.287671,3.116
3496,25.292495,4.824
3497,25.297006,4.511
3498,25.299852,2.846
3499,25.302881,3.029
3500,25.307511,4.63
3501,25.311447,3.936
3502,25.315676,4.229
3503,25.31855,2.874
3504,25.321715,3.165
3505,25.326461,4.746
3506,25.331243,4.782
3507,25.333956,2.713
3508,25.337225,3.269
3509,25.342337,5.112
3510,25.34676,4.423
3511,25.349362,2.602
3512,25.352975,3.613
3513,25.356365,3.39
3514,25.360999,4.634
3515,25.365519,4.52
3516,25.368878,3.359
3517,25.371936,3.058
3518,25.376486,4.55
3519,25.38084,4.354
3520,25.383354,2.514
3521,25.386865,3.511
3522,25.391577,4.712
3523,25.395111,3.534
3524,25.399463,4.352
3525,25.402451,2.988
3526,25.405521,3.07
3527,25.410028,4.507
3528,25.416619,6.591
3529,25.420233,3.614
3530,25.423661,3.428
3531,25.427009,3.348
3532,25.432295,5.286
3533,25.435955,3.66
3534,25.43891,2.955
3535,25.442591,3.681
3536,25.446929,4.338
3537,25.449889,2.96
3538,25.453216,3.327
3539,25.458034,4.818
3540,25.461533,3.499
3541,25.466125,4.592
3542,25.469421,3.296
3543,25.473079,3.658
3544,25.476941,3.862
3545,25.481508,4.567
3546,25.484739,3.231
3547,25.487911,3.172
3548,25.492268,4.357
3549,25.497001,4.733
3550,25.500048,3.047
3551,25.503227,3.179
3552,25.508026,4.799
3553,25.511469,3.443
3554,25.515713,4.244
3555,25.518726,3.013
3556,25.52214,3.414
3557,25.526524,4.384
3558,25.530939,4.415
3559,25.534218,3.279
3560,25.537059,2.841
3561,25.541769,4.71
3562,25.546309,4.54
3563,25.549147,2.838
3564,25.552476,3.329
3565,25.555791,3.315
3566,25.560182,4.391
3567,25.564541,4.359
3568,25.567624,3.083
3569,25.570867,3.243
3570,25.575542,4.675
3571,25.580013,4.471
3572,25.582883,2.87
3573,25.586121,3.238
3574,25.589417,3.296
3575,25.593783,4.366
3576,25.598191,4.408
3577,25.601306,3.115
3578,25.604568,3.262
3579,25.608946,4.378
3580,25.613454,4.508
3581,25.61639,2.936
3582,25.619465,3.075
3583,25.623982,4.517
3584,25.627747,3.765
3585,25.632248,4.501
3586,25.635617,3.369
3587,25.638275,2.658
3588,25.643131,4.856
3589,25.647767,4.636
3590,25.650532,2.765
3591,25.65394,3.408
3592,25.659092,5.152
3593,25.663788,4.696
3594,25.667002,3.214
3595,25.671972,4.97
3596,25.675101,3.129
3597,25.679587,4.486
3598,25.682541,2.954
3599,25.686089,3.548
3600,25.690309,4.22
3601,25.693867,3.558
3602,25.698108,4.241
3603,25.701029,2.921
3604,25.704166,3.137
3605,25.709399,5.233
3606,25.713977,4.578
3607,25.716627,2.65
3608,25.720172,3.545
3609,25.724806,4.634
3610,25.728237,3.431
3611,25.732636,4.399
3612,25.736074,3.438
3613,25.739698,3.624
3614,25.743379,3.681
3615,25.747905,4.526
3616,25.750816,2.911
3617,25.753986,3.17
3618,25.758931,4.945
3619,25.763293,4.362
3620,25.765992,2.699
3621,25.769381,3.389
3622,25.774126,4.745
3623,25.777672,3.546
3624,25.784222,6.55
3625,25.787318,3.096
3626,25.789899,2.581
3627,25.793014,3.115
3628,25.79749,4.476
3629,25.800231,2.741
3630,25.803598,3.367
3631,25.808641,5.043
3632,25.812883,4.242
3633,25.816109,3.226
3634,25.819029,2.92
3635,25.823651,4.622
3636,25.827228,3.577
3637,25.831637,4.409
3638,25.834561,2.924
3639,25.837587,3.026
3640,25.842354,4.767
3641,25.846662,4.308
3642,25.849902,3.24
3643,25.858418,8.516
3644,25.880639,22.221
3645,25.895226,14.587
3646,25.913209,17.983
3647,25.930613,17.404
3648,25.945651,15.038
3649,25.963776,18.125
3650,25.981296,17.52
3651,25.996615,15.319
3652,26.014578,17.963
3653,26.036113,21.535
3654,26.050716,14.603
3655,26.068778,18.062
3656,26.086153,17.375
3657,26.101265,15.112
3658,26.119707,18.442
3659,26.141354,21.647
3660,26.15522,13.866
3661,26.178101,22.881
3662,26.192688,14.587
3663,26.213214,20.526
3664,26.227536,14.322
3665,26.245449,17.913
3666,26.263227,17.778
3667,26.278264,15.037
3668,26.296516,18.252
3669,26.314112,17.596
3670,26.329345,15.233
3671,26.348233,18.888
3672,26.365049,16.816
3673,26.380231,15.182
3674,26.398017,17.786
3675,26.415608,17.591
3676,26.430977,15.369
3677,26.449162,18.185
3678,26.466728,17.566
3679,26.481912,15.184
3680,26.500277,18.365
3681,26.517862,17.585
3682,26.532854,14.992
3683,26.55097,18.116
3684,26.568529,17.559
3685,26.583997,15.468
3686,26.602066,18.069
3687,26.623643,21.577
3688,26.638342,14.699
3689,26.656603,18.261
3690,26.674111,17.508
3691,26.689539,15.428
3692,26.707513,17.974
3693,26.72972,22.207
3694,26.744021,14.301
3695,26.766913,22.892
3696,26.781513,14.6
3697,26.797096,15.583
3698,26.816718,19.622
3699,26.832672,15.954
3700,26.847774,15.102
3701,26.866,18.226
3702,26.883595,17.595
3703,26.898703,15.108
3704,26.916986,18.283
3705,26.93434,17.354
3706,26.94932,14.98
3707,26.967496,18.176
3708,26.985084,17.588
3709,27.000128,15.044
3710,27.018207,18.079
3711,27.035776,17.569
3712,27.050793,15.017
3713,27.069033,18.24
3714,27.086321,17.288
3715,27.101492,15.171
3716,27.119499,18.007
3717,27.137159,17.66
3718,27.152282,15.123
3719,27.170488,18.206
3720,27.187843,17.355
3721,27.203328,15.485
3722,27.221313,17.985
3723,27.238965,17.652
3724,27.254184,15.219
3725,27.272026,17.842
3726,27.293294,21.268
3727,27.307895,14.601
3728,27.325934,18.039
3729,27.343479,17.545
3730,27.358626,15.147
3731,27.376843,18.217
3732,27.394296,17.453
3733,27.409445,15.149
3734,27.427628,18.183
3735,27.434162,6.534
3736,27.438705,4.543
3737,27.441852,3.147
3738,27.445501,3.649
3739,27.449207,3.706
3740,27.452644,3.437
3741,27.4583,5.656
3742,27.461023,2.723
3743,27.463933,2.91
3744,27.467681,3.748
3745,27.472635,4.954
3746,27.47557,2.935
3747,27.479003,3.433
3748,27.482567,3.564
3749,27.48606,3.493
3750,27.491837,5.777
3751,27.494831,2.994
3752,27.497755,2.924
3753,27.50178,4.025
3754,27.506071,4.291
3755,27.509199,3.128
3756,27.512567,3.368
3757,27.515998,3.431
3758,27.51938,3.382
3759,27.525163,5.783
3760,27.527854,2.691
3761,27.530941,3.087
3762,27.534417,3.476
3763,27.539161,4.744
3764,27.542264,3.103
3765,27.545727,3.463
3766,27.549272,3.545
3767,27.552591,3.319
3768,27.558137,5.546
3769,27.561083,2.946
3770,27.564289,3.206
3771,27.567798,3.509
3772,27.572784,4.986
3773,27.576047,3.263
3774,27.579145,3.098
3775,27.582743,3.598
3776,27.586433,3.69
3777,27.592383,5.95
3778,27.595347,2.964
3779,27.598399,3.052
3780,27.601672,3.273
3781,27.607803,6.131
3782,27.610771,2.968
3783,27.613592,2.821
3784,27.617328,3.736
3785,27.623612,6.284
3786,27.62734,3.728
3787,27.630282,2.942
3788,27.633369,3.087
3789,27.636218,2.849
3790,27.642563,6.345
3791,27.645695,3.132
3792,27.648567,2.872
3793,27.651692,3.125
3794,27.656599,4.907
3795,27.66106,4.461
3796,27.664013,2.953
3797,27.667629,3.616
3798,27.670704,3.075
3799,27.676662,5.958
3800,27.680365,3.703
3801,27.684676,4.311
3802,27.68816,3.484
3803,27.691706,3.546
3804,27.697172,5.466
3805,27.701019,3.847
3806,27.70615,5.131
3807,27.709973,3.823
3808,27.717871,7.898
3809,27.721225,3.354
3810,27.724494,3.269
3811,27.72789,3.396
3812,27.733061,5.171
3813,27.736697,3.636
3814,27.739579,2.882
3815,27.743036,3.457
3816,27.747549,4.513
3817,27.750562,3.013
3818,27.753564,3.002
3819,27.758284,4.72
3820,27.761776,3.492
3821,27.766214,4.438
3822,27.769447,3.233
3823,27.773356,3.909
3824,27.776845,3.489
3825,27.781328,4.483
3826,27.784898,3.57
3827,27.789056,4.158
3828,27.792411,3.355
3829,27.796924,4.513
3830,27.800408,3.484
3831,27.803133,2.725
3832,27.807561,4.428
3833,27.811144,3.583
3834,27.816023,4.879
3835,27.81917,3.147
3836,27.823004,3.834
3837,27.826597,3.593
3838,27.83097,4.373
3839,27.834214,3.244
3840,27.838186,3.972
3841,27.841717,3.531
3842,27.846376,4.659
3843,27.849669,3.293
3844,27.852968,3.299
3845,27.856966,3.998
3846,27.860066,3.1
3847,27.86586,5.794
3848,27.869302,3.442
3849,27.872189,2.887
3850,27.875622,3.433
3851,27.880281,4.659
3852,27.883703,3.422
3853,27.886644,2.941
3854,27.890509,3.865
3855,27.893864,3.355
3856,27.898447,4.583
3857,27.90159,3.143
3858,27.905973,4.383
3859,27.90963,3.657
3860,27.914221,4.591
3861,27.917546,3.325
3862,27.921118,3.572
3863,27.924651,3.533
3864,27.928157,3.506
3865,27.932941,4.784
3866,27.936473,3.532
3867,27.93996,3.487
3868,27.943548,3.588
3869,27.94799,4.442
3870,27.951863,3.873
3871,27.955666,3.803
3872,27.959287,3.621
3873,27.96397,4.683
3874,27.966835,2.865
3875,27.969659,2.824
3876,27.974063,4.404
3877,27.977558,3.495
3878,27.982407,4.849
3879,27.986012,3.605
3880,27.989348,3.336
3881,27.99294,3.592
3882,27.997269,4.329
3883,28.000687,3.418
3884,28.004537,3.85
3885,28.008056,3.519
3886,28.011425,3.369
3887,28.016013,4.588
3888,28.019239,3.226
3889,28.023267,4.028
3890,28.026788,3.521
3891,28.031091,4.303
3892,28.034358,3.267
3893,28.038552,4.194
3894,28.041963,3.411
3895,28.046517,4.554
3896,28.049445,2.928
3897,28.055567,6.122
3898,28.058279,2.712
3899,28.06109,2.811
3900,28.065542,4.452
3901,28.06834,2.798
3902,28.072786,4.446
3903,28.076238,3.452
3904,28.080723,4.485
3905,28.083723,3.0
3906,28.086971,3.248
3907,28.091209,4.238
3908,28.094509,3.3
3909,28.099644,5.135
3910,28.103221,3.577
3911,28.106767,3.546
3912,28.110307,3.54
3913,28.114575,4.268
3914,28.117626,3.051
3915,28.121853,4.227
3916,28.125518,3.665
3917,28.130258,4.74
3918,28.13338,3.122
3919,28.135967,2.587
3920,28.140733,4.766
3921,28.144133,3.4
3922,28.148559,4.426
3923,28.152023,3.464
3924,28.15625,4.227
3925,28.159646,3.396
3926,28.164374,4.728
3927,28.167609,3.235
3928,28.171487,3.878
3929,28.175084,3.597
3930,28.179792,4.708
3931,28.183367,3.575
3932,28.186216,2.849
3933,28.190444,4.228
3934,28.19408,3.636
3935,28.198723,4.643
3936,28.2022,3.477
3937,28.206071,3.871
3938,28.209487,3.416
3939,28.213809,4.322
3940,28.216833,3.024
3941,28.219938,3.105
3942,28.224313,4.375
3943,28.227875,3.562
3944,28.232723,4.848
3945,28.236263,3.54
3946,28.239787,3.524
3947,28.243268,3.481
3948,28.24779,4.522
3949,28.251045,3.255
3950,28.254706,3.661
3951,28.258462,3.756
3952,28.262663,4.201
3953,28.265409,2.746
3954,28.268706,3.297
3955,28.273315,4.609
3956,28.276653,3.338
3957,28.281136,4.483
3958,28.284689,3.553
3959,28.288805,4.116
3960,28.29226,3.455
3961,28.296658,4.398
3962,28.299702,3.044
3963,28.302672,2.97
3964,28.307505,4.833
3965,28.311085,3.58
3966,28.31573,4.645
3967,28.319188,3.458
3968,28.322685,3.497
3969,28.325951,3.266
3970,28.33067,4.719
3971,28.33409,3.42
3972,28.33699,2.9
3973,28.340926,3.936
3974,28.344583,3.657
3975,28.349701,5.118
3976,28.352788,3.087
3977,28.356098,3.31
3978,28.359926,3.828
3979,28.364144,4.218
3980,28.367258,3.114
3981,28.371559,4.301
3982,28.37518,3.621
3983,28.379622,4.442
3984,28.383543,3.921
3985,28.3872,3.657
3986,28.390436,3.236
3987,28.394299,3.863
3988,28.401557,7.258
3989,28.40492,3.363
3990,28.408267,3.347
3991,28.411689,3.422
3992,28.417923,6.234
3993,28.420743,2.82
3994,28.423859,3.116
3995,28.426248,2.389
3996,28.43087,4.622
3997,28.434503,3.633
3998,28.43785,3.347
3999,28.441844,3.994
4000,28.446016,4.172
4001,28.448826,2.81
4002,28.452311,3.485
4003,28.456886,4.575
4004,28.460504,3.618
4005,28.465098,4.594
4006,28.468271,3.173
4007,28.472455,4.184
4008,28.475589,3.134
4009,28.480329,4.74
4010,28.483692,3.363
4011,28.487199,3.507
4012,28.490709,3.51
4013,28.494281,3.572
4014,28.499158,4.877
4015,28.502439,3.281
4016,28.505802,3.363
4017,28.509196,3.394
4018,28.5137,4.504
4019,28.517326,3.626
4020,28.520992,3.666
4021,28.524425,3.433
4022,28.527921,3.496
4023,28.532672,4.751
4024,28.535947,3.275
4025,28.539379,3.432
4026,28.543127,3.748
4027,28.547823,4.696
4028,28.551127,3.304
4029,28.555054,3.927
4030,28.558466,3.412
4031,28.562775,4.309
4032,28.565882,3.107
4033,28.568889,3.007
4034,28.573417,4.528
4035,28.576669,3.252
4036,28.580866,4.197
4037,28.584015,3.149
4038,28.587826,3.811
4039,28.591418,3.592
4040,28.596161,4.743
4041,28.6002,4.039
4042,28.603322,3.122
4043,28.606596,3.274
4044,28.610186,3.59
4045,28.614677,4.491
4046,28.617718,3.041
4047,28.622072,4.354
4048,28.625484,3.412
4049,28.629665,4.181
4050,28.632903,3.238
4051,28.635735,2.832
4052,28.640673,4.938
4053,28.643915,3.242
4054,28.648207,4.292
4055,28.651078,2.871
4056,28.655857,4.779
4057,28.659171,3.314
4058,28.663766,4.595
4059,28.666746,2.98
4060,28.67064,3.894
4061,28.674422,3.782
4062,28.67783,3.408
4063,28.682324,4.494
4064,28.685249,2.925
4065,28.689256,4.007
4066,28.692603,3.347
4067,28.697588,4.985
4068,28.700986,3.398
4069,28.707326,6.34
4070,28.710239,2.913
4071,28.713797,3.558
4072,28.717178,3.381
4073,28.720891,3.713
4074,28.724254,3.363
4075,28.727828,3.574
4076,28.73214,4.312
4077,28.734917,2.777
4078,28.739367,4.45
4079,28.742627,3.26
4080,28.746998,4.371
4081,28.750454,3.456
4082,28.754285,3.831
4083,28.757822,3.537
4084,28.761346,3.524
4085,28.765724,4.378
4086,28.768964,3.24
4087,28.772895,3.931
4088,28.776123,3.228
4089,28.780453,4.33
4090,28.783562,3.109
4091,28.787363,3.801
4092,28.790869,3.506
4093,28.794422,3.553
4094,28.798554,4.132
4095,28.801885,3.331
4096,28.805843,3.958
4097,28.809214,3.371
4098,28.813581,4.367
4099,28.817018,3.437
4100,28.820591,3.573
4101,28.824287,3.696
4102,28.827634,3.347
4103,28.83197,4.336
4104,28.834818,2.848
4105,28.839395,4.577
4106,28.842824,3.429
4107,28.847109,4.285
4108,28.850353,3.244
4109,28.854203,3.85
4110,28.857937,3.734
4111,28.861281,3.344
4112,28.865816,4.535
4113,28.869028,3.212
4114,28.872952,3.924
4115,28.876274,3.322
4116,28.880617,4.343
4117,28.883819,3.202
4118,28.887824,4.005
4119,28.891192,3.368
4120,28.894623,3.431
4121,28.899685,5.062
4122,28.902672,2.987
4123,28.906669,3.997
4124,28.910111,3.442
4125,28.914457,4.346
4126,28.917383,2.926
4127,28.92206,4.677
4128,28.925358,3.298
4129,28.929954,4.596
4130,28.933035,3.081
4131,28.935535,2.5
4132,28.939875,4.34
4133,28.943333,3.458
4134,28.947583,4.25
4135,28.950617,3.034
4136,28.9553,4.683
4137,28.958613,3.313
4138,28.963138,4.525
4139,28.966184,3.046
4140,28.968979,2.795
4141,28.973569,4.59
4142,28.976837,3.268
4143,28.981383,4.546
4144,28.984685,3.302
4145,28.988603,3.918
4146,28.991735,3.132
4147,28.996313,4.578
4148,28.999505,3.192
4149,29.00241,2.905
4150,29.00554,3.13
4151,29.01347,7.93
4152,29.027339,13.869
4153,29.04646,19.121
4154,29.063558,17.098
4155,29.078692,15.134
4156,29.096804,18.112
4157,29.114092,17.288
4158,29.129212,15.12
4159,29.147291,18.079
4160,29.165043,17.752
4161,29.180026,14.983
4162,29.19848,18.454
4163,29.215647,17.167
4164,29.230976,15.329
4165,29.249523,18.547
4166,29.26667,17.147
4167,29.28183,15.16
4168,29.300102,18.272
4169,29.317444,17.342
4170,29.332853,15.409
4171,29.351161,18.308
4172,29.368668,17.507
4173,29.383797,15.129
4174,29.401927,18.13
4175,29.419347,17.42
4176,29.434232,14.885
4177,29.452845,18.613
4178,29.469934,17.089
4179,29.484948,15.014
4180,29.503007,18.059
4181,29.520607,17.6
4182,29.535207,14.6
4183,29.558359,23.152
4184,29.572034,13.675
4185,29.591654,19.62
4186,29.606646,14.992
4187,29.624663,18.017
4188,29.642001,17.338
4189,29.657438,15.437
4190,29.67496,17.522
4191,29.696524,21.564
4192,29.711047,14.523
4193,29.733424,22.377
4194,29.747894,14.47
4195,29.763451,15.557
4196,29.780812,17.361
4197,29.801959,21.147
4198,29.816249,14.29
4199,29.834715,18.466
4200,29.851853,17.138
4201,29.866895,15.042
4202,29.884854,17.959
4203,29.902321,17.467
4204,29.917425,15.104
4205,29.935471,18.046
4206,29.952814,17.343
4207,29.967979,15.165
4208,29.985683,17.704
4209,30.005618,19.935
4210,30.018284,12.666
4211,30.039232,20.948
4212,30.053703,14.471
4213,30.06874,15.037
4214,30.086679,17.939
4215,30.104174,17.495
4216,30.119284,15.11
4217,30.137395,18.111
4218,30.154722,17.327
4219,30.169925,15.203
4220,30.187855,17.93
4221,30.205392,17.537
4222,30.220795,15.403
4223,30.238739,17.944
4224,30.256182,17.443
4225,30.271163,14.981
4226,30.289236,18.073
4227,30.306562,17.326
4228,30.321647,15.085
4229,30.339607,17.96
4230,30.357241,17.634
4231,30.372158,14.917
4232,30.390043,17.885
4233,30.407506,17.463
4234,30.422443,14.937
4235,30.440495,18.052
4236,30.457825,17.33
4237,30.473137,15.312
4238,30.490673,17.536
4239,30.508242,17.569
4240,30.522963,14.721
4241,30.540988,18.025
4242,30.558292,17.304
4243,30.573417,15.125
4244,30.58892,15.503
4245,30.593588,4.668
4246,30.596754,3.166
4247,30.600076,3.322
4248,30.605984,5.908
4249,30.608807,2.823
4250,30.611728,2.921
4251,30.615412,3.684
4252,30.618554,3.142
4253,30.623983,5.429
4254,30.6267080000001,2.725
4255,30.6300950000001,3.387
4256,30.6334090000001,3.314
4257,30.642065,8.656
4258,30.645476,3.411
4259,30.648852,3.376
4260,30.65219,3.338
4261,30.655699,3.509
4262,30.659982,4.283
4263,30.663455,3.473
4264,30.667427,3.972
4265,30.671256,3.829
4266,30.675841,4.585
4267,30.680239,4.398
4268,30.683899,3.66
4269,30.686769,2.87
4270,30.690035,3.266
4271,30.694156,4.121
4272,30.696913,2.757
4273,30.700409,3.496
4274,30.705055,4.646
4275,30.709058,4.003
4276,30.711741,2.683
4277,30.715185,3.444
4278,30.718404,3.219
4279,30.722699,4.295
4280,30.726867,4.168
4281,30.729477,2.61
4282,30.732981,3.504
4283,30.737673,4.692
4284,30.741912,4.239
4285,30.744704,2.792
4286,30.748058,3.354
4287,30.751337,3.279
4288,30.755674,4.337
4289,30.760388,4.714
4290,30.763511,3.123
4291,30.76669,3.179
4292,30.770654,3.964
4293,30.775304,4.65
4294,30.778247,2.943
4295,30.781191,2.944
4296,30.784336,3.145
4297,30.78908,4.744
4298,30.79333,4.25
4299,30.795964,2.634
4300,30.79935,3.386
4301,30.804219,4.869
4302,30.808938,4.719
4303,30.812073,3.135
4304,30.815351,3.278
4305,30.819278,3.927
4306,30.822659,3.381
4307,30.827147,4.488
4308,30.830104,2.957
4309,30.83335,3.246
4310,30.837657,4.307
4311,30.842233,4.576
4312,30.845483,3.25
4313,30.848473,2.99
4314,30.852725,4.252
4315,30.85613,3.405
4316,30.860772,4.642
4317,30.863694,2.922
4318,30.866549,2.855
4319,30.871374,4.825
4320,30.8757780000001,4.404
4321,30.8789300000001,3.152
4322,30.883384,4.454
4323,30.886498,3.114
4324,30.8897760000001,3.278
4325,30.8943490000001,4.573
4326,30.8977520000001,3.403
4327,30.90099,3.238
4328,30.904673,3.683
4329,30.908968,4.295
4330,30.912121,3.153
4331,30.91526,3.139
4332,30.919262,4.002
4333,30.922738,3.476
4334,30.926982,4.244
4335,30.92984,2.858
4336,30.932931,3.091
4337,30.937956,5.025
4338,30.94261,4.654
4339,30.945961,3.351
4340,30.94931,3.349
4341,30.953315,4.005
4342,30.956898,3.583
4343,30.961118,4.22
4344,30.964239,3.121
4345,30.967549,3.31
4346,30.971763,4.214
4347,30.976139,4.376
4348,30.979175,3.036
4349,30.982369,3.194
4350,30.987238,4.869
4351,30.990577,3.339
4352,30.995162,4.585
4353,30.998417,3.255
4354,31.002079,3.662
4355,31.005768,3.689
4356,31.010293,4.525
4357,31.013552,3.259
4358,31.01637,2.818
4359,31.020899,4.529
4360,31.024105,3.206
4361,31.028514,4.409
4362,31.03203,3.516
4363,31.035586,3.556
4364,31.039126,3.54
4365,31.0440520000001,4.926
4366,31.046968,2.916
4367,31.049958,2.99
4368,31.054363,4.405
4369,31.057643,3.28
4370,31.061953,4.31
4371,31.065264,3.311
4372,31.069245,3.981
4373,31.072821,3.576
4374,31.077709,4.888
4375,31.0811390000001,3.43
4376,31.084843,3.704
4377,31.088211,3.368
4378,31.091156,2.945
4379,31.096254,5.098
4380,31.100199,3.945
4381,31.1035840000001,3.385
4382,31.1068050000001,3.221
4383,31.1111780000001,4.373
4384,31.1140940000001,2.916
4385,31.1172370000001,3.143
4386,31.1220220000001,4.785
4387,31.1255420000001,3.52
4388,31.1300580000001,4.516
4389,31.1328820000001,2.824
4390,31.1371360000001,4.254
4391,31.1405610000001,3.425
4392,31.1451910000001,4.63
4393,31.1483190000001,3.128
4394,31.1524420000001,4.123
4395,31.1560810000001,3.639
4396,31.159564,3.483
4397,31.1639860000001,4.422
4398,31.1669130000001,2.927
4399,31.1714200000001,4.507
4400,31.1746100000001,3.19
4401,31.1787220000001,4.112
4402,31.181973,3.251
4403,31.186646,4.673
4404,31.190043,3.397
4405,31.193411,3.368
4406,31.197961,4.55
4407,31.201073,3.112
4408,31.205139,4.066
4409,31.208535,3.396
4410,31.213144,4.609
4411,31.216314,3.17
4412,31.220366,4.052
4413,31.223869,3.503
4414,31.227146,3.277
4415,31.23409,6.944
4416,31.237028,2.938
4417,31.240074,3.046
4418,31.24296,2.886
4419,31.2473980000001,4.438
4420,31.2504640000001,3.066
4421,31.254579,4.115
4422,31.2581880000001,3.609
4423,31.2615730000001,3.385
4424,31.2662350000001,4.662
4425,31.2697120000001,3.477
4426,31.2732420000001,3.53
4427,31.2769220000001,3.68
4428,31.2812140000001,4.292
4429,31.2839360000001,2.722
4430,31.288864,4.928
4431,31.292116,3.252
4432,31.2966520000001,4.536
4433,31.2999110000001,3.259
4434,31.3037080000001,3.797
4435,31.307025,3.317
4436,31.3106520000001,3.627
4437,31.3151050000001,4.453
4438,31.3175730000001,2.468
4439,31.3226420000001,5.069
4440,31.3262390000001,3.597
4441,31.3304740000001,4.235
4442,31.3329710000001,2.497
4443,31.3376450000001,4.674
4444,31.3411010000001,3.456
4445,31.3446830000001,3.582
4446,31.3491740000001,4.491
4447,31.3530800000001,3.906
4448,31.3597240000001,6.644
4449,31.3639700000001,4.246
4450,31.3690230000001,5.053
4451,31.3745950000001,5.572
4452,31.3787620000001,4.167
4453,31.3838030000001,5.041
4454,31.3876210000001,3.818
4455,31.3918570000001,4.236
4456,31.4001680000001,8.311
4457,31.4051370000001,4.969
4458,31.4121160000001,6.979
4459,31.4174440000001,5.328
4460,31.4219770000001,4.533
4461,31.4260630000001,4.086
4462,31.4309070000001,4.844
4463,31.4344090000001,3.502
4464,31.4384200000001,4.011
4465,31.441993,3.573
4466,31.4457470000001,3.754
4467,31.4518720000001,6.125
4468,31.4605220000001,8.65
4469,31.4669290000001,6.407
4470,31.474051,7.122
4471,31.478022,3.971
4472,31.483972,5.95
4473,31.488048,4.076
4474,31.4915330000001,3.485
4475,31.495658,4.125
4476,31.502303,6.645
4477,31.505307,3.004
4478,31.509563,4.256
4479,31.5165840000001,7.021
4480,31.5205420000001,3.958
4481,31.5246170000001,4.075
4482,31.5314440000001,6.827
4483,31.5393050000001,7.861
4484,31.5427750000001,3.47
4485,31.5478790000001,5.104
4486,31.5506870000001,2.808
4487,31.5537100000001,3.023
4488,31.5580200000001,4.31
4489,31.5633590000001,5.339
4490,31.5665290000001,3.17
4491,31.5717710000001,5.242
4492,31.5768200000001,5.049
4493,31.579846,3.026
4494,31.5830890000001,3.243
4495,31.5889990000001,5.91
4496,31.5918740000001,2.875
4497,31.5948340000001,2.96
4498,31.5984950000001,3.661
4499,31.6030070000001,4.512
4500,31.6077960000001,4.789
4501,31.6104690000001,2.673
4502,31.6137680000001,3.299
4503,31.6172830000001,3.515
4504,31.6231760000001,5.893
4505,31.6258800000001,2.704
4506,31.6288820000001,3.002
4507,31.6326,3.718
4508,31.6376610000001,5.061
4509,31.6424890000001,4.828
4510,31.6453240000001,2.835
4511,31.6483690000001,3.045
4512,31.6533150000001,4.946
4513,31.6580660000001,4.751
4514,31.6612000000001,3.134
4515,31.6642310000001,3.031
4516,31.66819,3.959
4517,31.67204,3.85
4518,31.676588,4.548
4519,31.679245,2.657
4520,31.682833,3.588
4521,31.687202,4.369
4522,31.691682,4.48
4523,31.6949530000001,3.271
4524,31.6980300000001,3.077
4525,31.7028130000001,4.783
4526,31.7064300000001,3.617
4527,31.7106,4.17
4528,31.713761,3.161
4529,31.716719,2.958
4530,31.721604,4.885
4531,31.72631,4.706
4532,31.729143,2.833
4533,31.731987,2.844
4534,31.737077,5.09
4535,31.740552,3.475
4536,31.744883,4.331
4537,31.748266,3.383
4538,31.752582,4.316
4539,31.756097,3.515
4540,31.760339,4.242
4541,31.763488,3.149
4542,31.766602,3.114
4543,31.771144,4.542
4544,31.774645,3.501
4545,31.779396,4.751
4546,31.783342,3.946
4547,31.787153,3.811
4548,31.790053,2.9
4549,31.794177,4.124
4550,31.798056,3.879
4551,31.802333,4.277
4552,31.805823,3.49
4553,31.809675,3.852
4554,31.81417,4.495
4555,31.818263,4.093
4556,31.821341,3.078
4557,31.824059,2.718
4558,31.82828,4.221
4559,31.831598,3.318
4560,31.83572,4.122
4561,31.839139,3.419
4562,31.842701,3.562
4563,31.847112,4.411
4564,31.85021,3.098
4565,31.854219,4.009
4566,31.857415,3.196
4567,31.861656,4.241
4568,31.864705,3.049
4569,31.869187,4.482
4570,31.872431,3.244
4571,31.875879,3.448
4572,31.880165,4.286
4573,31.883049,2.884
4574,31.887388,4.339
4575,31.890644,3.256
4576,31.895466,4.822
4577,31.899309,3.843
4578,31.903047,3.738
4579,31.906489,3.442
4580,31.909992,3.503
4581,31.914448,4.456
4582,31.917974,3.526
4583,31.921415,3.441
4584,31.924731,3.316
4585,31.929419,4.688
4586,31.932423,3.004
4587,31.936394,3.971
4588,31.9398760000001,3.482
4589,31.9431890000001,3.313
4590,31.9476410000001,4.452
4591,31.950764,3.123
4592,31.954706,3.942
4593,31.958215,3.509
4594,31.962684,4.469
4595,31.96558,2.896
4596,31.969938,4.358
4597,31.973189,3.251
4598,31.976541,3.352
4599,31.981404,4.863
4600,31.984219,2.815
4601,31.988544,4.325
4602,31.992087,3.543
4603,31.99642,4.333
4604,31.99919,2.77
4605,32.003643,4.453
4606,32.007086,3.443
4607,32.010484,3.398
4608,32.015172,4.688
4609,32.018032,2.86
4610,32.021825,3.793
4611,32.025362,3.537
4612,32.03004,4.678
4613,32.033655,3.615
4614,32.036943,3.288
4615,32.040322,3.379
4616,32.043741,3.419
4617,32.0483270000001,4.586
4618,32.0517310000001,3.404
4619,32.0549510000001,3.22
4620,32.0581200000001,3.169
4621,32.0625890000001,4.469
4622,32.0652760000001,2.687
4623,32.0685370000001,3.261
4624,32.0718180000001,3.281
4625,32.0754100000001,3.592
4626,32.0801710000001,4.761
4627,32.0832670000001,3.096
4628,32.0865370000001,3.27
4629,32.0900070000001,3.47
4630,32.0945710000001,4.564
4631,32.0990400000001,4.469
4632,32.1022930000001,3.253
4633,32.1057460000001,3.453
4634,32.1096350000001,3.889
4635,32.1148620000001,5.227
4636,32.1178660000001,3.004
4637,32.1210010000001,3.135
4638,32.1243810000001,3.38
4639,32.1289790000001,4.598
4640,32.1327910000001,3.812
4641,32.1360110000001,3.22
4642,32.1396550000001,3.644
4643,32.1431440000001,3.489
4644,32.1495880000001,6.444
4645,32.1529350000001,3.347
4646,32.1558840000001,2.949
4647,32.1589330000001,3.049
4648,32.1640180000001,5.085
4649,32.1750600000001,11.042
4650,32.1907530000001,15.693
4651,32.2086280000001,17.875
4652,32.2301990000001,21.571
4653,32.2450030000001,14.804
4654,32.2630430000001,18.04
4655,32.2805130000001,17.47
4656,32.2957700000001,15.257
4657,32.3137250000001,17.955
4658,32.3351000000001,21.375
4659,32.3495400000001,14.44
4660,32.3678460000001,18.306
4661,32.3852140000001,17.368
4662,32.4001010000001,14.887
4663,32.4180530000001,17.952
4664,32.4399270000001,21.874
4665,32.4536420000001,13.715
4666,32.4763170000001,22.675
4667,32.4906340000001,14.317
4668,32.5058790000001,15.245
4669,32.5235370000001,17.658
4670,32.5408670000001,17.33
4671,32.5557940000001,14.927
4672,32.5734760000001,17.682
4673,32.5949410000001,21.465
4674,32.6093620000001,14.421
4675,32.6273940000001,18.032
4676,32.6448230000001,17.429
4677,32.6594320000001,14.609
4678,32.6774970000001,18.065
4679,32.6948560000001,17.359
4680,32.7096100000001,14.754
4681,32.7236750000001,14.065
4682,32.7423840000001,18.709
4683,32.7602960000001,17.912
4684,32.7752060000001,14.91
4685,32.7932800000001,18.074
4686,32.8109020000001,17.622
4687,32.8258910000001,14.989
4688,32.8441260000001,18.235
4689,32.8614150000001,17.289
4690,32.8764340000001,15.019
4691,32.8945100000001,18.076
4692,32.9121470000001,17.637
4693,32.9271870000001,15.04
4694,32.9449940000001,17.807
4695,32.9667810000001,21.787
4696,32.9805080000001,13.727
4697,33.0032860000001,22.778
4698,33.0176890000001,14.403
4699,33.0329510000001,15.262
4700,33.0509810000001,18.03
4701,33.0686270000001,17.646
4702,33.0837910000001,15.164
4703,33.1017500000001,17.959
4704,33.1217970000001,20.047
4705,33.1343550000001,12.558
4706,33.1554030000001,21.048
4707,33.1698360000001,14.433
4708,33.1848440000001,15.008
4709,33.2025870000001,17.743
4710,33.2200440000001,17.457
4711,33.2349810000001,14.937
4712,33.2527760000001,17.795
4713,33.2719230000001,19.147
4714,33.2847200000001,12.797
4715,33.3062560000001,21.536
4716,33.3249870000001,18.731
4717,33.3466110000001,21.624
4718,33.3614530000001,14.842
4719,33.3906870000001,29.234
4720,33.3971580000001,6.471
4721,33.4179420000001,20.784
4722,33.4321680000001,14.226
4723,33.4467250000001,14.557
4724,33.4645310000001,17.806
4725,33.4817810000001,17.25
4726,33.4968890000001,15.108
4727,33.5145680000001,17.679
4728,33.5318320000001,17.264
4729,33.5468990000001,15.067
4730,33.5653620000001,18.463
4731,33.5898910000001,24.529
4732,33.6108350000001,20.944
4733,33.6236170000001,12.782
4734,33.6437760000001,20.159
4735,33.6573550000001,13.579
4736,33.6780100000001,20.655
4737,33.6919980000001,13.988
4738,33.7113900000001,19.392
4739,33.7260590000001,14.669
4740,33.7438430000001,17.784
4741,33.7612780000001,17.435
4742,33.7756270000001,14.349
4743,33.7935540000001,17.927
4744,33.8109120000001,17.358
4745,33.8257250000001,14.813
4746,33.8484870000001,22.762
4747,33.8659520000001,17.465
4748,33.8873140000001,21.362
4749,33.9018510000001,14.537
4750,33.9193900000001,17.539
4751,33.9366710000001,17.281
4752,33.9516680000001,14.997
4753,33.9693830000001,17.715
4754,33.9869110000001,17.528
4755,34.0016510000001,14.74
4756,34.0197450000001,18.094
4757,34.0370290000001,17.284
4758,34.0519650000001,14.936
4759,34.0737610000001,21.796
4760,34.0867150000001,12.954
4761,34.1070400000001,20.325
4762,34.1212880000001,14.248
4763,34.1395820000001,18.294
4764,34.1568340000001,17.252
4765,34.1717310000001,14.897
4766,34.1899590000001,18.228
4767,34.2073940000001,17.435
4768,34.2261120000001,18.718
4769,34.2500820000001,23.97
4770,34.2616250000001,11.543
4771,34.2786350000001,17.01
4772,34.2927090000001,14.074
4773,34.3108490000001,18.14
4774,34.3337070000001,22.858
4775,34.3421370000001,8.43
4776,34.3657760000001,23.639
4777,34.3785350000001,12.759
4778,34.3966690000001,18.134
4779,34.4155150000001,18.846
4780,34.4346770000001,19.162
4781,34.4477930000001,13.116
4782,34.4655020000001,17.709
4783,34.4798000000001,14.298
4784,34.4972160000001,17.416
4785,34.5143400000001,17.124
4786,34.5292490000001,14.909
4787,34.5470640000001,17.815
4788,34.5640760000001,17.012
4789,34.5790310000001,14.955
4790,34.5970470000001,18.016
4791,34.6142330000001,17.186
4792,34.6289840000001,14.751
4793,34.6469100000001,17.926
4794,34.6643410000001,17.431
4795,34.6793520000001,15.011
4796,34.6972740000001,17.922
4797,34.7146080000001,17.334
4798,34.7295500000001,14.942
4799,34.7474760000001,17.926
4800,34.7648470000001,17.371
4801,34.7797700000001,14.923
4802,34.7976430000001,17.873
4803,34.8148570000001,17.214
4804,34.8297820000001,14.925
4805,34.8477360000001,17.954
4806,34.8651130000001,17.377
4807,34.8798950000001,14.782
4808,34.8980210000001,18.126
4809,34.9152300000001,17.209
4810,34.9301100000001,14.88
4811,34.9479920000001,17.882
4812,34.9653840000001,17.392
4813,34.9804960000001,15.112
4814,34.9993260000001,18.83
4815,35.0156400000001,16.314
4816,35.0328350000001,17.195
4817,35.0509870000001,18.152
4818,35.0645590000001,13.572
4819,35.0837630000001,19.204
4820,35.0979070000001,14.144
4821,35.1154310000001,17.524
4822,35.1327040000001,17.273
4823,35.1469700000001,14.266
4824,35.1648300000001,17.86
4825,35.1824530000001,17.623
4826,35.1986490000001,16.196
4827,35.2137990000001,15.15
4828,35.2324360000001,18.637
4829,35.2456870000001,13.251
4830,35.2675800000001,21.893
4831,35.2856460000001,18.066
4832,35.5699450000001,284.299
4833,35.5765650000001,6.62
4834,35.5889720000001,12.407
4835,35.6093800000001,20.408
4836,35.6320780000001,22.698
4837,35.6499050000001,17.827
4838,35.6695220000001,19.617
4839,35.6899890000001,20.467
4840,35.7051050000001,15.116
4841,35.7279320000001,22.827
4842,35.7461450000001,18.213
4843,35.7661520000001,20.007
4844,35.7853050000001,19.153
4845,35.8061690000001,20.864
4846,35.8200340000001,13.865
4847,35.8391390000001,19.105
4848,35.8569620000001,17.823
4849,35.8724660000001,15.504
4850,35.8911650000001,18.699
4851,35.9129430000001,21.778
4852,35.9277960000001,14.853
4853,35.9510710000001,23.275
4854,35.9700590000001,18.988
4855,35.9941290000001,24.07
4856,36.0132460000001,19.117
4857,36.0330790000001,19.833
4858,36.0533300000001,20.251
4859,36.0690600000001,15.73
4860,36.0876140000001,18.554
4861,36.1104050000001,22.791
4862,36.1239840000001,13.579
4863,36.1501730000001,26.189
4864,36.1637630000001,13.59
4865,36.1820600000001,18.297
4866,36.1966700000001,14.61
4867,36.2205980000001,23.928
4868,36.2387220000001,18.124
4869,36.2605060000001,21.784
4870,36.2798510000001,19.345
4871,36.2998800000001,20.029
4872,36.3195900000001,19.71
4873,36.3400650000001,20.475
4874,36.3546100000001,14.545
4875,36.3774900000001,22.88
4876,36.3967010000001,19.211
4877,36.4198480000001,23.147
4878,36.4398730000001,20.025
4879,36.4591490000001,19.276
4880,36.4792480000001,20.099
4881,36.4945480000001,15.3
4882,36.5129790000001,18.431
4883,36.5348930000001,21.914
4884,36.5498990000001,15.006
4885,36.5736780000001,23.779
4886,36.5914310000001,17.753
4887,36.6132180000001,21.787
4888,36.6326790000001,19.461
4889,36.6536610000001,20.982
4890,36.6684410000001,14.78
4891,36.6870260000001,18.585
4892,36.7090960000001,22.07
4893,36.7238960000001,14.8
4894,36.7470650000001,23.169
4895,36.7663570000001,19.292
4896,36.7893840000001,23.027
4897,36.8090970000001,19.713
4898,36.8292740000001,20.177
4899,36.8496730000001,20.399
4900,36.8658180000001,16.145
4901,36.8837820000001,17.964
4902,36.9020720000001,18.29
4903,36.9169850000001,14.913
4904,36.9402760000001,23.291
4905,36.9594510000001,19.175
4906,36.9818110000001,22.36
4907,37.0008730000001,19.062
4908,37.0166590000001,15.786
4909,37.0353900000001,18.731
4910,37.0574860000001,22.096
4911,37.0725840000001,15.098
4912,37.0962470000001,23.663
4913,37.1150330000001,18.786
4914,37.1387860000001,23.753
4915,37.1586610000001,19.875
4916,37.1743930000001,15.732
4917,37.1931860000001,18.793
4918,37.2159500000001,22.764
4919,37.2305540000001,14.604
4920,37.2542820000001,23.728
4921,37.2734000000001,19.118
4922,37.2934180000001,20.018
4923,37.3145180000001,21.1
4924,37.3299080000001,15.39
4925,37.3488020000001,18.894
4926,37.3710820000001,22.28
4927,37.3861850000001,15.103
4928,37.4097490000001,23.564
4929,37.4294070000001,19.658
4930,37.4486690000001,19.262
4931,37.4689250000001,20.256
4932,37.4842230000001,15.298
4933,37.5029070000001,18.684
4934,37.5246410000001,21.734
4935,37.5399860000001,15.345
4936,37.5626480000001,22.662
4937,37.5817600000001,19.112
4938,37.6010410000001,19.281
4939,37.6211710000001,20.13
4940,37.6367020000001,15.531
4941,37.6559170000001,19.215
4942,37.6773820000001,21.465
4943,37.6918830000001,14.501
4944,37.7103220000001,18.439
4945,37.7252220000001,14.9
4946,37.7492850000001,24.063
4947,37.7642530000001,14.968
4948,37.7843590000001,20.106
4949,37.8000090000001,15.65
4950,37.8186700000001,18.661
4951,37.8410680000001,22.398
4952,37.8554260000001,14.358
4953,37.8785860000001,23.16
4954,37.8975060000001,18.92
4955,37.9194150000001,21.909
4956,37.9390500000001,19.635
4957,37.9545390000001,15.489
4958,37.9731250000001,18.586
4959,37.9948850000001,21.76
4960,38.0100290000001,15.144
4961,38.0339610000001,23.932
4962,38.0521780000001,18.217
4963,38.0758240000001,23.646
4964,38.0955130000001,19.689
4965,38.1159550000001,20.442
4966,38.1362440000001,20.289
4967,38.1517560000001,15.512
4968,38.1703600000001,18.604
4969,38.1928060000001,22.446
4970,38.2074170000001,14.611
4971,38.2306220000001,23.205
4972,38.2496780000001,19.056
4973,38.2739430000001,24.265
4974,38.2931760000001,19.233
4975,38.3134290000001,20.253
4976,38.3334060000001,19.977
4977,38.3536650000001,20.259
4978,38.3699160000001,16.251
4979,38.3874760000001,17.56
4980,38.4058460000001,18.37
4981,38.4208930000001,15.047
4982,38.4439370000001,23.044
4983,38.4635420000001,19.605
4984,38.4816360000001,18.094
4985,38.4866060000001,4.97
4986,38.4924390000001,5.833
4987,38.4965920000001,4.153
4988,38.5011050000001,4.513
4989,38.5061960000001,5.091
4990,38.5108560000001,4.66
4991,38.5150360000001,4.18
4992,38.5198740000001,4.838
4993,38.5268920000001,7.018
4994,38.5308290000001,3.937
4995,38.5347450000001,3.916
4996,38.5397180000001,4.973
4997,38.5441530000001,4.435
4998,38.5480180000001,3.865
4999,38.5529560000001,4.938
5000,38.5588200000001,5.864
5001,38.5629790000001,4.159
5002,38.5671050000001,4.126
5003,38.5726910000001,5.586
5004,38.5812520000001,8.561
5005,38.5865160000001,5.264
5006,38.5924830000001,5.967
5007,38.5993160000001,6.833
5008,38.6042720000001,4.956
5009,38.6117380000001,7.466
5010,38.6171170000001,5.379
5011,38.6208050000001,3.688
5012,38.6254140000001,4.609
5013,38.6303780000001,4.964
5014,38.6340490000001,3.671
5015,38.6376870000001,3.638
5016,38.6415020000001,3.815
5017,38.6463130000001,4.811
5018,38.6504290000001,4.116
5019,38.6543130000001,3.884
5020,38.6598460000001,5.533
5021,38.6636870000001,3.841
5022,38.6674150000001,3.728
5023,38.6711800000001,3.765
5024,38.6758480000001,4.668
5025,38.6801300000001,4.282
5026,38.6841510000001,4.021
5027,38.6889250000001,4.774
5028,38.6937840000001,4.859
5029,38.6982880000001,4.504
5030,38.7027550000001,4.467
5031,38.7079480000001,5.193
5032,38.7124250000001,4.477
5033,38.7167270000001,4.302
5034,38.7221260000001,5.399
5035,38.7262930000001,4.167
5036,38.7304370000001,4.144
5037,38.7346390000001,4.202
5038,38.7398170000001,5.178
5039,38.7438620000001,4.045
5040,38.7478970000001,4.035
5041,38.7516130000001,3.716
5042,38.7573040000001,5.691
5043,38.7620880000001,4.784
5044,38.7662660000001,4.178
5045,38.7710230000001,4.757
5046,38.7754150000001,4.392
5047,38.7795380000001,4.123
5048,38.7834640000001,3.926
5049,38.7882290000001,4.765
5050,38.7922820000001,4.053
5051,38.7970460000001,4.764
5052,38.8010150000001,3.969
5053,38.8056710000001,4.656
5054,38.8106870000001,5.016
5055,38.8149050000001,4.218
5056,38.8191810000001,4.276
5057,38.8243110000001,5.13
5058,38.8288660000001,4.555
5059,38.8326940000001,3.828
5060,38.8366240000001,3.93
5061,38.8424100000001,5.786
5062,38.8467250000001,4.315
5063,38.8514290000001,4.704
5064,38.8556190000001,4.19
5065,38.8615060000001,5.887
5066,38.8652900000001,3.784
5067,38.8687770000001,3.487
5068,38.8728370000001,4.06
5069,38.8779940000001,5.157
5070,38.8819120000001,3.918
5071,38.8856550000001,3.743
5072,38.8891770000001,3.522
5073,38.8946190000001,5.442
5074,38.8999440000001,5.325
5075,38.9037130000001,3.769
5076,38.9082310000001,4.518
5077,38.9140760000001,5.845
5078,38.9174370000001,3.361
5079,38.9212600000001,3.823
5080,38.9256920000001,4.432
5081,38.9302990000001,4.607
5082,38.9341420000001,3.843
5083,38.9379480000001,3.806
5084,38.9422440000001,4.296
5085,38.9466940000001,4.45
5086,38.9505280000001,3.834
5087,38.9543520000001,3.824
5088,38.9591060000001,4.754
5089,38.9636730000001,4.567
5090,38.9681060000001,4.433
5091,38.9718330000001,3.727
5092,38.9760960000001,4.263
5093,38.9807750000001,4.679
5094,38.9845220000001,3.747
5095,38.9883150000001,3.793
5096,38.9929790000001,4.664
5097,38.9973450000001,4.366
5098,39.0017220000001,4.377
5099,39.0059530000001,4.231
5100,39.0109930000001,5.04
5101,39.0160130000001,5.02
5102,39.0204110000001,4.398
5103,39.0249020000001,4.491
5104,39.0303340000001,5.432
5105,39.0349980000001,4.664
5106,39.0386390000001,3.641
5107,39.0435040000001,4.865
5108,39.0484340000001,4.93
5109,39.0526860000001,4.252
5110,39.0569680000001,4.282
5111,39.0607870000001,3.819
5112,39.0658360000001,5.049
5113,39.0700070000001,4.171
5114,39.0742260000001,4.219
5115,39.0794460000001,5.22
5116,39.0830150000001,3.569
5117,39.0870760000001,4.061
5118,39.0909560000001,3.88
5119,39.0961290000001,5.173
5120,39.0999330000001,3.804
5121,39.1042510000001,4.318
5122,39.1092920000001,5.041
5123,39.1144920000001,5.2
5124,39.1188390000001,4.347
5125,39.1230570000001,4.218
5126,39.1274820000001,4.425
5127,39.1350970000001,7.615
5128,39.1395480000001,4.451
5129,39.1438650000001,4.317
5130,39.1489950000001,5.13
5131,39.1532500000001,4.255
5132,39.1574480000001,4.198
5133,39.1621290000001,4.681
5134,39.1670240000001,4.895
5135,39.1718050000001,4.781
5136,39.1764560000001,4.651
5137,39.1802770000001,3.821
5138,39.1854980000001,5.221
5139,39.1893830000001,3.885
5140,39.1941880000001,4.805
5141,39.1997720000001,5.584
5142,39.2039730000001,4.201
5143,39.2085720000001,4.599
5144,39.2131540000001,4.582
5145,39.2192990000001,6.145
5146,39.2240680000001,4.769
5147,39.2285710000001,4.503
5148,39.2328750000001,4.304
5149,39.2381570000001,5.282
5150,39.2427470000001,4.59
5151,39.2472890000001,4.542
5152,39.2528880000001,5.599
5153,39.2575600000001,4.672
5154,39.2620260000001,4.466
5155,39.2663320000001,4.306
5156,39.2716460000001,5.314
5157,39.2762420000001,4.596
5158,39.2805310000001,4.289
5159,39.2843490000001,3.818
5160,39.2893110000001,4.962
5161,39.2939130000001,4.602
5162,39.2983020000001,4.389
5163,39.3041300000001,5.828
5164,39.3092040000001,5.074
5165,39.3137820000001,4.578
5166,39.3180290000001,4.247
5167,39.3236610000001,5.632
5168,39.3276590000001,3.998
5169,39.3316160000001,3.957
5170,39.3353180000001,3.702
5171,39.3400570000001,4.739
5172,39.3451390000001,5.082
5173,39.3491540000001,4.015
5174,39.3543420000001,5.188
5175,39.3584110000001,4.069
5176,39.3619620000001,3.551
5177,39.3657810000001,3.819
5178,39.3702260000001,4.445
5179,39.3747480000001,4.522
5180,39.3796300000001,4.882
5181,39.3833860000001,3.756
5182,39.3878840000001,4.498
5183,39.3918010000001,3.917
5184,39.3955000000001,3.699
5185,39.3999840000001,4.484
5186,39.4037320000001,3.748
5187,39.4078450000001,4.113
5188,39.4124750000001,4.63
5189,39.4183990000001,5.924
5190,39.4224240000001,4.025
5191,39.4279330000001,5.509
5192,39.4319670000001,4.034
5193,39.4372700000001,5.303
5194,39.4408920000001,3.622
5195,39.4452470000001,4.355
5196,39.4507030000001,5.456
5197,39.4546240000001,3.921
5198,39.4591410000001,4.517
5199,39.4630070000001,3.866
5200,39.4675320000001,4.525
5201,39.4720710000001,4.539
5202,39.4769160000001,4.845
5203,39.4815070000001,4.591
5204,39.4861470000001,4.64
5205,39.4900820000001,3.935
5206,39.4943910000001,4.309
5207,39.4991330000001,4.742
5208,39.5029370000001,3.804
5209,39.5069980000001,4.061
5210,39.5116650000001,4.667
5211,39.5173660000001,5.701
5212,39.5213680000001,4.002
5213,39.5261070000001,4.739
5214,39.5303360000001,4.229
5215,39.5361830000001,5.847
5216,39.5405320000001,4.349
5217,39.5450300000001,4.498
5218,39.5508730000001,5.843
5219,39.5548000000001,3.927
5220,39.5590490000001,4.249
5221,39.5625540000001,3.505
5222,39.5669960000001,4.442
5223,39.5707750000001,3.779
5224,39.5747300000001,3.955
5225,39.5788250000001,4.095
5226,39.5841270000001,5.302
5227,39.5881360000001,4.009
5228,39.5925770000001,4.441
5229,39.5974060000001,4.829
5230,39.6010340000001,3.628
5231,39.6047330000001,3.699
5232,39.6103080000001,5.575
5233,39.6149580000001,4.65
5234,39.6191940000001,4.236
5235,39.6232060000001,4.012
5236,39.6274960000001,4.29
5237,39.6334290000001,5.933
5238,39.6371360000001,3.707
5239,39.6417230000001,4.587
5240,39.6468430000001,5.12
5241,39.6511320000001,4.289
5242,39.6554960000001,4.364
5243,39.6600950000001,4.599
5244,39.6646630000001,4.568
5245,39.6684550000001,3.792
5246,39.6725020000001,4.047
5247,39.6769920000001,4.49
5248,39.6831040000001,6.112
5249,39.6868990000001,3.795
5250,39.6914490000001,4.55
5251,39.6968150000001,5.366
5252,39.7005010000001,3.686
5253,39.7042670000001,3.766
5254,39.7086630000001,4.396
5255,39.7139350000001,5.272
5256,39.7193040000001,5.369
5257,39.7245390000001,5.235
5258,39.7330910000001,8.552
5259,39.7392100000001,6.119
5260,39.7440980000001,4.888
5261,39.7488690000001,4.771
5262,39.7545910000001,5.722
5263,39.7590650000001,4.474
5264,39.7627740000001,3.709
5265,39.7665210000001,3.747
5266,39.7718390000001,5.318
5267,39.7765280000001,4.689
5268,39.7805780000001,4.05
5269,39.7843090000001,3.731
5270,39.7903190000001,6.01
5271,39.7941940000001,3.875
5272,39.7980000000001,3.806
5273,39.8029080000001,4.908
5274,39.8074510000001,4.543
5275,39.8118670000001,4.416
5276,39.8155990000001,3.732
5277,39.8208490000001,5.25
5278,39.8251150000001,4.266
5279,39.8290940000001,3.979
5280,39.8331480000001,4.054
5281,39.8389150000001,5.767
5282,39.8428880000001,3.973
5283,39.8465680000001,3.68
5284,39.8510320000001,4.464
5285,39.8558430000001,4.811
5286,39.8603640000001,4.521
5287,39.8644410000001,4.077
5288,39.8693710000001,4.93
5289,39.8736160000001,4.245
5290,39.8783610000001,4.745
5291,39.8827400000001,4.379
5292,39.8880650000001,5.325
5293,39.8928680000001,4.803
5294,39.8966170000001,3.749
5295,39.9010780000001,4.461
5296,39.9049710000001,3.893
5297,39.9097940000001,4.823
5298,39.9136880000001,3.894
5299,39.9187570000001,5.069
5300,39.9225830000001,3.826
5301,39.9275570000001,4.974
5302,39.9315540000001,3.997
5303,39.9368860000001,5.332
5304,39.9403200000001,3.434
5305,39.9450320000001,4.712
5306,39.9502580000001,5.226
5307,39.9538700000001,3.612
5308,39.9581590000001,4.289
5309,39.9626470000001,4.488
5310,39.9674850000001,4.838
5311,39.9714570000001,3.972
5312,39.9759690000001,4.512
5313,39.9801470000001,4.178
5314,39.9857280000001,5.581
5315,39.9895240000001,3.796
5316,39.9945490000001,5.025
5317,39.9989740000001,4.425
5318,40.0027620000001,3.788
5319,40.0067450000001,3.983
5320,40.0113880000001,4.643
5321,40.0170820000001,5.694
5322,40.0208140000001,3.732
5323,40.0257850000001,4.971
5324,40.0303750000001,4.59
5325,40.0356780000001,5.303
5326,40.0406020000001,4.924
5327,40.0453440000001,4.742
5328,40.0509010000001,5.557
5329,40.0545440000001,3.643
5330,40.0592100000001,4.666
5331,40.0632020000001,3.992
5332,40.0686080000001,5.406
5333,40.0726860000001,4.078
5334,40.0771560000001,4.47
5335,40.0815270000001,4.371
5336,40.0874330000001,5.906
5337,40.0918740000001,4.441
5338,40.0961280000001,4.254
5339,40.1017110000001,5.583
5340,40.1058110000001,4.1
5341,40.1107690000001,4.958
5342,40.1150410000001,4.272
5343,40.1203370000001,5.296
5344,40.1249250000001,4.588
5345,40.1290880000001,4.163
5346,40.1336530000001,4.565
5347,40.1387960000001,5.143
5348,40.1430910000001,4.295
5349,40.1470270000001,3.936
5350,40.1522260000001,5.199
5351,40.1561050000001,3.879
5352,40.1604370000001,4.332
5353,40.1648880000001,4.451
5354,40.1698270000001,4.939
5355,40.1740030000001,4.176
5356,40.1787290000001,4.726
5357,40.1830870000001,4.358
5358,40.1889960000001,5.909
5359,40.1929610000001,3.965
5360,40.1971410000001,4.18
5361,40.2029280000001,5.787
5362,40.2070130000001,4.085
5363,40.2118990000001,4.886
5364,40.2159320000001,4.033
5365,40.2209410000001,5.009
5366,40.2249960000001,4.055
5367,40.2289620000001,3.966
5368,40.2328030000001,3.841
5369,40.2376040000001,4.801
5370,40.2424500000001,4.846
5371,40.2469290000001,4.479
5372,40.2526100000001,5.681
5373,40.2571340000001,4.524
5374,40.2613740000001,4.24
5375,40.2655240000001,4.15
5376,40.2715970000001,6.073
5377,40.2757860000001,4.189
5378,40.2801630000001,4.377
5379,40.2839270000001,3.764
5380,40.2894700000001,5.543
5381,40.2935200000001,4.05
5382,40.2974060000001,3.886
5383,40.3036360000001,6.23
5384,40.3075740000001,3.938
5385,40.3114110000001,3.837
5386,40.3151420000001,3.731
5387,40.3199670000001,4.825
5388,40.3247940000001,4.827
5389,40.3291250000001,4.331
5390,40.3332120000001,4.087
5391,40.3389820000001,5.77
5392,40.3433090000001,4.327
5393,40.3476970000001,4.388
5394,40.3532620000001,5.565
5395,40.3575680000001,4.306
5396,40.3614880000001,3.92
5397,40.3657490000001,4.261
5398,40.3708590000001,5.11
5399,40.3755180000001,4.659
5400,40.3796990000001,4.181
5401,40.3837250000001,4.026
5402,40.3895500000001,5.825
5403,40.3937360000001,4.186
5404,40.3983120000001,4.576
5405,40.4038550000001,5.543
5406,40.4088440000001,4.989
5407,40.4128980000001,4.054
5408,40.4167960000001,3.898
5409,40.4223190000001,5.523
5410,40.4262560000001,3.937
5411,40.4301820000001,3.926
5412,40.4343720000001,4.19
5413,40.4396210000001,5.249
5414,40.4433550000001,3.734
5415,40.4477160000001,4.361
5416,40.4534710000001,5.755
5417,40.4578270000001,4.356
5418,40.4623440000001,4.517
5419,40.4664100000001,4.066
5420,40.4721860000001,5.776
5421,40.4764310000001,4.245
5422,40.4805610000001,4.13
5423,40.4847050000001,4.144
5424,40.4902640000001,5.559
5425,40.4947220000001,4.458
5426,40.4990970000001,4.375
5427,40.5043890000001,5.292
5428,40.5089870000001,4.598
5429,40.5134930000001,4.506
5430,40.5178560000001,4.363
5431,40.5236500000001,5.794
5432,40.5272770000001,3.627
5433,40.5309780000001,3.701
5434,40.5345030000001,3.525
5435,40.5395800000001,5.077
5436,40.5441190000001,4.539
5437,40.5484390000001,4.32
5438,40.5543220000001,5.883
5439,40.5584690000001,4.147
5440,40.5624780000001,4.009
5441,40.5660500000001,3.572
5442,40.5708050000001,4.755
5443,40.5749710000001,4.166
5444,40.5793580000001,4.387
5445,40.5833250000001,3.967
5446,40.5886370000001,5.312
5447,40.5923590000001,3.722
5448,40.5963290000001,3.97
5449,40.6011450000001,4.816
5450,40.6051500000001,4.005
5451,40.6086310000001,3.481
5452,40.6138980000001,5.267
5453,40.6196180000001,5.72
5454,40.6240220000001,4.404
5455,40.6279150000001,3.893
5456,40.6319860000001,4.071
5457,40.6368910000001,4.905
5458,40.6411620000001,4.271
5459,40.6458250000001,4.663
5460,40.6506790000001,4.854
5461,40.6554800000001,4.801
5462,40.6592040000001,3.724
5463,40.6637670000001,4.563
5464,40.6689710000001,5.204
5465,40.6733310000001,4.36
5466,40.6781330000001,4.802
5467,40.6828530000001,4.72
5468,40.6885720000001,5.719
5469,40.6925890000001,4.017
5470,40.6972040000001,4.615
5471,40.7018550000001,4.651
5472,40.7065700000001,4.715
5473,40.7107050000001,4.135
5474,40.7154160000001,4.711
5475,40.7221220000001,6.706
5476,40.7259050000001,3.783
5477,40.7300120000001,4.107
5478,40.7338000000001,3.788
5479,40.7392010000001,5.401
5480,40.7431290000001,3.928
5481,40.7474780000001,4.349
5482,40.7530470000001,5.569
5483,40.7571690000001,4.122
5484,40.7613080000001,4.139
5485,40.7653760000001,4.068
5486,40.7705590000001,5.183
5487,40.7746160000001,4.057
5488,40.7782110000001,3.595
5489,40.7824070000001,4.196
5490,40.7877350000001,5.328
5491,40.7920720000001,4.337
5492,40.7961750000001,4.103
5493,40.8010070000001,4.832
5494,40.8055760000001,4.569
5495,40.8098070000001,4.231
5496,40.8142380000001,4.431
5497,40.8200440000001,5.806
5498,40.8247520000001,4.708
5499,40.8288520000001,4.1
5500,40.8326030000001,3.751
5501,40.8380100000001,5.407
5502,40.8417970000001,3.787
5503,40.8457810000001,3.984
5504,40.8509460000001,5.165
5505,40.8558500000001,4.904
5506,40.8603040000001,4.454
5507,40.8647040000001,4.4
5508,40.8735410000001,8.837
5509,40.8779980000001,4.457
5510,40.8830500000001,5.052
5511,40.8890110000001,5.961
5512,40.8941420000001,5.131
5513,40.8974630000001,3.321
5514,40.9012830000001,3.82
5515,40.9071840000001,5.901
5516,40.9112030000001,4.019
5517,40.9151350000001,3.932
5518,40.9208420000001,5.707
5519,40.9245360000001,3.694
5520,40.9287390000001,4.203
5521,40.9327200000001,3.981
5522,40.9385020000001,5.782
5523,40.9428030000001,4.301
5524,40.9469670000001,4.164
5525,40.9527040000001,5.737
5526,40.9570700000001,4.366
5527,40.9623140000001,5.244
5528,40.9660420000001,3.728
5529,40.9718610000001,5.819
5530,40.9762670000001,4.406
5531,40.9803440000001,4.077
5532,40.9863710000001,6.027
5533,40.9906450000001,4.274
5534,40.9949230000001,4.278
5535,40.9987730000001,3.85
5536,41.0047140000001,5.941
5537,41.0087930000001,4.079
5538,41.0132810000001,4.488
5539,41.0195840000001,6.303
5540,41.0240260000001,4.442
5541,41.0280600000001,4.034
5542,41.0315330000001,3.473
5543,41.0359530000001,4.42
5544,41.0403870000001,4.434
5545,41.0444240000001,4.037
5546,41.0494830000001,5.059
5547,41.0545190000001,5.036
5548,41.0587880000001,4.269
5549,41.0626640000001,3.876
5550,41.0690690000001,6.405
5551,41.0731100000001,4.041
5552,41.0769540000001,3.844
5553,41.0817410000001,4.787
5554,41.0856650000001,3.924
5555,41.0900430000001,4.378
5556,41.0936340000001,3.591
5557,41.0979860000001,4.352
5558,41.1019220000001,3.936
5559,41.1064860000001,4.564
5560,41.1104480000001,3.962
5561,41.1166240000001,6.176
5562,41.1216180000001,4.994
5563,41.1290340000001,7.416
5564,41.1338520000001,4.818
5565,41.1383670000001,4.515
5566,41.1425220000001,4.155
5567,41.1478020000001,5.28
5568,41.1532660000001,5.464
5569,41.1584620000001,5.196
5570,41.1628270000001,4.365
5571,41.1684670000001,5.64
5572,41.1729120000001,4.445
5573,41.1777210000001,4.809
5574,41.1817120000001,3.991
5575,41.1875320000001,5.82
5576,41.1925900000001,5.058
5577,41.1972450000001,4.655
5578,41.2030180000001,5.773
5579,41.2076070000001,4.589
5580,41.2131970000001,5.59
5581,41.2169960000001,3.799
5582,41.2233280000001,6.332
5583,41.2282770000001,4.949
5584,41.2325220000001,4.245
5585,41.2371820000001,4.66
5586,41.2411000000001,3.918
5587,41.2444610000001,3.361
5588,41.2482780000001,3.817
5589,41.2531570000001,4.879
5590,41.2576860000001,4.529
5591,41.2628100000001,5.124
5592,41.2674880000001,4.678
5593,41.2735540000001,6.066
5594,41.2778250000001,4.271
5595,41.2821390000001,4.314
5596,41.2871400000001,5.001
5597,41.2915740000001,4.434
5598,41.2962930000001,4.719
5599,41.3011950000001,4.902
5600,41.3054890000001,4.294
5601,41.3103080000001,4.819
5602,41.3148110000001,4.503
5603,41.3202720000001,5.461
5604,41.3239590000001,3.687
5605,41.3288010000001,4.842
5606,41.3340730000001,5.272
5607,41.3381550000001,4.082
5608,41.3424730000001,4.318
5609,41.3466600000001,4.187
5610,41.3511840000001,4.524
5611,41.3549150000001,3.731
5612,41.3587630000001,3.848
5613,41.3637920000001,5.029
5614,41.3677470000001,3.955
5615,41.3717720000001,4.025
5616,41.3761460000001,4.374
5617,41.3815360000001,5.39
5618,41.3858000000001,4.264
5619,41.3901600000001,4.36
5620,41.3943370000001,4.177
5621,41.3996990000001,5.362
5622,41.4038790000001,4.18
5623,41.4080150000001,4.136
5624,41.4146230000001,6.608
5625,41.4183120000001,3.689
5626,41.4224780000001,4.166
5627,41.4271220000001,4.644
5628,41.4319780000001,4.856
5629,41.4362140000001,4.236
5630,41.4398970000001,3.683
5631,41.4444440000001,4.547
5632,41.4492700000001,4.826
5633,41.4530550000001,3.785
5634,41.4572590000001,4.204
5635,41.4628450000001,5.586
5636,41.4674590000001,4.614
5637,41.4716290000001,4.17
5638,41.4759780000001,4.349
5639,41.4811190000001,5.141
5640,41.4851650000001,4.046
5641,41.4891380000001,3.973
5642,41.4937020000001,4.564
5643,41.4984780000001,4.776
5644,41.5030750000001,4.597
5645,41.5078420000001,4.767
5646,41.5137370000001,5.895
5647,41.5184400000001,4.703
5648,41.5230250000001,4.585
5649,41.5276460000001,4.621
5650,41.5331750000001,5.529
5651,41.5374290000001,4.254
5652,41.5417130000001,4.284
5653,41.5474970000001,5.784
5654,41.5514950000001,3.998
5655,41.5555440000001,4.049
5656,41.5604790000001,4.935
5657,41.5649320000001,4.453
5658,41.5687800000001,3.848
5659,41.5730230000001,4.243
5660,41.5775000000001,4.477
5661,41.5829260000001,5.426
5662,41.5869730000001,4.047
5663,41.5912530000001,4.28
5664,41.5968950000001,5.642
5665,41.6009060000001,4.011
5666,41.6056330000001,4.727
5667,41.6103440000001,4.711
5668,41.6155220000001,5.178
5669,41.6195760000001,4.054
5670,41.6247530000001,5.177
5671,41.6305370000001,5.784
5672,41.6346860000001,4.149
5673,41.6380810000001,3.395
5674,41.6500910000001,12.01
5675,41.6719950000001,21.904
5676,41.6871530000001,15.158
5677,41.7074860000001,20.333
5678,41.7278530000001,20.367
5679,41.7486900000001,20.837
5680,41.7642570000001,15.567
5681,41.7829690000001,18.712
5682,41.8050630000001,22.094
5683,41.8202910000001,15.228
5684,41.8442450000001,23.954
5685,41.8627520000001,18.507
5686,41.8869510000001,24.199
5687,41.9067790000001,19.828
5688,41.9272240000001,20.445
5689,41.9435430000001,16.319
5690,41.9616850000001,18.142
5691,41.9838580000001,22.173
5692,41.9987720000001,14.914
5693,42.0222920000001,23.52
5694,42.0381630000001,15.871
5695,42.0595310000001,21.368
5696,42.0792490000001,19.718
5697,42.0996030000001,20.354
5698,42.1151770000001,15.574
5699,42.1338940000001,18.717
5700,42.1568010000001,22.907
5701,42.1711040000001,14.303
5702,42.1943030000001,23.199
5703,42.2136470000001,19.344
5704,42.2372800000001,23.633
5705,42.2574430000001,20.163
5706,42.2804280000001,22.985
5707,42.2974190000001,16.991
5708,42.3132610000001,15.842
5709,42.3319350000001,18.674
5710,42.3538910000001,21.956
5711,42.3690040000001,15.113
5712,42.3932580000001,24.254
5713,42.4116670000001,18.409
5714,42.4375550000001,25.888
5715,42.4555550000001,18.0
5716,42.4739960000001,18.441
5717,42.4941660000001,20.17
5718,42.5151820000001,21.016
5719,42.5303950000001,15.213
5720,42.5491890000001,18.794
5721,42.5712730000001,22.084
5722,42.5863400000001,15.067
5723,42.6096150000001,23.275
5724,42.6289230000001,19.308
5725,42.6536130000001,24.69
5726,42.6722590000001,18.646
5727,42.6925000000001,20.241
5728,42.7080110000001,15.511
5729,42.7230600000001,15.049
5730,42.7474100000001,24.35
5731,42.7629530000001,15.543
5732,42.7831300000001,20.177
5733,42.8036510000001,20.521
5734,42.8192360000001,15.585
5735,42.8426990000001,23.463
5736,42.8620080000001,19.309
5737,42.8865780000001,24.57
5738,42.9057880000001,19.21
5739,42.9249030000001,19.115
5740,42.9400940000001,15.191
5741,42.9590060000001,18.912
5742,42.9809890000001,21.983
5743,42.9970230000001,16.034
5744,43.0198690000001,22.846
5745,43.0389300000001,19.061
5746,43.0611880000001,22.258
5747,43.0810220000001,19.834
5748,43.0975110000001,16.489
5749,43.1159930000001,18.482
5750,43.1378530000001,21.86
5751,43.1527700000001,14.917
5752,43.1761590000001,23.389
5753,43.1954650000001,19.306
5754,43.2193470000001,23.882
5755,43.2392820000001,19.935
5756,43.2591720000001,19.89
5757,43.2748520000001,15.68
5758,43.2935470000001,18.695
5759,43.3158540000001,22.307
5760,43.3310790000001,15.225
5761,43.3550990000001,24.02
5762,43.3737500000001,18.651
5763,43.3936910000001,19.941
5764,43.4096550000001,15.964
5765,43.4288540000001,19.199
5766,43.4472890000001,18.435
5767,43.4636410000001,16.352
5768,43.4818520000001,18.211
5769,43.5042900000001,22.438
5770,43.5195890000001,15.299
5771,43.5432990000001,23.71
5772,43.5626920000001,19.393
5773,43.5852780000001,22.586
5774,43.6047550000001,19.477
5775,43.6252650000001,20.51
5776,43.6460210000001,20.756
5777,43.6616330000001,15.612
5778,43.6805620000001,18.929
5779,43.7035810000001,23.019
5780,43.7180160000001,14.435
5781,43.7417720000001,23.756
5782,43.7610130000001,19.241
5783,43.7832900000001,22.277
5784,43.8034440000001,20.154
5785,43.8198620000001,16.418
5786,43.8381450000001,18.283
5787,43.8607380000001,22.593
5788,43.8767920000001,16.054
5789,43.9002040000001,23.412
5790,43.9196260000001,19.422
5791,43.9443060000001,24.68
5792,43.9637840000001,19.478
5793,43.9844040000001,20.62
5794,44.0004190000001,16.015
5795,44.0194590000001,19.04
5796,44.0425430000001,23.084
5797,44.0571880000001,14.645
5798,44.0807230000001,23.535
5799,44.0997040000001,18.981
5800,44.1219640000001,22.26
5801,44.1410330000001,19.069
5802,44.1609740000001,19.941
5803,44.1766490000001,15.675
5804,44.1951580000001,18.509
5805,44.2173490000001,22.191
5806,44.2317670000001,14.418
5807,44.2546760000001,22.909
5808,44.2734780000001,18.802
5809,44.2928110000001,19.333
5810,44.3138550000001,21.044
5811,44.3284960000001,14.641
5812,44.3468670000001,18.371
5813,44.3684730000001,21.606
5814,44.3833830000001,14.91
5815,44.4066230000001,23.24
5816,44.4210240000001,14.401
5817,44.4449340000001,23.91
5818,44.4597250000001,14.791
5819,44.4780680000001,18.343
5820,44.4998580000001,21.79
5821,44.5151080000001,15.25
5822,44.5382820000001,23.174
5823,44.5567030000001,18.421
5824,44.5803330000001,23.63
5825,44.5998130000001,19.48
5826,44.6198090000001,19.996
5827,44.6352740000001,15.465
5828,44.6538960000001,18.622
5829,44.6761520000001,22.256
5830,44.6905630000001,14.411
5831,44.7135830000001,23.02
5832,44.7325460000001,18.963
5833,44.7518670000001,19.321
5834,44.7719380000001,20.071
5835,44.7876720000001,15.734
5836,44.7966950000001,9.023
5837,44.8005760000001,3.881
5838,44.8055460000001,4.97
5839,44.8090280000001,3.482
5840,44.8124600000001,3.432
5841,44.8160320000001,3.572
5842,44.8196440000001,3.612
5843,44.8249450000001,5.301
5844,44.8285080000001,3.563
5845,44.8320340000001,3.526
5846,44.8356900000001,3.656
5847,44.8403270000001,4.637
5848,44.8443390000001,4.012
5849,44.8480620000001,3.723
5850,44.8517080000001,3.646
5851,44.8551700000001,3.462
5852,44.8613450000001,6.175
5853,44.8648580000001,3.513
5854,44.8686510000001,3.793
5855,44.8725940000001,3.943
5856,44.8768990000001,4.305
5857,44.8803370000001,3.438
5858,44.8835400000001,3.203
5859,44.8871070000001,3.567
5860,44.8918960000001,4.789
5861,44.8965000000001,4.604
5862,44.9000340000001,3.534
5863,44.9035510000001,3.517
5864,44.9075720000001,4.021
5865,44.9125040000001,4.932
5866,44.9159280000001,3.424
5867,44.9199870000001,4.059
5868,44.9243380000001,4.351
5869,44.9280980000001,3.76
5870,44.9328180000001,4.72
5871,44.9363670000001,3.549
5872,44.9399800000001,3.613
5873,44.9432710000001,3.291
5874,44.9478140000001,4.543
5875,44.9511820000001,3.368
5876,44.9549610000001,3.779
5877,44.9596710000001,4.71
5878,44.9643160000001,4.645
5879,44.9679380000001,3.622
5880,44.9716110000001,3.673
5881,44.9757780000001,4.167
5882,44.9802160000001,4.438
5883,44.9836340000001,3.418
5884,44.9874170000001,3.783
5885,44.9924500000001,5.033
5886,44.9970980000001,4.648
5887,45.0004920000001,3.394
5888,45.0041350000001,3.643
5889,45.0092340000001,5.099
5890,45.0136880000001,4.454
5891,45.0176230000001,3.935
5892,45.0212540000001,3.631
5893,45.0260170000001,4.763
5894,45.0305390000001,4.522
5895,45.0339620000001,3.423
5896,45.0377940000001,3.832
5897,45.0425050000001,4.711
5898,45.0473690000001,4.864
5899,45.0507370000001,3.368
5900,45.0543360000001,3.599
5901,45.0591530000001,4.817
5902,45.0636610000001,4.508
5903,45.0667710000001,3.11
5904,45.0703010000001,3.53
5905,45.0748060000001,4.505
5906,45.0795280000001,4.722
5907,45.0826370000001,3.109
5908,45.0858800000001,3.243
5909,45.0895100000001,3.63
5910,45.0943340000001,4.824
5911,45.0992540000001,4.92
5912,45.1033750000001,4.121
5913,45.1068560000001,3.481
5914,45.1106520000001,3.796
5915,45.1157730000001,5.121
5916,45.1190650000001,3.292
5917,45.1226280000001,3.563
5918,45.1271130000001,4.485
5919,45.1328670000001,5.754
5920,45.1368740000001,4.007
5921,45.1406040000001,3.73
5922,45.1442640000001,3.66
5923,45.1488840000001,4.62
5924,45.1526610000001,3.777
5925,45.1563660000001,3.705
5926,45.1598000000001,3.434
5927,45.1645050000001,4.705
5928,45.1685130000001,4.008
5929,45.1721240000001,3.611
5930,45.1754840000001,3.36
5931,45.1802320000001,4.748
5932,45.1831840000001,2.952
5933,45.1867060000001,3.522
5934,45.1910880000001,4.382
5935,45.1948540000001,3.766
5936,45.1994980000001,4.644
5937,45.2034540000001,3.956
5938,45.2071290000001,3.675
5939,45.2111770000001,4.048
5940,45.2158470000001,4.67
5941,45.2201200000001,4.273
5942,45.2243160000001,4.196
5943,45.2277910000001,3.475
5944,45.2325150000001,4.724
5945,45.2361290000001,3.614
5946,45.2398020000001,3.673
5947,45.2430190000001,3.217
5948,45.2474270000001,4.408
5949,45.2507440000001,3.317
5950,45.2542610000001,3.517
5951,45.2588800000001,4.619
5952,45.2634840000001,4.604
5953,45.2670460000001,3.562
5954,45.2709950000001,3.949
5955,45.2747790000001,3.784
5956,45.2795850000001,4.806
5957,45.2828150000001,3.23
5958,45.2861880000001,3.373
5959,45.2908870000001,4.699
5960,45.2944060000001,3.519
5961,45.2988440000001,4.438
5962,45.3024980000001,3.654
5963,45.3063150000001,3.817
5964,45.3098370000001,3.522
5965,45.3144370000001,4.6
5966,45.3179490000001,3.512
5967,45.3217530000001,3.804
5968,45.3256350000001,3.882
5969,45.3301890000001,4.554
5970,45.3342580000001,4.069
5971,45.3385170000001,4.259
5972,45.3417650000001,3.248
5973,45.3449680000001,3.203
5974,45.3493600000001,4.392
5975,45.3528190000001,3.459
5976,45.3558460000001,3.027
5977,45.3604080000001,4.562
5978,45.3650140000001,4.606
5979,45.3686110000001,3.597
5980,45.3721760000001,3.565
5981,45.3761300000001,3.954
5982,45.3806300000001,4.5
5983,45.3838030000001,3.173
5984,45.3874910000001,3.688
5985,45.3926650000001,5.174
5986,45.3976300000001,4.965
5987,45.4048280000001,7.198
5988,45.4083910000001,3.563
5989,45.4125560000001,4.165
5990,45.4178900000001,5.334
5991,45.4222280000001,4.338
5992,45.4262340000001,4.006
5993,45.4305020000001,4.268
5994,45.4352360000001,4.734
5995,45.4390420000001,3.806
5996,45.4424810000001,3.439
5997,45.4456240000001,3.143
5998,45.4494990000001,3.875
5999,45.4534870000001,3.988
6000,45.4564940000001,3.007
6001,45.4603040000001,3.81
6002,45.4650500000001,4.746
6003,45.4682770000001,3.227
6004,45.4715230000001,3.246
6005,45.4762640000001,4.741
6006,45.4805780000001,4.314
6007,45.4836810000001,3.103
6008,45.4872460000001,3.565
6009,45.4920820000001,4.836
6010,45.4967390000001,4.657
6011,45.5001290000001,3.39
6012,45.5034220000001,3.293
6013,45.5084290000001,5.007
6014,45.5117340000001,3.305
6015,45.5163020000001,4.568
6016,45.5198830000001,3.581
6017,45.5237630000001,3.88
6018,45.5276400000001,3.877
6019,45.5323080000001,4.668
6020,45.5363730000001,4.065
6021,45.5402320000001,3.859
6022,45.5433520000001,3.12
6023,45.5472360000001,3.884
6024,45.5505480000001,3.312
6025,45.5540420000001,3.494
6026,45.5584160000001,4.374
6027,45.5630270000001,4.611
6028,45.5657590000001,2.732
6029,45.5692070000001,3.448
6030,45.5726760000001,3.469
6031,45.5773150000001,4.639
6032,45.5821640000001,4.849
6033,45.5858610000001,3.697
6034,45.5895930000001,3.732
6035,45.5929530000001,3.36
6036,45.5972370000001,4.284
6037,45.6001650000001,2.928
6038,45.6035430000001,3.378
6039,45.6083880000001,4.845
6040,45.6126780000001,4.29
6041,45.6156710000001,2.993
6042,45.6192720000001,3.601
6043,45.6226120000001,3.34
6044,45.6275430000001,4.931
6045,45.6315570000001,4.014
6046,45.6349430000001,3.386
6047,45.6380930000001,3.15
6048,45.6427690000001,4.676
6049,45.6471060000001,4.337
6050,45.6501330000001,3.027
6051,45.6534980000001,3.365
6052,45.6586300000001,5.132
6053,45.6632700000001,4.64
6054,45.6662810000001,3.011
6055,45.6694860000001,3.205
6056,45.6739640000001,4.478
6057,45.6779500000001,3.986
6058,45.6825970000001,4.647
6059,45.6864210000001,3.824
6060,45.6899990000001,3.578
6061,45.6935150000001,3.516
6062,45.6978170000001,4.302
6063,45.7010890000001,3.272
6064,45.7041840000001,3.095
6065,45.7094460000001,5.262
6066,45.7142280000001,4.782
6067,45.7177730000001,3.545
6068,45.7213270000001,3.554
6069,45.7249940000001,3.667
6070,45.7284040000001,3.41
6071,45.7330850000001,4.681
6072,45.7364190000001,3.334
6073,45.7410200000001,4.601
6074,45.7449130000001,3.893
6075,45.7495880000001,4.675
6076,45.7535320000001,3.944
6077,45.7567270000001,3.195
6078,45.7601990000001,3.472
6079,45.7649310000001,4.732
6080,45.7681300000001,3.199
6081,45.7711820000001,3.052
6082,45.7761320000001,4.95
6083,45.7804140000001,4.282
6084,45.7846250000001,4.211
6085,45.7879360000001,3.311
6086,45.7916090000001,3.673
6087,45.7961810000001,4.572
6088,45.7990060000001,2.825
6089,45.8024980000001,3.492
6090,45.8060090000001,3.511
6091,45.8104610000001,4.452
6092,45.8151450000001,4.684
6093,45.8191500000001,4.005
6094,45.8224540000001,3.304
6095,45.8261200000001,3.666
6096,45.8305840000001,4.464
6097,45.8338190000001,3.235
6098,45.8371300000001,3.311
6099,45.8418160000001,4.686
6100,45.8464570000001,4.641
6101,45.8499180000001,3.461
6102,45.8534920000001,3.574
6103,45.8580220000001,4.53
6104,45.8616440000001,3.622
6105,45.8661100000001,4.466
6106,45.8696930000001,3.583
6107,45.8738150000001,4.122
6108,45.8774250000001,3.61
6109,45.8822080000001,4.783
6110,45.8859950000001,3.787
6111,45.8896560000001,3.661
6112,45.8929230000001,3.267
6113,45.8975210000001,4.598
6114,45.9006020000001,3.081
6115,45.9035880000001,2.986
6116,45.9083460000001,4.758
6117,45.9129460000001,4.6
6118,45.9158340000001,2.888
6119,45.9211280000001,5.294
6120,45.9247130000001,3.585
6121,45.9280730000001,3.36
6122,45.9324200000001,4.347
6123,45.9355930000001,3.173
6124,45.9385510000001,2.958
6125,45.9429510000001,4.4
6126,45.9473710000001,4.42
6127,45.9503510000001,2.98
6128,45.9551820000001,4.831
6129,45.9586010000001,3.419
6130,45.9630170000001,4.416
6131,45.9661420000001,3.125
6132,45.9693260000001,3.184
6133,45.9740150000001,4.689
6134,45.9779070000001,3.892
6135,45.9823040000001,4.397
6136,45.9856420000001,3.338
6137,45.9891260000001,3.484
6138,45.9930390000001,3.913
6139,45.9976030000001,4.564
6140,46.0005390000001,2.936
6141,46.0038600000001,3.321
6142,46.0090090000001,5.149
6143,46.0135020000001,4.493
6144,46.0164200000001,2.918
6145,46.0202100000001,3.79
6146,46.0251300000001,4.92
6147,46.0296360000001,4.506
6148,46.0328700000001,3.234
6149,46.0362930000001,3.423
6150,46.0414510000001,5.158
6151,46.0449070000001,3.456
6152,46.0493250000001,4.418
6153,46.0526830000001,3.358
6154,46.0571290000001,4.446
6155,46.0607380000001,3.609
6156,46.0654710000001,4.733
6157,46.0687830000001,3.312
6158,46.0721430000001,3.36
6159,46.0759820000001,3.839
6160,46.0808660000001,4.884
6161,46.0843380000001,3.472
6162,46.0872580000001,2.92
6163,46.0919680000001,4.71
6164,46.0966880000001,4.72
6165,46.0995710000001,2.883
6166,46.1033830000001,3.812
6167,46.1084500000001,5.067
6168,46.1131910000001,4.741
6169,46.1158540000001,2.663
6170,46.1193940000001,3.54
6171,46.1245190000001,5.125
6172,46.1296920000001,5.173
6173,46.1329820000001,3.29
6174,46.1365480000001,3.566
6175,46.1410130000001,4.465
6176,46.1449650000001,3.952
6177,46.1491490000001,4.184
6178,46.1524430000001,3.294
6179,46.1569720000001,4.529
6180,46.1603840000001,3.412
6181,46.1646910000001,4.307
6182,46.1679440000001,3.253
6183,46.1712460000001,3.302
6184,46.1762670000001,5.021
6185,46.1805190000001,4.252
6186,46.1832680000001,2.749
6187,46.1867920000001,3.524
6188,46.1920580000001,5.266
6189,46.1967390000001,4.681
6190,46.1999320000001,3.193
6191,46.2032400000001,3.308
6192,46.2081560000001,4.916
6193,46.2131390000001,4.983
6194,46.2158300000001,2.691
6195,46.2192490000001,3.419
6196,46.2237160000001,4.467
6197,46.2275440000001,3.828
6198,46.2317230000001,4.179
6199,46.2348530000001,3.13
6200,46.2382080000001,3.355
6201,46.2431480000001,4.94
6202,46.2480550000001,4.907
6203,46.2508410000001,2.786
6204,46.2545920000001,3.751
6205,46.2590630000001,4.471
6206,46.2637420000001,4.679
6207,46.2667750000001,3.033
6208,46.2699170000001,3.142
6209,46.2752240000001,5.307
6210,46.2798950000001,4.671
6211,46.2826670000001,2.772
6212,46.2861580000001,3.491
6213,46.2907370000001,4.579
6214,46.2944750000001,3.738
6215,46.2990120000001,4.537
6216,46.3023280000001,3.316
6217,46.3067210000001,4.393
6218,46.3103020000001,3.581
6219,46.3149230000001,4.621
6220,46.3198610000001,4.938
6221,46.3230740000001,3.213
6222,46.3266570000001,3.583
6223,46.3341120000001,7.455
6224,46.3372850000001,3.173
6225,46.3404720000001,3.187
6226,46.3432830000001,2.811
6227,46.3476840000001,4.401
6228,46.3517000000001,4.016
6229,46.3546660000001,2.966
6230,46.3574960000001,2.83
6231,46.3609330000001,3.437
6232,46.3654990000001,4.566
6233,46.3690290000001,3.53
6234,46.3790040000001,9.975
6235,46.3946320000001,15.628
6236,46.4176910000001,23.059
6237,46.4294630000001,11.772
6238,46.4475380000001,18.075
6239,46.4656570000001,18.119
6240,46.4805550000001,14.898
6241,46.5032860000001,22.731
6242,46.5178060000001,14.52
6243,46.5331350000001,15.329
6244,46.5512680000001,18.133
6245,46.5729310000001,21.663
6246,46.5866330000001,13.702
6247,46.6094640000001,22.831
6248,46.6239200000001,14.456
6249,46.6389940000001,15.074
6250,46.6571120000001,18.118
6251,46.6750440000001,17.932
6252,46.6898830000001,14.839
6253,46.7078660000001,17.983
6254,46.7253020000001,17.436
6255,46.7399930000001,14.691
6256,46.7584490000001,18.456
6257,46.7757940000001,17.345
6258,46.7905870000001,14.793
6259,46.8085620000001,17.975
6260,46.8259260000001,17.364
6261,46.8409460000001,15.02
6262,46.8590110000001,18.065
6263,46.8765380000001,17.527
6264,46.8914150000001,14.877
6265,46.9095710000001,18.156
6266,46.9271420000001,17.571
6267,46.9419510000001,14.809
6268,46.9601990000001,18.248
6269,46.9777300000001,17.531
6270,46.9925070000001,14.777
6271,47.0106980000001,18.191
6272,47.0281820000001,17.484
6273,47.0432800000001,15.098
6274,47.0613000000001,18.02
6275,47.0788840000001,17.584
6276,47.0938120000001,14.928
6277,47.1118970000001,18.085
6278,47.1295910000001,17.694
6279,47.1444460000001,14.855
6280,47.1622890000001,17.843
6281,47.1838640000001,21.575
6282,47.1979800000001,14.116
6283,47.2161220000001,18.142
6284,47.2337870000001,17.665
6285,47.2484710000001,14.684
6286,47.2666880000001,18.217
6287,47.2840030000001,17.315
6288,47.2990420000001,15.039
6289,47.3171090000001,18.067
6290,47.3344550000001,17.346
6291,47.3495780000001,15.123
6292,47.3677190000001,18.141
6293,47.3851150000001,17.396
6294,47.4001810000001,15.066
6295,47.4184940000001,18.313
6296,47.4361380000001,17.644
6297,47.4507780000001,14.64
6298,47.4690200000001,18.242
6299,47.4864550000001,17.435
6300,47.5017430000001,15.288
6301,47.5198780000001,18.135
6302,47.5373290000001,17.451
6303,47.5526500000001,15.321
6304,47.5708700000001,18.22
6305,47.5923790000001,21.509
6306,47.6068220000001,14.443
6307,47.6250700000001,18.248
6308,47.6427790000001,17.709
6309,47.6579850000001,15.206
6310,47.6761510000001,18.166
6311,47.6938130000001,17.662
6312,47.7081760000001,14.363
6313,47.7266840000001,18.508
6314,47.7447400000001,18.056
6315,47.7600420000001,15.302
6316,47.7785880000001,18.546
6317,47.7966680000001,18.08
6318,47.8115260000001,14.858
6319,47.8302500000001,18.724
6320,47.8477990000001,17.549
6321,47.8631270000001,15.328
6322,47.8814870000001,18.36
6323,47.8991220000001,17.635
6324,47.9140760000001,14.954
6325,47.9322620000001,18.186
6326,47.9503730000001,18.111
6327,47.9548330000001,4.46
6328,47.9578820000001,3.049
6329,47.9613750000001,3.493
6330,47.9646340000001,3.259
6331,47.9682150000001,3.581
6332,47.9735940000001,5.379
6333,47.9763180000001,2.724
6334,47.9797360000001,3.418
6335,47.9835500000001,3.814
6336,47.9866610000001,3.111
6337,47.9928690000001,6.208
6338,47.9959150000001,3.046
6339,47.9990480000001,3.133
6340,48.0022640000001,3.216
6341,48.0071540000001,4.89
6342,48.0117030000001,4.549
6343,48.0145260000001,2.823
6344,48.0177240000001,3.198
6345,48.0222590000001,4.535
6346,48.0259350000001,3.676
6347,48.0302280000001,4.293
6348,48.0329630000001,2.735
6349,48.0364630000001,3.5
6350,48.0410470000001,4.584
6351,48.0447290000001,3.682
6352,48.0493940000001,4.665
6353,48.0524320000001,3.038
6354,48.0563260000001,3.894
6355,48.0598620000001,3.536
6356,48.0643150000001,4.453
6357,48.0691550000001,4.84
6358,48.0717960000001,2.641
6359,48.0751560000001,3.36
6360,48.0786520000001,3.496
6361,48.0831200000001,4.468
6362,48.0860390000001,2.919
6363,48.0914550000001,5.416
6364,48.0942780000001,2.823
6365,48.0984420000001,4.164
6366,48.1014750000001,3.033
6367,48.1060950000001,4.62
6368,48.1097900000001,3.695
6369,48.1131420000001,3.352
6370,48.1175480000001,4.406
6371,48.1204560000001,2.908
6372,48.1249650000001,4.509
6373,48.1285880000001,3.623
6374,48.1333840000001,4.796
6375,48.1363890000001,3.005
6376,48.1403330000001,3.944
6377,48.1435480000001,3.215
6378,48.1472290000001,3.681
6379,48.1517950000001,4.566
6380,48.1543520000001,2.557
6381,48.1587000000001,4.348
6382,48.1623840000001,3.684
6383,48.1666460000001,4.262
6384,48.1694870000001,2.841
6385,48.1742850000001,4.798
6386,48.1779660000001,3.681
6387,48.1811860000001,3.22
6388,48.1856070000001,4.421
6389,48.1890450000001,3.438
6390,48.1926250000001,3.58
6391,48.1962150000001,3.59
6392,48.2008990000001,4.684
6393,48.2035640000001,2.665
6394,48.2080260000001,4.462
6395,48.2114160000001,3.39
6396,48.2146000000001,3.184
6397,48.2193740000001,4.774
6398,48.2235370000001,4.163
6399,48.2270540000001,3.517
6400,48.2306480000001,3.594
6401,48.2349300000001,4.282
6402,48.2376480000001,2.718
6403,48.2419650000001,4.317
6404,48.2452900000001,3.325
6405,48.2491750000001,3.885
6406,48.2538350000001,4.66
6407,48.2571110000001,3.276
6408,48.2605220000001,3.411
6409,48.2640510000001,3.529
6410,48.2684630000001,4.412
6411,48.2720560000001,3.593
6412,48.2756540000001,3.598
6413,48.2792880000001,3.634
6414,48.282432,3.144
6415,48.286902,4.47
6416,48.290673,3.771
6417,48.29415,3.477
6418,48.297818,3.668
6419,48.301917,4.099
6420,48.305426,3.509
6421,48.308891,3.465
6422,48.312179,3.288
6423,48.315772,3.593
6424,48.320673,4.901
6425,48.324007,3.334
6426,48.32728,3.273
6427,48.330501,3.221
6428,48.335109,4.608
6429,48.337621,2.512
6430,48.341414,3.793
6431,48.345049,3.635
6432,48.348559,3.51
6433,48.352852,4.293
6434,48.356372,3.52
6435,48.359724,3.352
6436,48.36292,3.196
6437,48.367745,4.825
6438,48.370701,2.956
6439,48.374545,3.844
6440,48.378011,3.466
6441,48.38169,3.679
6442,48.387165,5.475
6443,48.389625,2.46
6444,48.392515,2.89
6445,48.39601,3.495
6446,48.400425,4.415
6447,48.403761,3.336
6448,48.407658,3.897
6449,48.410934,3.276
6450,48.414258,3.324
6451,48.418409,4.151
6452,48.421413,3.004
6453,48.425077,3.664
6454,48.428391,3.314
6455,48.432594,4.203
6456,48.435285,2.691
6457,48.4397,4.415
6458,48.443039,3.339
6459,48.446343,3.304
6460,48.450816,4.473
6461,48.453436,2.62
6462,48.457675,4.239
6463,48.461167,3.492
6464,48.465522,4.355
6465,48.468234,2.712
6466,48.47262,4.386
6467,48.475833,3.213
6468,48.478983,3.15
6469,48.483398,4.415
6470,48.486056,2.658
6471,48.490394,4.338
6472,48.493663,3.269
6473,48.497978,4.315
6474,48.500798,2.82
6475,48.504833,4.035
6476,48.508276,3.443
6477,48.511737,3.461
6478,48.516362,4.625
6479,48.519441,3.079
6480,48.526265,6.824
6481,48.528712,2.447
6482,48.53261,3.898
6483,48.535352,2.742
6484,48.539628,4.276
6485,48.542843,3.215
6486,48.546413,3.57
6487,48.551289,4.876
6488,48.554424,3.135
6489,48.557798,3.374
6490,48.56093,3.132
6491,48.565347,4.417
6492,48.568381,3.034
6493,48.572086,3.705
6494,48.575583,3.497
6495,48.578896,3.313
6496,48.583606,4.71
6497,48.586504,2.898
6498,48.59035,3.846
6499,48.593564,3.214
6500,48.597771,4.207
6501,48.601382,3.611
6502,48.604706,3.324
6503,48.608222,3.516
6504,48.611567,3.345
6505,48.615769,4.202
6506,48.618415,2.646
6507,48.622834,4.419
6508,48.626215,3.381
6509,48.630454,4.239
6510,48.633242,2.788
6511,48.635981,2.739
6512,48.64049,4.509
6513,48.64406,3.57
6514,48.64832,4.26
6515,48.650838,2.518
6516,48.65556,4.722
6517,48.658722,3.162
6518,48.663039,4.317
6519,48.665914,2.875
6520,48.668981,3.067
6521,48.673304,4.323
6522,48.676786,3.482
6523,48.680779,3.993
6524,48.684085,3.306
6525,48.687945,3.86
6526,48.691507,3.562
6527,48.694935,3.428
6528,48.699407,4.472
6529,48.702036,2.629
6530,48.706149,4.113
6531,48.709386,3.237
6532,48.713667,4.281
6533,48.716698,3.031
6534,48.719304,2.606
6535,48.723834,4.53
6536,48.727236,3.402
6537,48.73189,4.654
6538,48.734485,2.595
6539,48.738428,3.943
6540,48.74158,3.152
6541,48.744996,3.416
6542,48.749759,4.763
6543,48.752989,3.23
6544,48.756357,3.368
6545,48.759667,3.31
6546,48.763681,4.014
6547,48.766214,2.533
6548,48.769761,3.547
6549,48.774116,4.355
6550,48.777508,3.392
6551,48.78578,8.272
6552,48.787968,2.188
6553,48.790655,2.687
6554,48.793884,3.229
6555,48.798098,4.214
6556,48.800648,2.55
6557,48.804611,3.963
6558,48.807988,3.377
6559,48.811267,3.279
6560,48.815772,4.505
6561,48.819218,3.446
6562,48.822501,3.283
6563,48.825805,3.304
6564,48.829929,4.124
6565,48.83269,2.761
6566,48.835756,3.066
6567,48.839961,4.205
6568,48.843476,3.515
6569,48.84777,4.294
6570,48.850757,2.987
6571,48.8539,3.143
6572,48.857603,3.703
6573,48.8606,2.997
6574,48.864626,4.026
6575,48.86718,2.554
6576,48.870867,3.687
6577,48.874386,3.519
6578,48.877786,3.4
