frame,elapsed_seconds,frame_ms
0,0.005323,5.323
1,0.009033,3.71
2,0.015996,6.963
3,0.022246,6.25
4,0.025718,3.472
5,0.029869,4.151
6,0.03735,7.481
7,0.042327,4.977
8,0.046562,4.235
9,0.051485,4.923
10,0.056802,5.317
11,0.063309,6.507
12,0.068256,4.947
13,0.071444,3.188
14,0.075676,4.232
15,0.079766,4.09
16,0.084686,4.92
17,0.088243,3.557
18,0.094665,6.422
19,0.10003,5.365
20,0.10446,4.43
21,0.109247,4.787
22,0.114006,4.759
23,0.117754,3.748
24,0.123931,6.177
25,0.128047,4.116
26,0.133081,5.034
27,0.137974,4.893
28,0.142038,4.064
29,0.146497,4.459
30,0.150035,3.538
31,0.154512,4.477
32,0.159483,4.971
33,0.162951,3.468
34,0.16883,5.879
35,0.173149,4.319
36,0.179114,5.965
37,0.182913,3.799
38,0.186908,3.995
39,0.1917,4.792
40,0.195352,3.652
41,0.20238,7.028
42,0.206954,4.574
43,0.209925,2.971
44,0.213836,3.911
45,0.22012,6.284
46,0.224725,4.605
47,0.22869,3.965
48,0.234802,6.112
49,0.240251,5.449
50,0.244226,3.975
51,0.247459,3.233
52,0.25198,4.521
53,0.256809,4.829
54,0.260444,3.635
55,0.266912,6.468
56,0.273259,6.347
57,0.276809,3.55
58,0.280987,4.178
59,0.285199,4.212
60,0.289963,4.764
61,0.295455,5.492
62,0.299954,4.499
63,0.307131,7.177
64,0.310004,2.873
65,0.316372,6.368
66,0.32015,3.778
67,0.326875,6.725
68,0.330018,3.143
69,0.337038,7.02
70,0.343266,6.228
71,0.3465,3.234
72,0.350822,4.322
73,0.356662,5.84
74,0.361501,4.839
75,0.369488,7.987
76,0.37299,3.502
77,0.378184,5.194
78,0.381975,3.791
79,0.387582,5.607
80,0.39178,4.198
81,0.398316,6.536
82,0.402584,4.268
83,0.408012,5.428
84,0.412649,4.637
85,0.418118,5.469
86,0.421959,3.841
87,0.428138,6.179
88,0.433037,4.899
89,0.439235,6.198
90,0.442459,3.224
91,0.44965,7.191
92,0.454147,4.497
93,0.458458,4.311
94,0.462554,4.096
95,0.469491,6.937
96,0.472596,3.105
97,0.478511,5.915
98,0.483567,5.056
99,0.489209,5.642
100,0.492762,3.553
101,0.499499,6.737
102,0.503237,3.738
103,0.50874,5.503
104,0.512804,4.064
105,0.520255,7.451
106,0.523539,3.284
107,0.529561,6.022
108,0.536042,6.481
109,0.541104,5.062
110,0.545636,4.532
111,0.55326,7.624
112,0.557514,4.254
113,0.561639,4.125
114,0.565935,4.296
115,0.572155,6.22
116,0.5757,3.545
117,0.581583,5.883
118,0.58745,5.867
119,0.591999,4.549
120,0.596082,4.083
121,0.602722,6.64
122,0.606107,3.385
123,0.612104,5.997
124,0.616465,4.361
125,0.622851,6.386
126,0.626819,3.968
127,0.632241,5.422
128,0.637153,4.912
129,0.64243,5.277
130,0.646476,4.046
131,0.653689,7.213
132,0.656856,3.167
133,0.662378,5.522
134,0.66658,4.202
135,0.672956,6.376
136,0.676669,3.713
137,0.682695,6.026
138,0.687886,5.191
139,0.692614,4.728
140,0.69684,4.226
141,0.703151,6.311
142,0.706766,3.615
143,0.712691,5.925
144,0.717106,4.415
145,0.723599,6.493
146,0.727265,3.666
147,0.733202,5.937
148,0.737662,4.46
149,0.742968,5.306
150,0.747183,4.215
151,0.754009,6.826
152,0.757046,3.037
153,0.762956,5.91
154,0.76725,4.294
155,0.773562,6.312
156,0.777124,3.562
157,0.783148,6.024
158,0.789139,5.991
159,0.793515,4.376
160,0.797834,4.319
161,0.802887,5.053
162,0.806663,3.776
163,0.81031,3.647
164,0.815982,5.672
165,0.820227,4.245
166,0.824672,4.445
167,0.828939,4.267
168,0.83437,5.431
169,0.837557,3.187
170,0.841976,4.419
171,0.847444,5.468
172,0.850976,3.532
173,0.854527,3.551
174,0.862255,7.728
175,0.869233,6.978
176,0.872489,3.256
177,0.878486,5.997
178,0.884038,5.552
179,0.887942,3.904
180,0.893598,5.656
181,0.899693,6.095
182,0.904414,4.721
183,0.90853,4.116
184,0.912636,4.106
185,0.917518,4.882
186,0.922909,5.391
187,0.927039,4.13
188,0.932448,5.409
189,0.937466,5.018
190,0.942363,4.897
191,0.94639,4.027
192,0.951365,4.975
193,0.955103,3.738
194,0.959111,4.008
195,0.966958,7.847
196,0.970847,3.889
197,0.97506,4.213
198,0.979308,4.248
199,0.984279,4.971
200,0.987909,3.63
201,0.991879,3.97
202,0.99672,4.841
203,1.002157,5.437
204,1.006033,3.876
205,1.010712,4.679
206,1.017569,6.857
207,1.021074,3.505
208,1.026166,5.092
209,1.031157,4.991
210,1.036092,4.935
211,1.041891,5.799
212,1.045583,3.692
213,1.050659,5.076
214,1.054349,3.69
215,1.059842,5.493
216,1.0655,5.658
217,1.072397,6.897
218,1.07583,3.433
219,1.081494,5.664
220,1.085215,3.721
221,1.088911,3.696
222,1.093271,4.36
223,1.098645,5.374
224,1.10607,7.425
225,1.110281,4.211
226,1.116207,5.926
227,1.120183,3.976
228,1.125662,5.479
229,1.129574,3.912
230,1.135878,6.304
231,1.142793,6.915
232,1.146495,3.702
233,1.156439,9.944
234,1.161719,5.28
235,1.165393,3.674
236,1.170611,5.218
237,1.173941,3.33
238,1.178222,4.281
239,1.184323,6.101
240,1.189306,4.983
241,1.193045,3.739
242,1.197409,4.364
243,1.202324,4.915
244,1.207597,5.273
245,1.212072,4.475
246,1.216801,4.729
247,1.220564,3.763
248,1.224919,4.355
249,1.231222,6.303
250,1.236891,5.669
251,1.241401,4.51
252,1.24484,3.439
253,1.249029,4.189
254,1.254466,5.437
255,1.258743,4.277
256,1.264033,5.29
257,1.267819,3.786
258,1.271611,3.792
259,1.277717,6.106
260,1.282707,4.99
261,1.286582,3.875
262,1.291959,5.377
263,1.298515,6.556
264,1.303248,4.733
265,1.307294,4.046
266,1.311587,4.293
267,1.316966,5.379
268,1.32051,3.544
269,1.326259,5.749
270,1.331539,5.28
271,1.337396,5.857
272,1.341566,4.17
273,1.345548,3.982
274,1.352303,6.755
275,1.355947,3.644
276,1.360106,4.159
277,1.365428,5.322
278,1.369623,4.195
279,1.374995,5.372
280,1.379361,4.366
281,1.384369,5.008
282,1.387773,3.404
283,1.392097,4.324
284,1.399245,7.148
285,1.403066,3.821
286,1.406696,3.63
287,1.411173,4.477
288,1.416824,5.651
289,1.421821,4.997
290,1.425954,4.133
291,1.431282,5.328
292,1.437372,6.09
293,1.443303,5.931
294,1.447974,4.671
295,1.451634,3.66
296,1.456927,5.293
297,1.461338,4.411
298,1.466209,4.871
299,1.471684,5.475
300,1.475943,4.259
301,1.481092,5.149
302,1.484673,3.581
303,1.488946,4.273
304,1.495097,6.151
305,1.50002,4.923
306,1.503572,3.552
307,1.507881,4.309
308,1.513108,5.227
309,1.51727,4.162
310,1.523005,5.735
311,1.527226,4.221
312,1.532414,5.188
313,1.535798,3.384
314,1.541911,6.113
315,1.547057,5.146
316,1.551217,4.16
317,1.554831,3.614
318,1.55914,4.309
319,1.5659,6.76
320,1.569574,3.674
321,1.573704,4.13
322,1.578634,4.93
323,1.583071,4.437
324,1.588389,5.318
325,1.592784,4.395
326,1.598226,5.442
327,1.601733,3.507
328,1.605682,3.949
329,1.612506,6.824
330,1.61736,4.854
331,1.623323,5.963
332,1.627074,3.751
333,1.633026,5.952
334,1.637457,4.431
335,1.641912,4.455
336,1.647068,5.156
337,1.651139,4.071
338,1.654871,3.732
339,1.661036,6.165
340,1.666072,5.036
341,1.669522,3.45
342,1.674028,4.506
343,1.678925,4.897
344,1.683392,4.467
345,1.687343,3.951
346,1.691574,4.231
347,1.69654,4.966
348,1.70059,4.05
349,1.706462,5.872
350,1.71138,4.918
351,1.715173,3.793
352,1.71969,4.517
353,1.72388,4.19
354,1.73148,7.6
355,1.736078,4.598
356,1.741236,5.158
357,1.746158,4.922
358,1.749846,3.688
359,1.755943,6.097
360,1.760233,4.29
361,1.765437,5.204
362,1.769094,3.657
363,1.773367,4.273
364,1.780572,7.205
365,1.783778,3.206
366,1.788425,4.647
367,1.792698,4.273
368,1.797951,5.253
369,1.801469,3.518
370,1.805814,4.345
371,1.810706,4.892
372,1.814634,3.928
373,1.818819,4.185
374,1.825039,6.22
375,1.831402,6.363
376,1.836641,5.239
377,1.841027,4.386
378,1.846029,5.002
379,1.850741,4.712
380,1.855078,4.337
381,1.859458,4.38
382,1.864757,5.299
383,1.868467,3.71
384,1.874486,6.019
385,1.879849,5.363
386,1.883418,3.569
387,1.887654,4.236
388,1.892156,4.502
389,1.899069,6.913
390,1.904212,5.143
391,1.909022,4.81
392,1.914361,5.339
393,1.918014,3.653
394,1.924065,6.051
395,1.928438,4.373
396,1.934035,5.597
397,1.938595,4.56
398,1.943799,5.204
399,1.950812,7.013
400,1.954389,3.577
401,1.958977,4.588
402,1.964285,5.308
403,1.967628,3.343
404,1.973866,6.238
405,1.978217,4.351
406,1.983577,5.36
407,1.987075,3.498
408,1.991549,4.474
409,1.999489,7.94
410,2.004266,4.777
411,2.008629,4.363
412,2.014148,5.519
413,2.017628,3.48
414,2.023654,6.026
415,2.028312,4.658
416,2.034347,6.035
417,2.039052,4.705
418,2.043984,4.932
419,2.050602,6.618
420,2.054284,3.682
421,2.058701,4.417
422,2.064195,5.494
423,2.06809,3.895
424,2.073855,5.765
425,2.078223,4.368
426,2.083569,5.346
427,2.087607,4.038
428,2.091693,4.086
429,2.099577,7.884
430,2.103955,4.378
431,2.108982,5.027
432,2.114529,5.547
433,2.118031,3.502
434,2.124283,6.252
435,2.128649,4.366
436,2.135944,7.295
437,2.141083,5.139
438,2.144214,3.131
439,2.151238,7.024
440,2.155006,3.768
441,2.159624,4.618
442,2.164862,5.238
443,2.168871,4.009
444,2.174878,6.007
445,2.179401,4.523
446,2.184606,5.205
447,2.188606,4.0
448,2.192911,4.305
449,2.20004,7.129
450,2.204172,4.132
451,2.2083,4.128
452,2.213011,4.711
453,2.21853,5.519
454,2.223786,5.256
455,2.228273,4.487
456,2.233551,5.278
457,2.237771,4.22
458,2.242052,4.281
459,2.24967,7.618
460,2.254836,5.166
461,2.259788,4.952
462,2.264608,4.82
463,2.269872,5.264
464,2.275257,5.385
465,2.279859,4.602
466,2.285316,5.457
467,2.290274,4.958
468,2.296523,6.249
469,2.302914,6.391
470,2.307995,5.081
471,2.313681,5.686
472,2.319219,5.538
473,2.325306,6.087
474,2.330555,5.249
475,2.335747,5.192
476,2.341241,5.494
477,2.345039,3.798
478,2.349964,4.925
479,2.354969,5.005
480,2.359068,4.099
481,2.363451,4.383
482,2.368975,5.524
483,2.374312,5.337
484,2.38012,5.808
485,2.387209,7.089
486,2.391965,4.756
487,2.396122,4.157
488,2.400463,4.341
489,2.407616,7.153
490,2.411455,3.839
491,2.416087,4.632
492,2.421039,4.952
493,2.426242,5.203
494,2.432357,6.115
495,2.436631,4.274
496,2.442672,6.041
497,2.446799,4.127
498,2.450536,3.737
499,2.457628,7.092
500,2.46148,3.852
501,2.466066,4.586
502,2.47088,4.814
503,2.476052,5.172
504,2.481952,5.9
505,2.486365,4.413
506,2.4916,5.235
507,2.495515,3.915
508,2.50012,4.605
509,2.506891,6.771
510,2.510977,4.086
511,2.515815,4.838
512,2.520636,4.821
513,2.527817,7.181
514,2.532801,4.984
515,2.53789,5.089
516,2.543824,5.934
517,2.549862,6.038
518,2.556002,6.14
519,2.560197,4.195
520,2.56485,4.653
521,2.57018,5.33
522,2.573986,3.806
523,2.578387,4.401
524,2.585983,7.596
525,2.590467,4.484
526,2.596525,6.058
527,2.604403,7.878
528,2.608521,4.118
529,2.615212,6.691
530,2.620883,5.671
531,2.624628,3.745
532,2.630154,5.526
533,2.63369,3.536
534,2.639575,5.885
535,2.644514,4.939
536,2.648526,4.012
537,2.652847,4.321
538,2.657924,5.077
539,2.663698,5.774
540,2.667821,4.123
541,2.672424,4.603
542,2.676329,3.905
543,2.680863,4.534
544,2.685114,4.251
545,2.689939,4.825
546,2.693572,3.633
547,2.699911,6.339
548,2.704178,4.267
549,2.710919,6.741
550,2.714805,3.886
551,2.722785,7.98
552,2.728035,5.25
553,2.732016,3.981
554,2.736768,4.752
555,2.741358,4.59
556,2.74622,4.862
557,2.750002,3.782
558,2.75427,4.268
559,2.760342,6.072
560,2.765911,5.569
561,2.76889,2.979
562,2.773354,4.464
563,2.778211,4.857
564,2.781995,3.784
565,2.786251,4.256
566,2.790696,4.445
567,2.795495,4.799
568,2.799125,3.63
569,2.80529,6.165
570,2.809554,4.264
571,2.814623,5.069
572,2.818339,3.716
573,2.822703,4.364
574,2.82972,7.017
575,2.833862,4.142
576,2.838494,4.632
577,2.843963,5.469
578,2.8516,7.637
579,2.856613,5.013
580,2.861562,4.949
581,2.867377,5.815
582,2.871535,4.158
583,2.876593,5.058
584,2.882759,6.166
585,2.88773,4.971
586,2.892577,4.847
587,2.895796,3.219
588,2.901494,5.698
589,2.90603,4.536
590,2.910192,4.162
591,2.914858,4.666
592,2.919674,4.816
593,2.923147,3.473
594,2.929645,6.498
595,2.936382,6.737
596,2.942302,5.92
597,2.945168,2.866
598,2.949473,4.305
599,2.956334,6.861
600,2.960111,3.777
601,2.964465,4.354
602,2.969264,4.799
603,2.972944,3.68
604,2.979194,6.25
605,2.983421,4.227
606,2.988463,5.042
607,2.992122,3.659
608,2.996535,4.413
609,3.00144,4.905
610,3.004982,3.542
611,3.009366,4.384
612,3.013802,4.436
613,3.018547,4.745
614,3.024135,5.588
615,3.028498,4.363
616,3.033948,5.45
617,3.03832,4.372
618,3.043532,5.212
619,3.049585,6.053
620,3.054596,5.011
621,3.058244,3.648
622,3.063029,4.785
623,3.067859,4.83
624,3.07327,5.411
625,3.077592,4.322
626,3.081865,4.273
627,3.086835,4.97
628,3.090597,3.762
629,3.097209,6.612
630,3.101807,4.598
631,3.105468,3.661
632,3.10969,4.222
633,3.114001,4.311
634,3.120692,6.691
635,3.124371,3.679
636,3.129395,5.024
637,3.136957,7.562
638,3.141769,4.812
639,3.146332,4.563
640,3.150721,4.389
641,3.155586,4.865
642,3.159255,3.669
643,3.16423,4.975
644,3.1687,4.47
645,3.172194,3.494
646,3.17659,4.396
647,3.182729,6.139
648,3.186981,4.252
649,3.192565,5.584
650,3.197796,5.231
651,3.202036,4.24
652,3.205292,3.256
653,3.209672,4.38
654,3.216845,7.173
655,3.222176,5.331
656,3.226294,4.118
657,3.231455,5.161
658,3.236374,4.919
659,3.241792,5.418
660,3.246392,4.6
661,3.251332,4.94
662,3.25592,4.588
663,3.259143,3.223
664,3.265442,6.299
665,3.271705,6.263
666,3.275337,3.632
667,3.280362,5.025
668,3.285067,4.705
669,3.291685,6.618
670,3.296697,5.012
671,3.304152,7.455
672,3.310115,5.963
673,3.315139,5.024
674,3.319363,4.224
675,3.324823,5.46
676,3.328586,3.763
677,3.33308,4.494
678,3.33785,4.77
679,3.343379,5.529
680,3.348579,5.2
681,3.356834,8.255
682,3.362461,5.627
683,3.367832,5.371
684,3.374395,6.563
685,3.379176,4.781
686,3.383254,4.078
687,3.387536,4.282
688,3.391471,3.935
689,3.397638,6.167
690,3.403182,5.544
691,3.4076,4.418
692,3.414809,7.209
693,3.419029,4.22
694,3.424692,5.663
695,3.429943,5.251
696,3.43387,3.927
697,3.437689,3.819
698,3.442752,5.063
699,3.448487,5.735
700,3.452732,4.245
701,3.457554,4.822
702,3.461378,3.824
703,3.465681,4.303
704,3.472353,6.672
705,3.476142,3.789
706,3.480598,4.456
707,3.48484,4.242
708,3.489824,4.984
709,3.495514,5.69
710,3.499571,4.057
711,3.503963,4.392
712,3.509171,5.208
713,3.512932,3.761
714,3.519126,6.194
715,3.523948,4.822
716,3.527724,3.776
717,3.532818,5.094
718,3.538684,5.866
719,3.548339,9.655
720,3.551773,3.434
721,3.555692,3.919
722,3.560161,4.469
723,3.565725,5.564
724,3.570572,4.847
725,3.574993,4.421
726,3.580419,5.426
727,3.583917,3.498
728,3.588136,4.219
729,3.594228,6.092
730,3.59919,4.962
731,3.603033,3.843
732,3.6073,4.267
733,3.612048,4.748
734,3.61898,6.932
735,3.624351,5.371
736,3.627037,2.686
737,3.632379,5.342
738,3.63777,5.391
739,3.64189,4.12
740,3.64658,4.69
741,3.65136,4.78
742,3.654917,3.557
743,3.659276,4.359
744,3.66488,5.604
745,3.668216,3.336
746,3.672563,4.347
747,3.676974,4.411
748,3.682522,5.548
749,3.686621,4.099
750,3.692328,5.707
751,3.696541,4.213
752,3.701499,4.958
753,3.705344,3.845
754,3.711423,6.079
755,3.716579,5.156
756,3.72034,3.761
757,3.724645,4.305
758,3.729278,4.633
759,3.73651,7.232
760,3.740627,4.117
761,3.74437,3.743
762,3.749303,4.933
763,3.753208,3.905
764,3.759222,6.014
765,3.763715,4.493
766,3.768664,4.949
767,3.772533,3.869
768,3.776728,4.195
769,3.781811,5.083
770,3.785791,3.98
771,3.790197,4.406
772,3.794453,4.256
773,3.800329,5.876
774,3.805178,4.849
775,3.809601,4.423
776,3.81469,5.089
777,3.818434,3.744
778,3.822953,4.519
779,3.829242,6.289
780,3.834923,5.681
781,3.838848,3.925
782,3.842147,3.299
783,3.84734,5.193
784,3.852804,5.464
785,3.857338,4.534
786,3.861602,4.264
787,3.866927,5.325
788,3.870769,3.842
789,3.876829,6.06
790,3.881822,4.993
791,3.885636,3.814
792,3.890351,4.715
793,3.894452,4.101
794,3.902143,7.691
795,3.90529,3.147
796,3.909652,4.362
797,3.914614,4.962
798,3.918494,3.88
799,3.924676,6.182
800,3.929235,4.559
801,3.937244,8.009
802,3.941633,4.389
803,3.946663,5.03
804,3.953533,6.87
805,3.957378,3.845
806,3.961683,4.305
807,3.96598,4.297
808,3.971082,5.102
809,3.976579,5.497
810,3.980986,4.407
811,3.986028,5.042
812,3.989812,3.784
813,3.994324,4.512
814,4.000838,6.514
815,4.005693,4.855
816,4.009294,3.601
817,4.013841,4.547
818,4.018732,4.891
819,4.024566,5.834
820,4.028865,4.299
821,4.037193,8.328
822,4.041302,4.109
823,4.044664,3.362
824,4.050603,5.939
825,4.055532,4.929
826,4.059345,3.813
827,4.063729,4.384
828,4.068039,4.31
829,4.074783,6.744
830,4.078882,4.099
831,4.083171,4.289
832,4.087967,4.796
833,4.091777,3.81
834,4.098706,6.929
835,4.103354,4.648
836,4.109346,5.992
837,4.113535,4.189
838,4.117599,4.064
839,4.124419,6.82
840,4.128414,3.995
841,4.132869,4.455
842,4.137929,5.06
843,4.142042,4.113
844,4.147655,5.613
845,4.151928,4.273
846,4.156803,4.875
847,4.160595,3.792
848,4.166553,5.958
849,4.171224,4.671
850,4.176053,4.829
851,4.180089,4.036
852,4.18453,4.441
853,4.189491,4.961
854,4.195214,5.723
855,4.201313,6.099
856,4.206315,5.002
857,4.210271,3.956
858,4.214838,4.567
859,4.220816,5.978
860,4.225799,4.983
861,4.229905,4.106
862,4.235757,5.852
863,4.241333,5.576
864,4.247599,6.266
865,4.252139,4.54
866,4.258126,5.987
867,4.26214,4.014
868,4.266529,4.389
869,4.273444,6.915
870,4.276784,3.34
871,4.282107,5.323
872,4.28697,4.863
873,4.290275,3.305
874,4.296333,6.058
875,4.301519,5.186
876,4.305241,3.722
877,4.309535,4.294
878,4.315311,5.776
879,4.320283,4.972
880,4.324623,4.34
881,4.329233,4.61
882,4.334193,4.96
883,4.33808,3.887
884,4.344211,6.131
885,4.35091,6.699
886,4.35572,4.81
887,4.359572,3.852
888,4.36473,5.158
889,4.370329,5.599
890,4.37479,4.461
891,4.37936,4.57
892,4.385622,6.262
893,4.390319,4.697
894,4.396822,6.503
895,4.401754,4.932
896,4.405557,3.803
897,4.410169,4.612
898,4.416295,6.126
899,4.420868,4.573
900,4.425544,4.676
901,4.43092,5.376
902,4.434785,3.865
903,4.439432,4.647
904,4.445898,6.466
905,4.452333,6.435
906,4.457369,5.036
907,4.461762,4.393
908,4.467063,5.301
909,4.472881,5.818
910,4.477223,4.342
911,4.483712,6.489
912,4.487915,4.203
913,4.493281,5.366
914,4.500123,6.842
915,4.504108,3.985
916,4.508779,4.671
917,4.514072,5.293
918,4.518959,4.887
919,4.524001,5.042
920,4.528381,4.38
921,4.533452,5.071
922,4.537562,4.11
923,4.541964,4.402
924,4.549579,7.615
925,4.554015,4.436
926,4.559182,5.167
927,4.564567,5.385
928,4.568401,3.834
929,4.574546,6.145
930,4.579288,4.742
931,4.584431,5.143
932,4.587797,3.366
933,4.592329,4.532
934,4.59928,6.951
935,4.602828,3.548
936,4.607193,4.365
937,4.612538,5.345
938,4.617865,5.327
939,4.622287,4.422
940,4.626251,3.964
941,4.63119,4.939
942,4.634954,3.764
943,4.639343,4.389
944,4.646533,7.19
945,4.65232,5.787
946,4.655928,3.608
947,4.660788,4.86
948,4.665115,4.327
949,4.670594,5.479
950,4.674893,4.299
951,4.680427,5.534
952,4.685379,4.952
953,4.689939,4.56
954,4.696911,6.972
955,4.701024,4.113
956,4.704701,3.677
957,4.709721,5.02
958,4.71804,8.319
959,4.723402,5.362
960,4.726799,3.397
961,4.732082,5.283
962,4.736007,3.925
963,4.741616,5.609
964,4.748549,6.933
965,4.751927,3.378
966,4.756375,4.448
967,4.761401,5.026
968,4.766793,5.392
969,4.770942,4.149
970,4.775351,4.409
971,4.7808,5.449
972,4.784312,3.512
973,4.7884,4.088
974,4.795204,6.804
975,4.80087,5.666
976,4.806527,5.657
977,4.811436,4.909
978,4.816249,4.813
979,4.821226,4.977
980,4.824852,3.626
981,4.829969,5.117
982,4.833579,3.61
983,4.848726,15.147
984,4.855562,6.836
985,4.858901,3.339
986,4.863454,4.553
987,4.868269,4.815
988,4.874272,6.003
989,4.878446,4.174
990,4.892525,14.079
991,4.898221,5.696
992,4.901411,3.19
993,4.90628,4.869
994,4.911791,5.511
995,4.916057,4.266
996,4.921261,5.204
997,4.927082,5.821
998,4.932004,4.922
999,4.938827,6.823
1000,4.942403,3.576
1001,4.94686,4.457
1002,4.952114,5.254
1003,4.95784,5.726
1004,4.961942,4.102
1005,4.966812,4.87
1006,4.970656,3.844
1007,4.974929,4.273
1008,4.979449,4.52
1009,4.986502,7.053
1010,4.9915,4.998
1011,4.996273,4.773
1012,5.001147,4.874
1013,5.004901,3.754
1014,5.011012,6.111
1015,5.015944,4.932
1016,5.019899,3.955
1017,5.024036,4.137
1018,5.028379,4.343
1019,5.034937,6.558
1020,5.03942,4.483
1021,5.044015,4.595
1022,5.048889,4.874
1023,5.054206,5.317
1024,5.059822,5.616
1025,5.064689,4.867
1026,5.068727,4.038
1027,5.073634,4.907
1028,5.077683,4.049
1029,5.083762,6.079
1030,5.087592,3.83
1031,5.0919,4.308
1032,5.096763,4.863
1033,5.100577,3.814
1034,5.105634,5.057
1035,5.111016,5.382
1036,5.115588,4.572
1037,5.119999,4.411
1038,5.124223,4.224
1039,5.131114,6.891
1040,5.134502,3.388
1041,5.139401,4.899
1042,5.145624,6.223
1043,5.149424,3.8
1044,5.154191,4.767
1045,5.158711,4.52
1046,5.163786,5.075
1047,5.168036,4.25
1048,5.174116,6.08
1049,5.179095,4.979
1050,5.182624,3.529
1051,5.187283,4.659
1052,5.191804,4.521
1053,5.195493,3.689
1054,5.199621,4.128
1055,5.204883,5.262
1056,5.208896,4.013
1057,5.214346,5.45
1058,5.21859,4.244
1059,5.225677,7.087
1060,5.229184,3.507
1061,5.233342,4.158
1062,5.237539,4.197
1063,5.243204,5.665
1064,5.24746,4.256
1065,5.252367,4.907
1066,5.258929,6.562
1067,5.262598,3.669
1068,5.268618,6.02
1069,5.272789,4.171
1070,5.277817,5.028
1071,5.281223,3.406
1072,5.285498,4.275
1073,5.2923,6.802
1074,5.295784,3.484
1075,5.300185,4.401
1076,5.304496,4.311
1077,5.309505,5.009
1078,5.312961,3.456
1079,5.319439,6.478
1080,5.324515,5.076
1081,5.327957,3.442
1082,5.332344,4.387
1083,5.337045,4.701
1084,5.343117,6.072
1085,5.347565,4.448
1086,5.353649,6.084
1087,5.358296,4.647
1088,5.363799,5.503
1089,5.368126,4.327
1090,5.372313,4.187
1091,5.377289,4.976
1092,5.380681,3.392
1093,5.385152,4.471
1094,5.389977,4.825
1095,5.393808,3.831
1096,5.397977,4.169
1097,5.404266,6.289
1098,5.408956,4.69
1099,5.414398,5.442
1100,5.418855,4.457
1101,5.423674,4.819
1102,5.427241,3.567
1103,5.43138700000001,4.146
1104,5.43614200000001,4.755
1105,5.44293800000001,6.796
1106,5.44700100000001,4.063
1107,5.45259700000001,5.596
1108,5.45935900000001,6.762
1109,5.462857,3.498
1110,5.46694,4.083
1111,5.471317,4.377
1112,5.47633,5.013
1113,5.479924,3.594
1114,5.484215,4.291
1115,5.491181,6.966
1116,5.494316,3.135
1117,5.49858900000001,4.273
1118,5.50300700000001,4.418
1119,5.50842100000001,5.414
1120,5.51369100000001,5.27
1121,5.51799200000001,4.301
1122,5.52297400000001,4.982
1123,5.52659100000001,3.617
1124,5.53068700000001,4.096
1125,5.53724900000001,6.562
1126,5.54432800000001,7.079
1127,5.54910200000001,4.774
1128,5.55395700000001,4.855
1129,5.55904300000001,5.086
1130,5.56409100000001,5.048
1131,5.56831600000001,4.225
1132,5.57479100000001,6.475
1133,5.57944300000001,4.652
1134,5.58299900000001,3.556
1135,5.58738000000001,4.381
1136,5.59221900000001,4.839
1137,5.59600900000001,3.79
1138,5.60012300000001,4.114
1139,5.60586400000001,5.741
1140,5.60993600000001,4.072
1141,5.61550800000001,5.572
1142,5.61992900000001,4.421
1143,5.62517300000001,5.244
1144,5.62962700000001,4.454
1145,5.63471100000001,5.084
1146,5.63915200000001,4.441
1147,5.64407400000001,4.922
1148,5.64802000000001,3.946
1149,5.65245500000001,4.435
1150,5.65804500000001,5.59
1151,5.66208200000001,4.037
1152,5.66737700000001,5.295
1153,5.67255000000001,5.173
1154,5.68015300000001,7.603
1155,5.68921100000001,9.058
1156,5.69315500000001,3.944
1157,5.70005700000001,6.902
1158,5.70471700000001,4.66
1159,5.70915500000001,4.438
1160,5.71520200000001,6.047
1161,5.72447300000001,9.271
1162,5.72967500000001,5.202
1163,5.73528400000001,5.609
1164,5.74112300000001,5.839
1165,5.74625600000001,5.133
1166,5.75056200000001,4.306
1167,5.75674100000001,6.179
1168,5.76054400000001,3.803
1169,5.76571900000001,5.175
1170,5.77291800000001,7.199
1171,5.77958500000001,6.667
1172,5.78807900000001,8.494
1173,5.79378100000001,5.702
1174,5.80045800000001,6.677
1175,5.81067000000001,10.212
1176,5.81565500000001,4.985
1177,5.82603000000001,10.375
1178,5.83302600000001,6.996
1179,5.83642000000001,3.394
1180,5.84167500000001,5.255
1181,5.84684200000001,5.167
1182,5.85261800000001,5.776
1183,5.85637600000001,3.758
1184,5.86183700000001,5.461
1185,5.86696200000001,5.125
1186,5.87055100000001,3.589
1187,5.87567900000001,5.128
1188,5.87942000000001,3.741
1189,5.88681200000001,7.392
1190,5.89352000000001,6.708
1191,5.89712500000001,3.605
1192,5.90347600000001,6.351
1193,5.90845900000001,4.983
1194,5.91244200000001,3.983
1195,5.91672400000001,4.282
1196,5.92324300000001,6.519
1197,5.92789000000001,4.647
1198,5.93226500000001,4.375
1199,5.93952900000001,7.264
1200,5.94311400000001,3.585
1201,5.94908900000001,5.975
1202,5.95364800000001,4.559
1203,5.95884800000001,5.2
1204,5.96254100000001,3.693
1205,5.96694500000001,4.404
1206,5.97309500000001,6.15
1207,5.97691000000001,3.815
1208,5.98164100000001,4.731
1209,5.98624700000001,4.606
1210,5.99294200000001,6.695
1211,5.99683900000001,3.897
1212,6.00323500000001,6.396
1213,6.00836000000001,5.125
1214,6.01220900000001,3.849
1215,6.01685100000001,4.642
1216,6.02140800000001,4.557
1217,6.02651300000001,5.105
1218,6.03038400000001,3.871
1219,6.03654400000001,6.16
1220,6.04643500000001,9.891
1221,6.04976700000001,3.332
1222,6.05405500000001,4.288
1223,6.05877700000001,4.722
1224,6.06382900000001,5.052
1225,6.06778800000001,3.959
1226,6.07243100000001,4.643
1227,6.07752500000001,5.094
1228,6.08181700000001,4.292
1229,6.08625800000001,4.441
1230,6.09238800000001,6.13
1231,6.09748700000001,5.099
1232,6.10372100000001,6.234
1233,6.10853200000001,4.811
1234,6.11297400000001,4.442
1235,6.11694300000001,3.969
1236,6.12139600000001,4.453
1237,6.12624400000001,4.848
1238,6.13085900000001,4.615
1239,6.13643100000001,5.572
1240,6.14122600000001,4.795
1241,6.14758200000001,6.356
1242,6.15133200000001,3.75
1243,6.15544100000001,4.109
1244,6.15989600000001,4.455
1245,6.16465900000001,4.763
1246,6.16852100000001,3.862
1247,6.17269200000001,4.171
1248,6.17777400000001,5.082
1249,6.18120600000001,3.432
1250,6.18723400000001,6.028
1251,6.19140200000001,4.168
1252,6.19820100000001,6.799
1253,6.20173700000001,3.536
1254,6.20675100000001,5.014
1255,6.21137800000001,4.627
1256,6.21609000000001,4.712
1257,6.22065600000001,4.566
1258,6.22449700000001,3.841
1259,6.23119000000001,6.693
1260,6.23461700000001,3.427
1261,6.23939700000001,4.78
1262,6.24474700000001,5.35
1263,6.24815700000001,3.41
1264,6.25351800000001,5.361
1265,6.25770000000001,4.182
1266,6.26280900000001,5.109
1267,6.26592300000001,3.114
1268,6.27139800000001,5.475
1269,6.27556900000001,4.171
1270,6.28103000000001,5.461
1271,6.28527100000001,4.241
1272,6.28931200000001,4.041
1273,6.29410500000001,4.793
1274,6.29762200000001,3.517
1275,6.30194800000001,4.326
1276,6.30766400000001,5.716
1277,6.31215100000001,4.487
1278,6.31660800000001,4.457
1279,6.32234800000001,5.74
1280,6.32726200000001,4.914
1281,6.33297300000001,5.711
1282,6.33688300000001,3.91
1283,6.34705900000001,10.176
1284,6.35087300000001,3.814
1285,6.35451500000001,3.642
1286,6.35890400000001,4.389
1287,6.36331300000001,4.409
1288,6.36941100000001,6.098
1289,6.37460900000001,5.198
1290,6.37883600000001,4.227
1291,6.38260000000001,3.764
1292,6.38879200000001,6.192
1293,6.39342400000001,4.632
1294,6.39814800000001,4.724
1295,6.40265600000001,4.508
1296,6.40776700000001,5.111
1297,6.41797100000001,10.204
1298,6.42160200000001,3.631
1299,6.42815200000001,6.55
1300,6.43246700000001,4.315
1301,6.43692700000001,4.46
1302,6.44185300000001,4.926
1303,6.44796500000001,6.112
1304,6.45928200000001,11.317
1305,6.46501900000001,5.737
1306,6.46849800000001,3.479
1307,6.47502300000001,6.525
1308,6.48025700000001,5.234
1309,6.48443900000001,4.182
1310,6.48980700000001,5.368
1311,6.49489100000001,5.084
1312,6.49929000000001,4.399
1313,6.50344200000001,4.152
1314,6.51145100000001,8.009
1315,6.51614400000001,4.693
1316,6.52010000000001,3.956
1317,6.52678500000001,6.685
1318,6.53056500000001,3.78
1319,6.53476100000001,4.196
1320,6.54148600000001,6.725
1321,6.54489400000001,3.408
1322,6.54872700000001,3.833
1323,6.55289900000001,4.172
1324,6.55828000000001,5.381
1325,6.56230800000001,4.028
1326,6.56567200000001,3.364
1327,6.57076000000001,5.088
1328,6.57491600000001,4.156
1329,6.57930600000001,4.39
1330,6.58418400000001,4.878
1331,6.58959400000001,5.41
1332,6.59382600000001,4.232
1333,6.59801800000001,4.192
1334,6.60473600000001,6.718
1335,6.60852400000001,3.788
1336,6.61374500000001,5.221
1337,6.61896300000001,5.218
1338,6.62338900000001,4.426
1339,6.62879100000001,5.402
1340,6.63459100000001,5.8
1341,6.63819300000001,3.602
1342,6.64245200000001,4.259
1343,6.64763700000001,5.185
1344,6.65208300000001,4.446
1345,6.65723000000001,5.147
1346,6.66083300000001,3.603
1347,6.66522200000001,4.389
1348,6.67062300000001,5.401
1349,6.67495900000001,4.336
1350,6.67913900000001,4.18
1351,6.68571600000001,6.577
1352,6.68964500000001,3.929
1353,6.69360000000001,3.955
1354,6.70030800000001,6.708
1355,6.70378700000001,3.479
1356,6.70808300000001,4.296
1357,6.71473000000001,6.647
1358,6.71824000000001,3.51
1359,6.72268400000001,4.444
1360,6.72943700000001,6.753
1361,6.73471200000001,5.275
1362,6.73975400000001,5.042
1363,6.74382500000001,4.071
1364,6.74891700000001,5.092
1365,6.75222600000001,3.309
1366,6.75683800000001,4.612
1367,6.76101900000001,4.181
1368,6.76791000000001,6.891
1369,6.77136400000001,3.454
1370,6.77591400000001,4.55
1371,6.78248800000001,6.574
1372,6.78611600000001,3.628
1373,6.79050800000001,4.392
1374,6.79719200000001,6.684
1375,6.80074000000001,3.548
1376,6.80526500000001,4.525
1377,6.81110600000001,5.841
1378,6.81615600000001,5.05
1379,6.81960700000001,3.451
1380,6.82557600000001,5.969
1381,6.83131900000001,5.743
1382,6.83492200000001,3.603
1383,6.83829900000001,3.377
1384,6.84235800000001,4.059
1385,6.84754300000001,5.185
1386,6.85173400000001,4.191
1387,6.85554900000001,3.815
1388,6.86055100000001,5.002
1389,6.86428700000001,3.736
1390,6.86854900000001,4.262
1391,6.87467000000001,6.121
1392,6.87970100000001,5.031
1393,6.88339700000001,3.696
1394,6.88964200000001,6.245
1395,6.89533100000001,5.689
1396,6.90013400000001,4.803
1397,6.90450300000001,4.369
1398,6.90879300000001,4.29
1399,6.91407100000001,5.278
1400,6.91893400000001,4.863
1401,6.92282400000001,3.89
1402,6.92835100000001,5.527
1403,6.93378600000001,5.435
1404,6.93761600000001,3.83
1405,6.94206000000001,4.444
1406,6.94701100000001,4.951
1407,6.95049100000001,3.48
1408,6.95714800000001,6.657
1409,6.96208800000001,4.94
1410,6.96537500000001,3.287
1411,6.97163300000001,6.258
1412,6.97598400000001,4.351
1413,6.98096900000001,4.985
1414,6.98638400000001,5.415
1415,6.99100000000001,4.616
1416,6.99574900000001,4.749
1417,7.00093700000001,5.188
1418,7.00551900000001,4.582
1419,7.01032500000001,4.806
1420,7.01592800000001,5.603
1421,7.01977800000001,3.85
1422,7.02412100000001,4.343
1423,7.02964000000001,5.519
1424,7.03370400000001,4.064
1425,7.03748100000001,3.777
1426,7.04186400000001,4.383
1427,7.04703200000001,5.168
1428,7.05241200000001,5.38
1429,7.05689800000001,4.486
1430,7.06183900000001,4.941
1431,7.06730600000001,5.467
1432,7.07170800000001,4.402
1433,7.07591500000001,4.207
1434,7.08259300000001,6.678
1435,7.08626600000001,3.673
1436,7.09101000000001,4.744
1437,7.09743600000001,6.426
1438,7.10100200000001,3.566
1439,7.10564500000001,4.643
1440,7.11109200000001,5.447
1441,7.11613400000001,5.042
1442,7.11974700000001,3.613
1443,7.12423900000001,4.492
1444,7.13046500000001,6.226
1445,7.13479300000001,4.328
1446,7.13961800000001,4.825
1447,7.14385500000001,4.237
1448,7.15050700000001,6.652
1449,7.15423400000001,3.727
1450,7.15869700000001,4.463
1451,7.16532200000001,6.625
1452,7.16890700000001,3.585
1453,7.17339900000001,4.492
1454,7.17940800000001,6.009
1455,7.18423300000001,4.825
1456,7.18802500000001,3.792
1457,7.19399200000001,5.967
1458,7.19900900000001,5.017
1459,7.20254400000001,3.535
1460,7.20836300000001,5.819
1461,7.21267300000001,4.31
1462,7.21741600000001,4.743
1463,7.22123300000001,3.817
1464,7.22577500000001,4.542
1465,7.23202000000001,6.245
1466,7.23694400000001,4.924
1467,7.24084800000001,3.904
1468,7.24801800000001,7.17
1469,7.25144300000001,3.425
1470,7.25575200000001,4.309
1471,7.26217100000001,6.419
1472,7.26668100000001,4.51
1473,7.27034200000001,3.661
1474,7.27470100000001,4.359
1475,7.28012600000001,5.425
1476,7.28547400000001,5.348
1477,7.28995800000001,4.484
1478,7.29422100000001,4.263
1479,7.29931600000001,5.095
1480,7.30272200000001,3.406
1481,7.30894300000001,6.221
1482,7.31382300000001,4.88
1483,7.31732600000001,3.503
1484,7.32180200000001,4.476
1485,7.32614800000001,4.346
1486,7.33280000000001,6.652
1487,7.33652400000001,3.724
1488,7.34081400000001,4.29
1489,7.34815100000001,7.337
1490,7.35243900000001,4.288
1491,7.35618800000001,3.749
1492,7.36026000000001,4.072
1493,7.36538800000001,5.128
1494,7.36890400000001,3.516
1495,7.37351200000001,4.608
1496,7.37866700000001,5.155
1497,7.38199800000001,3.331
1498,7.38633600000001,4.338
1499,7.39080000000001,4.464
1500,7.39584200000001,5.042
1501,7.40128400000001,5.442
1502,7.40550500000001,4.221
1503,7.41047800000001,4.973
1504,7.41443600000001,3.958
1505,7.41836600000001,3.93
1506,7.42468000000001,6.314
1507,7.42950400000001,4.824
1508,7.43307800000001,3.574
1509,7.43752100000001,4.443
1510,7.44248900000001,4.968
1511,7.44805100000001,5.562
1512,7.45235600000001,4.305
1513,7.45659500000001,4.239
1514,7.46169300000001,5.098
1515,7.46527300000001,3.58
1516,7.47126600000001,5.993
1517,7.47629900000001,5.033
1518,7.47982000000001,3.521
1519,7.48423600000001,4.416
1520,7.48844000000001,4.204
1521,7.49366900000001,5.229
1522,7.49752500000001,3.856
1523,7.50178100000001,4.256
1524,7.50682000000001,5.039
1525,7.51070900000001,3.889
1526,7.51667400000001,5.965
1527,7.52082700000001,4.153
1528,7.52590800000001,5.081
1529,7.52945700000001,3.549
1530,7.53384300000001,4.386
1531,7.54094100000001,7.098
1532,7.54534400000001,4.403
1533,7.54995300000001,4.609
1534,7.55373300000001,3.78
1535,7.55826300000001,4.53
1536,7.56370700000001,5.444
1537,7.56798000000001,4.273
1538,7.57297200000001,4.992
1539,7.57659700000001,3.625
1540,7.58124700000001,4.65
1541,7.58724300000001,5.996
1542,7.59281500000001,5.572
1543,7.59629300000001,3.478
1544,7.60018300000001,3.89
1545,7.60473100000001,4.548
1546,7.61270400000001,7.973
1547,7.61749700000001,4.793
1548,7.62184100000001,4.344
1549,7.62857500000001,6.734
1550,7.63339100000001,4.816
1551,7.63900600000001,5.615
1552,7.64945900000001,10.453
1553,7.65584000000001,6.381
1554,7.66504300000001,9.203
1555,7.66930800000001,4.265
1556,7.67775500000001,8.447
1557,7.68538100000001,7.626
1558,7.69145700000001,6.076
1559,7.69760300000001,6.146
1560,7.70186600000001,4.263
1561,7.71119400000001,9.328
1562,7.71690900000001,5.715
1563,7.72141100000001,4.502
1564,7.72649800000001,5.087
1565,7.73091500000001,4.417
1566,7.73554100000001,4.626
1567,7.74083100000001,5.29
1568,7.74436800000001,3.537
1569,7.74961100000001,5.243
1570,7.75338800000001,3.777
1571,7.75959900000001,6.211
1572,7.76473300000001,5.134
1573,7.76866100000001,3.928
1574,7.77325200000001,4.591
1575,7.77826900000001,5.017
1576,7.78380400000001,5.535
1577,7.78834000000001,4.536
1578,7.79380800000001,5.468
1579,7.79752100000001,3.713
1580,7.80194400000001,4.423
1581,7.80888600000001,6.942
1582,7.81286300000001,3.977
1583,7.81752600000001,4.663
1584,7.82277000000001,5.244
1585,7.82697300000001,4.203
1586,7.83323800000001,6.265
1587,7.83760500000001,4.367
1588,7.84279300000001,5.188
1589,7.84714400000001,4.351
1590,7.85129900000001,4.155
1591,7.85870400000001,7.405
1592,7.86234800000001,3.644
1593,7.86678100000001,4.433
1594,7.87227100000001,5.49
1595,7.87602000000001,3.749
1596,7.88219700000001,6.177
1597,7.88684200000001,4.645
1598,7.89240700000001,5.565
1599,7.89731000000001,4.903
1600,7.90235300000001,5.043
1601,7.90925300000001,6.9
1602,7.91315000000001,3.897
1603,7.91725800000001,4.108
1604,7.92243200000001,5.174
1605,7.92738600000001,4.954
1606,7.93402300000001,6.637
1607,7.93722000000001,3.197
1608,7.94353200000001,6.312
1609,7.94701200000001,3.48
1610,7.95120300000001,4.191
1611,7.95818300000001,6.98
1612,7.96151800000001,3.335
1613,7.96585700000001,4.339
1614,7.96998300000001,4.126
1615,7.97528000000001,5.297
1616,7.98072700000001,5.447
1617,7.98461800000001,3.891
1618,7.98979200000001,5.174
1619,7.99367600000001,3.884
1620,7.99755400000001,3.878
1621,8.00348300000001,5.929
1622,8.00863200000001,5.149
1623,8.01209100000001,3.459
1624,8.01619100000001,4.1
1625,8.02047000000001,4.279
1626,8.02665100000001,6.181
1627,8.03159400000001,4.943
1628,8.03610800000001,4.514
1629,8.04074300000001,4.635
1630,8.04465800000001,3.915
1631,8.05005000000001,5.392
1632,8.05428200000001,4.232
1633,8.05928600000001,5.004
1634,8.06294700000001,3.661
1635,8.06710000000001,4.153
1636,8.07323100000001,6.131
1637,8.07809300000001,4.862
1638,8.08169900000001,3.606
1639,8.08579700000001,4.098
1640,8.09091800000001,5.121
1641,8.09579700000001,4.879
1642,8.10063000000001,4.833
1643,8.10480400000001,4.174
1644,8.10987200000001,5.068
1645,8.11364900000001,3.777
1646,8.11945300000001,5.804
1647,8.12393800000001,4.485
1648,8.13106600000001,7.128
1649,8.13551600000001,4.45
1650,8.13870500000001,3.189
1651,8.14533700000001,6.632
1652,8.14861600000001,3.279
1653,8.15297000000001,4.354
1654,8.15736800000001,4.398
1655,8.16253300000001,5.165
1656,8.16799300000001,5.46
1657,8.17208600000001,4.093
1658,8.17727900000001,5.193
1659,8.18296800000001,5.689
1660,8.18698400000001,4.016
1661,8.19297800000001,5.994
1662,8.19791500000001,4.937
1663,8.20144900000001,3.534
1664,8.20593200000001,4.483
1665,8.21086800000001,4.936
1666,8.21702300000001,6.155
1667,8.22066400000001,3.641
1668,8.22461100000001,3.947
1669,8.22913200000001,4.521
1670,8.23390900000001,4.777
1671,8.23956600000001,5.657
1672,8.24741000000001,7.844
1673,8.25407400000001,6.664
1674,8.25755200000001,3.478
1675,8.26117300000001,3.621
1676,8.26742900000001,6.256
1677,8.27216700000001,4.738
1678,8.27650100000001,4.334
1679,8.28119700000001,4.696
1680,8.28701000000001,5.813
1681,8.29252200000001,5.512
1682,8.29692400000001,4.402
1683,8.30100800000001,4.084
1684,8.30620800000001,5.2
1685,8.31177000000001,5.562
1686,8.31574500000001,3.975
1687,8.32068000000001,4.935
1688,8.32435600000001,3.676
1689,8.32856500000001,4.209
1690,8.33297600000001,4.411
1691,8.33960800000001,6.632
1692,8.34440400000001,4.796
1693,8.34947000000001,5.066
1694,8.35428100000001,4.811
1695,8.35800300000001,3.722
1696,8.36395000000001,5.947
1697,8.36813800000001,4.188
1698,8.37319400000001,5.056
1699,8.37787600000001,4.682
1700,8.38206500000001,4.189
1701,8.38808500000001,6.02
1702,8.39184400000001,3.759
1703,8.39610300000001,4.259
1704,8.40019000000001,4.087
1705,8.40510200000001,4.912
1706,8.41216100000001,7.059
1707,8.41604400000001,3.883
1708,8.42175400000001,5.71
1709,8.42584900000001,4.095
1710,8.42994800000001,4.099
1711,8.43685000000001,6.902
1712,8.44110900000001,4.259
1713,8.44558200000001,4.473
1714,8.44941800000001,3.836
1715,8.45386400000001,4.446
1716,8.45911900000001,5.255
1717,8.46334200000001,4.223
1718,8.46757400000001,4.232
1719,8.47309400000001,5.52
1720,8.47864000000001,5.546
1721,8.48284900000001,4.209
1722,8.48812200000001,5.273
1723,8.49128100000001,3.159
1724,8.49550400000001,4.223
1725,8.49970600000001,4.202
1726,8.50658500000001,6.879
1727,8.51036300000001,3.778
1728,8.51713200000001,6.769
1729,8.52153600000001,4.404
1730,8.52529300000001,3.757
1731,8.53125000000001,5.957
1732,8.53555900000001,4.309
1733,8.54108500000001,5.526
1734,8.54638300000001,5.298
1735,8.55104200000001,4.659
1736,8.55797500000001,6.933
1737,8.56155300000001,3.578
1738,8.56559900000001,4.046
1739,8.56998900000001,4.39
1740,8.57551800000001,5.529
1741,8.58027000000001,4.752
1742,8.58519200000001,4.922
1743,8.59040600000001,5.214
1744,8.59411400000001,3.708
1745,8.59828100000001,4.167
1746,8.60447500000001,6.194
1747,8.60983500000001,5.36
1748,8.61543600000001,5.601
1749,8.61964500000001,4.209
1750,8.62474900000001,5.104
1751,8.63005700000001,5.308
1752,8.63444700000001,4.39
1753,8.63929600000001,4.849
1754,8.64429600000001,5.0
1755,8.64921400000001,4.918
1756,8.65381900000001,4.605
1757,8.65899500000001,5.176
1758,8.66265400000001,3.659
1759,8.66683400000001,4.18
1760,8.67190600000001,5.072
1761,8.67939100000001,7.485
1762,8.68419300000001,4.802
1763,8.68834200000001,4.149
1764,8.69221400000001,3.872
1765,8.69670400000001,4.49
1766,8.70260800000001,5.904
1767,8.70810600000001,5.498
1768,8.71256400000001,4.458
1769,8.71641800000001,3.854
1770,8.72132500000001,4.907
1771,8.72683900000001,5.514
1772,8.73132000000001,4.481
1773,8.73771800000001,6.398
1774,8.74156900000001,3.851
1775,8.74601000000001,4.441
1776,8.75190200000001,5.892
1777,8.75718000000001,5.278
1778,8.76200000000001,4.82
1779,8.76604000000001,4.04
1780,8.77197700000001,5.937
1781,8.77767900000001,5.702
1782,8.78199600000001,4.317
1783,8.78716900000001,5.173
1784,8.79101500000001,3.846
1785,8.79638700000001,5.372
1786,8.80146600000001,5.079
1787,8.80636400000001,4.898
1788,8.81008300000001,3.719
1789,8.81483800000001,4.755
1790,8.82025000000001,5.412
1791,8.82512400000001,4.874
1792,8.83018600000001,5.062
1793,8.83440600000001,4.22
1794,8.83822200000001,3.816
1795,8.84298700000001,4.765
1796,8.84888000000001,5.893
1797,8.85566500000001,6.785
1798,8.86112000000001,5.455
1799,8.86468200000001,3.562
1800,8.86971000000001,5.028
1801,8.87535500000001,5.645
1802,8.87981500000001,4.46
1803,8.88488500000001,5.07
1804,8.88873100000001,3.846
1805,8.89393200000001,5.201
1806,8.89954000000001,5.608
1807,8.90510900000001,5.569
1808,8.90985100000001,4.742
1809,8.91369200000001,3.841
1810,8.92020300000001,6.511
1811,8.92609300000001,5.89
1812,8.93091400000001,4.821
1813,8.93566400000001,4.75
1814,8.93941900000001,3.755
1815,8.94403600000001,4.617
1816,8.95026700000001,6.231
1817,8.95539800000001,5.131
1818,8.95970500000001,4.307
1819,8.96474100000001,5.036
1820,8.96940100000001,4.66
1821,8.97503000000001,5.629
1822,8.97949000000001,4.46
1823,8.98478500000001,5.295
1824,8.98869700000001,3.912
1825,8.99401500000001,5.318
1826,8.99937800000001,5.363
1827,9.00493700000001,5.559
1828,9.00863600000001,3.699
1829,9.01309300000001,4.457
1830,9.01825500000001,5.162
1831,9.02396400000001,5.709
1832,9.02878700000001,4.823
1833,9.03413500000001,5.348
1834,9.03759700000001,3.462
1835,9.04203800000001,4.441
1836,9.04790900000001,5.871
1837,9.05309600000001,5.187
1838,9.05689400000001,3.798
1839,9.06299800000001,6.104
1840,9.06830400000001,5.306
1841,9.07385500000001,5.551
1842,9.07800500000001,4.15
1843,9.08295700000001,4.952
1844,9.08668800000001,3.731
1845,9.09106200000001,4.374
1846,9.09608100000001,5.019
1847,9.10044200000001,4.361
1848,9.10385900000001,3.417
1849,9.10991500000001,6.056
1850,9.11481100000001,4.896
1851,9.12023700000001,5.426
1852,9.12475600000001,4.519
1853,9.12964800000001,4.892
1854,9.13469200000001,5.044
1855,9.13802600000001,3.334
1856,9.14167900000001,3.653
1857,9.14651300000001,4.834
1858,9.15013200000001,3.619
1859,9.15428400000001,4.152
1860,9.16046400000001,6.18
1861,9.16453400000001,4.07
1862,9.16942100000001,4.887
1863,9.17359700000001,4.176
1864,9.17851200000001,4.915
1865,9.18215100000001,3.639
1866,9.18829200000001,6.141
1867,9.19265400000001,4.362
1868,9.19769200000001,5.038
1869,9.20118100000001,3.489
1870,9.20543300000001,4.252
1871,9.21051500000001,5.082
1872,9.21420300000001,3.688
1873,9.21842200000001,4.219
1874,9.22274800000001,4.326
1875,9.22913500000001,6.387
1876,9.23329700000001,4.162
1877,9.23728000000001,3.983
1878,9.24228800000001,5.008
1879,9.24600400000001,3.716
1880,9.25012600000001,4.122
1881,9.25632500000001,6.199
1882,9.26164000000001,5.315
1883,9.26486700000001,3.227
1884,9.26896400000001,4.097
1885,9.27406300000001,5.099
1886,9.27842800000001,4.365
1887,9.28271400000001,4.286
1888,9.28880300000001,6.089
1889,9.29403000000001,5.227
1890,9.29921500000001,5.185
1891,9.30340700000001,4.192
1892,9.30855300000001,5.146
1893,9.31213400000001,3.581
1894,9.31634200000001,4.208
1895,9.32067400000001,4.332
1896,9.32557200000002,4.898
1897,9.33089500000002,5.323
1898,9.33510700000002,4.212
1899,9.34211000000002,7.003
1900,9.34725300000002,5.143
1901,9.35191400000002,4.661
1902,9.35649300000002,4.579
1903,9.36136000000002,4.867
1904,9.36496100000002,3.601
1905,9.36896700000002,4.006
1906,9.37491400000002,5.947
1907,9.37814600000002,3.232
1908,9.38404200000002,5.896
1909,9.38839800000002,4.356
1910,9.39540100000002,7.003
1911,9.39904000000002,3.639
1912,9.40306500000002,4.025
1913,9.40825500000002,5.19
1914,9.41162100000002,3.366
1915,9.41594000000002,4.319
1916,9.42026200000002,4.322
1917,9.42698700000002,6.725
1918,9.43039600000002,3.409
1919,9.43660800000002,6.212
1920,9.44185200000002,5.244
1921,9.44648500000002,4.633
1922,9.45043300000002,3.948
1923,9.45556100000002,5.128
1924,9.46072800000002,5.167
1925,9.46425700000002,3.529
1926,9.46925700000002,5.0
1927,9.47435900000002,5.102
1928,9.47929400000002,4.935
1929,9.48414700000002,4.853
1930,9.49035100000002,6.204
1931,9.49542700000002,5.076
1932,9.49878000000002,3.353
1933,9.50309400000002,4.314
1934,9.50826300000002,5.169
1935,9.51180900000002,3.546
1936,9.51587100000002,4.062
1937,9.52025800000002,4.387
1938,9.52524600000002,4.988
1939,9.52864300000002,3.397
1940,9.53475400000002,6.111
1941,9.53950300000002,4.749
1942,9.54593600000002,6.433
1943,9.54985900000002,3.923
1944,9.55436500000002,4.506
1945,9.56100800000002,6.643
1946,9.56460500000002,3.597
1947,9.56886100000002,4.256
1948,9.57396800000002,5.107
1949,9.57755400000002,3.586
1950,9.58350400000002,5.95
1951,9.58764400000002,4.14
1952,9.59309700000002,5.453
1953,9.59633500000002,3.238
1954,9.60050600000002,4.171
1955,9.60777100000002,7.265
1956,9.61328300000002,5.512
1957,9.61790300000002,4.62
1958,9.62132600000002,3.423
1959,9.62634100000002,5.015
1960,9.63161400000002,5.273
1961,9.63585300000002,4.239
1962,9.64137000000002,5.517
1963,9.64687600000002,5.506
1964,9.65103300000002,4.157
1965,9.65712500000002,6.092
1966,9.66205500000002,4.93
1967,9.66574100000002,3.686
1968,9.66988100000002,4.14
1969,9.67517500000002,5.294
1970,9.67874300000002,3.568
1971,9.68291300000002,4.17
1972,9.68728600000002,4.373
1973,9.69222400000002,4.938
1974,9.69582600000002,3.602
1975,9.70185800000002,6.032
1976,9.70724000000002,5.382
1977,9.71116600000002,3.926
1978,9.71638100000002,5.215
1979,9.72146800000002,5.087
1980,9.72797900000002,6.511
1981,9.73168800000002,3.709
1982,9.73588000000002,4.192
1983,9.74149500000002,5.615
1984,9.74496400000002,3.469
1985,9.75072700000002,5.763
1986,9.75503900000002,4.312
1987,9.76020100000002,5.162
1988,9.76383500000002,3.634
1989,9.76815900000002,4.324
1990,9.77497000000002,6.811
1991,9.77915300000002,4.183
1992,9.78491800000002,5.765
1993,9.78951900000002,4.601
1994,9.79428200000002,4.763
1995,9.79962100000002,5.339
1996,9.80380200000002,4.181
1997,9.80873900000002,4.937
1998,9.81320900000002,4.47
1999,9.81719200000002,3.983
2000,9.82319900000002,6.007
2001,9.82873300000002,5.534
2002,9.83255500000002,3.822
2003,9.83631900000002,3.764
2004,9.84158000000002,5.261
2005,9.84507700000002,3.497
2006,9.84952000000002,4.443
2007,9.85384700000002,4.327
2008,9.85893100000002,5.084
2009,9.86288800000002,3.957
2010,9.86872500000002,5.837
2011,9.87402100000002,5.296
2012,9.87768400000002,3.663
2013,9.88193500000002,4.251
2014,9.88620800000002,4.273
2015,9.89143900000002,5.231
2016,9.89581400000002,4.375
2017,9.89936100000002,3.547
2018,9.90374600000002,4.385
2019,9.90931000000002,5.564
2020,9.91273900000002,3.429
2021,9.91890700000002,6.168
2022,9.92404900000002,5.142
2023,9.92898400000002,4.935
2024,9.93466600000002,5.682
2025,9.93812500000002,3.459
2026,9.94344300000002,5.318
2027,9.94706600000002,3.623
2028,9.95134400000001,4.278
2029,9.95560900000002,4.265
2030,9.96073400000001,5.125
2031,9.96448600000002,3.752
2032,9.97049300000002,6.007
2033,9.97553700000002,5.044
2034,9.97899800000001,3.461
2035,9.98337300000001,4.375
2036,9.98756300000001,4.19
2037,9.99405400000001,6.491
2038,9.99762000000001,3.566
2039,10.001918,4.298
2040,10.00623,4.312
2041,10.010966,4.736
2042,10.014597,3.631
2043,10.020674,6.077
2044,10.025782,5.108
2045,10.030705,4.923
2046,10.035465,4.76
2047,10.039733,4.268
2048,10.044742,5.009
2049,10.048004,3.262
2050,10.053809,5.805
2051,10.057963,4.154
2052,10.062848,4.885
2053,10.066267,3.419
2054,10.070359,4.092
2055,10.076626,6.267
2056,10.079743,3.117
2057,10.08363,3.887
2058,10.08782,4.19
2059,10.094076,6.256
2060,10.096989,2.913
2061,10.10292,5.931
2062,10.107051,4.131
2063,10.111821,4.77
2064,10.115298,3.477
2065,10.119514,4.216
2066,10.124945,5.431
2067,10.129499,4.554
2068,10.133459,3.96
2069,10.137319,3.86
2070,10.143694,6.375
2071,10.147151,3.457
2072,10.153103,5.952
2073,10.157555,4.452
2074,10.162378,4.823
2075,10.165654,3.276
2076,10.169861,4.207
2077,10.175183,5.322
2078,10.178508,3.325
2079,10.182868,4.36
2080,10.18718,4.312
2081,10.193373,6.193
2082,10.197762,4.389
2083,10.201657,3.895
2084,10.205822,4.165
2085,10.210671,4.849
2086,10.214173,3.502
2087,10.218281,4.108
2088,10.223233,4.952
2089,10.229217,5.984
2090,10.233498,4.281
2091,10.237647,4.149
2092,10.244205,6.558
2093,10.247686,3.481
2094,10.252039,4.353
2095,10.256183,4.144
2096,10.261605,5.422
2097,10.264718,3.113
2098,10.268985,4.267
2099,10.274193,5.208
2100,10.27817,3.977
2101,10.281747,3.577
2102,10.28599,4.243
2103,10.291235,5.245
2104,10.295914,4.679
2105,10.299437,3.523
2106,10.303455,4.018
2107,10.308349,4.894
2108,10.312822,4.473
2109,10.316618,3.796
2110,10.320546,3.928
2111,10.325452,4.906
2112,10.333939,8.487
2113,10.338156,4.217
2114,10.343213,5.057
2115,10.347638,4.425
2116,10.351135,3.497
2117,10.355318,4.183
2118,10.361786,6.468
2119,10.365904,4.118
2120,10.369437,3.533
2121,10.373585,4.148
2122,10.378922,5.337
2123,10.383222,4.3
2124,10.386596,3.374
2125,10.391211,4.615
2126,10.396495,5.284
2127,10.400582,4.087
2128,10.404195,3.613
2129,10.408507,4.312
2130,10.414889,6.382
2131,10.417994,3.105
2132,10.423905,5.911
2133,10.42967,5.765
2134,10.434487,4.817
2135,10.437971,3.484
2136,10.442512,4.541
2137,10.447843,5.331
2138,10.452892,5.049
2139,10.456175,3.283
2140,10.461762,5.587
2141,10.465894,4.132
2142,10.469465,3.571
2143,10.473862,4.397
2144,10.479728,5.866
2145,10.484496,4.768
2146,10.487806,3.31
2147,10.492347,4.541
2148,10.4972,4.853
2149,10.50167,4.47
2150,10.505429,3.759
2151,10.511029,5.6
2152,10.51654,5.511
2153,10.520238,3.698
2154,10.524989,4.751
2155,10.53054,5.551
2156,10.535562,5.022
2157,10.539316,3.754
2158,10.544506,5.19
2159,10.549497,4.991
2160,10.554468,4.971
2161,10.557793,3.325
2162,10.562381,4.588
2163,10.567676,5.295
2164,10.571193,3.517
2165,10.575702,4.509
2166,10.580901,5.199
2167,10.585987,5.086
2168,10.589937,3.95
2169,10.595857,5.92
2170,10.599718,3.861
2171,10.60495,5.232
2172,10.608845,3.895
2173,10.614805,5.96
2174,10.619786,4.981
2175,10.623726,3.94
2176,10.62819,4.464
2177,10.632604,4.414
2178,10.637835,5.231
2179,10.641758,3.923
2180,10.646393,4.635
2181,10.651006,4.613
2182,10.655642,4.636
2183,10.659997,4.355
2184,10.664517,4.52
2185,10.66966,5.143
2186,10.673624,3.964
2187,10.678169,4.545
2188,10.682609,4.44
2189,10.687807,5.198
2190,10.69164,3.833
2191,10.69578,4.14
2192,10.700278,4.498
2193,10.70549,5.212
2194,10.709037,3.547
2195,10.71322,4.183
2196,10.71822,5.0
2197,10.721905,3.685
2198,10.726221,4.316
2199,10.730461,4.24
2200,10.735288,4.827
2201,10.739264,3.976
2202,10.743772,4.508
2203,10.74818,4.408
2204,10.752948,4.768
2205,10.756554,3.606
2206,10.760898,4.344
2207,10.765866,4.968
2208,10.769541,3.675
2209,10.773836,4.295
2210,10.778771,4.935
2211,10.784861,6.09
2212,10.78846,3.599
2213,10.7951,6.64
2214,10.798947,3.847
2215,10.804099,5.152
2216,10.812575,8.476
2217,10.818783,6.208
2218,10.823591,4.808
2219,10.827598,4.007
2220,10.832407,4.809
2221,10.836795,4.388
2222,10.843693,6.898
2223,10.848621,4.928
2224,10.853344,4.723
2225,10.85783,4.486
2226,10.861469,3.639
2227,10.865893,4.424
2228,10.870217,4.324
2229,10.877231,7.014
2230,10.880351,3.12
2231,10.884734,4.383
2232,10.890418,5.684
2233,10.894502,4.084
2234,10.898628,4.126
2235,10.902999,4.371
2236,10.908193,5.194
2237,10.912821,4.628
2238,10.918322,5.501
2239,10.923261,4.939
2240,10.928508,5.247
2241,10.933339,4.831
2242,10.937581,4.242
2243,10.942751,5.17
2244,10.946235,3.484
2245,10.950659,4.424
2246,10.955385,4.726
2247,10.960653,5.268
2248,10.964819,4.166
2249,10.969198,4.379
2250,10.974282,5.084
2251,10.978035,3.753
2252,10.982063,4.028
2253,10.986983,4.92
2254,10.990898,3.915
2255,10.995199,4.301
2256,10.999485,4.286
2257,11.004598,5.113
2258,11.008311,3.713
2259,11.012571,4.26
2260,11.017622,5.051
2261,11.021219,3.597
2262,11.02576,4.541
2263,11.03012,4.36
2264,11.034965,4.845
2265,11.038799,3.834
2266,11.043154,4.355
2267,11.048496,5.342
2268,11.052028,3.532
2269,11.056438,4.41
2270,11.061379,4.941
2271,11.065852,4.473
2272,11.069691,3.839
2273,11.076038,6.347
2274,11.080934,4.896
2275,11.084741,3.807
2276,11.089116,4.375
2277,11.094602,5.486
2278,11.09959,4.988
2279,11.103192,3.602
2280,11.107638,4.446
2281,11.112017,4.379
2282,11.117322,5.305
2283,11.120531,3.209
2284,11.126118,5.587
2285,11.131626,5.508
2286,11.136023,4.397
2287,11.140433,4.41
2288,11.144724,4.291
2289,11.149849,5.125
2290,11.153264,3.415
2291,11.159299,6.035
2292,11.16434,5.041
2293,11.167702,3.362
2294,11.172152,4.45
2295,11.176592,4.44
2296,11.181613,5.021
2297,11.185257,3.644
2298,11.189597,4.34
2299,11.194086,4.489
2300,11.198749,4.663
2301,11.202454,3.705
2302,11.207055,4.601
2303,11.211662,4.607
2304,11.215196,3.534
2305,11.219532,4.336
2306,11.224227,4.695
2307,11.229506,5.279
2308,11.233035,3.529
2309,11.237005,3.97
2310,11.24157,4.565
2311,11.24652,4.95
2312,11.25023,3.71
2313,11.254431,4.201
2314,11.259727,5.296
2315,11.265241,5.514
2316,11.269395,4.154
2317,11.275433,6.038
2318,11.280299,4.866
2319,11.283957,3.658
2320,11.288573,4.616
2321,11.292794,4.221
2322,11.297744,4.95
2323,11.301324,3.58
2324,11.305701,4.377
2325,11.310663,4.962
2326,11.316064,5.401
2327,11.320496,4.432
2328,11.325451,4.955
2329,11.330241,4.79
2330,11.333949,3.708
2331,11.338294,4.345
2332,11.34263,4.336
2333,11.347678,5.048
2334,11.351394,3.716
2335,11.358025,6.631
2336,11.362943,4.918
2337,11.368403,5.46
2338,11.373304,4.901
2339,11.377671,4.367
2340,11.382537,4.866
2341,11.386401,3.864
2342,11.391145,4.744
2343,11.395625,4.48
2344,11.400768,5.143
2345,11.404699,3.931
2346,11.409208,4.509
2347,11.414334,5.126
2348,11.41835,4.016
2349,11.423026,4.676
2350,11.427669,4.643
2351,11.432872,5.203
2352,11.436684,3.812
2353,11.440939,4.255
2354,11.445385,4.446
2355,11.452478,7.093
2356,11.456408,3.93
2357,11.462291,5.883
2358,11.467241,4.95
2359,11.471214,3.973
2360,11.475478,4.264
2361,11.479895,4.417
2362,11.484913,5.018
2363,11.488815,3.902
2364,11.492598,3.783
2365,11.497748,5.15
2366,11.50286,5.112
2367,11.507172,4.312
2368,11.511466,4.294
2369,11.516523,5.057
2370,11.519929,3.406
2371,11.524127,4.198
2372,11.528253,4.126
2373,11.533174,4.921
2374,11.53652,3.346
2375,11.541023,4.503
2376,11.546568,5.545
2377,11.551095,4.527
2378,11.55533,4.235
2379,11.559292,3.962
2380,11.564875,5.583
2381,11.567624,2.749
2382,11.573738,6.114
2383,11.578108,4.37
2384,11.583406,5.298
2385,11.586694,3.288
2386,11.59284,6.146
2387,11.597807,4.967
2388,11.601331,3.524
2389,11.605621,4.29
2390,11.610041,4.42
2391,11.615055,5.014
2392,11.618359,3.304
2393,11.62304,4.681
2394,11.627737,4.697
2395,11.633885,6.148
2396,11.637075,3.19
2397,11.642913,5.838
2398,11.647844,4.931
2399,11.651317,3.473
2400,11.655534,4.217
2401,11.659664,4.13
2402,11.664668,5.004
2403,11.668062,3.394
2404,11.672426,4.364
2405,11.676929,4.503
2406,11.683319,6.39
2407,11.68683,3.511
2408,11.691042,4.212
2409,11.695851,4.809
2410,11.699666,3.815
2411,11.703686,4.02
2412,11.708903,5.217
2413,11.712861,3.958
2414,11.716543,3.682
2415,11.722753,6.21
2416,11.727496,4.743
2417,11.733509,6.013
2418,11.736867,3.358
2419,11.741026,4.159
2420,11.746056,5.03
2421,11.749743,3.687
2422,11.753834,4.091
2423,11.758392,4.558
2424,11.763151,4.759
2425,11.766777,3.626
2426,11.772874,6.097
2427,11.776918,4.044
2428,11.781932,5.014
2429,11.785343,3.411
2430,11.790379,5.036
2431,11.795235,4.856
2432,11.798749,3.514
2433,11.803035,4.286
2434,11.808276,5.241
2435,11.814426,6.15
2436,11.818082,3.656
2437,11.823723,5.641
2438,11.828413,4.69
2439,11.833497,5.084
2440,11.836388,2.891
2441,11.840487,4.099
2442,11.845603,5.116
2443,11.849195,3.592
2444,11.853213,4.018
2445,11.858197,4.984
2446,11.864389,6.192
2447,11.86769,3.301
2448,11.872021,4.331
2449,11.876064,4.043
2450,11.880986,4.922
2451,11.884631,3.645
2452,11.888746,4.115
2453,11.893951,5.205
2454,11.897806,3.855
2455,11.903134,5.328
2456,11.907318,4.184
2457,11.913607,6.289
2458,11.916969,3.362
2459,11.921518,4.549
2460,11.926427,4.909
2461,11.931254,4.827
2462,11.934465,3.211
2463,11.938604,4.139
2464,11.943964,5.36
2465,11.946828,2.864
2466,11.952939,6.111
2467,11.956997,4.058
2468,11.963584,6.587
2469,11.966932,3.348
2470,11.971262,4.33
2471,11.976818,5.556
2472,11.981332,4.514
2473,11.985029,3.697
2474,11.989279,4.25
2475,11.994724,5.445
2476,11.997799,3.075
2477,12.003264,5.465
2478,12.007812,4.548
2479,12.013205,5.393
2480,12.016531,3.326
2481,12.020735,4.204
2482,12.025635,4.9
2483,12.031054,5.419
2484,12.035459,4.405
2485,12.039873,4.414
2486,12.044595,4.722
2487,12.047912,3.317
2488,12.052144,4.232
2489,12.056608,4.464
2490,12.062959,6.351
2491,12.066531,3.572
2492,12.070726,4.195
2493,12.076375,5.649
2494,12.080339,3.964
2495,12.085809,5.47
2496,12.090086,4.277
2497,12.097257,7.171
2498,12.100426,3.169
2499,12.10496,4.534
2500,12.108953,3.993
2501,12.114022,5.069
2502,12.117489,3.467
2503,12.121665,4.176
2504,12.127377,5.712
2505,12.133912,6.535
2506,12.139168,5.256
2507,12.143181,4.013
2508,12.14818,4.999
2509,12.151464,3.284
2510,12.157346,5.882
2511,12.161695,4.349
2512,12.166317,4.622
2513,12.16963,3.313
2514,12.175232,5.602
2515,12.181646,6.414
2516,12.185208,3.562
2517,12.190897,5.689
2518,12.195206,4.309
2519,12.200022,4.816
2520,12.203659,3.637
2521,12.209303,5.644
2522,12.213093,3.79
2523,12.21799,4.897
2524,12.221751,3.761
2525,12.226946,5.195
2526,12.232569,5.623
2527,12.236127,3.558
2528,12.240572,4.445
2529,12.245453,4.881
2530,12.249863,4.41
2531,12.252946,3.083
2532,12.258447,5.501
2533,12.26211,3.663
2534,12.266953,4.843
2535,12.2725,5.547
2536,12.276985,4.485
2537,12.281907,4.922
2538,12.284969,3.062
2539,12.29046,5.491
2540,12.294236,3.776
2541,12.299114,4.878
2542,12.302755,3.641
2543,12.308779,6.024
2544,12.312365,3.586
2545,12.317322,4.957
2546,12.320579,3.257
2547,12.325929,5.35
2548,12.330373,4.444
2549,12.33396,3.587
2550,12.338043,4.083
2551,12.344688,6.645
2552,12.350076,5.388
2553,12.352474,2.398
2554,12.356297,3.823
2555,12.361255,4.958
2556,12.366186,4.931
2557,12.369527,3.341
2558,12.374213,4.686
2559,12.381739,7.526
2560,12.385355,3.616
2561,12.389483,4.128
2562,12.394897,5.414
2563,12.399131,4.234
2564,12.40269,3.559
2565,12.408324,5.634
2566,12.415136,6.812
2567,12.418743,3.607
2568,12.423348,4.605
2569,12.428023,4.675
2570,12.43287,4.847
2571,12.436229,3.359
2572,12.441133,4.904
2573,12.449354,8.221
2574,12.452294,2.94
2575,12.457154,4.86
2576,12.4611,3.946
2577,12.466322,5.222
2578,12.470037,3.715
2579,12.474952,4.915
2580,12.48158,6.628
2581,12.484991,3.411
2582,12.489782,4.791
2583,12.494562,4.78
2584,12.499456,4.894
2585,12.503267,3.811
2586,12.508255,4.988
2587,12.514569,6.314
2588,12.518296,3.727
2589,12.522807,4.511
2590,12.527252,4.445
2591,12.532811,5.559
2592,12.536512,3.701
2593,12.540789,4.277
2594,12.546425,5.636
2595,12.551543,5.118
2596,12.554442,2.899
2597,12.560823,6.381
2598,12.565393,4.57
2599,12.569252,3.859
2600,12.573622,4.37
2601,12.579696,6.074
2602,12.583615,3.919
2603,12.587432,3.817
2604,12.591651,4.219
2605,12.598614,6.963
2606,12.602112,3.498
2607,12.606514,4.402
2608,12.612399,5.885
2609,12.616984,4.585
2610,12.620192,3.208
2611,12.624552,4.36
2612,12.631417,6.865
2613,12.63497,3.553
2614,12.639237,4.267
2615,12.643673,4.436
2616,12.652632,8.959
2617,12.65602,3.388
2618,12.660071,4.051
2619,12.665018,4.947
2620,12.668744,3.726
2621,12.673541,4.797
2622,12.679497,5.956
2623,12.683542,4.045
2624,12.687204,3.662
2625,12.691533,4.329
2626,12.695708,4.175
2627,12.700598,4.89
2628,12.704192,3.594
2629,12.710998,6.806
2630,12.718308,7.31
2631,12.721441,3.133
2632,12.727892,6.451
2633,12.735428,7.536
2634,12.741315,5.887
2635,12.745246,3.931
2636,12.750322,5.076
2637,12.756079,5.757
2638,12.760928,4.849
2639,12.767283,6.355
2640,12.770219,2.936
2641,12.776949,6.73
2642,12.780446,3.497
2643,12.784514,4.068
2644,12.792424,7.91
2645,12.799867,7.443
2646,12.803642,3.775
2647,12.812677,9.035
2648,12.815556,2.879
2649,12.821006,5.45
2650,12.826166,5.16
2651,12.830325,4.159
2652,12.834771,4.446
2653,12.839313,4.542
2654,12.842726,3.413
2655,12.847048,4.322
2656,12.851889,4.841
2657,12.855788,3.899
2658,12.860416,4.628
2659,12.865104,4.688
2660,12.868579,3.475
2661,12.87318,4.601
2662,12.878264,5.084
2663,12.8832,4.936
2664,12.886854,3.654
2665,12.892455,5.601
2666,12.897087,4.632
2667,12.900994,3.907
2668,12.906697,5.703
2669,12.911897,5.2
2670,12.915888,3.991
2671,12.919655,3.767
2672,12.927031,7.376
2673,12.93187,4.839
2674,12.93427,2.4
2675,12.938293,4.023
2676,12.943938,5.645
2677,12.947022,3.084
2678,12.951284,4.262
2679,12.956323,5.039
2680,12.962471,6.148
2681,12.965433,2.962
2682,12.969637,4.204
2683,12.974552,4.915
2684,12.978901,4.349
2685,12.982708,3.807
2686,12.986702,3.994
2687,12.992227,5.525
2688,12.998609,6.382
2689,13.002286,3.677
2690,13.00733,5.044
2691,13.011978,4.648
2692,13.015562,3.584
2693,13.019785,4.223
2694,13.02479,5.005
2695,13.03298,8.19
2696,13.035514,2.534
2697,13.039706,4.192
2698,13.045645,5.939
2699,13.04878,3.135
2700,13.05288,4.1
2701,13.05855,5.67
2702,13.063504,4.954
2703,13.066875,3.371
2704,13.071044,4.169
2705,13.076193,5.149
2706,13.081914,5.721
2707,13.08618,4.266
2708,13.09252,6.34
2709,13.097312,4.792
2710,13.100707,3.395
2711,13.105145,4.438
2712,13.109915,4.77
2713,13.115163,5.248
2714,13.119398,4.235
2715,13.123702,4.304
2716,13.132012,8.31
2717,13.13451,2.498
2718,13.139496,4.986
2719,13.145195,5.699
2720,13.150193,4.998
2721,13.153837,3.644
2722,13.157872,4.035
2723,13.165036,7.164
2724,13.168292,3.256
2725,13.174181,5.889
2726,13.178447,4.266
2727,13.183272,4.825
2728,13.189212,5.94
2729,13.193154,3.942
2730,13.198013,4.859
2731,13.201875,3.862
2732,13.20611,4.235
2733,13.210409,4.299
2734,13.21536,4.951
2735,13.218961,3.601
2736,13.223545,4.584
2737,13.228034,4.489
2738,13.233075,5.041
2739,13.236153,3.078
2740,13.242046,5.893
2741,13.246294,4.248
2742,13.249994,3.7
2743,13.254258,4.264
2744,13.260258,6.0
2745,13.266597,6.339
2746,13.270083,3.486
2747,13.274321,4.238
2748,13.286227,11.906
2749,13.290373,4.146
2750,13.293828,3.455
2751,13.298219,4.391
2752,13.303353,5.134
2753,13.30695,3.597
2754,13.311109,4.159
2755,13.31597,4.861
2756,13.31968,3.71
2757,13.324145,4.465
2758,13.328244,4.099
2759,13.333111,4.867
2760,13.336763,3.652
2761,13.341203,4.44
2762,13.34574,4.537
2763,13.350322,4.582
2764,13.353953,3.631
2765,13.360441,6.488
2766,13.365268,4.827
2767,13.368825,3.557
2768,13.375057,6.232
2769,13.379362,4.305
2770,13.384282,4.92
2771,13.388118,3.836
2772,13.392493,4.375
2773,13.397801,5.308
2774,13.401201,3.4
2775,13.405594,4.393
2776,13.410688,5.094
2777,13.415792,5.104
2778,13.41928,3.488
2779,13.424442,5.162
2780,13.428938,4.496
2781,13.433668,4.73
2782,13.437546,3.878
2783,13.442328,4.782
2784,13.447547,5.219
2785,13.452145,4.598
2786,13.45647,4.325
2787,13.460821,4.351
2788,13.467672,6.851
2789,13.471511,3.839
2790,13.475719,4.208
2791,13.480732,5.013
2792,13.484545,3.813
2793,13.488972,4.427
2794,13.493177,4.205
2795,13.498979,5.802
2796,13.501931,2.952
2797,13.506579,4.648
2798,13.511009,4.43
2799,13.516021,5.012
2800,13.519708,3.687
2801,13.524098,4.39
2802,13.529257,5.159
2803,13.53327,4.013
2804,13.538118,4.848
2805,13.543158,5.04
2806,13.5487,5.542
2807,13.551632,2.932
2808,13.557816,6.184
2809,13.562229,4.413
2810,13.567716,5.487
2811,13.571651,3.935
2812,13.57762,5.969
2813,13.583787,6.167
2814,13.589581,5.794
2815,13.593913,4.332
2816,13.599082,5.169
2817,13.604777,5.695
2818,13.611231,6.454
2819,13.616795,5.564
2820,13.625468,8.673
2821,13.631343,5.875
2822,13.633603,2.26
2823,13.640734,7.131
2824,13.645978,5.244
2825,13.650585,4.607
2826,13.654216,3.631
2827,13.65926,5.044
2828,13.665421,6.161
2829,13.66945,4.029
2830,13.675556,6.106
2831,13.678661,3.105
2832,13.682382,3.721
2833,13.687306,4.924
2834,13.691205,3.899
2835,13.695247,4.042
2836,13.699648,4.401
2837,13.706855,7.207
2838,13.712279,5.424
2839,13.71668,4.401
2840,13.722373,5.693
2841,13.726333,3.96
2842,13.730259,3.926
2843,13.734814,4.555
2844,13.738563,3.749
2845,13.742709,4.146
2846,13.747103,4.394
2847,13.751928,4.825
2848,13.757705,5.777
2849,13.761828,4.123
2850,13.766598,4.77
2851,13.770303,3.705
2852,13.774956,4.653
2853,13.779055,4.099
2854,13.784148,5.093
2855,13.787422,3.274
2856,13.792923,5.501
2857,13.797795,4.872
2858,13.80145,3.655
2859,13.805687,4.237
2860,13.810717,5.03
2861,13.81522,4.503
2862,13.818842,3.622
2863,13.823081,4.239
2864,13.832238,9.157
2865,13.834791,2.553
2866,13.839298,4.507
2867,13.843351,4.053
2868,13.849953,6.602
2869,13.853662,3.709
2870,13.858321,4.659
2871,13.863386,5.065
2872,13.866661,3.275
2873,13.871095,4.434
2874,13.875602,4.507
2875,13.880579,4.977
2876,13.884289,3.71
2877,13.888583,4.294
2878,13.894273,5.69
2879,13.897146,2.873
2880,13.901536,4.39
2881,13.905905,4.369
2882,13.912142,6.237
2883,13.915802,3.66
2884,13.92012,4.318
2885,13.92639,6.27
2886,13.930107,3.717
2887,13.934322,4.215
2888,13.939668,5.346
2889,13.944236,4.568
2890,13.947984,3.748
2891,13.952239,4.255
2892,13.958642,6.403
2893,13.961583,2.941
2894,13.966043,4.46
2895,13.970168,4.125
2896,13.976666,6.498
2897,13.981021,4.355
2898,13.984641,3.62
2899,13.997638,12.997
2900,13.999755,2.117
2901,14.003486,3.731
2902,14.007764,4.278
2903,14.012845,5.081
2904,14.016312,3.467
2905,14.021873,5.561
2906,14.027049,5.176
2907,14.03057,3.521
2908,14.036398,5.828
2909,14.040825,4.427
2910,14.045994,5.169
2911,14.049073,3.079
2912,14.053419,4.346
2913,14.058184,4.765
2914,14.061827,3.643
2915,14.06604,4.213
2916,14.070394,4.354
2917,14.075908,5.514
2918,14.078952,3.044
2919,14.083251,4.299
2920,14.087633,4.382
2921,14.093831,6.198
2922,14.097497,3.666
2923,14.103103,5.606
2924,14.108786,5.683
2925,14.113317,4.531
2926,14.118191,4.874
2927,14.122569,4.378
2928,14.129671,7.102
2929,14.13313,3.459
2930,14.137567,4.437
2931,14.142822,5.255
2932,14.147623,4.801
2933,14.151484,3.861
2934,14.157038,5.554
2935,14.163726,6.688
2936,14.167246,3.52
2937,14.173555,6.309
2938,14.177802,4.247
2939,14.182791,4.989
2940,14.18635,3.559
2941,14.190627,4.277
2942,14.195132,4.505
2943,14.200361,5.229
2944,14.203968,3.607
2945,14.208565,4.597
2946,14.214901,6.336
2947,14.218424,3.523
2948,14.22494,6.516
2949,14.229161,4.221
2950,14.234082,4.921
2951,14.238085,4.003
2952,14.242694,4.609
2953,14.247755,5.061
2954,14.251095,3.34
2955,14.256728,5.633
2956,14.260989,4.261
2957,14.267932,6.943
2958,14.271707,3.775
2959,14.275843,4.136
2960,14.280963,5.12
2961,14.28456,3.597
2962,14.289949,5.389
2963,14.29425,4.301
2964,14.299312,5.062
2965,14.302906,3.594
2966,14.308112,5.206
2967,14.315958,7.846
2968,14.321666,5.708
2969,14.325777,4.111
2970,14.32989,4.113
2971,14.334882,4.992
2972,14.339342,4.46
2973,14.344385,5.043
2974,14.349692,5.307
2975,14.354339,4.647
2976,14.35865,4.311
2977,14.364774,6.124
2978,14.369729,4.955
2979,14.373339,3.61
2980,14.377842,4.503
2981,14.382819,4.977
2982,14.386463,3.644
2983,14.391378,4.915
2984,14.395404,4.026
2985,14.400299,4.895
2986,14.406074,5.775
2987,14.411218,5.144
2988,14.41708,5.862
2989,14.420912,3.832
2990,14.425235,4.323
2991,14.42967,4.435
2992,14.434475,4.805
2993,14.440527,6.052
2994,14.444935,4.408
2995,14.449926,4.991
2996,14.453572,3.646
2997,14.459556,5.984
2998,14.463926,4.37
2999,14.468639,4.713
3000,14.473081,4.442
3001,14.477333,4.252
3002,14.481989,4.656
3003,14.485543,3.554
3004,14.49086,5.317
3005,14.495167,4.307
3006,14.502173,7.006
3007,14.507562,5.389
3008,14.51194,4.378
3009,14.516793,4.853
3010,14.520718,3.925
3011,14.525511,4.793
3012,14.529429,3.918
3013,14.534446,5.017
3014,14.53827,3.824
3015,14.544338,6.068
3016,14.549357,5.019
3017,14.554795,5.438
3018,14.559233,4.438
3019,14.563536,4.303
3020,14.568546,5.01
3021,14.573801,5.255
3022,14.577936,4.135
3023,14.583695,5.759
3024,14.587423,3.728
3025,14.591807,4.384
3026,14.597924,6.117
3027,14.602776,4.852
3028,14.608723,5.947
3029,14.61294,4.217
3030,14.617848,4.908
3031,14.622005,4.157
3032,14.626426,4.421
3033,14.630986,4.56
3034,14.635428,4.442
3035,14.640853,5.425
3036,14.645384,4.531
3037,14.652001,6.617
3038,14.655848,3.847
3039,14.659973,4.125
3040,14.664572,4.599
3041,14.669686,5.114
3042,14.673409,3.723
3043,14.677614,4.205
3044,14.682445,4.831
3045,14.686248,3.803
3046,14.690938,4.69
3047,14.695187,4.249
3048,14.702481,7.294
3049,14.707018,4.537
3050,14.712566,5.548
3051,14.717234,4.668
3052,14.720931,3.697
3053,14.725584,4.653
3054,14.729802,4.218
3055,14.736148,6.346
3056,14.740221,4.073
3057,14.746103,5.882
3058,14.75098,4.877
3059,14.755023,4.043
3060,14.759261,4.238
3061,14.7636,4.339
3062,14.768458,4.858
3063,14.772364,3.906
3064,14.777146,4.782
3065,14.782213,5.067
3066,14.787491,5.278
3067,14.791818,4.327
3068,14.7982,6.382
3069,14.803021,4.821
3070,14.806855,3.834
3071,14.811228,4.373
3072,14.816286,5.058
3073,14.819832,3.546
3074,14.82487,5.038
3075,14.830736,5.866
3076,14.835178,4.442
3077,14.840978,5.8
3078,14.845206,4.228
3079,14.850408,5.202
3080,14.853985,3.577
3081,14.858925,4.94
3082,14.863349,4.424
3083,14.86831,4.961
3084,14.872371,4.061
3085,14.876535,4.164
3086,14.883153,6.618
3087,14.886959,3.806
3088,14.891555,4.596
3089,14.89558,4.025
3090,14.900282,4.702
3091,14.904304,4.022
3092,14.908833,4.529
3093,14.912824,3.991
3094,14.918165,5.341
3095,14.927865,9.7
3096,14.93173,3.865
3097,14.935492,3.762
3098,14.939376,3.884
3099,14.94355,4.174
3100,14.948023,4.473
3101,14.952959,4.936
3102,14.957367,4.408
3103,14.961737,4.37
3104,14.96672,4.983
3105,14.97037,3.65
3106,14.974678,4.308
3107,14.979085,4.407
3108,14.98611,7.025
3109,14.990132,4.022
3110,14.993991,3.859
3111,14.999124,5.133
3112,15.00275,3.626
3113,15.007191,4.441
3114,15.013424,6.233
3115,15.017975,4.551
3116,15.024185,6.21
3117,15.028887,4.702
3118,15.035189,6.302
3119,15.038988,3.799
3120,15.043296,4.308
3121,15.047621,4.325
3122,15.053252,5.631
3123,15.057902,4.65
3124,15.060821,2.919
3125,15.065655,4.834
3126,15.071249,5.594
3127,15.075753,4.504
3128,15.081623,5.87
3129,15.086565,4.942
3130,15.090313,3.748
3131,15.094916,4.603
3132,15.099462,4.546
3133,15.103391,3.929
3134,15.107731,4.34
3135,15.11364,5.909
3136,15.11845,4.81
3137,15.124421,5.971
3138,15.128898,4.477
3139,15.133414,4.516
3140,15.137301,3.887
3141,15.141383,4.082
3142,15.145715,4.332
3143,15.150689,4.974
3144,15.154693,4.004
3145,15.159105,4.412
3146,15.165848,6.743
3147,15.169553,3.705
3148,15.175606,6.053
3149,15.180496,4.89
3150,15.184635,4.139
3151,15.188717,4.082
3152,15.193036,4.319
3153,15.197803,4.767
3154,15.20157,3.767
3155,15.205972,4.402
3156,15.210181,4.209
3157,15.216862,6.681
3158,15.220796,3.934
3159,15.224999,4.203
3160,15.229697,4.698
3161,15.234367,4.67
3162,15.238651,4.284
3163,15.242774,4.123
3164,15.248493,5.719
3165,15.251691,3.198
3166,15.257595,5.904
3167,15.261954,4.359
3168,15.268613,6.659
3169,15.272389,3.776
3170,15.276867,4.478
3171,15.281993,5.126
3172,15.285398,3.405
3173,15.290992,5.594
3174,15.295542,4.55
3175,15.301838,6.296
3176,15.3057,3.862
3177,15.311804,6.104
3178,15.316618,4.814
3179,15.320727,4.109
3180,15.324975,4.248
3181,15.329616,4.641
3182,15.334017,4.401
3183,15.338261,4.244
3184,15.34283,4.569
3185,15.348143,5.313
3186,15.352945,4.802
3187,15.35744,4.495
3188,15.363568,6.128
3189,15.36834,4.772
3190,15.372454,4.114
3191,15.376452,3.998
3192,15.381453,5.001
3193,15.385251,3.798
3194,15.390466,5.215
3195,15.396311,5.845
3196,15.401148,4.837
3197,15.406767,5.619
3198,15.411173,4.406
3199,15.416006,4.833
3200,15.419849,3.843
3201,15.424043,4.194
3202,15.428355,4.312
3203,15.433276,4.921
3204,15.437283,4.007
3205,15.441917,4.634
3206,15.448375,6.458
3207,15.451692,3.317
3208,15.458107,6.415
3209,15.462312,4.205
3210,15.467339,5.027
3211,15.471253,3.914
3212,15.475465,4.212
3213,15.479822,4.357
3214,15.484654,4.832
3215,15.489563,4.909
3216,15.493041,3.478
3217,15.500024,6.983
3218,15.503725,3.701
3219,15.508683,4.958
3220,15.514186,5.503
3221,15.519103,4.917
3222,15.522899,3.796
3223,15.527229,4.33
3224,15.532337,5.108
3225,15.536259,3.922
3226,15.540836,4.577
3227,15.544949,4.113
3228,15.549712,4.763
3229,15.553532,3.82
3230,15.557512,3.98
3231,15.561951,4.439
3232,15.566824,4.873
3233,15.570648,3.824
3234,15.575362,4.714
3235,15.581634,6.272
3236,15.585138,3.504
3237,15.591336,6.198
3238,15.59555,4.214
3239,15.60033,4.78
3240,15.604712,4.382
3241,15.608588,3.876
3242,15.61287,4.282
3243,15.617708,4.838
3244,15.621466,3.758
3245,15.625613,4.147
3246,15.632148,6.535
3247,15.635896,3.748
3248,15.642738,6.842
3249,15.646758,4.02
3250,15.651277,4.519
3251,15.655592,4.315
3252,15.660647,5.055
3253,15.664441,3.794
3254,15.667949,3.508
3255,15.6729,4.951
3256,15.676803,3.903
3257,15.683573,6.77
3258,15.687413,3.84
3259,15.691539,4.126
3260,15.695845,4.306
3261,15.700609,4.764
3262,15.704625,4.016
3263,15.708815,4.19
3264,15.713729,4.914
3265,15.717329,3.6
3266,15.724438,7.109
3267,15.728819,4.381
3268,15.734634,5.815
3269,15.738489,3.855
3270,15.74281,4.321
3271,15.747417,4.607
3272,15.7511,3.683
3273,15.756499,5.399
3274,15.760592,4.093
3275,15.767148,6.556
3276,15.770999,3.851
3277,15.777131,6.132
3278,15.782232,5.101
3279,15.785981,3.749
3280,15.793866,7.885
3281,15.799993,6.127
3282,15.803949,3.956
3283,15.807838,3.889
3284,15.813562,5.724
3285,15.819456,5.894
3286,15.825045,5.589
3287,15.831512,6.467
3288,15.835357,3.845
3289,15.840281,4.924
3290,15.843802,3.521
3291,15.848618,4.816
3292,15.854134,5.516
3293,15.857282,3.148
3294,15.861322,4.04
3295,15.868822,7.5
3296,15.874011,5.189
3297,15.879146,5.135
3298,15.883226,4.08
3299,15.889627,6.401
3300,15.893311,3.684
3301,15.898818,5.507
3302,15.903092,4.274
3303,15.907932,4.84
3304,15.911769,3.837
3305,15.916295,4.526
3306,15.922153,5.858
3307,15.92786,5.707
3308,15.931135,3.275
3309,15.935526,4.391
3310,15.940422,4.896
3311,15.94406,3.638
3312,15.948472,4.412
3313,15.955115,6.643
3314,15.958827,3.712
3315,15.964649,5.822
3316,15.969127,4.478
3317,15.975654,6.527
3318,15.979481,3.827
3319,15.983947,4.466
3320,15.988812,4.865
3321,15.99262,3.808
3322,15.996955,4.335
3323,16.001539,4.584
3324,16.006936,5.397
3325,16.010607,3.671
3326,16.01653,5.923
3327,16.02282,6.29
3328,16.027526,4.706
3329,16.031499,3.973
3330,16.036249,4.75
3331,16.041909,5.66
3332,16.046665,4.756
3333,16.051459,4.794
3334,16.056358,4.899
3335,16.061516,5.158
3336,16.065964,4.448
3337,16.072621,6.657
3338,16.076688,4.067
3339,16.080763,4.075
3340,16.085239,4.476
3341,16.09034,5.101
3342,16.093864,3.524
3343,16.098036,4.172
3344,16.106098,8.062
3345,16.110208,4.11
3346,16.114622,4.414
3347,16.120025,5.403
3348,16.1255,5.475
3349,16.129896,4.396
3350,16.134303,4.407
3351,16.140258,5.955
3352,16.144312,4.054
3353,16.147296,2.984
3354,16.152787,5.491
3355,16.158344,5.557
3356,16.162443,4.099
3357,16.169361,6.918
3358,16.174486,5.125
3359,16.179661,5.175
3360,16.183932,4.271
3361,16.188983,5.051
3362,16.193499,4.516
3363,16.199247,5.748
3364,16.20502,5.773
3365,16.209596,4.576
3366,16.214228,4.632
3367,16.21947,5.242
3368,16.224815,5.345
3369,16.229289,4.474
3370,16.233757,4.468
3371,16.239308,5.551
3372,16.243375,4.067
3373,16.246905,3.53
3374,16.252099,5.194
3375,16.257536,5.437
3376,16.262251,4.715
3377,16.269018,6.767
3378,16.274587,5.569
3379,16.279134,4.547
3380,16.283457,4.323
3381,16.288302,4.845
3382,16.292105,3.803
3383,16.296576,4.471
3384,16.302039,5.463
3385,16.306674,4.635
3386,16.311549,4.875
3387,16.316605,5.056
3388,16.322365,5.76
3389,16.327129,4.764
3390,16.331127,3.998
3391,16.336077,4.95
3392,16.341135,5.058
3393,16.345196,4.061
3394,16.349121,3.925
3395,16.35453,5.409
3396,16.358196,3.666
3397,16.365314,7.118
3398,16.370273,4.959
3399,16.375335,5.062
3400,16.379757,4.422
3401,16.385072,5.315
3402,16.388756,3.684
3403,16.393198,4.442
3404,16.398416,5.218
3405,16.402342,3.926
3406,16.406894,4.552
3407,16.412033,5.139
3408,16.41825,6.217
3409,16.421769,3.519
3410,16.425832,4.063
3411,16.431098,5.266
3412,16.434769,3.671
3413,16.441301,6.532
3414,16.445886,4.585
3415,16.451449,5.563
3416,16.455225,3.776
3417,16.461323,6.098
3418,16.466207,4.884
3419,16.471373,5.166
3420,16.475719,4.346
3421,16.481549,5.83
3422,16.486105,4.556
3423,16.491703,5.598
3424,16.496335,4.632
3425,16.502006,5.671
3426,16.507612,5.606
3427,16.51141,3.798
3428,16.51829,6.88
3429,16.521598,3.308
3430,16.526074,4.476
3431,16.531011,4.937
3432,16.535065,4.054
3433,16.540724,5.659
3434,16.544811,4.087
3435,16.551618,6.807
3436,16.556954,5.336
3437,16.560887,3.933
3438,16.566074,5.187
3439,16.569978,3.904
3440,16.573999,4.021
3441,16.578293,4.294
3442,16.583288,4.995
3443,16.587448,4.16
3444,16.592187,4.739
3445,16.596338,4.151
3446,16.602141,5.803
3447,16.606434,4.293
3448,16.612282,5.848
3449,16.617658,5.376
3450,16.623087,5.429
3451,16.627739,4.652
3452,16.632281,4.542
3453,16.636181,3.9
3454,16.640512,4.331
3455,16.646423,5.911
3456,16.651571,5.148
3457,16.657342,5.771
3458,16.661102,3.76
3459,16.666073,4.971
3460,16.670164,4.091
3461,16.674235,4.071
3462,16.678536,4.301
3463,16.683205,4.669
3464,16.689089,5.884
3465,16.693267,4.178
3466,16.699211,5.944
3467,16.702908,3.697
3468,16.707437,4.529
3469,16.711779,4.342
3470,16.716479,4.7
3471,16.72319,6.711
3472,16.727249,4.059
3473,16.731187,3.938
3474,16.734823,3.636
3475,16.739244,4.421
3476,16.743458,4.214
3477,16.750287,6.829
3478,16.754916,4.629
3479,16.760634,5.718
3480,16.765523,4.889
3481,16.769173,3.65
3482,16.77357,4.397
3483,16.778011,4.441
3484,16.783191,5.18
3485,16.788402,5.211
3486,16.794222,5.82
3487,16.799146,4.924
3488,16.804883,5.737
3489,16.809276,4.393
3490,16.814168,4.892
3491,16.818295,4.127
3492,16.824304,6.009
3493,16.828198,3.894
3494,16.834521,6.323
3495,16.839675,5.154
3496,16.844148,4.473
3497,16.851044,6.896
3498,16.855607,4.563
3499,16.859294,3.687
3500,16.864327,5.033
3501,16.868335,4.008
3502,16.872709,4.374
3503,16.877143,4.434
3504,16.882404,5.261
3505,16.887384,4.98
3506,16.892764,5.38
3507,16.897603,4.839
3508,16.903557,5.954
3509,16.907908,4.351
3510,16.912286,4.378
3511,16.917543,5.257
3512,16.921618,4.075
3513,16.927372,5.754
3514,16.93373,6.358
3515,16.937448,3.718
3516,16.943261,5.813
3517,16.950317,7.056
3518,16.95676,6.443
3519,16.960331,3.571
3520,16.964784,4.453
3521,16.969833,5.049
3522,16.973708,3.875
3523,16.978094,4.386
3524,16.98378,5.686
3525,16.990613,6.833
3526,16.993836,3.223
3527,16.998287,4.451
3528,17.004299,6.012
3529,17.008451,4.152
3530,17.012817,4.366
3531,17.020305,7.488
3532,17.024545,4.24
3533,17.028461,3.916
3534,17.033222,4.761
3535,17.038977,5.755
3536,17.04313,4.153
3537,17.049773,6.643
3538,17.053856,4.083
3539,17.057923,4.067
3540,17.062176,4.253
3541,17.067315,5.139
3542,17.074707,7.392
3543,17.078858,4.151
3544,17.084146,5.288
3545,17.088016,3.87
3546,17.093704,5.688
3547,17.098684,4.98
3548,17.104396,5.712
3549,17.108697,4.301
3550,17.112684,3.987
3551,17.11798,5.296
3552,17.121775,3.795
3553,17.125463,3.688
3554,17.130505,5.042
3555,17.135685,5.18
3556,17.140247,4.562
3557,17.146087,5.84
3558,17.151044,4.957
3559,17.154746,3.702
3560,17.158758,4.012
3561,17.163514,4.756
3562,17.167366,3.852
3563,17.171729,4.363
3564,17.176225,4.496
3565,17.181151,4.926
3566,17.186516,5.365
3567,17.190786,4.27
3568,17.197557,6.771
3569,17.201446,3.889
3570,17.205301,3.855
3571,17.209631,4.33
3572,17.214437,4.806
3573,17.219227,4.79
3574,17.224367,5.14
3575,17.229924,5.557
3576,17.234011,4.087
3577,17.240034,6.023
3578,17.24411,4.076
3579,17.248618,4.508
3580,17.253098,4.48
3581,17.25675,3.652
3582,17.26172,4.97
3583,17.265288,3.568
3584,17.271452,6.164
3585,17.27493,3.478
3586,17.281657,6.727
3587,17.285333,3.676
3588,17.289465,4.132
3589,17.294324,4.859
3590,17.297947,3.623
3591,17.303733,5.786
3592,17.307265,3.532
3593,17.312206,4.941
3594,17.315684,3.478
3595,17.320985,5.301
3596,17.325956,4.971
3597,17.330729,4.773
3598,17.335259,4.53
3599,17.340098,4.839
3600,17.344816,4.718
3601,17.34773,2.914
3602,17.353612,5.882
3603,17.358485,4.873
3604,17.362262,3.777
3605,17.366679,4.417
3606,17.370855,4.176
3607,17.375749,4.894
3608,17.381209,5.46
3609,17.385418,4.209
3610,17.390347,4.929
3611,17.394318,3.971
3612,17.398156,3.838
3613,17.404466,6.31
3614,17.409369,4.903
3615,17.41459,5.221
3616,17.418757,4.167
3617,17.425394,6.637
3618,17.428952,3.558
3619,17.433315,4.363
3620,17.43777,4.455
3621,17.444707,6.937
3622,17.448041,3.334
3623,17.452566,4.525
3624,17.457588,5.022
3625,17.461221,3.633
3626,17.467358,6.137
3627,17.471322,3.964
3628,17.478098,6.776
3629,17.481716,3.618
3630,17.485989,4.273
3631,17.490912,4.923
3632,17.495846,4.934
3633,17.50112,5.274
3634,17.505019,3.899
3635,17.511579,6.56
3636,17.515518,3.939
3637,17.521273,5.755
3638,17.526166,4.893
3639,17.52957,3.404
3640,17.534047,4.477
3641,17.5389,4.853
3642,17.543833,4.933
3643,17.547077,3.244
3644,17.551269,4.192
3645,17.556051,4.782
3646,17.561389,5.338
3647,17.565866,4.477
3648,17.571927,6.061
3649,17.576797,4.87
3650,17.580448,3.651
3651,17.584851,4.403
3652,17.589606,4.755
3653,17.593161,3.555
3654,17.597388,4.227
3655,17.60358,6.192
3656,17.608288,4.708
3657,17.613814,5.526
3658,17.618003,4.189
3659,17.625149,7.146
3660,17.62876,3.611
3661,17.633037,4.277
3662,17.637904,4.867
3663,17.643139,5.235
3664,17.647302,4.163
3665,17.652472,5.17
3666,17.659086,6.614
3667,17.662718,3.632
3668,17.669217,6.499
3669,17.673399,4.182
3670,17.67818,4.781
3671,17.681899,3.719
3672,17.686086,4.187
3673,17.690971,4.885
3674,17.694663,3.692
3675,17.700803,6.14
3676,17.704898,4.095
3677,17.711642,6.744
3678,17.715196,3.554
3679,17.719581,4.385
3680,17.724548,4.967
3681,17.728028,3.48
3682,17.73231,4.282
3683,17.736673,4.363
3684,17.742454,5.781
3685,17.746494,4.04
3686,17.751892,5.398
3687,17.757485,5.593
3688,17.762081,4.596
3689,17.76636,4.279
3690,17.770609,4.249
3691,17.775532,4.923
3692,17.779165,3.633
3693,17.783494,4.329
3694,17.787894,4.4
3695,17.794443,6.549
3696,17.798035,3.592
3697,17.804265,6.23
3698,17.809416,5.151
3699,17.814136,4.72
3700,17.818978,4.842
3701,17.825491,6.513
3702,17.833283,7.792
3703,17.838051,4.768
3704,17.844326,6.275
3705,17.849686,5.36
3706,17.855363,5.677
3707,17.860932,5.569
3708,17.866896,5.964
3709,17.871782,4.886
3710,17.878757,6.975
3711,17.881999,3.242
3712,17.887799,5.8
3713,17.893732,5.933
3714,17.898299,4.567
3715,17.90368,5.381
3716,17.910009,6.329
3717,17.915199,5.19
3718,17.920596,5.397
3719,17.925898,5.302
3720,17.930146,4.248
3721,17.935394,5.248
3722,17.940257,4.863
3723,17.944223,3.966
3724,17.948767,4.544
3725,17.953018,4.251
3726,17.959792,6.774
3727,17.963286,3.494
3728,17.969535,6.249
3729,17.974239,4.704
3730,17.977897,3.658
3731,17.982215,4.318
3732,17.987024,4.809
3733,17.990695,3.671
3734,17.994938,4.243
3735,18.001086,6.148
3736,18.00591,4.824
3737,18.011302,5.392
3738,18.015616,4.314
3739,18.020611,4.995
3740,18.025366,4.755
3741,18.030384,5.018
3742,18.035435,5.051
3743,18.039008,3.573
3744,18.043339,4.331
3745,18.04767,4.331
3746,18.054331,6.661
3747,18.057856,3.525
3748,18.064183,6.327
3749,18.069273,5.09
3750,18.072618,3.345
3751,18.07691,4.292
3752,18.081816,4.906
3753,18.087302,5.486
3754,18.091333,4.031
3755,18.097225,5.892
3756,18.102141,4.916
3757,18.107577,5.436
3758,18.111783,4.206
3759,18.116734,4.951
3760,18.121382,4.648
3761,18.125352,3.97
3762,18.128742,3.39
3763,18.13368,4.938
3764,18.137864,4.184
3765,18.141973,4.109
3766,18.148885,6.912
3767,18.152983,4.098
3768,18.158682,5.699
3769,18.16293,4.248
3770,18.168268,5.338
3771,18.171299,3.031
3772,18.175464,4.165
3773,18.180335,4.871
3774,18.184398,4.063
3775,18.189592,5.194
3776,18.195532,5.94
3777,18.202631,7.099
3778,18.206073,3.442
3779,18.210079,4.006
3780,18.21499,4.911
3781,18.219067,4.077
3782,18.223898,4.831
3783,18.227642,3.744
3784,18.232494,4.852
3785,18.236163,3.669
3786,18.242008,5.845
3787,18.246787,4.779
3788,18.252858,6.071
3789,18.256679,3.821
3790,18.260927,4.248
3791,18.265998,5.071
3792,18.269789,3.791
3793,18.2738,4.011
3794,18.27864,4.84
3795,18.284087,5.447
3796,18.288407,4.32
3797,18.294203,5.796
3798,18.29898,4.777
3799,18.303986,5.006
3800,18.309168,5.182
3801,18.314023,4.855
3802,18.318138,4.115
3803,18.32235,4.212
3804,18.326535,4.185
3805,18.331417,4.882
3806,18.337391,5.974
3807,18.341718,4.327
3808,18.347927,6.209
3809,18.351694,3.767
3810,18.355964,4.27
3811,18.360268,4.304
3812,18.365001,4.733
3813,18.370197,5.196
3814,18.374289,4.092
3815,18.379288,4.999
3816,18.383031,3.743
3817,18.388751,5.72
3818,18.393116,4.365
3819,18.398023,4.907
3820,18.401845,3.822
3821,18.407356,5.511
3822,18.412172,4.816
3823,18.418009,5.837
3824,18.423224,5.215
3825,18.428725,5.501
3826,18.435615,6.89
3827,18.443258,7.643
3828,18.449552,6.294
3829,18.454499,4.947
3830,18.458375,3.876
3831,18.462891,4.516
3832,18.468549,5.658
3833,18.472613,4.064
3834,18.475776,3.163
3835,18.480176,4.4
3836,18.486179,6.003
3837,18.493826,7.647
3838,18.49847,4.644
3839,18.505795,7.325
3840,18.511501,5.706
3841,18.516091,4.59
3842,18.52608,9.989
3843,18.529687,3.607
3844,18.532983,3.296
3845,18.538059,5.076
3846,18.54268,4.621
3847,18.547357,4.677
3848,18.552656,5.299
3849,18.55782,5.164
3850,18.561453,3.633
3851,18.5658,4.347
3852,18.570755,4.955
3853,18.574535,3.78
3854,18.578892,4.357
3855,18.583312,4.42
3856,18.588732,5.42
3857,18.592101,3.369
3858,18.596459,4.358
3859,18.601795,5.336
3860,18.605191,3.396
3861,18.609756,4.565
3862,18.614604,4.848
3863,18.61844,3.836
3864,18.622613,4.173
3865,18.627023,4.41
3866,18.632014,4.991
3867,18.637135,5.121
3868,18.641576,4.441
3869,18.646184,4.608
3870,18.649946,3.762
3871,18.654956,5.01
3872,18.659319,4.363
3873,18.66432,5.001
3874,18.668537,4.217
3875,18.673772,5.235
3876,18.678761,4.989
3877,18.682399,3.638
3878,18.686881,4.482
3879,18.691562,4.681
3880,18.696363,4.801
3881,18.700481,4.118
3882,18.704872,4.391
3883,18.709539,4.667
3884,18.713473,3.934
3885,18.718906,5.433
3886,18.723613,4.707
3887,18.728796,5.183
3888,18.73335,4.554
3889,18.73823,4.88
3890,18.746191,7.961
3891,18.750231,4.04
3892,18.754666,4.435
3893,18.759097,4.431
3894,18.763939,4.842
3895,18.767851,3.912
3896,18.772095,4.244
3897,18.777263,5.168
3898,18.780756,3.493
3899,18.785626,4.87
3900,18.789505,3.879
3901,18.794456,4.951
3902,18.798247,3.791
3903,18.804832,6.585
3904,18.809771,4.939
3905,18.813307,3.536
3906,18.818023,4.716
3907,18.823225,5.202
3908,18.828141,4.916
3909,18.831864,3.723
3910,18.837864,6.0
3911,18.843302,5.438
3912,18.847259,3.957
3913,18.851948,4.689
3914,18.856178,4.23
3915,18.861225,5.047
3916,18.865068,3.843
3917,18.870531,5.463
3918,18.875575,5.044
3919,18.878599,3.024
3920,18.88297,4.371
3921,18.88848,5.51
3922,18.893594,5.114
3923,18.897079,3.485
3924,18.901756,4.677
3925,18.907947,6.191
3926,18.911497,3.55
3927,18.915654,4.157
3928,18.920022,4.368
3929,18.925156,5.134
3930,18.928688,3.532
3931,18.933444,4.756
3932,18.94081,7.366
3933,18.944516,3.706
3934,18.948186,3.67
3935,18.95245,4.264
3936,18.957374,4.924
3937,18.960816,3.442
3938,18.965011,4.195
3939,18.971139,6.128
3940,18.975217,4.078
3941,18.978883,3.666
3942,18.983039,4.156
3943,18.989278,6.239
3944,18.992373,3.095
3945,18.996107,3.734
3946,19.00049,4.383
3947,19.006426,5.936
3948,19.009365,2.939
3949,19.013478,4.113
3950,19.017678,4.2
3951,19.023731,6.053
3952,19.027101,3.37
3953,19.030892,3.791
3954,19.037215,6.323
3955,19.044909,7.694
3956,19.04779,2.881
3957,19.052325,4.535
3958,19.057008,4.683
3959,19.061808,4.8
3960,19.06493,3.122
3961,19.070618,5.688
3962,19.074656,4.038
3963,19.079577,4.921
3964,19.083272,3.695
3965,19.089454,6.182
3966,19.093643,4.189
3967,19.098393,4.75
3968,19.102267,3.874
3969,19.107252,4.985
3970,19.111306,4.054
3971,19.116295,4.989
3972,19.120712,4.417
3973,19.12494,4.228
3974,19.129109,4.169
3975,19.133851,4.742
3976,19.138141,4.29
3977,19.143812,5.671
3978,19.14852,4.708
3979,19.152206,3.686
3980,19.156433,4.227
3981,19.160616,4.183
3982,19.165274,4.658
3983,19.168835,3.561
3984,19.175228,6.393
3985,19.178947,3.719
3986,19.183954,5.007
3987,19.18841,4.456
3988,19.191911,3.501
3989,19.196328,4.417
3990,19.201332,5.004
3991,19.205689,4.357
3992,19.209482,3.793
3993,19.214104,4.622
3994,19.217877,3.773
3995,19.223418,5.541
3996,19.227709,4.291
3997,19.231161,3.452
3998,19.236069,4.908
3999,19.24118,5.111
4000,19.245868,4.688
4001,19.250634,4.766
4002,19.25438,3.746
4003,19.258615,4.235
4004,19.262739,4.124
4005,19.26831,5.571
4006,19.271433,3.123
4007,19.275799,4.366
4008,19.280633,4.834
4009,19.284277,3.644
4010,19.288923,4.646
4011,19.293017,4.094
4012,19.297743,4.726
4013,19.301412,3.669
4014,19.306257,4.845
4015,19.310236,3.979
4016,19.315025,4.789
4017,19.318891,3.866
4018,19.323792,4.901
4019,19.327751,3.959
4020,19.332236,4.485
4021,19.337633,5.397
4022,19.341162,3.529
4023,19.345493,4.331
4024,19.350329,4.836
4025,19.353722,3.393
4026,19.359583,5.861
4027,19.36431,4.727
4028,19.367836,3.526
4029,19.373366,5.53
4030,19.376777,3.411
4031,19.38207,5.293
4032,19.38716,5.09
4033,19.392093,4.933
4034,19.396188,4.095
4035,19.401255,5.067
4036,19.405363,4.108
4037,19.411642,6.279
4038,19.414875,3.233
4039,19.418055,3.18
4040,19.423103,5.048
4041,19.427071,3.968
4042,19.431246,4.175
4043,19.435883,4.637
4044,19.439516,3.633
4045,19.443727,4.211
4046,19.448474,4.747
4047,19.453249,4.775
4048,19.45771,4.461
4049,19.4621,4.39
4050,19.467096,4.996
4051,19.471923,4.827
4052,19.47542,3.497
4053,19.48055,5.13
4054,19.484708,4.158
4055,19.488708,4.0
4056,19.492565,3.857
4057,19.49752,4.955
4058,19.50112,3.6
4059,19.506122,5.002
4060,19.509671,3.549
4061,19.514676,5.005
4062,19.518483,3.807
4063,19.523439,4.956
4064,19.527762,4.323
4065,19.531997,4.235
4066,19.535632,3.635
4067,19.541735,6.103
4068,19.545824,4.089
4069,19.552512,6.688
4070,19.556357,3.845
4071,19.562195,5.838
4072,19.567139,4.944
4073,19.571691,4.552
4074,19.577229,5.538
4075,19.581399,4.17
4076,19.586718,5.319
4077,19.590875,4.157
4078,19.595668,4.793
4079,19.599971,4.303
4080,19.604842,4.871
4081,19.609372,4.53
4082,19.614447,5.075
4083,19.619505,5.058
4084,19.62407,4.565
4085,19.62728,3.21
4086,19.63144,4.16
4087,19.637818,6.378
4088,19.644063,6.245
4089,19.647247,3.184
4090,19.651947,4.7
4091,19.658816,6.869
4092,19.662689,3.873
4093,19.668862,6.173
4094,19.673491,4.629
4095,19.676807,3.316
4096,19.680641,3.834
4097,19.685247,4.606
4098,19.691408,6.161
4099,19.695268,3.86
4100,19.706277,11.009
4101,19.711533,5.256
4102,19.715298,3.765
4103,19.718945,3.647
4104,19.723971,5.026
4105,19.729423,5.452
4106,19.733824,4.401
4107,19.738922,5.098
4108,19.744392,5.47
4109,19.748286,3.894
4110,19.75351,5.224
4111,19.758664,5.154
4112,19.763105,4.441
4113,19.768516,5.411
4114,19.773503,4.987
4115,19.777814,4.311
4116,19.782555,4.741
4117,19.78804,5.485
4118,19.792235,4.195
4119,19.796518,4.283
4120,19.801862,5.344
4121,19.80554,3.678
4122,19.809626,4.086
4123,19.814476,4.85
4124,19.818424,3.948
4125,19.822686,4.262
4126,19.827614,4.928
4127,19.83142,3.806
4128,19.835702,4.282
4129,19.841518,5.816
4130,19.847521,6.003
4131,19.852681,5.16
4132,19.856866,4.185
4133,19.861813,4.947
4134,19.867402,5.589
4135,19.871593,4.191
4136,19.876515,4.922
4137,19.881904,5.389
4138,19.886279,4.375
4139,19.890615,4.336
4140,19.895762,5.147
4141,19.899622,3.86
4142,19.90521,5.588
4143,19.909864,4.654
4144,19.914521,4.657
4145,19.920847,6.326
4146,19.925885,5.038
4147,19.929399,3.514
4148,19.93564,6.241
4149,19.940859,5.219
4150,19.94698,6.121
4151,19.952499,5.519
4152,19.956797,4.298
4153,19.96167,4.873
4154,19.968044,6.374
4155,19.972504,4.46
4156,19.978475,5.971
4157,19.983683,5.208
4158,19.987944,4.261
4159,19.992542,4.598
4160,19.997461,4.919
4161,20.004197,6.736
4162,20.008537,4.34
4163,20.013065,4.528
4164,20.016725,3.66
4165,20.023104,6.379
4166,20.028295,5.191
4167,20.031779,3.484
4168,20.0388,7.021
4169,20.044419,5.619
4170,20.048042,3.623
4171,20.053196,5.154
4172,20.057565,4.369
4173,20.062613,5.048
4174,20.068266,5.653
4175,20.072545,4.279
4176,20.077611,5.066
4177,20.082721,5.11
4178,20.087157,4.436
4179,20.091357,4.2
4180,20.096474,5.117
4181,20.100445,3.971
4182,20.106604,6.159
4183,20.111609,5.005
4184,20.115332,3.723
4185,20.120487,5.155
4186,20.125896,5.409
4187,20.130302,4.406
4188,20.134882,4.58
4189,20.139271,4.389
4190,20.144177,4.906
4191,20.147871,3.694
4192,20.153714,5.843
4193,20.159972,6.258
4194,20.163556,3.584
4195,20.168319,4.763
4196,20.17367,5.351
4197,20.178557,4.887
4198,20.182995,4.438
4199,20.187559,4.564
4200,20.192831,5.272
4201,20.195978,3.147
4202,20.202206,6.228
4203,20.20728,5.074
4204,20.210959,3.679
4205,20.215376,4.417
4206,20.220477,5.101
4207,20.227901,7.424
4208,20.230871,2.97
4209,20.235137,4.266
4210,20.240041,4.904
4211,20.243884,3.843
4212,20.249676,5.792
4213,20.255843,6.167
4214,20.261247,5.404
4215,20.264923,3.676
4216,20.269581,4.658
4217,20.276253,6.672
4218,20.279902,3.649
4219,20.284687,4.785
4220,20.289449,4.762
4221,20.293825,4.376
4222,20.299428,5.603
4223,20.303792,4.364
4224,20.309347,5.555
4225,20.312762,3.415
4226,20.31734,4.578
4227,20.32228,4.94
4228,20.327907,5.627
4229,20.331531,3.624
4230,20.335474,3.943
4231,20.340609,5.135
4232,20.34617,5.561
4233,20.350893,4.723
4234,20.355969,5.076
4235,20.360363,4.394
4236,20.364179,3.816
4237,20.370309,6.13
4238,20.37553,5.221
4239,20.37936,3.83
4240,20.384013,4.653
4241,20.388698,4.685
4242,20.394903,6.205
4243,20.398816,3.913
4244,20.403323,4.507
4245,20.408507,5.184
4246,20.412609,4.102
4247,20.418552,5.943
4248,20.423725,5.173
4249,20.428443,4.718
4250,20.432036,3.593
4251,20.437208,5.172
4252,20.443296,6.088
4253,20.446924,3.628
4254,20.451536,4.612
4255,20.456104,4.568
4256,20.461334,5.23
4257,20.466793,5.459
4258,20.471212,4.419
4259,20.476324,5.112
4260,20.479765,3.441
4261,20.4847,4.935
4262,20.489654,4.954
4263,20.493768,4.114
4264,20.497345,3.577
4265,20.503169,5.824
4266,20.50752,4.351
4267,20.5127,5.18
4268,20.517187,4.487
4269,20.522626,5.439
4270,20.535374,12.748
4271,20.540855,5.481
4272,20.543883,3.028
4273,20.549033,5.15
4274,20.557177,8.144
4275,20.560841,3.664
4276,20.565113,4.272
4277,20.570357,5.244
4278,20.574902,4.545
4279,20.579075,4.173
4280,20.584441,5.366
4281,20.591072,6.631
4282,20.594504,3.432
4283,20.600728,6.224
4284,20.604436,3.708
4285,20.609445,5.009
4286,20.614257,4.812
4287,20.620072,5.815
4288,20.624176,4.104
4289,20.6283,4.124
4290,20.633636,5.336
4291,20.63726,3.624
4292,20.643043,5.783
4293,20.647833,4.79
4294,20.65207,4.237
4295,20.657189,5.119
4296,20.660303,3.114
4297,20.66726,6.957
4298,20.670994,3.734
4299,20.675031,4.037
4300,20.679904,4.873
4301,20.683949,4.045
4302,20.690222,6.273
4303,20.694616,4.394
4304,20.699505,4.889
4305,20.703318,3.813
4306,20.707358,4.04
4307,20.713985,6.627
4308,20.717794,3.809
4309,20.722936,5.142
4310,20.727042,4.106
4311,20.731464,4.422
4312,20.736517,5.053
4313,20.740662,4.145
4314,20.745899,5.237
4315,20.749534,3.635
4316,20.755149,5.615
4317,20.759713,4.564
4318,20.764688,4.975
4319,20.768429,3.741
4320,20.772446,4.017
4321,20.777529,5.083
4322,20.782954,5.425
4323,20.790772,7.818
4324,20.795541,4.769
4325,20.801137,5.596
4326,20.805076,3.939
4327,20.810374,5.298
4328,20.818313,7.939
4329,20.822182,3.869
4330,20.825647,3.465
4331,20.830858,5.211
4332,20.836055,5.197
4333,20.840693,4.638
4334,20.84458,3.887
4335,20.849937,5.357
4336,20.853741,3.804
4337,20.85759,3.849
4338,20.862454,4.864
4339,20.870687,8.233
4340,20.874216,3.529
4341,20.878562,4.346
4342,20.883708,5.146
4343,20.887671,3.963
4344,20.893312,5.641
4345,20.899585,6.273
4346,20.903831,4.246
4347,20.908674,4.843
4348,20.912879,4.205
4349,20.919415,6.536
4350,20.923001,3.586
4351,20.927209,4.208
4352,20.932819,5.61
4353,20.937546,4.727
4354,20.942372,4.826
4355,20.9475,5.128
4356,20.951043,3.543
4357,20.955301,4.258
4358,20.959548,4.247
4359,20.967366,7.818
4360,20.972599,5.233
4361,20.976351,3.752
4362,20.981509,5.158
4363,20.985171,3.662
4364,20.991222,6.051
4365,20.995645,4.423
4366,21.00196,6.315
4367,21.005936,3.976
4368,21.01072,4.784
4369,21.017697,6.977
4370,21.021277,3.58
4371,21.025558,4.281
4372,21.030943,5.385
4373,21.035386,4.443
4374,21.040541,5.155
4375,21.044463,3.922
4376,21.049698,5.235
4377,21.053424,3.726
4378,21.057836,4.412
4379,21.065395,7.559
4380,21.069754,4.359
4381,21.07448,4.726
4382,21.07896,4.48
4383,21.083737,4.777
4384,21.089173,5.436
4385,21.093361,4.188
4386,21.099127,5.766
4387,21.104119,4.992
4388,21.108485,4.366
4389,21.115126,6.641
4390,21.118842,3.716
4391,21.122987,4.145
4392,21.127385,4.398
4393,21.133315,5.93
4394,21.138236,4.921
4395,21.145217,6.981
4396,21.150916,5.699
4397,21.154887,3.971
4398,21.159304,4.417
4399,21.166028,6.724
4400,21.169648,3.62
4401,21.173635,3.987
4402,21.177935,4.3
4403,21.182978,5.043
4404,21.188039,5.061
4405,21.192445,4.406
4406,21.197746,5.301
4407,21.20099,3.244
4408,21.205335,4.345
4409,21.2114,6.065
4410,21.216305,4.905
4411,21.2199,3.595
4412,21.224481,4.581
4413,21.229713,5.232
4414,21.235101,5.388
4415,21.239692,4.591
4416,21.243287,3.595
4417,21.248422,5.135
4418,21.252131,3.709
4419,21.258308,6.177
4420,21.263551,5.243
4421,21.26717,3.619
4422,21.271347,4.177
4423,21.275928,4.581
4424,21.282728,6.8
4425,21.286156,3.428
4426,21.290569,4.413
4427,21.296118,5.549
4428,21.300541,4.423
4429,21.305282,4.741
4430,21.309873,4.591
4431,21.314877,5.004
4432,21.31875,3.873
4433,21.322904,4.154
4434,21.330653,7.749
4435,21.334769,4.116
4436,21.339868,5.099
4437,21.344022,4.154
4438,21.349185,5.163
4439,21.354273,5.088
4440,21.358623,4.35
4441,21.364232,5.609
4442,21.367881,3.649
4443,21.371764,3.883
4444,21.377752,5.988
4445,21.382699,4.947
4446,21.386256,3.557
4447,21.390564,4.308
4448,21.395648,5.084
4449,21.401323,5.675
4450,21.4055,4.177
4451,21.409727,4.227
4452,21.414706,4.979
4453,21.418083,3.377
4454,21.423698,5.615
4455,21.428528,4.83
4456,21.432164,3.636
4457,21.437643,5.479
4458,21.441131,3.488
4459,21.447202,6.071
4460,21.450423,3.221
4461,21.454397,3.974
4462,21.459202,4.805
4463,21.463046,3.844
4464,21.467505,4.459
4465,21.471578,4.073
4466,21.476396,4.818
4467,21.479962,3.566
4468,21.484746,4.784
4469,21.490897,6.151
4470,21.49424,3.343
4471,21.498729,4.489
4472,21.503254,4.525
4473,21.508005,4.751
4474,21.513308,5.303
4475,21.517653,4.345
4476,21.522574,4.921
4477,21.52593,3.356
4478,21.530204,4.274
4479,21.534485,4.281
4480,21.539949,5.464
4481,21.543599,3.65
4482,21.549316,5.717
4483,21.55389,4.574
4484,21.558871,4.981
4485,21.562502,3.631
4486,21.566593,4.091
4487,21.570725,4.132
4488,21.575706,4.981
4489,21.580828,5.122
4490,21.584992,4.164
4491,21.589172,4.18
4492,21.594064,4.892
4493,21.598609,4.545
4494,21.604033,5.424
4495,21.608402,4.369
4496,21.613639,5.237
4497,21.618787,5.148
4498,21.623688,4.901
4499,21.629707,6.019
4500,21.634457,4.75
4501,21.638061,3.604
4502,21.642285,4.224
4503,21.646504,4.219
4504,21.653639,7.135
4505,21.656922,3.283
4506,21.661174,4.252
4507,21.666154,4.98
4508,21.669676,3.522
4509,21.675593,5.917
4510,21.67988,4.287
4511,21.684694,4.814
4512,21.688252,3.558
4513,21.692579,4.327
4514,21.698612,6.033
4515,21.703423,4.811
4516,21.706824,3.401
4517,21.711349,4.525
4518,21.718584,7.235
4519,21.723585,5.001
4520,21.727623,4.038
4521,21.732023,4.4
4522,21.737118,5.095
4523,21.740576,3.458
4524,21.746652,6.076
4525,21.750786,4.134
4526,21.755519,4.733
4527,21.759195,3.676
4528,21.763588,4.393
4529,21.770046,6.458
4530,21.773616,3.57
4531,21.778121,4.505
4532,21.782193,4.072
4533,21.787119,4.926
4534,21.791962,4.843
4535,21.796411,4.449
4536,21.800437,4.026
4537,21.805344,4.907
4538,21.809077,3.733
4539,21.813683,4.606
4540,21.819798,6.115
4541,21.82468,4.882
4542,21.828486,3.806
4543,21.832771,4.285
4544,21.839301,6.53
4545,21.843094,3.793
4546,21.847494,4.4
4547,21.85189,4.396
4548,21.856613,4.723
4549,21.862083,5.47
4550,21.866216,4.133
4551,21.871181,4.965
4552,21.874825,3.644
4553,21.879514,4.689
4554,21.884023,4.509
4555,21.889376,5.353
4556,21.894233,4.857
4557,21.898515,4.282
4558,21.902753,4.238
4559,21.909221,6.468
4560,21.913162,3.941
4561,21.917772,4.61
4562,21.922785,5.013
4563,21.926516,3.731
4564,21.93243,5.914
4565,21.93691,4.48
4566,21.942944,6.034
4567,21.946657,3.713
4568,21.950883,4.226
4569,21.956002,5.119
4570,21.959353,3.351
4571,21.963941,4.588
4572,21.967777,3.836
4573,21.974707,6.93
4574,21.978149,3.442
4575,21.982574,4.425
4576,21.987334,4.76
4577,21.99082,3.486
4578,21.994958,4.138
4579,21.99934,4.382
4580,22.00581,6.47
4581,22.00924,3.43
4582,22.015312,6.072
4583,22.020468,5.156
4584,22.023582,3.114
4585,22.027988,4.406
4586,22.032698,4.71
4587,22.037884,5.186
4588,22.042483,4.599
4589,22.046858,4.375
4590,22.051868,5.01
4591,22.057086,5.218
4592,22.061213,4.127
4593,22.067379,6.166
4594,22.072093,4.714
4595,22.075623,3.53
4596,22.079856,4.233
4597,22.084897,5.041
4598,22.08816,3.263
4599,22.092243,4.083
4600,22.09687,4.627
4601,22.103533,6.663
4602,22.108335,4.802
4603,22.112574,4.239
4604,22.117071,4.497
4605,22.120713,3.642
4606,22.124878,4.165
4607,22.128984,4.106
4608,22.135909,6.925
4609,22.140651,4.742
4610,22.144021,3.37
4611,22.15087,6.849
4612,22.154214,3.344
4613,22.160295,6.081
4614,22.164456,4.161
4615,22.16938,4.924
4616,22.172874,3.494
4617,22.176944,4.07
4618,22.183096,6.152
4619,22.186393,3.297
4620,22.193504,7.111
4621,22.197153,3.649
4622,22.203565,6.412
4623,22.206686,3.121
4624,22.210611,3.925
4625,22.216059,5.448
4626,22.219421,3.362
4627,22.223666,4.245
4628,22.227946,4.28
4629,22.234781,6.835
4630,22.239738,4.957
4631,22.243508,3.77
4632,22.248601,5.093
4633,22.253839,5.238
4634,22.258089,4.25
4635,22.262465,4.376
4636,22.267234,4.769
4637,22.270638,3.404
4638,22.274925,4.287
4639,22.279577,4.652
4640,22.284343,4.766
4641,22.287707,3.364
4642,22.293931,6.224
4643,22.299685,5.754
4644,22.303991,4.306
4645,22.308651,4.66
4646,22.312911,4.26
4647,22.317671,4.76
4648,22.321175,3.504
4649,22.325345,4.17
4650,22.331043,5.698
4651,22.336948,5.905
4652,22.340576,3.628
4653,22.346614,6.038
4654,22.351541,4.927
4655,22.354961,3.42
4656,22.35931,4.349
4657,22.364412,5.102
4658,22.367775,3.363
4659,22.37204,4.265
4660,22.377988,5.948
4661,22.382767,4.779
4662,22.388083,5.316
4663,22.392397,4.314
4664,22.398653,6.256
4665,22.403055,4.402
4666,22.407159,4.104
4667,22.4115,4.341
4668,22.416244,4.744
4669,22.420045,3.801
4670,22.424479,4.434
4671,22.434741,10.262
4672,22.439294,4.553
4673,22.442392,3.098
4674,22.446673,4.281
4675,22.451671,4.998
4676,22.455452,3.781
4677,22.459492,4.04
4678,22.466419,6.927
4679,22.469506,3.087
4680,22.475389,5.883
4681,22.479698,4.309
4682,22.486329,6.631
4683,22.49003,3.701
4684,22.494341,4.311
4685,22.499341,5.0
4686,22.503054,3.713
4687,22.50711,4.056
4688,22.511346,4.236
4689,22.51887,7.524
4690,22.522162,3.292
4691,22.527724,5.562
4692,22.532686,4.962
4693,22.538132,5.446
4694,22.542394,4.262
4695,22.548052,5.658
4696,22.5547,6.648
4697,22.558184,3.484
4698,22.562117,3.933
4699,22.566858,4.741
4700,22.572428,5.57
4701,22.576293,3.865
4702,22.582622,6.329
4703,22.587346,4.724
4704,22.591001,3.655
4705,22.595324,4.323
4706,22.600157,4.833
4707,22.60423,4.073
4708,22.60826,4.03
4709,22.612826,4.566
4710,22.617614,4.788
4711,22.622881,5.267
4712,22.627169,4.288
4713,22.634159,6.99
4714,22.637855,3.696
4715,22.641897,4.042
4716,22.646454,4.557
4717,22.655051,8.597
4718,22.658297,3.246
4719,22.661928,3.631
4720,22.668517,6.589
4721,22.672324,3.807
4722,22.678284,5.96
4723,22.6826,4.316
4724,22.687543,4.943
4725,22.691383,3.84
4726,22.695682,4.299
4727,22.701967,6.285
4728,22.707035,5.068
4729,22.710151,3.116
4730,22.714402,4.251
4731,22.722057,7.655
4732,22.725629,3.572
4733,22.731245,5.616
4734,22.736219,4.974
4735,22.740267,4.048
4736,22.744859,4.592
4737,22.750293,5.434
4738,22.754708,4.415
4739,22.758654,3.946
4740,22.764508,5.854
4741,22.76949,4.982
4742,22.775048,5.558
4743,22.779154,4.106
4744,22.783348,4.194
4745,22.788375,5.027
4746,22.791978,3.603
4747,22.796791,4.813
4748,22.801542,4.751
4749,22.805324,3.782
4750,22.810516,5.192
4751,22.814271,3.755
4752,22.819939,5.668
4753,22.824947,5.008
4754,22.829156,4.209
4755,22.834064,4.908
4756,22.837847,3.783
4757,22.842078,4.231
4758,22.846764,4.686
4759,22.851878,5.114
4760,22.85694,5.062
4761,22.861321,4.381
4762,22.868287,6.966
4763,22.871875,3.588
4764,22.876465,4.59
4765,22.88065,4.185
4766,22.886243,5.593
4767,22.889828,3.585
4768,22.893621,3.793
4769,22.89989,6.269
4770,22.903653,3.763
4771,22.909666,6.013
4772,22.914554,4.888
4773,22.922462,7.908
4774,22.927639,5.177
4775,22.932119,4.48
4776,22.942245,10.126
4777,22.949379,7.134
4778,22.956592,7.213
4779,22.960784,4.192
4780,22.966767,5.983
4781,22.972244,5.477
4782,22.977502,5.258
4783,22.982088,4.586
4784,22.986858,4.77
4785,22.990613,3.755
4786,22.994529,3.916
4787,23.000757,6.228
4788,23.006174,5.417
4789,23.00938,3.206
4790,23.021489,12.109
4791,23.026054,4.565
4792,23.031003,4.949
4793,23.035376,4.373
4794,23.039775,4.399
4795,23.044607,4.832
4796,23.048345,3.738
4797,23.052861,4.516
4798,23.057642,4.781
4799,23.061214,3.572
4800,23.067924,6.71
4801,23.071363,3.439
4802,23.078214,6.851
4803,23.081895,3.681
4804,23.08644,4.545
4805,23.09127,4.83
4806,23.095013,3.743
4807,23.101356,6.343
4808,23.105839,4.483
4809,23.109487,3.648
4810,23.113763,4.276
4811,23.120217,6.454
4812,23.124965,4.748
4813,23.130587,5.622
4814,23.135599,5.012
4815,23.140835,5.236
4816,23.144569,3.734
4817,23.149975,5.406
4818,23.154436,4.461
4819,23.159117,4.681
4820,23.164576,5.459
4821,23.168558,3.982
4822,23.17534,6.782
4823,23.178708,3.368
4824,23.182851,4.143
4825,23.18711,4.259
4826,23.19186,4.75
4827,23.195489,3.629
4828,23.199582,4.093
4829,23.204146,4.564
4830,23.208951,4.805
4831,23.214329,5.378
4832,23.218419,4.09
4833,23.225402,6.983
4834,23.228897,3.495
4835,23.234497,5.6
4836,23.238135,3.638
4837,23.244034,5.899
4838,23.247739,3.705
4839,23.251683,3.944
4840,23.257706,6.023
4841,23.262512,4.806
4842,23.267935,5.423
4843,23.272045,4.11
4844,23.276986,4.941
4845,23.280505,3.519
4846,23.284553,4.048
4847,23.288741,4.188
4848,23.293592,4.851
4849,23.298057,4.465
4850,23.301986,3.929
4851,23.30808,6.094
4852,23.312748,4.668
4853,23.318207,5.459
4854,23.322383,4.176
4855,23.327495,5.112
4856,23.331069,3.574
4857,23.335671,4.602
4858,23.339468,3.797
4859,23.343689,4.221
4860,23.348585,4.896
4861,23.35211,3.525
4862,23.358221,6.111
4863,23.363371,5.15
4864,23.366931,3.56
4865,23.370686,3.755
4866,23.375494,4.808
4867,23.379142,3.648
4868,23.384198,5.056
4869,23.388386,4.188
4870,23.39288,4.494
4871,23.39827,5.39
4872,23.402496,4.226
4873,23.408574,6.078
4874,23.413572,4.998
4875,23.41688,3.308
4876,23.421007,4.127
4877,23.425946,4.939
4878,23.431436,5.49
4879,23.43672,5.284
4880,23.440919,4.199
4881,23.446025,5.106
4882,23.451139,5.114
4883,23.455223,4.084
4884,23.4593,4.077
4885,23.464712,5.412
4886,23.468437,3.725
4887,23.471984,3.547
4888,23.476691,4.707
4889,23.4806,3.909
4890,23.486762,6.162
4891,23.492648,5.886
4892,23.49775,5.102
4893,23.502794,5.044
4894,23.507052,4.258
4895,23.510965,3.913
4896,23.51567,4.705
4897,23.519403,3.733
4898,23.523502,4.099
4899,23.528178,4.676
4900,23.534949,6.771
4901,23.539024,4.075
4902,23.543464,4.44
4903,23.548353,4.889
4904,23.552109,3.756
4905,23.555948,3.839
4906,23.559916,3.968
4907,23.564851,4.935
4908,23.570078,5.227
4909,23.574099,4.021
4910,23.57899,4.891
4911,23.583787,4.797
4912,23.587283,3.496
4913,23.591494,4.211
4914,23.596493,4.999
4915,23.601407,4.914
4916,23.605177,3.77
4917,23.609315,4.138
4918,23.614313,4.998
4919,23.618434,4.121
4920,23.621863,3.429
4921,23.626652,4.789
4922,23.631831,5.179
4923,23.635521,3.69
4924,23.639482,3.961
4925,23.644293,4.811
4926,23.6496,5.307
4927,23.653367,3.767
4928,23.658753,5.386
4929,23.663755,5.002
4930,23.6671,3.345
4931,23.671249,4.149
4932,23.676014,4.765
4933,23.679377,3.363
4934,23.683926,4.549
4935,23.688084,4.158
4936,23.692783,4.699
4937,23.696344,3.561
4938,23.701217,4.873
4939,23.704882,3.665
4940,23.709427,4.545
4941,23.712924,3.497
4942,23.718659,5.735
4943,23.722773,4.114
4944,23.726152,3.379
4945,23.730313,4.161
4946,23.736039,5.726
4947,23.740445,4.406
4948,23.743633,3.188
4949,23.747798,4.165
4950,23.754497,6.699
4951,23.759002,4.505
4952,23.762507,3.505
4953,23.767585,5.078
4954,23.772773,5.188
4955,23.775851,3.078
4956,23.780152,4.301
4957,23.785919,5.767
4958,23.790185,4.266
4959,23.793675,3.49
4960,23.79982,6.145
4961,23.803364,3.544
4962,23.808289,4.925
4963,23.811625,3.336
4964,23.816098,4.473
4965,23.82475,8.652
4966,23.827976,3.226
4967,23.833382,5.406
4968,23.837645,4.263
4969,23.843087,5.442
4970,23.846094,3.007
4971,23.851336,5.242
4972,23.85491,3.574
4973,23.859737,4.827
4974,23.863597,3.86
4975,23.868922,5.325
4976,23.873487,4.565
4977,23.877126,3.639
4978,23.883428,6.302
4979,23.888071,4.643
4980,23.893381,5.31
4981,23.896932,3.551
4982,23.901284,4.352
4983,23.905452,4.168
4984,23.910445,4.993
4985,23.916228,5.783
4986,23.920737,4.509
4987,23.926705,5.968
4988,23.93019,3.485
4989,23.934505,4.315
4990,23.938688,4.183
4991,23.943774,5.086
4992,23.94892,5.146
4993,23.95243,3.51
4994,23.956868,4.438
4995,23.961932,5.064
4996,23.966026,4.094
4997,23.969964,3.938
4998,23.975088,5.124
4999,23.9789,3.812
5000,23.983522,4.622
5001,23.987709,4.187
5002,23.99273,5.021
5003,23.997604,4.874
5004,24.00074,3.136
5005,24.004929,4.189
5006,24.00976,4.831
5007,24.014498,4.738
5008,24.019108,4.61
5009,24.023495,4.387
5010,24.02652,3.025
5011,24.031109,4.589
5012,24.035323,4.214
5013,24.039981,4.658
5014,24.043787,3.806
5015,24.049518,5.731
5016,24.05363,4.112
5017,24.058445,4.815
5018,24.062314,3.869
5019,24.066987,4.673
5020,24.071139,4.152
5021,24.075855,4.716
5022,24.079721,3.866
5023,24.084515,4.794
5024,24.088848,4.333
5025,24.093705,4.857
5026,24.097642,3.937
5027,24.101747,4.105
5028,24.106145,4.398
5029,24.111047,4.902
5030,24.114823,3.776
5031,24.120041,5.218
5032,24.124391,4.35
5033,24.128867,4.476
5034,24.133547,4.68
5035,24.137586,4.039
5036,24.141915,4.329
5037,24.147204,5.289
5038,24.151693,4.489
5039,24.155263,3.57
5040,24.159572,4.309
5041,24.164912,5.34
5042,24.169901,4.989
5043,24.175781,5.88
5044,24.181194,5.413
5045,24.184691,3.497
5046,24.188943,4.252
5047,24.193315,4.372
5048,24.200604,7.289
5049,24.204596,3.992
5050,24.208768,4.172
5051,24.213367,4.599
5052,24.218322,4.955
5053,24.222003,3.681
5054,24.226118,4.115
5055,24.233495,7.377
5056,24.23748,3.985
5057,24.241787,4.307
5058,24.246021,4.234
5059,24.250991,4.97
5060,24.254893,3.902
5061,24.258921,4.028
5062,24.263427,4.506
5063,24.269748,6.321
5064,24.272422,2.674
5065,24.278332,5.91
5066,24.283317,4.985
5067,24.286604,3.287
5068,24.290918,4.314
5069,24.294906,3.988
5070,24.301585,6.679
5071,24.304784,3.199
5072,24.309756,4.972
5073,24.313923,4.167
5074,24.318712,4.789
5075,24.322403,3.691
5076,24.326361,3.958
5077,24.334343,7.982
5078,24.33783,3.487
5079,24.34281,4.98
5080,24.346828,4.018
5081,24.351468,4.64
5082,24.355033,3.565
5083,24.359265,4.232
5084,24.366601,7.336
5085,24.371151,4.55
5086,24.37512,3.969
5087,24.379278,4.158
5088,24.38435,5.072
5089,24.387537,3.187
5090,24.391794,4.257
5091,24.396037,4.243
5092,24.401513,5.476
5093,24.40534,3.827
5094,24.408931,3.591
5095,24.413128,4.197
5096,24.418613,5.485
5097,24.421494,2.881
5098,24.425896,4.402
5099,24.433894,7.998
5100,24.439189,5.295
5101,24.441946,2.757
5102,24.446226,4.28
5103,24.45106,4.834
5104,24.454333,3.273
5105,24.458507,4.174
5106,24.465523,7.016
5107,24.469814,4.291
5108,24.472653,2.839
5109,24.476791,4.138
5110,24.483019,6.228
5111,24.485672,2.653
5112,24.48992,4.248
5113,24.494257,4.337
5114,24.499893,5.636
5115,24.506874,6.981
5116,24.510945,4.071
5117,24.515193,4.248
5118,24.520218,5.025
5119,24.523554,3.336
5120,24.527692,4.138
5121,24.53505,7.358
5122,24.539092,4.042
5123,24.543458,4.366
5124,24.547745,4.287
5125,24.552469,4.724
5126,24.556366,3.897
5127,24.560177,3.811
5128,24.564849,4.672
5129,24.571055,6.206
5130,24.574334,3.279
5131,24.578725,4.391
5132,24.584557,5.832
5133,24.587359,2.802
5134,24.591681,4.322
5135,24.596035,4.354
5136,24.603524,7.489
5137,24.606572,3.048
5138,24.611837,5.265
5139,24.61601,4.173
5140,24.620988,4.978
5141,24.624189,3.201
5142,24.628412,4.223
5143,24.634192,5.78
5144,24.638982,4.79
5145,24.642663,3.681
5146,24.647136,4.473
5147,24.653409,6.273
5148,24.656309,2.9
5149,24.661925,5.616
5150,24.66731,5.385
5151,24.672991,5.681
5152,24.676439,3.448
5153,24.68075,4.311
5154,24.686908,6.158
5155,24.689668,2.76
5156,24.693217,3.549
5157,24.697419,4.202
5158,24.70426,6.841
5159,24.707823,3.563
5160,24.714002,6.179
5161,24.71857,4.568
5162,24.722922,4.352
5163,24.726192,3.27
5164,24.730435,4.243
5165,24.737777,7.342
5166,24.740798,3.021
5167,24.744885,4.087
5168,24.752609,7.724
5169,24.757696,5.087
5170,24.761236,3.54
5171,24.765567,4.331
5172,24.769839,4.272
5173,24.77416,4.321
5174,24.777641,3.481
5175,24.782287,4.646
5176,24.790196,7.909
5177,24.792792,2.596
5178,24.798252,5.46
5179,24.802256,4.004
5180,24.808752,6.496
5181,24.812031,3.279
5182,24.818391,6.36
5183,24.821322,2.931
5184,24.82601,4.688
5185,24.829563,3.553
5186,24.835087,5.524
5187,24.839318,4.231
5188,24.842536,3.218
5189,24.848965,6.429
5190,24.853728,4.763
5191,24.859696,5.968
5192,24.863314,3.618
5193,24.868843,5.529
5194,24.873576,4.733
5195,24.876921,3.345
5196,24.883781,6.86
5197,24.887238,3.457
5198,24.893229,5.991
5199,24.896448,3.219
5200,24.902183,5.735
5201,24.907178,4.995
5202,24.910251,3.073
5203,24.916961,6.71
5204,24.92084,3.879
5205,24.925312,4.472
5206,24.928766,3.454
5207,24.93333,4.564
5208,24.937802,4.472
5209,24.94308,5.278
5210,24.947521,4.441
5211,24.953349,5.828
5212,24.957675,4.326
5213,24.961012,3.337
5214,24.966671,5.659
5215,24.970468,3.797
5216,24.974153,3.685
5217,24.978045,3.892
5218,24.982615,4.57
5219,24.989113,6.498
5220,24.994179,5.066
5221,24.998236,4.057
5222,25.004116,5.88
5223,25.007261,3.145
5224,25.011475,4.214
5225,25.015897,4.422
5226,25.023282,7.385
5227,25.026109,2.827
5228,25.029749,3.64
5229,25.035984,6.235
5230,25.03904,3.056
5231,25.04295,3.91
5232,25.047417,4.467
5233,25.053181,5.764
5234,25.057072,3.891
5235,25.061101,4.029
5236,25.06573,4.629
5237,25.070912,5.182
5238,25.076625,5.713
5239,25.080556,3.931
5240,25.086044,5.488
5241,25.090297,4.253
5242,25.094197,3.9
5243,25.098925,4.728
5244,25.104213,5.288
5245,25.107536,3.323
5246,25.111742,4.206
5247,25.117183,5.441
5248,25.123608,6.425
5249,25.129277,5.669
5250,25.134026,4.749
5251,25.138112,4.086
5252,25.141937,3.825
5253,25.146267,4.33
5254,25.150832,4.565
5255,25.156436,5.604
5256,25.160681,4.245
5257,25.167809,7.128
5258,25.170641,2.832
5259,25.176611,5.97
5260,25.180679,4.068
5261,25.185504,4.825
5262,25.188903,3.399
5263,25.193018,4.115
5264,25.199701,6.683
5265,25.203263,3.562
5266,25.20733,4.067
5267,25.211464,4.134
5268,25.219144,7.68
5269,25.223333,4.189
5270,25.226932,3.599
5271,25.231856,4.924
5272,25.235224,3.368
5273,25.239414,4.19
5274,25.245568,6.154
5275,25.250914,5.346
5276,25.25391,2.996
5277,25.258012,4.102
5278,25.262299,4.287
5279,25.268136,5.837
5280,25.271197,3.061
5281,25.275185,3.988
5282,25.280021,4.836
5283,25.285109,5.088
5284,25.290616,5.507
5285,25.29465,4.034
5286,25.301482,6.832
5287,25.304859,3.377
5288,25.309274,4.415
5289,25.31578,6.506
5290,25.319758,3.978
5291,25.323286,3.528
5292,25.327489,4.203
5293,25.332235,4.746
5294,25.337687,5.452
5295,25.34173,4.043
5296,25.34624,4.51
5297,25.350982,4.742
5298,25.354243,3.261
5299,25.36018,5.937
5300,25.364965,4.785
5301,25.36848,3.515
5302,25.372643,4.163
5303,25.376643,4.0
5304,25.383069,6.426
5305,25.385795,2.726
5306,25.39007,4.275
5307,25.394179,4.109
5308,25.400357,6.178
5309,25.40587,5.513
5310,25.409835,3.965
5311,25.414892,5.057
5312,25.418266,3.374
5313,25.422565,4.299
5314,25.428692,6.127
5315,25.434423,5.731
5316,25.437633,3.21
5317,25.441546,3.913
5318,25.445865,4.319
5319,25.45222,6.355
5320,25.455843,3.623
5321,25.460132,4.289
5322,25.46518,5.048
5323,25.468779,3.599
5324,25.47477,5.991
5325,25.479148,4.378
5326,25.484139,4.991
5327,25.48761,3.471
5328,25.491955,4.345
5329,25.496216,4.261
5330,25.501087,4.871
5331,25.504678,3.591
5332,25.508831,4.153
5333,25.514542,5.711
5334,25.520069,5.527
5335,25.524286,4.217
5336,25.528647,4.361
5337,25.534396,5.749
5338,25.537549,3.153
5339,25.543393,5.844
5340,25.54806,4.667
5341,25.551866,3.806
5342,25.556064,4.198
5343,25.560569,4.505
5344,25.565844,5.275
5345,25.568913,3.069
5346,25.573247,4.334
5347,25.577561,4.314
5348,25.582925,5.364
5349,25.588087,5.162
5350,25.592443,4.356
5351,25.597436,4.993
5352,25.600755,3.319
5353,25.604985,4.23
5354,25.611125,6.14
5355,25.615883,4.758
5356,25.619516,3.633
5357,25.623662,4.146
5358,25.628545,4.883
5359,25.634289,5.744
5360,25.639116,4.827
5361,25.641399,2.283
5362,25.646502,5.103
5363,25.649695,3.193
5364,25.655709,6.014
5365,25.659967,4.258
5366,25.665316,5.349
5367,25.668584,3.268
5368,25.673003,4.419
5369,25.679127,6.124
5370,25.684112,4.985
5371,25.687798,3.686
5372,25.692079,4.281
5373,25.697781,5.702
5374,25.70301,5.229
5375,25.707126,4.116
5376,25.711583,4.457
5377,25.716378,4.795
5378,25.72015,3.772
5379,25.726023,5.873
5380,25.731675,5.652
5381,25.735388,3.713
5382,25.739109,3.721
5383,25.743373,4.264
5384,25.750606,7.233
5385,25.753935,3.329
5386,25.758095,4.16
5387,25.762599,4.504
5388,25.767662,5.063
5389,25.772663,5.001
5390,25.776643,3.98
5391,25.783355,6.712
5392,25.786083,2.728
5393,25.790741,4.658
5394,25.796253,5.512
5395,25.801687,5.434
5396,25.805111,3.424
5397,25.808346,3.235
5398,25.812511,4.165
5399,25.818943,6.432
5400,25.82264,3.697
5401,25.82639,3.75
5402,25.831069,4.679
5403,25.834537,3.468
5404,25.839472,4.935
5405,25.842907,3.435
5406,25.848203,5.296
5407,25.855674,7.471
5408,25.858844,3.17
5409,25.865287,6.443
5410,25.868965,3.678
5411,25.875512,6.547
5412,25.879969,4.457
5413,25.887265,7.296
5414,25.892453,5.188
5415,25.89648,4.027
5416,25.901422,4.942
5417,25.904718,3.296
5418,25.908542,3.824
5419,25.916221,7.679
5420,25.919676,3.455
5421,25.923269,3.593
5422,25.927552,4.283
5423,25.93226,4.708
5424,25.937748,5.488
5425,25.941178,3.43
5426,25.94545,4.272
5427,25.950736,5.286
5428,25.953863,3.127
5429,25.959238,5.375
5430,25.964049,4.811
5431,25.967437,3.388
5432,25.971466,4.029
5433,25.975323,3.857
5434,25.982279,6.956
5435,25.984742,2.463
5436,25.988875,4.133
5437,25.992855,3.98
5438,25.999701,6.846
5439,26.004355,4.654
5440,26.008311,3.956
5441,26.013171,4.86
5442,26.01716,3.989
5443,26.020923,3.763
5444,26.026283,5.36
5445,26.032153,5.87
5446,26.034724,2.571
5447,26.040268,5.544
5448,26.042808,2.54
5449,26.047491,4.683
5450,26.052736,5.245
5451,26.056823,4.087
5452,26.061553,4.73
5453,26.066729,5.176
5454,26.072751,6.022
5455,26.076301,3.55
5456,26.080861,4.56
5457,26.084359,3.498
5458,26.088404,4.045
5459,26.094417,6.013
5460,26.099829,5.412
5461,26.102851,3.022
5462,26.106873,4.022
5463,26.111768,4.895
5464,26.117147,5.379
5465,26.120383,3.236
5466,26.123998,3.615
5467,26.128984,4.986
5468,26.13308,4.096
5469,26.138864,5.784
5470,26.143046,4.182
5471,26.148049,5.003
5472,26.151339,3.29
5473,26.155694,4.355
5474,26.162291,6.597
5475,26.165522,3.231
5476,26.16967,4.148
5477,26.173813,4.143
5478,26.178932,5.119
5479,26.183688,4.756
5480,26.188001,4.313
5481,26.191998,3.997
5482,26.196783,4.785
5483,26.201123,4.34
5484,26.207027,5.904
5485,26.212614,5.587
5486,26.216925,4.311
5487,26.221878,4.953
5488,26.224776,2.898
5489,26.231684,6.908
5490,26.234961,3.277
5491,26.239412,4.451
5492,26.243442,4.03
5493,26.24847,5.028
5494,26.253769,5.299
5495,26.25785,4.081
5496,26.263056,5.206
5497,26.266336,3.28
5498,26.270562,4.226
5499,26.27652,5.958
5500,26.282165,5.645
5501,26.285566,3.401
5502,26.289033,3.467
5503,26.293252,4.219
5504,26.298186,4.934
5505,26.301815,3.629
5506,26.306005,4.19
5507,26.311058,5.053
5508,26.315936,4.878
5509,26.320914,4.978
5510,26.324795,3.881
5511,26.329862,5.067
5512,26.333502,3.64
5513,26.33756,4.058
5514,26.343593,6.033
5515,26.349502,5.909
5516,26.352167,2.665
5517,26.356379,4.212
5518,26.361714,5.335
5519,26.365679,3.965
5520,26.369419,3.74
5521,26.373594,4.175
5522,26.378576,4.982
5523,26.383105,4.529
5524,26.38887,5.765
5525,26.392954,4.084
5526,26.399178,6.224
5527,26.402606,3.428
5528,26.407521,4.915
5529,26.41285,5.329
5530,26.415972,3.122
5531,26.420198,4.226
5532,26.426031,5.833
5533,26.432059,6.028
5534,26.435278,3.219
5535,26.44035,5.072
5536,26.444835,4.485
5537,26.449315,4.48
5538,26.452855,3.54
5539,26.456881,4.026
5540,26.462074,5.193
5541,26.465881,3.807
5542,26.469746,3.865
5543,26.473819,4.073
5544,26.478743,4.924
5545,26.48325,4.507
5546,26.487218,3.968
5547,26.490865,3.647
5548,26.499232,8.367
5549,26.502589,3.357
5550,26.506262,3.673
5551,26.511359,5.097
5552,26.516204,4.845
5553,26.520675,4.471
5554,26.524678,4.003
5555,26.532551,7.873
5556,26.535954,3.403
5557,26.541224,5.27
5558,26.545371,4.147
5559,26.550091,4.72
5560,26.553576,3.485
5561,26.557924,4.348
5562,26.562779,4.855
5563,26.56754,4.761
5564,26.571123,3.583
5565,26.575273,4.15
5566,26.580157,4.884
5567,26.58614,5.983
5568,26.590402,4.262
5569,26.594549,4.147
5570,26.600594,6.045
5571,26.603444,2.85
5572,26.609358,5.914
5573,26.614351,4.993
5574,26.617698,3.347
5575,26.624141,6.443
5576,26.628177,4.036
5577,26.633781,5.604
5578,26.637492,3.711
5579,26.640762,3.27
5580,26.645275,4.513
5581,26.649932,4.657
5582,26.653484,3.552
5583,26.657851,4.367
5584,26.667109,9.258
5585,26.670831,3.722
5586,26.674647,3.816
5587,26.679014,4.367
5588,26.683733,4.719
5589,26.687389,3.656
5590,26.691519,4.13
5591,26.697724,6.205
5592,26.702551,4.827
5593,26.706868,4.317
5594,26.711031,4.163
5595,26.715981,4.95
5596,26.71959,3.609
5597,26.723606,4.016
5598,26.728065,4.459
5599,26.733473,5.408
5600,26.736608,3.135
5601,26.740519,3.911
5602,26.745606,5.087
5603,26.74956,3.954
5604,26.753798,4.238
5605,26.757844,4.046
5606,26.765125,7.281
5607,26.768294,3.169
5608,26.772537,4.243
5609,26.776989,4.452
5610,26.782122,5.133
5611,26.785679,3.557
5612,26.791431,5.752
5613,26.796668,5.237
5614,26.799982,3.314
5615,26.806287,6.305
5616,26.810582,4.295
5617,26.815436,4.854
5618,26.819172,3.736
5619,26.823457,4.285
5620,26.828168,4.711
5621,26.833193,5.025
5622,26.836283,3.09
5623,26.840496,4.213
5624,26.846106,5.61
5625,26.848987,2.881
5626,26.853336,4.349
5627,26.857497,4.161
5628,26.863527,6.03
5629,26.867582,4.055
5630,26.871844,4.262
5631,26.876141,4.297
5632,26.882964,6.823
5633,26.886265,3.301
5634,26.890298,4.033
5635,26.898838,8.54
5636,26.90195,3.112
5637,26.906911,4.961
5638,26.911057,4.146
5639,26.915749,4.692
5640,26.91946,3.711
5641,26.923303,3.843
5642,26.92774,4.437
5643,26.933222,5.482
5644,26.939722,6.5
5645,26.943813,4.091
5646,26.948719,4.906
5647,26.952089,3.37
5648,26.956743,4.654
5649,26.960488,3.745
5650,26.965583,5.095
5651,26.968811,3.228
5652,26.974477,5.666
5653,26.978608,4.131
5654,26.983269,4.661
5655,26.988629,5.36
5656,26.992593,3.964
5657,26.997953,5.36
5658,27.000911,2.958
5659,27.005146,4.235
5660,27.008988,3.842
5661,27.015122,6.134
5662,27.017569,2.447
5663,27.021827,4.258
5664,27.025763,3.936
5665,27.032292,6.529
5666,27.034804,2.512
5667,27.038918,4.114
5668,27.043814,4.896
5669,27.049086,5.272
5670,27.052176,3.09
5671,27.055759,3.583
5672,27.062149,6.39
5673,27.065557,3.408
5674,27.069627,4.07
5675,27.075455,5.828
5676,27.080841,5.386
5677,27.084071,3.23
5678,27.087982,3.911
5679,27.092486,4.504
5680,27.096156,3.67
5681,27.100965,4.809
5682,27.104323,3.358
5683,27.108971,4.648
5684,27.112395,3.424
5685,27.118416,6.021
5686,27.121835,3.419
5687,27.126361,4.526
5688,27.129706,3.345
5689,27.136288,6.582
5690,27.140003,3.715
5691,27.14336,3.357
5692,27.147619,4.259
5693,27.155837,8.218
5694,27.160518,4.681
5695,27.165565,5.047
5696,27.169797,4.232
5697,27.173593,3.796
5698,27.178374,4.781
5699,27.18351,5.136
5700,27.186942,3.432
5701,27.191787,4.845
5702,27.194897,3.11
5703,27.200756,5.859
5704,27.204299,3.543
5705,27.208928,4.629
5706,27.212382,3.454
5707,27.218425,6.043
5708,27.22217,3.745
5709,27.226226,4.056
5710,27.229793,3.567
5711,27.236427,6.634
5712,27.242791,6.364
5713,27.246094,3.303
5714,27.251297,5.203
5715,27.256894,5.597
5716,27.26186,4.966
5717,27.26635,4.49
5718,27.269755,3.405
5719,27.273821,4.066
5720,27.278527,4.706
5721,27.283694,5.167
5722,27.287704,4.01
5723,27.29248,4.776
5724,27.29565,3.17
5725,27.301132,5.482
5726,27.304571,3.439
5727,27.309387,4.816
5728,27.313149,3.762
5729,27.318328,5.179
5730,27.321873,3.545
5731,27.326201,4.328
5732,27.329815,3.614
5733,27.336156,6.341
5734,27.340955,4.799
5735,27.34617,5.215
5736,27.351062,4.892
5737,27.354439,3.377
5738,27.359084,4.645
5739,27.36239,3.306
5740,27.369588,7.198
5741,27.373554,3.966
5742,27.378402,4.848
5743,27.383425,5.023
5744,27.386833,3.408
5745,27.391352,4.519
5746,27.394785,3.433
5747,27.400886,6.101
5748,27.404815,3.929
5749,27.409633,4.818
5750,27.413214,3.581
5751,27.418206,4.992
5752,27.422218,4.012
5753,27.42687,4.652
5754,27.430292,3.422
5755,27.438062,7.77
5756,27.442519,4.457
5757,27.445937,3.418
5758,27.45084,4.903
5759,27.454868,4.028
5760,27.459498,4.63
5761,27.463091,3.593
5762,27.469338,6.247
5763,27.473034,3.696
5764,27.478074,5.04
5765,27.48309,5.016
5766,27.486624,3.534
5767,27.491345,4.721
5768,27.4947,3.355
5769,27.500738,6.038
5770,27.50396,3.222
5771,27.508587,4.627
5772,27.512937,4.35
5773,27.518159,5.222
5774,27.521791,3.632
5775,27.525683,3.892
5776,27.529147,3.464
5777,27.535596,6.449
5778,27.54021,4.614
5779,27.543705,3.495
5780,27.548236,4.531
5781,27.553961,5.725
5782,27.560611,6.65
5783,27.563967,3.356
5784,27.568132,4.165
5785,27.572207,4.075
5786,27.576852,4.645
5787,27.580334,3.482
5788,27.586335,6.001
5789,27.591167,4.832
5790,27.594603,3.436
5791,27.600243,5.64
5792,27.603733,3.49
5793,27.608456,4.723
5794,27.612023,3.567
5795,27.618054,6.031
5796,27.621997,3.943
5797,27.626929,4.932
5798,27.633672,6.743
5799,27.638157,4.485
5800,27.642193,4.036
5801,27.645809,3.616
5802,27.652256,6.447
5803,27.655966,3.71
5804,27.661188,5.222
5805,27.665614,4.426
5806,27.669388,3.774
5807,27.673431,4.043
5808,27.678576,5.145
5809,27.682018,3.442
5810,27.685914,3.896
5811,27.690398,4.484
5812,27.695899,5.501
5813,27.699492,3.593
5814,27.704605,5.113
5815,27.708268,3.663
5816,27.711403,3.135
5817,27.71682,5.417
5818,27.720492,3.672
5819,27.724949,4.457
5820,27.728311,3.362
5821,27.735872,7.561
5822,27.741385,5.513
5823,27.744753,3.368
5824,27.74883,4.077
5825,27.752976,4.146
5826,27.757601,4.625
5827,27.761303,3.702
5828,27.767756,6.453
5829,27.771879,4.123
5830,27.77657,4.691
5831,27.78165,5.08
5832,27.787396,5.746
5833,27.7919,4.504
5834,27.797445,5.545
5835,27.799809,2.364
5836,27.803945,4.136
5837,27.808579,4.634
5838,27.814026,5.447
5839,27.817414,3.388
5840,27.821549,4.135
5841,27.826555,5.006
5842,27.831937,5.382
5843,27.834743,2.806
5844,27.839147,4.404
5845,27.842808,3.661
5846,27.84811,5.302
5847,27.851393,3.283
5848,27.856233,4.84
5849,27.859651,3.418
5850,27.863549,3.898
5851,27.869677,6.128
5852,27.876163,6.486
5853,27.879375,3.212
5854,27.883639,4.264
5855,27.887277,3.638
5856,27.89184,4.563
5857,27.895222,3.382
5858,27.904219,8.997
5859,27.90627,2.051
5860,27.912421,6.151
5861,27.916275,3.854
5862,27.921429,5.154
5863,27.925123,3.694
5864,27.930183,5.06
5865,27.934516,4.333
5866,27.939113,4.597
5867,27.941029,1.916
5868,27.945545,4.516
5869,27.951606,6.061
5870,27.954698,3.092
5871,27.958709,4.011
5872,27.962806,4.097
5873,27.970296,7.49
5874,27.9731,2.804
5875,27.976927,3.827
5876,27.98201,5.083
5877,27.987472,5.462
5878,27.990716,3.244
5879,27.994377,3.661
5880,28.003312,8.935
5881,28.006247,2.935
5882,28.009924,3.677
5883,28.014311,4.387
5884,28.017494,3.183
5885,28.023507,6.013
5886,28.027584,4.077
5887,28.037455,9.871
5888,28.042752,5.297
5889,28.046424,3.672
5890,28.050933,4.509
5891,28.055499,4.566
5892,28.058546,3.047
5893,28.063789,5.243
5894,28.069299,5.51
5895,28.071927,2.628
5896,28.077434,5.507
5897,28.080838,3.404
5898,28.086077,5.239
5899,28.089686,3.609
5900,28.09249,2.804
5901,28.098256,5.766
5902,28.105849,7.593
5903,28.108055,2.206
5904,28.113422,5.367
5905,28.117554,4.132
5906,28.120696,3.142
5907,28.124516,3.82
5908,28.133411,8.895
5909,28.137356,3.945
5910,28.139447,2.091
5911,28.143336,3.889
5912,28.147697,4.361
5913,28.152546,4.849
5914,28.155857,3.311
5915,28.159591,3.734
5916,28.167855,8.264
5917,28.171563,3.708
5918,28.17586,4.297
5919,28.181535,5.675
5920,28.186277,4.742
5921,28.191093,4.816
5922,28.195614,4.521
5923,28.199815,4.201
5924,28.206461,6.646
5925,28.21036,3.899
5926,28.214608,4.248
5927,28.219401,4.793
5928,28.222757,3.356
5929,28.227143,4.386
5930,28.231325,4.182
5931,28.236271,4.946
5932,28.239729,3.458
5933,28.244226,4.497
5934,28.251095,6.869
5935,28.255343,4.248
5936,28.25936,4.017
5937,28.263492,4.132
5938,28.268665,5.173
5939,28.273913,5.248
5940,28.278732,4.819
5941,28.283389,4.657
5942,28.289392,6.003
5943,28.293322,3.93
5944,28.29905,5.728
5945,28.303549,4.499
5946,28.308122,4.573
5947,28.312699,4.577
5948,28.317166,4.467
5949,28.322706,5.54
5950,28.32712,4.414
5951,28.330644,3.524
5952,28.335094,4.45
5953,28.340004,4.91
5954,28.344411,4.407
5955,28.349794,5.383
5956,28.356346,6.552
5957,28.360292,3.946
5958,28.364299,4.007
5959,28.37016,5.861
5960,28.375324,5.164
5961,28.380496,5.172
5962,28.384418,3.922
5963,28.389987,5.569
5964,28.395461,5.474
5965,28.399755,4.294
5966,28.403844,4.089
5967,28.409147,5.303
5968,28.416354,7.207
5969,28.420926,4.572
5970,28.426732,5.806
5971,28.430397,3.665
5972,28.434269,3.872
5973,28.439438,5.169
5974,28.445863,6.425
5975,28.45199,6.127
5976,28.456051,4.061
5977,28.460368,4.317
5978,28.464134,3.766
5979,28.470882,6.748
5980,28.474979,4.097
5981,28.480607,5.628
5982,28.485575,4.968
5983,28.489188,3.613
5984,28.495269,6.081
5985,28.500116,4.847
5986,28.503605,3.489
5987,28.50815,4.545
5988,28.515386,7.236
5989,28.519828,4.442
5990,28.525301,5.473
5991,28.530896,5.595
5992,28.534984,4.088
5993,28.539659,4.675
5994,28.545735,6.076
5995,28.5506,4.865
5996,28.554109,3.509
5997,28.558541,4.432
5998,28.56466,6.119
5999,28.569033,4.373
6000,28.573222,4.189
6001,28.579341,6.119
6002,28.582982,3.641
6003,28.588072,5.09
6004,28.593999,5.927
6005,28.599761,5.762
6006,28.603042,3.281
6007,28.606706,3.664
6008,28.611631,4.925
6009,28.616963,5.332
6010,28.621281,4.318
6011,28.626547,5.266
6012,28.633507,6.96
6013,28.639627,6.12
6014,28.643921,4.294
6015,28.648857,4.936
6016,28.654305,5.448
6017,28.659018,4.713
6018,28.668857,9.839
6019,28.67266,3.803
6020,28.678634,5.974
6021,28.683898,5.264
6022,28.687506,3.608
6023,28.691401,3.895
6024,28.697916,6.515
6025,28.701888,3.972
6026,28.705785,3.897
6027,28.710121,4.336
6028,28.714829,4.708
6029,28.72029,5.461
6030,28.72442,4.13
6031,28.731084,6.664
6032,28.736067,4.983
6033,28.73963,3.563
6034,28.746381,6.751
6035,28.749925,3.544
6036,28.754217,4.292
6037,28.758673,4.456
6038,28.763966,5.293
6039,28.768853,4.887
6040,28.773038,4.185
6041,28.777941,4.903
6042,28.781725,3.784
6043,28.786014,4.289
6044,28.792859,6.845
6045,28.800509,7.65
6046,28.804373,3.864
6047,28.809151,4.778
6048,28.813939,4.788
6049,28.819214,5.275
6050,28.823697,4.483
6051,28.831122,7.425
6052,28.839199,8.077
6053,28.842732,3.533
6054,28.849687,6.955
6055,28.852922,3.235
6056,28.857034,4.112
6057,28.861315,4.281
6058,28.867582,6.267
6059,28.871468,3.886
6060,28.8759410000001,4.473
6061,28.881456,5.515
6062,28.8846500000001,3.194
6063,28.8886400000001,3.99
6064,28.8939170000001,5.277
6065,28.8976780000001,3.761
6066,28.9012850000001,3.607
6067,28.9055350000001,4.25
6068,28.912754,7.219
6069,28.917026,4.272
6070,28.921149,4.123
6071,28.926382,5.233
6072,28.9300630000001,3.681
6073,28.934064,4.001
6074,28.940743,6.679
6075,28.945461,4.718
6076,28.950154,4.693
6077,28.954964,4.81
6078,28.96007,5.106
6079,28.96528,5.21
6080,28.9694010000001,4.121
6081,28.9743740000001,4.973
6082,28.9803130000001,5.939
6083,28.9849470000001,4.634
6084,28.9911960000001,6.249
6085,28.9952830000001,4.087
6086,28.9989050000001,3.622
6087,29.00349,4.585
6088,29.008307,4.817
6089,29.014797,6.49
6090,29.018905,4.108
6091,29.022978,4.073
6092,29.026998,4.02
6093,29.031167,4.169
6094,29.0370440000001,5.877
6095,29.042714,5.67
6096,29.0478880000001,5.174
6097,29.052007,4.119
6098,29.0566500000001,4.643
6099,29.0622460000001,5.596
6100,29.0666140000001,4.368
6101,29.07358,6.966
6102,29.086598,13.018
6103,29.09054,3.942
6104,29.094312,3.772
6105,29.098535,4.223
6106,29.102243,3.708
6107,29.106801,4.558
6108,29.110901,4.1
6109,29.118363,7.462
6110,29.122539,4.176
6111,29.12754,5.001
6112,29.132402,4.862
6113,29.135902,3.5
6114,29.144268,8.366
6115,29.148709,4.441
6116,29.152617,3.908
6117,29.156962,4.345
6118,29.16118,4.218
6119,29.167938,6.758
6120,29.171438,3.5
6121,29.175814,4.376
6122,29.180741,4.927
6123,29.184443,3.702
6124,29.19035,5.907
6125,29.194459,4.109
6126,29.19946,5.001
6127,29.203212,3.752
6128,29.207433,4.221
6129,29.214276,6.843
6130,29.218251,3.975
6131,29.222155,3.904
6132,29.226588,4.433
6133,29.232248,5.66
6134,29.236823,4.575
6135,29.241033,4.21
6136,29.245893,4.86
6137,29.249631,3.738
6138,29.253949,4.318
6139,29.259737,5.788
6140,29.264664,4.927
6141,29.268216,3.552
6142,29.272661,4.445
6143,29.277879,5.218
6144,29.28316,5.281
6145,29.287383,4.223
6146,29.291732,4.349
6147,29.296745,5.013
6148,29.300178,3.433
6149,29.30612,5.942
6150,29.31108,4.96
6151,29.314671,3.591
6152,29.319007,4.336
6153,29.323428,4.421
6154,29.328458,5.03
6155,29.333851,5.393
6156,29.338351,4.5
6157,29.343538,5.187
6158,29.347007,3.469
6159,29.352971,5.964
6160,29.357513,4.542
6161,29.362263,4.75
6162,29.365894,3.631
6163,29.370215,4.321
6164,29.376947,6.732
6165,29.380417,3.47
6166,29.38481,4.393
6167,29.389046,4.236
6168,29.394067,5.021
6169,29.399358,5.291
6170,29.40356,4.202
6171,29.408761,5.201
6172,29.412324,3.563
6173,29.416631,4.307
6174,29.4224,5.769
6175,29.427816,5.416
6176,29.432479,4.663
6177,29.43757,5.091
6178,29.442781,5.211
6179,29.447795,5.014
6180,29.452109,4.314
6181,29.456373,4.264
6182,29.461419,5.046
6183,29.464944,3.525
6184,29.470938,5.994
6185,29.47604,5.102
6186,29.479461,3.421
6187,29.483809,4.348
6188,29.488071,4.262
6189,29.494995,6.924
6190,29.498361,3.366
6191,29.502652,4.291
6192,29.507795,5.143
6193,29.511272,3.477
6194,29.517036,5.764
6195,29.521251,4.215
6196,29.526245,4.994
6197,29.530228,3.983
6198,29.534179,3.951
6199,29.540873,6.694
6200,29.545721,4.848
6201,29.551189,5.468
6202,29.555296,4.107
6203,29.560144,4.848
6204,29.56544,5.296
6205,29.569636,4.196
6206,29.574785,5.149
6207,29.578725,3.94
6208,29.582849,4.124
6209,29.588386,5.537
6210,29.5934980000001,5.112
6211,29.5970060000001,3.508
6212,29.601433,4.427
6213,29.606606,5.173
6214,29.610839,4.233
6215,29.61635,5.511
6216,29.620454,4.104
6217,29.62583,5.376
6218,29.629285,3.455
6219,29.635144,5.859
6220,29.639999,4.855
6221,29.643941,3.942
6222,29.648443,4.502
6223,29.65234,3.897
6224,29.659328,6.988
6225,29.662753,3.425
6226,29.667284,4.531
6227,29.671213,3.929
6228,29.676225,5.012
6229,29.681494,5.269
6230,29.685577,4.083
6231,29.690893,5.316
6232,29.694603,3.71
6233,29.69841,3.807
6234,29.704456,6.046
6235,29.709865,5.409
6236,29.714039,4.174
6237,29.717462,3.423
6238,29.72171,4.248
6239,29.728331,6.621
6240,29.731887,3.556
6241,29.736226,4.339
6242,29.741352,5.126
6243,29.745946,4.594
6244,29.751036,5.09
6245,29.755,3.964
6246,29.760161,5.161
6247,29.76421,4.049
6248,29.767937,3.727
6249,29.774095,6.158
6250,29.778999,4.904
6251,29.782714,3.715
6252,29.786858,4.144
6253,29.792134,5.276
6254,29.795962,3.828
6255,29.799718,3.756
6256,29.8042,4.482
6257,29.809461,5.261
6258,29.815184,5.723
6259,29.818635,3.451
6260,29.822984,4.349
6261,29.827947,4.963
6262,29.83167,3.723
6263,29.836157,4.487
6264,29.843144,6.987
6265,29.847834,4.69
6266,29.852961,5.127
6267,29.857129,4.168
6268,29.862178,5.049
6269,29.867528,5.35
6270,29.871882,4.354
6271,29.876426,4.544
6272,29.881636,5.21
6273,29.885142,3.506
6274,29.890983,5.841
6275,29.896023,5.04
6276,29.899548,3.525
6277,29.903919,4.371
6278,29.908645,4.726
6279,29.914697,6.052
6280,29.919267,4.57
6281,29.92363,4.363
6282,29.9279690000001,4.339
6283,29.9332640000001,5.295
6284,29.9383420000001,5.078
6285,29.9431410000001,4.799
6286,29.947647,4.506
6287,29.951399,3.752
6288,29.955817,4.418
6289,29.960285,4.468
6290,29.965231,4.946
6291,29.968856,3.625
6292,29.973165,4.309
6293,29.977998,4.833
6294,29.9845690000001,6.571
6295,29.9883170000001,3.748
6296,29.9929530000001,4.636
6297,29.9978820000001,4.929
6298,30.0014940000001,3.612
6299,30.0076360000001,6.142
6300,30.0130230000001,5.387
6301,30.0183800000001,5.357
6302,30.0220190000001,3.639
6303,30.0278190000001,5.8
6304,30.0341310000001,6.312
6305,30.0375760000001,3.445
6306,30.0421370000001,4.561
6307,30.0465200000001,4.383
6308,30.0515160000001,4.996
6309,30.0567570000001,5.241
6310,30.0611770000001,4.42
6311,30.0663390000001,5.162
6312,30.0699340000001,3.595
6313,30.0745970000001,4.663
6314,30.0788580000001,4.261
6315,30.0841390000001,5.281
6316,30.0875130000001,3.374
6317,30.0926270000001,5.114
6318,30.0964020000001,3.775
6319,30.1030660000001,6.664
6320,30.1067490000001,3.683
6321,30.1112100000001,4.461
6322,30.1164170000001,5.207
6323,30.1199760000001,3.559
6324,30.1261340000001,6.158
6325,30.1311500000001,5.016
6326,30.1362250000001,5.075
6327,30.1400330000001,3.808
6328,30.1438180000001,3.785
6329,30.1506460000001,6.828
6330,30.1541720000001,3.526
6331,30.1590670000001,4.895
6332,30.1631930000001,4.126
6333,30.1682500000001,5.057
6334,30.1736920000001,5.442
6335,30.1780670000001,4.375
6336,30.1833750000001,5.308
6337,30.1868540000001,3.479
6338,30.1913650000001,4.511
6339,30.1980420000001,6.677
6340,30.2025660000001,4.524
6341,30.2063470000001,3.781
6342,30.2110060000001,4.659
6343,30.2161170000001,5.111
6344,30.2213840000001,5.267
6345,30.226623,5.239
6346,30.231572,4.949
6347,30.236416,4.844
6348,30.241596,5.18
6349,30.247732,6.136
6350,30.253268,5.536
6351,30.256639,3.371
6352,30.261173,4.534
6353,30.265594,4.421
6354,30.2722210000001,6.627
6355,30.2764650000001,4.244
6356,30.2805750000001,4.11
6357,30.2857160000001,5.141
6358,30.2895670000001,3.851
6359,30.2957280000001,6.161
6360,30.3002940000001,4.566
6361,30.3060590000001,5.765
6362,30.3100490000001,3.99
6363,30.3144320000001,4.383
6364,30.3212380000001,6.806
6365,30.3253780000001,4.14
6366,30.3310330000001,5.655
6367,30.3356080000001,4.575
6368,30.3416120000001,6.004
6369,30.3469110000001,5.299
6370,30.3514330000001,4.522
6371,30.3566080000001,5.175
6372,30.3604520000001,3.844
6373,30.3649490000001,4.497
6374,30.3712140000001,6.265
6375,30.3764210000001,5.207
6376,30.3803960000001,3.975
6377,30.3846810000001,4.285
6378,30.3900680000001,5.387
6379,30.3960470000001,5.979
6380,30.4009940000001,4.947
6381,30.4079960000001,7.002
6382,30.4123640000001,4.368
6383,30.4164440000001,4.08
6384,30.4231750000001,6.731
6385,30.4271690000001,3.994
6386,30.4329540000001,5.785
6387,30.4378240000001,4.87
6388,30.4429680000001,5.144
6389,30.4491160000001,6.148
6390,30.4542780000001,5.162
6391,30.4586760000001,4.398
6392,30.4630170000001,4.341
6393,30.468196,5.179
6394,30.473752,5.556
6395,30.478423,4.671
6396,30.483965,5.542
6397,30.487594,3.629
6398,30.493261,5.667
6399,30.501324,8.063
6400,30.505262,3.938
6401,30.510027,4.765
6402,30.515072,5.045
6403,30.519365,4.293
6404,30.525777,6.412
6405,30.535737,9.96
6406,30.539565,3.828
6407,30.543727,4.162
6408,30.54904,5.313
6409,30.554695,5.655
6410,30.559545,4.85
6411,30.564492,4.947
6412,30.568556,4.064
6413,30.57317,4.614
6414,30.579468,6.298
6415,30.585074,5.606
6416,30.589213,4.139
6417,30.593488,4.275
6418,30.598678,5.19
6419,30.604204,5.526
6420,30.609569,5.365
6421,30.613904,4.335
6422,30.617988,4.084
6423,30.622729,4.741
6424,30.628883,6.154
6425,30.63402,5.137
6426,30.637944,3.924
6427,30.642664,4.72
6428,30.648712,6.048
6429,30.653423,4.711
6430,30.658263,4.84
6431,30.663495,5.232
6432,30.667322,3.827
6433,30.671833,4.511
6434,30.6782180000001,6.385
6435,30.6834500000001,5.232
6436,30.6871760000001,3.726
6437,30.6920020000001,4.826
6438,30.6972690000001,5.267
6439,30.7025660000001,5.297
6440,30.707355,4.789
6441,30.7125330000001,5.178
6442,30.7167960000001,4.263
6443,30.7208350000001,4.039
6444,30.7271600000001,6.325
6445,30.7324610000001,5.301
6446,30.7362190000001,3.758
6447,30.7408870000001,4.668
6448,30.747179,6.292
6449,30.7516010000001,4.422
6450,30.755751,4.15
6451,30.761,5.249
6452,30.764901,3.901
6453,30.769411,4.51
6454,30.775749,6.338
6455,30.780582,4.833
6456,30.784242,3.66
6457,30.789285,5.043
6458,30.7948780000001,5.593
6459,30.801613,6.735
6460,30.8058790000001,4.266
6461,30.810858,4.979
6462,30.8154760000001,4.618
6463,30.8211730000001,5.697
6464,30.8272380000001,6.065
6465,30.831906,4.668
6466,30.8362480000001,4.342
6467,30.840187,3.939
6468,30.846752,6.565
6469,30.853308,6.556
6470,30.856487,3.179
6471,30.862111,5.624
6472,30.865734,3.623
6473,30.8702900000001,4.556
6474,30.8760940000001,5.804
6475,30.8816220000001,5.528
6476,30.8853310000001,3.709
6477,30.8888890000001,3.558
6478,30.8950040000001,6.115
6479,30.9002290000001,5.225
6480,30.9046400000001,4.411
6481,30.9100610000001,5.421
6482,30.9151130000001,5.052
6483,30.9180010000001,2.888
6484,30.9239150000001,5.914
6485,30.9286750000001,4.76
6486,30.9323520000001,3.677
6487,30.9367530000001,4.401
6488,30.9427740000001,6.021
6489,30.9516530000001,8.879
6490,30.9555240000001,3.871
6491,30.9613520000001,5.828
6492,30.9651720000001,3.82
6493,30.9694060000001,4.234
6494,30.9755180000001,6.112
6495,30.9801890000001,4.671
6496,30.9838570000001,3.668
6497,30.9884570000001,4.6
6498,30.9934050000001,4.948
6499,30.9987190000001,5.314
6500,31.0031050000001,4.386
6501,31.0103790000001,7.274
6502,31.0218450000001,11.466
6503,31.0270480000001,5.203
6504,31.0339310000001,6.883
6505,31.0388290000001,4.898
6506,31.0436690000001,4.84
6507,31.0489360000001,5.267
6508,31.0532290000001,4.293
6509,31.0598950000001,6.666
6510,31.0639650000001,4.07
6511,31.0675320000001,3.567
6512,31.0718900000001,4.358
6513,31.0761680000001,4.278
6514,31.0827810000001,6.613
6515,31.0864770000001,3.696
6516,31.0910290000001,4.552
6517,31.0959360000001,4.907
6518,31.0995160000001,3.58
6519,31.1055670000001,6.051
6520,31.1103250000001,4.758
6521,31.1171830000001,6.858
6522,31.1215660000001,4.383
6523,31.1249960000001,3.43
6524,31.1313760000001,6.38
6525,31.1351550000001,3.779
6526,31.1396450000001,4.49
6527,31.1446850000001,5.04
6528,31.1485140000001,3.829
6529,31.1542020000001,5.688
6530,31.1594500000001,5.248
6531,31.1628370000001,3.387
6532,31.1672880000001,4.451
6533,31.1716420000001,4.354
6534,31.1766180000001,4.976
6535,31.1802790000001,3.661
6536,31.1844840000001,4.205
6537,31.1894600000001,4.976
6538,31.1930890000001,3.629
6539,31.1991710000001,6.082
6540,31.2034350000001,4.264
6541,31.2086100000001,5.175
6542,31.2127940000001,4.184
6543,31.2187090000001,5.915
6544,31.2254430000001,6.734
6545,31.2292590000001,3.816
6546,31.2336060000001,4.347
6547,31.2376380000001,4.032
6548,31.2427760000001,5.138
6549,31.2479010000001,5.125
6550,31.2521730000001,4.272
6551,31.2573080000001,5.135
6552,31.2610440000001,3.736
6553,31.2653880000001,4.344
6554,31.2713310000001,5.943
6555,31.2763600000001,5.029
6556,31.2797760000001,3.416
6557,31.2843930000001,4.617
6558,31.2892400000001,4.847
6559,31.2928950000001,3.655
6560,31.2971290000001,4.234
6561,31.3014200000001,4.291
6562,31.3064720000001,5.052
6563,31.3104340000001,3.962
6564,31.3161160000001,5.682
6565,31.3203240000001,4.208
6566,31.3257970000001,5.473
6567,31.3306210000001,4.824
6568,31.3355190000001,4.898
6569,31.3424000000001,6.881
6570,31.3459390000001,3.539
6571,31.3500670000001,4.128
6572,31.3544470000001,4.38
6573,31.3593690000001,4.922
6574,31.3647800000001,5.411
6575,31.3689410000001,4.161
6576,31.3734670000001,4.526
6577,31.3783960000001,4.929
6578,31.3820410000001,3.645
6579,31.3880760000001,6.035
6580,31.3928910000001,4.815
6581,31.3966040000001,3.713
6582,31.4009130000001,4.309
6583,31.4052280000001,4.315
6584,31.4103760000001,5.148
6585,31.4138720000001,3.496
6586,31.4181750000001,4.303
6587,31.4225320000001,4.357
6588,31.4282760000001,5.744
6589,31.433017,4.741
6590,31.437175,4.158
6591,31.4426190000001,5.444
6592,31.445874,3.255
6593,31.4500980000001,4.224
6594,31.4563820000001,6.284
6595,31.4611970000001,4.815
6596,31.4649110000001,3.714
6597,31.4691830000001,4.272
6598,31.4737360000001,4.553
6599,31.4805640000001,6.828
6600,31.4855060000001,4.942
6601,31.4884120000001,2.906
6602,31.4937290000001,5.317
6603,31.4971710000001,3.442
6604,31.5033390000001,6.168
6605,31.5076320000001,4.293
6606,31.5124820000001,4.85
6607,31.5162310000001,3.749
6608,31.5203800000001,4.149
6609,31.5251230000001,4.743
6610,31.5307470000001,5.624
6611,31.5354060000001,4.659
6612,31.5401120000001,4.706
6613,31.5450300000001,4.918
6614,31.5503140000001,5.284
6615,31.5546470000001,4.333
6616,31.5592840000001,4.637
6617,31.5641320000001,4.848
6618,31.567604,3.472
6619,31.5739160000001,6.312
6620,31.578038,4.122
6621,31.5829640000001,4.926
6622,31.586671,3.707
6623,31.591953,5.282
6624,31.596484,4.531
6625,31.59988,3.396
6626,31.6038560000001,3.976
6627,31.609205,5.349
6628,31.613987,4.782
6629,31.61945,5.463
6630,31.623876,4.426
6631,31.62826,4.384
6632,31.633181,4.921
6633,31.636616,3.435
6634,31.642863,6.247
6635,31.649744,6.881
6636,31.653346,3.602
6637,31.658265,4.919
6638,31.662365,4.1
6639,31.668868,6.503
6640,31.672899,4.031
6641,31.677007,4.108
6642,31.682081,5.074
6643,31.68561,3.529
6644,31.691767,6.157
6645,31.695993,4.226
6646,31.700906,4.913
6647,31.704674,3.768
6648,31.708958,4.284
6649,31.71557,6.612
6650,31.719276,3.706
6651,31.72413,4.854
6652,31.728032,3.902
6653,31.733095,5.063
6654,31.738527,5.432
6655,31.742832,4.305
6656,31.74926,6.428
6657,31.753726,4.466
6658,31.758186,4.46
6659,31.763954,5.768
6660,31.768923,4.969
6661,31.772684,3.761
6662,31.777353,4.669
6663,31.782173,4.82
6664,31.787456,5.283
6665,31.79197,4.514
6666,31.796133,4.163
6667,31.801234,5.101
6668,31.804858,3.624
6669,31.810102,5.244
6670,31.814638,4.536
6671,31.818215,3.577
6672,31.822624,4.409
6673,31.827218,4.594
6674,31.833773,6.555
6675,31.83736,3.587
6676,31.842071,4.711
6677,31.848187,6.116
6678,31.85288,4.693
6679,31.858898,6.018
6680,31.863195,4.297
6681,31.868178,4.983
6682,31.871821,3.643
6683,31.876706,4.885
6684,31.882783,6.077
6685,31.886628,3.845
6686,31.89115,4.522
6687,31.89535,4.2
6688,31.900469,5.119
6689,31.90598,5.511
6690,31.911175,5.195
6691,31.91621,5.035
6692,31.919327,3.117
6693,31.92335,4.023
6694,31.927758,4.408
6695,31.933033,5.275
6696,31.936524,3.491
6697,31.941187,4.663
6698,31.947417,6.23
6699,31.952424,5.007
6700,31.956647,4.223
6701,31.961139,4.492
6702,31.966236,5.097
6703,31.969974,3.738
6704,31.976006,6.032
6705,31.981015,5.009
6706,31.984844,3.829
6707,31.989096,4.252
6708,31.994013,4.917
6709,32.000345,6.332
6710,32.004371,4.026
6711,32.008714,4.343
6712,32.014297,5.583
6713,32.017981,3.684
6714,32.0235070000001,5.526
6715,32.027707,4.2
6716,32.0328110000001,5.104
6717,32.0364310000001,3.62
6718,32.0411240000001,4.693
6719,32.0460270000001,4.903
6720,32.0516270000001,5.6
6721,32.0547040000001,3.077
6722,32.058712,4.008
6723,32.0635180000001,4.806
6724,32.0689350000001,5.417
6725,32.0735220000001,4.587
6726,32.0779780000001,4.456
6727,32.082839,4.861
6728,32.086811,3.972
6729,32.092954,6.143
6730,32.0980220000001,5.068
6731,32.1015050000001,3.483
6732,32.1060920000001,4.587
6733,32.1108230000001,4.731
6734,32.1174780000001,6.655
6735,32.1208670000001,3.389
6736,32.1255970000001,4.73
6737,32.1297850000001,4.188
6738,32.1347550000001,4.97
6739,32.1413650000001,6.61
6740,32.1455050000001,4.14
6741,32.1515370000001,6.032
6742,32.1553300000001,3.793
6743,32.1598920000001,4.562
6744,32.1658370000001,5.945
6745,32.1708800000001,5.043
6746,32.1747120000001,3.832
6747,32.1790460000001,4.334
6748,32.1838400000001,4.794
6749,32.1894890000001,5.649
6750,32.194342,4.853
6751,32.199009,4.667
6752,32.202973,3.964
6753,32.207223,4.25
6754,32.213072,5.849
6755,32.217936,4.864
6756,32.221764,3.828
6757,32.226298,4.534
6758,32.230832,4.534
6759,32.237352,6.52
6760,32.241335,3.983
6761,32.245483,4.148
6762,32.25034,4.857
6763,32.254196,3.856
6764,32.260922,6.726
6765,32.265078,4.156
6766,32.269294,4.216
6767,32.27341,4.116
6768,32.278228,4.818
6769,32.284512,6.284
6770,32.288193,3.681
6771,32.2934150000001,5.222
6772,32.2980560000001,4.641
6773,32.3023270000001,4.271
6774,32.3079300000001,5.603
6775,32.3121550000001,4.225
6776,32.3171920000001,5.037
6777,32.3207560000001,3.564
6778,32.327109,6.353
6779,32.332161,5.052
6780,32.336979,4.818
6781,32.340708,3.729
6782,32.3450300000001,4.322
6783,32.3502440000001,5.214
6784,32.3554630000001,5.219
6785,32.3605620000001,5.099
6786,32.3645750000001,4.013
6787,32.3694480000001,4.873
6788,32.3729880000001,3.54
6789,32.3775600000001,4.572
6790,32.3825290000001,4.969
6791,32.3862140000001,3.685
6792,32.3909960000001,4.782
6793,32.3963650000001,5.369
6794,32.4019910000001,5.626
6795,32.4055530000001,3.562
6796,32.4102670000001,4.714
6797,32.4150830000001,4.816
6798,32.4189490000001,3.866
6799,32.4250220000001,6.073
6800,32.4297750000001,4.753
6801,32.4350280000001,5.253
6802,32.4382840000001,3.256
6803,32.4432280000001,4.944
6804,32.4495150000001,6.287
6805,32.4530010000001,3.486
6806,32.4576190000001,4.618
6807,32.4625850000001,4.966
6808,32.4673420000001,4.757
6809,32.4729660000001,5.624
6810,32.4773320000001,4.366
6811,32.4823040000001,4.972
6812,32.4862960000001,3.992
6813,32.4907220000001,4.426
6814,32.4972820000001,6.56
6815,32.5017390000001,4.457
6816,32.5054800000001,3.741
6817,32.5100880000001,4.608
6818,32.5149450000001,4.857
6819,32.5204640000001,5.519
6820,32.5250350000001,4.571
6821,32.5303730000001,5.338
6822,32.5354180000001,5.045
6823,32.5408640000001,5.446
6824,32.5469750000001,6.111
6825,32.5519190000001,4.944
6826,32.5564600000001,4.541
6827,32.5614230000001,4.963
6828,32.5655900000001,4.167
6829,32.5715090000001,5.919
6830,32.5754570000001,3.948
6831,32.5800520000001,4.595
6832,32.5852600000001,5.208
6833,32.5891990000001,3.939
6834,32.5952290000001,6.03
6835,32.6011640000001,5.935
6836,32.6059460000001,4.782
6837,32.6101310000001,4.185
6838,32.6148880000001,4.757
6839,32.6215890000001,6.701
6840,32.6276470000001,6.058
6841,32.6325750000001,4.928
6842,32.6367690000001,4.194
6843,32.6422040000001,5.435
6844,32.6477410000001,5.537
6845,32.6523500000001,4.609
6846,32.6585490000001,6.199
6847,32.6631560000001,4.607
6848,32.6684440000001,5.288
6849,32.6753690000001,6.925
6850,32.6790870000001,3.718
6851,32.6834670000001,4.38
6852,32.6880430000001,4.576
6853,32.6941910000001,6.148
6854,32.6985880000001,4.397
6855,32.7031380000001,4.55
6856,32.7083220000001,5.184
6857,32.7122690000001,3.947
6858,32.7167870000001,4.518
6859,32.7243350000001,7.548
6860,32.7295550000001,5.22
6861,32.7352360000001,5.681
6862,32.7407440000001,5.508
6863,32.7473750000001,6.631
6864,32.7522060000001,4.831
6865,32.7582610000001,6.055
6866,32.7631250000001,4.864
6867,32.7680140000001,4.889
6868,32.7753500000001,7.336
6869,32.7798590000001,4.509
6870,32.7840030000001,4.144
6871,32.7890370000001,5.034
6872,32.7932270000001,4.19
6873,32.7972820000001,4.055
6874,32.8035310000001,6.249
6875,32.8075450000001,4.014
6876,32.8123280000001,4.783
6877,32.8170000000001,4.672
6878,32.8203090000001,3.309
6879,32.8261880000001,5.879
6880,32.8315350000001,5.347
6881,32.8349770000001,3.442
6882,32.8391170000001,4.14
6883,32.8446800000001,5.563
6884,32.8511320000001,6.452
6885,32.8543300000001,3.198
6886,32.8587630000001,4.433
6887,32.8636370000001,4.874
6888,32.8673910000001,3.754
6889,32.8733960000001,6.005
6890,32.8786610000001,5.265
6891,32.8826120000001,3.951
6892,32.8879960000001,5.384
6893,32.8925690000001,4.573
6894,32.8988840000001,6.315
6895,32.9027870000001,3.903
6896,32.9070760000001,4.289
6897,32.9141430000001,7.067
6898,32.9179370000001,3.794
6899,32.9243280000001,6.391
6900,32.9287620000001,4.434
6901,32.9324310000001,3.669
6902,32.9369260000001,4.495
6903,32.9412850000001,4.359
6904,32.9481710000001,6.886
6905,32.9519550000001,3.784
6906,32.9557030000001,3.748
6907,32.9611820000001,5.479
6908,32.9646400000001,3.458
6909,32.9705070000001,5.867
6910,32.9777970000001,7.29
6911,32.9819600000001,4.163
6912,32.9853900000001,3.43
6913,32.9898350000001,4.445
6914,32.9962900000001,6.455
6915,33.0002230000001,3.933
6916,33.0046650000001,4.442
6917,33.0099890000001,5.324
6918,33.0146250000001,4.636
6919,33.0190650000001,4.44
6920,33.0243890000001,5.324
6921,33.0278180000001,3.429
6922,33.0322170000001,4.399
6923,33.0366430000001,4.426
6924,33.0420550000001,5.412
6925,33.0469880000001,4.933
6926,33.0520470000001,5.059
6927,33.0577450000001,5.698
6928,33.0610980000001,3.353
6929,33.0665590000001,5.461
6930,33.0709110000001,4.352
6931,33.0769090000001,5.998
6932,33.0814390000001,4.53
6933,33.0861840000001,4.745
6934,33.0927610000001,6.577
6935,33.0965430000001,3.782
6936,33.1007900000001,4.247
6937,33.1092370000001,8.447
6938,33.1208790000001,11.642
6939,33.1277430000001,6.864
6940,33.1330820000001,5.339
6941,33.1384750000001,5.393
6942,33.1451680000001,6.693
6943,33.1500400000001,4.872
6944,33.1557250000001,5.685
6945,33.1600880000001,4.363
6946,33.1660350000001,5.947
6947,33.1707030000001,4.668
6948,33.1768300000001,6.127
6949,33.1806260000001,3.796
6950,33.1855240000001,4.898
6951,33.1934420000001,7.918
6952,33.2025930000001,9.151
6953,33.2105630000001,7.97
6954,33.2145260000001,3.963
6955,33.2181960000001,3.67
6956,33.2238440000001,5.648
6957,33.2271360000001,3.292
6958,33.2317600000001,4.624
6959,33.2379120000001,6.152
6960,33.2418760000001,3.964
6961,33.2460190000001,4.143
6962,33.2508130000001,4.794
6963,33.2546980000001,3.885
6964,33.2594670000001,4.769
6965,33.2639600000001,4.493
6966,33.2676450000001,3.685
6967,33.2722030000001,4.558
6968,33.2778970000001,5.694
6969,33.2840810000001,6.184
6970,33.2892000000001,5.119
6971,33.2949480000001,5.748
6972,33.2992950000001,4.347
6973,33.3037070000001,4.412
6974,33.3106580000001,6.951
6975,33.3152680000001,4.61
6976,33.3187990000001,3.531
6977,33.3238340000001,5.035
6978,33.3294390000001,5.605
6979,33.3334790000001,4.04
6980,33.3377480000001,4.269
6981,33.3426380000001,4.89
6982,33.3461790000001,3.541
6983,33.3505430000001,4.364
6984,33.3547070000001,4.164
6985,33.3598880000001,5.181
6986,33.3635040000001,3.616
6987,33.3694120000001,5.908
6988,33.3745920000001,5.18
6989,33.3784100000001,3.818
6990,33.3822440000001,3.834
6991,33.3865590000001,4.315
6992,33.3923370000001,5.778
6993,33.3956020000001,3.265
6994,33.4001820000001,4.58
6995,33.4044310000001,4.249
6996,33.4094580000001,5.027
6997,33.4127920000001,3.334
6998,33.4190270000001,6.235
6999,33.4241330000001,5.106
7000,33.4282420000001,4.109
7001,33.4327210000001,4.479
7002,33.4382270000001,5.506
7003,33.4432580000001,5.031
7004,33.4466630000001,3.405
7005,33.4528760000001,6.213
7006,33.4569430000001,4.067
7007,33.4637540000001,6.811
7008,33.4670580000001,3.304
7009,33.4713680000001,4.31
7010,33.4765050000001,5.137
7011,33.4799420000001,3.437
7012,33.4843050000001,4.363
7013,33.4885760000001,4.271
7014,33.4948190000001,6.243
7015,33.4980350000001,3.216
7016,33.5041590000001,6.124
7017,33.5084370000001,4.278
7018,33.5152910000001,6.854
7019,33.5187850000001,3.494
7020,33.5233500000001,4.565
7021,33.5336160000001,10.266
7022,33.5413490000001,7.733
7023,33.5452320000001,3.883
7024,33.5493860000001,4.154
7025,33.5564660000001,7.08
7026,33.5612070000001,4.741
7027,33.5646490000001,3.442
7028,33.5696530000001,5.004
7029,33.5770080000001,7.355
7030,33.5804190000001,3.411
7031,33.5845450000001,4.126
7032,33.5897080000001,5.163
7033,33.5951200000001,5.412
7034,33.5999900000001,4.87
7035,33.6086070000001,8.617
7036,33.6136880000001,5.081
7037,33.6183750000001,4.687
7038,33.6242450000001,5.87
7039,33.6316780000001,7.433
7040,33.6380010000001,6.323
7041,33.6476370000001,9.636
7042,33.6517950000001,4.158
7043,33.6571970000001,5.402
7044,33.6613660000001,4.169
7045,33.6673950000001,6.029
7046,33.6721540000001,4.759
7047,33.6759800000001,3.826
7048,33.6801130000001,4.133
7049,33.6848410000001,4.728
7050,33.6903050000001,5.464
7051,33.6948380000001,4.533
7052,33.7018640000001,7.026
7053,33.7049210000001,3.057
7054,33.7095340000001,4.613
7055,33.7160650000001,6.531
7056,33.7196000000001,3.535
7057,33.7240440000001,4.444
7058,33.7289420000001,4.898
7059,33.7324830000001,3.541
7060,33.7385640000001,6.081
7061,33.7446950000001,6.131
7062,33.7504500000001,5.755
7063,33.7534530000001,3.003
7064,33.7583820000001,4.929
7065,33.7636870000001,5.305
7066,33.7679040000001,4.217
7067,33.7732280000001,5.324
7068,33.7767860000001,3.558
7069,33.7807930000001,4.007
7070,33.7853550000001,4.562
7071,33.7907050000001,5.35
7072,33.7939810000001,3.276
7073,33.7983520000001,4.371
7074,33.8044690000001,6.117
7075,33.8096630000001,5.194
7076,33.8129380000001,3.275
7077,33.8174870000001,4.549
7078,33.8222960000001,4.809
7079,33.8265840000001,4.288
7080,33.8309910000001,4.407
7081,33.8367170000001,5.726
7082,33.8419850000001,5.268
7083,33.8475400000001,5.555
7084,33.8517730000001,4.233
7085,33.8559470000001,4.174
7086,33.8607370000001,4.79
7087,33.8644790000001,3.742
7088,33.8687650000001,4.286
7089,33.8741100000001,5.345
7090,33.8799140000001,5.804
7091,33.8833730000001,3.459
7092,33.8896320000001,6.259
7093,33.8945730000001,4.941
7094,33.9000400000001,5.467
7095,33.9043060000001,4.266
7096,33.9092780000001,4.972
7097,33.9145460000001,5.268
7098,33.9176510000001,3.105
7099,33.9218710000001,4.22
7100,33.9268630000001,4.992
7101,33.9323430000001,5.48
7102,33.9364580000001,4.115
7103,33.9431650000001,6.707
7104,33.9484360000001,5.271
7105,33.9520410000001,3.605
7106,33.9558350000001,3.794
7107,33.9599420000001,4.107
7108,33.9651080000001,5.166
7109,33.9686140000001,3.506
7110,33.9735520000001,4.938
7111,33.9782880000001,4.736
7112,33.9837830000001,5.495
7113,33.9880040000001,4.221
7114,33.9943730000001,6.369
7115,33.9992770000001,4.904
7116,34.0028660000001,3.589
7117,34.0077620000001,4.896
7118,34.0123170000001,4.555
7119,34.0173250000001,5.008
7120,34.0203530000001,3.028
7121,34.0247990000001,4.446
7122,34.0297630000001,4.964
7123,34.0352720000001,5.509
7124,34.0399200000001,4.648
7125,34.0439320000001,4.012
7126,34.0489740000001,5.042
7127,34.0526340000001,3.66
7128,34.0575820000001,4.948
7129,34.0615480000001,3.966
7130,34.0666070000001,5.059
7131,34.0704260000001,3.819
7132,34.0753970000001,4.971
7133,34.0802250000001,4.828
7134,34.0858180000001,5.593
7135,34.0904600000001,4.642
7136,34.0946630000001,4.203
7137,34.0996900000001,5.027
7138,34.1035780000001,3.888
7139,34.1093270000001,5.749
7140,34.1172730000001,7.946
7141,34.1204640000001,3.191
7142,34.1265310000001,6.067
7143,34.1324300000001,5.899
7144,34.1374790000001,5.049
7145,34.1414650000001,3.986
7146,34.1460670000001,4.602
7147,34.1510430000001,4.976
7148,34.1548500000001,3.807
7149,34.1594540000001,4.604
7150,34.1643430000001,4.889
7151,34.1694620000001,5.119
7152,34.1751000000001,5.638
7153,34.1798240000001,4.724
7154,34.1865870000001,6.763
7155,34.1907090000001,4.122
7156,34.1951570000001,4.448
7157,34.1997030000001,4.546
7158,34.2051900000001,5.487
7159,34.2087430000001,3.553
7160,34.2136510000001,4.908
7161,34.2201370000001,6.486
7162,34.2243530000001,4.216
7163,34.2304440000001,6.091
7164,34.2348660000001,4.422
7165,34.2404030000001,5.537
7166,34.2438810000001,3.478
7167,34.2485830000001,4.702
7168,34.2536190000001,5.036
7169,34.2575550000001,3.936
7170,34.2632460000001,5.691
7171,34.2675280000001,4.282
7172,34.2746050000001,7.077
7173,34.2783030000001,3.698
7174,34.2846510000001,6.348
7175,34.2901840000001,5.533
7176,34.2948960000001,4.712
7177,34.3007470000001,5.851
7178,34.3059090000001,5.162
7179,34.3096060000001,3.697
7180,34.3141450000001,4.539
7181,34.3199590000001,5.814
7182,34.3251950000001,5.236
7183,34.3306220000001,5.427
7184,34.3347780000001,4.156
7185,34.3404280000001,5.65
7186,34.3436060000001,3.178
7187,34.3475550000001,3.949
7188,34.3523460000001,4.791
7189,34.3560200000001,3.674
7190,34.3621040000001,6.084
7191,34.3663150000001,4.211
7192,34.3729400000001,6.625
7193,34.3764360000001,3.496
7194,34.3825100000001,6.074
7195,34.3873110000001,4.801
7196,34.3925100000001,5.199
7197,34.3968520000001,4.342
7198,34.4023130000001,5.461
7199,34.4060140000001,3.701
7200,34.4100550000001,4.041
7201,34.4157680000001,5.713
7202,34.4204560000001,4.688
7203,34.4263310000001,5.875
7204,34.4303910000001,4.06
7205,34.4349450000001,4.554
7206,34.4384230000001,3.478
7207,34.4427540000001,4.331
7208,34.4475430000001,4.789
7209,34.4510360000001,3.493
7210,34.4558240000001,4.788
7211,34.4606020000001,4.778
7212,34.4670120000001,6.41
7213,34.4701350000001,3.123
7214,34.4763710000001,6.236
7215,34.4811860000001,4.815
7216,34.4846250000001,3.439
7217,34.4889900000001,4.365
7218,34.4937690000001,4.779
7219,34.4985010000001,4.732
7220,34.5019940000001,3.493
7221,34.5072370000001,5.243
7222,34.5119980000001,4.761
7223,34.5177360000001,5.738
7224,34.5218790000001,4.143
7225,34.5319670000001,10.088
7226,34.5356530000001,3.686
7227,34.5393100000001,3.657
7228,34.5436980000001,4.388
7229,34.5485270000001,4.829
7230,34.5523150000001,3.788
7231,34.5578540000001,5.539
7232,34.5627090000001,4.855
7233,34.5674970000001,4.788
7234,34.5737060000001,6.209
7235,34.5783440000001,4.638
7236,34.5826830000001,4.339
7237,34.5864020000001,3.719
7238,34.5923030000001,5.901
7239,34.5969320000001,4.629
7240,34.6008890000001,3.957
7241,34.6062650000001,5.376
7242,34.6118250000001,5.56
7243,34.6215360000001,9.711
7244,34.6278140000001,6.278
7245,34.6318100000001,3.996
7246,34.6365550000001,4.745
7247,34.6404010000001,3.846
7248,34.6460480000001,5.647
7249,34.6508380000001,4.79
7250,34.6546010000001,3.763
7251,34.6606340000001,6.033
7252,34.6649420000001,4.308
7253,34.6698660000001,4.924
7254,34.6753590000001,5.493
7255,34.6795700000001,4.211
7256,34.6843180000001,4.748
7257,34.6901350000001,5.817
7258,34.6940770000001,3.942
7259,34.6991020000001,5.025
7260,34.7039530000001,4.851
7261,34.7084650000001,4.512
7262,34.7125150000001,4.05
7263,34.7175660000001,5.051
7264,34.7208590000001,3.293
7265,34.7253490000001,4.49
7266,34.7328910000001,7.542
7267,34.7371590000001,4.268
7268,34.7408500000001,3.691
7269,34.7446870000001,3.837
7270,34.7496000000001,4.913
7271,34.7552480000001,5.648
7272,34.7592000000001,3.952
7273,34.7642510000001,5.051
7274,34.7694460000001,5.195
7275,34.7735820000001,4.136
7276,34.7776780000001,4.096
7277,34.7841980000001,6.52
7278,34.7876660000001,3.468
7279,34.7919000000001,4.234
7280,34.7979940000001,6.094
7281,34.8016870000001,3.693
7282,34.8057070000001,4.02
7283,34.8098050000001,4.098
7284,34.8146900000001,4.885
7285,34.8182080000001,3.518
7286,34.8228020000001,4.594
7287,34.8274770000001,4.675
7288,34.8327220000001,5.245
7289,34.8369570000001,4.235
7290,34.8416640000001,4.707
7291,34.8484610000001,6.797
7292,34.8525900000001,4.129
7293,34.8581000000001,5.51
7294,34.8646830000001,6.583
7295,34.8682190000001,3.536
7296,34.8727890000001,4.57
7297,34.8785840000001,5.795
7298,34.8834290000001,4.845
7299,34.8870290000001,3.6
7300,34.8926800000001,5.651
7301,34.8978200000001,5.14
7302,34.9014500000001,3.63
7303,34.9055550000001,4.105
7304,34.9110560000001,5.501
7305,34.9160630000001,5.007
7306,34.9193380000001,3.275
7307,34.9236280000001,4.29
7308,34.9284520000001,4.824
7309,34.9321210000001,3.669
7310,34.9364350000001,4.314
7311,34.9417640000001,5.329
7312,34.9477910000001,6.027
7313,34.9515530000001,3.762
7314,34.9570260000001,5.473
7315,34.9618540000002,4.828
7316,34.9653580000002,3.504
7317,34.9715260000002,6.168
7318,34.9769240000002,5.398
7319,34.9822440000002,5.32
7320,34.9867170000001,4.473
7321,34.9911770000001,4.46
7322,34.9962390000002,5.062
7323,34.9997200000002,3.481
7324,35.0043020000002,4.582
7325,35.0083870000002,4.085
7326,35.0134560000002,5.069
7327,35.0171020000002,3.646
7328,35.0233590000002,6.257
7329,35.0282880000002,4.929
7330,35.0319140000001,3.626
7331,35.0383130000002,6.399
7332,35.0451580000001,6.845
7333,35.0506580000001,5.5
7334,35.0538990000002,3.241
7335,35.0578000000001,3.901
7336,35.0628150000001,5.015
7337,35.0681360000002,5.321
7338,35.0724160000002,4.28
7339,35.0765660000002,4.15
7340,35.0824090000002,5.843
7341,35.0862230000002,3.814
7342,35.0905730000002,4.35
7343,35.0957740000002,5.201
7344,35.0991620000002,3.388
7345,35.1036370000002,4.475
7346,35.1093230000002,5.686
7347,35.1153500000002,6.027
7348,35.1196480000002,4.298
7349,35.1240520000002,4.404
7350,35.1290640000002,5.012
7351,35.1343980000002,5.334
7352,35.1390950000002,4.697
7353,35.1443250000002,5.23
7354,35.1498070000002,5.482
7355,35.1534300000001,3.623
7356,35.1578790000002,4.449
7357,35.1645070000001,6.628
7358,35.1680720000002,3.565
7359,35.1726040000001,4.532
7360,35.1781620000001,5.558
7361,35.1832030000001,5.041
7362,35.1869450000002,3.742
7363,35.1914320000001,4.487
7364,35.1964240000001,4.992
7365,35.1998960000002,3.472
7366,35.2043080000002,4.412
7367,35.2091360000002,4.828
7368,35.2159930000002,6.857
7369,35.2200200000002,4.027
7370,35.2239190000002,3.899
7371,35.2306150000001,6.696
7372,35.2343670000001,3.752
7373,35.2389700000002,4.603
7374,35.2451960000001,6.226
7375,35.2500680000001,4.872
7376,35.2536270000002,3.559
7377,35.2597940000001,6.167
7378,35.2646660000001,4.872
7379,35.2683210000001,3.655
7380,35.2743530000001,6.032
7381,35.2786590000001,4.306
7382,35.2835200000001,4.861
7383,35.2874980000001,3.978
7384,35.2916840000001,4.186
7385,35.2966370000001,4.953
7386,35.3002560000001,3.619
7387,35.3047550000001,4.499
7388,35.3088820000001,4.127
7389,35.3142490000001,5.367
7390,35.3175030000001,3.254
7391,35.3239930000001,6.49
7392,35.3301630000001,6.17
7393,35.3344350000001,4.272
7394,35.3390750000001,4.64
7395,35.3434330000001,4.358
7396,35.3481680000001,4.735
7397,35.3533910000001,5.223
7398,35.3578920000001,4.501
7399,35.3627410000001,4.849
7400,35.3676110000001,4.87
7401,35.3720880000001,4.477
7402,35.3761620000001,4.074
7403,35.3815400000001,5.378
7404,35.3848090000001,3.269
7405,35.3892440000001,4.435
7406,35.3946530000001,5.409
7407,35.3981770000001,3.524
7408,35.4046750000001,6.498
7409,35.4088080000001,4.133
7410,35.4138660000001,5.058
7411,35.4192250000001,5.359
7412,35.4237060000001,4.481
7413,35.4297550000001,6.049
7414,35.4342790000001,4.524
7415,35.4400310000001,5.752
7416,35.4461920000001,6.161
7417,35.4510520000001,4.86
7418,35.4549540000001,3.902
7419,35.4604380000001,5.484
7420,35.4655140000001,5.076
7421,35.4710260000001,5.512
7422,35.4754610000001,4.435
7423,35.4795840000001,4.123
7424,35.4860110000001,6.427
7425,35.4898030000001,3.792
7426,35.4958610000001,6.058
7427,35.5006420000001,4.781
7428,35.5044790000001,3.837
7429,35.5100330000001,5.554
7430,35.5150900000001,5.057
7431,35.5205880000001,5.498
7432,35.5256090000001,5.021
7433,35.5316700000001,6.061
7434,35.5382410000001,6.571
7435,35.5420740000001,3.833
7436,35.5479920000001,5.918
7437,35.5530010000002,5.009
7438,35.5570980000002,4.097
7439,35.5622120000002,5.114
7440,35.5669500000002,4.738
7441,35.5727600000002,5.81
7442,35.5769470000002,4.187
7443,35.5812870000002,4.34
7444,35.5873510000002,6.064
7445,35.5913230000002,3.972
7446,35.5975660000001,6.243
7447,35.6017980000002,4.232
7448,35.6055570000002,3.759
7449,35.6103390000002,4.782
7450,35.6154440000002,5.105
7451,35.6215320000002,6.088
7452,35.6262910000002,4.759
7453,35.6321600000001,5.869
7454,35.6376140000001,5.454
7455,35.6417420000001,4.128
7456,35.6474060000002,5.664
7457,35.6522690000002,4.863
7458,35.6562420000002,3.973
7459,35.6611300000002,4.888
7460,35.6659970000002,4.867
7461,35.6716840000002,5.687
7462,35.6759180000002,4.234
7463,35.6802810000002,4.363
7464,35.6858560000002,5.575
7465,35.6897240000001,3.868
7466,35.6958890000002,6.165
7467,35.7008150000001,4.926
7468,35.7045640000001,3.749
7469,35.7094980000001,4.934
7470,35.7145870000001,5.089
7471,35.7199920000001,5.405
7472,35.7247330000001,4.741
7473,35.7295530000002,4.82
7474,35.7346320000002,5.079
7475,35.7383020000002,3.67
7476,35.7442930000002,5.991
7477,35.7492560000002,4.963
7478,35.7527850000002,3.529
7479,35.7578770000001,5.092
7480,35.7620980000002,4.221
7481,35.7688510000002,6.753
7482,35.7726040000002,3.753
7483,35.7772540000002,4.65
7484,35.7827130000002,5.459
7485,35.7863370000002,3.624
7486,35.7924080000002,6.071
7487,35.7982130000002,5.805
7488,35.8030830000002,4.87
7489,35.8079260000002,4.843
7490,35.8122580000002,4.332
7491,35.8191820000002,6.924
7492,35.8243400000002,5.158
7493,35.8281210000002,3.781
7494,35.8335030000001,5.382
7495,35.8417360000001,8.233
7496,35.8494510000001,7.715
7497,35.8577570000001,8.306
7498,35.8606690000001,2.912
7499,35.8654390000001,4.77
7500,35.8698430000001,4.404
7501,35.8766980000001,6.855
7502,35.8805050000001,3.807
7503,35.8848400000001,4.335
7504,35.8907260000001,5.886
7505,35.8941340000001,3.408
7506,35.9005650000001,6.431
7507,35.9056470000001,5.082
7508,35.9114770000001,5.83
7509,35.9160620000001,4.585
7510,35.9205300000001,4.468
7511,35.9274550000002,6.925
7512,35.9312890000001,3.834
7513,35.9358470000002,4.558
7514,35.9422800000002,6.433
7515,35.9467120000002,4.432
7516,35.9516810000002,4.969
7517,35.9571590000002,5.478
7518,35.9619880000002,4.829
7519,35.9664810000002,4.493
7520,35.9711160000002,4.635
7521,35.9762480000002,5.132
7522,35.9806410000002,4.393
7523,35.9844270000002,3.786
7524,35.9907800000002,6.353
7525,35.9949320000001,4.152
7526,36.0018010000001,6.869
7527,36.0088700000002,7.069
7528,36.0146980000002,5.828
7529,36.0185420000002,3.844
7530,36.0240750000002,5.533
7531,36.0294760000002,5.401
7532,36.0364830000002,7.007
7533,36.0461280000002,9.645
7534,36.0514000000002,5.272
7535,36.0574830000001,6.083
7536,36.0620410000001,4.558
7537,36.0664660000001,4.425
7538,36.0724890000001,6.023
7539,36.0771240000001,4.635
7540,36.0824980000002,5.374
7541,36.0896910000002,7.193
7542,36.0934090000002,3.718
7543,36.0978650000001,4.456
7544,36.1040860000001,6.221
7545,36.1125060000001,8.42
7546,36.1183240000001,5.818
7547,36.1255860000001,7.262
7548,36.1353620000001,9.776
7549,36.1405040000001,5.142
7550,36.1451960000001,4.692
7551,36.1499850000001,4.789
7552,36.1550550000001,5.07
7553,36.1586030000001,3.548
7554,36.1634180000001,4.815
7555,36.1688330000001,5.415
7556,36.1740690000001,5.236
7557,36.1782770000001,4.208
7558,36.1828760000001,4.599
7559,36.1874010000001,4.525
7560,36.1912290000001,3.828
7561,36.1980410000001,6.812
7562,36.2017170000001,3.676
7563,36.2071250000001,5.408
7564,36.2121590000001,5.034
7565,36.2153070000001,3.148
7566,36.2213970000001,6.09
7567,36.2263250000001,4.928
7568,36.2297400000001,3.415
7569,36.2347170000001,4.977
7570,36.2403000000001,5.583
7571,36.2453910000001,5.091
7572,36.2498140000001,4.423
7573,36.2538080000001,3.994
7574,36.2590760000001,5.268
7575,36.2626380000001,3.562
7576,36.2688500000001,6.212
7577,36.2759010000001,7.051
7578,36.2795580000001,3.657
7579,36.2844660000001,4.908
7580,36.2893680000001,4.902
7581,36.2949720000001,5.604
7582,36.2989980000001,4.026
7583,36.3035140000001,4.516
7584,36.3091710000001,5.657
7585,36.3129520000001,3.781
7586,36.3186870000001,5.735
7587,36.3236300000001,4.943
7588,36.3272110000001,3.581
7589,36.3320610000001,4.85
7590,36.3375420000001,5.481
7591,36.3434590000001,5.917
7592,36.3479140000001,4.455
7593,36.3511180000001,3.204
7594,36.3574530000001,6.335
7595,36.3618460000001,4.393
7596,36.3664730000001,4.627
7597,36.3710170000001,4.544
7598,36.3759910000001,4.974
7599,36.3799200000001,3.929
7600,36.3841020000001,4.182
7601,36.3903090000001,6.207
7602,36.3945740000001,4.265
7603,36.3992810000001,4.707
7604,36.4042710000001,4.99
7605,36.4093210000001,5.05
7606,36.4145140000001,5.193
7607,36.4190380000001,4.524
7608,36.4250810000001,6.043
7609,36.4297880000001,4.707
7610,36.4342690000001,4.481
7611,36.4405860000001,6.317
7612,36.4456960000001,5.11
7613,36.4489430000001,3.247
7614,36.4539860000001,5.043
7615,36.4607420000001,6.756
7616,36.4645240000001,3.782
7617,36.4687610000001,4.237
7618,36.4731120000001,4.351
7619,36.4788700000001,5.758
7620,36.4822080000001,3.338
7621,36.4883370000001,6.129
7622,36.4946510000001,6.314
7623,36.4978020000001,3.151
7624,36.5016390000001,3.837
7625,36.5070580000001,5.419
7626,36.5131550000001,6.097
7627,36.5165800000001,3.425
7628,36.5211920000001,4.612
7629,36.5269760000001,5.784
7630,36.5314750000001,4.499
7631,36.5363690000001,4.894
7632,36.5406230000002,4.254
7633,36.5460030000002,5.38
7634,36.5495280000002,3.525
7635,36.5543020000002,4.774
7636,36.5604880000002,6.186
7637,36.5644490000002,3.961
7638,36.5689580000002,4.509
7639,36.5746460000002,5.688
7640,36.5799420000002,5.296
7641,36.5853000000002,5.358
7642,36.5905640000001,5.264
7643,36.5953680000001,4.804
7644,36.5987060000001,3.338
7645,36.6030460000001,4.34
7646,36.6073290000001,4.283
7647,36.6124450000002,5.116
7648,36.6157420000002,3.297
7649,36.6211010000002,5.359
7650,36.6263770000002,5.276
7651,36.6313000000002,4.923
7652,36.6356520000001,4.352
7653,36.6399900000001,4.338
7654,36.6455340000001,5.544
7655,36.6496900000001,4.156
7656,36.6558650000001,6.175
7657,36.6615140000001,5.649
7658,36.6659490000001,4.435
7659,36.6709200000001,4.971
7660,36.6751400000001,4.22
7661,36.6822120000001,7.072
7662,36.6862260000001,4.014
7663,36.6935040000001,7.278
7664,36.6976370000001,4.133
7665,36.7007380000001,3.101
7666,36.7071010000001,6.363
7667,36.7113660000001,4.265
7668,36.7165310000001,5.165
7669,36.7208320000001,4.301
7670,36.7256000000001,4.768
7671,36.7319120000001,6.312
7672,36.7358310000001,3.919
7673,36.7399130000001,4.082
7674,36.7448590000001,4.946
7675,36.7499240000001,5.065
7676,36.7560430000001,6.119
7677,36.7607900000001,4.747
7678,36.7647140000001,3.924
7679,36.7690270000001,4.313
7680,36.7732290000001,4.202
7681,36.7794610000001,6.232
7682,36.7847140000001,5.253
7683,36.7906520000001,5.938
7684,36.7946360000001,3.984
7685,36.7995280000001,4.892
7686,36.8052990000001,5.771
7687,36.8095610000001,4.262
7688,36.8146700000001,5.109
7689,36.8193120000001,4.642
7690,36.8253750000001,6.063
7691,36.8297660000001,4.391
7692,36.8343040000001,4.538
7693,36.8387920000001,4.488
7694,36.8434890000001,4.697
7695,36.8479620000001,4.473
7696,36.8538770000001,5.915
7697,36.8579510000001,4.074
7698,36.8622700000001,4.319
7699,36.8679180000001,5.648
7700,36.8742670000001,6.349
7701,36.8783730000001,4.106
7702,36.8828750000001,4.502
7703,36.8871110000001,4.236
7704,36.8916130000001,4.502
7705,36.8958420000001,4.229
7706,36.9030420000001,7.2
7707,36.9088270000001,5.785
7708,36.9128680000001,4.041
7709,36.9184330000001,5.565
7710,36.9221730000001,3.74
7711,36.9285020000001,6.329
7712,36.9334180000001,4.916
7713,36.9373690000001,3.951
7714,36.9426630000001,5.294
7715,36.9471770000001,4.514
7716,36.9537190000001,6.542
7717,36.9575830000001,3.864
7718,36.9617750000001,4.192
7719,36.9671890000001,5.414
7720,36.9721450000001,4.956
7721,36.9764660000001,4.321
7722,36.9796480000001,3.182
7723,36.9849100000001,5.262
7724,36.9900590000002,5.149
7725,36.9946020000001,4.543
7726,37.0012280000001,6.626
7727,37.0058370000001,4.609
7728,37.0101270000001,4.29
7729,37.0152540000001,5.127
7730,37.0191480000002,3.894
7731,37.0254180000002,6.27
7732,37.0299790000002,4.561
7733,37.0351720000002,5.193
7734,37.0397010000002,4.529
7735,37.0441180000001,4.417
7736,37.0507230000001,6.605
7737,37.0544190000001,3.696
7738,37.0590060000001,4.587
7739,37.0646480000001,5.642
7740,37.0684950000001,3.847
7741,37.0737400000002,5.245
7742,37.0777050000002,3.965
7743,37.0826150000002,4.91
7744,37.0871530000001,4.538
7745,37.0915260000002,4.373
7746,37.0987270000002,7.201
7747,37.1026590000002,3.932
7748,37.1071260000002,4.467
7749,37.1120750000002,4.949
7750,37.1171950000002,5.12
7751,37.1232340000002,6.039
7752,37.1277720000001,4.538
7753,37.1330350000001,5.263
7754,37.1376180000001,4.583
7755,37.1424980000001,4.88
7756,37.1491560000001,6.658
7757,37.1531370000002,3.981
7758,37.1575360000001,4.399
7759,37.1625420000002,5.006
7760,37.1678560000001,5.314
7761,37.1735050000001,5.649
7762,37.1781680000001,4.663
7763,37.1831100000001,4.942
7764,37.1876330000001,4.523
7765,37.1920800000001,4.447
7766,37.1991340000001,7.054
7767,37.2033280000001,4.194
7768,37.2073400000001,4.012
7769,37.2123270000001,4.987
7770,37.2175400000001,5.213
7771,37.2231030000001,5.563
7772,37.2277950000001,4.692
7773,37.2325210000001,4.726
7774,37.2369220000001,4.401
7775,37.2416490000001,4.727
7776,37.2479300000001,6.281
7777,37.2516720000001,3.742
7778,37.2559070000001,4.235
7779,37.2607980000002,4.891
7780,37.2657270000001,4.929
7781,37.2713370000001,5.61
7782,37.2754920000001,4.155
7783,37.2802740000001,4.782
7784,37.2847120000001,4.438
7785,37.2889060000001,4.194
7786,37.2949850000001,6.079
7787,37.2998860000001,4.901
7788,37.3038310000001,3.945
7789,37.3085190000001,4.688
7790,37.3134750000001,4.956
7791,37.3190950000001,5.62
7792,37.3230840000001,3.989
7793,37.3273200000001,4.236
7794,37.3327600000001,5.44
7795,37.3370980000001,4.338
7796,37.3428040000001,5.706
7797,37.3477580000001,4.954
7798,37.3514600000001,3.702
7799,37.3562790000001,4.819
7800,37.3603720000001,4.093
7801,37.3672740000001,6.902
7802,37.3712950000001,4.021
7803,37.3751100000001,3.815
7804,37.3806140000001,5.504
7805,37.3842770000001,3.663
7806,37.3886930000001,4.416
7807,37.3928860000001,4.193
7808,37.3977100000001,4.824
7809,37.4020620000001,4.352
7810,37.4069040000001,4.842
7811,37.4133550000001,6.451
7812,37.4166710000001,3.316
7813,37.4209480000001,4.277
7814,37.4259680000001,5.02
7815,37.4308060000001,4.838
7816,37.4364450000001,5.639
7817,37.4405250000001,4.08
7818,37.4455090000001,4.984
7819,37.4490100000001,3.501
7820,37.4536090000001,4.599
7821,37.4580720000001,4.463
7822,37.4632430000001,5.171
7823,37.4686550000001,5.412
7824,37.4728870000001,4.232
7825,37.4796390000001,6.752
7826,37.4830990000001,3.46
7827,37.4874760000001,4.377
7828,37.4917990000001,4.323
7829,37.4966900000001,4.891
7830,37.5005290000001,3.839
7831,37.5045640000001,4.035
7832,37.5113090000001,6.745
7833,37.5146970000001,3.388
7834,37.5210760000001,6.379
7835,37.5252750000001,4.199
7836,37.5299070000001,4.632
7837,37.5337390000001,3.832
7838,37.5380050000001,4.266
7839,37.5431300000001,5.125
7840,37.5464940000001,3.364
7841,37.5514690000001,4.975
7842,37.5558370000001,4.368
7843,37.5623150000001,6.478
7844,37.5659900000001,3.675
7845,37.5723010000001,6.311
7846,37.5773850000001,5.084
7847,37.5807810000001,3.396
7848,37.5851170000001,4.336
7849,37.5893040000001,4.187
7850,37.5942090000001,4.905
7851,37.5977530000001,3.544
7852,37.6037170000001,5.964
7853,37.6085690000001,4.852
7854,37.6139850000001,5.416
7855,37.6184100000001,4.425
7856,37.6234210000001,5.011
7857,37.6298750000001,6.454
7858,37.6333100000001,3.435
7859,37.6374740000001,4.164
7860,37.6424610000001,4.987
7861,37.6467030000001,4.242
7862,37.6510170000001,4.314
7863,37.6561150000001,5.098
7864,37.6610340000001,4.919
7865,37.6657020000001,4.668
7866,37.6700850000001,4.383
7867,37.6747840000001,4.699
7868,37.6786650000001,3.881
7869,37.6826510000001,3.986
7870,37.6880090000001,5.358
7871,37.6924200000001,4.411
7872,37.6959610000001,3.541
7873,37.7002690000001,4.308
7874,37.7063510000001,6.082
7875,37.7115750000001,5.224
7876,37.7157810000001,4.206
7877,37.7203380000001,4.557
7878,37.7262210000001,5.883
7879,37.7302490000001,4.028
7880,37.7349160000001,4.667
7881,37.7396270000001,4.711
7882,37.7434140000001,3.787
7883,37.7477470000001,4.333
7884,37.7519900000001,4.243
7885,37.7571940000001,5.204
7886,37.7605410000001,3.347
7887,37.7647380000001,4.197
7888,37.7699500000001,5.212
7889,37.7742500000001,4.3
7890,37.7796280000001,5.378
7891,37.7839020000001,4.274
7892,37.7891010000001,5.199
7893,37.7924340000001,3.333
7894,37.7967320000001,4.298
7895,37.8028460000001,6.114
7896,37.8077930000001,4.947
7897,37.8115620000001,3.769
7898,37.8159550000001,4.393
7899,37.8210050000001,5.05
7900,37.8272980000001,6.293
7901,37.8310510000001,3.753
7902,37.8350870000001,4.036
7903,37.8399870000001,4.9
7904,37.8437320000001,3.745
7905,37.8499590000001,6.227
7906,37.8544210000001,4.462
7907,37.8590870000001,4.666
7908,37.8629790000001,3.892
7909,37.8670570000001,4.078
7910,37.8736150000001,6.558
7911,37.8784600000001,4.845
7912,37.8820250000001,3.565
7913,37.8895720000001,7.547
7914,37.8946430000001,5.071
7915,37.8972470000001,2.604
7916,37.9018410000001,4.594
7917,37.9060340000001,4.193
7918,37.9110720000001,5.038
7919,37.9145740000001,3.502
7920,37.9214920000001,6.918
7921,37.9261590000001,4.667
7922,37.9323090000001,6.15
7923,37.9360420000001,3.733
7924,37.9409330000001,4.891
7925,37.9469590000001,6.026
7926,37.9509210000001,3.962
7927,37.9553460000001,4.425
7928,37.9596570000001,4.311
7929,37.9646320000001,4.975
7930,37.9701000000001,5.468
7931,37.9744480000001,4.348
7932,37.9786720000001,4.224
7933,37.9837580000001,5.086
7934,37.9874570000001,3.699
7935,37.9917990000001,4.342
7936,37.9969670000001,5.168
7937,38.0004830000001,3.516
7938,38.0055580000001,5.075
7939,38.0099100000001,4.352
7940,38.0167370000001,6.827
7941,38.0204720000001,3.735
7942,38.0249530000001,4.481
7943,38.0293130000001,4.36
7944,38.0344350000001,5.122
7945,38.0402920000001,5.857
7946,38.0456500000001,5.358
7947,38.0489480000001,3.298
7948,38.0530340000001,4.086
7949,38.0572590000001,4.225
7950,38.0616490000001,4.39
7951,38.0665090000001,4.86
7952,38.0715630000001,5.054
7953,38.0752400000001,3.677
7954,38.0821300000001,6.89
7955,38.0859190000001,3.789
7956,38.0901100000001,4.191
7957,38.0944780000001,4.368
7958,38.0995850000001,5.107
7959,38.1053350000001,5.75
7960,38.1095330000001,4.198
7961,38.1145100000001,4.977
7962,38.1182480000001,3.738
7963,38.1245770000001,6.329
7964,38.1288220000001,4.245
7965,38.1357860000001,6.964
7966,38.1402230000001,4.437
7967,38.1444260000001,4.203
7968,38.1487380000001,4.312
7969,38.1523360000001,3.598
7970,38.1614040000001,9.068
7971,38.1644410000001,3.037
7972,38.1695500000001,5.109
7973,38.1728540000001,3.304
7974,38.1787730000001,5.919
7975,38.1837730000001,5.0
7976,38.1870810000001,3.308
7977,38.1913870000001,4.306
7978,38.1958040000001,4.417
7979,38.2004280000001,4.624
7980,38.2060300000001,5.602
7981,38.2102640000001,4.234
7982,38.2157620000001,5.498
7983,38.2223700000001,6.608
7984,38.2287190000001,6.349
7985,38.2344900000001,5.771
7986,38.2419810000001,7.491
7987,38.2475630000001,5.582
7988,38.2524610000001,4.898
7989,38.2595680000001,7.107
7990,38.2652670000001,5.699
7991,38.2703030000001,5.036
7992,38.2749290000001,4.626
7993,38.2790080000001,4.079
7994,38.2854090000001,6.401
7995,38.2915010000001,6.092
7996,38.2965240000001,5.023
7997,38.3020150000001,5.491
7998,38.3120050000001,9.99
7999,38.3153210000001,3.316
8000,38.3189810000001,3.66
8001,38.3236740000001,4.693
8002,38.3272380000001,3.564
8003,38.3333600000001,6.122
8004,38.3396370000001,6.277
8005,38.3436380000001,4.001
8006,38.3476390000001,4.001
8007,38.3527680000001,5.129
8008,38.3559740000001,3.206
8009,38.3602370000001,4.263
8010,38.3662000000001,5.963
8011,38.3699970000001,3.797
8012,38.3748350000001,4.838
8013,38.3788150000001,3.98
8014,38.3859030000001,7.088
8015,38.3892410000001,3.338
8016,38.3932320000001,3.991
8017,38.3980530000001,4.821
8018,38.4018480000001,3.795
8019,38.4067080000001,4.86
8020,38.4114980000001,4.79
8021,38.4149020000001,3.404
8022,38.4192440000001,4.342
8023,38.4234120000001,4.168
8024,38.4282310000001,4.819
8025,38.4348420000001,6.611
8026,38.4418070000001,6.965
8027,38.4465460000001,4.739
8028,38.4517400000001,5.194
8029,38.4557710000001,4.031
8030,38.4603890000001,4.618
8031,38.4639540000001,3.565
8032,38.4685090000001,4.555
8033,38.4737340000001,5.225
8034,38.4796000000001,5.866
8035,38.4831320000001,3.532
8036,38.4875160000001,4.384
8037,38.4926310000001,5.115
8038,38.4956650000001,3.034
8039,38.4998030000001,4.138
8040,38.5067380000001,6.935
8041,38.5099010000001,3.163
8042,38.5138540000001,3.953
8043,38.5181510000001,4.297
8044,38.5240860000001,5.935
8045,38.5269220000001,2.836
8046,38.5311970000001,4.275
8047,38.5354000000001,4.203
8048,38.5426960000001,7.296
8049,38.5469450000001,4.249
8050,38.5510220000001,4.077
8051,38.5563980000001,5.376
8052,38.5594830000001,3.085
8053,38.5637000000001,4.217
8054,38.5680400000001,4.34
8055,38.5748270000001,6.787
8056,38.5778070000001,2.98
8057,38.5818530000001,4.046
8058,38.5862060000001,4.353
8059,38.5920470000001,5.841
8060,38.5952720000001,3.225
8061,38.5994010000001,4.129
8062,38.6036490000001,4.248
8063,38.6094820000001,5.833
8064,38.6125570000001,3.075
8065,38.6168950000001,4.338
8066,38.6213880000001,4.493
8067,38.6297540000001,8.366
8068,38.6332700000001,3.516
8069,38.6384420000001,5.172
8070,38.6428410000001,4.399
8071,38.6476540000001,4.813
8072,38.6512820000001,3.628
8073,38.6564120000001,5.13
8074,38.6601960000001,3.784
8075,38.6653380000001,5.142
8076,38.6690120000001,3.674
8077,38.6739500000001,4.938
8078,38.6778280000001,3.878
8079,38.6827860000001,4.958
8080,38.6865430000001,3.757
8081,38.6911460000001,4.603
8082,38.6955650000001,4.419
8083,38.7006370000001,5.072
8084,38.7061540000001,5.517
8085,38.7100980000001,3.944
8086,38.7150490000001,4.951
8087,38.7189560000001,3.907
8088,38.7247380000001,5.782
8089,38.7286820000001,3.944
8090,38.7333280000001,4.646
8091,38.7378300000001,4.502
8092,38.7417410000001,3.911
8093,38.7463170000001,4.576
8094,38.7513690000001,5.052
8095,38.7558920000001,4.523
8096,38.7599250000001,4.033
8097,38.7649590000001,5.034
8098,38.7690610000001,4.102
8099,38.7734490000001,4.388
8100,38.7778620000001,4.413
8101,38.7827880000001,4.926
8102,38.7883200000001,5.532
8103,38.7922860000001,3.966
8104,38.7966260000001,4.34
8105,38.8020590000001,5.433
8106,38.8056480000001,3.589
8107,38.8100580000001,4.41
8108,38.8150000000001,4.942
8109,38.8198160000001,4.816
8110,38.8244450000001,4.629
8111,38.8301220000001,5.677
8112,38.8355700000001,5.448
8113,38.8389820000001,3.412
8114,38.8433390000001,4.357
8115,38.8478110000001,4.472
8116,38.8535670000001,5.756
8117,38.8564540000001,2.887
8118,38.8609720000001,4.518
8119,38.8661400000001,5.168
8120,38.8696340000001,3.494
8121,38.8739240000001,4.29
8122,38.8782660000001,4.342
8123,38.8832540000001,4.988
8124,38.8903860000001,7.132
8125,38.8955740000001,5.188
8126,38.9001180000001,4.544
8127,38.9061730000001,6.055
8128,38.9107520000001,4.579
8129,38.9155210000001,4.769
8130,38.9225400000001,7.019
8131,38.9296560000001,7.116
8132,38.9329800000001,3.324
8133,38.9390040000001,6.024
8134,38.9430320000001,4.028
8135,38.9467110000001,3.679
8136,38.9516150000001,4.904
8137,38.9574080000001,5.793
8138,38.9607630000001,3.355
8139,38.9647470000001,3.984
8140,38.9701120000001,5.365
8141,38.9742840000001,4.172
8142,38.9793740000001,5.09
8143,38.9862940000001,6.92
8144,38.9911410000001,4.847
8145,38.9962240000001,5.083
8146,39.0003330000001,4.109
8147,39.0060640000001,5.731
8148,39.0093260000001,3.262
8149,39.0132220000001,3.896
8150,39.0187300000001,5.508
8151,39.0240300000001,5.3
8152,39.0312490000001,7.219
8153,39.0355350000001,4.286
8154,39.0391670000001,3.632
8155,39.0445400000001,5.373
8156,39.0489130000001,4.373
8157,39.0557130000001,6.8
8158,39.0595070000001,3.794
8159,39.0651700000001,5.663
8160,39.074098,8.928
8161,39.077292,3.194
8162,39.0821180000001,4.826
8163,39.0887460000001,6.628
8164,39.092613,3.867
8165,39.0983960000001,5.783
8166,39.1028850000001,4.489
8167,39.1094390000001,6.554
8168,39.1128940000001,3.455
8169,39.1189510000001,6.057
8170,39.1247250000001,5.774
8171,39.1333440000001,8.619
8172,39.1371990000001,3.855
8173,39.1429780000001,5.779
8174,39.1462400000001,3.262
8175,39.1525130000001,6.273
8176,39.1578100000001,5.297
8177,39.1626700000001,4.86
8178,39.1673490000001,4.679
8179,39.1736840000001,6.335
8180,39.1774660000001,3.782
8181,39.1855020000001,8.036
8182,39.1909200000001,5.418
8183,39.1948630000001,3.943
8184,39.2006560000001,5.793
8185,39.2071250000001,6.469
8186,39.2109390000001,3.814
8187,39.2174110000001,6.472
8188,39.2239770000001,6.566
8189,39.2273050000001,3.328
8190,39.2316890000001,4.384
8191,39.2402580000001,8.569
8192,39.2454420000001,5.184
8193,39.2486950000001,3.253
8194,39.2541530000001,5.458
8195,39.2594940000001,5.341
8196,39.2635360000001,4.042
8197,39.2716090000001,8.073
8198,39.2749030000001,3.294
8199,39.2800620000001,5.159
8200,39.2851430000001,5.081
8201,39.2902820000001,5.139
8202,39.2967190000001,6.437
8203,39.3035880000001,6.869
8204,39.3069150000001,3.327
8205,39.3136660000001,6.751
8206,39.3221350000001,8.469
8207,39.3261320000001,3.997
8208,39.329806,3.674
8209,39.337539,7.733
8210,39.3468080000001,9.269
8211,39.3499400000001,3.132
8212,39.3551220000001,5.182
8213,39.35993,4.808
8214,39.364355,4.425
8215,39.371445,7.09
8216,39.376331,4.886
8217,39.38132,4.989
8218,39.385693,4.373
8219,39.389438,3.745
8220,39.393507,4.069
8221,39.398573,5.066
8222,39.402005,3.432
8223,39.408601,6.596
8224,39.411696,3.095
8225,39.418242,6.546
8226,39.423683,5.441
8227,39.429895,6.212
8228,39.435618,5.723
8229,39.439187,3.569
8230,39.442873,3.686
8231,39.447762,4.889
8232,39.451655,3.893
8233,39.455786,4.131
8234,39.459909,4.123
8235,39.467244,7.335
8236,39.472338,5.094
8237,39.476915,4.577
8238,39.481804,4.889
8239,39.486165,4.361
8240,39.49005,3.885
8241,39.495103,5.053
8242,39.499018,3.915
8243,39.50319,4.172
8244,39.50766,4.47
8245,39.512893,5.233
8246,39.518408,5.515
8247,39.526912,8.504
8248,39.532418,5.506
8249,39.536279,3.861
8250,39.542152,5.873
8251,39.547517,5.365
8252,39.553381,5.864
8253,39.556552,3.171
8254,39.562488,5.936
8255,39.570467,7.979
8256,39.573856,3.389
8257,39.579731,5.875
8258,39.587107,7.376
8259,39.5899,2.793
8260,39.595136,5.236
8261,39.600457,5.321
8262,39.604284,3.827
8263,39.609139,4.855
8264,39.614263,5.124
8265,39.617902,3.639
8266,39.625458,7.556
8267,39.628911,3.453
8268,39.634557,5.646
8269,39.639095,4.538
8270,39.645798,6.703
8271,39.65163,5.832
8272,39.655268,3.638
8273,39.658991,3.723
8274,39.663706,4.715
8275,39.669529,5.823
8276,39.673643,4.114
8277,39.679432,5.789
8278,39.686333,6.901
8279,39.689699,3.366
8280,39.694284,4.585
8281,39.699434,5.15
8282,39.703565,4.131
8283,39.706663,3.098
8284,39.71151,4.847
8285,39.715201,3.691
8286,39.721645,6.444
8287,39.730592,8.947
8288,39.734999,4.407
8289,39.738949,3.95
8290,39.743443,4.494
8291,39.748257,4.814
8292,39.753038,4.781
8293,39.756395,3.357
8294,39.760825,4.43
8295,39.766362,5.537
8296,39.77109,4.728
8297,39.777392,6.302
8298,39.780683,3.291
8299,39.785848,5.165
8300,39.790276,4.428
8301,39.796034,5.758
8302,39.799602,3.568
8303,39.803888,4.286
8304,39.809202,5.314
8305,39.812233,3.031
8306,39.818391,6.158
8307,39.823841,5.45
8308,39.828801,4.96
8309,39.833464,4.663
8310,39.842806,9.342
8311,39.847536,4.73
8312,39.852411,4.875
8313,39.856342,3.931
8314,39.861404,5.062
8315,39.868194,6.79
8316,39.872206,4.012
8317,39.877877,5.671
8318,39.881476,3.599
8319,39.885896,4.42
8320,39.889939,4.043
8321,39.895264,5.325
8322,39.898496,3.232
8323,39.904804,6.308
8324,39.910709,5.905
8325,39.913633,2.924
8326,39.919842,6.209
8327,39.924552,4.71
8328,39.927835,3.283
8329,39.932075,4.24
8330,39.937916,5.841
8331,39.94226,4.344
8332,39.9458,3.54
8333,39.950046,4.246
8334,39.954709,4.663
8335,39.961091,6.382
8336,39.964567,3.476
8337,39.97045,5.883
8338,39.975381,4.931
8339,39.978701,3.32
8340,39.982991,4.29
8341,39.988684,5.693
8342,39.993561,4.877
8343,39.997279,3.718
8344,40.001191,3.912
8345,40.005434,4.243
8346,40.012141,6.707
8347,40.015625,3.484
8348,40.021906,6.281
8349,40.026942,5.036
8350,40.029895,2.953
8351,40.034279,4.384
8352,40.038147,3.868
8353,40.043173,5.026
8354,40.046496,3.323
8355,40.051133,4.637
8356,40.05715,6.017
8357,40.063168,6.018
8358,40.066849,3.681
8359,40.071381,4.532
8360,40.075634,4.253
8361,40.079333,3.699
8362,40.083614,4.281
8363,40.087617,4.003
8364,40.09273,5.113
8365,40.095892,3.162
8366,40.102021,6.129
8367,40.106008,3.987
8368,40.110895,4.887
8369,40.114394,3.499
8370,40.120575,6.181
8371,40.125553,4.978
8372,40.128717,3.164
8373,40.133146,4.429
8374,40.137291,4.145
8375,40.144203,6.912
8376,40.147624,3.421
8377,40.153772,6.148
8378,40.157307,3.535
8379,40.162115,4.808
8380,40.165722,3.607
8381,40.170067,4.345
8382,40.175041,4.974
8383,40.178277,3.236
8384,40.182935,4.658
8385,40.190701,7.766
8386,40.195694,4.993
8387,40.199474,3.78
8388,40.204407,4.933
8389,40.208536,4.129
8390,40.212639,4.103
8391,40.216464,3.825
8392,40.221781,5.317
8393,40.226496,4.715
8394,40.229288,2.792
8395,40.235077,5.789
8396,40.23931,4.233
8397,40.245557,6.247
8398,40.2491,3.543
8399,40.254886,5.786
8400,40.258351,3.465
8401,40.26324,4.889
8402,40.266924,3.684
8403,40.272975,6.051
8404,40.278306,5.331
8405,40.282027,3.721
8406,40.286473,4.446
8407,40.290293,3.82
8408,40.295285,4.992
8409,40.298658,3.373
8410,40.303892,5.234
8411,40.308659,4.767
8412,40.313271,4.612
8413,40.317318,4.047
8414,40.321614,4.296
8415,40.327817,6.203
8416,40.331376,3.559
8417,40.338924,7.548
8418,40.343948,5.024
8419,40.348409,4.461
8420,40.352591,4.182
8421,40.357093,4.502
8422,40.360413,3.32
8423,40.365165,4.752
8424,40.370339,5.174
8425,40.373954,3.615
8426,40.380684,6.73
8427,40.384252,3.568
8428,40.389885,5.633
8429,40.394181,4.296
8430,40.399101,4.92
8431,40.403611,4.51
8432,40.407241,3.63
8433,40.411339,4.098
8434,40.416351,5.012
8435,40.420788,4.437
8436,40.424883,4.095
8437,40.431174,6.291
8438,40.434736,3.562
8439,40.439068,4.332
8440,40.443188,4.12
8441,40.447942,4.754
8442,40.452555,4.613
8443,40.456353,3.798
8444,40.461248,4.895
8445,40.466885,5.637
8446,40.47081,3.925
8447,40.475936,5.126
8448,40.480614,4.678
8449,40.484541,3.927
8450,40.48858,4.039
8451,40.492607,4.027
8452,40.499687,7.08
8453,40.504131,4.444
8454,40.507568,3.437
8455,40.511646,4.078
8456,40.516704,5.058
8457,40.522066,5.362
8458,40.52634,4.274
8459,40.53125,4.91
8460,40.535033,3.783
8461,40.539228,4.195
8462,40.545529,6.301
8463,40.550589,5.06
8464,40.553979,3.39
8465,40.558329,4.35
8466,40.562617,4.288
8467,40.567989,5.372
8468,40.571305,3.316
8469,40.575669,4.364
8470,40.580506,4.837
8471,40.584501,3.995
8472,40.589425,4.924
8473,40.594111,4.686
8474,40.597963,3.852
8475,40.6018180000001,3.855
8476,40.6063240000001,4.506
8477,40.6124860000001,6.162
8478,40.6226410000001,10.155
8479,40.6264600000001,3.819
8480,40.6297350000001,3.275
8481,40.6353410000001,5.606
8482,40.6403370000001,4.996
8483,40.6449270000001,4.59
8484,40.6494560000001,4.529
8485,40.6548990000001,5.443
8486,40.658364,3.465
8487,40.6646730000001,6.309
8488,40.6698670000001,5.194
8489,40.6738100000001,3.943
8490,40.6779030000001,4.093
8491,40.6827630000001,4.86
8492,40.687517,4.754
8493,40.691303,3.786
8494,40.695826,4.523
8495,40.701266,5.44
8496,40.704867,3.601
8497,40.711428,6.561
8498,40.716404,4.976
8499,40.721077,4.673
8500,40.724847,3.77
8501,40.72929,4.443
8502,40.736771,7.481
8503,40.740725,3.954
8504,40.744576,3.851
8505,40.749668,5.092
8506,40.754333,4.665
8507,40.759875,5.542
8508,40.764069,4.194
8509,40.768943,4.874
8510,40.772658,3.715
8511,40.776915,4.257
8512,40.783381,6.466
8513,40.788448,5.067
8514,40.792057,3.609
8515,40.796095,4.038
8516,40.801309,5.214
8517,40.806745,5.436
8518,40.810807,4.062
8519,40.815865,5.058
8520,40.820422,4.557
8521,40.823679,3.257
8522,40.830636,6.957
8523,40.83511,4.474
8524,40.8381,2.99
8525,40.842445,4.345
8526,40.846758,4.313
8527,40.853683,6.925
8528,40.858312,4.629
8529,40.8627940000001,4.482
8530,40.8683320000001,5.538
8531,40.8723260000001,3.994
8532,40.8775090000001,5.183
8533,40.8822050000001,4.696
8534,40.8872700000001,5.065
8535,40.8905440000001,3.274
8536,40.8945430000001,3.999
8537,40.9010400000001,6.497
8538,40.9045770000001,3.537
8539,40.9100390000001,5.462
8540,40.9142980000001,4.259
8541,40.9194750000001,5.177
8542,40.9248260000001,5.351
8543,40.9289270000001,4.101
8544,40.9343180000001,5.391
8545,40.9377260000001,3.408
8546,40.9421280000001,4.402
8547,40.9489570000001,6.829
8548,40.9546310000001,5.674
8549,40.9582430000001,3.612
8550,40.9633480000001,5.105
8551,40.9687290000001,5.381
8552,40.9738550000001,5.126
8553,40.9780220000001,4.167
8554,40.9824610000001,4.439
8555,40.9877670000001,5.306
8556,40.9918850000001,4.118
8557,40.9978390000001,5.954
8558,41.0022590000001,4.42
8559,41.0060100000001,3.751
8560,41.0105170000001,4.507
8561,41.0147890000001,4.272
8562,41.0200480000001,5.259
8563,41.0232250000001,3.177
8564,41.0276200000001,4.395
8565,41.0335440000001,5.924
8566,41.0368650000001,3.321
8567,41.0429920000001,6.127
8568,41.0474220000001,4.43
8569,41.0542610000001,6.839
8570,41.0579940000001,3.733
8571,41.0624300000001,4.436
8572,41.0700970000001,7.667
8573,41.0727480000001,2.651
8574,41.0771580000001,4.41
8575,41.0832350000001,6.077
8576,41.0878100000001,4.575
8577,41.0919520000001,4.142
8578,41.0962650000001,4.313
8579,41.1015770000001,5.312
8580,41.1051430000001,3.566
8581,41.1093970000001,4.254
8582,41.1159040000001,6.507
8583,41.1207780000001,4.874
8584,41.1243000000001,3.522
8585,41.1284420000001,4.142
8586,41.1344200000001,5.978
8587,41.1394770000001,5.057
8588,41.1436990000001,4.222
8589,41.1492320000001,5.533
8590,41.1535890000001,4.357
8591,41.1566100000001,3.021
8592,41.1622230000001,5.613
8593,41.1671580000001,4.935
8594,41.1706600000001,3.502
8595,41.1749650000001,4.305
8596,41.1798460000001,4.881
8597,41.1852090000001,5.363
8598,41.1892210000001,4.012
8599,41.1940350000001,4.814
8600,41.1999320000001,5.897
8601,41.2036340000001,3.702
8602,41.2085520000001,4.918
8603,41.2129140000001,4.362
8604,41.2198290000001,6.915
8605,41.2233130000001,3.484
8606,41.2273930000001,4.08
8607,41.2342950000001,6.902
8608,41.2378410000001,3.546
8609,41.2420670000001,4.226
8610,41.2463660000001,4.299
8611,41.2516750000001,5.309
8612,41.2553560000001,3.681
8613,41.2597310000001,4.375
8614,41.2646660000001,4.935
8615,41.2692110000001,4.545
8616,41.2734450000001,4.234
8617,41.2776760000001,4.231
8618,41.2842090000001,6.533
8619,41.2877670000001,3.558
8620,41.2921080000001,4.341
8621,41.2989270000001,6.819
8622,41.3027560000001,3.829
8623,41.3066750000001,3.919
8624,41.3107490000001,4.074
8625,41.3158410000001,5.092
8626,41.3193120000001,3.471
8627,41.3234680000001,4.156
8628,41.3276610000001,4.193
8629,41.3343790000001,6.718
8630,41.3381010000001,3.722
8631,41.3418290000001,3.728
8632,41.3472500000001,5.421
8633,41.3513650000001,4.115
8634,41.3569100000001,5.545
8635,41.3608380000001,3.928
8636,41.3659460000001,5.108
8637,41.3695480000001,3.602
8638,41.3753870000001,5.839
8639,41.3796770000001,4.29
8640,41.3847060000001,5.029
8641,41.3900750000001,5.369
8642,41.3942740000001,4.199
8643,41.3994820000001,5.208
8644,41.4029410000001,3.459
8645,41.4071980000001,4.257
8646,41.4115530000001,4.355
8647,41.4167370000001,5.184
8648,41.4202620000001,3.525
8649,41.4245210000001,4.259
8650,41.4288420000001,4.321
8651,41.4339950000001,5.153
8652,41.4375230000001,3.528
8653,41.4418410000001,4.318
8654,41.4563490000001,14.508
8655,41.4603840000001,4.035
8656,41.4639730000001,3.589
8657,41.4684700000001,4.497
8658,41.4748900000001,6.42
8659,41.4785750000001,3.685
8660,41.4826410000001,4.066
8661,41.4897870000001,7.146
8662,41.4930030000001,3.216
8663,41.4974400000001,4.437
8664,41.5016190000001,4.179
8665,41.5067570000001,5.138
8666,41.5102190000001,3.462
8667,41.5145420000001,4.323
8668,41.5194010000001,4.859
8669,41.5230020000001,3.601
8670,41.5273270000001,4.325
8671,41.5318930000001,4.566
8672,41.5370100000001,5.117
8673,41.5404160000001,3.406
8674,41.5448080000001,4.392
8675,41.5513220000001,6.514
8676,41.5553650000001,4.043
8677,41.5587820000001,3.417
8678,41.5661480000001,7.366
8679,41.5706240000001,4.476
8680,41.5735350000001,2.911
8681,41.5796490000001,6.114
8682,41.5844200000001,4.771
8683,41.5881880000001,3.768
8684,41.5925840000001,4.396
8685,41.5971210000001,4.537
8686,41.6022010000001,5.08
8687,41.6056670000001,3.466
8688,41.6101160000001,4.449
8689,41.6153910000001,5.275
8690,41.6189370000001,3.546
8691,41.6232800000001,4.343
8692,41.6275740000001,4.294
8693,41.6340860000001,6.512
8694,41.6371860000001,3.1
8695,41.6417400000001,4.554
8696,41.6499320000001,8.192
8697,41.6531850000001,3.253
8698,41.6571970000001,4.012
8699,41.6616240000001,4.427
8700,41.6691680000001,7.544
8701,41.6722610000001,3.093
8702,41.6769270000001,4.666
8703,41.6823500000001,5.423
8704,41.6858670000001,3.517
8705,41.6902560000001,4.389
8706,41.6948240000001,4.568
8707,41.7000320000001,5.208
8708,41.7038760000001,3.844
8709,41.7085440000001,4.668
8710,41.7131550000001,4.611
8711,41.7180460000001,4.891
8712,41.7220800000001,4.034
8713,41.7267260000001,4.646
8714,41.7321150000001,5.389
8715,41.7359320000001,3.817
8716,41.7407030000001,4.771
8717,41.7449990000001,4.296
8718,41.7503460000001,5.347
8719,41.7542410000001,3.895
8720,41.7591110000001,4.87
8721,41.7662690000001,7.158
8722,41.7697720000001,3.503
8723,41.7741770000001,4.405
8724,41.7787830000001,4.606
8725,41.7839880000001,5.205
8726,41.7878740000001,3.886
8727,41.7922770000001,4.403
8728,41.7977940000001,5.517
8729,41.8013440000001,3.55
8730,41.8057400000001,4.396
8731,41.8100520000001,4.312
8732,41.8174040000001,7.352
8733,41.8216070000001,4.203
8734,41.8255350000001,3.928
8735,41.8298140000001,4.279
8736,41.8352680000001,5.454
8737,41.8387900000001,3.522
8738,41.8441890000001,5.399
8739,41.8492950000001,5.106
8740,41.8528920000001,3.597
8741,41.8590360000001,6.144
8742,41.8633900000001,4.354
8743,41.8692580000001,5.868
8744,41.8727590000001,3.501
8745,41.876948,4.189
8746,41.882059,5.111
8747,41.885837,3.778
8748,41.890012,4.175
8749,41.894144,4.132
8750,41.900589,6.445
8751,41.903516,2.927
8752,41.907853,4.337
8753,41.912203,4.35
8754,41.918521,6.318
8755,41.922786,4.265
8756,41.927855,5.069
8757,41.93463,6.775
8758,41.9381,3.47
8759,41.941978,3.878
8760,41.946222,4.244
8761,41.951195,4.973
8762,41.954938,3.743
8763,41.95913,4.192
8764,41.964108,4.978
8765,41.968634,4.526
8766,41.972113,3.479
8767,41.976477,4.364
8768,41.981592,5.115
8769,41.986422,4.83
8770,41.990628,4.206
8771,41.994778,4.15
8772,41.999933,5.155
8773,42.003328,3.395
8774,42.007514,4.186
8775,42.012365,4.851
8776,42.018045,5.68
8777,42.021615,3.57
8778,42.027559,5.944
8779,42.033008,5.449
8780,42.035915,2.907
8781,42.041762,5.847
8782,42.046029,4.267
8783,42.050991,4.962
8784,42.054503,3.512
8785,42.058755,4.252
8786,42.064169,5.414
8787,42.0686650000001,4.496
8788,42.0736440000001,4.979
8789,42.0783960000001,4.752
8790,42.0854920000001,7.096
8791,42.0887480000001,3.256
8792,42.0933940000001,4.646
8793,42.0993150000001,5.921
8794,42.1029070000001,3.592
8795,42.1065310000001,3.624
8796,42.1106580000001,4.127
8797,42.1179260000001,7.268
8798,42.1204970000001,2.571
8799,42.1257550000001,5.258
8800,42.1305650000001,4.81
8801,42.1343160000001,3.751
8802,42.1385060000001,4.19
8803,42.1428260000001,4.32
8804,42.1478220000001,4.996
8805,42.1525110000001,4.689
8806,42.1564080000001,3.897
8807,42.1603780000001,3.97
8808,42.1655570000001,5.179
8809,42.1705220000001,4.965
8810,42.1747330000001,4.211
8811,42.179696,4.963
8812,42.184523,4.827
8813,42.1885580000001,4.035
8814,42.192158,3.6
8815,42.197115,4.957
8816,42.202367,5.252
8817,42.207937,5.57
8818,42.214134,6.197
8819,42.217485,3.351
8820,42.221619,4.134
8821,42.227563,5.944
8822,42.232826,5.263
8823,42.236576,3.75
8824,42.240887,4.311
8825,42.244652,3.765
8826,42.249728,5.076
8827,42.2531630000001,3.435
8828,42.2575890000001,4.426
8829,42.2628860000001,5.297
8830,42.2673380000001,4.452
8831,42.2711910000001,3.853
8832,42.2755410000001,4.35
8833,42.2803120000001,4.771
8834,42.2847250000001,4.413
8835,42.2892410000001,4.516
8836,42.2932760000001,4.035
8837,42.2987270000001,5.451
8838,42.3023610000001,3.634
8839,42.3083320000001,5.971
8840,42.3134330000001,5.101
8841,42.3194650000001,6.032
8842,42.3242900000001,4.825
8843,42.3277710000001,3.481
8844,42.3331300000001,5.359
8845,42.3371300000001,4.0
8846,42.341524,4.394
8847,42.345665,4.141
8848,42.350907,5.242
8849,42.356972,6.065
8850,42.363394,6.422
8851,42.3706010000001,7.207
8852,42.37598,5.379
8853,42.379121,3.141
8854,42.38488,5.759
8855,42.389885,5.005
8856,42.394342,4.457
8857,42.399681,5.339
8858,42.40463,4.949
8859,42.409359,4.729
8860,42.413929,4.57
8861,42.420072,6.143
8862,42.425229,5.157
8863,42.428968,3.739
8864,42.433038,4.07
8865,42.43807,5.032
8866,42.442293,4.223
8867,42.445896,3.603
8868,42.4513940000001,5.498
8869,42.456278,4.884
8870,42.461107,4.829
8871,42.465585,4.478
8872,42.470381,4.796
8873,42.474154,3.773
8874,42.479194,5.04
8875,42.4853140000001,6.12
8876,42.4895,4.186
8877,42.4926230000001,3.123
8878,42.4972860000001,4.663
8879,42.5037870000001,6.501
8880,42.5076080000001,3.821
8881,42.5138700000001,6.262
8882,42.5182440000001,4.374
8883,42.5230060000001,4.762
8884,42.5267800000001,3.774
8885,42.5319720000001,5.192
8886,42.5375510000001,5.579
8887,42.541135,3.584
8888,42.547093,5.958
8889,42.551609,4.516
8890,42.558152,6.543
8891,42.561901,3.749
8892,42.5665490000001,4.648
8893,42.573977,7.428
8894,42.578036,4.059
8895,42.583079,5.043
8896,42.58893,5.851
8897,42.592269,3.339
8898,42.596816,4.547
8899,42.603071,6.255
8900,42.6078710000001,4.8
8901,42.6136280000001,5.757
8902,42.6195490000001,5.921
8903,42.6251070000001,5.558
8904,42.6286600000001,3.553
8905,42.6330220000001,4.362
8906,42.6381000000001,5.078
8907,42.6420480000001,3.948
8908,42.647979,5.931
8909,42.652235,4.256
8910,42.658731,6.496
8911,42.662726,3.995
8912,42.6669750000001,4.249
8913,42.6720400000001,5.065
8914,42.6755750000001,3.535
8915,42.6803130000001,4.738
8916,42.6852170000001,4.904
8917,42.6888070000001,3.59
8918,42.6931150000001,4.308
8919,42.6994250000001,6.31
8920,42.7044080000001,4.983
8921,42.7097280000001,5.32
8922,42.7155220000001,5.794
8923,42.7225710000001,7.049
8924,42.7268560000001,4.285
8925,42.7323370000001,5.481
8926,42.7369780000001,4.641
8927,42.7409860000001,4.008
8928,42.7469410000001,5.955
8929,42.7549240000001,7.983
8930,42.7600640000001,5.14
8931,42.7640320000001,3.968
8932,42.7684750000001,4.443
8933,42.7732560000001,4.781
8934,42.7769500000001,3.694
8935,42.7828460000001,5.896
8936,42.7878520000001,5.006
8937,42.7921150000001,4.263
8938,42.7966330000001,4.518
8939,42.8026930000001,6.06
8940,42.8081440000001,5.451
8941,42.8133850000001,5.241
8942,42.8194600000001,6.075
8943,42.8301180000001,10.658
8944,42.8343940000001,4.276
8945,42.8393730000001,4.979
8946,42.8429960000001,3.623
8947,42.8473100000001,4.314
8948,42.8552360000001,7.926
8949,42.8592770000001,4.041
8950,42.8660140000001,6.737
8951,42.8706740000001,4.66
8952,42.8750660000001,4.392
8953,42.8788480000001,3.782
8954,42.8843620000001,5.514
8955,42.8883010000001,3.939
8956,42.8924610000001,4.16
8957,42.8976580000001,5.197
8958,42.9059550000001,8.297
8959,42.9096470000001,3.692
8960,42.9188820000001,9.235
8961,42.9227050000001,3.823
8962,42.9293990000001,6.694
8963,42.9380860000001,8.687
8964,42.9441120000001,6.026
8965,42.9503810000001,6.269
8966,42.9544940000001,4.113
8967,42.9590390000001,4.545
8968,42.9666090000001,7.57
8969,42.9705950000001,3.986
8970,42.9753180000001,4.723
8971,42.9812540000001,5.936
8972,42.9859400000001,4.686
8973,42.9906160000001,4.676
8974,42.9954900000001,4.874
8975,43.0013570000001,5.867
8976,43.0058470000001,4.49
8977,43.0110510000001,5.204
8978,43.0153410000001,4.29
8979,43.0208910000001,5.55
8980,43.0260330000001,5.142
8981,43.0317950000001,5.762
8982,43.0381360000001,6.341
8983,43.0437480000001,5.612
8984,43.0501650000001,6.417
8985,43.0541690000001,4.004
8986,43.0591760000001,5.007
8987,43.0644390000001,5.263
8988,43.0696130000001,5.174
8989,43.0759840000001,6.371
8990,43.0821010000001,6.117
8991,43.0880600000001,5.959
8992,43.0927780000001,4.718
8993,43.0971880000001,4.41
8994,43.1027550000001,5.567
8995,43.1082550000001,5.5
8996,43.1118120000001,3.557
8997,43.1164910000001,4.679
8998,43.1209170000001,4.426
8999,43.1274100000001,6.493
9000,43.1313160000001,3.906
9001,43.1376430000001,6.327
9002,43.1429400000001,5.297
9003,43.1461680000001,3.228
9004,43.1503220000001,4.154
9005,43.1546980000001,4.376
9006,43.1597150000001,5.017
9007,43.1635050000001,3.79
9008,43.1680410000001,4.536
9009,43.1728600000001,4.819
9010,43.1783520000001,5.492
9011,43.1826650000001,4.313
9012,43.1871030000001,4.438
9013,43.1919640000001,4.861
9014,43.1956330000001,3.669
9015,43.2012230000001,5.59
9016,43.2059400000001,4.717
9017,43.2097870000001,3.847
9018,43.2142480000001,4.461
9019,43.2183740000001,4.126
9020,43.2234490000001,5.075
9021,43.2291430000001,5.694
9022,43.2335070000001,4.364
9023,43.2376830000001,4.176
9024,43.2424710000001,4.788
9025,43.2464540000001,3.983
9026,43.2513740000001,4.92
9027,43.2568810000001,5.507
9028,43.2610960000001,4.215
9029,43.2655800000001,4.484
9030,43.2716500000001,6.07
9031,43.2765190000001,4.869
9032,43.2803470000001,3.828
9033,43.2863440000001,5.997
9034,43.2910180000001,4.674
9035,43.2960320000001,5.014
9036,43.2998020000001,3.77
9037,43.3043240000001,4.522
9038,43.3095660000001,5.242
9039,43.3162270000001,6.661
9040,43.3236660000001,7.439
9041,43.3282100000001,4.544
9042,43.3349500000001,6.74
9043,43.3397620000001,4.812
9044,43.3453240000001,5.562
9045,43.3527560000001,7.432
9046,43.3598180000001,7.062
9047,43.3659000000001,6.082
9048,43.3703100000001,4.41
9049,43.3763650000001,6.055
9050,43.3818440000001,5.479
9051,43.3916130000001,9.769
9052,43.3974700000001,5.857
9053,43.4012610000001,3.791
9054,43.4100140000001,8.753
9055,43.4134200000001,3.406
9056,43.4170660000001,3.646
9057,43.4228790000001,5.813
9058,43.4276100000001,4.731
9059,43.4322300000001,4.62
9060,43.4372720000001,5.042
9061,43.4429220000001,5.65
9062,43.4491970000001,6.275
9063,43.4536830000001,4.486
9064,43.4579750000001,4.292
9065,43.4630920000001,5.117
9066,43.4665620000001,3.47
9067,43.4709720000001,4.41
9068,43.4774830000001,6.511
9069,43.4820420000001,4.559
9070,43.4872810000001,5.239
9071,43.4928710000001,5.59
9072,43.4975620000001,4.691
9073,43.5013220000001,3.76
9074,43.5059120000001,4.59
9075,43.5096550000001,3.743
9076,43.5141110000001,4.456
9077,43.5202540000001,6.143
9078,43.5253260000001,5.072
9079,43.5306000000001,5.274
9080,43.5347980000001,4.198
9081,43.5415710000001,6.773
9082,43.5453380000001,3.767
9083,43.5503580000001,5.02
9084,43.5558000000001,5.442
9085,43.5588770000001,3.077
9086,43.5626890000001,3.812
9087,43.5670890000001,4.4
9088,43.5736940000001,6.605
9089,43.5772240000001,3.53
9090,43.5841310000001,6.907
9091,43.5892410000001,5.11
9092,43.5920080000001,2.767
9093,43.5966480000001,4.64
9094,43.6008220000001,4.174
9095,43.6059190000001,5.097
9096,43.6092710000001,3.352
9097,43.6140580000001,4.787
9098,43.6187360000001,4.678
9099,43.6255190000001,6.783
9100,43.6287570000001,3.238
9101,43.6357500000001,6.993
9102,43.6399410000001,4.191
9103,43.6434360000001,3.495
9104,43.6480860000001,4.65
9105,43.6521920000001,4.106
9106,43.6572010000001,5.009
9107,43.6606060000001,3.405
9108,43.6671900000001,6.584
9109,43.6714690000001,4.279
9110,43.6772310000001,5.762
9111,43.6808570000001,3.626
9112,43.6850030000001,4.146
9113,43.6899630000001,4.96
9114,43.6935820000001,3.619
9115,43.7004020000001,6.82
9116,43.7050250000001,4.623
9117,43.7089330000001,3.908
9118,43.7126480000001,3.715
9119,43.7170840000001,4.436
9120,43.7214600000001,4.376
9121,43.7280900000001,6.63
9122,43.7318080000001,3.718
9123,43.7365030000001,4.695
9124,43.7420150000001,5.512
9125,43.7447280000001,2.713
9126,43.7500390000001,5.311
9127,43.7536550000001,3.616
9128,43.7603020000001,6.647
9129,43.7641490000001,3.847
9130,43.7685630000001,4.414
9131,43.7726890000001,4.126
9132,43.7774900000001,4.801
9133,43.7829630000001,5.473
9134,43.7871020000001,4.139
9135,43.7922760000001,5.174
9136,43.7957520000001,3.476
9137,43.8027790000001,7.027
9138,43.8082780000001,5.499
9139,43.8150700000001,6.792
9140,43.8185890000001,3.519
9141,43.8249130000001,6.324
9142,43.8291860000001,4.273
9143,43.8351120000001,5.926
9144,43.8393050000001,4.193
9145,43.8441500000001,4.845
9146,43.8493210000001,5.171
9147,43.8528100000001,3.489
9148,43.8589280000001,6.118
9149,43.8630830000001,4.155
9150,43.8684030000001,5.32
9151,43.8723610000001,3.958
9152,43.8778330000001,5.472
9153,43.8828250000001,4.992
9154,43.8865560000001,3.731
9155,43.8909230000001,4.367
9156,43.8952650000001,4.342
9157,43.9026040000001,7.339
9158,43.9058940000001,3.29
9159,43.9116270000001,5.733
9160,43.9164920000001,4.865
9161,43.9221000000001,5.608
9162,43.9262240000001,4.124
9163,43.9308120000001,4.588
9164,43.9362310000001,5.419
9165,43.9407630000001,4.532
9166,43.9434870000001,2.724
9167,43.9488580000001,5.371
9168,43.9522210000001,3.363
9169,43.9565040000001,4.283
9170,43.9629770000001,6.473
9171,43.9694630000001,6.486
9172,43.9735320000001,4.069
9173,43.9777990000001,4.267
9174,43.9828410000001,5.042
9175,43.9864660000001,3.625
9176,43.9909080000001,4.442
9177,43.9953960000001,4.488
9178,44.0014030000001,6.007
9179,44.0059730000001,4.57
9180,44.0102170000001,4.244
9181,44.0174040000001,7.187
9182,44.0208710000001,3.467
9183,44.0250200000001,4.149
9184,44.0296610000001,4.641
9185,44.0367420000001,7.081
9186,44.0407410000001,3.999
9187,44.0445440000001,3.803
9188,44.0516480000001,7.104
9189,44.0551970000001,3.549
9190,44.0610700000001,5.873
9191,44.0669730000001,5.903
9192,44.0702040000001,3.231
9193,44.0739630000001,3.759
9194,44.0782300000001,4.267
9195,44.0856840000001,7.454
9196,44.0894000000001,3.716
9197,44.0932310000001,3.831
9198,44.0981870000001,4.956
9199,44.1024960000001,4.309
9200,44.1061800000001,3.684
9201,44.1125040000001,6.324
9202,44.1189930000001,6.489
9203,44.1230990000001,4.106
9204,44.1276510000001,4.552
9205,44.1374420000001,9.791
9206,44.1421380000001,4.696
9207,44.1451430000001,3.005
9208,44.1515380000001,6.395
9209,44.1562100000001,4.672
9210,44.1617380000001,5.528
9211,44.1659370000001,4.199
9212,44.1704130000001,4.476
9213,44.1752850000001,4.872
9214,44.1790730000001,3.788
9215,44.1838690000001,4.796
9216,44.1889380000001,5.069
9217,44.1927270000001,3.789
9218,44.1972690000001,4.542
9219,44.2015390000001,4.27
9220,44.2063760000001,4.837
9221,44.2121860000001,5.81
9222,44.2166050000001,4.419
9223,44.2223040000001,5.699
9224,44.2252450000001,2.941
9225,44.2295270000001,4.282
9226,44.2343150000001,4.788
9227,44.2392530000001,4.938
9228,44.2445430000001,5.29
9229,44.2489530000001,4.41
9230,44.2559760000001,7.023
9231,44.2596290000001,3.653
9232,44.2640170000001,4.388
9233,44.2683970000001,4.38
9234,44.2735220000001,5.125
9235,44.2767970000001,3.275
9236,44.2814030000001,4.606
9237,44.2868760000001,5.473
9238,44.2905220000001,3.646
9239,44.2968460000001,6.324
9240,44.3010200000001,4.174
9241,44.3079920000001,6.972
9242,44.3115210000001,3.529
9243,44.3168920000001,5.371
9244,44.3228820000001,5.99
9245,44.3260680000001,3.186
9246,44.3313400000001,5.272
9247,44.3356410000001,4.301
9248,44.3422590000001,6.618
9249,44.3461190000001,3.86
9250,44.3521450000001,6.026
9251,44.3572080000001,5.063
9252,44.3608640000001,3.656
9253,44.3652900000001,4.426
9254,44.3696230000001,4.333
9255,44.3746650000001,5.042
9256,44.3782390000001,3.574
9257,44.3837150000001,5.476
9258,44.3881280000001,4.413
9259,44.3935180000001,5.39
9260,44.3979900000001,4.472
9261,44.4021760000001,4.186
9262,44.4073510000001,5.175
9263,44.4110230000001,3.672
9264,44.4163440000001,5.321
9265,44.4218720000001,5.528
9266,44.4260180000001,4.146
9267,44.4314530000001,5.435
9268,44.4375330000001,6.08
9269,44.4425630000001,5.03
9270,44.4481950000001,5.632
9271,44.4524660000001,4.271
9272,44.4574970000001,5.031
9273,44.4612400000001,3.743
9274,44.4656650000001,4.425
9275,44.4700090000001,4.344
9276,44.4749320000001,4.923
9277,44.4789680000001,4.036
9278,44.4841410000001,5.173
9279,44.4901470000001,6.006
9280,44.4938830000001,3.736
9281,44.5003200000001,6.437
9282,44.5046470000001,4.327
9283,44.5097530000001,5.106
9284,44.5134640000001,3.711
9285,44.5203990000001,6.935
9286,44.5252040000001,4.805
9287,44.5284870000001,3.283
9288,44.5346980000001,6.211
9289,44.5396380000001,4.94
9290,44.5453040000001,5.666
9291,44.5494720000001,4.168
9292,44.5539320000001,4.46
9293,44.5588580000001,4.926
9294,44.5626990000001,3.841
9295,44.5678070000001,5.108
9296,44.5739720000001,6.165
9297,44.5768120000001,2.84
9298,44.5811680000001,4.356
9299,44.5884460000001,7.278
9300,44.5918280000001,3.382
9301,44.5982010000001,6.373
9302,44.6025120000001,4.311
9303,44.6074580000001,4.946
9304,44.6112900000001,3.832
9305,44.6156710000001,4.381
9306,44.6211770000001,5.506
9307,44.6247940000001,3.617
9308,44.6308380000001,6.044
9309,44.6352060000001,4.368
9310,44.6408600000001,5.654
9311,44.6452250000001,4.365
9312,44.6498810000001,4.656
9313,44.6546370000001,4.756
9314,44.6583070000001,3.67
9315,44.6628360000001,4.529
9316,44.6674900000001,4.654
9317,44.6714640000001,3.974
9318,44.6756770000001,4.213
9319,44.6826870000001,7.01
9320,44.6861320000001,3.445
9321,44.6924210000001,6.289
9322,44.6968590000001,4.438
9323,44.7020370000001,5.178
9324,44.7058300000001,3.793
9325,44.7097050000001,3.875
9326,44.7156290000001,5.924
9327,44.7225260000001,6.897
9328,44.7259260000001,3.4
9329,44.7312100000001,5.284
9330,44.7369760000001,5.766
9331,44.7411180000001,4.142
9332,44.7455860000001,4.468
9333,44.7508720000001,5.286
9334,44.7542440000001,3.372
9335,44.7583830000001,4.139
9336,44.7636830000001,5.3
9337,44.7677560000001,4.073
9338,44.7720730000001,4.317
9339,44.7781280000001,6.055
9340,44.7831420000001,5.014
9341,44.7886530000001,5.511
9342,44.7928790000001,4.226
9343,44.7981010000001,5.222
9344,44.8017020000001,3.601
9345,44.8058610000001,4.159
9346,44.8102470000001,4.386
9347,44.8151700000001,4.923
9348,44.8204130000001,5.243
9349,44.8245970000001,4.184
9350,44.8318300000001,7.233
9351,44.8368490000001,5.019
9352,44.8417240000001,4.875
9353,44.8475000000001,5.776
9354,44.8505310000001,3.031
9355,44.8549130000001,4.382
9356,44.8590320000001,4.119
9357,44.8644290000001,5.397
9358,44.8678520000001,3.423
9359,44.8740090000001,6.157
9360,44.8788720000001,4.863
9361,44.8828630000001,3.991
9362,44.8874020000001,4.539
9363,44.8913070000001,3.905
9364,44.8965540000001,5.247
9365,44.9014460000001,4.892
9366,44.9056440000001,4.198
9367,44.9115640000001,5.92
9368,44.9169290000001,5.365
9369,44.9213670000001,4.438
9370,44.9275000000001,6.133
9371,44.9327120000001,5.212
9372,44.9394920000001,6.78
9373,44.9428900000001,3.398
9374,44.9479810000001,5.091
9375,44.9514090000001,3.428
9376,44.9558820000001,4.473
9377,44.9605100000001,4.628
9378,44.9654320000001,4.922
9379,44.9710050000001,5.573
9380,44.9753090000001,4.304
9381,44.9822220000001,6.913
9382,44.9860160000001,3.794
9383,44.9904970000001,4.481
9384,44.9949960000001,4.499
9385,44.9999070000001,4.911
9386,45.0043950000001,4.488
9387,45.0081120000001,3.717
9388,45.0148090000001,6.697
9389,45.0184870000001,3.678
9390,45.0248530000001,6.366
9391,45.0293320000001,4.479
9392,45.0349850000001,5.653
9393,45.0395820000001,4.597
9394,45.0447400000001,5.158
9395,45.0497980000001,5.058
9396,45.0538120000001,4.014
9397,45.0583410000001,4.529
9398,45.0627700000001,4.429
9399,45.0677920000001,5.022
9400,45.0715450000001,3.753
9401,45.0778840000001,6.339
9402,45.0829240000001,5.04
9403,45.0869000000001,3.976
9404,45.0915780000001,4.678
9405,45.0957060000001,4.128
9406,45.1009810000001,5.275
9407,45.1046900000001,3.709
9408,45.1107760000001,6.086
9409,45.1156600000001,4.884
9410,45.1214190000001,5.759
9411,45.1260050000001,4.586
9412,45.1311110000001,5.106
9413,45.1374440000001,6.333
9414,45.1417150000001,4.271
9415,45.1462480000001,4.533
9416,45.1510760000001,4.828
9417,45.1553670000001,4.291
9418,45.1594860000001,4.119
9419,45.1663880000001,6.902
9420,45.1700700000001,3.682
9421,45.1763530000001,6.283
9422,45.1815390000001,5.186
9423,45.1849310000001,3.392
9424,45.1895070000001,4.576
9425,45.1939510000001,4.444
9426,45.1992530000001,5.302
9427,45.2023940000001,3.141
9428,45.2084160000001,6.022
9429,45.2137200000001,5.304
9430,45.2189230000001,5.203
9431,45.2232790000001,4.356
9432,45.2273800000001,4.101
9433,45.2327420000001,5.362
9434,45.2374660000001,4.724
9435,45.2414120000001,3.946
9436,45.2477190000001,6.307
9437,45.2512270000001,3.508
9438,45.2556110000001,4.384
9439,45.2616920000001,6.081
9440,45.2670480000001,5.356
9441,45.2719600000001,4.912
9442,45.2762870000001,4.327
9443,45.2814650000001,5.178
9444,45.2846530000001,3.188
9445,45.2889710000001,4.318
9446,45.2934250000001,4.454
9447,45.2986960000001,5.271
9448,45.3036720000001,4.976
9449,45.3078210000001,4.149
9450,45.3147050000001,6.884
9451,45.3181600000001,3.455
9452,45.3224340000001,4.274
9453,45.3266670000001,4.233
9454,45.3314930000001,4.826
9455,45.3364200000001,4.927
9456,45.3425140000001,6.094
9457,45.3472420000001,4.728
9458,45.3508410000001,3.599
9459,45.3567960000001,5.955
9460,45.3606190000001,3.823
9461,45.3678540000001,7.235
9462,45.3721100000001,4.256
9463,45.3775020000001,5.392
9464,45.3822970000001,4.795
9465,45.3860050000001,3.708
9466,45.3902280000001,4.223
9467,45.3944860000001,4.258
9468,45.3996720000001,5.186
9469,45.4034090000001,3.737
9470,45.4090180000001,5.609
9471,45.4141640000001,5.146
9472,45.4175070000001,3.343
9473,45.4218660000001,4.359
9474,45.4260280000001,4.162
9475,45.4312320000001,5.204
9476,45.4344900000001,3.258
9477,45.4393080000001,4.818
9478,45.4448820000001,5.574
9479,45.4489740000001,4.092
9480,45.4540670000001,5.093
9481,45.4602040000001,6.137
9482,45.4657400000001,5.536
9483,45.4687780000001,3.038
9484,45.4726010000001,3.823
9485,45.4774160000001,4.815
9486,45.4820680000001,4.652
9487,45.4860240000001,3.956
9488,45.4928150000001,6.791
9489,45.4990940000001,6.279
9490,45.5044000000001,5.306
9491,45.5093260000001,4.926
9492,45.5170840000001,7.758
9493,45.5232810000001,6.197
9494,45.5281110000001,4.83
9495,45.5327360000001,4.625
9496,45.5357940000001,3.058
9497,45.5401800000001,4.386
9498,45.5443840000001,4.204
9499,45.5496880000001,5.304
9500,45.5529750000001,3.287
9501,45.5591860000001,6.211
9502,45.5644710000001,5.285
9503,45.5677680000001,3.297
9504,45.5717750000001,4.007
9505,45.5760870000001,4.312
9506,45.5819150000001,5.828
9507,45.5870410000001,5.126
9508,45.5913950000001,4.354
9509,45.5964830000001,5.088
9510,45.6018130000001,5.33
9511,45.6060580000001,4.245
9512,45.6100790000001,4.021
9513,45.6154560000001,5.377
9514,45.6204600000001,5.004
9515,45.6248050000001,4.345
9516,45.6300440000001,5.239
9517,45.6339570000001,3.913
9518,45.6381570000001,4.2
9519,45.6441500000001,5.993
9520,45.6499650000001,5.815
9521,45.6544690000001,4.504
9522,45.6585660000001,4.097
9523,45.6636830000001,5.117
9524,45.6669000000001,3.217
9525,45.6713430000001,4.443
9526,45.6754550000001,4.112
9527,45.6807060000001,5.251
9528,45.6842700000001,3.564
9529,45.6883990000001,4.129
9530,45.6949430000001,6.544
9531,45.6988270000001,3.884
9532,45.7031180000001,4.291
9533,45.7069900000001,3.872
9534,45.7151590000001,8.169
9535,45.7215180000001,6.359
9536,45.7252180000001,3.7
9537,45.7300960000001,4.878
9538,45.7334750000001,3.379
9539,45.7395380000001,6.063
9540,45.7436760000001,4.138
9541,45.7507570000001,7.081
9542,45.7541960000001,3.439
9543,45.7585030000001,4.307
9544,45.7641760000001,5.673
9545,45.7674940000001,3.318
9546,45.7712500000001,3.756
9547,45.7754330000001,4.183
9548,45.7821550000001,6.722
9549,45.7857800000001,3.625
9550,45.7921180000001,6.338
9551,45.7968840000001,4.766
9552,45.8004040000001,3.52
9553,45.8047720000001,4.368
9554,45.8088870000001,4.115
9555,45.8137010000001,4.814
9556,45.8212650000001,7.564
9557,45.8247560000001,3.491
9558,45.8308250000001,6.069
9559,45.8371480000001,6.323
9560,45.8408520000001,3.704
9561,45.8473490000001,6.497
9562,45.8511930000001,3.844
9563,45.8551590000001,3.966
9564,45.8594870000001,4.328
9565,45.8646670000001,5.18
9566,45.8682350000001,3.568
9567,45.8722880000001,4.053
9568,45.8793240000001,7.036
9569,45.8828970000001,3.573
9570,45.8885120000001,5.615
9571,45.8928190000001,4.307
9572,45.8976370000001,4.818
9573,45.9021170000001,4.48
9574,45.9062350000001,4.118
9575,45.9104560000001,4.221
9576,45.9145200000001,4.064
9577,45.9190050000001,4.485
9578,45.9230400000001,4.035
9579,45.9301970000001,7.157
9580,45.9356580000001,5.461
9581,45.9410980000001,5.44
9582,45.9468480000001,5.75
9583,45.9503280000001,3.48
9584,45.9545240000001,4.196
9585,45.9588870000001,4.363
9586,45.9638770000001,4.99
9587,45.9674860000001,3.609
9588,45.9732880000001,5.802
9589,45.9780990000001,4.811
9590,45.9823390000001,4.24
9591,45.9859940000001,3.655
9592,45.9902430000001,4.249
9593,45.9950070000001,4.764
9594,45.9989260000001,3.919
9595,46.0032610000001,4.335
9596,46.0078750000001,4.614
9597,46.0120240000001,4.149
9598,46.0164140000001,4.39
9599,46.0226930000001,6.279
9600,46.0273860000001,4.693
9601,46.0336510000001,6.265
9602,46.0377320000001,4.081
9603,46.0421600000001,4.428
9604,46.0459310000001,3.771
9605,46.0500340000001,4.103
9606,46.0546850000001,4.651
9607,46.0591170000001,4.432
9608,46.0646330000001,5.516
9609,46.0689530000001,4.32
9610,46.0754880000001,6.535
9611,46.0791750000001,3.687
9612,46.0832340000001,4.059
9613,46.0875320000001,4.298
9614,46.0925880000001,5.056
9615,46.0963130000001,3.725
9616,46.1007850000001,4.472
9617,46.1048620000001,4.077
9618,46.1097970000001,4.935
9619,46.1153970000001,5.6
9620,46.1197100000001,4.313
9621,46.1263640000001,6.654
9622,46.1305310000001,4.167
9623,46.1351080000001,4.577
9624,46.1391710000001,4.063
9625,46.1437590000001,4.588
9626,46.1476400000001,3.881
9627,46.1512830000001,3.643
9628,46.1573920000001,6.109
9629,46.1624090000001,5.017
9630,46.1676150000001,5.206
9631,46.1719900000001,4.375
9632,46.1766100000001,4.62
9633,46.1804920000001,3.882
9634,46.1845130000001,4.021
9635,46.1885940000001,4.081
9636,46.1935330000001,4.939
9637,46.1995890000001,6.056
9638,46.2042800000001,4.691
9639,46.2086160000001,4.336
9640,46.2136670000001,5.051
9641,46.2170440000001,3.377
9642,46.2214710000001,4.427
9643,46.2262960000001,4.825
9644,46.2327000000001,6.404
9645,46.2370760000001,4.376
9646,46.2404660000001,3.39
9647,46.2446790000001,4.213
9648,46.2495830000001,4.904
9649,46.2532530000001,3.67
9650,46.2593210000001,6.068
9651,46.2644070000001,5.086
9652,46.2676750000001,3.268
9653,46.2720220000001,4.347
9654,46.2766720000001,4.65
9655,46.2822530000001,5.581
9656,46.2858960000001,3.643
9657,46.2911040000001,5.208
9658,46.2955180000001,4.414
9659,46.3003690000001,4.851
9660,46.3047340000001,4.365
9661,46.3096220000001,4.888
9662,46.3143860000001,4.764
9663,46.3180190000001,3.633
9664,46.3222400000001,4.221
9665,46.3271120000001,4.872
9666,46.3331670000001,6.055
9667,46.3377790000001,4.612
9668,46.3421420000001,4.363
9669,46.3473690000001,5.227
9670,46.3508120000001,3.443
9671,46.3547090000001,3.897
9672,46.3589820000001,4.273
9673,46.3664070000001,7.425
9674,46.3697930000001,3.386
9675,46.3735980000001,3.805
9676,46.3785780000001,4.98
9677,46.3831000000001,4.522
9678,46.3866610000001,3.561
9679,46.3926830000001,6.022
9680,46.3975410000001,4.858
9681,46.4023320000001,4.791
9682,46.4063550000001,4.023
9683,46.4120320000001,5.677
9684,46.4168350000001,4.803
9685,46.4205150000001,3.68
9686,46.4247900000001,4.275
9687,46.4301660000001,5.376
9688,46.4338630000001,3.697
9689,46.4389360000001,5.073
9690,46.4446420000001,5.706
9691,46.4488570000001,4.215
9692,46.4523840000001,3.527
9693,46.4566100000001,4.226
9694,46.4608150000001,4.205
9695,46.4670520000001,6.237
9696,46.4708500000001,3.798
9697,46.4751290000001,4.279
9698,46.4803820000001,5.253
9699,46.4852910000001,4.909
9700,46.4901340000001,4.843
9701,46.4965340000001,6.4
9702,46.5012540000001,4.72
9703,46.5049680000001,3.714
9704,46.5092880000001,4.32
9705,46.5146730000001,5.385
9706,46.5191770000001,4.504
9707,46.5243790000001,5.202
9708,46.5304860000001,6.107
9709,46.5352030000001,4.717
9710,46.5406820000001,5.479
9711,46.5449790000001,4.297
9712,46.5515640000001,6.585
9713,46.5552020000001,3.638
9714,46.5616240000001,6.422
9715,46.5658050000001,4.181
9716,46.5726260000001,6.821
9717,46.5760860000001,3.46
9718,46.5825410000001,6.455
9719,46.5871720000002,4.631
9720,46.5927180000002,5.546
9721,46.5970110000002,4.293
9722,46.6032760000002,6.265
9723,46.6081420000002,4.866
9724,46.6139380000001,5.796
9725,46.6186040000001,4.666
9726,46.6247250000001,6.121
9727,46.6285020000001,3.777
9728,46.6345850000001,6.083
9729,46.6395420000001,4.957
9730,46.6452100000001,5.668
9731,46.6494180000001,4.208
9732,46.6562120000001,6.794
9733,46.6598540000001,3.642
9734,46.6662680000001,6.414
9735,46.6710480000001,4.78
9736,46.6765970000001,5.549
9737,46.6809490000001,4.352
9738,46.6879230000001,6.974
9739,46.6914900000001,3.567
9740,46.6978380000001,6.348
9741,46.7028510000001,5.013
9742,46.7082760000001,5.425
9743,46.7130440000001,4.768
9744,46.7202680000001,7.224
9745,46.7231090000001,2.841
9746,46.7296310000001,6.522
9747,46.7346310000001,5.0
9748,46.7401700000001,5.539
9749,46.7447230000001,4.553
9750,46.7512990000001,6.576
9751,46.7552500000001,3.951
9752,46.7614550000001,6.205
9753,46.7664100000001,4.955
9754,46.7720120000001,5.602
9755,46.7763460000001,4.334
9756,46.7833290000001,6.983
9757,46.7871880000001,3.859
9758,46.7933290000001,6.141
9759,46.7983840000001,5.055
9760,46.8039820000001,5.598
9761,46.8082030000001,4.221
9762,46.8154690000001,7.266
9763,46.8200320000001,4.563
9764,46.8253870000001,5.355
9765,46.8305800000001,5.193
9766,46.8359540000001,5.374
9767,46.8403440000001,4.39
9768,46.8479330000001,7.589
9769,46.8517920000001,3.859
9770,46.8574060000001,5.614
9771,46.8617710000001,4.365
9772,46.8685750000001,6.804
9773,46.8722400000001,3.665
9774,46.8785860000001,6.346
9775,46.8842990000001,5.713
9776,46.8891920000001,4.893
9777,46.8933680000001,4.176
9778,46.9003100000001,6.942
9779,46.9040440000001,3.734
9780,46.9101680000001,6.124
9781,46.9153950000001,5.227
9782,46.9209890000001,5.594
9783,46.9251290000001,4.14
9784,46.9319800000001,6.851
9785,46.9355790000001,3.599
9786,46.9419000000001,6.321
9787,46.9465020000001,4.602
9788,46.9530270000001,6.525
9789,46.9567040000002,3.677
9790,46.9632890000002,6.585
9791,46.9679100000002,4.621
9792,46.9735840000002,5.674
9793,46.9780300000002,4.446
9794,46.9848500000002,6.82
9795,46.9886670000001,3.817
9796,46.9952390000001,6.572
9797,46.9998990000001,4.66
9798,47.0055940000002,5.695
9799,47.0102130000001,4.619
9800,47.0167670000002,6.554
9801,47.0207770000002,4.01
9802,47.0268840000002,6.107
9803,47.0331030000002,6.219
9804,47.0388700000002,5.767
9805,47.0441000000001,5.23
9806,47.0507390000001,6.639
9807,47.0547180000002,3.979
9808,47.0608310000001,6.113
9809,47.0657540000001,4.923
9810,47.0713820000001,5.628
9811,47.0756430000001,4.261
9812,47.0825830000001,6.94
9813,47.0863240000001,3.741
9814,47.0924530000001,6.129
9815,47.0977470000001,5.294
9816,47.1028990000001,5.152
9817,47.1071440000001,4.245
9818,47.1140770000001,6.933
9819,47.1177170000001,3.64
9820,47.1236940000001,5.977
9821,47.1280560000001,4.362
9822,47.1350630000001,7.007
9823,47.1390540000001,3.991
9824,47.1444030000001,5.349
9825,47.1497560000001,5.353
9826,47.1546930000001,4.937
9827,47.1590850000001,4.392
9828,47.1657840000001,6.699
9829,47.1691820000001,3.398
9830,47.1752610000001,6.079
9831,47.1794640000001,4.203
9832,47.1861870000001,6.723
9833,47.1897080000001,3.521
9834,47.1964740000001,6.766
9835,47.2006150000001,4.141
9836,47.2061230000001,5.508
9837,47.2105230000001,4.4
9838,47.2170350000001,6.512
9839,47.2208030000001,3.768
9840,47.2267930000001,5.99
9841,47.2320430000001,5.25
9842,47.2372910000001,5.248
9843,47.2412970000001,4.006
9844,47.2481460000001,6.849
9845,47.2516320000001,3.486
9846,47.2578550000001,6.223
9847,47.2621770000001,4.322
9848,47.2690400000001,6.863
9849,47.2723300000001,3.29
9850,47.2786440000001,6.314
9851,47.2833840000001,4.74
9852,47.2886990000001,5.315
9853,47.2929360000001,4.237
9854,47.2997880000001,6.852
9855,47.3037380000001,3.95
9856,47.3076060000001,3.868
9857,47.3120430000001,4.437
9858,47.3187160000001,6.673
9859,47.3220920000001,3.376
9860,47.3282880000001,6.196
9861,47.3343170000001,6.029
9862,47.3388970000001,4.58
9863,47.3426120000001,3.715
9864,47.3494180000001,6.806
9865,47.3528860000001,3.468
9866,47.3590050000001,6.119
9867,47.3651710000001,6.166
9868,47.3694010000001,4.23
9869,47.3735210000001,4.12
9870,47.3796040000001,6.083
9871,47.3846390000001,5.035
9872,47.3898810000001,5.242
9873,47.3941490000001,4.268
9874,47.4008280000001,6.679
9875,47.4048840000001,4.056
9876,47.4104260000001,5.542
9877,47.4163290000001,5.903
9878,47.4208380000001,4.509
9879,47.4248800000001,4.042
9880,47.4322960000001,7.416
9881,47.4352030000001,2.907
9882,47.4412900000001,6.087
9883,47.4459450000001,4.655
9884,47.4528170000001,6.872
9885,47.4565750000001,3.758
9886,47.4618610000001,5.286
9887,47.4665890000001,4.728
9888,47.4718400000001,5.251
9889,47.4759370000001,4.097
9890,47.4838150000001,7.878
9891,47.4871080000001,3.293
9892,47.4923620000001,5.254
9893,47.4975750000001,5.213
9894,47.5025950000001,5.02
9895,47.5066970000001,4.102
9896,47.5129740000001,6.277
9897,47.5193510000001,6.377
9898,47.5230230000001,3.672
9899,47.5272020000001,4.179
9900,47.5341870000001,6.985
9901,47.5375480000001,3.361
9902,47.5434000000001,5.852
9903,47.5497330000001,6.333
9904,47.5544510000001,4.718
9905,47.5576870000001,3.236
9906,47.5649380000001,7.251
9907,47.5682300000001,3.292
9908,47.5741130000001,5.883
9909,47.5782380000001,4.125
9910,47.5853060000001,7.068
9911,47.5883910000001,3.085
9912,47.5945500000001,6.159
9913,47.5992050000001,4.655
9914,47.6046500000001,5.445
9915,47.6088160000001,4.166
9916,47.6160820000001,7.266
9917,47.6201640000001,4.082
9918,47.6251070000001,4.943
9919,47.6294820000001,4.375
9920,47.6361460000001,6.664
9921,47.6393930000001,3.247
9922,47.6457430000001,6.35
9923,47.6510490000001,5.306
9924,47.6557290000001,4.68
9925,47.6599670000001,4.238
9926,47.6666810000001,6.714
9927,47.6701760000001,3.495
9928,47.6764680000001,6.292
9929,47.6821800000001,5.712
9930,47.6866980000001,4.518
9931,47.6906470000001,3.949
9932,47.6976770000001,7.03
9933,47.7008490000001,3.172
9934,47.7072260000001,6.377
9935,47.7112700000001,4.044
9936,47.7162950000001,5.025
9937,47.7199800000001,3.685
9938,47.7237090000001,3.729
9939,47.7288880000001,5.179
9940,47.7321860000001,3.298
9941,47.7379840000001,5.798
9942,47.7430470000001,5.063
9943,47.7489430000001,5.896
9944,47.7543900000001,5.447
9945,47.7587500000001,4.36
9946,47.7641010000001,5.351
9947,47.7676240000001,3.523
9948,47.7714600000001,3.836
9949,47.7764020000001,4.942
9950,47.7821420000001,5.74
9951,47.7865880000001,4.446
9952,47.7917780000001,5.19
9953,47.7961270000001,4.349
9954,47.8015890000001,5.462
9955,47.8059030000001,4.314
9956,47.8153820000001,9.479
9957,47.8207990000001,5.417
9958,47.8258830000001,5.084
9959,47.8317330000001,5.85
9960,47.8351030000001,3.37
9961,47.8403580000001,5.255
9962,47.8479000000001,7.542
9963,47.8525900000001,4.69
9964,47.8615530000001,8.963
9965,47.8698160000001,8.263
9966,47.8727990000001,2.983
9967,47.8788050000001,6.006
9968,47.8853920000001,6.587
9969,47.8888480000001,3.456
9970,47.8931840000001,4.336
9971,47.9002390000001,7.055
9972,47.9036200000001,3.381
9973,47.9076910000001,4.071
9974,47.9144110000001,6.72
9975,47.9191200000001,4.709
9976,47.9244550000001,5.335
9977,47.9292190000001,4.764
9978,47.9359360000001,6.717
9979,47.9399720000001,4.036
9980,47.9440300000001,4.058
9981,47.9489770000001,4.947
9982,47.9545090000001,5.532
9983,47.9588220000001,4.313
9984,47.9651020000001,6.28
9985,47.9698860000001,4.784
9986,47.9736100000001,3.724
9987,47.9780880000001,4.478
9988,47.9846670000001,6.579
9989,47.9884620000001,3.795
9990,47.9926860000001,4.224
9991,48.0003430000001,7.657
9992,48.0042730000001,3.93
9993,48.0096400000001,5.367
9994,48.0162480000001,6.608
9995,48.0201620000001,3.914
9996,48.0241710000001,4.009
9997,48.0291340000001,4.963
9998,48.0354720000001,6.338
9999,48.0393760000001,3.904
10000,48.0440590000001,4.683
10001,48.0487820000001,4.723
10002,48.0543990000001,5.617
10003,48.0587700000001,4.371
10004,48.0649140000001,6.144
10005,48.0693450000001,4.431
10006,48.0735880000001,4.243
10007,48.0782660000001,4.678
10008,48.0846210000001,6.355
10009,48.0884360000001,3.815
10010,48.0927090000001,4.273
10011,48.1002370000001,7.528
10012,48.1043100000001,4.073
10013,48.1095000000001,5.19
10014,48.1158730000001,6.373
10015,48.1196070000001,3.734
10016,48.1240070000001,4.4
10017,48.1283200000001,4.313
10018,48.1373330000001,9.013
10019,48.1407500000001,3.417
10020,48.1455500000001,4.8
10021,48.1506980000001,5.148
10022,48.1562790000001,5.581
10023,48.1607740000001,4.495
10024,48.1667550000001,5.981
10025,48.1712140000001,4.459
10026,48.1755300000001,4.316
10027,48.1799390000001,4.409
10028,48.1867430000001,6.804
10029,48.1903790000001,3.636
10030,48.1951760000001,4.797
10031,48.2022000000001,7.024
10032,48.2056850000001,3.485
10033,48.2101150000001,4.43
10034,48.2160450000001,5.93
10035,48.2201410000001,4.096
10036,48.2242600000001,4.119
10037,48.2290960000001,4.836
10038,48.2347900000001,5.694
10039,48.2394150000001,4.625
10040,48.2439590000001,4.544
10041,48.2488250000001,4.866
10042,48.2526510000001,3.826
10043,48.2569000000001,4.249
10044,48.2643620000001,7.462
10045,48.2677420000001,3.38
10046,48.2719800000001,4.238
10047,48.2765560000001,4.576
10048,48.2815030000001,4.947
10049,48.2869730000001,5.47
10050,48.2913220000001,4.349
10051,48.2969050000001,5.583
10052,48.3006520000001,3.747
10053,48.3045880000001,3.936
10054,48.3117530000001,7.165
10055,48.3173530000001,5.6
10056,48.3217410000001,4.388
10057,48.3262440000001,4.503
10058,48.3312680000001,5.024
10059,48.3368340000001,5.566
10060,48.3410990000001,4.265
10061,48.3464650000001,5.366
10062,48.3516460000001,5.181
10063,48.3566240000001,4.978
10064,48.3634970000001,6.873
10065,48.3673100000001,3.813
10066,48.3715430000001,4.233
10067,48.3759060000001,4.363
10068,48.3814720000001,5.566
10069,48.3865180000001,5.046
10070,48.3909560000001,4.438
10071,48.3961460000001,5.19
10072,48.3999710000001,3.825
10073,48.4042570000001,4.286
10074,48.4142790000001,10.022
10075,48.4209040000001,6.625
10076,48.4254120000001,4.508
10077,48.4327670000001,7.355
10078,48.4382100000001,5.443
10079,48.4427680000001,4.558
10080,48.4499440000001,7.176
10081,48.4574140000001,7.47
10082,48.4617570000001,4.343
10083,48.4666670000001,4.91
10084,48.4724500000001,5.783
10085,48.4786300000001,6.18
10086,48.4873180000001,8.688
10087,48.4936560000001,6.338
10088,48.4983080000001,4.652
10089,48.5042010000001,5.893
10090,48.5103870000001,6.186
10091,48.5188200000001,8.433
10092,48.5235490000001,4.729
10093,48.5281200000001,4.571
10094,48.5343420000001,6.222
10095,48.5394990000001,5.157
10096,48.5437570000001,4.258
10097,48.5479090000001,4.152
10098,48.5532900000001,5.381
10099,48.5587250000001,5.435
10100,48.5632260000001,4.501
10101,48.5683380000001,5.112
10102,48.5721940000001,3.856
10103,48.5767380000001,4.544
10104,48.5835200000001,6.782
10105,48.5875010000001,3.981
10106,48.5918300000001,4.329
10107,48.5973410000001,5.511
10108,48.6009650000001,3.624
10109,48.6070490000001,6.084
10110,48.6124450000001,5.396
10111,48.6180460000001,5.601
10112,48.6224610000001,4.415
10113,48.6289940000001,6.533
10114,48.6339090000001,4.915
10115,48.6379160000001,4.007
10116,48.6421630000001,4.247
10117,48.6481090000001,5.946
10118,48.6538480000001,5.739
10119,48.6580410000001,4.193
10120,48.6642440000001,6.203
10121,48.6691180000001,4.874
10122,48.6735990000001,4.481
10123,48.6782420000001,4.643
10124,48.6848060000001,6.564
10125,48.6896780000001,4.872
10126,48.6968090000001,7.131
10127,48.7021700000001,5.361
10128,48.7061890000001,4.019
10129,48.7114760000001,5.287
10130,48.7169880000001,5.512
10131,48.7212930000001,4.305
10132,48.7256660000001,4.373
10133,48.7358700000001,10.204
10134,48.7421580000001,6.288
10135,48.7468260000001,4.668
10136,48.7548880000001,8.062
10137,48.7617020000001,6.814
10138,48.7670340000001,5.332
10139,48.7713780000001,4.344
10140,48.7749590000001,3.581
10141,48.7790550000001,4.096
10142,48.7842210000001,5.166
10143,48.7886270000001,4.406
10144,48.7941760000001,5.549
10145,48.7990400000001,4.864
10146,48.8028520000001,3.812
10147,48.8073410000001,4.489
10148,48.8113960000001,4.055
10149,48.8183290000001,6.933
10150,48.8228600000001,4.531
10151,48.8282260000001,5.366
10152,48.8336190000001,5.393
10153,48.8378940000001,4.275
10154,48.8430260000001,5.132
10155,48.8482540000001,5.228
10156,48.8517340000001,3.48
10157,48.8559860000001,4.252
10158,48.8608670000001,4.881
10159,48.8670040000001,6.137
10160,48.8705740000001,3.57
10161,48.8749220000001,4.348
10162,48.8806140000001,5.692
10163,48.8839650000001,3.351
10164,48.8898690000001,5.904
10165,48.8949260000001,5.057
10166,48.9009010000001,5.975
10167,48.9048740000001,3.973
10168,48.9089600000001,4.086
10169,48.9140970000001,5.137
10170,48.9174990000001,3.402
10171,48.9218300000001,4.331
10172,48.9271340000001,5.304
10173,48.9320690000001,4.935
10174,48.9365870000001,4.518
10175,48.9412840000001,4.697
10176,48.9449800000001,3.696
10177,48.9493750000001,4.395
10178,48.9536810000001,4.306
10179,48.9609560000001,7.275
10180,48.9647270000001,3.771
10181,48.9703790000001,5.652
10182,48.9752760000001,4.897
10183,48.9792320000001,3.956
10184,48.9850000000001,5.768
10185,48.9899600000001,4.96
10186,48.9940430000001,4.083
10187,48.9980610000001,4.018
10188,49.0022790000001,4.218
10189,49.0074170000001,5.138
10190,49.0111170000001,3.7
10191,49.0175720000002,6.455
10192,49.0222880000002,4.716
10193,49.0272170000001,4.929
10194,49.0321680000001,4.951
10195,49.0372060000001,5.038
10196,49.0443310000001,7.125
10197,49.0477190000001,3.388
10198,49.0519670000001,4.248
10199,49.0568060000001,4.839
10200,49.0609560000001,4.15
10201,49.0651810000001,4.225
10202,49.0694370000001,4.256
10203,49.0743570000001,4.92
10204,49.0796860000001,5.329
10205,49.0840560000001,4.37
10206,49.0906180000001,6.562
10207,49.0947150000001,4.097
10208,49.0988750000001,4.16
10209,49.1031020000001,4.227
10210,49.1081640000002,5.062
10211,49.1118990000002,3.735
10212,49.1165240000001,4.625
10213,49.1206240000001,4.1
10214,49.1257800000001,5.156
10215,49.1298360000001,4.056
10216,49.1361540000001,6.318
10217,49.1408000000001,4.646
10218,49.1445850000001,3.785
10219,49.1487860000002,4.201
10220,49.1531780000002,4.392
10221,49.1605660000002,7.388
10222,49.1644320000002,3.866
10223,49.1679360000002,3.504
10224,49.1722300000002,4.294
10225,49.1776910000002,5.461
10226,49.1809330000002,3.242
10227,49.1854170000002,4.484
10228,49.1903640000002,4.947
10229,49.1946430000001,4.279
10230,49.1991600000001,4.517
10231,49.2052250000001,6.065
10232,49.2105010000001,5.276
10233,49.2140820000001,3.581
10234,49.2182790000001,4.197
10235,49.2226070000001,4.328
10236,49.2295840000001,6.977
10237,49.2337200000001,4.136
10238,49.2372800000001,3.56
10239,49.2426710000002,5.391
10240,49.2470820000001,4.411
10241,49.2524410000001,5.359
10242,49.2565930000001,4.152
10243,49.2617380000001,5.145
10244,49.2653640000001,3.626
10245,49.2695570000001,4.193
10246,49.2758120000001,6.255
10247,49.2806010000001,4.789
10248,49.2841880000001,3.587
10249,49.2885020000002,4.314
10250,49.2939610000002,5.459
10251,49.2974140000002,3.453
10252,49.3014390000002,4.025
10253,49.3057040000001,4.265
10254,49.3109460000002,5.242
10255,49.3140460000002,3.1
10256,49.3202630000002,6.217
10257,49.3244810000002,4.218
10258,49.3294880000002,5.007
10259,49.3331440000002,3.656
10260,49.3373170000002,4.173
10261,49.3444230000002,7.106
10262,49.3487930000002,4.37
10263,49.3542630000002,5.47
10264,49.3584170000002,4.154
10265,49.3634290000002,5.012
10266,49.3687860000002,5.357
10267,49.3730750000002,4.289
10268,49.3775040000002,4.429
10269,49.3823160000002,4.812
10270,49.3860050000002,3.689
10271,49.3922930000002,6.288
10272,49.3971670000002,4.874
10273,49.4009680000002,3.801
10274,49.4053380000002,4.37
10275,49.4098330000002,4.495
10276,49.4189010000002,9.068
10277,49.4224060000002,3.505
10278,49.4270990000002,4.693
10279,49.4320210000002,4.922
10280,49.4357960000002,3.775
10281,49.4421420000002,6.346
10282,49.4463480000002,4.206
10283,49.4513750000002,5.027
10284,49.4551090000002,3.734
10285,49.4596400000002,4.531
10286,49.4663560000002,6.716
10287,49.4700380000002,3.682
10288,49.4745950000002,4.557
10289,49.4791300000002,4.535
10290,49.4840170000002,4.887
10291,49.4894860000001,5.469
10292,49.4947180000001,5.232
10293,49.5009570000001,6.239
10294,49.5046360000001,3.679
10295,49.5091480000001,4.512
10296,49.5153630000001,6.215
10297,49.5207240000001,5.361
10298,49.5238590000001,3.135
10299,49.5282020000001,4.343
10300,49.5333770000001,5.175
10301,49.5386590000001,5.282
10302,49.5434440000001,4.785
10303,49.5472880000001,3.844
10304,49.5522990000001,5.011
10305,49.5561260000001,3.827
10306,49.5604780000001,4.352
10307,49.5654220000001,4.944
10308,49.5689680000001,3.546
10309,49.5732170000001,4.249
10310,49.5779250000001,4.708
10311,49.5843580000002,6.433
10312,49.5878900000002,3.532
10313,49.5922940000002,4.404
10314,49.5963370000002,4.043
10315,49.6010340000002,4.697
10316,49.6064340000002,5.4
10317,49.6106460000002,4.212
10318,49.6166230000002,5.977
10319,49.6204780000002,3.855
10320,49.6253680000002,4.89
10321,49.6311960000002,5.828
10322,49.6358570000002,4.661
10323,49.6394000000002,3.543
10324,49.6434960000002,4.096
10325,49.6484280000002,4.932
10326,49.6536730000002,5.245
10327,49.6580380000002,4.365
10328,49.6621350000002,4.097
10329,49.6672300000002,5.095
10330,49.6704190000002,3.189
10331,49.6767080000002,6.289
10332,49.6815250000002,4.817
10333,49.6847500000002,3.225
10334,49.6890120000002,4.262
10335,49.6934320000002,4.42
10336,49.7002120000002,6.78
10337,49.7035910000002,3.379
10338,49.7080440000002,4.453
10339,49.7121010000002,4.057
10340,49.7172700000002,5.169
10341,49.7222720000002,5.002
10342,49.7267070000002,4.435
10343,49.7320860000002,5.379
10344,49.7360630000002,3.977
10345,49.7414480000002,5.385
10346,49.7473030000002,5.855
10347,49.7523100000002,5.007
10348,49.7556970000002,3.387
10349,49.7599750000002,4.278
10350,49.7651310000002,5.156
10351,49.7703250000002,5.194
10352,49.7746690000002,4.344
10353,49.7793090000002,4.64
10354,49.7840710000002,4.762
10355,49.7873820000002,3.311
10356,49.7935060000002,6.124
10357,49.7982180000002,4.712
10358,49.8018510000002,3.633
10359,49.8061530000002,4.302
10360,49.8116180000002,5.465
10361,49.8177130000002,6.095
10362,49.8212730000002,3.56
10363,49.8257120000002,4.439
10364,49.8312260000002,5.514
10365,49.8353520000002,4.126
10366,49.8400690000002,4.717
10367,49.8443010000002,4.232
10368,49.8495270000002,5.226
10369,49.8576410000002,8.114
10370,49.8614120000002,3.771
10371,49.8657970000002,4.385
10372,49.8696540000002,3.857
10373,49.8739500000002,4.296
10374,49.8780940000002,4.144
10375,49.8830460000002,4.952
10376,49.8884550000002,5.409
10377,49.8927020000002,4.247
10378,49.8981430000002,5.441
10379,49.9015910000002,3.448
10380,49.9056650000002,4.074
10381,49.9097720000002,4.107
10382,49.9148730000002,5.101
10383,49.9183640000002,3.491
10384,49.9229840000002,4.62
10385,49.9279870000002,5.003
10386,49.9345540000002,6.567
10387,49.9378680000002,3.314
10388,49.9420060000002,4.138
10389,49.9468490000002,4.843
10390,49.9504620000002,3.613
10391,49.9567260000002,6.264
10392,49.9606780000002,3.952
10393,49.9657450000002,5.067
10394,49.9692680000002,3.523
10395,49.9736290000002,4.361
10396,49.9780100000002,4.381
10397,49.9830000000002,4.99
10398,49.9865360000002,3.536
10399,49.9913490000002,4.813
10400,49.9962420000002,4.893
10401,50.0015540000002,5.312
10402,50.0057750000002,4.221
10403,50.0100470000002,4.272
10404,50.0152070000002,5.16
10405,50.0186300000002,3.423
10406,50.0256360000002,7.006
10407,50.0311640000002,5.528
10408,50.0361920000002,5.028
10409,50.0398040000002,3.612
10410,50.0439970000002,4.193
10411,50.0508760000002,6.879
10412,50.0544560000002,3.58
10413,50.0590860000001,4.63
10414,50.0629980000001,3.912
10415,50.0680060000001,5.008
10416,50.0733680000001,5.362
10417,50.0776710000001,4.303
10418,50.0826100000001,4.939
10419,50.0860600000001,3.45
10420,50.0903650000001,4.305
10421,50.0950070000001,4.642
10422,50.1005620000001,5.555
10423,50.1037090000001,3.147
10424,50.1074960000001,3.787
10425,50.1117480000001,4.252
10426,50.1168070000002,5.059
10427,50.1203130000002,3.506
10428,50.1264910000002,6.178
10429,50.1352580000001,8.767
10430,50.1389300000002,3.672
10431,50.1437450000002,4.815
10432,50.1479440000002,4.199
10433,50.1528270000002,4.883
10434,50.1564200000002,3.593
10435,50.1630370000002,6.617
10436,50.1672610000002,4.224
10437,50.1725330000002,5.272
10438,50.1767250000002,4.192
10439,50.1830440000002,6.319
10440,50.1874290000002,4.385
10441,50.1911060000002,3.677
10442,50.1964640000002,5.358
10443,50.2020980000002,5.634
10444,50.2056850000002,3.587
10445,50.2102340000002,4.549
10446,50.2150870000002,4.853
10447,50.2189610000002,3.874
10448,50.2246310000002,5.67
10449,50.2286390000002,4.008
10450,50.2355610000002,6.922
10451,50.2387360000002,3.175
10452,50.2439250000002,5.189
10453,50.2488250000002,4.9
10454,50.2541020000002,5.277
10455,50.2578220000002,3.72
10456,50.2628210000002,4.999
10457,50.2683080000002,5.487
10458,50.2716490000002,3.341
10459,50.2776470000002,5.998
10460,50.2818660000002,4.219
10461,50.2868470000002,4.981
10462,50.2902470000002,3.4
10463,50.2946000000002,4.353
10464,50.2999700000002,5.37
10465,50.3028520000002,2.882
10466,50.3073660000002,4.514
10467,50.3119370000002,4.571
10468,50.3181600000002,6.223
10469,50.3216950000002,3.535
10470,50.3277190000002,6.024
10471,50.3327760000002,5.057
10472,50.3362710000002,3.495
10473,50.3402930000002,4.022
10474,50.3456930000002,5.4
10475,50.3506870000002,4.994
10476,50.3536640000002,2.977
10477,50.3590510000002,5.387
10478,50.3630180000002,3.967
10479,50.3700330000002,7.015
10480,50.3732660000002,3.233
10481,50.3778480000002,4.582
10482,50.3825690000002,4.721
10483,50.3860840000002,3.515
10484,50.3902120000002,4.128
10485,50.3953820000002,5.17
10486,50.4004510000002,5.069
10487,50.4040260000002,3.575
10488,50.4104260000002,6.4
10489,50.4162170000002,5.791
10490,50.4200610000002,3.844
10491,50.4243790000002,4.318
10492,50.4286480000002,4.269
10493,50.4332750000002,4.627
10494,50.4368030000002,3.528
10495,50.4412700000002,4.467
10496,50.4478570000002,6.587
10497,50.4525210000002,4.664
10498,50.4578400000002,5.319
10499,50.4638660000002,6.026
10500,50.4691850000002,5.319
10501,50.4745940000002,5.409
10502,50.4806620000002,6.068
10503,50.4873580000002,6.696
10504,50.4934360000002,6.078
10505,50.4979110000002,4.475
10506,50.5019270000002,4.016
10507,50.5094860000002,7.559
10508,50.5154660000002,5.98
10509,50.5207130000002,5.247
10510,50.5264750000002,5.762
10511,50.5303800000002,3.905
10512,50.5356540000002,5.274
10513,50.5415750000002,5.921
10514,50.5482130000002,6.638
10515,50.5523420000002,4.129
10516,50.5598850000002,7.543
10517,50.5639970000002,4.112
10518,50.5697920000002,5.795
10519,50.5768530000002,7.061
10520,50.5812380000002,4.385
10521,50.5862650000002,5.027
10522,50.5915770000002,5.312
10523,50.5962610000002,4.684
10524,50.6011340000002,4.873
10525,50.6067010000002,5.567
10526,50.6118380000002,5.137
10527,50.6245070000002,12.669
10528,50.6304730000002,5.966
10529,50.6338780000002,3.405
10530,50.6389800000002,5.102
10531,50.6426140000002,3.634
10532,50.6470610000002,4.447
10533,50.6519530000002,4.892
10534,50.6553070000002,3.354
10535,50.6614820000002,6.175
10536,50.6680800000002,6.598
10537,50.6729700000002,4.89
10538,50.6825200000002,9.55
10539,50.6902700000002,7.75
10540,50.6940720000002,3.802
10541,50.6986760000002,4.604
10542,50.7025720000002,3.896
10543,50.7063610000002,3.789
10544,50.7129130000002,6.552
10545,50.7163210000002,3.408
10546,50.7203450000002,4.024
10547,50.7258030000002,5.458
10548,50.7303990000002,4.596
10549,50.7354650000002,5.066
10550,50.7423250000002,6.86
10551,50.7458220000002,3.497
10552,50.7502080000002,4.386
10553,50.7545270000002,4.319
10554,50.7595150000002,4.988
10555,50.7629040000002,3.389
10556,50.7671550000002,4.251
10557,50.7742200000001,7.065
10558,50.7777900000002,3.57
10559,50.7835520000001,5.762
10560,50.7895030000002,5.951
10561,50.7951060000002,5.603
10562,50.7997130000002,4.607
10563,50.8051180000002,5.405
10564,50.8105410000002,5.423
10565,50.8148210000002,4.28
10566,50.8195630000002,4.742
10567,50.8264210000002,6.858
10568,50.8318000000002,5.379
10569,50.8371810000002,5.381
10570,50.8445870000002,7.406
10571,50.8496790000002,5.092
10572,50.8543370000002,4.658
10573,50.8586010000002,4.264
10574,50.8634660000002,4.865
10575,50.8672530000002,3.787
10576,50.8715280000002,4.275
10577,50.8784770000002,6.949
10578,50.8820190000002,3.542
10579,50.8882750000002,6.256
10580,50.8935800000002,5.305
10581,50.8967240000002,3.144
10582,50.9009830000002,4.259
10583,50.9058840000002,4.901
10584,50.9122540000002,6.37
10585,50.9167520000002,4.498
10586,50.9212710000002,4.519
10587,50.9267950000002,5.524
10588,50.9316810000002,4.886
10589,50.9360090000002,4.328
10590,50.9435400000002,7.531
10591,50.9476810000002,4.141
10592,50.9529870000001,5.306
10593,50.9577460000001,4.759
10594,50.9626190000002,4.873
10595,50.9659980000002,3.379
10596,50.9704710000002,4.473
10597,50.9771110000001,6.64
10598,50.9807600000002,3.649
10599,50.9869830000002,6.223
10600,50.9922100000001,5.227
10601,50.9964740000001,4.264
10602,51.0001900000001,3.716
10603,51.0047020000001,4.512
10604,51.0105170000001,5.815
10605,51.0139780000001,3.461
10606,51.0186320000001,4.654
10607,51.0237360000001,5.104
10608,51.0296450000002,5.909
10609,51.0338170000001,4.172
10610,51.0407840000002,6.967
10611,51.0457250000002,4.941
10612,51.0508140000002,5.089
10613,51.0552530000001,4.439
10614,51.0602140000002,4.961
10615,51.0640360000002,3.822
10616,51.0685000000001,4.464
10617,51.0750030000002,6.503
10618,51.0788310000002,3.828
10619,51.0849250000001,6.094
10620,51.0899740000001,5.049
10621,51.0934440000001,3.47
10622,51.0980830000001,4.639
10623,51.1021720000001,4.089
10624,51.1073900000001,5.218
10625,51.1121660000001,4.776
10626,51.1155840000001,3.418
10627,51.1201430000001,4.559
10628,51.1266020000001,6.459
10629,51.1303220000001,3.72
10630,51.1364490000001,6.127
10631,51.1418060000001,5.357
10632,51.1463730000001,4.567
10633,51.1516080000001,5.235
10634,51.1557680000001,4.16
10635,51.1607390000001,4.971
10636,51.1646120000001,3.873
10637,51.1703750000001,5.763
10638,51.1746800000001,4.305
10639,51.1812590000001,6.579
10640,51.1847210000001,3.462
10641,51.1889980000001,4.277
10642,51.1939970000001,4.999
10643,51.1976220000001,3.625
10644,51.2021240000001,4.502
10645,51.2061360000001,4.012
10646,51.2121480000001,6.012
10647,51.2157900000001,3.642
10648,51.2215950000001,5.805
10649,51.2259590000002,4.364
10650,51.2327380000002,6.779
10651,51.2364490000002,3.711
10652,51.2409890000002,4.54
10653,51.2466840000002,5.695
10654,51.2502800000002,3.596
10655,51.2539690000002,3.689
10656,51.2584610000002,4.492
10657,51.2648930000002,6.432
10658,51.2685690000002,3.676
10659,51.2749350000002,6.366
10660,51.2794420000002,4.507
10661,51.2839820000002,4.54
10662,51.2877580000002,3.776
10663,51.2920610000002,4.303
10664,51.2969590000002,4.898
10665,51.3004810000001,3.522
10666,51.3051860000001,4.705
10667,51.3106350000001,5.449
10668,51.3168420000002,6.207
10669,51.3202800000002,3.438
10670,51.3264980000002,6.218
10671,51.3314790000002,4.981
10672,51.3350070000002,3.528
10673,51.3393110000002,4.304
10674,51.3442960000001,4.985
10675,51.3489990000001,4.703
10676,51.3524470000001,3.448
10677,51.3581830000001,5.736
10678,51.3620250000001,3.842
10679,51.3685410000001,6.516
10680,51.3720680000001,3.527
10681,51.3794070000001,7.339
10682,51.3834350000001,4.028
10683,51.3868720000001,3.437
10684,51.3912890000001,4.417
10685,51.3952590000001,3.97
10686,51.4005130000001,5.254
10687,51.4039320000001,3.419
10688,51.4090330000001,5.101
10689,51.4168660000001,7.833
10690,51.4213860000001,4.52
10691,51.4254690000001,4.083
10692,51.4294230000001,3.954
10693,51.4343040000001,4.881
10694,51.4377180000001,3.414
10695,51.4440790000001,6.361
10696,51.4486960000001,4.617
10697,51.4529110000001,4.215
10698,51.4572760000001,4.365
10699,51.4630840000001,5.808
10700,51.4678860000001,4.802
10701,51.4711700000001,3.284
10702,51.4759790000001,4.809
10703,51.4818390000001,5.86
10704,51.4856620000001,3.823
10705,51.4904160000001,4.754
10706,51.4948770000001,4.461
10707,51.4996760000001,4.799
10708,51.5049500000001,5.274
10709,51.5091160000001,4.166
10710,51.5167810000001,7.665
10711,51.5207430000001,3.962
10712,51.5261230000001,5.38
10713,51.5301930000001,4.07
10714,51.5348850000001,4.692
10715,51.5385430000001,3.658
10716,51.5433080000001,4.765
10717,51.5495150000001,6.207
10718,51.5527800000001,3.265
10719,51.5595910000001,6.811
10720,51.5638690000001,4.278
10721,51.5677190000001,3.85
10722,51.5712440000001,3.525
10723,51.5763280000001,5.084
10724,51.5810670000001,4.739
10725,51.5839350000001,2.868
10726,51.5884020000001,4.467
10727,51.5951320000001,6.73
10728,51.6007410000001,5.609
10729,51.6039820000001,3.241
10730,51.6106950000001,6.713
10731,51.6154630000001,4.768
10732,51.6184490000001,2.986
10733,51.6228650000001,4.416
10734,51.6297460000001,6.881
10735,51.6344800000001,4.734
10736,51.6375760000001,3.096
10737,51.6434510000001,5.875
10738,51.6484980000001,5.047
10739,51.6524030000001,3.905
10740,51.6565170000001,4.114
10741,51.6613500000001,4.833
10742,51.6659920000001,4.642
10743,51.6688230000001,2.831
10744,51.6731510000001,4.328
10745,51.6780700000001,4.919
10746,51.6827560000001,4.686
10747,51.6856930000001,2.937
10748,51.6898890000001,4.196
10749,51.6954430000001,5.554
10750,51.6996500000001,4.207
10751,51.7037970000001,4.147
10752,51.7078670000001,4.07
10753,51.7145210000001,6.654
10754,51.7174690000001,2.948
10755,51.7212350000001,3.766
10756,51.7257000000001,4.465
10757,51.7340080000001,8.308
10758,51.7373420000001,3.334
10759,51.7410340000001,3.692
10760,51.7473920000001,6.358
10761,51.7504930000001,3.101
10762,51.7543060000001,3.813
10763,51.7588270000001,4.521
10764,51.7656800000001,6.853
10765,51.7689090000001,3.229
10766,51.7727200000001,3.811
10767,51.7766190000001,3.899
10768,51.7829900000001,6.371
10769,51.7867870000001,3.797
10770,51.7900150000001,3.228
10771,51.7953440000001,5.329
10772,51.8004660000001,5.122
10773,51.8038460000001,3.38
10774,51.8079320000001,4.086
10775,51.8126900000001,4.758
10776,51.8177200000001,5.03
10777,51.8213840000001,3.664
10778,51.8253340000001,3.95
10779,51.8350400000001,9.706
10780,51.8387130000001,3.673
10781,51.8436620000001,4.949
10782,51.8486990000001,5.037
10783,51.8521140000001,3.415
10784,51.8561040000001,3.99
10785,51.8616080000001,5.504
10786,51.8653960000001,3.788
10787,51.8687460000001,3.35
10788,51.8727820000001,4.036
10789,51.8793720000001,6.59
10790,51.8842850000001,4.913
10791,51.8876830000001,3.398
10792,51.8949680000001,7.285
10793,51.8987220000001,3.754
10794,51.9019350000002,3.213
10795,51.9059410000001,4.006
10796,51.9121950000001,6.254
10797,51.9168890000001,4.694
10798,51.9204810000001,3.592
10799,51.9264220000001,5.941
10800,51.9320740000001,5.652
10801,51.9350430000001,2.969
10802,51.9405830000001,5.54
10803,51.9448520000001,4.269
10804,51.9491040000001,4.252
10805,51.9523340000001,3.23
10806,51.9566340000002,4.3
10807,51.9625840000001,5.95
10808,51.9672110000001,4.627
10809,51.9707830000001,3.572
10810,51.9774910000001,6.708
10811,51.9821120000001,4.621
10812,51.9855890000001,3.477
10813,51.9913580000001,5.769
10814,51.9952370000001,3.879
10815,52.0000400000001,4.803
10816,52.0036800000001,3.64
10817,52.0095380000001,5.858
10818,52.0127320000001,3.194
10819,52.0176290000001,4.897
10820,52.0211170000001,3.488
10821,52.0262470000001,5.13
10822,52.0305760000001,4.329
10823,52.0339290000001,3.353
10824,52.0382740000001,4.345
10825,52.0451080000001,6.834
10826,52.0500570000001,4.949
10827,52.0528750000001,2.818
10828,52.0571760000001,4.301
10829,52.0617620000001,4.586
10830,52.0663640000001,4.602
10831,52.0701140000001,3.75
10832,52.0744860000001,4.372
10833,52.0819820000001,7.496
10834,52.0853320000001,3.35
10835,52.0897000000001,4.368
10836,52.0955610000001,5.861
10837,52.1006340000001,5.073
10838,52.1041920000001,3.558
10839,52.1107990000001,6.607
10840,52.1146910000001,3.892
10841,52.1184600000001,3.769
10842,52.1242140000001,5.754
10843,52.1281480000001,3.934
10844,52.1328870000001,4.739
10845,52.1367320000001,3.845
10846,52.1433900000001,6.658
10847,52.1488000000001,5.41
10848,52.1515050000001,2.705
10849,52.1559860000001,4.481
10850,52.1605290000001,4.543
10851,52.1652830000001,4.754
10852,52.1689440000001,3.661
10853,52.1737310000001,4.787
10854,52.1791300000001,5.399
10855,52.1840620000001,4.932
10856,52.1876160000001,3.554
10857,52.1928820000001,5.266
10858,52.1973100000001,4.428
10859,52.2007000000001,3.39
10860,52.2055900000001,4.89
10861,52.2116140000001,6.024
10862,52.2163270000001,4.713
10863,52.2199590000001,3.632
10864,52.2260000000001,6.041
10865,52.2310470000001,5.047
10866,52.2343820000001,3.335
10867,52.2388620000001,4.48
10868,52.2443210000001,5.459
10869,52.2491540000001,4.833
10870,52.2526410000001,3.487
10871,52.2580960000001,5.455
10872,52.2616730000001,3.577
10873,52.2668990000001,5.226
10874,52.2704020000001,3.503
10875,52.2764630000001,6.061
10876,52.2809010000001,4.438
10877,52.2843630000001,3.462
10878,52.2889320000001,4.569
10879,52.2938470000001,4.915
10880,52.2986860000001,4.839
10881,52.3021990000001,3.513
10882,52.3072090000001,5.01
10883,52.3117420000001,4.533
10884,52.3160360000001,4.294
10885,52.3198940000001,3.858
10886,52.3261350000001,6.241
10887,52.3305900000001,4.455
10888,52.3344290000001,3.839
10889,52.3387110000001,4.282
10890,52.3460430000001,7.332
10891,52.3504090000001,4.366
10892,52.3540720000001,3.663
10893,52.3593210000001,5.249
10894,52.3630100000001,3.689
10895,52.3679790000001,4.969
10896,52.3717400000001,3.761
10897,52.3778080000001,6.068
10898,52.3829880000001,5.18
10899,52.3865830000001,3.595
10900,52.3911030000001,4.52
10901,52.3953480000001,4.245
10902,52.4003960000001,5.048
10903,52.4043840000001,3.988
10904,52.4104470000001,6.063
10905,52.4143400000001,3.893
10906,52.4180210000001,3.681
10907,52.4238890000001,5.868
10908,52.4282630000001,4.374
10909,52.4329880000001,4.725
10910,52.4369160000001,3.928
10911,52.4422880000001,5.372
10912,52.4476880000001,5.4
10913,52.4505070000001,2.819
10914,52.4559410000001,5.434
10915,52.4603620000001,4.421
10916,52.4653850000001,5.023
10917,52.4684480000001,3.063
10918,52.4728100000001,4.362
10919,52.4784140000001,5.604
10920,52.4833900000001,4.976
10921,52.4868150000001,3.425
10922,52.4935640000001,6.749
10923,52.4980230000001,4.459
10924,52.5012610000001,3.238
10925,52.5055670000001,4.306
10926,52.5104270000001,4.86
10927,52.5151240000001,4.697
10928,52.5185890000001,3.465
10929,52.5232070000001,4.618
10930,52.5298790000001,6.672
10931,52.5336970000001,3.818
10932,52.5373430000001,3.646
10933,52.5425310000001,5.188
10934,52.5466790000001,4.148
10935,52.5500940000001,3.415
10936,52.5545000000001,4.406
10937,52.5608280000001,6.328
10938,52.5659100000001,5.082
10939,52.5695110000001,3.601
10940,52.5736320000001,4.121
10941,52.5780990000001,4.467
10942,52.5827620000001,4.663
10943,52.5863770000001,3.615
10944,52.5905560000001,4.179
10945,52.5974210000001,6.865
10946,52.6008550000001,3.434
10947,52.6049020000001,4.047
10948,52.6116100000001,6.708
10949,52.6161760000001,4.566
10950,52.6196080000001,3.432
10951,52.6254340000001,5.826
10952,52.6299380000001,4.504
10953,52.6334880000001,3.55
10954,52.6370450000001,3.557
10955,52.6421100000001,5.065
10956,52.6462940000001,4.184
10957,52.6498780000001,3.584
10958,52.6541040000001,4.226
10959,52.6603740000001,6.27
10960,52.6653850000001,5.011
10961,52.6687370000001,3.352
10962,52.6732180000001,4.481
10963,52.6776970000001,4.479
10964,52.6821880000001,4.491
10965,52.6859290000001,3.741
10966,52.6900400000001,4.111
10967,52.6969460000001,6.906
10968,52.7005580000001,3.612
10969,52.7045150000001,3.957
10970,52.7108600000001,6.345
10971,52.7156510000001,4.791
10972,52.7191340000001,3.483
10973,52.7247850000001,5.651
10974,52.7294560000001,4.671
10975,52.7331750000001,3.719
10976,52.7364780000001,3.303
10977,52.7414430000001,4.965
10978,52.7467130000001,5.27
10979,52.7561740000002,9.461
10980,52.7627170000002,6.543
10981,52.7659590000002,3.242
10982,52.7706780000002,4.719
10983,52.7751420000002,4.464
10984,52.7809470000002,5.805
10985,52.7907870000002,9.84
10986,52.7952860000002,4.499
10987,52.7990090000002,3.723
10988,52.8046220000002,5.613
10989,52.8097210000002,5.099
10990,52.8134810000002,3.76
10991,52.8180210000002,4.54
10992,52.8227830000002,4.762
10993,52.8275620000001,4.779
10994,52.8319530000001,4.391
10995,52.8362700000001,4.317
10996,52.8409540000001,4.684
10997,52.8463590000001,5.405
10998,52.8506200000001,4.261
10999,52.8571650000002,6.545
11000,52.8606260000002,3.461
11001,52.8646400000002,4.014
11002,52.8687850000002,4.145
11003,52.8740450000002,5.26
11004,52.8775790000002,3.534
11005,52.8816860000002,4.107
11006,52.8866640000002,4.978
11007,52.8911460000002,4.482
11008,52.8958740000002,4.728
11009,52.8998390000002,3.965
11010,52.9049730000002,5.134
11011,52.9081600000002,3.187
11012,52.9121530000002,3.993
11013,52.9170150000002,4.862
11014,52.9205000000002,3.485
11015,52.9295100000002,9.01
11016,52.9328830000002,3.373
11017,52.9396220000002,6.739
11018,52.9430380000002,3.416
11019,52.9487290000002,5.691
11020,52.9536710000002,4.942
11021,52.9575580000002,3.887
11022,52.9608960000002,3.338
11023,52.9649730000002,4.077
11024,52.9699340000002,4.961
11025,52.9734120000002,3.478
11026,52.9774300000002,4.018
11027,52.9819130000002,4.483
11028,52.9874480000002,5.535
11029,52.9913310000002,3.883
11030,52.9954440000002,4.113
11031,53.0000140000002,4.57
11032,53.0055070000002,5.493
11033,53.0088150000002,3.308
11034,53.0129710000002,4.156
11035,53.0177240000002,4.753
11036,53.0226730000002,4.949
11037,53.0281940000002,5.521
11038,53.0326790000002,4.485
11039,53.0382280000002,5.549
11040,53.0422800000002,4.052
11041,53.0460360000002,3.756
11042,53.0505570000002,4.521
11043,53.0547260000002,4.169
11044,53.0589700000002,4.244
11045,53.0631830000002,4.213
11046,53.0675130000002,4.33
11047,53.0721930000002,4.68
11048,53.0777650000002,5.572
11049,53.0824650000002,4.7
11050,53.0860180000002,3.553
11051,53.0900730000002,4.055
11052,53.0943460000002,4.273
11053,53.0989320000002,4.586
11054,53.1023630000002,3.431
11055,53.1071560000002,4.793
11056,53.1109460000002,3.79
11057,53.1173820000002,6.436
11058,53.1209250000002,3.543
11059,53.1249270000002,4.002
11060,53.1296270000002,4.7
11061,53.1329660000002,3.339
11062,53.1395220000002,6.556
11063,53.1439270000002,4.405
11064,53.1494410000002,5.514
11065,53.1528190000002,3.378
11066,53.1568130000002,3.994
11067,53.1610030000002,4.19
11068,53.1674250000002,6.422
11069,53.1710680000002,3.643
11070,53.1757670000002,4.699
11071,53.1805070000002,4.74
11072,53.1837260000002,3.219
11073,53.1879510000002,4.225
11074,53.1919680000002,4.017
11075,53.1972550000002,5.287
11076,53.2000170000002,2.762
11077,53.2053010000002,5.284
11078,53.2089420000002,3.641
11079,53.2150260000002,6.084
11080,53.2183250000002,3.299
11081,53.2226540000002,4.329
11082,53.2272830000002,4.629
11083,53.2307720000002,3.489
11084,53.2346630000002,3.891
11085,53.2387980000002,4.135
11086,53.2460700000002,7.272
11087,53.2492230000002,3.153
11088,53.2545090000002,5.286
11089,53.2583010000002,3.792
11090,53.2629880000002,4.687
11091,53.2664390000002,3.451
11092,53.2707850000002,4.346
11093,53.2779810000002,7.196
11094,53.2813910000002,3.41
11095,53.2853260000002,3.935
11096,53.2900210000002,4.695
11097,53.2945090000002,4.488
11098,53.2978200000002,3.311
11099,53.3018670000002,4.047
11100,53.3074450000002,5.578
11101,53.3115760000002,4.131
11102,53.3165660000002,4.99
11103,53.3207160000002,4.15
11104,53.3258410000002,5.125
11105,53.3289560000002,3.115
11106,53.3331960000002,4.24
11107,53.3393100000002,6.114
11108,53.3469060000002,7.596
11109,53.3494680000002,2.562
11110,53.3533810000002,3.913
11111,53.3576180000002,4.237
11112,53.3639880000002,6.37
11113,53.3674970000002,3.509
11114,53.3716560000002,4.159
11115,53.3766650000002,5.009
11116,53.3800840000002,3.419
11117,53.3855750000002,5.491
11118,53.3906430000002,5.068
11119,53.3946720000002,4.029
11120,53.3981160000002,3.444
11121,53.4024420000002,4.326
11122,53.4079500000002,5.508
11123,53.4126910000002,4.741
11124,53.4156660000002,2.975
11125,53.4198800000002,4.214
11126,53.4267140000002,6.834
11127,53.4310650000002,4.351
11128,53.4344430000002,3.378
11129,53.4387390000002,4.296
11130,53.4435970000002,4.858
11131,53.4472210000002,3.624
11132,53.4529310000002,5.71
11133,53.4570340000002,4.103
11134,53.4617620000002,4.728
11135,53.4653540000002,3.592
11136,53.4696090000002,4.255
11137,53.4751370000002,5.528
11138,53.4779300000002,2.793
11139,53.4822580000002,4.328
11140,53.4865470000002,4.289
11141,53.4925480000002,6.001
11142,53.4968540000002,4.306
11143,53.5007750000002,3.921
11144,53.5049410000002,4.166
11145,53.5099390000002,4.998
11146,53.5136130000001,3.674
11147,53.5190200000001,5.407
11148,53.5270100000001,7.99
11149,53.5331820000001,6.172
11150,53.5405570000001,7.375
11151,53.5437780000002,3.221
11152,53.5505650000002,6.787
11153,53.5570800000002,6.515
11154,53.5606020000002,3.522
11155,53.5710400000002,10.438
11156,53.5740170000002,2.977
11157,53.5771180000002,3.101
11158,53.5818030000002,4.685
11159,53.5886050000002,6.802
11160,53.5922440000002,3.639
11161,53.5989050000002,6.661
11162,53.6032680000002,4.363
11163,53.6073070000002,4.039
11164,53.6115650000002,4.258
11165,53.6157330000002,4.168
11166,53.6211890000002,5.456
11167,53.6253860000002,4.197
11168,53.6298380000002,4.452
11169,53.6346140000002,4.776
11170,53.6380780000002,3.464
11171,53.6425390000002,4.461
11172,53.6472910000002,4.752
11173,53.6521830000002,4.892
11174,53.6562820000002,4.099
11175,53.6604340000002,4.152
11176,53.6650040000002,4.57
11177,53.6695320000002,4.528
11178,53.6738020000002,4.27
11179,53.6780140000002,4.212
11180,53.6828550000002,4.841
11181,53.6866980000002,3.843
11182,53.6930210000002,6.323
11183,53.6977690000002,4.748
11184,53.7014150000002,3.646
11185,53.7058910000002,4.476
11186,53.7099880000002,4.097
11187,53.7155180000002,5.53
11188,53.7194400000002,3.922
11189,53.7251830000002,5.743
11190,53.7292380000002,4.055
11191,53.7351770000002,5.939
11192,53.7396590000002,4.482
11193,53.7438110000002,4.152
11194,53.7483930000002,4.582
11195,53.7521070000002,3.714
11196,53.7567760000002,4.669
11197,53.7613990000002,4.623
11198,53.7661060000002,4.707
11199,53.7698760000002,3.77
11200,53.7748020000002,4.926
11201,53.7785880000002,3.786
11202,53.7839100000002,5.322
11203,53.7877000000002,3.79
11204,53.7924710000002,4.771
11205,53.7970020000002,4.531
11206,53.8005560000002,3.554
11207,53.8054640000002,4.908
11208,53.8098740000002,4.41
11209,53.8148570000002,4.983
11210,53.8184400000002,3.583
11211,53.8245720000002,6.132
11212,53.8293200000002,4.748
11213,53.8340010000002,4.681
11214,53.8379080000002,3.907
11215,53.8429780000002,5.07
11216,53.8478930000002,4.915
11217,53.8512630000002,3.37
11218,53.8562030000002,4.94
11219,53.8601150000002,3.912
11220,53.8651950000002,5.08
11221,53.8687770000002,3.582
11222,53.8744820000002,5.705
11223,53.8782660000002,3.784
11224,53.8833100000002,5.044
11225,53.8869070000002,3.597
11226,53.8919440000002,5.037
11227,53.8970240000002,5.08
11228,53.9006140000002,3.59
11229,53.9073090000002,6.695
11230,53.9111590000002,3.85
11231,53.9166220000002,5.463
11232,53.9207070000002,4.085
11233,53.9249410000002,4.234
11234,53.9293710000002,4.43
11235,53.9340330000002,4.662
11236,53.9395330000002,5.5
11237,53.9433200000002,3.787
11238,53.9477150000002,4.395
11239,53.9512480000002,3.533
11240,53.9561740000002,4.926
11241,53.9595880000002,3.414
11242,53.9653390000002,5.751
11243,53.9683650000002,3.026
11244,53.9746770000002,6.312
11245,53.9779440000002,3.267
11246,53.9826700000002,4.726
11247,53.9867590000002,4.089
11248,53.9922110000002,5.452
11249,53.9960890000002,3.878
11250,53.9994770000002,3.388
11251,54.0036540000002,4.177
11252,54.0113060000002,7.652
11253,54.0150600000002,3.754
11254,54.0196090000002,4.549
11255,54.0236280000002,4.019
11256,54.0275090000002,3.881
11257,54.0327690000002,5.26
11258,54.0361190000002,3.35
11259,54.0408870000002,4.768
11260,54.0476140000002,6.727
11261,54.0501790000001,2.565
11262,54.0546910000001,4.512
11263,54.0588950000001,4.204
11264,54.0634800000001,4.585
11265,54.0668420000002,3.362
11266,54.0708310000001,3.989
11267,54.0769940000001,6.163
11268,54.0813050000001,4.311
11269,54.0845120000002,3.207
11270,54.0887100000002,4.198
11271,54.0960380000002,7.328
11272,54.0996630000002,3.625
11273,54.1038510000002,4.188
11274,54.1097650000002,5.914
11275,54.1135760000002,3.811
11276,54.1167000000002,3.124
11277,54.1213280000001,4.628
11278,54.1267560000001,5.428
11279,54.1315210000001,4.765
11280,54.1348640000001,3.343
11281,54.1388390000001,3.975
11282,54.1454590000001,6.62
11283,54.1491570000001,3.698
11284,54.1546530000001,5.496
11285,54.1585520000001,3.899
11286,54.1632990000001,4.747
11287,54.1669840000001,3.685
11288,54.1708200000001,3.836
11289,54.1752740000001,4.454
11290,54.1830200000001,7.746
11291,54.1859230000001,2.903
11292,54.1899500000001,4.027
11293,54.1952780000001,5.328
11294,54.1981470000001,2.869
11295,54.2022040000001,4.057
11296,54.2064740000001,4.27
11297,54.2123340000001,5.86
11298,54.2163100000001,3.976
11299,54.2214250000001,5.115
11300,54.2257060000001,4.281
11301,54.2301510000001,4.445
11302,54.2341470000001,3.996
11303,54.2387120000001,4.565
11304,54.2430170000001,4.305
11305,54.2463970000001,3.38
11306,54.2503390000001,3.942
11307,54.2558060000001,5.467
11308,54.2604250000001,4.619
11309,54.2639130000001,3.488
11310,54.2682470000001,4.334
11311,54.2730060000001,4.759
11312,54.2775910000001,4.585
11313,54.2809460000001,3.355
11314,54.2850330000001,4.087
11315,54.2910440000001,6.011
11316,54.2936170000001,2.573
11317,54.2981830000001,4.566
11318,54.3022300000001,4.047
11319,54.3093940000001,7.164
11320,54.3122330000001,2.839
11321,54.3173760000001,5.143
11322,54.3220430000001,4.667
11323,54.3273980000001,5.355
11324,54.3310030000001,3.605
11325,54.3343040000001,3.301
11326,54.3399700000001,5.666
11327,54.3434260000001,3.456
11328,54.3473880000001,3.962
11329,54.3515490000001,4.161
11330,54.3582120000001,6.663
11331,54.3610460000001,2.834
11332,54.3656280000001,4.582
11333,54.3697640000001,4.136
11334,54.3755810000001,5.817
11335,54.3785870000001,3.006
11336,54.3826870000001,4.1
11337,54.3872710000001,4.584
11338,54.3939680000002,6.697
11339,54.3969270000001,2.959
11340,54.4021830000002,5.256
11341,54.4063840000002,4.201
11342,54.4129400000002,6.556
11343,54.4158260000002,2.886
11344,54.4195330000002,3.707
11345,54.4262970000001,6.764
11346,54.4309930000002,4.696
11347,54.4337870000002,2.794
11348,54.4380380000001,4.251
11349,54.4427660000001,4.728
11350,54.4475130000001,4.747
11351,54.4510100000002,3.497
11352,54.4553620000002,4.352
11353,54.4611210000001,5.759
11354,54.4662570000001,5.136
11355,54.4694940000001,3.237
11356,54.4737510000001,4.257
11357,54.4784550000001,4.704
11358,54.4831000000001,4.645
11359,54.4867280000001,3.628
11360,54.4910150000001,4.287
11361,54.4978830000001,6.868
11362,54.5016000000001,3.717
11363,54.5058590000001,4.259
11364,54.5106740000001,4.815
11365,54.5156770000001,5.003
11366,54.5188140000001,3.137
11367,54.5232720000001,4.458
11368,54.5302970000001,7.025
11369,54.5350000000001,4.703
11370,54.5384180000001,3.418
11371,54.5437190000001,5.301
11372,54.5485450000001,4.826
11373,54.5520350000001,3.49
11374,54.5564820000001,4.447
11375,54.5603960000001,3.914
11376,54.5651670000001,4.771
11377,54.5689220000001,3.755
11378,54.5736230000001,4.701
11379,54.5774400000001,3.817
11380,54.5840450000001,6.605
11381,54.5875990000001,3.554
11382,54.5916550000001,4.056
11383,54.5957390000001,4.084
11384,54.6004600000001,4.721
11385,54.6041870000001,3.727
11386,54.6084200000001,4.233
11387,54.6124720000001,4.052
11388,54.6174800000001,5.008
11389,54.6242730000001,6.793
11390,54.6295130000001,5.24
11391,54.6339890000001,4.476
11392,54.6384910000001,4.502
11393,54.6420190000001,3.528
11394,54.6459590000001,3.94
11395,54.6507040000001,4.745
11396,54.6562160000001,5.512
11397,54.6616540000001,5.438
11398,54.6657730000001,4.119
11399,54.6707020000001,4.929
11400,54.6755520000001,4.85
11401,54.6802670000001,4.715
11402,54.6852170000001,4.95
11403,54.6889100000001,3.693
11404,54.6927550000001,3.845
11405,54.6969050000001,4.15
11406,54.7020490000001,5.144
11407,54.7065560000001,4.507
11408,54.7092890000001,2.733
11409,54.7136120000001,4.323
11410,54.7183870000001,4.775
11411,54.7241100000001,5.723
11412,54.7281260000001,4.016
11413,54.7326210000001,4.495
11414,54.7361450000001,3.524
11415,54.7403550000001,4.21
11416,54.7446020000001,4.247
11417,54.7510510000001,6.449
11418,54.7548530000001,3.802
11419,54.7589690000001,4.116
11420,54.7648630000001,5.894
11421,54.7697670000001,4.904
11422,54.7733800000001,3.613
11423,54.7775170000001,4.137
11424,54.7824500000001,4.933
11425,54.7860750000001,3.625
11426,54.7907610000001,4.686
11427,54.7946340000001,3.873
11428,54.7994530000001,4.819
11429,54.8034770000001,4.024
11430,54.8083170000001,4.84
11431,54.8122890000001,3.972
11432,54.8168390000001,4.55
11433,54.8207150000001,3.876
11434,54.8261970000001,5.482
11435,54.8352290000001,9.032
11436,54.8391410000001,3.912
11437,54.8424900000001,3.349
11438,54.8472650000001,4.775
11439,54.8514250000001,4.16
11440,54.8550090000001,3.584
11441,54.8588820000001,3.873
11442,54.8631040000001,4.222
11443,54.8679140000001,4.81
11444,54.8720340000001,4.12
11445,54.8764530000001,4.419
11446,54.8810940000001,4.641
11447,54.8845910000001,3.497
11448,54.8902550000001,5.664
11449,54.8945390000001,4.284
11450,54.8992210000001,4.682
11451,54.9030340000001,3.813
11452,54.9074400000001,4.406
11453,54.9117510000001,4.311
11454,54.9162080000001,4.457
11455,54.9199940000001,3.786
11456,54.9243420000001,4.348
11457,54.9309210000001,6.579
11458,54.9346530000001,3.732
11459,54.9389410000001,4.288
11460,54.9434760000001,4.535
11461,54.9484020000001,4.926
11462,54.9516640000001,3.262
11463,54.9572340000001,5.57
11464,54.9609120000001,3.678
11465,54.9659990000001,5.087
11466,54.9695210000001,3.522
11467,54.9756330000001,6.112
11468,54.9793920000001,3.759
11469,54.9843580000001,4.966
11470,54.9881080000001,3.75
11471,54.9939480000001,5.84
11472,54.9988620000001,4.914
11473,55.0022570000001,3.395
11474,55.0080710000001,5.814
11475,55.0117220000001,3.651
11476,55.0167150000001,4.993
11477,55.0218950000001,5.18
11478,55.0264200000001,4.525
11479,55.0306420000001,4.222
11480,55.0377410000001,7.099
11481,55.0415230000001,3.782
11482,55.0451780000001,3.655
11483,55.0498750000001,4.697
11484,55.0535670000001,3.692
11485,55.0575840000001,4.017
11486,55.0616560000001,4.072
11487,55.0664870000001,4.831
11488,55.0700430000001,3.556
11489,55.0753760000001,5.333
11490,55.0790380000001,3.662
11491,55.0836410000001,4.603
11492,55.0871690000002,3.528
11493,55.0926740000002,5.505
11494,55.0965030000002,3.829
11495,55.1013040000002,4.801
11496,55.1066990000002,5.395
11497,55.1101630000002,3.464
11498,55.1148900000002,4.727
11499,55.1184910000002,3.601
11500,55.1245690000002,6.078
11501,55.1287330000002,4.164
11502,55.1337190000002,4.986
11503,55.1369480000002,3.229
11504,55.1425990000002,5.651
11505,55.1469140000002,4.315
11506,55.1503230000002,3.409
11507,55.1539520000002,3.629
11508,55.1597730000002,5.821
11509,55.1649030000002,5.13
11510,55.1680710000002,3.168
11511,55.1719250000002,3.854
11512,55.1775130000002,5.588
11513,55.1816350000002,4.122
11514,55.1851170000002,3.482
11515,55.1890250000002,3.908
11516,55.1962560000002,7.231
11517,55.2022760000002,6.02
11518,55.2055020000002,3.226
11519,55.2099650000002,4.463
11520,55.2163120000002,6.347
11521,55.2196340000002,3.322
11522,55.2250700000002,5.436
11523,55.2292050000002,4.135
11524,55.2339300000002,4.725
11525,55.2375320000002,3.602
11526,55.2423760000002,4.844
11527,55.2457520000002,3.376
11528,55.2502550000002,4.503
11529,55.2535590000002,3.304
11530,55.2588580000002,5.299
11531,55.2623090000002,3.451
11532,55.2668930000002,4.584
11533,55.2705940000002,3.701
11534,55.2748190000002,4.225
11535,55.2838380000002,9.019
11536,55.2873480000002,3.51
11537,55.2926860000002,5.338
11538,55.2966010000002,3.915
11539,55.3012890000002,4.688
11540,55.3070520000002,5.763
11541,55.3108340000002,3.782
11542,55.3147410000002,3.907
11543,55.3192340000002,4.493
11544,55.3232040000002,3.97
11545,55.3289430000002,5.739
11546,55.3333680000002,4.425
11547,55.3369130000002,3.545
11548,55.3408720000002,3.959
11549,55.3470930000002,6.221
11550,55.3517150000002,4.622
11551,55.3549670000002,3.252
11552,55.3594450000002,4.478
11553,55.3651570000002,5.712
11554,55.3699260000002,4.769
11555,55.3734700000002,3.544
11556,55.3793440000002,5.874
11557,55.3845920000002,5.248
11558,55.3879230000002,3.331
11559,55.3942980000002,6.375
11560,55.3993240000002,5.026
11561,55.4039650000002,4.641
11562,55.4088360000002,4.871
11563,55.4116220000002,2.786
11564,55.4154700000002,3.848
11565,55.4203970000002,4.927
11566,55.4264650000002,6.068
11567,55.4295900000002,3.125
11568,55.4337270000002,4.137
11569,55.4372080000002,3.481
11570,55.4431340000002,5.926
11571,55.4467830000002,3.649
11572,55.4512800000002,4.497
11573,55.4547190000002,3.439
11574,55.4592260000002,4.507
11575,55.4647680000002,5.542
11576,55.4693070000002,4.539
11577,55.4727230000002,3.416
11578,55.4789220000002,6.199
11579,55.4833030000002,4.381
11580,55.4887570000002,5.454
11581,55.4936350000002,4.878
11582,55.4969680000002,3.333
11583,55.5016450000002,4.677
11584,55.5049500000002,3.305
11585,55.5117050000002,6.755
11586,55.5155170000002,3.812
11587,55.5205100000002,4.993
11588,55.5240970000002,3.587
11589,55.5306440000002,6.547
11590,55.5381220000002,7.478
11591,55.5405720000002,2.45
11592,55.5443450000002,3.773
11593,55.5480900000002,3.745
11594,55.5526870000002,4.597
11595,55.5565690000002,3.882
11596,55.5632000000002,6.631
11597,55.5678320000002,4.632
11598,55.5724270000002,4.595
11599,55.5768990000002,4.472
11600,55.5824650000002,5.566
11601,55.5871200000002,4.655
11602,55.5909800000002,3.86
11603,55.5965430000002,5.563
11604,55.6002090000002,3.666
11605,55.6049410000002,4.732
11606,55.6101070000002,5.166
11607,55.6136970000002,3.59
11608,55.6175720000002,3.875
11609,55.6222710000002,4.699
11610,55.6287330000002,6.462
11611,55.6323600000002,3.627
11612,55.6373540000002,4.994
11613,55.6405390000002,3.185
11614,55.6465720000002,6.033
11615,55.6504980000002,3.926
11616,55.6553930000002,4.895
11617,55.6588380000002,3.445
11618,55.6653760000002,6.538
11619,55.6690900000002,3.714
11620,55.6738490000002,4.759
11621,55.6792110000002,5.362
11622,55.6832000000002,3.989
11623,55.6879550000002,4.755
11624,55.6917260000002,3.771
11625,55.6974300000002,5.704
11626,55.7012150000002,3.785
11627,55.7061690000002,4.954
11628,55.7111580000002,4.989
11629,55.7146140000002,3.456
11630,55.7186660000002,4.052
11631,55.7241430000002,5.477
11632,55.7299670000002,5.824
11633,55.7331640000002,3.197
11634,55.7379660000002,4.802
11635,55.7430150000002,5.049
11636,55.7465400000002,3.525
11637,55.7507040000002,4.164
11638,55.7565960000002,5.892
11639,55.7620990000002,5.503
11640,55.7658430000002,3.744
11641,55.7700310000002,4.188
11642,55.7749360000002,4.905
11643,55.7787200000002,3.784
11644,55.7828670000002,4.147
11645,55.7882500000002,5.383
11646,55.7921590000002,3.909
11647,55.7983570000002,6.198
11648,55.8022760000002,3.919
11649,55.8097730000002,7.497
11650,55.8129320000002,3.159
11651,55.8181710000002,5.239
11652,55.8230980000002,4.927
11653,55.8267320000002,3.634
11654,55.8307260000002,3.994
11655,55.8353020000002,4.576
11656,55.8401770000002,4.875
11657,55.8431170000002,2.94
11658,55.8479650000002,4.848
11659,55.8527660000002,4.801
11660,55.8559710000002,3.205
11661,55.8599490000002,3.978
11662,55.8696850000002,9.736
11663,55.8743550000002,4.67
11664,55.8775920000002,3.237
11665,55.8818350000002,4.243
11666,55.8867180000002,4.883
11667,55.8918610000002,5.143
11668,55.8951590000002,3.298
11669,55.8984760000002,3.317
11670,55.9032230000002,4.747
11671,55.9065300000002,3.307
11672,55.9123820000002,5.852
11673,55.9169870000002,4.605
11674,55.9204110000002,3.424
11675,55.9248690000002,4.458
11676,55.9323040000002,7.435
11677,55.9361770000002,3.873
11678,55.9421520000002,5.975
11679,55.9456380000002,3.486
11680,55.9503760000002,4.738
11681,55.9541910000002,3.815
11682,55.9593330000002,5.142
11683,55.9626350000002,3.302
11684,55.9674360000002,4.801
11685,55.9708050000002,3.369
11686,55.9785270000002,7.722
11687,55.9830650000002,4.538
11688,55.9866230000002,3.558
11689,55.9923760000002,5.753
11690,55.9957480000002,3.372
11691,56.0003100000002,4.562
11692,56.0039130000002,3.603
11693,56.0083900000002,4.477
11694,56.0146720000002,6.282
11695,56.0182240000002,3.552
11696,56.0221970000002,3.973
11697,56.0268070000002,4.61
11698,56.0316810000002,4.874
11699,56.0350840000002,3.403
11700,56.0392810000002,4.197
11701,56.0466570000002,7.376
11702,56.0503290000002,3.672
11703,56.0538580000002,3.529
11704,56.0574030000002,3.545
11705,56.0638080000002,6.405
11706,56.0670980000002,3.29
11707,56.0707950000002,3.697
11708,56.0756850000002,4.89
11709,56.0844000000002,8.715
11710,56.0876380000002,3.238
11711,56.0914000000002,3.762
11712,56.0976880000002,6.288
11713,56.1008100000002,3.122
11714,56.1047460000002,3.936
11715,56.1111020000002,6.356
11716,56.1168290000002,5.727
11717,56.1203310000002,3.502
11718,56.1240610000002,3.73
11719,56.1275470000002,3.486
11720,56.1341890000002,6.642
11721,56.1372320000002,3.043
11722,56.1417040000002,4.472
11723,56.1458850000002,4.181
11724,56.1507180000002,4.833
11725,56.1543690000002,3.651
11726,56.1582860000002,3.917
11727,56.1627430000002,4.457
11728,56.1677460000002,5.003
11729,56.1715640000002,3.818
11730,56.1753250000002,3.761
11731,56.1798140000002,4.489
11732,56.1847740000002,4.96
11733,56.1890760000002,4.302
11734,56.1936410000002,4.565
11735,56.1963470000002,2.706
11736,56.2022490000002,5.902
11737,56.2070260000002,4.777
11738,56.2108610000002,3.835
11739,56.2134940000002,2.633
11740,56.2192820000002,5.788
11741,56.2236290000002,4.347
11742,56.2280060000002,4.377
11743,56.2307890000002,2.783
11744,56.2366260000002,5.837
11745,56.2430330000002,6.407
11746,56.2463800000002,3.347
11747,56.2508370000002,4.457
11748,56.2566850000002,5.848
11749,56.2609860000002,4.301
11750,56.2640460000002,3.06
11751,56.2678530000002,3.807
11752,56.2715770000002,3.724
11753,56.2778210000002,6.244
11754,56.2807710000002,2.95
11755,56.2845470000002,3.776
11756,56.2889070000002,4.36
11757,56.2945350000002,5.628
11758,56.2981710000002,3.636
11759,56.3020280000002,3.857
11760,56.3096720000002,7.644
11761,56.3135400000002,3.868
11762,56.3184840000002,4.944
11763,56.3226890000002,4.205
11764,56.3277280000002,5.039
11765,56.3314460000002,3.718
11766,56.3379880000002,6.542
11767,56.3437600000002,5.772
11768,56.3478760000002,4.116
11769,56.3528540000002,4.978
11770,56.3570630000002,4.209
11771,56.3637960000002,6.733
11772,56.3672260000002,3.43
11773,56.3717850000002,4.559
11774,56.3760620000002,4.277
11775,56.3811080000002,5.046
11776,56.3866670000002,5.559
11777,56.3907710000002,4.104
11778,56.3955450000002,4.774
11779,56.3992110000002,3.666
11780,56.4038290000002,4.618
11781,56.4079530000002,4.124
11782,56.4130640000002,5.111
11783,56.4163660000002,3.302
11784,56.4213090000002,4.943
11785,56.4259960000002,4.687
11786,56.4316560000002,5.66
11787,56.4353440000002,3.688
11788,56.4398220000002,4.478
11789,56.4446980000002,4.876
11790,56.4481260000002,3.428
11791,56.4544430000002,6.317
11792,56.4594460000002,5.003
11793,56.4655730000002,6.127
11794,56.4692310000002,3.658
11795,56.4735040000002,4.273
11796,56.4779180000002,4.414
11797,56.4824760000002,4.558
11798,56.4865290000002,4.053
11799,56.4927490000002,6.22
11800,56.4968750000002,4.126
11801,56.5026150000002,5.74
11802,56.5067250000002,4.11
11803,56.5109580000002,4.233
11804,56.5158110000002,4.853
11805,56.5199070000002,4.096
11806,56.5258050000002,5.898
11807,56.5309330000002,5.128
11808,56.5342630000002,3.33
11809,56.5386210000002,4.358
11810,56.5430650000002,4.444
11811,56.5495640000002,6.499
11812,56.5534510000002,3.887
11813,56.5575860000002,4.135
11814,56.5619350000002,4.349
11815,56.5667780000002,4.843
11816,56.5706390000002,3.861
11817,56.5745280000002,3.889
11818,56.5794630000002,4.935
11819,56.5831990000002,3.736
11820,56.5876170000002,4.418
11821,56.5939810000002,6.364
11822,56.5985140000002,4.533
11823,56.6022980000002,3.784
11824,56.6065590000002,4.261
11825,56.6110130000002,4.454
11826,56.6174030000002,6.39
11827,56.6211890000002,3.786
11828,56.6261660000002,4.977
11829,56.6315410000002,5.375
11830,56.6373580000002,5.817
11831,56.6420250000002,4.667
11832,56.6462920000002,4.267
11833,56.6511140000002,4.822
11834,56.6550830000002,3.969
11835,56.6596910000002,4.608
11836,56.6663320000002,6.641
11837,56.6701130000002,3.781
11838,56.6741630000002,4.05
11839,56.6788350000002,4.672
11840,56.6831680000002,4.333
11841,56.6882110000002,5.043
11842,56.6919150000002,3.704
11843,56.6962450000002,4.33
11844,56.7011310000002,4.886
11845,56.7046930000002,3.562
11846,56.7109010000002,6.208
11847,56.7156490000002,4.748
11848,56.7196730000002,4.024
11849,56.7242770000002,4.604
11850,56.7293840000002,5.107
11851,56.7348220000002,5.438
11852,56.7390980000002,4.276
11853,56.7446720000002,5.574
11854,56.7496120000002,4.94
11855,56.7538130000002,4.201
11856,56.7595070000002,5.694
11857,56.7635070000002,4.0
11858,56.7684510000002,4.944
11859,56.7724810000002,4.03
11860,56.7763380000002,3.857
11861,56.7829320000002,6.594
11862,56.7869990000002,4.067
11863,56.7910250000002,4.026
11864,56.7951530000002,4.128
11865,56.8000900000002,4.937
11866,56.8055220000002,5.432
11867,56.8116990000002,6.177
11868,56.8150080000002,3.309
11869,56.8185290000002,3.521
11870,56.8240080000002,5.479
11871,56.8290080000002,5.0
11872,56.8335900000002,4.582
11873,56.8373650000002,3.775
11874,56.8414160000002,4.051
11875,56.8457560000002,4.34
11876,56.8529800000002,7.224
11877,56.8570950000002,4.115
11878,56.8625430000002,5.448
11879,56.8673860000002,4.843
11880,56.8711680000002,3.782
11881,56.8772260000002,6.058
11882,56.8813990000002,4.173
11883,56.8865550000002,5.156
11884,56.8920530000002,5.498
11885,56.8962490000002,4.196
11886,56.9034080000002,7.159
11887,56.9070570000002,3.649
11888,56.9109720000002,3.915
11889,56.9152310000002,4.259
11890,56.9205530000002,5.322
11891,56.9263230000002,5.77
11892,56.9305250000002,4.202
11893,56.9355590000002,5.034
11894,56.9394030000002,3.844
11895,56.9432280000002,3.825
11896,56.9491190000002,5.891
11897,56.9544100000002,5.291
11898,56.9579710000002,3.561
11899,56.9621180000002,4.147
11900,56.9668720000002,4.754
11901,56.9706490000002,3.777
11902,56.9747410000002,4.092
11903,56.9790960000002,4.355
11904,56.9838630000002,4.767
11905,56.9884400000002,4.577
11906,56.9938830000002,5.443
11907,56.9986580000002,4.775
11908,57.0024300000002,3.772
11909,57.0066190000002,4.189
11910,57.0108020000002,4.183
11911,57.0176640000002,6.862
11912,57.0213010000002,3.637
11913,57.0256260000002,4.325
11914,57.0296810000002,4.055
11915,57.0348790000002,5.198
11916,57.0400400000002,5.161
11917,57.0446720000002,4.632
11918,57.0494310000002,4.759
11919,57.0533430000002,3.912
11920,57.0575560000002,4.213
11921,57.0634710000002,5.915
11922,57.0687230000002,5.252
11923,57.0725200000002,3.797
11924,57.0763200000002,3.8
11925,57.0812560000002,4.936
11926,57.0867070000002,5.451
11927,57.0911810000002,4.474
11928,57.0952820000002,4.101
11929,57.1001110000002,4.829
11930,57.1039120000002,3.801
11931,57.1098540000002,5.942
11932,57.1145980000002,4.744
11933,57.1183290000002,3.731
11934,57.1235270000002,5.198
11935,57.1276870000002,4.16
11936,57.1342530000002,6.566
11937,57.1387760000002,4.523
11938,57.1445020000002,5.726
11939,57.1485150000002,4.013
11940,57.1529890000002,4.474
11941,57.1592140000002,6.225
11942,57.1632060000002,3.992
11943,57.1683840000002,5.178
11944,57.1725080000002,4.124
11945,57.1781130000002,5.605
11946,57.1849940000002,6.881
11947,57.1889280000002,3.934
11948,57.1938560000002,4.928
11949,57.1977860000002,3.93
11950,57.2021210000002,4.335
11951,57.2055680000002,3.447
11952,57.2099000000002,4.332
11953,57.2146110000002,4.711
11954,57.2186470000002,4.036
11955,57.2226880000002,4.041
11956,57.2288550000002,6.167
11957,57.2337020000002,4.847
11958,57.2374880000002,3.786
11959,57.2424350000002,4.947
11960,57.2471930000002,4.758
11961,57.2521350000002,4.942
11962,57.2563720000002,4.237
11963,57.2609670000002,4.595
11964,57.2654390000002,4.472
11965,57.2692470000002,3.808
11966,57.2739070000002,4.66
11967,57.2778680000002,3.961
11968,57.2827160000002,4.848
11969,57.2884210000002,5.705
11970,57.2935640000002,5.143
11971,57.2993090000002,5.745
11972,57.3033020000002,3.993
11973,57.3071840000002,3.882
11974,57.3115130000002,4.329
11975,57.3162770000002,4.764
11976,57.3202360000002,3.959
11977,57.3243060000002,4.07
11978,57.3285810000002,4.275
11979,57.3336190000002,5.038
11980,57.3375210000002,3.902
11981,57.3435010000002,5.98
11982,57.3480670000002,4.566
11983,57.3519000000002,3.833
11984,57.3562270000002,4.327
11985,57.3603930000002,4.166
11986,57.3671040000002,6.711
11987,57.3707440000002,3.64
11988,57.3750110000002,4.267
11989,57.3793740000002,4.363
11990,57.3842320000002,4.858
11991,57.3884270000002,4.195
11992,57.3924080000002,3.981
11993,57.3971720000002,4.764
11994,57.4010090000002,3.837
11995,57.4060230000002,5.014
11996,57.4118540000002,5.831
11997,57.4165950000002,4.741
11998,57.4204840000002,3.889
11999,57.4245420000002,4.058
12000,57.4289190000002,4.377
12001,57.4359700000002,7.051
12002,57.4406220000002,4.652
12003,57.4460790000002,5.457
12004,57.4506500000002,4.571
12005,57.4545610000002,3.911
12006,57.4604290000002,5.868
12007,57.4647660000002,4.337
12008,57.4702230000002,5.457
12009,57.4736270000002,3.404
12010,57.4775870000002,3.96
12011,57.4845790000002,6.992
12012,57.4886830000002,4.104
12013,57.4923720000002,3.689
12014,57.4967460000002,4.374
12015,57.5022090000002,5.463
12016,57.5062110000002,4.002
12017,57.5117460000002,5.535
12018,57.5165130000002,4.767
12019,57.5203290000002,3.816
12020,57.5246790000002,4.35
12021,57.5308080000002,6.129
12022,57.5362300000002,5.422
12023,57.5413530000002,5.123
12024,57.5459520000002,4.599
12025,57.5516540000002,5.702
12026,57.5563030000002,4.649
12027,57.5606950000002,4.392
12028,57.5648500000002,4.155
12029,57.5720550000002,7.205
12030,57.5754130000002,3.358
12031,57.5802140000002,4.801
12032,57.5850460000002,4.832
12033,57.5886800000002,3.634
12034,57.5933520000002,4.672
12035,57.5973800000002,4.028
12036,57.6043770000002,6.997
12037,57.6082710000002,3.894
12038,57.6122230000002,3.952
12039,57.6169320000002,4.709
12040,57.6209140000002,3.982
12041,57.6275900000002,6.676
12042,57.6361250000002,8.535
12043,57.6465470000002,10.422
12044,57.6495550000002,3.008
12045,57.6537220000002,4.167
12046,57.6609050000002,7.183
12047,57.6642630000002,3.358
12048,57.6685430000002,4.28
12049,57.6734890000002,4.946
12050,57.6774680000002,3.979
12051,57.6832200000002,5.752
12052,57.6874960000002,4.276
12053,57.6924560000002,4.96
12054,57.6960200000002,3.564
12055,57.7003650000002,4.345
12056,57.7056390000002,5.274
12057,57.7095170000002,3.878
12058,57.7134160000002,3.899
12059,57.7183970000002,4.981
12060,57.7234840000002,5.087
12061,57.7287730000002,5.289
12062,57.7325010000002,3.728
12063,57.7375240000002,5.023
12064,57.7411650000002,3.641
12065,57.7456730000002,4.508
12066,57.7524210000002,6.748
12067,57.7562680000002,3.847
12068,57.7602440000002,3.976
12069,57.7649930000002,4.749
12070,57.7689670000002,3.974
12071,57.7730760000002,4.109
12072,57.7774310000002,4.355
12073,57.7821270000002,4.696
12074,57.7859960000002,3.869
12075,57.7903240000002,4.328
12076,57.7968740000002,6.55
12077,57.8006060000002,3.732
12078,57.8049240000002,4.318
12079,57.8095280000002,4.604
12080,57.8141200000002,4.592
12081,57.8196450000002,5.525
12082,57.8246160000002,4.971
12083,57.8296720000002,5.056
12084,57.8330760000002,3.404
12085,57.8369450000002,3.869
12086,57.8429910000002,6.046
12087,57.8480350000002,5.044
12088,57.8530240000002,4.989
12089,57.8561470000002,3.123
12090,57.8610120000002,4.865
12091,57.8663250000002,5.313
12092,57.8706370000002,4.312
12093,57.8751520000002,4.515
12094,57.8798910000002,4.739
12095,57.8836110000002,3.72
12096,57.8883290000002,4.718
12097,57.8946960000002,6.367
12098,57.8986720000002,3.976
12099,57.9032120000002,4.54
12100,57.9074420000002,4.23
12101,57.9141430000002,6.701
12102,57.9181990000002,4.056
12103,57.9234320000002,5.233
12104,57.9285760000002,5.144
12105,57.9314720000002,2.896
12106,57.9373430000002,5.871
12107,57.9413440000002,4.001
12108,57.9461630000002,4.819
12109,57.9501020000002,3.939
12110,57.9553490000002,5.247
12111,57.9611580000002,5.809
12112,57.9647860000002,3.628
12113,57.9694640000002,4.678
12114,57.9735130000002,4.049
12115,57.9784740000002,4.961
12116,57.9841840000002,5.71
12117,57.9881970000002,4.013
12118,57.9933470000002,5.15
12119,57.9969440000002,3.597
12120,58.0014510000002,4.507
12121,58.0056590000002,4.208
12122,58.0105710000002,4.912
12123,58.0142030000002,3.632
12124,58.0190370000002,4.834
12125,58.0248200000002,5.783
12126,58.0293810000002,4.561
12127,58.0335620000002,4.181
12128,58.0382940000002,4.732
12129,58.0433750000002,5.081
12130,58.0466500000002,3.275
12131,58.0528850000002,6.235
12132,58.0576120000002,4.727
12133,58.0613810000002,3.769
12134,58.0657820000002,4.401
12135,58.0708920000002,5.11
12136,58.0772320000002,6.34
12137,58.0807800000002,3.548
12138,58.0854320000002,4.652
12139,58.0904130000002,4.981
12140,58.0940980000002,3.685
12141,58.1001630000002,6.065
12142,58.1053730000002,5.21
12143,58.1103690000002,4.996
12144,58.1131700000002,2.801
12145,58.1176370000002,4.467
12146,58.1251850000002,7.548
12147,58.1285950000002,3.41
12148,58.1327240000002,4.129
12149,58.1373860000002,4.662
12150,58.1432670000002,5.881
12151,58.1479870000002,4.72
12152,58.1522950000002,4.308
12153,58.1572740000002,4.979
12154,58.1615080000002,4.234
12155,58.1651600000002,3.652
12156,58.1715410000002,6.381
12157,58.1764450000002,4.904
12158,58.1801640000002,3.719
12159,58.1847050000002,4.541
12160,58.1899760000002,5.271
12161,58.1954890000002,5.513
12162,58.1999540000002,4.465
12163,58.2055650000002,5.611
12164,58.2106540000002,5.089
12165,58.2153810000002,4.727
12166,58.2218080000002,6.427
12167,58.2267690000002,4.961
12168,58.2302930000002,3.524
12169,58.2348350000002,4.542
12170,58.2405540000002,5.719
12171,58.2461080000002,5.554
12172,58.2497110000002,3.603
12173,58.2542030000002,4.492
12174,58.2594170000002,5.214
12175,58.2635560000002,4.139
12176,58.2697930000002,6.237
12177,58.2737000000002,3.907
12178,58.2786370000002,4.937
12179,58.2823680000002,3.731
12180,58.2867850000002,4.417
12181,58.2935420000002,6.757
12182,58.2974040000002,3.862
12183,58.3019980000002,4.594
12184,58.3069200000002,4.922
12185,58.3114810000002,4.561
12186,58.3170140000002,5.533
12187,58.3216010000002,4.587
12188,58.3265640000002,4.963
12189,58.3303400000002,3.776
12190,58.3348050000002,4.465
12191,58.3402060000002,5.401
12192,58.3456440000002,5.438
12193,58.3500210000002,4.377
12194,58.3545390000002,4.518
12195,58.3596140000002,5.075
12196,58.3654140000002,5.8
12197,58.3697890000002,4.375
12198,58.3740480000002,4.259
12199,58.3791160000002,5.068
12200,58.3829060000002,3.79
12201,58.3874230000002,4.517
12202,58.3925390000002,5.116
12203,58.3963660000002,3.827
12204,58.4015060000002,5.14
12205,58.4060330000002,4.527
12206,58.4121620000002,6.129
12207,58.4156970000002,3.535
12208,58.4201800000002,4.483
12209,58.4253590000002,5.179
12210,58.4292000000002,3.841
12211,58.4357810000002,6.581
12212,58.4406610000002,4.88
12213,58.4456380000002,4.977
12214,58.4489760000002,3.338
12215,58.4533880000002,4.412
12216,58.4603630000002,6.975
12217,58.4640610000002,3.698
12218,58.4719260000002,7.865
12219,58.4760830000002,4.157
12220,58.4803360000002,4.253
12221,58.4861670000002,5.831
12222,58.4904850000002,4.318
12223,58.4956720000002,5.187
12224,58.4996160000002,3.944
12225,58.5043290000002,4.713
12226,58.5103000000002,5.971
12227,58.5153640000002,5.064
12228,58.5199000000002,4.536
12229,58.5240320000002,4.132
12230,58.5290690000002,5.037
12231,58.5350310000002,5.962
12232,58.5395150000002,4.484
12233,58.5441190000002,4.604
12234,58.5490390000002,4.92
12235,58.5532670000002,4.228
12236,58.5593090000002,6.042
12237,58.5642660000002,4.957
12238,58.5685570000002,4.291
12239,58.5731490000002,4.592
12240,58.5778350000002,4.686
12241,58.5847350000002,6.9
12242,58.5886970000002,3.962
12243,58.5931850000002,4.488
12244,58.5982720000002,5.087
12245,58.6030970000002,4.825
12246,58.6088660000002,5.769
12247,58.6142760000002,5.41
12248,58.6193190000002,5.043
12249,58.6278870000002,8.568
12250,58.6332200000002,5.333
12251,58.6400530000002,6.833
12252,58.6446280000002,4.575
12253,58.6506270000002,5.999
12254,58.6580200000002,7.393
12255,58.6620740000002,4.054
12256,58.6697700000002,7.696
12257,58.6742080000002,4.438
12258,58.6799370000002,5.729
12259,58.6861330000002,6.196
12260,58.6935760000002,7.443
12261,58.6984160000002,4.84
12262,58.7045010000002,6.085
12263,58.7092630000002,4.762
12264,58.7132320000002,3.969
12265,58.7180240000002,4.792
12266,58.7250860000002,7.062
12267,58.7298970000002,4.811
12268,58.7357470000002,5.85
12269,58.7410460000002,5.299
12270,58.7450740000002,4.028
12271,58.7514850000002,6.411
12272,58.7565480000002,5.063
12273,58.7607900000002,4.242
12274,58.7652400000002,4.45
12275,58.7705600000002,5.32
12276,58.7762380000002,5.678
12277,58.7808150000002,4.577
12278,58.7865240000002,5.709
12279,58.7911030000002,4.579
12280,58.7969100000002,5.807
12281,58.8036480000002,6.738
12282,58.8076650000002,4.017
12283,58.8123740000002,4.709
12284,58.8177910000002,5.417
12285,58.8216570000002,3.866
12286,58.8278690000002,6.212
12287,58.8331860000002,5.317
12288,58.8373200000002,4.134
12289,58.8427010000002,5.381
12290,58.8492650000002,6.564
12291,58.8548060000002,5.541
12292,58.8593110000002,4.505
12293,58.8646150000002,5.304
12294,58.8687500000002,4.135
12295,58.8730090000002,4.259
12296,58.8794080000002,6.399
12297,58.8847460000002,5.338
12298,58.8889890000002,4.243
12299,58.8931460000002,4.157
12300,58.8983010000002,5.155
12301,58.9044380000002,6.137
12302,58.9093640000002,4.926
12303,58.9157530000002,6.389
12304,58.9198580000002,4.105
12305,58.9242240000002,4.366
12306,58.9308980000002,6.674
12307,58.9353440000002,4.446
12308,58.9412620000002,5.918
12309,58.9462000000002,4.938
12310,58.9512860000002,5.086
12311,58.9566860000002,5.4
12312,58.9611620000002,4.476
12313,58.9660460000002,4.884
12314,58.9701980000002,4.152
12315,58.9744830000002,4.285
12316,58.9811440000002,6.661
12317,58.9851950000002,4.051
12318,58.9895640000002,4.369
12319,58.9939270000002,4.363
12320,58.9988510000002,4.924
12321,59.0046140000002,5.763
12322,59.0086500000002,4.036
12323,59.0135190000002,4.869
12324,59.0175050000002,3.986
12325,59.0218980000002,4.393
12326,59.0282140000002,6.316
12327,59.0320230000002,3.809
12328,59.0368450000001,4.822
12329,59.0436240000002,6.779
12330,59.0484280000002,4.804
12331,59.0540710000001,5.643
12332,59.0583360000001,4.265
12333,59.0633860000001,5.05
12334,59.0671160000001,3.73
12335,59.0714900000001,4.374
12336,59.0781090000001,6.619
12337,59.0818020000001,3.693
12338,59.0863110000001,4.509
12339,59.0905630000001,4.252
12340,59.0956980000001,5.135
12341,59.1011860000001,5.488
12342,59.1055040000001,4.318
12343,59.1105900000001,5.086
12344,59.1139430000001,3.353
12345,59.1184750000001,4.532
12346,59.1243860000001,5.911
12347,59.1286700000001,4.284
12348,59.1335660000001,4.896
12349,59.1392580000001,5.692
12350,59.1448020000001,5.544
12351,59.1497780000001,4.976
12352,59.1545060000001,4.728
12353,59.1596690000001,5.163
12354,59.1647800000001,5.111
12355,59.1696120000001,4.832
12356,59.1763620000001,6.75
12357,59.1812950000001,4.933
12358,59.1863210000001,5.026
12359,59.1908010000001,4.48
12360,59.1955170000001,4.716
12361,59.2014070000001,5.89
12362,59.2062280000001,4.821
12363,59.2127110000001,6.483
12364,59.2163490000001,3.638
12365,59.2220180000001,5.669
12366,59.2277040000001,5.686
12367,59.2313210000001,3.617
12368,59.2354700000001,4.149
12369,59.2395980000001,4.128
12370,59.2446840000001,5.086
12371,59.2505400000001,5.856
12372,59.2556410000001,5.101
12373,59.2617310000001,6.09
12374,59.2652080000001,3.477
12375,59.2696840000001,4.476
12376,59.2762760000001,6.592
12377,59.2799910000001,3.715
12378,59.2845730000001,4.582
12379,59.2902370000001,5.664
12380,59.2956860000001,5.449
12381,59.3014260000001,5.74
12382,59.3055900000001,4.164
12383,59.3106880000001,5.098
12384,59.3142010000001,3.513
12385,59.3191210000001,4.92
12386,59.3250790000001,5.958
12387,59.3295850000001,4.506
12388,59.3340070000001,4.422
12389,59.3382160000001,4.209
12390,59.3432340000001,5.018
12391,59.3486900000001,5.456
12392,59.3536610000001,4.971
12393,59.3591170000001,5.456
12394,59.3623790000001,3.262
12395,59.3682960000001,5.917
12396,59.3747640000001,6.468
12397,59.3784850000001,3.721
12398,59.3828570000001,4.372
12399,59.3878280000001,4.971
12400,59.3933050000001,5.477
12401,59.3977070000001,4.402
12402,59.4031230000001,5.416
12403,59.4077100000001,4.587
12404,59.4110670000001,3.357
12405,59.4151930000001,4.126
12406,59.4215560000001,6.363
12407,59.4300770000001,8.521
12408,59.4329570000001,2.88
12409,59.4382980000001,5.341
12410,59.4429400000001,4.642
12411,59.4481550000001,5.215
12412,59.4525920000001,4.437
12413,59.4568330000001,4.241
12414,59.4615390000001,4.706
12415,59.4653600000001,3.821
12416,59.4706000000001,5.24
12417,59.4768350000001,6.235
12418,59.4803900000001,3.555
12419,59.4849970000001,4.607
12420,59.4890360000001,4.039
12421,59.4958100000001,6.774
12422,59.4995160000001,3.706
12423,59.5052330000001,5.717
12424,59.5112630000001,6.03
12425,59.5149190000001,3.656
12426,59.5214790000001,6.56
12427,59.5255460000001,4.067
12428,59.5302610000001,4.715
12429,59.5341560000001,3.895
12430,59.5399280000001,5.772
12431,59.5481220000001,8.194
12432,59.5517730000001,3.651
12433,59.5559520000001,4.179
12434,59.5609550000001,5.003
12435,59.5652120000001,4.257
12436,59.5699990000001,4.787
12437,59.5757880000001,5.789
12438,59.5805590000001,4.771
12439,59.5843130000001,3.754
12440,59.5886510000001,4.338
12441,59.5947750000001,6.124
12442,59.5995470000001,4.772
12443,59.6046650000001,5.118
12444,59.6099170000001,5.252
12445,59.6147370000001,4.82
12446,59.6206480000001,5.911
12447,59.6248810000001,4.233
12448,59.6289870000001,4.106
12449,59.6343240000001,5.337
12450,59.6386610000001,4.337
12451,59.6438200000001,5.159
12452,59.6487530000001,4.933
12453,59.6526350000001,3.882
12454,59.6574280000001,4.793
12455,59.6611920000001,3.764
12456,59.6682340000001,7.042
12457,59.6717860000001,3.552
12458,59.6760560000001,4.27
12459,59.6808520000001,4.796
12460,59.6848100000001,3.958
12461,59.6893940000001,4.584
12462,59.6938380000001,4.444
12463,59.6982090000001,4.371
12464,59.7022440000001,4.035
12465,59.7064330000001,4.189
12466,59.7132450000001,6.812
12467,59.7169530000001,3.708
12468,59.7215790000001,4.626
12469,59.7265450000001,4.966
12470,59.7324440000001,5.899
12471,59.7381540000001,5.71
12472,59.7425020000001,4.348
12473,59.7473990000001,4.897
12474,59.7517160000001,4.317
12475,59.7563040000001,4.588
12476,59.7619710000001,5.667
12477,59.7669690000001,4.998
12478,59.7709020000001,3.933
12479,59.7749840000001,4.082
12480,59.7798200000001,4.836
12481,59.7882610000001,8.441
12482,59.7927860000001,4.525
12483,59.7962480000001,3.462
12484,59.8017650000001,5.517
12485,59.8057480000001,3.983
12486,59.8112880000001,5.54
12487,59.8160570000001,4.769
12488,59.8216660000001,5.609
12489,59.8282330000001,6.567
12490,59.8317490000001,3.516
12491,59.8381510000001,6.402
12492,59.8419940000001,3.843
12493,59.8461340000001,4.14
12494,59.8512920000001,5.158
12495,59.8556610000001,4.369
12496,59.8609890000001,5.328
12497,59.8661720000001,5.183
12498,59.8715740000001,5.402
12499,59.8761160000001,4.542
12500,59.8811850000001,5.069
12501,59.8867940000001,5.609
12502,59.8912590000001,4.465
12503,59.8954590000001,4.2
12504,59.9005660000001,5.107
12505,59.9059350000001,5.369
12506,59.9105100000001,4.575
12507,59.9153280000001,4.818
12508,59.9191700000001,3.842
12509,59.9247540000001,5.584
12510,59.9279160000001,3.162
12511,59.9350760000001,7.16
12512,59.9401940000001,5.118
12513,59.9452210000001,5.027
12514,59.9499310000001,4.71
12515,59.9538120000001,3.881
12516,59.9600510000001,6.239
12517,59.9647070000001,4.656
12518,59.9686200000001,3.913
12519,59.9734930000001,4.873
12520,59.9781180000001,4.625
12521,59.9841590000001,6.041
12522,59.9879730000001,3.814
12523,59.9922670000001,4.294
12524,59.9976410000001,5.374
12525,60.0015630000001,3.922
12526,60.0073010000001,5.738
12527,60.0120030000001,4.702
12528,60.0169100000001,4.907
12529,60.0210430000001,4.133
12530,60.0251640000001,4.121
12531,60.0317760000001,6.612
12532,60.0356470000001,3.871
12533,60.0408920000001,5.245
12534,60.0447130000001,3.821
12535,60.0503100000001,5.597
12536,60.0556410000001,5.331
12537,60.0620730000001,6.432
12538,60.0669310000001,4.858
12539,60.0715300000001,4.599
12540,60.0760160000001,4.486
12541,60.0819250000001,5.909
12542,60.0858540000001,3.929
12543,60.0901280000001,4.274
12544,60.0945000000001,4.372
12545,60.0995390000001,5.039
12546,60.1048700000001,5.331
12547,60.1097600000001,4.89
12548,60.1146060000001,4.846
12549,60.1189200000001,4.314
12550,60.1228640000001,3.944
12551,60.1291740000001,6.31
12552,60.1352620000001,6.088
12553,60.1404250000001,5.163
12554,60.1453650000001,4.94
12555,60.1506710000001,5.306
12556,60.1552320000001,4.561
12557,60.1592270000001,3.995
12558,60.1642340000001,5.007
12559,60.1703580000001,6.124
12560,60.1757830000001,5.425
12561,60.1819450000001,6.162
12562,60.1888960000001,6.951
12563,60.1929470000001,4.051
12564,60.1976140000001,4.667
12565,60.2047050000001,7.091
12566,60.2132360000001,8.531
12567,60.2172990000001,4.063
12568,60.2229010000001,5.602
12569,60.2265960000001,3.695
12570,60.2310750000001,4.479
12571,60.2406210000001,9.546
12572,60.2476370000001,7.016
12573,60.2545620000001,6.925
12574,60.2588900000001,4.328
12575,60.2633580000001,4.468
12576,60.2694550000001,6.097
12577,60.2751910000001,5.736
12578,60.2789080000001,3.717
12579,60.2826810000001,3.773
12580,60.2885090000001,5.828
12581,60.2932040000001,4.695
12582,60.3013970000001,8.193
12583,60.3074200000001,6.023
12584,60.3119370000001,4.517
12585,60.3161730000001,4.236
12586,60.3227510000001,6.578
12587,60.3275120000001,4.761
12588,60.3326360000001,5.124
12589,60.3379020000001,5.266
12590,60.3417760000001,3.874
12591,60.3477170000001,5.941
12592,60.3527120000001,4.995
12593,60.3564480000001,3.736
12594,60.3608720000001,4.424
12595,60.3659520000001,5.08
12596,60.3698300000001,3.878
12597,60.3740510000001,4.221
12598,60.3784500000001,4.399
12599,60.3834600000001,5.01
12600,60.3879450000001,4.485
12601,60.3937950000001,5.85
12602,60.3984900000001,4.695
12603,60.4023450000001,3.855
12604,60.4069460000001,4.601
12605,60.4121090000001,5.163
12606,60.4176280000001,5.519
12607,60.4223670000001,4.739
12608,60.4262140000001,3.847
12609,60.4309150000001,4.701
12610,60.4351500000001,4.235
12611,60.4393010000001,4.151
12612,60.4445240000001,5.223
12613,60.4480750000001,3.551
12614,60.4536560000001,5.581
12615,60.4585680000001,4.912
12616,60.4641570000001,5.589
12617,60.4684710000001,4.314
12618,60.4729410000001,4.47
12619,60.4778850000001,4.944
12620,60.4817810000001,3.896
12621,60.4871940000001,5.413
12622,60.4925070000001,5.313
12623,60.4970250000001,4.518
12624,60.5018180000001,4.793
12625,60.5065530000001,4.735
12626,60.5121120000001,5.559
12627,60.5165770000001,4.465
12628,60.5219980000001,5.421
12629,60.5269030000001,4.905
12630,60.5317340000001,4.831
12631,60.5380590000001,6.325
12632,60.5429660000001,4.907
12633,60.5467280000001,3.762
12634,60.5516620000001,4.934
12635,60.5561520000001,4.49
12636,60.5616610000001,5.509
12637,60.5660540000001,4.393
12638,60.5704410000001,4.387
12639,60.5755420000001,5.101
12640,60.5791920000001,3.65
12641,60.5855230000001,6.331
12642,60.5904970000001,4.974
12643,60.5941350000001,3.638
12644,60.5987360000001,4.601
12645,60.6029370000001,4.201
12646,60.6101820000001,7.245
12647,60.6145850000001,4.403
12648,60.6258310000001,11.246
12649,60.6313610000001,5.53
12650,60.6378560000001,6.495
12651,60.6416780000001,3.822
12652,60.6483730000001,6.695
12653,60.6536720000001,5.299
12654,60.6589440000001,5.272
12655,60.6630230000001,4.079
12656,60.6697220000001,6.699
12657,60.6737130000001,3.991
12658,60.6777070000001,3.994
12659,60.6829620000001,5.255
12660,60.6869540000001,3.992
12661,60.6928510000001,5.897
12662,60.6978190000001,4.968
12663,60.7018830000001,4.064
12664,60.7063940000001,4.511
12665,60.7107280000001,4.334
12666,60.7178880000001,7.16
12667,60.7215820000001,3.694
12668,60.7268100000001,5.228
12669,60.7311930000001,4.383
12670,60.7351100000001,3.917
12671,60.7415670000001,6.457
12672,60.7459680000001,4.401
12673,60.7515400000001,5.572
12674,60.7554480000001,3.908
12675,60.7597770000001,4.329
12676,60.7666160000001,6.839
12677,60.7705880000001,3.972
12678,60.7753120000001,4.724
12679,60.7797040000001,4.392
12680,60.7852700000001,5.566
12681,60.7913570000001,6.087
12682,60.7959430000001,4.586
12683,60.8011890000001,5.246
12684,60.8056150000001,4.426
12685,60.8116500000001,6.035
12686,60.8185020000001,6.852
12687,60.8227180000001,4.216
12688,60.8273400000001,4.622
12689,60.8317160000001,4.376
12690,60.8374470000001,5.731
12691,60.8432390000001,5.792
12692,60.8471380000001,3.899
12693,60.8521950000001,5.057
12694,60.8562650000001,4.07
12695,60.8608760000001,4.611
12696,60.8659150000001,5.039
12697,60.8699790000001,4.064
12698,60.8743110000001,4.332
12699,60.8788580000001,4.547
12700,60.8841280000001,5.27
12701,60.8878600000001,3.732
12702,60.8926010000001,4.741
12703,60.8974910000001,4.89
12704,60.9040490000001,6.558
12705,60.9085800000001,4.531
12706,60.9142840000001,5.704
12707,60.9182380000001,3.954
12708,60.9226690000001,4.431
12709,60.9270650000001,4.396
12710,60.9345830000001,7.518
12711,60.9396480000001,5.065
12712,60.9441620000001,4.514
12713,60.9504880000001,6.326
12714,60.9542620000001,3.774
12715,60.9581130000001,3.851
12716,60.9646820000001,6.569
12717,60.9693330000001,4.651
12718,60.9748860000001,5.553
12719,60.9791700000001,4.284
12720,60.9843420000001,5.172
12721,60.9896790000001,5.337
12722,60.9938690000001,4.19
12723,60.9989700000001,5.101
12724,61.0035080000001,4.538
12725,61.0067930000001,3.285
12726,61.0128570000001,6.064
12727,61.0176900000001,4.833
12728,61.0213230000001,3.633
12729,61.0256140000001,4.291
12730,61.0306520000001,5.038
12731,61.0344020000001,3.75
12732,61.0389640000001,4.562
12733,61.0438830000001,4.919
12734,61.0496590000001,5.776
12735,61.0540000000001,4.341
12736,61.0599520000001,5.952
12737,61.0649090000001,4.957
12738,61.0685910000001,3.682
12739,61.0731420000001,4.551
12740,61.0770990000001,3.957
12741,61.0841380000001,7.039
12742,61.0876770000001,3.539
12743,61.0917440000001,4.067
12744,61.0967060000001,4.962
12745,61.1006520000001,3.946
12746,61.1075330000001,6.881
12747,61.1108920000001,3.359
12748,61.1162190000001,5.327
12749,61.1214240000001,5.205
12750,61.1263610000001,4.937
12751,61.1330110000001,6.65
12752,61.1365450000001,3.534
12753,61.1408060000001,4.261
12754,61.1450440000001,4.238
12755,61.1502840000001,5.24
12756,61.1539420000001,3.658
12757,61.1581920000001,4.25
12758,61.1630020000001,4.81
12759,61.1668710000001,3.869
12760,61.1712120000001,4.341
12761,61.1774040000001,6.192
12762,61.1825490000001,5.145
12763,61.1859540000001,3.405
12764,61.1902620000001,4.308
12765,61.1952830000001,5.021
12766,61.2007840000001,5.501
12767,61.2051200000001,4.336
12768,61.2095570000001,4.437
12769,61.2150140000001,5.457
12770,61.2213440000001,6.33
12771,61.2257720000001,4.428
12772,61.2319030000001,6.131
12773,61.2355290000001,3.626
12774,61.2398840000001,4.355
12775,61.2441220000001,4.238
12776,61.2511560000001,7.034
12777,61.2546490000001,3.493
12778,61.2590200000001,4.371
12779,61.2640570000001,5.037
12780,61.2678560000001,3.799
12781,61.2739660000001,6.11
12782,61.2783820000001,4.416
12783,61.2837370000001,5.355
12784,61.2872580000001,3.521
12785,61.2915670000001,4.309
12786,61.2988410000001,7.274
12787,61.3023430000001,3.502
12788,61.3066930000001,4.35
12789,61.3110110000001,4.318
12790,61.3165650000001,5.554
12791,61.3221170000001,5.552
12792,61.3266530000001,4.536
12793,61.3306810000001,4.028
12794,61.3347330000001,4.052
12795,61.3389310000001,4.198
12796,61.3450210000001,6.09
12797,61.3502660000001,5.245
12798,61.3541390000001,3.873
12799,61.3579870000001,3.848
12800,61.3629080000001,4.921
12801,61.3674810000001,4.573
12802,61.3710920000001,3.611
12803,61.3753020000001,4.21
12804,61.3803380000001,5.036
12805,61.3848240000001,4.486
12806,61.3886560000001,3.832
12807,61.3934350000001,4.779
12808,61.3970730000001,3.638
12809,61.4016200000001,4.547
12810,61.4059310000001,4.311
12811,61.4124500000001,6.519
12812,61.4160800000001,3.63
12813,61.4224500000001,6.37
12814,61.4278830000001,5.433
12815,61.4311700000001,3.287
12816,61.4374880000001,6.318
12817,61.4416010000001,4.113
12818,61.4465440000001,4.943
12819,61.4502710000001,3.727
12820,61.4544310000001,4.16
12821,61.4611220000001,6.691
12822,61.4652430000001,4.121
12823,61.4690270000001,3.784
12824,61.4733550000001,4.328
12825,61.4780600000001,4.705
12826,61.4819510000001,3.891
12827,61.4862390000001,4.288
12828,61.4925350000001,6.296
12829,61.4961420000001,3.607
12830,61.5023180000001,6.176
12831,61.5065490000001,4.231
12832,61.5113600000001,4.811
12833,61.5150790000001,3.719
12834,61.5192070000001,4.128
12835,61.5243080000001,5.101
12836,61.5277220000001,3.414
12837,61.5324460000001,4.724
12838,61.5370000000001,4.554
12839,61.5433700000001,6.37
12840,61.5466560000001,3.286
12841,61.5532620000001,6.606
12842,61.5579700000001,4.708
12843,61.5613050000001,3.335
12844,61.5659240000001,4.619
12845,61.5701050000001,4.181
12846,61.5749810000001,4.876
12847,61.5786780000001,3.697
12848,61.5845280000001,5.85
12849,61.5893980000001,4.87
12850,61.5948090000001,5.411
12851,61.5991610000001,4.352
12852,61.6032910000001,4.13
12853,61.6079390000001,4.648
12854,61.6117610000001,3.822
12855,61.6160830000001,4.322
12856,61.6202290000001,4.146
12857,61.6255340000001,5.305
12858,61.6289390000001,3.405
12859,61.6336930000001,4.754
12860,61.6382250000001,4.532
12861,61.6444060000001,6.181
12862,61.6479460000001,3.54
12863,61.6522190000001,4.273
12864,61.6564700000001,4.251
12865,61.6616650000001,5.195
12866,61.6651370000001,3.472
12867,61.6692910000001,4.154
12868,61.6751450000001,5.854
12869,61.6798760000001,4.731
12870,61.6855060000001,5.63
12871,61.6897770000001,4.271
12872,61.6941090000001,4.332
12873,61.6991760000001,5.067
12874,61.7030060000001,3.83
12875,61.7067270000001,3.721
12876,61.7109620000001,4.235
12877,61.7162120000001,5.25
12878,61.7196840000001,3.472
12879,61.7257980000001,6.114
12880,61.7308300000001,5.032
12881,61.7368390000001,6.009
12882,61.7407940000001,3.955
12883,61.7445850000001,3.791
12884,61.7497720000001,5.187
12885,61.7535440000001,3.772
12886,61.7574980000001,3.954
12887,61.7618990000001,4.401
12888,61.7684040000001,6.505
12889,61.7719700000001,3.566
12890,61.7781890000001,6.219
12891,61.7835860000001,5.397
12892,61.7868620000001,3.276
12893,61.7910070000001,4.145
12894,61.7952540000001,4.247
12895,61.8008090000001,5.555
12896,61.8045140000001,3.705
12897,61.8087360000001,4.222
12898,61.8129720000001,4.236
12899,61.8182150000001,5.243
12900,61.8218670000001,3.652
12901,61.8279180000001,6.051
12902,61.8334760000001,5.558
12903,61.8386150000001,5.139
12904,61.8423550000001,3.74
12905,61.8458060000001,3.451
12906,61.8527470000001,6.941
12907,61.8562240000001,3.477
12908,61.8603190000001,4.095
12909,61.8652600000001,4.941
12910,61.8711820000001,5.922
12911,61.8755340000001,4.352
12912,61.8798190000001,4.285
12913,61.8848460000001,5.027
12914,61.8890430000001,4.197
12915,61.8931110000001,4.068
12916,61.8994300000001,6.319
12917,61.9042760000001,4.846
12918,61.9078100000001,3.534
12919,61.9126250000001,4.815
12920,61.9169180000001,4.293
12921,61.9236710000001,6.753
12922,61.9271930000001,3.522
12923,61.9333180000001,6.125
12924,61.9384240000001,5.106
12925,61.9418300000001,3.406
12926,61.9461240000001,4.294
12927,61.9520030000001,5.879
12928,61.9583050000001,6.302
12929,61.9615040000001,3.199
12930,61.9675660000001,6.062
12931,61.9725860000001,5.02
12932,61.9779610000001,5.375
12933,61.9823350000001,4.374
12934,61.9865130000001,4.178
12935,61.9915370000001,5.024
12936,61.9950340000001,3.497
12937,61.9996330000001,4.599
12938,62.0043160000001,4.683
12939,62.0085210000001,4.205
12940,62.0127440000001,4.223
12941,62.0175840000001,4.84
12942,62.0236680000001,6.084
12943,62.0274870000001,3.819
12944,62.0319950000001,4.508
12945,62.0367470000001,4.752
12946,62.0405890000001,3.842
12947,62.0447580000001,4.169
12948,62.0492500000001,4.492
12949,62.0540720000001,4.822
12950,62.0595120000001,5.44
12951,62.0636880000001,4.176
12952,62.0691120000001,5.424
12953,62.0725810000001,3.469
12954,62.0768820000001,4.301
12955,62.0814660000001,4.584
12956,62.0865190000001,5.053
12957,62.0901660000001,3.647
12958,62.0944610000001,4.295
12959,62.0998630000001,5.402
12960,62.1033680000001,3.505
12961,62.1096640000001,6.296
12962,62.1139590000001,4.295
12963,62.1194930000001,5.534
12964,62.1235900000001,4.097
12965,62.1288820000001,5.292
12966,62.1339620000001,5.08
12967,62.1377630000001,3.801
12968,62.1421260000001,4.363
12969,62.1464860000001,4.36
12970,62.1515400000001,5.054
12971,62.1553470000001,3.807
12972,62.1613570000001,6.01
12973,62.1663850000001,5.028
12974,62.1699430000001,3.558
12975,62.1742560000001,4.313
12976,62.1786730000001,4.417
12977,62.1839230000001,5.25
12978,62.1872440000001,3.321
12979,62.1919500000001,4.706
12980,62.1964150000001,4.465
12981,62.2014910000001,5.076
12982,62.2053250000001,3.834
12983,62.2115410000001,6.216
12984,62.2167960000001,5.255
12985,62.2220050000001,5.209
12986,62.2276180000001,5.613
12987,62.2354020000001,7.784
12988,62.2392510000001,3.849
12989,62.2442770000001,5.026
12990,62.2505130000001,6.236
12991,62.2553700000001,4.857
12992,62.2609290000001,5.559
12993,62.2655420000001,4.613
12994,62.2698800000001,4.338
12995,62.2749530000001,5.073
12996,62.2789290000001,3.976
12997,62.2834510000001,4.522
12998,62.2897860000001,6.335
12999,62.2930450000001,3.259
13000,62.2969480000001,3.903
13001,62.3032310000001,6.283
13002,62.3082560000001,5.025
13003,62.3140360000001,5.78
13004,62.3213870000001,7.351
13005,62.3261830000001,4.796
13006,62.3294790000001,3.296
13007,62.3341320000001,4.653
13008,62.3393930000001,5.261
13009,62.3432820000001,3.889
13010,62.3512840000001,8.002
13011,62.3546640000001,3.38
13012,62.3608690000001,6.205
13013,62.3646050000001,3.736
13014,62.3693250000001,4.72
13015,62.3745270000001,5.202
13016,62.3782740000001,3.747
13017,62.3831670000001,4.893
13018,62.3888660000001,5.699
13019,62.3925180000001,3.652
13020,62.3968320000001,4.314
13021,62.4030780000001,6.246
13022,62.4082160000001,5.138
13023,62.4140570000001,5.841
13024,62.4188550000001,4.798
13025,62.4244250000001,5.57
13026,62.4289940000001,4.569
13027,62.4341920000001,5.198
13028,62.4395480000001,5.356
13029,62.4432620000001,3.714
13030,62.4496860000001,6.424
13031,62.4548010000001,5.115
13032,62.4608740000001,6.073
13033,62.4647100000001,3.836
13034,62.4690130000001,4.303
13035,62.4741350000001,5.122
13036,62.4779790000001,3.844
13037,62.4825890000001,4.61
13038,62.4874690000001,4.88
13039,62.4913810000001,3.912
13040,62.4955190000001,4.138
13041,62.5022940000001,6.775
13042,62.5076720000001,5.378
13043,62.5120270000001,4.355
13044,62.5165170000001,4.49
13045,62.5212420000001,4.725
13046,62.5247860000001,3.544
13047,62.5287700000001,3.984
13048,62.5346670000001,5.897
13049,62.5394220000001,4.755
13050,62.5436780000001,4.256
13051,62.5476050000001,3.927
13052,62.5546380000001,7.033
13053,62.5591290000001,4.491
13054,62.5643150000001,5.186
13055,62.5691770000001,4.862
13056,62.5726940000001,3.517
13057,62.5767290000001,4.035
13058,62.5815520000001,4.823
13059,62.5863070000001,4.755
13060,62.5899220000001,3.615
13061,62.5957610000001,5.839
13062,62.6007700000001,5.009
13063,62.6041840000001,3.414
13064,62.6083430000001,4.159
13065,62.6130100000001,4.667
13066,62.6181940000001,5.184
13067,62.6218410000001,3.647
13068,62.6265080000001,4.667
13069,62.6308570000001,4.349
13070,62.6356900000001,4.833
13071,62.6408060000001,5.116
13072,62.6463350000001,5.529
13073,62.6499920000001,3.657
13074,62.6539800000001,3.988
13075,62.6584050000001,4.425
13076,62.6629740000001,4.569
13077,62.6681700000001,5.196
13078,62.6722840000001,4.114
13079,62.6770690000001,4.785
13080,62.6805770000001,3.508
13081,62.6857450000001,5.168
13082,62.6893860000001,3.641
13083,62.6962620000001,6.876
13084,62.7003070000001,4.045
13085,62.7038370000001,3.53
13086,62.7082670000001,4.43
13087,62.7120010000001,3.734
13088,62.7176130000001,5.612
13089,62.7218740000001,4.261
13090,62.7294740000001,7.6
13091,62.7342960000001,4.822
13092,62.7396790000001,5.383
13093,62.7452900000001,5.611
13094,62.7486790000001,3.389
13095,62.752882,4.203
13096,62.756677,3.795
13097,62.76164,4.963
13098,62.768696,7.056
13099,62.773204,4.508
13100,62.777733,4.529
13101,62.783365,5.632
13102,62.791535,8.17
13103,62.796079,4.544
13104,62.800766,4.687
13105,62.804631,3.865
13106,62.809962,5.331
13107,62.815245,5.283
13108,62.819174,3.929
13109,62.824019,4.845
13110,62.828342,4.323
13111,62.833902,5.56
13112,62.839176,5.274
13113,62.843627,4.451
13114,62.849111,5.484
13115,62.852982,3.871
13116,62.85812,5.138
13117,62.865321,7.201
13118,62.869772,4.451
13119,62.874891,5.119
13120,62.881034,6.143
13121,62.888712,7.678
13122,62.892354,3.642
13123,62.897785,5.431
13124,62.902623,4.838
13125,62.9063760000001,3.753
13126,62.9120210000001,5.645
13127,62.9170980000001,5.077
13128,62.9211220000001,4.024
13129,62.9258960000001,4.774
13130,62.9301290000001,4.233
13131,62.9358220000001,5.693
13132,62.939994,4.172
13133,62.943439,3.445
13134,62.94868,5.241
13135,62.953629,4.949
13136,62.9593670000001,5.738
13137,62.9629430000001,3.576
13138,62.9679690000001,5.026
13139,62.971992,4.023
13140,62.975905,3.913
13141,62.9807950000001,4.89
13142,62.9852190000001,4.424
13143,62.991296,6.077
13144,62.995574,4.278
13145,63.0004920000001,4.918
13146,63.0060830000001,5.591
13147,63.0100000000001,3.917
13148,63.0148990000001,4.899
13149,63.0206310000001,5.732
13150,63.0248990000001,4.268
13151,63.0288150000001,3.916
13152,63.0336640000001,4.849
13153,63.0371240000001,3.46
13154,63.0414470000001,4.323
13155,63.0460340000001,4.587
13156,63.0523200000001,6.286
13157,63.0568960000001,4.576
13158,63.0609390000001,4.043
13159,63.0660080000001,5.069
13160,63.0713160000001,5.308
13161,63.0759020000001,4.586
13162,63.0804120000001,4.51
13163,63.0859550000001,5.543
13164,63.0900990000001,4.144
13165,63.0943320000001,4.233
13166,63.1014060000001,7.074
13167,63.1045850000001,3.179
13168,63.1088760000001,4.291
13169,63.1153380000001,6.462
13170,63.1207820000001,5.444
13171,63.1253920000001,4.61
13172,63.1293960000001,4.004
13173,63.1344700000001,5.074
13174,63.1382050000001,3.735
13175,63.1423780000001,4.173
13176,63.1473650000001,4.987
13177,63.1518280000001,4.463
13178,63.1554790000001,3.651
13179,63.1597800000001,4.301
13180,63.1668810000001,7.101
13181,63.1705000000001,3.619
13182,63.1746320000001,4.132
13183,63.1818450000001,7.213
13184,63.1858700000001,4.025
13185,63.1913730000001,5.503
13186,63.1983090000001,6.936
13187,63.2058210000001,7.512
13188,63.2100760000001,4.255
13189,63.2172560000001,7.18
13190,63.2292090000001,11.953
13191,63.2342840000001,5.075
13192,63.2393530000001,5.069
13193,63.2434680000001,4.115
13194,63.2478990000001,4.431
13195,63.2528360000001,4.937
13196,63.256473,3.637
13197,63.262715,6.242
13198,63.268975,6.26
13199,63.273908,4.933
13200,63.277477,3.569
13201,63.282867,5.39
13202,63.286962,4.095
13203,63.292313,5.351
13204,63.297088,4.775
13205,63.302541,5.453
13206,63.306696,4.155
13207,63.311754,5.058
13208,63.315933,4.179
13209,63.321113,5.18
13210,63.326064,4.951
13211,63.329863,3.799
13212,63.336117,6.254
13213,63.343115,6.998
13214,63.3466120000001,3.497
13215,63.351557,4.945
13216,63.356745,5.188
13217,63.362159,5.414
13218,63.367645,5.486
13219,63.373092,5.447
13220,63.37701,3.918
13221,63.381815,4.805
13222,63.385845,4.03
13223,63.392667,6.822
13224,63.396283,3.616
13225,63.401501,5.218
13226,63.406956,5.455
13227,63.411754,4.798
13228,63.416445,4.691
13229,63.42263,6.185
13230,63.426154,3.524
13231,63.430561,4.407
13232,63.435595,5.034
13233,63.441005,5.41
13234,63.444535,3.53
13235,63.448469,3.934
13236,63.452635,4.166
13237,63.459402,6.767
13238,63.463034,3.632
13239,63.468241,5.207
13240,63.474208,5.967
13241,63.477834,3.626
13242,63.482455,4.621
13243,63.488352,5.897
13244,63.493303,4.951
13245,63.496867,3.564
13246,63.502956,6.089
13247,63.507243,4.287
13248,63.512122,4.879
13249,63.517119,4.997
13250,63.521433,4.314
13251,63.526194,4.761
13252,63.530151,3.957
13253,63.535436,5.285
13254,63.540529,5.093
13255,63.544879,4.35
13256,63.551372,6.493
13257,63.556769,5.397
13258,63.5607,3.931
13259,63.56607,5.37
13260,63.570955,4.885
13261,63.575427,4.472
13262,63.580402,4.975
13263,63.5860970000001,5.695
13264,63.590263,4.166
13265,63.594632,4.369
13266,63.599689,5.057
13267,63.6053700000001,5.681
13268,63.6091850000001,3.815
13269,63.6144350000001,5.25
13270,63.6181150000001,3.68
13271,63.6220520000001,3.937
13272,63.6265790000001,4.527
13273,63.6335640000001,6.985
13274,63.6389300000001,5.366
13275,63.6432210000001,4.291
13276,63.6489880000001,5.767
13277,63.6529990000001,4.011
13278,63.6579360000001,4.937
13279,63.6622300000001,4.294
13280,63.6681090000001,5.879
13281,63.6731030000001,4.994
13282,63.6773420000001,4.239
13283,63.6843970000001,7.055
13284,63.6879630000001,3.566
13285,63.6922210000001,4.258
13286,63.6965630000001,4.342
13287,63.7055090000001,8.946
13288,63.7162790000001,10.77
13289,63.7226050000001,6.326
13290,63.7293570000001,6.752
13291,63.7417430000001,12.386
13292,63.7523620000001,10.619
13293,63.7620500000001,9.688
13294,63.7679520000001,5.902
13295,63.7781790000001,10.227
13296,63.7853770000001,7.198
13297,63.7956170000001,10.24
13298,63.8018020000001,6.185
13299,63.8114580000001,9.656
13300,63.8264060000001,14.948
13301,63.8354620000001,9.056
13302,63.8460850000001,10.623
13303,63.8521890000001,6.104
13304,63.8589920000001,6.803
13305,63.8653050000001,6.313
13306,63.8708640000001,5.559
13307,63.8762060000001,5.342
13308,63.8872310000001,11.025
13309,63.8968790000001,9.648
13310,63.9060660000001,9.187
13311,63.9112040000001,5.138
13312,63.9179820000001,6.778
13313,63.9236890000001,5.707
13314,63.9296250000001,5.936
13315,63.9336350000001,4.01
13316,63.9380510000001,4.416
13317,63.9430070000001,4.956
13318,63.9490350000001,6.028
13319,63.9538210000001,4.786
13320,63.9578060000001,3.985
13321,63.9616760000001,3.87
13322,63.9660480000001,4.372
13323,63.9728100000001,6.762
13324,63.9765070000001,3.697
13325,63.9812220000001,4.715
13326,63.9857810000001,4.559
13327,63.9903370000001,4.556
13328,63.9963500000001,6.013
13329,64.0004740000001,4.124
13330,64.0046670000001,4.193
13331,64.0095230000001,4.856
13332,64.0139280000001,4.405
13333,64.0195790000001,5.651
13334,64.0251970000001,5.618
13335,64.0288870000001,3.69
13336,64.0340470000001,5.16
13337,64.0379840000001,3.937
13338,64.0445180000001,6.534
13339,64.0484650000001,3.947
13340,64.0525870000001,4.122
13341,64.0570030000001,4.416
13342,64.0625520000001,5.549
13343,64.0685890000001,6.037
13344,64.0725090000001,3.92
13345,64.0775530000001,5.044
13346,64.0815580000001,4.005
13347,64.0859450000001,4.387
13348,64.0923360000001,6.391
13349,64.0980600000001,5.724
13350,64.1026210000001,4.561
13351,64.1057760000001,3.155
13352,64.1103080000001,4.532
13353,64.1155430000001,5.235
13354,64.1196950000001,4.152
13355,64.1239780000001,4.283
13356,64.1297030000001,5.725
13357,64.1380060000001,8.303
13358,64.1426050000001,4.599
13359,64.1466100000001,4.005
13360,64.1516000000001,4.99
13361,64.1556290000001,4.029
13362,64.1601980000001,4.569
13363,64.1675550000001,7.357
13364,64.1711950000001,3.64
13365,64.1756920000001,4.497
13366,64.1805210000001,4.829
13367,64.1856990000001,5.178
13368,64.1913500000001,5.651
13369,64.1961020000001,4.752
13370,64.2017860000001,5.684
13371,64.2052670000001,3.481
13372,64.2099240000001,4.657
13373,64.2164010000001,6.477
13374,64.2216200000001,5.219
13375,64.2257190000001,4.099
13376,64.2300170000001,4.298
13377,64.2371860000001,7.169
13378,64.2418090000001,4.623
13379,64.2454810000001,3.672
13380,64.2498670000001,4.386
13381,64.2549680000001,5.101
13382,64.2589320000001,3.964
13383,64.2649840000001,6.052
13384,64.2700470000001,5.063
13385,64.2736890000001,3.642
13386,64.2779410000001,4.252
13387,64.2822310000001,4.29
13388,64.2888280000001,6.597
13389,64.2925910000001,3.763
13390,64.2977870000001,5.196
13391,64.3032160000001,5.429
13392,64.3075780000001,4.362
13393,64.3137860000001,6.208
13394,64.3180360000001,4.25
13395,64.3227730000001,4.737
13396,64.3266870000001,3.914
13397,64.3315330000001,4.846
13398,64.3384010000001,6.868
13399,64.3413280000001,2.927
13400,64.3455970000001,4.269
13401,64.3499440000001,4.347
13402,64.354528,4.584
13403,64.360037,5.509
13404,64.364559,4.522
13405,64.369279,4.72
13406,64.37281,3.531
13407,64.376993,4.183
13408,64.381916,4.923
13409,64.386589,4.673
13410,64.390003,3.414
13411,64.394519,4.516
13412,64.402542,8.023
13413,64.405671,3.129
13414,64.409866,4.195
13415,64.414262,4.396
13416,64.419088,4.826
13417,64.422692,3.604
13418,64.429085,6.393
13419,64.435323,6.238
13420,64.439716,4.393
13421,64.44416,4.444
13422,64.448317,4.157
13423,64.455132,6.815
13424,64.458568,3.436
13425,64.463235,4.667
13426,64.468392,5.157
13427,64.47178,3.388
13428,64.478045,6.265
13429,64.482069,4.024
13430,64.487085,5.016
13431,64.490448,3.363
13432,64.494924,4.476
13433,64.499671,4.747
13434,64.503403,3.732
13435,64.507385,3.982
13436,64.511872,4.487
13437,64.518113,6.241
13438,64.522147,4.034
13439,64.526407,4.26
13440,64.53161,5.203
13441,64.535341,3.731
13442,64.539245,3.904
13443,64.54559,6.345
13444,64.551776,6.186
13445,64.556417,4.641
13446,64.560321,3.904
13447,64.565281,4.96
13448,64.570686,5.405
13449,64.574973,4.287
13450,64.579564,4.591
13451,64.584244,4.68
13452,64.587748,3.504
13453,64.593921,6.173
13454,64.598851,4.93
13455,64.602608,3.757
13456,64.60673,4.122
13457,64.611136,4.406
13458,64.616027,4.891
13459,64.620088,4.061
13460,64.623912,3.824
13461,64.628399,4.487
13462,64.633163,4.764
13463,64.638502,5.339
13464,64.642633,4.131
13465,64.648735,6.102
13466,64.653136,4.401
13467,64.656745,3.609
13468,64.662875,6.13
13469,64.667692,4.817
13470,64.671255,3.563
13471,64.675563,4.308
13472,64.680831,5.268
13473,64.686,5.169
13474,64.690094,4.094
13475,64.694503,4.409
13476,64.70002,5.517
13477,64.703943,3.923
13478,64.709136,5.193
13479,64.714864,5.728
13480,64.720759,5.895
13481,64.724709,3.95
13482,64.728932,4.223
13483,64.735274,6.342
13484,64.738954,3.68
13485,64.743306,4.352
13486,64.748573,5.267
13487,64.752236,3.663
13488,64.758044,5.808
13489,64.762269,4.225
13490,64.767325,5.056
13491,64.770821,3.496
13492,64.775502,4.681
13493,64.782067,6.565
13494,64.785158,3.091
13495,64.78963,4.472
13496,64.793554,3.924
13497,64.798749,5.195
13498,64.802194,3.445
13499,64.806364,4.17
13500,64.810641,4.277
13501,64.817871,7.23
13502,64.822989,5.118
13503,64.826497,3.508
13504,64.83163,5.133
13505,64.835248,3.618
13506,64.83952,4.272
13507,64.844076,4.556
13508,64.849644,5.568
13509,64.853011,3.367
13510,64.856913,3.902
13511,64.861468,4.555
13512,64.866778,5.31
13513,64.872264,5.486
13514,64.876577,4.313
13515,64.882166,5.589
13516,64.887149,4.983
13517,64.892028,4.879
13518,64.898184,6.156
13519,64.903219,5.035
13520,64.90682,3.601
13521,64.911411,4.591
13522,64.917487,6.076
13523,64.922094,4.607
13524,64.926234,4.14
13525,64.930571,4.337
13526,64.935777,5.206
13527,64.939188,3.411
13528,64.945655,6.467
13529,64.950662,5.007
13530,64.95407,3.408
13531,64.958391,4.321
13532,64.962862,4.471
13533,64.969771,6.909
13534,64.973403,3.632
13535,64.977814,4.411
13536,64.983175,5.361
13537,64.986611,3.436
13538,64.992558,5.947
13539,64.996962,4.404
13540,65.001948,4.986
13541,65.005597,3.649
13542,65.00996,4.363
13543,65.017105,7.145
13544,65.020862,3.757
13545,65.025159,4.297
13546,65.029425,4.266
13547,65.035172,5.747
13548,65.040109,4.937
13549,65.044467,4.358
13550,65.049426,4.959
13551,65.053339,3.913
13552,65.05774,4.401
13553,65.0637539999999,6.014
13554,65.0687539999999,5.0
13555,65.0722849999999,3.531
13556,65.0767539999999,4.469
13557,65.0816919999999,4.938
13558,65.0873489999999,5.657
13559,65.0915899999999,4.241
13560,65.0960449999999,4.455
13561,65.1010929999999,5.048
13562,65.1046709999999,3.578
13563,65.1111699999999,6.499
13564,65.1162019999999,5.032
13565,65.1197349999999,3.533
13566,65.1240399999999,4.305
13567,65.1286529999999,4.613
13568,65.1355749999999,6.922
13569,65.1394259999999,3.851
13570,65.1435239999999,4.098
13571,65.1486829999999,5.159
13572,65.1523099999999,3.627
13573,65.1586589999999,6.349
13574,65.1630969999999,4.438
13575,65.1680749999999,4.978
13576,65.1717899999999,3.715
13577,65.1763489999999,4.559
13578,65.1815929999999,5.244
13579,65.1851499999999,3.557
13580,65.1895879999999,4.438
13581,65.1941439999999,4.556
13582,65.1991369999999,4.993
13583,65.2046109999999,5.474
13584,65.2091019999999,4.491
13585,65.2142349999999,5.133
13586,65.2180999999999,3.865
13587,65.2228529999999,4.753
13588,65.2289769999999,6.124
13589,65.2349559999999,5.979
13590,65.2390039999999,4.048
13591,65.2429109999999,3.907
13592,65.2483289999999,5.418
13593,65.2531769999999,4.848
13594,65.2579429999999,4.766
13595,65.2625479999999,4.605
13596,65.2677549999999,5.207
13597,65.2714159999999,3.661
13598,65.2779709999999,6.555
13599,65.2831239999999,5.153
13600,65.2871589999999,4.035
13601,65.2916299999999,4.471
13602,65.2965349999999,4.905
13603,65.3033139999999,6.779
13604,65.3072109999999,3.897
13605,65.3119569999999,4.746
13606,65.3173029999999,5.346
13607,65.3209889999999,3.686
13608,65.3275039999999,6.515
13609,65.3322299999999,4.726
13610,65.3374209999999,5.191
13611,65.3411169999999,3.696
13612,65.3458749999999,4.758
13613,65.3528199999999,6.945
13614,65.3566449999999,3.825
13615,65.3615609999999,4.916
13616,65.3657889999999,4.228
13617,65.3709189999999,5.13
13618,65.3765409999999,5.622
13619,65.3808759999999,4.335
13620,65.3860349999999,5.159
13621,65.3897639999999,3.729
13622,65.3940509999999,4.287
13623,65.4006139999999,6.563
13624,65.4056879999999,5.074
13625,65.4092799999999,3.592
13626,65.4134839999999,4.204
13627,65.4183899999999,4.906
13628,65.4238419999999,5.452
13629,65.4283329999999,4.491
13630,65.4326309999999,4.298
13631,65.4388319999999,6.201
13632,65.4422139999999,3.382
13633,65.4479929999999,5.779
13634,65.4530649999999,5.072
13635,65.4564019999999,3.337
13636,65.4606799999999,4.278
13637,65.4651699999999,4.49
13638,65.4717969999999,6.627
13639,65.4754459999999,3.649
13640,65.4797319999999,4.286
13641,65.4847949999999,5.063
13642,65.4882899999999,3.495
13643,65.4947079999999,6.418
13644,65.4986289999999,3.921
13645,65.5037129999999,5.084
13646,65.5072189999999,3.506
13647,65.5115539999999,4.335
13648,65.5164419999999,4.888
13649,65.5199549999999,3.513
13650,65.5241629999999,4.208
13651,65.5287729999999,4.61
13652,65.5335519999999,4.779
13653,65.5388259999999,5.274
13654,65.5431739999999,4.348
13655,65.5485939999999,5.42
13656,65.5537239999999,5.13
13657,65.5581579999999,4.434
13658,65.5643439999999,6.186
13659,65.5691269999999,4.783
13660,65.5726379999999,3.511
13661,65.5770939999999,4.456
13662,65.5820819999999,4.988
13663,65.5875759999999,5.494
13664,65.5917449999999,4.169
13665,65.5961419999999,4.397
13666,65.6009309999999,4.789
13667,65.6050209999999,4.09
13668,65.6107569999999,5.736
13669,65.6160489999999,5.292
13670,65.6206569999999,4.608
13671,65.6255659999999,4.909
13672,65.6322599999999,6.694
13673,65.6372629999999,5.003
13674,65.6421599999999,4.897
13675,65.6508899999999,8.73
13676,65.6576449999999,6.755
13677,65.6642139999999,6.569
13678,65.6681349999999,3.921
13679,65.6737619999999,5.627
13680,65.6785519999999,4.79
13681,65.6844259999999,5.874
13682,65.6891639999999,4.738
13683,65.692359,3.195
13684,65.6969489999999,4.59
13685,65.701382,4.433
13686,65.70643,5.048
13687,65.713537,7.107
13688,65.724455,10.918
13689,65.728786,4.331
13690,65.733422,4.636
13691,65.738056,4.634
13692,65.742288,4.232
13693,65.747139,4.851
13694,65.751318,4.179
13695,65.75476,3.442
13696,65.758977,4.217
13697,65.766102,7.125
13698,65.769827,3.725
13699,65.775855,6.028
13700,65.781105,5.25
13701,65.788599,7.494
13702,65.794118,5.519
13703,65.802004,7.886
13704,65.80673,4.726
13705,65.814046,7.316
13706,65.819608,5.562
13707,65.823794,4.186
13708,65.829206,5.412
13709,65.834822,5.616
13710,65.843106,8.284
13711,65.851335,8.229
13712,65.859243,7.908
13713,65.863446,4.203
13714,65.868682,5.236
13715,65.873579,4.897
13716,65.878938,5.359
13717,65.890007,11.069
13718,65.901202,11.195
13719,65.906214,5.012
13720,65.911175,4.961
13721,65.917377,6.202
13722,65.924113,6.736
13723,65.933801,9.688
13724,65.943201,9.4
13725,65.950374,7.173
13726,65.954745,4.371
13727,65.960971,6.226
13728,65.964897,3.926
13729,65.972289,7.392
13730,65.976204,3.915
13731,65.979696,3.492
13732,65.984656,4.96
13733,65.988765,4.109
13734,65.993771,5.006
13735,65.9988,5.029
13736,66.002994,4.194
13737,66.008779,5.785
13738,66.013184,4.405
13739,66.017371,4.187
13740,66.024422,7.051
13741,66.02814,3.718
13742,66.033014,4.874
13743,66.037318,4.304
13744,66.041824,4.506
13745,66.047452,5.628
13746,66.051882,4.43
13747,66.056853,4.971
13748,66.061096,4.243
13749,66.065539,4.443
13750,66.071395,5.856
13751,66.076329,4.934
13752,66.080106,3.777
13753,66.084951,4.845
13754,66.089761,4.81
13755,66.095564,5.803
13756,66.100727,5.163
13757,66.104144,3.417
13758,66.10989,5.746
13759,66.113627,3.737
13760,66.119692,6.065
13761,66.124891,5.199
13762,66.128621,3.73
13763,66.134513,5.892
13764,66.139601,5.088
13765,66.146656,7.055
13766,66.150302,3.646
13767,66.154619,4.317
13768,66.160301,5.682
13769,66.164539,4.238
13770,66.17029,5.751
13771,66.174447,4.157
13772,66.179641,5.194
13773,66.183609,3.968
13774,66.18805,4.441
13775,66.195278,7.228
13776,66.199395,4.117
13777,66.203467,4.072
13778,66.207284,3.817
13779,66.212577,5.293
13780,66.216027,3.45
13781,66.220514,4.487
13782,66.22745,6.936
13783,66.230915,3.465
13784,66.236642,5.727
13785,66.24067,4.028
13786,66.245363,4.693
13787,66.249755,4.392
13788,66.253587,3.832
13789,66.258599,5.012
13790,66.262391,3.792
13791,66.267003,4.612
13792,66.271147,4.144
13793,66.278803,7.656
13794,66.282409,3.606
13795,66.286187,3.778
13796,66.291174,4.987
13797,66.294983,3.809
13798,66.3006,5.617
13799,66.304459,3.859
13800,66.311253,6.794
13801,66.316026,4.773
13802,66.320749,4.723
13803,66.325477,4.728
13804,66.329432,3.955
13805,66.333545,4.113
13806,66.337822,4.277
13807,66.34259,4.768
13808,66.346865,4.275
13809,66.351379,4.514
13810,66.355901,4.522
13811,66.361038,5.137
13812,66.365092,4.054
13813,66.371175,6.083
13814,66.375827,4.652
13815,66.379557,3.73
13816,66.383618,4.061
13817,66.387746,4.128
13818,66.392686,4.94
13819,66.397907,5.221
13820,66.4037,5.793
13821,66.408402,4.702
13822,66.414285,5.883
13823,66.418482,4.197
13824,66.422087,3.605
13825,66.426994,4.907
13826,66.430507,3.513
13827,66.434742,4.235
13828,66.439027,4.285
13829,66.443995,4.968
13830,66.448941,4.946
13831,66.454559,5.618
13832,66.458957,4.398
13833,66.464357,5.4
13834,66.468588,4.231
13835,66.472832,4.244
13836,66.477888,5.056
13837,66.482503,4.615
13838,66.48689,4.387
13839,66.491814,4.924
13840,66.498371,6.557
13841,66.501771,3.4
13842,66.507948,6.177
13843,66.513014,5.066
13844,66.517656,4.642
13845,66.522502,4.846
13846,66.526741,4.239
13847,66.531714,4.973
13848,66.535176,3.462
13849,66.539278,4.102
13850,66.543652,4.374
13851,66.548794,5.142
13852,66.552,3.206
13853,66.558226,6.226
13854,66.563119,4.893
13855,66.566478,3.359
13856,66.570708,4.23
13857,66.574907,4.199
13858,66.580998,6.091
13859,66.5842,3.202
13860,66.58956,5.36
13861,66.593995,4.435
13862,66.599579,5.584
13863,66.602649,3.07
13864,66.606456,3.807
13865,66.611607,5.151
13866,66.615371,3.764
13867,66.619576,4.205
13868,66.623564,3.988
13869,66.628434,4.87
13870,66.631881,3.447
13871,66.636182,4.301
13872,66.640106,3.924
13873,66.645439,5.333
13874,66.648807,3.368
13875,66.652866,4.059
13876,66.657634,4.768
13877,66.662884,5.25
13878,66.666121,3.237
13879,66.670361,4.24
13880,66.675077,4.716
13881,66.678854,3.777
13882,66.683387,4.533
13883,66.687197,3.81
13884,66.692052,4.855
13885,66.69547,3.418
13886,66.702082,6.612
13887,66.706637,4.555
13888,66.710317,3.68
13889,66.71606,5.743
13890,66.720145,4.085
13891,66.724105,3.96
13892,66.727689,3.584
13893,66.73273,5.041
13894,66.736244,3.514
13895,66.741429,5.185
13896,66.744813,3.384
13897,66.751004,6.191
13898,66.756033,5.029
13899,66.759513,3.48
13900,66.76394,4.427
13901,66.768121,4.181
13902,66.773122,5.001
13903,66.776863,3.741
13904,66.782988,6.125
13905,66.786619,3.631
13906,66.791828,5.209
13907,66.795194,3.366
13908,66.800236,5.042
13909,66.804116,3.88
13910,66.808989,4.873
13911,66.81501,6.021
13912,66.820069,5.059
13913,66.824952,4.883
13914,66.831634,6.682
13915,66.836291,4.657
13916,66.840271,3.98
13917,66.844917,4.646
13918,66.850121,5.204
13919,66.853454,3.333
13920,66.857856,4.402
13921,66.862546,4.69
13922,66.867618,5.072
13923,66.87129,3.672
13924,66.875641,4.351
13925,66.880926,5.285
13926,66.884868,3.942
13927,66.889031,4.163
13928,66.895639,6.608
13929,66.900858,5.219
13930,66.904646,3.788
13931,66.909182,4.536
13932,66.913751,4.569
13933,66.918977,5.226
13934,66.92265,3.673
13935,66.929487,6.837
13936,66.934634,5.147
13937,66.938215,3.581
13938,66.942683,4.468
13939,66.94713,4.447
13940,66.95237,5.24
13941,66.956107,3.737
13942,66.960535,4.428
13943,66.964852,4.317
13944,66.969877,5.025
13945,66.973806,3.929
13946,66.978304,4.498
13947,66.983311,5.007
13948,66.987146,3.835
13949,66.991516,4.37
13950,66.996168,4.652
13951,67.001161,4.993
13952,67.0048379999999,3.677
13953,67.009143,4.305
13954,67.014054,4.911
13955,67.018737,4.683
13956,67.022504,3.767
13957,67.027131,4.627
13958,67.0335159999999,6.385
13959,67.037776,4.26
13960,67.04269,4.914
13961,67.048474,5.784
13962,67.054314,5.84
13963,67.057932,3.618
13964,67.063034,5.102
13965,67.066507,3.473
13966,67.071406,4.899
13967,67.0752639999999,3.858
13968,67.0794689999999,4.205
13969,67.0845969999999,5.128
13970,67.0879839999999,3.387
13971,67.092378,4.394
13972,67.096751,4.373
13973,67.102014,5.263
13974,67.10535,3.336
13975,67.109641,4.291
13976,67.1138369999999,4.196
13977,67.1188969999999,5.06
13978,67.1224159999999,3.519
13979,67.1270889999999,4.673
13980,67.1326539999999,5.565
13981,67.1373689999999,4.715
13982,67.140964,3.595
13983,67.147206,6.242
13984,67.152164,4.958
13985,67.155638,3.474
13986,67.160113,4.475
13987,67.164177,4.064
13988,67.168951,4.774
13989,67.172641,3.69
13990,67.177108,4.467
13991,67.181871,4.763
13992,67.187143,5.272
13993,67.191381,4.238
13994,67.197581,6.2
13995,67.202914,5.333
13996,67.207832,4.918
13997,67.212256,4.424
13998,67.218307,6.051
13999,67.223158,4.851
14000,67.228886,5.728
14001,67.233349,4.463
14002,67.239912,6.563
14003,67.24337,3.458
14004,67.249557,6.187
14005,67.254089,4.532
14006,67.261254,7.165
14007,67.265826,4.572
14008,67.270785,4.959
14009,67.275452,4.667
14010,67.281005,5.553
14011,67.285356,4.351
14012,67.292132,6.776
14013,67.295957,3.825
14014,67.302115,6.158
14015,67.306789,4.674
14016,67.312427,5.638
14017,67.316565,4.138
14018,67.323447,6.882
14019,67.32721,3.763
14020,67.333468,6.258
14021,67.338713,5.245
14022,67.343814,5.101
14023,67.348462,4.648
14024,67.355425,6.963
14025,67.358816,3.391
14026,67.365178,6.362
14027,67.370133,4.955
14028,67.375635,5.502
14029,67.380498,4.863
14030,67.386802,6.304
14031,67.390548,3.746
14032,67.396872,6.324
14033,67.401961,5.089
14034,67.407421,5.46
14035,67.413646,6.225
14036,67.418655,5.009
14037,67.422399,3.744
14038,67.42858,6.181
14039,67.433806,5.226
14040,67.439075,5.269
14041,67.443553,4.478
14042,67.450324,6.771
14043,67.454605,4.281
14044,67.46017,5.565
14045,67.465702,5.532
14046,67.470647,4.945
14047,67.474988,4.341
14048,67.482847,7.859
14049,67.486099,3.252
14050,67.491616,5.517
14051,67.495966,4.35
14052,67.50292,6.954
14053,67.506335,3.415
14054,67.513304,6.969
14055,67.518196,4.892
14056,67.522982,4.786
14057,67.527354,4.372
14058,67.534137,6.783
14059,67.537791,3.654
14060,67.543924,6.133
14061,67.550208,6.284
14062,67.555582,5.374
14063,67.559062,3.48
14064,67.564241,5.179
14065,67.567716,3.475
14066,67.571864,4.148
14067,67.576109,4.245
14068,67.583262,7.153
14069,67.586945,3.683
14070,67.591137,4.192
14071,67.598075,6.938
14072,67.601803,3.728
14073,67.605765,3.962
14074,67.610871,5.106
14075,67.615908,5.037
14076,67.620098,4.19
14077,67.624392,4.294
14078,67.629625,5.233
14079,67.632845,3.22
14080,67.639368,6.523
14081,67.644534,5.166
14082,67.649829,5.295
14083,67.653953,4.124
14084,67.658735,4.782
14085,67.662624,3.889
14086,67.666939,4.315
14087,67.671458,4.519
14088,67.676446,4.988
14089,67.681883,5.437
14090,67.685426,3.543
14091,67.692165,6.739
14092,67.695817,3.652
14093,67.700509,4.692
14094,67.705776,5.267
14095,67.709683,3.907
14096,67.715115,5.432
14097,67.719646,4.531
14098,67.724387,4.741
14099,67.728184,3.797
14100,67.732701,4.517
14101,67.737192,4.491
14102,67.742538,5.346
14103,67.748143,5.605
14104,67.751902,3.759
14105,67.75731,5.408
14106,67.761088,3.778
14107,67.765371,4.283
14108,67.769868,4.497
14109,67.777531,7.663
14110,67.78166,4.129
14111,67.786906,5.246
14112,67.79127,4.364
14113,67.79742,6.15
14114,67.802905,5.485
14115,67.807211,4.306
14116,67.812348,5.137
14117,67.815871,3.523
14118,67.820456,4.585
14119,67.824265,3.809
14120,67.830939,6.674
14121,67.835061,4.122
14122,67.839592,4.531
14123,67.843917,4.325
14124,67.848828,4.911
14125,67.852765,3.937
14126,67.856375,3.61
14127,67.861589,5.214
14128,67.866121,4.532
14129,67.871605,5.484
14130,67.875646,4.041
14131,67.880649,5.003
14132,67.884038,3.389
14133,67.888178,4.14
14134,67.892229,4.051
14135,67.899211,6.982
14136,67.90235,3.139
14137,67.906139,3.789
14138,67.911636,5.497
14139,67.914633,2.997
14140,67.920862,6.229
14141,67.924796,3.934
14142,67.930287,5.491
14143,67.934563,4.276
14144,67.938393,3.83
14145,67.94154,3.147
14146,67.947047,5.507
14147,67.950349,3.302
14148,67.954559,4.21
14149,67.961659,7.1
14150,67.96636,4.701
14151,67.970511,4.151
14152,67.975031,4.52
14153,67.980394,5.363
14154,67.983668,3.274
14155,67.987995,4.327
14156,67.992031,4.036
14157,67.998172,6.141
14158,68.003198,5.026
14159,68.007271,4.073
14160,68.014264,6.993
14161,68.017547,3.283
14162,68.021892,4.345
14163,68.026061,4.169
14164,68.032546,6.485
14165,68.037554,5.008
14166,68.041752,4.198
14167,68.046087,4.335
14168,68.050975,4.888
14169,68.056504,5.529
14170,68.06085,4.346
14171,68.067445,6.595
14172,68.070737,3.292
14173,68.075175,4.438
14174,68.079277,4.102
14175,68.084251,4.974
14176,68.08763,3.379
14177,68.092129,4.499
14178,68.098198,6.069
14179,68.101776,3.578
14180,68.106921,5.145
14181,68.111246,4.325
14182,68.116259,5.013
14183,68.119631,3.372
14184,68.124157,4.526
14185,68.131742,7.585
14186,68.135262,3.52
14187,68.138862,3.6
14188,68.1432,4.338
14189,68.149818,6.618
14190,68.153364,3.546
14191,68.15924,5.876
14192,68.164957,5.717
14193,68.170243,5.286
14194,68.174957,4.714
14195,68.179626,4.669
14196,68.184312,4.686
14197,68.187591,3.279
14198,68.191839,4.248
14199,68.198749,6.91
14200,68.2026210000001,3.872
14201,68.2067230000001,4.102
14202,68.211307,4.584
14203,68.215821,4.514
14204,68.2191910000001,3.37
14205,68.2235370000001,4.346
14206,68.2293600000001,5.823
14207,68.2366700000001,7.31
14208,68.2404530000001,3.783
14209,68.2462870000001,5.834
14210,68.2509630000001,4.676
14211,68.2561300000001,5.167
14212,68.2629710000001,6.841
14213,68.2675670000001,4.596
14214,68.2722690000001,4.702
14215,68.2760800000001,3.811
14216,68.280196,4.116
14217,68.285242,5.046
14218,68.288323,3.081
14219,68.292615,4.292
14220,68.297115,4.5
14221,68.301629,4.514
14222,68.305144,3.515
14223,68.309373,4.229
14224,68.316644,7.271
14225,68.319868,3.224
14226,68.32497,5.102
14227,68.329596,4.626
14228,68.334124,4.528
14229,68.339562,5.438
14230,68.343744,4.182
14231,68.350312,6.568
14232,68.353503,3.191
14233,68.357563,4.06
14234,68.361792,4.229
14235,68.367286,5.494
14236,68.370552,3.266
14237,68.374749,4.197
14238,68.381201,6.452
14239,68.383924,2.723
14240,68.389852,5.928
14241,68.394154,4.302
14242,68.399847,5.693
14243,68.403179,3.332
14244,68.407348,4.169
14245,68.414461,7.113
14246,68.418127,3.666
14247,68.422429,4.302
14248,68.426752,4.323
14249,68.433843,7.091
14250,68.437012,3.169
14251,68.442717,5.705
14252,68.448333,5.616
14253,68.451955,3.622
14254,68.457453,5.498
14255,68.461899,4.446
14256,68.467108,5.209
14257,68.470119,3.011
14258,68.474313,4.194
14259,68.47948,5.167
14260,68.485638,6.158
14261,68.489336,3.698
14262,68.493692,4.356
14263,68.498481,4.789
14264,68.501944,3.463
14265,68.50625,4.306
14266,68.513489,7.239
14267,68.51738,3.891
14268,68.521819,4.439
14269,68.52805,6.231
14270,68.533076,5.026
14271,68.537961,4.885
14272,68.542134,4.173
14273,68.546881,4.747
14274,68.552052,5.171
14275,68.554835,2.783
14276,68.559249,4.414
14277,68.564068,4.819
14278,68.567649,3.581
14279,68.571908,4.259
14280,68.578052,6.144
14281,68.582829,4.777
14282,68.586236,3.407
14283,68.590429,4.193
14284,68.597518,7.089
14285,68.60101,3.492
14286,68.605142,4.132
14287,68.609504,4.362
14288,68.614322,4.818
14289,68.617817,3.495
14290,68.622004,4.187
14291,68.626276,4.272
14292,68.631419,5.143
14293,68.634731,3.312
14294,68.639068,4.337
14295,68.644309,5.241
14296,68.648109,3.8
14297,68.652101,3.992
14298,68.656136,4.035
14299,68.661263,5.127
14300,68.664748,3.485
14301,68.668962,4.214
14302,68.673507,4.545
14303,68.680056,6.549
14304,68.68306,3.004
14305,68.687314,4.254
14306,68.692347,5.033
14307,68.696607,4.26
14308,68.700581,3.974
14309,68.704886,4.305
14310,68.710136,5.25
14311,68.714513,4.377
14312,68.718102,3.589
14313,68.722309,4.207
14314,68.727544,5.235
14315,68.731216,3.672
14316,68.735431,4.215
14317,68.740568,5.137
14318,68.744003,3.435
14319,68.749671,5.668
14320,68.753295,3.624
14321,68.758081,4.786
14322,68.761806,3.725
14323,68.768236,6.43
14324,68.772673,4.437
14325,68.778089,5.416
14326,68.782355,4.266
14327,68.786123,3.768
14328,68.791117,4.994
14329,68.795728,4.611
14330,68.799708,3.98
14331,68.804041,4.333
14332,68.809215,5.174
14333,68.813044,3.829
14334,68.817897,4.853
14335,68.82239,4.493
14336,68.827613,5.223
14337,68.831579,3.966
14338,68.836065,4.486
14339,68.841494,5.429
14340,68.847551,6.057
14341,68.853524,5.973
14342,68.856988,3.464
14343,68.864139,7.151
14344,68.8686819999999,4.543
14345,68.872947,4.265
14346,68.876892,3.945
14347,68.881993,5.101
14348,68.885656,3.663
14349,68.8910389999999,5.383
14350,68.897319,6.28
14351,68.901845,4.526
14352,68.905666,3.821
14353,68.910243,4.577
14354,68.915376,5.133
14355,68.919118,3.742
14356,68.923985,4.867
14357,68.935111,11.126
14358,68.940625,5.514
14359,68.943591,2.966
14360,68.948815,5.224
14361,68.953617,4.802
14362,68.957585,3.968
14363,68.961876,4.291
14364,68.966689,4.813
14365,68.970148,3.459
14366,68.974286,4.138
14367,68.979022,4.736
14368,68.983658,4.636
14369,68.987109,3.451
14370,68.991378,4.269
14371,68.996535,5.157
14372,69.0006729999999,4.138
14373,69.0044009999999,3.728
14374,69.0085569999999,4.156
14375,69.0141929999999,5.636
14376,69.0173869999999,3.194
14377,69.0215579999999,4.171
14378,69.0259079999999,4.35
14379,69.0318179999999,5.91
14380,69.0346009999999,2.783
14381,69.0388619999999,4.261
14382,69.0432289999999,4.367
14383,69.0495439999999,6.315
14384,69.0536909999999,4.147
14385,69.0582629999999,4.572
14386,69.0639749999999,5.712
14387,69.0672609999999,3.286
14388,69.0710939999999,3.833
14389,69.0753669999999,4.273
14390,69.0807169999999,5.35
14391,69.0841619999999,3.445
14392,69.0882639999999,4.102
14393,69.0926619999999,4.398
14394,69.0986679999999,6.006
14395,69.1021949999999,3.527
14396,69.1064929999999,4.298
14397,69.1117279999999,5.235
14398,69.1150519999999,3.324
14399,69.1194479999999,4.396
14400,69.123747,4.299
14401,69.130018,6.271
14402,69.133146,3.128
14403,69.13745,4.304
14404,69.141727,4.277
14405,69.148163,6.436
14406,69.152402,4.239
14407,69.156965,4.563
14408,69.162055,5.09
14409,69.1661099999999,4.055
14410,69.170031,3.921
14411,69.174343,4.312
14412,69.180027,5.684
14413,69.183172,3.145
14414,69.187486,4.314
14415,69.1918279999999,4.342
14416,69.1972919999999,5.464
14417,69.2006969999999,3.405
14418,69.2049939999999,4.297
14419,69.2102649999999,5.271
14420,69.2139449999999,3.68
14421,69.2179549999999,4.01
14422,69.2221729999999,4.218
14423,69.2274539999999,5.281
14424,69.2321629999999,4.709
14425,69.2363839999999,4.221
14426,69.2406059999999,4.222
14427,69.2472469999999,6.641
14428,69.2506599999999,3.413
14429,69.2560199999999,5.36
14430,69.2619449999999,5.925
14431,69.2656519999999,3.707
14432,69.2710829999999,5.431
14433,69.2751679999999,4.085
14434,69.2804079999999,5.24
14435,69.2837869999999,3.379
14436,69.2881349999999,4.348
14437,69.2923689999999,4.234
14438,69.2973229999999,4.954
14439,69.3007039999999,3.381
14440,69.3049359999999,4.232
14441,69.3100649999999,5.129
14442,69.3137459999999,3.681
14443,69.3175909999999,3.845
14444,69.3218129999999,4.222
14445,69.3270549999999,5.242
14446,69.3308189999999,3.764
14447,69.3346549999999,3.836
14448,69.3388679999999,4.213
14449,69.3461019999999,7.234
14450,69.3498219999999,3.72
14451,69.3534109999999,3.589
14452,69.3581399999999,4.729
14453,69.3621069999999,3.967
14454,69.3661609999999,4.054
14455,69.3703639999999,4.203
14456,69.3751139999999,4.75
14457,69.3806039999999,5.49
14458,69.3841749999999,3.571
14459,69.3884989999999,4.324
14460,69.3935529999999,5.054
14461,69.3979669999999,4.414
14462,69.4015009999999,3.534
14463,69.4087419999999,7.241
14464,69.4118969999999,3.155
14465,69.4163469999999,4.45
14466,69.4201919999999,3.845
14467,69.4245809999999,4.389
14468,69.4302879999999,5.707
14469,69.4339119999999,3.624
14470,69.4381619999999,4.25
14471,69.4432319999999,5.07
14472,69.4492909999999,6.059
14473,69.4524199999999,3.129
14474,69.4570819999999,4.662
14475,69.4606819999999,3.6
14476,69.4661219999999,5.44
14477,69.4696119999999,3.49
14478,69.4745469999999,4.935
14479,69.4781079999999,3.561
14480,69.4846959999999,6.588
14481,69.4888129999999,4.117
14482,69.4937559999999,4.943
14483,69.4983819999999,4.626
14484,69.5020459999999,3.664
14485,69.5068009999999,4.755
14486,69.5126629999999,5.862
14487,69.5171599999999,4.497
14488,69.5207559999999,3.596
14489,69.5258669999999,5.111
14490,69.5306659999999,4.799
14491,69.5350279999999,4.362
14492,69.5392109999999,4.183
14493,69.5444559999999,5.245
14494,69.5484779999999,4.022
14495,69.5522569999999,3.779
14496,69.5595989999999,7.342
14497,69.5633929999999,3.794
14498,69.5671209999999,3.728
14499,69.5732289999999,6.108
14500,69.5785399999999,5.311
14501,69.5818669999999,3.327
14502,69.5861349999999,4.268
14503,69.5904149999999,4.28
14504,69.5966249999999,6.21
14505,69.5993739999999,2.749
14506,69.6038349999999,4.461
14507,69.6158309999999,11.996
14508,69.6207679999999,4.937
14509,69.6238909999999,3.123
14510,69.6289689999999,5.078
14511,69.6334579999999,4.489
14512,69.6368159999999,3.358
14513,69.6412449999999,4.429
14514,69.6461479999999,4.903
14515,69.6511959999999,5.048
14516,69.6556499999999,4.454
14517,69.6600619999999,4.412
14518,69.6648109999999,4.749
14519,69.6703179999999,5.507
14520,69.6746629999999,4.345
14521,69.6789479999999,4.285
14522,69.6839669999999,5.019
14523,69.6876119999999,3.645
14524,69.6921289999999,4.517
14525,69.6962709999999,4.142
14526,69.7013069999999,5.036
14527,69.7050349999999,3.728
14528,69.7095439999999,4.509
14529,69.7145729999999,5.029
14530,69.7180139999999,3.441
14531,69.7223569999999,4.343
14532,69.7272569999999,4.9
14533,69.7327859999999,5.529
14534,69.7360939999999,3.308
14535,69.7405559999999,4.462
14536,69.7446949999999,4.139
14537,69.7500869999999,5.392
14538,69.7535179999999,3.431
14539,69.7597789999999,6.261
14540,69.7646779999999,4.899
14541,69.7684239999999,3.746
14542,69.7728889999999,4.465
14543,69.7772319999999,4.343
14544,69.7823009999999,5.069
14545,69.7859699999999,3.669
14546,69.7902329999999,4.263
14547,69.7951949999999,4.962
14548,69.8003529999999,5.158
14549,69.8039329999999,3.58
14550,69.8084649999999,4.532
14551,69.8134319999999,4.967
14552,69.8171919999999,3.76
14553,69.8215839999999,4.392
14554,69.8262259999999,4.642
14555,69.8319909999999,5.765
14556,69.8364899999999,4.499
14557,69.8407289999999,4.239
14558,69.8453019999999,4.573
14559,69.8526179999999,7.316
14560,69.8558559999999,3.238
14561,69.8604649999999,4.609
14562,69.8656649999999,5.2
14563,69.8694109999999,3.746
14564,69.8739209999999,4.51
14565,69.8785469999999,4.626
14566,69.8836329999999,5.086
14567,69.8875719999999,3.939
14568,69.8922369999999,4.665
14569,69.8979449999999,5.708
14570,69.9015049999999,3.56
14571,69.9059809999999,4.476
14572,69.9107059999999,4.725
14573,69.9158999999999,5.194
14574,69.9196989999999,3.799
14575,69.9244279999999,4.729
14576,69.9308819999999,6.454
14577,69.9346989999999,3.817
14578,69.9400479999999,5.349
14579,69.9464859999999,6.438
14580,69.9516529999999,5.167
14581,69.9556769999999,4.024
14582,69.9599979999999,4.321
14583,69.9653449999999,5.347
14584,69.9688069999999,3.462
14585,69.9732269999999,4.42
14586,69.9787289999999,5.502
14587,69.9833369999999,4.608
14588,69.9868819999999,3.545
14589,69.9914079999999,4.526
14590,69.9976399999999,6.232
14591,70.0012999999999,3.66
14592,70.0054759999999,4.176
14593,70.0099699999999,4.494
14594,70.0150299999999,5.06
14595,70.0185489999999,3.519
14596,70.0244289999999,5.88
14597,70.0323779999999,7.949
14598,70.0365449999999,4.167
14599,70.0398309999999,3.286
14600,70.0442459999999,4.415
14601,70.0494889999999,5.243
14602,70.0529309999999,3.442
14603,70.0573749999999,4.444
14604,70.0615329999999,4.158
14605,70.0665699999999,5.037
14606,70.0702059999999,3.636
14607,70.0745079999999,4.302
14608,70.0795949999999,5.087
14609,70.0832849999999,3.69
14610,70.0874919999999,4.207
14611,70.0923329999999,4.841
14612,70.0976489999999,5.316
14613,70.1005339999999,2.885
14614,70.1048939999999,4.36
14615,70.1096069999999,4.713
14616,70.1143529999999,4.746
14617,70.1177579999999,3.405
14618,70.1222669999999,4.509
14619,70.1303499999999,8.083
14620,70.1342999999999,3.95
14621,70.1384839999999,4.184
14622,70.1427589999999,4.275
14623,70.1476429999999,4.884
14624,70.1511969999999,3.554
14625,70.1553849999999,4.188
14626,70.1616239999999,6.239
14627,70.1656989999999,4.075
14628,70.1693479999999,3.649
14629,70.1736249999999,4.277
14630,70.1802289999999,6.604
14631,70.1838159999999,3.587
14632,70.1880619999999,4.246
14633,70.1929279999999,4.866
14634,70.1975359999999,4.608
14635,70.2009089999999,3.373
14636,70.2065079999999,5.599
14637,70.2113859999999,4.878
14638,70.2165669999999,5.181
14639,70.2210399999999,4.473
14640,70.2255889999999,4.549
14641,70.2303279999999,4.739
14642,70.2339579999999,3.63
14643,70.2383849999999,4.427
14644,70.2427279999999,4.343
14645,70.2486389999999,5.911
14646,70.2524609999999,3.822
14647,70.2555459999999,3.085
14648,70.2598919999999,4.346
14649,70.2650979999999,5.206
14650,70.2688179999999,3.72
14651,70.2727969999999,3.979
14652,70.2776999999999,4.903
14653,70.2835509999999,5.851
14654,70.2878759999999,4.325
14655,70.2921339999999,4.258
14656,70.2982509999999,6.117
14657,70.3017929999999,3.542
14658,70.3059939999999,4.201
14659,70.3122339999999,6.24
14660,70.3171499999999,4.916
14661,70.3216239999999,4.474
14662,70.3258799999999,4.256
14663,70.3313179999999,5.438
14664,70.3345089999999,3.191
14665,70.3388709999999,4.362
14666,70.3448279999999,5.957
14667,70.3527289999999,7.901
14668,70.3555159999999,2.787
14669,70.3598829999999,4.367
14670,70.3651739999999,5.291
14671,70.3685849999999,3.411
14672,70.3729429999999,4.358
14673,70.3786299999999,5.687
14674,70.3834359999999,4.806
14675,70.3866989999999,3.263
14676,70.3926019999999,5.903
14677,70.3964849999999,3.883
14678,70.4014199999999,4.935
14679,70.4068829999999,5.463
14680,70.4137149999999,6.832
14681,70.4193829999999,5.668
14682,70.4218189999999,2.436
14683,70.4285669999999,6.748
14684,70.4351559999999,6.589
14685,70.4412569999999,6.101
14686,70.4460169999999,4.76
14687,70.4504839999999,4.467
14688,70.4564579999999,5.974
14689,70.4612449999999,4.787
14690,70.4670609999999,5.816
14691,70.4739959999999,6.935
14692,70.4790439999999,5.048
14693,70.4840879999999,5.044
14694,70.4889149999999,4.827
14695,70.4929639999999,4.049
14696,70.4973589999999,4.395
14697,70.5021459999999,4.787
14698,70.5074369999999,5.291
14699,70.5133859999999,5.949
14700,70.5187759999999,5.39
14701,70.5221459999999,3.37
14702,70.5267209999999,4.575
14703,70.5317759999999,5.055
14704,70.5354639999999,3.688
14705,70.5403289999999,4.865
14706,70.5444249999999,4.096
14707,70.5510509999999,6.626
14708,70.5547489999999,3.698
14709,70.5609389999999,6.19
14710,70.5658589999999,4.92
14711,70.5714629999999,5.604
14712,70.5759039999999,4.441
14713,70.5808779999999,4.974
14714,70.5846219999999,3.744
14715,70.5889359999999,4.314
14716,70.5943599999999,5.424
14717,70.5994109999999,5.051
14718,70.6046749999999,5.264
14719,70.6092589999999,4.584
14720,70.6157659999999,6.507
14721,70.6194869999999,3.721
14722,70.6239289999999,4.442
14723,70.6290249999999,5.096
14724,70.6327859999999,3.761
14725,70.6370199999999,4.234
14726,70.6418919999999,4.872
14727,70.6476559999999,5.764
14728,70.6519379999999,4.282
14729,70.6565729999999,4.635
14730,70.6615309999999,4.958
14731,70.6670679999999,5.537
14732,70.6715499999999,4.482
14733,70.6765909999999,5.041
14734,70.6801619999999,3.571
14735,70.6845979999999,4.436
14736,70.6888019999999,4.204
14737,70.6939459999999,5.144
14738,70.6993109999999,5.365
14739,70.7035409999999,4.23
14740,70.7107759999999,7.235
14741,70.7153939999999,4.618
14742,70.7206079999999,5.214
14743,70.7259339999999,5.326
14744,70.7293369999999,3.403
14745,70.7337249999999,4.388
14746,70.7380419999999,4.317
14747,70.7435209999999,5.479
14748,70.7468309999999,3.31
14749,70.7529449999999,6.114
14750,70.7581089999999,5.164
14751,70.7635019999999,5.393
14752,70.7678919999999,4.39
14753,70.7727609999999,4.869
14754,70.7768969999999,4.136
14755,70.7808919999999,3.995
14756,70.7853199999999,4.428
14757,70.7942509999999,8.931
14758,70.7981009999999,3.85
14759,70.8016599999999,3.559
14760,70.8083759999999,6.716
14761,70.8141939999999,5.818
14762,70.8204459999999,6.252
14763,70.8254009999999,4.955
14764,70.8294869999999,4.086
14765,70.8338919999999,4.405
14766,70.8383069999999,4.415
14767,70.8432799999999,4.973
14768,70.8472979999999,4.018
14769,70.8520109999999,4.713
14770,70.8565379999999,4.527
14771,70.8604279999999,3.89
14772,70.8676269999999,7.199
14773,70.8726289999999,5.002
14774,70.8763769999999,3.748
14775,70.8807939999999,4.417
14776,70.8850789999999,4.285
14777,70.8901709999999,5.092
14778,70.8939529999999,3.782
14779,70.8982459999999,4.293
14780,70.9044739999999,6.228
14781,70.9095779999999,5.104
14782,70.9136169999999,4.039
14783,70.9176459999999,4.029
14784,70.9225939999999,4.948
14785,70.9275589999999,4.965
14786,70.9319249999999,4.366
14787,70.9364679999999,4.543
14788,70.9414819999999,5.014
14789,70.9453979999999,3.916
14790,70.9495249999999,4.127
14791,70.9560639999999,6.539
14792,70.9607519999999,4.688
14793,70.9644819999999,3.73
14794,70.9688729999999,4.391
14795,70.9741679999999,5.295
14796,70.9784119999999,4.244
14797,70.9826919999999,4.28
14798,70.9886899999999,5.998
14799,70.9937309999999,5.041
14800,70.9992509999999,5.52
14801,71.0034489999999,4.198
14802,71.0079099999999,4.461
14803,71.0129439999999,5.034
14804,71.0169439999999,4.0
14805,71.0210139999999,4.07
14806,71.0267529999999,5.739
14807,71.0313279999999,4.575
14808,71.0364979999999,5.17
14809,71.0425029999999,6.005
14810,71.0475479999999,5.045
14811,71.0530929999999,5.545
14812,71.0575129999999,4.42
14813,71.0619039999999,4.391
14814,71.0667139999999,4.81
14815,71.0708329999999,4.119
14816,71.0761219999999,5.289
14817,71.0811519999999,5.03
14818,71.086289,5.137
14819,71.0907139999999,4.425
14820,71.0969279999999,6.214
14821,71.101896,4.968
14822,71.107069,5.173
14823,71.1099869999999,2.918
14824,71.1150019999999,5.015
14825,71.1187159999999,3.714
14826,71.123312,4.596
14827,71.128525,5.213
14828,71.133634,5.109
14829,71.138005,4.371
14830,71.14244,4.435
14831,71.149433,6.993
14832,71.153001,3.568
14833,71.157349,4.348
14834,71.161975,4.626
14835,71.166607,4.632
14836,71.170359,3.752
14837,71.174811,4.452
14838,71.181295,6.484
14839,71.185009,3.714
14840,71.191341,6.332
14841,71.195684,4.343
14842,71.200401,4.717
14843,71.20427,3.869
14844,71.208556,4.286
14845,71.21311,4.554
14846,71.217826,4.716
14847,71.221966,4.14
14848,71.226484,4.518
14849,71.232886,6.402
14850,71.236357,3.471
14851,71.242823,6.466
14852,71.247232,4.409
14853,71.252067,4.835
14854,71.256277,4.21
14855,71.261168,4.891
14856,71.265847,4.679
14857,71.268936,3.089
14858,71.275089,6.153
14859,71.279297,4.208
14860,71.286055,6.758
14861,71.290302,4.247
14862,71.295043,4.741
14863,71.29981,4.767
14864,71.302824,3.014
14865,71.307242,4.418
14866,71.311543,4.301
14867,71.316669,5.126
14868,71.320283,3.614
14869,71.325082,4.799
14870,71.329554,4.472
14871,71.334748,5.194
14872,71.338171,3.423
14873,71.342475,4.304
14874,71.347432,4.957
14875,71.351262,3.83
14876,71.355572,4.31
14877,71.361987,6.415
14878,71.367324,5.337
14879,71.370928,3.604
14880,71.377266,6.338
14881,71.382236,4.97
14882,71.385843,3.607
14883,71.390414,4.571
14884,71.395668,5.254
14885,71.399995,4.327
14886,71.403165,3.17
14887,71.409706,6.541
14888,71.41478,5.074
14889,71.420237,5.457
14890,71.424239,4.002
14891,71.430869,6.63
14892,71.435585,4.716
14893,71.439357,3.772
14894,71.443818,4.461
14895,71.448781,4.963
14896,71.452416,3.635
14897,71.456876,4.46
14898,71.461447,4.571
14899,71.465912,4.465
14900,71.471716,5.804
14901,71.47655,4.834
14902,71.481755,5.205
14903,71.484744,2.989
14904,71.489014,4.27
14905,71.493195,4.181
14906,71.498246,5.051
14907,71.501995,3.749
14908,71.50634,4.345
14909,71.512691,6.351
14910,71.516978,4.287
14911,71.522283,5.305
14912,71.526643,4.36
14913,71.531523,4.88
14914,71.535177,3.654
14915,71.539573,4.396
14916,71.545685,6.112
14917,71.550482,4.797
14918,71.555868,5.386
14919,71.560214,4.346
14920,71.566833,6.619
14921,71.570572,3.739
14922,71.57553,4.958
14923,71.579506,3.976
14924,71.584112,4.606
14925,71.587932,3.82
14926,71.592277,4.345
14927,71.597633,5.356
14928,71.601009,3.376
14929,71.607625,6.616
14930,71.613101,5.476
14931,71.618405,5.304
14932,71.622267,3.862
14933,71.62643,4.163
14934,71.631592,5.162
14935,71.63522,3.628
14936,71.639705,4.485
14937,71.64523,5.525
14938,71.650801,5.571
14939,71.654313,3.512
14940,71.660697,6.384
14941,71.665634,4.937
14942,71.669158,3.524
14943,71.673549,4.391
14944,71.678357,4.808
14945,71.682711,4.354
14946,71.686435,3.724
14947,71.691471,5.036
14948,71.695302,3.831
14949,71.702112,6.81
14950,71.705956,3.844
14951,71.710798,4.842
14952,71.715384,4.586
14953,71.718799,3.415
14954,71.723314,4.515
14955,71.727599,4.285
14956,71.732423,4.824
14957,71.736192,3.769
14958,71.742993,6.801
14959,71.748445,5.452
14960,71.751965,3.52
14961,71.755738,3.773
14962,71.760084,4.346
14963,71.76519,5.106
14964,71.769225,4.035
14965,71.773719,4.494
14966,71.778437,4.718
14967,71.782835,4.398
14968,71.786276,3.441
14969,71.790741,4.465
14970,71.795607,4.866
14971,71.80127,5.663
14972,71.80574,4.47
14973,71.812111,6.371
14974,71.816982,4.871
14975,71.820583,3.601
14976,71.824982,4.399
14977,71.829351,4.369
14978,71.835857,6.506
14979,71.841578,5.721
14980,71.8463,4.722
14981,71.850856,4.556
14982,71.85438,3.524
14983,71.858824,4.444
14984,71.863204,4.38
14985,71.867913,4.709
14986,71.871773,3.86
14987,71.87848,6.707
14988,71.882606,4.126
14989,71.888042,5.436
14990,71.892326,4.284
14991,71.89855,6.224
14992,71.90326,4.71
14993,71.907701,4.441
14994,71.912939,5.238
14995,71.918507,5.568
14996,71.922257,3.75
14997,71.926403,4.146
14998,71.932457,6.054
14999,71.937182,4.725
15000,71.943377,6.195
15001,71.947566,4.189
15002,71.951917,4.351
15003,71.955747,3.83
15004,71.959858,4.111
15005,71.964474,4.616
15006,71.969087,4.613
15007,71.973074,3.987
15008,71.978237,5.163
15009,71.98407,5.833
15010,71.987946,3.876
15011,71.992138,4.192
15012,71.996448,4.31
15013,72.001259,4.811
15014,72.00496,3.701
15015,72.00979,4.83
15016,72.015269,5.479
15017,72.019795,4.526
15018,72.024631,4.836
15019,72.029714,5.083
15020,72.035072,5.358
15021,72.039023,3.951
15022,72.044396,5.373
15023,72.047829,3.433
15024,72.051616,3.787
15025,72.056045,4.429
15026,72.061959,5.914
15027,72.065773,3.814
15028,72.069027,3.254
15029,72.073933,4.906
15030,72.078126,4.193
15031,72.084698,6.572
15032,72.088989,4.291
15033,72.093795,4.806
15034,72.098397,4.602
15035,72.1012710000001,2.874
15036,72.105798,4.527
15037,72.10998,4.182
15038,72.116444,6.464
15039,72.120196,3.752
15040,72.126896,6.7
15041,72.132287,5.391
15042,72.136949,4.662
15043,72.141388,4.439
15044,72.145717,4.329
15045,72.150592,4.875
15046,72.1543270000001,3.735
15047,72.1607160000001,6.389
15048,72.1653690000001,4.653
15049,72.17055,5.181
15050,72.1749440000001,4.394
15051,72.18121,6.266
15052,72.186232,5.022
15053,72.189874,3.642
15054,72.194162,4.288
15055,72.198859,4.697
15056,72.202652,3.793
15057,72.207004,4.352
15058,72.212946,5.942
15059,72.217819,4.873
15060,72.2234130000001,5.594
15061,72.228481,5.068
15062,72.233282,4.801
15063,72.236555,3.273
15064,72.240479,3.924
15065,72.244872,4.393
15066,72.249873,5.001
15067,72.253844,3.971
15068,72.258198,4.354
15069,72.268527,10.329
15070,72.271564,3.037
15071,72.275221,3.657
15072,72.279757,4.536
15073,72.284628,4.871
15074,72.288199,3.571
15075,72.293177,4.978
15076,72.298411,5.234
15077,72.303107,4.696
15078,72.309229,6.122
15079,72.313519,4.29
15080,72.320319,6.8
15081,72.324476,4.157
15082,72.328822,4.346
15083,72.333596,4.774
15084,72.337008,3.412
15085,72.342265,5.257
15086,72.346588,4.323
15087,72.351736,5.148
15088,72.35568,3.944
15089,72.359932,4.252
15090,72.364963,5.031
15091,72.37055,5.587
15092,72.374922,4.372
15093,72.379307,4.385
15094,72.384329,5.022
15095,72.388223,3.894
15096,72.39376,5.537
15097,72.399012,5.252
15098,72.404164,5.152
15099,72.408767,4.603
15100,72.414831,6.064
15101,72.419752,4.921
15102,72.423625,3.873
15103,72.429564,5.939
15104,72.435099,5.535
15105,72.438809,3.71
15106,72.443079,4.27
15107,72.447767,4.688
15108,72.452647,4.88
15109,72.458279,5.632
15110,72.462654,4.375
15111,72.46938,6.726
15112,72.473269,3.889
15113,72.477791,4.522
15114,72.481996,4.205
15115,72.486862,4.866
15116,72.490898,4.036
15117,72.496,5.102
15118,72.501646,5.646
15119,72.505415,3.769
15120,72.511577,6.162
15121,72.515977,4.4
15122,72.520855,4.878
15123,72.525436,4.581
15124,72.530146,4.71
15125,72.535404,5.258
15126,72.540162,4.758
15127,72.544604,4.442
15128,72.549192,4.588
15129,72.555621,6.429
15130,72.559509,3.888
15131,72.565927,6.418
15132,72.570727,4.8
15133,72.57498,4.253
15134,72.579085,4.105
15135,72.583294,4.209
15136,72.588656,5.362
15137,72.59203,3.374
15138,72.597977,5.947
15139,72.60292,4.943
15140,72.608612,5.692
15141,72.613127,4.515
15142,72.617353,4.226
15143,72.622467,5.114
15144,72.62622,3.753
15145,72.630629,4.409
15146,72.635487,4.858
15147,72.639624,4.137
15148,72.64573,6.106
15149,72.649978,4.248
15150,72.6548340000001,4.856
15151,72.660611,5.777
15152,72.664995,4.384
15153,72.6699580000001,4.963
15154,72.6740540000001,4.096
15155,72.6780620000001,4.008
15156,72.682415,4.353
15157,72.687307,4.892
15158,72.692833,5.526
15159,72.6968570000001,4.024
15160,72.7035190000001,6.662
15161,72.7074720000001,3.953
15162,72.7113650000001,3.893
15163,72.7158690000001,4.504
15164,72.7206590000001,4.79
15165,72.7247970000001,4.138
15166,72.7292130000001,4.416
15167,72.7343780000001,5.165
15168,72.7382610000001,3.883
15169,72.7427130000001,4.452
15170,72.7472280000001,4.515
15171,72.7520260000001,4.798
15172,72.7571470000001,5.121
15173,72.7606710000001,3.524
15174,72.7652500000001,4.579
15175,72.7686400000001,3.39
15176,72.7732190000001,4.579
15177,72.7775540000001,4.335
15178,72.7839980000001,6.444
15179,72.7877400000001,3.742
15180,72.7939790000001,6.239
15181,72.7990070000001,5.028
15182,72.8026460000001,3.639
15183,72.8074400000001,4.794
15184,72.8113100000001,3.87
15185,72.8161940000001,4.884
15186,72.8199200000001,3.726
15187,72.8252460000001,5.326
15188,72.8291030000001,3.857
15189,72.8356540000001,6.551
15190,72.8395400000001,3.886
15191,72.8462260000001,6.686
15192,72.8510580000001,4.832
15193,72.8541890000001,3.131
15194,72.8587160000001,4.527
15195,72.8629650000001,4.249
15196,72.8680770000001,5.112
15197,72.8716500000001,3.573
15198,72.8779330000001,6.283
15199,72.8820800000001,4.147
15200,72.8873110000001,5.231
15201,72.8916680000001,4.357
15202,72.895954,4.286
15203,72.900891,4.937
15204,72.904445,3.554
15205,72.910587,6.142
15206,72.914706,4.119
15207,72.918611,3.905
15208,72.923096,4.485
15209,72.927864,4.768
15210,72.932421,4.557
15211,72.938015,5.594
15212,72.9430390000001,5.024
15213,72.9485960000001,5.557
15214,72.9516170000001,3.021
15215,72.9577300000001,6.113
15216,72.961824,4.094
15217,72.9667070000001,4.883
15218,72.9721770000001,5.47
15219,72.9767930000001,4.616
15220,72.9829750000001,6.182
15221,72.986608,3.633
15222,72.9910240000001,4.416
15223,72.995416,4.392
15224,73.000247,4.831
15225,73.004266,4.019
15226,73.008425,4.159
15227,73.014702,6.277
15228,73.019202,4.5
15229,73.025591,6.389
15230,73.029692,4.101
15231,73.036451,6.759
15232,73.040783,4.332
15233,73.044413,3.63
15234,73.0494760000001,5.063
15235,73.0531470000001,3.671
15236,73.058001,4.854
15237,73.062054,4.053
15238,73.068623,6.569
15239,73.072517,3.894
15240,73.078703,6.186
15241,73.083495,4.792
15242,73.087116,3.621
15243,73.091548,4.432
15244,73.095813,4.265
15245,73.100814,5.001
15246,73.104427,3.613
15247,73.109617,5.19
15248,73.11687,7.253
15249,73.12097,4.1
15250,73.126205,5.235
15251,73.132532,6.327
15252,73.137519,4.987
15253,73.141208,3.689
15254,73.145764,4.556
15255,73.150621,4.857
15256,73.154434,3.813
15257,73.158994,4.56
15258,73.164781,5.787
15259,73.16982,5.039
15260,73.17537,5.55
15261,73.179923,4.553
15262,73.184739,4.816
15263,73.188812,4.073
15264,73.193331,4.519
15265,73.197698,4.367
15266,73.202588,4.89
15267,73.206896,4.308
15268,73.211227,4.331
15269,73.217941,6.714
15270,73.221725,3.784
15271,73.228273,6.548
15272,73.232414,4.141
15273,73.23743,5.016
15274,73.241226,3.796
15275,73.246059,4.833
15276,73.250661,4.602
15277,73.254466,3.805
15278,73.260589,6.123
15279,73.264303,3.714
15280,73.271236,6.933
15281,73.274847,3.611
15282,73.279419,4.572
15283,73.285136,5.717
15284,73.290395,5.259
15285,73.294786,4.391
15286,73.299162,4.376
15287,73.304378,5.216
15288,73.308337,3.959
15289,73.314239,5.902
15290,73.319085,4.846
15291,73.325361,6.276
15292,73.329682,4.321
15293,73.33365,3.968
15294,73.338883,5.233
15295,73.342869,3.986
15296,73.34695,4.081
15297,73.351802,4.852
15298,73.357437,5.635
15299,73.361719,4.282
15300,73.367709,5.99
15301,73.373075,5.366
15302,73.376382,3.307
15303,73.380891,4.509
15304,73.385749,4.858
15305,73.389534,3.785
15306,73.393881,4.347
15307,73.398339,4.458
15308,73.403237,4.898
15309,73.407002,3.765
15310,73.411177,4.175
15311,73.417949,6.772
15312,73.421847,3.898
15313,73.426561,4.714
15314,73.431087,4.526
15315,73.434954,3.867
15316,73.438826,3.872
15317,73.442993,4.167
15318,73.449524,6.531
15319,73.453232,3.708
15320,73.459378,6.146
15321,73.463554,4.176
15322,73.468431,4.877
15323,73.472154,3.723
15324,73.476427,4.273
15325,73.481218,4.791
15326,73.484891,3.673
15327,73.489865,4.974
15328,73.493652,3.787
15329,73.500343,6.691
15330,73.50391,3.567
15331,73.510215,6.305
15332,73.514926,4.711
15333,73.518592,3.666
15334,73.523213,4.621
15335,73.527661,4.448
15336,73.532647,4.986
15337,73.536271,3.624
15338,73.541606,5.335
15339,73.545924,4.318
15340,73.552547,6.623
15341,73.557021,4.474
15342,73.560494,3.473
15343,73.565367,4.873
15344,73.568951,3.584
15345,73.573481,4.53
15346,73.577574,4.093
15347,73.584597,7.023
15348,73.588489,3.892
15349,73.594506,6.017
15350,73.599403,4.897
15351,73.604721,5.318
15352,73.609162,4.441
15353,73.613353,4.191
15354,73.618029,4.676
15355,73.62173,3.701
15356,73.627206,5.476
15357,73.632457,5.251
15358,73.636806,4.349
15359,73.641603,4.797
15360,73.6471400000001,5.537
15361,73.6519290000001,4.789
15362,73.6556650000001,3.736
15363,73.6600500000001,4.385
15364,73.6646250000001,4.575
15365,73.6683450000001,3.72
15366,73.6725910000001,4.246
15367,73.678605,6.014
15368,73.68352,4.915
15369,73.688781,5.261
15370,73.693229,4.448
15371,73.6996770000001,6.448
15372,73.703252,3.575
15373,73.707586,4.334
15374,73.711837,4.251
15375,73.7165290000001,4.692
15376,73.720269,3.74
15377,73.724891,4.622
15378,73.731299,6.408
15379,73.734981,3.682
15380,73.740979,5.998
15381,73.745827,4.848
15382,73.750233,4.406
15383,73.753612,3.379
15384,73.757836,4.224
15385,73.762434,4.598
15386,73.766872,4.438
15387,73.770711,3.839
15388,73.775086,4.375
15389,73.781707,6.621
15390,73.785154,3.447
15391,73.791402,6.248
15392,73.795741,4.339
15393,73.800303,4.562
15394,73.805386,5.083
15395,73.808574,3.188
15396,73.812519,3.945
15397,73.817206,4.687
15398,73.822762,5.556
15399,73.82685,4.088
15400,73.833546,6.696
15401,73.83711,3.564
15402,73.841454,4.344
15403,73.846483,5.029
15404,73.851049,4.566
15405,73.85446,3.411
15406,73.858153,3.693
15407,73.862832,4.679
15408,73.867534,4.702
15409,73.873191,5.657
15410,73.877134,3.943
15411,73.884121,6.987
15412,73.887599,3.478
15413,73.891891,4.292
15414,73.896203,4.312
15415,73.901072,4.869
15416,73.904646,3.574
15417,73.909544,4.898
15418,73.915509,5.965
15419,73.919103,3.594
15420,73.925345,6.242
15421,73.929544,4.199
15422,73.934552,5.008
15423,73.938271,3.719
15424,73.946809,8.538
15425,73.952793,5.984
15426,73.957818,5.025
15427,73.965352,7.534
15428,73.971121,5.769
15429,73.976158,5.037
15430,73.980625,4.467
15431,73.986529,5.904
15432,73.992775,6.246
15433,73.996492,3.717
15434,74.001981,5.489
15435,74.008326,6.345
15436,74.013031,4.705
15437,74.018557,5.526
15438,74.026197,7.64
15439,74.030747,4.55
15440,74.035109,4.362
15441,74.039719,4.61
15442,74.043893,4.174
15443,74.049576,5.683
15444,74.054104,4.528
15445,74.057924,3.82
15446,74.062325,4.401
15447,74.067607,5.282
15448,74.071454,3.847
15449,74.075801,4.347
15450,74.080412,4.611
15451,74.086143,5.731
15452,74.090424,4.281
15453,74.094753,4.329
15454,74.099661,4.908
15455,74.103345,3.684
15456,74.109578,6.233
15457,74.114576,4.998
15458,74.119075,4.499
15459,74.12356,4.485
15460,74.13014,6.58
15461,74.133559,3.419
15462,74.137864,4.305
15463,74.142326,4.462
15464,74.147107,4.781
15465,74.150635,3.528
15466,74.154968,4.333
15467,74.161381,6.413
15468,74.164675,3.294
15469,74.170837,6.162
15470,74.17576,4.923
15471,74.181185,5.425
15472,74.185416,4.231
15473,74.189946,4.53
15474,74.194601,4.655
15475,74.198276,3.675
15476,74.20253,4.254
15477,74.207505,4.975
15478,74.212978,5.473
15479,74.217314,4.336
15480,74.22439,7.076
15481,74.228648,4.258
15482,74.233853,5.205
15483,74.238427,4.574
15484,74.243433,5.006
15485,74.24701,3.577
15486,74.250834,3.824
15487,74.256408,5.574
15488,74.259763,3.355
15489,74.265836,6.073
15490,74.270289,4.453
15491,74.27727,6.981
15492,74.280705,3.435
15493,74.284838,4.133
15494,74.290961,6.123
15495,74.296273,5.312
15496,74.299668,3.395
15497,74.303862,4.194
15498,74.310815,6.953
15499,74.314069,3.254
15500,74.320203,6.134
15501,74.325394,5.191
15502,74.330193,4.799
15503,74.335088,4.895
15504,74.339574,4.486
15505,74.344409,4.835
15506,74.348037,3.628
15507,74.352293,4.256
15508,74.357537,5.244
15509,74.361028,3.491
15510,74.365193,4.165
15511,74.371324,6.131
15512,74.376266,4.942
15513,74.380025,3.759
15514,74.38398,3.955
15515,74.388995,5.015
15516,74.394639,5.644
15517,74.398152,3.513
15518,74.40391,5.758
15519,74.408933,5.023
15520,74.414277,5.344
15521,74.418493,4.216
15522,74.42368,5.187
15523,74.429012,5.332
15524,74.433352,4.34
15525,74.437338,3.986
15526,74.442401,5.063
15527,74.446473,4.072
15528,74.450671,4.198
15529,74.457658,6.987
15530,74.460974,3.316
15531,74.465383,4.409
15532,74.46947,4.087
15533,74.474207,4.737
15534,74.477994,3.787
15535,74.482321,4.327
15536,74.486448,4.127
15537,74.49233,5.882
15538,74.496984,4.654
15539,74.500985,4.001
15540,74.507947,6.962
15541,74.511447,3.5
15542,74.515558,4.111
15543,74.519928,4.37
15544,74.525278,5.35
15545,74.529443,4.165
15546,74.53503,5.587
15547,74.539521,4.491
15548,74.544139,4.618
15549,74.5496,5.461
15550,74.553962,4.362
15551,74.560707,6.745
15552,74.564379,3.672
15553,74.568541,4.162
15554,74.572911,4.37
15555,74.577688,4.777
15556,74.581278,3.59
15557,74.585456,4.178
15558,74.591395,5.939
15559,74.596203,4.808
15560,74.601617,5.414
15561,74.606361,4.744
15562,74.610833,4.472
15563,74.614265,3.432
15564,74.618586,4.321
15565,74.623263,4.677
15566,74.628755,5.492
15567,74.632572,3.817
15568,74.636455,3.883
15569,74.642527,6.072
15570,74.647463,4.936
15571,74.653075,5.612
15572,74.659851,6.776
15573,74.664677,4.826
15574,74.668289,3.612
15575,74.672834,4.545
15576,74.677469,4.635
15577,74.682134,4.665
15578,74.687763,5.629
15579,74.691881,4.118
15580,74.69874,6.859
15581,74.702334,3.594
15582,74.706863,4.529
15583,74.710954,4.091
15584,74.715562,4.608
15585,74.719332,3.77
15586,74.724295,4.963
15587,74.728994,4.699
15588,74.734869,5.875
15589,74.740372,5.503
15590,74.744609,4.237
15591,74.751283,6.674
15592,74.755144,3.861
15593,74.76115,6.006
15594,74.765326,4.176
15595,74.772203,6.877
15596,74.77565,3.447
15597,74.78184,6.19
15598,74.786494,4.654
15599,74.792237,5.743
15600,74.79645,4.213
15601,74.802571,6.121
15602,74.807529,4.958
15603,74.812989,5.46
15604,74.817171,4.182
15605,74.824545,7.374
15606,74.828637,4.092
15607,74.834069,5.432
15608,74.838209,4.14
15609,74.844935,6.726
15610,74.848693,3.758
15611,74.855587,6.894
15612,74.859225,3.638
15613,74.865425,6.2
15614,74.870102,4.677
15615,74.8758580000001,5.756
15616,74.8800950000001,4.237
15617,74.886863,6.768
15618,74.890597,3.734
15619,74.896739,6.142
15620,74.901582,4.843
15621,74.907306,5.724
15622,74.912179,4.873
15623,74.918212,6.033
15624,74.922178,3.966
15625,74.928303,6.125
15626,74.93324,4.937
15627,74.938822,5.582
15628,74.943823,5.001
15629,74.950015,6.192
15630,74.953621,3.606
15631,74.959859,6.238
15632,74.964949,5.09
15633,74.970313,5.364
15634,74.974733,4.42
15635,74.981456,6.723
15636,74.985275,3.819
15637,74.991515,6.24
15638,74.996512,4.997
15639,75.001881,5.369
15640,75.006479,4.598
15641,75.013034,6.555
15642,75.016867,3.833
15643,75.023036,6.169
15644,75.027961,4.925
15645,75.033471,5.51
15646,75.038012,4.541
15647,75.044625,6.613
15648,75.048438,3.813
15649,75.054511,6.073
15650,75.059478,4.967
15651,75.06502,5.542
15652,75.069285,4.265
15653,75.076058,6.773
15654,75.079918,3.86
15655,75.085855,5.937
15656,75.090647,4.792
15657,75.096232,5.585
15658,75.10069,4.458
15659,75.107393,6.703
15660,75.111322,3.929
15661,75.117372,6.05
15662,75.122474,5.102
15663,75.12783,5.356
15664,75.132296,4.466
15665,75.139177,6.881
15666,75.14413,4.953
15667,75.149117,4.987
15668,75.153539,4.422
15669,75.160147,6.608
15670,75.164265,4.118
15671,75.170186,5.921
15672,75.175402,5.216
15673,75.180818,5.416
15674,75.185293,4.475
15675,75.191975,6.682
15676,75.195687,3.712
15677,75.202066,6.379
15678,75.206531,4.465
15679,75.213015,6.484
15680,75.216579,3.564
15681,75.223088,6.509
15682,75.227911,4.823
15683,75.233198,5.287
15684,75.23754,4.342
15685,75.244821,7.281
15686,75.248915,4.094
15687,75.254013,5.098
15688,75.258462,4.449
15689,75.265294,6.832
15690,75.26887,3.576
15691,75.275458,6.588
15692,75.279892,4.434
15693,75.285311,5.419
15694,75.290159,4.848
15695,75.296332,6.173
15696,75.299947,3.615
15697,75.306432,6.485
15698,75.311234,4.802
15699,75.3168,5.566
15700,75.32038,3.58
15701,75.326389,6.009
15702,75.331331,4.942
15703,75.336598,5.267
15704,75.340926,4.328
15705,75.34761,6.684
15706,75.351082,3.472
15707,75.357086,6.004
15708,75.361352,4.266
15709,75.367854,6.502
15710,75.371637,3.783
15711,75.377868,6.231
15712,75.383141,5.273
15713,75.388189,5.048
15714,75.394034,5.845
15715,75.399137,5.103
15716,75.402788,3.651
15717,75.408832,6.044
15718,75.415172,6.34
15719,75.421488,6.316
15720,75.42911,7.622
15721,75.433329,4.219
15722,75.437611,4.282
15723,75.444184,6.573
15724,75.448303,4.119
15725,75.453677,5.374
15726,75.46151,7.833
15727,75.467297,5.787
15728,75.473752,6.455
15729,75.4774530000001,3.701
15730,75.4833420000001,5.889
15731,75.4917090000001,8.367
15732,75.4972340000001,5.525
15733,75.5010090000001,3.775
15734,75.5044880000001,3.479
15735,75.5103490000001,5.861
15736,75.5152770000001,4.928
15737,75.5212640000001,5.987
15738,75.5279940000001,6.73
15739,75.5378870000001,9.893
15740,75.5417670000001,3.88
15741,75.5480250000001,6.258
15742,75.5519560000001,3.931
15743,75.5576280000001,5.672
15744,75.5638760000001,6.248
15745,75.5694130000001,5.537
15746,75.5732080000001,3.795
15747,75.5788010000001,5.593
15748,75.5837200000001,4.919
15749,75.5892900000001,5.57
15750,75.5939870000001,4.697
15751,75.5997830000001,5.796
15752,75.6034370000001,3.654
15753,75.6093200000001,5.883
15754,75.6146410000001,5.321
15755,75.6195160000001,4.875
15756,75.6237350000001,4.219
15757,75.6307700000001,7.035
15758,75.6337890000001,3.019
15759,75.6398110000001,6.022
15760,75.6440220000001,4.211
15761,75.6505880000001,6.566
15762,75.6542990000001,3.711
15763,75.6606890000001,6.39
15764,75.6650030000001,4.314
15765,75.6709240000001,5.921
15766,75.6746130000001,3.689
15767,75.6812440000001,6.631
15768,75.6846820000001,3.438
15769,75.6911930000001,6.511
15770,75.6947470000001,3.554
15771,75.7012960000001,6.549
15772,75.7051350000001,3.839
15773,75.7107860000001,5.651
15774,75.7157170000001,4.931
15775,75.7212730000001,5.556
15776,75.7261960000001,4.923
15777,75.7317730000001,5.577
15778,75.7351620000001,3.389
15779,75.7413520000001,6.19
15780,75.7454780000001,4.126
15781,75.7522600000001,6.782
15782,75.7558250000001,3.565
15783,75.7619600000001,6.135
15784,75.7662540000001,4.294
15785,75.7719010000001,5.647
15786,75.7759520000001,4.051
15787,75.7826960000001,6.744
15788,75.7860450000001,3.349
15789,75.7958100000001,9.765
15790,75.7997240000001,3.914
15791,75.8044970000001,4.773
15792,75.8087000000001,4.203
15793,75.8153850000001,6.685
15794,75.8190770000001,3.692
15795,75.8246580000001,5.581
15796,75.8288340000001,4.176
15797,75.8354570000001,6.623
15798,75.8387430000001,3.286
15799,75.8449560000001,6.213
15800,75.8496210000001,4.665
15801,75.8551700000001,5.549
15802,75.8589530000001,3.783
15803,75.8658420000001,6.889
15804,75.8691540000001,3.312
15805,75.8755130000001,6.359
15806,75.8793630000001,3.85
15807,75.8843090000001,4.946
15808,75.8876260000001,3.317
15809,75.8929650000001,5.339
15810,75.8973830000001,4.418
15811,75.9028270000001,5.444
15812,75.9067800000001,3.953
15813,75.9147470000001,7.967
15814,75.9194100000001,4.663
15815,75.9239810000001,4.571
15816,75.9298080000001,5.827
15817,75.9349610000001,5.153
15818,75.9438710000001,8.91
15819,75.9512200000001,7.349
15820,75.9575010000001,6.281
15821,75.9617690000001,4.268
15822,75.9664300000001,4.661
15823,75.9737880000001,7.358
15824,75.9779260000001,4.138
15825,75.9824470000001,4.521
15826,75.9879650000001,5.518
15827,75.9924410000001,4.476
15828,75.9967390000001,4.298
15829,76.0045190000001,7.78
15830,76.0102890000001,5.77
15831,76.0138830000001,3.594
15832,76.0200790000001,6.196
15833,76.0284780000001,8.399
15834,76.0327470000001,4.269
15835,76.0372670000001,4.52
15836,76.0415300000001,4.263
15837,76.0456530000001,4.123
15838,76.0499770000001,4.324
15839,76.0536090000001,3.632
15840,76.0578900000001,4.281
15841,76.0621480000001,4.258
15842,76.0692740000001,7.126
15843,76.0748970000001,5.623
15844,76.0790380000001,4.141
15845,76.0860840000001,7.046
15846,76.0895310000001,3.447
15847,76.0938330000001,4.302
15848,76.1007970000001,6.964
15849,76.1062330000001,5.436
15850,76.1110940000001,4.861
15851,76.1173550000001,6.261
15852,76.1211110000001,3.756
15853,76.1252470000001,4.136
15854,76.1322960000001,7.049
15855,76.136458,4.162
15856,76.142053,5.595
15857,76.146538,4.485
15858,76.151605,5.067
15859,76.155355,3.75
15860,76.159422,4.067
15861,76.1643180000001,4.896
15862,76.1699680000001,5.65
15863,76.174344,4.376
15864,76.17922,4.876
15865,76.184963,5.743
15866,76.189217,4.254
15867,76.193416,4.199
15868,76.200634,7.218
15869,76.206482,5.848
15870,76.210606,4.124
15871,76.217073,6.467
15872,76.221083,4.01
15873,76.224977,3.894
15874,76.231572,6.595
15875,76.235762,4.19
15876,76.242012,6.25
15877,76.246061,4.049
15878,76.251603,5.542
15879,76.255579,3.976
15880,76.261353,5.774
15881,76.265483,4.13
15882,76.270093,4.61
15883,76.274256,4.163
15884,76.279198,4.942
15885,76.284905,5.707
15886,76.288945,4.04
15887,76.293307,4.362
15888,76.300503,7.196
15889,76.304492,3.989
15890,76.310143,5.651
15891,76.317157,7.014
15892,76.321544,4.387
15893,76.326008,4.464
15894,76.331302,5.294
15895,76.335261,3.959
15896,76.339556,4.295
15897,76.343845,4.289
15898,76.348901,5.056
15899,76.352606,3.705
15900,76.356926,4.32
15901,76.361935,5.009
15902,76.367721,5.786
15903,76.372092,4.371
15904,76.377187,5.095
15905,76.382634,5.447
15906,76.388275,5.641
15907,76.393547,5.272
15908,76.400119,6.572
15909,76.404217,4.098
15910,76.410323,6.106
15911,76.415108,4.785
15912,76.420154,5.046
15913,76.425072,4.918
15914,76.429867,4.795
15915,76.43561,5.743
15916,76.439881,4.271
15917,76.444404,4.523
15918,76.450916,6.512
15919,76.455126,4.21
15920,76.460892,5.766
15921,76.465985,5.093
15922,76.469994,4.009
15923,76.47544,5.446
15924,76.4807070000001,5.267
15925,76.4870160000001,6.309
15926,76.4910860000001,4.07
15927,76.4949310000001,3.845
15928,76.501742,6.811
15929,76.50574,3.998
15930,76.511623,5.883
15931,76.516549,4.926
15932,76.52135,4.801
15933,76.526698,5.348
15934,76.531654,4.956
15935,76.5369030000001,5.249
15936,76.5412920000001,4.389
15937,76.545707,4.415
15938,76.552344,6.637
15939,76.555752,3.408
15940,76.562279,6.527
15941,76.567515,5.236
15942,76.570997,3.482
15943,76.5767,5.703
15944,76.581618,4.918
15945,76.587489,5.871
15946,76.5918270000001,4.338
15947,76.5960920000001,4.265
15948,76.6025550000001,6.463
15949,76.606243,3.688
15950,76.612684,6.441
15951,76.617926,5.242
15952,76.622464,4.538
15953,76.627433,4.969
15954,76.63212,4.687
15955,76.638023,5.903
15956,76.642415,4.392
15957,76.64773,5.315
15958,76.652718,4.988
15959,76.657411,4.693
15960,76.6643,6.889
15961,76.668624,4.324
15962,76.672642,4.018
15963,76.678587,5.945
15964,76.684214,5.627
15965,76.689351,5.137
15966,76.693861,4.51
15967,76.698993,5.132
15968,76.7041010000001,5.108
15969,76.708735,4.634
15970,76.7161350000001,7.4
15971,76.7201240000001,3.989
15972,76.7254780000001,5.354
15973,76.7306320000001,5.154
15974,76.7345880000001,3.956
15975,76.7407770000001,6.189
15976,76.7453350000001,4.558
15977,76.7505600000001,5.225
15978,76.7555600000001,5.0
15979,76.7599870000001,4.427
15980,76.7671770000001,7.19
15981,76.7709170000001,3.74
15982,76.775501,4.584
15983,76.7819150000001,6.414
15984,76.786465,4.55
15985,76.7921550000001,5.69
15986,76.797233,5.078
15987,76.801163,3.93
15988,76.806873,5.71
15989,76.811119,4.246
15990,76.822879,11.76
15991,76.827026,4.147
15992,76.830475,3.449
15993,76.836753,6.278
15994,76.840584,3.831
15995,76.846803,6.219
15996,76.852308,5.505
15997,76.856463,4.155
15998,76.861184,4.721
15999,76.866286,5.102
16000,76.871701,5.415
16001,76.876114,4.413
16002,76.880917,4.803
16003,76.886099,5.182
16004,76.890445,4.346
16005,76.897206,6.761
16006,76.901021,3.815
16007,76.905772,4.751
16008,76.910428,4.656
16009,76.915301,4.873
16010,76.920922,5.621
16011,76.925287,4.365
16012,76.930188,4.901
16013,76.934716,4.528
16014,76.939326,4.61
16015,76.945783,6.457
16016,76.949275,3.492
16017,76.953587,4.312
16018,76.958722,5.135
16019,76.96347,4.748
16020,76.969222,5.752
16021,76.97381,4.588
16022,76.978418,4.608
16023,76.982895,4.477
16024,76.987039,4.144
16025,76.994127,7.088
16026,76.997531,3.404
16027,77.00197,4.439
16028,77.006957,4.987
16029,77.011861,4.904
16030,77.017689,5.828
16031,77.021922,4.233
16032,77.027921,5.999
16033,77.031173,3.252
16034,77.035342,4.169
16035,77.042647,7.305
16036,77.046334,3.687
16037,77.050181,3.847
16038,77.054912,4.731
16039,77.060136,5.224
16040,77.06549,5.354
16041,77.069817,4.327
16042,77.074876,5.059
16043,77.079069,4.193
16044,77.083341,4.272
16045,77.089386,6.045
16046,77.092976,3.59
16047,77.098629,5.653
16048,77.103299,4.67
16049,77.108405,5.106
16050,77.113937,5.532
16051,77.118234,4.297
16052,77.123358,5.124
16053,77.127328,3.97
16054,77.131593,4.265
16055,77.139089,7.496
16056,77.143963,4.874
16057,77.148608,4.645
16058,77.153367,4.759
16059,77.158129,4.762
16060,77.163782,5.653
16061,77.168096,4.314
16062,77.172996,4.9
16063,77.176479,3.483
16064,77.180755,4.276
16065,77.185356,4.601
16066,77.190367,5.011
16067,77.196251,5.884
16068,77.200462,4.211
16069,77.204506,4.044
16070,77.211122,6.616
16071,77.214688,3.566
16072,77.219243,4.555
16073,77.224302,5.059
16074,77.227675,3.373
16075,77.234118,6.443
16076,77.238581,4.463
16077,77.244947,6.366
16078,77.248787,3.84
16079,77.252988,4.201
16080,77.258956,5.968
16081,77.263864,4.908
16082,77.268161,4.297
16083,77.274921,6.76
16084,77.279753,4.832
16085,77.285161,5.408
16086,77.289625,4.464
16087,77.293944,4.319
16088,77.299146,5.202
16089,77.304911,5.765
16090,77.308673,3.762
16091,77.312987,4.314
16092,77.318209,5.222
16093,77.321852,3.643
16094,77.326193,4.341
16095,77.333094,6.901
16096,77.337002,3.908
16097,77.3422109999999,5.209
16098,77.3463479999999,4.137
16099,77.350882,4.534
16100,77.355674,4.792
16101,77.3600709999999,4.397
16102,77.365029,4.958
16103,77.368817,3.788
16104,77.373572,4.755
16105,77.379156,5.584
16106,77.384616,5.46
16107,77.388099,3.483
16108,77.392268,4.169
16109,77.397275,5.007
16110,77.402601,5.326
16111,77.407219,4.618
16112,77.411293,4.074
16113,77.416362,5.069
16114,77.422153,5.791
16115,77.427187,5.034
16116,77.430966,3.779
16117,77.434892,3.926
16118,77.439047,4.155
16119,77.443486,4.439
16120,77.450168,6.682
16121,77.454113,3.945
16122,77.458041,3.928
16123,77.462238,4.197
16124,77.467319,5.081
16125,77.472512,5.193
16126,77.476812,4.3
16127,77.481567,4.755
16128,77.485518,3.951
16129,77.491439,5.921
16130,77.495385,3.946
16131,77.500592,5.207
16132,77.504204,3.612
16133,77.508516,4.312
16134,77.512592,4.076
16135,77.51962,7.028
16136,77.524982,5.362
16137,77.529138,4.156
16138,77.534955,5.817
16139,77.538053,3.098
16140,77.543951,5.898
16141,77.548037,4.086
16142,77.553222,5.185
16143,77.557016,3.794
16144,77.561115,4.099
16145,77.568128,7.013
16146,77.571402,3.274
16147,77.575759,4.357
16148,77.5803,4.541
16149,77.585525,5.225
16150,77.59106,5.535
16151,77.595421,4.361
16152,77.600517,5.096
16153,77.604091,3.574
16154,77.608674,4.583
16155,77.614557,5.883
16156,77.619624,5.067
16157,77.624825,5.201
16158,77.629929,5.104
16159,77.635189,5.26
16160,77.640328,5.139
16161,77.644766,4.438
16162,77.64932,4.554
16163,77.654244,4.924
16164,77.658158,3.914
16165,77.664336,6.178
16166,77.669431,5.095
16167,77.673169,3.738
16168,77.677398,4.229
16169,77.682023,4.625
16170,77.6886,6.577
16171,77.692594,3.994
16172,77.6966,4.006
16173,77.701801,5.201
16174,77.70536,3.559
16175,77.711223,5.863
16176,77.715624,4.401
16177,77.721259,5.635
16178,77.725979,4.72
16179,77.730635,4.656
16180,77.737173,6.538
16181,77.740731,3.558
16182,77.744867,4.136
16183,77.749337,4.47
16184,77.754351,5.014
16185,77.75924,4.889
16186,77.763386,4.146
16187,77.768521,5.135
16188,77.771951,3.43
16189,77.776104,4.153
16190,77.781696,5.592
16191,77.786647,4.951
16192,77.790034,3.387
16193,77.794204,4.17
16194,77.800603,6.399
16195,77.803951,3.348
16196,77.80951,5.559
16197,77.813455,3.945
16198,77.818775,5.32
16199,77.823942,5.167
16200,77.828114,4.172
16201,77.832672,4.558
16202,77.836248,3.576
16203,77.840324,4.076
16204,77.844465,4.141
16205,77.851597,7.132
16206,77.855209,3.612
16207,77.858955,3.746
16208,77.863854,4.899
16209,77.867452,3.598
16210,77.871458,4.006
16211,77.875767,4.309
16212,77.880587,4.82
16213,77.884485,3.898
16214,77.889283,4.798
16215,77.894457,5.174
16216,77.899322,4.865
16217,77.90405,4.728
16218,77.908448,4.398
16219,77.913144,4.696
16220,77.918329,5.185
16221,77.923354,5.025
16222,77.928335,4.981
16223,77.93409,5.755
16224,77.939883,5.793
16225,77.943177,3.294
16226,77.948106,4.929
16227,77.951767,3.661
16228,77.956684,4.917
16229,77.96032,3.636
16230,77.967112,6.792
16231,77.970561,3.449
16232,77.974869,4.308
16233,77.978847,3.978
16234,77.983921,5.074
16235,77.987587,3.666
16236,77.991971,4.384
16237,77.996739,4.768
16238,78.000592,3.853
16239,78.004953,4.361
16240,78.010634,5.681
16241,78.015372,4.738
16242,78.019306,3.934
16243,78.023712,4.406
16244,78.027707,3.995
16245,78.034518,6.811
16246,78.039151,4.633
16247,78.044442,5.291
16248,78.049096,4.654
16249,78.052628,3.532
16250,78.058535,5.907
16251,78.062923,4.388
16252,78.068191,5.268
16253,78.071592,3.401
16254,78.075652,4.06
16255,78.082189,6.537
16256,78.086189,4.0
16257,78.090081,3.892
16258,78.094304,4.223
16259,78.099323,5.019
16260,78.105213,5.89
16261,78.10925,4.037
16262,78.11408,4.83
16263,78.117861,3.781
16264,78.121843,3.982
16265,78.127551,5.708
16266,78.13222,4.669
16267,78.137628,5.408
16268,78.142509,4.881
16269,78.147408,4.899
16270,78.152764,5.356
16271,78.15696,4.196
16272,78.161314,4.354
16273,78.166174,4.86
16274,78.169912,3.738
16275,78.175688,5.776
16276,78.180555,4.867
16277,78.184365,3.81
16278,78.188745,4.38
16279,78.192912,4.167
16280,78.199743,6.831
16281,78.204532,4.789
16282,78.209738,5.206
16283,78.214355,4.617
16284,78.218215,3.86
16285,78.224081,5.866
16286,78.228283,4.202
16287,78.233593,5.31
16288,78.23761,4.017
16289,78.241826,4.216
16290,78.247688,5.862
16291,78.25151,3.822
16292,78.255669,4.159
16293,78.259879,4.21
16294,78.264802,4.923
16295,78.270281,5.479
16296,78.275883,5.602
16297,78.2829359999999,7.053
16298,78.2866849999999,3.749
16299,78.2905929999999,3.908
16300,78.2951429999999,4.55
16301,78.3001079999999,4.965
16302,78.3091759999999,9.068
16303,78.3126659999999,3.49
16304,78.3188829999999,6.217
16305,78.3225339999999,3.651
16306,78.3285119999999,5.978
16307,78.3327619999999,4.25
16308,78.3427869999999,10.025
16309,78.3460699999999,3.283
16310,78.3495689999999,3.499
16311,78.3544959999999,4.927
16312,78.3578619999999,3.366
16313,78.3621749999999,4.313
16314,78.3665459999999,4.371
16315,78.3718329999999,5.287
16316,78.3753299999999,3.497
16317,78.3809369999999,5.607
16318,78.3859229999999,4.986
16319,78.3892659999999,3.343
16320,78.3933799999999,4.114
16321,78.3974909999999,4.111
16322,78.4045939999999,7.103
16323,78.4089639999999,4.37
16324,78.4131949999999,4.231
16325,78.4183659999999,5.171
16326,78.4216659999999,3.3
16327,78.4254899999999,3.824
16328,78.4296939999999,4.204
16329,78.4358719999999,6.178
16330,78.4411169999999,5.245
16331,78.4447199999999,3.603
16332,78.4486779999999,3.958
16333,78.4537709999999,5.093
16334,78.4579339999999,4.163
16335,78.4638829999999,5.949
16336,78.4688899999999,5.007
16337,78.4742589999999,5.369
16338,78.478344,4.085
16339,78.4833269999999,4.983
16340,78.4878179999999,4.491
16341,78.4928689999999,5.051
16342,78.4969369999999,4.068
16343,78.5027589999999,5.822
16344,78.5069689999999,4.21
16345,78.5112669999999,4.298
16346,78.5178419999999,6.575
16347,78.5213819999999,3.54
16348,78.5256889999999,4.307
16349,78.5299759999999,4.287
16350,78.534842,4.866
16351,78.5403769999999,5.535
16352,78.544456,4.079
16353,78.549212,4.756
16354,78.552911,3.699
16355,78.557847,4.936
16356,78.5613559999999,3.509
16357,78.5681119999999,6.756
16358,78.5719949999999,3.883
16359,78.5757669999999,3.772
16360,78.5806549999999,4.888
16361,78.5839699999999,3.315
16362,78.5896609999999,5.691
16363,78.5929989999999,3.338
16364,78.5995999999999,6.601
16365,78.6031589999999,3.559
16366,78.6076089999999,4.45
16367,78.6115529999999,3.944
16368,78.6163049999999,4.752
16369,78.6230819999999,6.777
16370,78.6273169999999,4.235
16371,78.6329189999999,5.602
16372,78.6367439999999,3.825
16373,78.6413599999999,4.616
16374,78.6451899999999,3.83
16375,78.6521659999999,6.976
16376,78.6554239999999,3.258
16377,78.6614839999999,6.06
16378,78.6663879999999,4.904
16379,78.6701749999999,3.787
16380,78.6741589999999,3.984
16381,78.6784749999999,4.316
16382,78.6832819999999,4.807
16383,78.6880079999999,4.726
16384,78.6937659999999,5.758
16385,78.6984899999999,4.724
16386,78.7040529999999,5.563
16387,78.7093729999999,5.32
16388,78.7124019999999,3.029
16389,78.7173789999999,4.977
16390,78.7211729999999,3.794
16391,78.7253569999999,4.184
16392,78.7292929999999,3.936
16393,78.7345829999999,5.29
16394,78.7382149999999,3.632
16395,78.7438639999999,5.649
16396,78.7486079999999,4.744
16397,78.7541779999999,5.57
16398,78.7584509999999,4.273
16399,78.7626409999999,4.19
16400,78.7676449999999,5.004
16401,78.7711139999999,3.469
16402,78.7754959999999,4.382
16403,78.7797269999999,4.231
16404,78.7867129999999,6.986
16405,78.7898659999999,3.153
16406,78.7961049999999,6.239
16407,78.8009409999999,4.836
16408,78.8045339999999,3.593
16409,78.8088929999999,4.359
16410,78.8131009999999,4.208
16411,78.8181959999999,5.095
16412,78.8223259999999,4.13
16413,78.8281999999999,5.874
16414,78.8328759999999,4.676
16415,78.8384519999999,5.576
16416,78.8425749999999,4.123
16417,78.8488659999999,6.291
16418,78.8538609999999,4.995
16419,78.8575829999999,3.722
16420,78.8615809999999,3.998
16421,78.8664979999999,4.917
16422,78.8719679999999,5.47
16423,78.8763479999999,4.38
16424,78.8821379999999,5.79
16425,78.8878779999999,5.74
16426,78.8927259999999,4.848
16427,78.8966809999999,3.955
16428,78.9019389999999,5.258
16429,78.9053689999999,3.43
16430,78.9096619999999,4.293
16431,78.9141239999999,4.462
16432,78.9191769999999,5.053
16433,78.9245469999999,5.37
16434,78.9313809999999,6.834
16435,78.9373309999999,5.95
16436,78.9425019999999,5.171
16437,78.9478319999999,5.33
16438,78.9568249999999,8.993
16439,78.9614769999999,4.652
16440,78.9651639999999,3.687
16441,78.9699839999999,4.82
16442,78.9752389999999,5.255
16443,78.9793859999999,4.147
16444,78.9848339999999,5.448
16445,78.9933909999999,8.557
16446,78.9987049999999,5.314
16447,79.0026299999999,3.925
16448,79.0094979999999,6.868
16449,79.0146679999999,5.17
16450,79.0186819999999,4.014
16451,79.0248199999999,6.138
16452,79.0295349999999,4.715
16453,79.0362929999999,6.758
16454,79.0440299999999,7.737
16455,79.049202,5.172
16456,79.0567859999999,7.584
16457,79.0621689999999,5.383
16458,79.0670219999999,4.853
16459,79.0743759999999,7.354
16460,79.0780429999999,3.667
16461,79.0859209999999,7.878
16462,79.0908219999999,4.901
16463,79.0949879999999,4.166
16464,79.1002309999999,5.243
16465,79.1056219999999,5.391
16466,79.1106309999999,5.009
16467,79.1154839999999,4.853
16468,79.1214829999999,5.999
16469,79.1286169999999,7.134
16470,79.1375099999999,8.893
16471,79.1431189999999,5.609
16472,79.1463709999999,3.252
16473,79.1518539999999,5.483
16474,79.1556129999999,3.759
16475,79.1614129999999,5.8
16476,79.1663199999999,4.907
16477,79.1721199999999,5.8
16478,79.1764429999999,4.323
16479,79.1814619999999,5.019
16480,79.1853379999999,3.876
16481,79.1896349999999,4.297
16482,79.1944069999999,4.772
16483,79.1981549999999,3.748
16484,79.2034889999999,5.334
16485,79.207957,4.468
16486,79.213342,5.385
16487,79.218041,4.699
16488,79.222971,4.93
16489,79.226568,3.597
16490,79.231035,4.467
16491,79.235472,4.437
16492,79.240925,5.453
16493,79.244318,3.393
16494,79.248581,4.263
16495,79.255924,7.343
16496,79.259422,3.498
16497,79.265617,6.195
16498,79.270234,4.617
16499,79.275467,5.233
16500,79.278611,3.144
16501,79.282923,4.312
16502,79.287732,4.809
16503,79.293973,6.241
16504,79.297872,3.899
16505,79.302222,4.35
16506,79.309534,7.312
16507,79.3129,3.366
16508,79.317116,4.216
16509,79.321252,4.136
16510,79.326365,5.113
16511,79.329785,3.42
16512,79.33412,4.335
16513,79.341569,7.449
16514,79.346273,4.704
16515,79.350278,4.005
16516,79.354549,4.271
16517,79.361579,7.03
16518,79.364839,3.26
16519,79.372503,7.664
16520,79.376213,3.71
16521,79.380441,4.228
16522,79.384303,3.862
16523,79.388706,4.403
16524,79.394443,5.737
16525,79.399646,5.203
16526,79.405236,5.59
16527,79.409461,4.225
16528,79.414112,4.651
16529,79.418027,3.915
16530,79.422224,4.197
16531,79.426599,4.375
16532,79.431549,4.95
16533,79.436437,4.888
16534,79.441718,5.281
16535,79.4461879999999,4.47
16536,79.4517009999999,5.513
16537,79.4569089999999,5.208
16538,79.4612409999999,4.332
16539,79.4660449999999,4.804
16540,79.4703469999999,4.302
16541,79.4749929999999,4.646
16542,79.4782679999999,3.275
16543,79.4834789999999,5.211
16544,79.4889619999999,5.483
16545,79.4925369999999,3.575
16546,79.4993499999999,6.813
16547,79.5037259999999,4.376
16548,79.5083009999999,4.575
16549,79.5135379999999,5.237
16550,79.5187399999999,5.202
16551,79.5234059999999,4.666
16552,79.5272989999999,3.893
16553,79.5326829999999,5.384
16554,79.5362369999999,3.554
16555,79.5415319999999,5.295
16556,79.5466179999999,5.086
16557,79.5535539999999,6.936
16558,79.5568469999999,3.293
16559,79.5609849999999,4.138
16560,79.5662029999999,5.218
16561,79.5719109999999,5.708
16562,79.5759379999999,4.027
16563,79.5808259999999,4.888
16564,79.5876169999999,6.791
16565,79.5910719999999,3.455
16566,79.5967739999999,5.702
16567,79.6032219999999,6.448
16568,79.6077049999999,4.483
16569,79.6123319999999,4.627
16570,79.6162499999999,3.918
16571,79.6212609999999,5.011
16572,79.6246449999999,3.384
16573,79.6291629999999,4.518
16574,79.6344549999999,5.292
16575,79.6407029999999,6.248
16576,79.6451019999999,4.399
16577,79.6510259999999,5.924
16578,79.6565139999999,5.488
16579,79.6611199999999,4.606
16580,79.6655489999999,4.429
16581,79.6703719999999,4.823
16582,79.6740599999999,3.688
16583,79.6778519999999,3.792
16584,79.6837709999999,5.919
16585,79.6894829999999,5.712
16586,79.6940309999999,4.548
16587,79.6981189999999,4.088
16588,79.7032479999999,5.129
16589,79.7068739999999,3.626
16590,79.7105939999999,3.72
16591,79.7147049999999,4.111
16592,79.7227689999999,8.064
16593,79.7272299999999,4.461
16594,79.7311229999999,3.893
16595,79.7377729999999,6.65
16596,79.7418709999999,4.098
16597,79.7473419999999,5.471
16598,79.7515419999999,4.2
16599,79.7575179999999,5.976
16600,79.7604239999999,2.906
16601,79.7659889999999,5.565
16602,79.7708439999999,4.855
16603,79.7748109999999,3.967
16604,79.7802079999999,5.397
16605,79.7843979999999,4.19
16606,79.7900659999999,5.668
16607,79.7939189999999,3.853
16608,79.7989089999999,4.99
16609,79.8036099999999,4.701
16610,79.8070659999999,3.456
16611,79.8112779999999,4.212
16612,79.8153429999999,4.065
16613,79.8224339999999,7.091
16614,79.8263899999999,3.956
16615,79.8307229999999,4.333
16616,79.8359799999999,5.257
16617,79.8393109999999,3.331
16618,79.8433059999999,3.995
16619,79.8473149999999,4.009
16620,79.8554979999999,8.183
16621,79.8596239999999,4.126
16622,79.8629359999999,3.312
16623,79.8682209999999,5.285
16624,79.8716709999999,3.45
16625,79.8754439999999,3.773
16626,79.8796349999999,4.191
16627,79.8844329999999,4.798
16628,79.8899529999999,5.52
16629,79.8936839999999,3.731
16630,79.8999429999999,6.259
16631,79.9033249999999,3.382
16632,79.9073399999999,4.015
16633,79.9113289999999,3.989
16634,79.9161069999999,4.778
16635,79.9196429999999,3.536
16636,79.9260589999999,6.416
16637,79.9306919999999,4.633
16638,79.9341949999999,3.503
16639,79.9397389999999,5.544
16640,79.9429799999999,3.241
16641,79.9479739999999,4.994
16642,79.9513339999999,3.36
16643,79.9555339999999,4.2
16644,79.9614179999999,5.884
16645,79.9661409999999,4.723
16646,79.9698179999999,3.677
16647,79.9752979999999,5.48
16648,79.9791699999999,3.872
16649,79.9828109999999,3.641
16650,79.9871899999999,4.379
16651,79.9933709999999,6.181
16652,79.9980329999999,4.662
16653,80.0019109999999,3.878
16654,80.0069879999999,5.077
16655,80.0104529999999,3.465
16656,80.0151159999999,4.663
16657,80.0186909999999,3.575
16658,80.0255269999999,6.836
16659,80.0306009999999,5.074
16660,80.0336059999999,3.005
16661,80.0374619999999,3.856
16662,80.0424259999999,4.964
16663,80.0466469999999,4.221
16664,80.0501579999999,3.511
16665,80.0549459999999,4.788
16666,80.0619739999999,7.028
16667,80.0666209999999,4.647
16668,80.0699039999999,3.283
16669,80.0740859999999,4.182
16670,80.0788469999999,4.761
16671,80.0824929999999,3.646
16672,80.0883469999999,5.854
16673,80.0936459999999,5.299
16674,80.0984439999999,4.798
16675,80.1019519999999,3.508
16676,80.1061439999999,4.192
16677,80.1102619999999,4.118
16678,80.1150199999999,4.758
16679,80.1209729999999,5.953
16680,80.1253539999999,4.381
16681,80.1307219999999,5.368
16682,80.1344109999999,3.689
16683,80.1395159999999,5.105
16684,80.1426179999999,3.102
16685,80.1472639999999,4.646
16686,80.1523629999999,5.099
16687,80.1560379999999,3.675
16688,80.1599689999999,3.931
16689,80.1646739999999,4.705
16690,80.1708829999999,6.209
16691,80.1748219999999,3.939
16692,80.1807739999999,5.952
16693,80.1848069999999,4.033
16694,80.1888239999999,4.017
16695,80.1926349999999,3.811
16696,80.1973459999999,4.711
16697,80.2032869999999,5.941
16698,80.2078789999999,4.592
16699,80.2121049999999,4.226
16700,80.2174869999999,5.382
16701,80.2209589999999,3.472
16702,80.2248679999999,3.909
16703,80.2297489999999,4.881
16704,80.2332549999999,3.506
16705,80.2383489999999,5.094
16706,80.2425079999999,4.159
16707,80.2469649999999,4.457
16708,80.2505379999999,3.573
16709,80.2548759999999,4.338
16710,80.2591289999999,4.253
16711,80.2639999999999,4.871
16712,80.2676869999999,3.687
16713,80.2733169999999,5.63
16714,80.2775149999999,4.198
16715,80.2813439999999,3.829
16716,80.2855959999999,4.252
16717,80.2915019999999,5.906
16718,80.2965029999999,5.001
16719,80.3012379999999,4.735
16720,80.3064529999999,5.215
16721,80.3099019999999,3.449
16722,80.3144999999999,4.598
16723,80.3196799999999,5.18
16724,80.3233079999999,3.628
16725,80.3281539999999,4.846
16726,80.3318449999999,3.691
16727,80.3379999999999,6.155
16728,80.3423049999999,4.305
16729,80.3482989999999,5.994
16730,80.3518799999999,3.581
16731,80.3560679999999,4.188
16732,80.3602449999999,4.177
16733,80.3651969999999,4.952
16734,80.3706339999999,5.437
16735,80.3741549999999,3.521
16736,80.3790599999999,4.905
16737,80.3826469999999,3.587
16738,80.3878849999999,5.238
16739,80.3915189999999,3.634
16740,80.3964689999999,4.95
16741,80.4001269999999,3.658
16742,80.4051939999999,5.067
16743,80.4089629999999,3.769
16744,80.4138249999999,4.862
16745,80.4176949999999,3.87
16746,80.4231869999999,5.492
16747,80.4268239999999,3.637
16748,80.4305949999999,3.771
16749,80.4374079999999,6.813
16750,80.4415399999999,4.132
16751,80.4477669999999,6.227
16752,80.4520079999999,4.241
16753,80.4567659999999,4.758
16754,80.4624369999999,5.671
16755,80.4675899999999,5.153
16756,80.4710909999999,3.501
16757,80.4752009999999,4.11
16758,80.4801389999999,4.938
16759,80.4839859999999,3.847
16760,80.4893029999999,5.317
16761,80.4931139999999,3.811
16762,80.4978449999999,4.731
16763,80.5015919999999,3.747
16764,80.5062359999999,4.644
16765,80.5102939999999,4.058
16766,80.5154359999999,5.142
16767,80.5208009999999,5.365
16768,80.5246319999999,3.831
16769,80.5289789999999,4.347
16770,80.5327329999999,3.754
16771,80.5374869999999,4.754
16772,80.5418369999999,4.35
16773,80.5466909999999,4.854
16774,80.5507669999999,4.076
16775,80.5559699999999,5.203
16776,80.5593789999999,3.409
16777,80.5644129999999,5.034
16778,80.5695369999999,5.124
16779,80.5732499999999,3.713
16780,80.5782989999999,5.049
16781,80.5818309999999,3.532
16782,80.5862119999999,4.381
16783,80.5905519999999,4.34
16784,80.5954779999999,4.926
16785,80.5993439999999,3.866
16786,80.6032569999999,3.913
16787,80.6077349999999,4.478
16788,80.6127089999999,4.974
16789,80.6158899999999,3.181
16790,80.6211189999999,5.229
16791,80.6276189999999,6.5
16792,80.6303449999999,2.726
16793,80.6342699999999,3.925
16794,80.6392549999999,4.985
16795,80.6438949999999,4.64
16796,80.6470669999999,3.172
16797,80.6510019999999,3.935
16798,80.6586289999999,7.627
16799,80.6633689999999,4.74
16800,80.6669039999999,3.535
16801,80.6725319999999,5.628
16802,80.6765609999999,4.029
16803,80.6802799999999,3.719
16804,80.6864979999999,6.218
16805,80.6900379999999,3.54
16806,80.6949469999999,4.909
16807,80.6983369999999,3.39
16808,80.7037859999999,5.449
16809,80.7073379999999,3.552
16810,80.7119849999999,4.647
16811,80.7155209999999,3.536
16812,80.7233489999999,7.828
16813,80.7280499999999,4.701
16814,80.7314869999999,3.437
16815,80.7358319999999,4.345
16816,80.739899,4.067
16817,80.745104,5.205
16818,80.749535,4.431
16819,80.7539159999999,4.381
16820,80.7573789999999,3.463
16821,80.7620689999999,4.69
16822,80.7655609999999,3.492
16823,80.7707179999999,5.157
16824,80.7752449999999,4.527
16825,80.7784139999999,3.169
16826,80.7828389999999,4.425
16827,80.7882289999999,5.39
16828,80.7931419999999,4.913
16829,80.7968469999999,3.705
16830,80.8001639999999,3.317
16831,80.8059209999999,5.757
16832,80.8105329999999,4.612
16833,80.8139099999999,3.377
16834,80.8178269999999,3.917
16835,80.8235539999999,5.727
16836,80.8272569999999,3.703
16837,80.8322089999999,4.952
16838,80.8363729999999,4.164
16839,80.8414289999999,5.056
16840,80.8447789999999,3.35
16841,80.8488849999999,4.106
16842,80.8544289999999,5.544
16843,80.8586509999999,4.222
16844,80.8620389999999,3.388
16845,80.8698669999999,7.828
16846,80.8747099999999,4.843
16847,80.8783899999999,3.68
16848,80.8823639999999,3.974
16849,80.8880749999999,5.711
16850,80.8927009999999,4.626
16851,80.8979149999999,5.214
16852,80.9018649999999,3.95
16853,80.9068319999999,4.967
16854,80.9119159999999,5.084
16855,80.9152599999999,3.344
16856,80.9217969999999,6.537
16857,80.9268739999999,5.077
16858,80.9312249999999,4.351
16859,80.9353479999999,4.123
16860,80.9393929999999,4.045
16861,80.9442829999999,4.89
16862,80.9480069999999,3.724
16863,80.9522769999999,4.27
16864,80.9580139999999,5.737
16865,80.9626859999999,4.672
16866,80.9662149999999,3.529
16867,80.9718269999999,5.612
16868,80.9758859999999,4.059
16869,80.9812649999999,5.379
16870,80.9857049999999,4.44
16871,80.9900009999999,4.296
16872,80.9945899999999,4.589
16873,80.9980069999999,3.417
16874,81.0029859999999,4.979
16875,81.0071939999999,4.208
16876,81.0118339999999,4.64
16877,81.0153799999999,3.546
16878,81.0204779999999,5.098
16879,81.0246189999999,4.141
16880,81.0298759999999,5.257
16881,81.0352739999999,5.398
16882,81.0397119999999,4.438
16883,81.0441549999999,4.443
16884,81.0476649999999,3.51
16885,81.0529879999999,5.323
16886,81.0562299999999,3.242
16887,81.0608239999999,4.594
16888,81.0642099999999,3.386
16889,81.0683539999999,4.144
16890,81.0748159999999,6.462
16891,81.0799599999999,5.144
16892,81.0840979999999,4.138
16893,81.0893019999999,5.204
16894,81.0938649999999,4.563
16895,81.0972979999999,3.433
16896,81.1033869999999,6.089
16897,81.1081439999999,4.757
16898,81.1134439999999,5.3
16899,81.1167469999999,3.303
16900,81.1208629999999,4.116
16901,81.1255719999999,4.709
16902,81.1288869999999,3.315
16903,81.1352499999999,6.363
16904,81.1391599999999,3.91
16905,81.143149,3.989
16906,81.1463259999999,3.177
16907,81.1516399999999,5.314
16908,81.1554529999999,3.813
16909,81.1618239999999,6.371
16910,81.1653319999999,3.508
16911,81.1701619999999,4.83
16912,81.1740769999999,3.915
16913,81.1776109999999,3.534
16914,81.1817209999999,4.11
16915,81.1873299999999,5.609
16916,81.1914799999999,4.15
16917,81.1948359999999,3.356
16918,81.1988359999999,4.0
16919,81.2046429999999,5.807
16920,81.2107279999999,6.085
16921,81.2141449999999,3.417
16922,81.2183909999999,4.246
16923,81.2232889999999,4.898
16924,81.2264569999999,3.168
16925,81.2304969999999,4.04
16926,81.2374299999999,6.933
16927,81.2418249999999,4.395
16928,81.2450389999999,3.214
16929,81.2513659999999,6.327
16930,81.2553869999999,4.021
16931,81.2617109999999,6.324
16932,81.2653079999999,3.597
16933,81.2695349999999,4.227
16934,81.2742239999999,4.689
16935,81.2776429999999,3.419
16936,81.2819639999999,4.321
16937,81.285907,3.943
16938,81.290639,4.732
16939,81.294007,3.368
16940,81.2999579999999,5.951
16941,81.303964,4.006
16942,81.308926,4.962
16943,81.311996,3.07
16944,81.3180199999999,6.024
16945,81.3226809999999,4.661
16946,81.3258269999999,3.146
16947,81.3296169999999,3.79
16948,81.3355959999999,5.979
16949,81.3419879999999,6.392
16950,81.3449799999999,2.992
16951,81.3509019999999,5.922
16952,81.3549609999999,4.059
16953,81.3597249999999,4.764
16954,81.3631369999999,3.412
16955,81.3689699999999,5.833
16956,81.3735279999999,4.558
16957,81.3767869999999,3.259
16958,81.3812609999999,4.474
16959,81.3859769999999,4.716
16960,81.3920149999999,6.038
16961,81.3955689999999,3.554
16962,81.4001199999999,4.551
16963,81.4041149999999,3.995
16964,81.4081389999999,4.024
16965,81.4119569999999,3.818
16966,81.4165219999999,4.565
16967,81.4200999999999,3.578
16968,81.4245909999999,4.491
16969,81.4300579999999,5.467
16970,81.4339609999999,3.903
16971,81.4413539999999,7.393
16972,81.4468599999999,5.506
16973,81.4522239999999,5.364
16974,81.4560409999999,3.817
16975,81.4601549999999,4.114
16976,81.4656209999999,5.466
16977,81.4702939999999,4.673
16978,81.4751029999999,4.809
16979,81.4787259999999,3.623
16980,81.4850149999999,6.289
16981,81.4881339999999,3.119
16982,81.4929589999999,4.825
16983,81.4978569999999,4.898
16984,81.5013729999999,3.516
16985,81.5071719999999,5.799
16986,81.5095419999999,2.37
16987,81.5148519999999,5.31
16988,81.5192579999999,4.406
16989,81.5235729999999,4.315
16990,81.5272089999999,3.636
16991,81.5321639999999,4.955
16992,81.5354309999999,3.267
16993,81.5398629999999,4.432
16994,81.5437859999999,3.923
16995,81.5491929999999,5.407
16996,81.5533259999999,4.133
16997,81.5572499999999,3.924
16998,81.5613699999999,4.12
16999,81.5667139999999,5.344
17000,81.5705209999999,3.807
17001,81.5741859999999,3.665
17002,81.5781689999999,3.983
17003,81.5850229999999,6.854
17004,81.5881969999999,3.174
17005,81.5919899999999,3.793
17006,81.5962469999999,4.257
17007,81.6026499999999,6.403
17008,81.6069939999999,4.344
17009,81.6107609999999,3.767
17010,81.6155159999999,4.755
17011,81.6211319999999,5.616
17012,81.6285899999999,7.458
17013,81.6311549999999,2.565
17014,81.6354119999999,4.257
17015,81.6390529999999,3.641
17016,81.6430169999999,3.964
17017,81.6470699999999,4.053
17018,81.6538679999999,6.798
17019,81.6574539999999,3.586
17020,81.6623969999999,4.943
17021,81.6672229999999,4.826
17022,81.6709889999999,3.766
17023,81.6747909999999,3.802
17024,81.6789439999999,4.153
17025,81.6838449999999,4.901
17026,81.6892789999999,5.434
17027,81.6932929999999,4.014
17028,81.6977229999999,4.43
17029,81.7038519999999,6.129
17030,81.7066209999999,2.769
17031,81.7107859999999,4.165
17032,81.7158109999999,5.025
17033,81.7212419999999,5.431
17034,81.7257199999999,4.478
17035,81.7286829999999,2.963
17036,81.7335809999999,4.898
17037,81.7377369999999,4.156
17038,81.7419119999999,4.175
17039,81.7461139999999,4.202
17040,81.7510519999999,4.938
17041,81.7572359999999,6.184
17042,81.7614029999999,4.167
17043,81.7665529999999,5.15
17044,81.7710239999999,4.471
17045,81.7745939999999,3.57
17046,81.7788879999999,4.294
17047,81.7840629999999,5.175
17048,81.7886569999999,4.594
17049,81.7920849999999,3.428
17050,81.7963889999999,4.304
17051,81.8013839999999,4.995
17052,81.8073539999999,5.97
17053,81.8114729999999,4.119
17054,81.8167699999999,5.297
17055,81.8219569999999,5.187
17056,81.8266429999999,4.686
17057,81.8310639999999,4.421
17058,81.8372109999999,6.147
17059,81.8411029999999,3.892
17060,81.8474219999999,6.319
17061,81.8528009999999,5.379
17062,81.8589329999999,6.132
17063,81.8623279999999,3.395
17064,81.8667889999999,4.461
17065,81.8717249999999,4.936
17066,81.8760259999999,4.301
17067,81.8815319999999,5.506
17068,81.8855449999999,4.013
17069,81.8898959999999,4.351
17070,81.8933679999999,3.472
17071,81.8977929999999,4.425
17072,81.9028809999999,5.088
17073,81.9079059999999,5.025
17074,81.9107269999999,2.821
17075,81.9148499999999,4.123
17076,81.9197519999999,4.902
17077,81.9231669999999,3.415
17078,81.9275099999999,4.343
17079,81.9319429999999,4.433
17080,81.9382209999999,6.278
17081,81.9413789999999,3.158
17082,81.9467269999999,5.348
17083,81.9511009999999,4.374
17084,81.9559449999999,4.844
17085,81.9594509999999,3.506
17086,81.9637039999999,4.253
17087,81.9693639999999,5.66
17088,81.9725949999999,3.231
17089,81.9769309999999,4.336
17090,81.9815429999999,4.612
17091,81.9866209999999,5.078
17092,81.9900389999999,3.418
17093,81.9943549999999,4.316
17094,81.9988219999999,4.467
17095,82.0039449999999,5.123
17096,82.0073159999999,3.371
17097,82.0117519999999,4.436
17098,82.0178179999999,6.066
17099,82.0208909999999,3.073
17100,82.0249619999999,4.071
17101,82.0294139999999,4.452
17102,82.0356849999999,6.271
17103,82.0398689999999,4.184
17104,82.0434159999999,3.547
17105,82.0476949999999,4.279
17106,82.0527259999999,5.031
17107,82.0564299999999,3.704
17108,82.0606289999999,4.199
17109,82.0658259999999,5.197
17110,82.0693339999999,3.508
17111,82.0735599999999,4.226
17112,82.0779229999999,4.363
17113,82.0830409999999,5.118
17114,82.0866589999999,3.618
17115,82.0907749999999,4.116
17116,82.0949479999999,4.173
17117,82.1004669999999,5.519
17118,82.1053529999999,4.886
17119,82.1094489999999,4.096
17120,82.1144309999999,4.982
17121,82.1188739999999,4.443
17122,82.1222979999999,3.424
17123,82.1262249999999,3.927
17124,82.1308939999999,4.669
17125,82.1348309999999,3.937
17126,82.1416269999999,6.796
17127,82.1475649999999,5.938
17128,82.1514989999999,3.934
17129,82.1546729999999,3.174
17130,82.1586589999999,3.986
17131,82.1626579999999,3.999
17132,82.1673029999999,4.645
17133,82.1726489999999,5.346
17134,82.1758899999999,3.241
17135,82.1805279999999,4.638
17136,82.1839499999999,3.422
17137,82.1911029999999,7.153
17138,82.1949419999999,3.839
17139,82.1999689999999,5.027
17140,82.2054359999999,5.467
17141,82.2085619999999,3.126
17142,82.2125779999999,4.016
17143,82.2173749999998,4.797
17144,82.2234679999999,6.093
17145,82.2272929999999,3.825
17146,82.2323269999999,5.034
17147,82.2370449999999,4.718
17148,82.2412529999999,4.208
17149,82.2441879999999,2.935
17150,82.2488519999999,4.664
17151,82.2517439999999,2.892
17152,82.2590119999999,7.268
17153,82.2629549999999,3.943
17154,82.2674189999999,4.464
17155,82.2708039999999,3.385
17156,82.2771169999999,6.313
17157,82.2816169999999,4.5
17158,82.2851869999999,3.57
17159,82.2912789999998,6.092
17160,82.2953319999998,4.053
17161,82.3004919999998,5.16
17162,82.3042559999999,3.764
17163,82.3086609999999,4.405
17164,82.3119989999999,3.338
17165,82.3165489999999,4.55
17166,82.3234789999998,6.93
17167,82.3277099999999,4.231
17168,82.3333859999998,5.676
17169,82.3374939999999,4.108
17170,82.3418209999999,4.327
17171,82.3457639999999,3.943
17172,82.3504369999999,4.673
17173,82.3540999999999,3.663
17174,82.3578789999999,3.779
17175,82.3618039999999,3.925
17176,82.3680099999999,6.206
17177,82.3710529999999,3.043
17178,82.3749249999999,3.872
17179,82.3787719999999,3.847
17180,82.3856069999999,6.835
17181,82.3881389999999,2.532
17182,82.3922919999999,4.153
17183,82.3963469999998,4.055
17184,82.4023189999998,5.972
17185,82.4062349999999,3.916
17186,82.4101889999998,3.954
17187,82.4151439999998,4.955
17188,82.4194579999998,4.314
17189,82.4230249999998,3.567
17190,82.4268739999998,3.849
17191,82.4318109999998,4.937
17192,82.4392599999998,7.449
17193,82.4440349999998,4.775
17194,82.4479369999998,3.902
17195,82.4529239999998,4.987
17196,82.4560209999998,3.097
17197,82.4603249999998,4.304
17198,82.4649359999998,4.611
17199,82.4709009999998,5.965
17200,82.4747109999998,3.81
17201,82.4787969999998,4.086
17202,82.4855469999998,6.75
17203,82.4888559999998,3.309
17204,82.4922539999998,3.398
17205,82.4964569999998,4.203
17206,82.5013609999998,4.904
17207,82.5048799999998,3.519
17208,82.5088809999998,4.001
17209,82.5129939999998,4.113
17210,82.5199649999998,6.971
17211,82.5227349999998,2.77
17212,82.5268379999998,4.103
17213,82.5319609999998,5.123
17214,82.5367479999998,4.787
17215,82.5406859999998,3.938
17216,82.5447469999998,4.061
17217,82.5527469999998,8.0
17218,82.5565059999998,3.759
17219,82.5613459999998,4.84
17220,82.5655199999998,4.174
17221,82.5705129999998,4.993
17222,82.5739049999998,3.392
17223,82.5780279999998,4.123
17224,82.5842009999998,6.173
17225,82.5877069999998,3.506
17226,82.5918349999998,4.128
17227,82.5961109999998,4.276
17228,82.6026169999998,6.506
17229,82.6064059999998,3.789
17230,82.6102459999998,3.84
17231,82.6146539999998,4.408
17232,82.6202929999998,5.639
17233,82.6237019999998,3.409
17234,82.6293989999998,5.697
17235,82.6342069999998,4.808
17236,82.6378729999998,3.666
17237,82.6421239999998,4.251
17238,82.6464329999998,4.309
17239,82.6521769999998,5.744
17240,82.6548579999998,2.681
17241,82.6592189999998,4.361
17242,82.6633609999998,4.142
17243,82.6705129999998,7.152
17244,82.6741019999998,3.589
17245,82.6781879999998,4.086
17246,82.6831519999999,4.964
17247,82.6866199999998,3.468
17248,82.6908369999998,4.217
17249,82.6950289999998,4.192
17250,82.7018549999999,6.826
17251,82.7046769999998,2.822
17252,82.7089569999998,4.28
17253,82.7132629999998,4.306
17254,82.7199199999998,6.657
17255,82.7238929999998,3.973
17256,82.7285919999998,4.699
17257,82.7335349999998,4.943
17258,82.7370249999998,3.49
17259,82.7411609999998,4.136
17260,82.7452539999998,4.093
17261,82.7517529999999,6.499
17262,82.7544539999999,2.701
17263,82.7586469999999,4.193
17264,82.7647579999999,6.111
17265,82.7696319999999,4.874
17266,82.7729059999999,3.274
17267,82.7771879999999,4.282
17268,82.7839319999999,6.744
17269,82.7869369999999,3.005
17270,82.7929669999999,6.03
17271,82.7956999999999,2.733
17272,82.8041709999999,8.471
17273,82.8076539999999,3.483
17274,82.8129919999999,5.338
17275,82.8175099999999,4.518
17276,82.8230109999999,5.501
17277,82.8252429999999,2.232
17278,82.8298289999999,4.586
17279,82.8344809999999,4.652
17280,82.8378329999999,3.352
17281,82.8437239999999,5.891
17282,82.8478379999999,4.114
17283,82.8528089999999,4.971
17284,82.8579729999999,5.164
17285,82.8619969999999,4.024
17286,82.8663159999999,4.319
17287,82.8713059999999,4.99
17288,82.8746249999999,3.319
17289,82.8789919999999,4.367
17290,82.8848359999999,5.844
17291,82.8882889999999,3.453
17292,82.8937379999999,5.449
17293,82.8979189999999,4.181
17294,82.9028799999999,4.961
17295,82.9062559999999,3.376
17296,82.9105099999999,4.254
17297,82.9150289999999,4.519
17298,82.9200469999999,5.018
17299,82.9232719999999,3.225
17300,82.9273089999999,4.037
17301,82.9324509999999,5.142
17302,82.9360739999999,3.623
17303,82.9402169999999,4.143
17304,82.9493239999999,9.107
17305,82.9527899999999,3.466
17306,82.9568129999999,4.023
17307,82.9615439999999,4.731
17308,82.9658979999999,4.354
17309,82.9706409999999,4.743
17310,82.9741609999999,3.52
17311,82.9782749999999,4.114
17312,82.9857649999999,7.49
17313,82.9889049999999,3.14
17314,82.9940419999999,5.137
17315,82.9982869999999,4.245
17316,83.0074049999999,9.118
17317,83.0106529999999,3.248
17318,83.0139919999999,3.339
17319,83.0190499999999,5.058
17320,83.0243579999999,5.308
17321,83.0282639999999,3.906
17322,83.0325909999999,4.327
17323,83.0376659999999,5.075
17324,83.0427899999999,5.124
17325,83.0473119999999,4.522
17326,83.0515299999999,4.218
17327,83.0561309999999,4.601
17328,83.0596259999999,3.495
17329,83.0640359999999,4.41
17330,83.0686179999999,4.582
17331,83.0728969999999,4.279
17332,83.0764909999999,3.594
17333,83.0820199999999,5.529
17334,83.0863249999999,4.305
17335,83.0899739999999,3.649
17336,83.0942129999999,4.239
17337,83.0992819999999,5.069
17338,83.1041079999999,4.826
17339,83.1076449999999,3.537
17340,83.1118109999999,4.166
17341,83.1164929999999,4.682
17342,83.1217489999999,5.256
17343,83.1248169999999,3.068
17344,83.1312819999999,6.465
17345,83.1366299999999,5.348
17346,83.1402909999999,3.661
17347,83.1439739999999,3.683
17348,83.1483919999999,4.418
17349,83.1537649999999,5.373
17350,83.1569149999999,3.15
17351,83.1611809999999,4.266
17352,83.1671379999999,5.957
17353,83.1720329999999,4.895
17354,83.1754309999999,3.398
17355,83.1799309999999,4.5
17356,83.1846109999999,4.68
17357,83.1884359999999,3.825
17358,83.1925489999999,4.113
17359,83.1972349999999,4.686
17360,83.2021039999999,4.869
17361,83.2072119999999,5.108
17362,83.2113349999999,4.123
17363,83.2154659999999,4.131
17364,83.2224339999999,6.968
17365,83.2258099999999,3.376
17366,83.2300499999999,4.24
17367,83.2368629999999,6.813
17368,83.2410289999999,4.166
17369,83.2446229999999,3.594
17370,83.2484579999999,3.835
17371,83.2534609999999,5.003
17372,83.2570089999999,3.548
17373,83.2611869999999,4.178
17374,83.2672089999999,6.022
17375,83.2723159999999,5.107
17376,83.2762059999999,3.89
17377,83.2802669999999,4.061
17378,83.2851069999999,4.84
17379,83.2886389999999,3.532
17380,83.2927059999999,4.067
17381,83.2997089999999,7.003
17382,83.3043169999999,4.608
17383,83.3083899999999,4.073
17384,83.3145179999999,6.128
17385,83.3185399999999,4.022
17386,83.3230469999999,4.507
17387,83.3263879999999,3.341
17388,83.3313289999999,4.941
17389,83.3389409999999,7.612
17390,83.3423389999999,3.398
17391,83.3457519999999,3.413
17392,83.3498239999999,4.072
17393,83.3543409999999,4.517
17394,83.3578569999999,3.516
17395,83.3618839999999,4.027
17396,83.3667209999999,4.837
17397,83.3713209999999,4.6
17398,83.3741649999999,2.844
17399,83.3782639999999,4.099
17400,83.3840529999999,5.789
17401,83.3885699999999,4.517
17402,83.3925609999999,3.991
17403,83.4000179999999,7.457
17404,83.4053399999999,5.322
17405,83.4085839999999,3.244
17406,83.4128699999999,4.286
17407,83.4167589999999,3.889
17408,83.4215029999999,4.744
17409,83.4247309999999,3.228
17410,83.4288619999999,4.131
17411,83.4356799999999,6.818
17412,83.4398059999999,4.126
17413,83.4434819999999,3.676
17414,83.4484879999999,5.006
17415,83.4535009999999,5.013
17416,83.4563509999999,2.85
17417,83.4604209999999,4.07
17418,83.4648449999999,4.424
17419,83.4717459999999,6.901
17420,83.4750159999999,3.27
17421,83.4805729999999,5.557
17422,83.4858559999999,5.283
17423,83.4887619999999,2.906
17424,83.4948729999999,6.111
17425,83.5011829999999,6.31
17426,83.5051589999999,3.976
17427,83.5080949999999,2.936
17428,83.5121649999999,4.07
17429,83.5183909999999,6.226
17430,83.5222819999999,3.891
17431,83.5253469999999,3.065
17432,83.5295489999999,4.202
17433,83.5355469999999,5.998
17434,83.5415469999999,6.0
17435,83.5436799999999,2.133
17436,83.5478909999999,4.211
17437,83.5543639999999,6.473
17438,83.5568169999999,2.453
17439,83.5608569999999,4.04
17440,83.5648589999999,4.002
17441,83.5728619999999,8.003
17442,83.5761419999999,3.28
17443,83.5804689999999,4.327
17444,83.5856269999999,5.158
17445,83.5910289999999,5.402
17446,83.5948239999999,3.795
17447,83.5988579999999,4.034
17448,83.6054379999999,6.58
17449,83.6081189999999,2.681
17450,83.6123559999999,4.237
17451,83.6167059999999,4.35
17452,83.6237359999999,7.03
17453,83.6264269999999,2.691
17454,83.6305879999999,4.161
17455,83.6354299999999,4.842
17456,83.6415149999999,6.085
17457,83.6453859999999,3.871
17458,83.6498669999999,4.481
17459,83.6546189999999,4.752
17460,83.6624569999999,7.838
17461,83.6679439999999,5.487
17462,83.6726889999999,4.745
17463,83.6757779999999,3.089
17464,83.6819639999999,6.186
17465,83.6859779999999,4.014
17466,83.6904799999999,4.502
17467,83.6939559999999,3.476
17468,83.6992869999999,5.331
17469,83.7034599999999,4.173
17470,83.7065409999999,3.081
17471,83.7106189999999,4.078
17472,83.7151459999999,4.527
17473,83.7222999999999,7.154
17474,83.7250819999999,2.782
17475,83.7288539999999,3.772
17476,83.7355669999999,6.713
17477,83.7382539999999,2.687
17478,83.7421689999999,3.915
17479,83.7461749999999,4.006
17480,83.7519229999999,5.748
17481,83.7556519999999,3.729
17482,83.7593989999999,3.747
17483,83.7641639999999,4.765
17484,83.7674479999999,3.284
17485,83.7742299999999,6.782
17486,83.7779409999999,3.711
17487,83.7831989999999,5.258
17488,83.7887279999999,5.529
17489,83.7927569999999,4.029
17490,83.7976009999999,4.844
17491,83.8008209999999,3.22
17492,83.8081969999999,7.376
17493,83.8109889999999,2.792
17494,83.8150919999999,4.103
17495,83.8191389999999,4.047
17496,83.8256719999999,6.533
17497,83.8293999999999,3.728
17498,83.8346179999999,5.218
17499,83.8376419999999,3.024
17500,83.8417069999999,4.065
17501,83.8495379999999,7.831
17502,83.8534019999999,3.864
17503,83.8575009999999,4.099
17504,83.8634309999999,5.93
17505,83.8681259999999,4.695
17506,83.8712589999999,3.133
17507,83.8754429999999,4.184
17508,83.8826019999999,7.159
17509,83.8863979999999,3.796
17510,83.8892899999999,2.892
17511,83.8932819999999,3.992
17512,83.8991219999999,5.84
17513,83.9025019999999,3.38
17514,83.9060729999999,3.571
17515,83.9102739999999,4.201
17516,83.9147519999999,4.478
17517,83.9227119999999,7.96
17518,83.9266109999999,3.899
17519,83.9312309999999,4.62
17520,83.9355499999999,4.319
17521,83.9396259999999,4.076
17522,83.9437989999999,4.173
17523,83.9512349999999,7.436
17524,83.9540179999999,2.783
17525,83.9593899999999,5.372
17526,83.9646529999999,5.263
17527,83.9676469999999,2.994
17528,83.9716099999999,3.963
17529,83.9757679999999,4.158
17530,83.9837219999999,7.954
17531,83.9874219999999,3.7
17532,83.9913519999999,3.93
17533,83.9954929999999,4.141
17534,84.0002319999999,4.739
17535,84.0036609999999,3.429
17536,84.0076769999999,4.016
17537,84.0127259999999,5.049
17538,84.0201749999999,7.449
17539,84.0242009999999,4.026
17540,84.0285859999999,4.385
17541,84.0334859999999,4.9
17542,84.0365199999999,3.034
17543,84.0405009999999,3.981
17544,84.0446919999999,4.191
17545,84.0503219999999,5.63
17546,84.0554829999999,5.161
17547,84.0592139999999,3.731
17548,84.0637829999999,4.569
17549,84.0694199999999,5.637
17550,84.0731389999999,3.719
17551,84.0772929999999,4.154
17552,84.0835269999999,6.234
17553,84.0875159999999,3.989
17554,84.0908189999999,3.303
17555,84.0950299999999,4.211
17556,84.0997649999999,4.735
17557,84.1058649999999,6.1
17558,84.1100259999999,4.161
17559,84.1152319999999,5.206
17560,84.1185429999999,3.311
17561,84.1244189999999,5.876
17562,84.1282569999999,3.838
17563,84.1358279999999,7.571
17564,84.1380329999999,2.205
17565,84.1423429999999,4.31
17566,84.1476109999999,5.268
17567,84.1514929999999,3.882
17568,84.1565629999999,5.07
17569,84.1603309999999,3.768
17570,84.1692469999999,8.916
17571,84.1730169999999,3.77
17572,84.1770109999999,3.994
17573,84.1829469999999,5.936
17574,84.1866389999999,3.692
17575,84.1914659999999,4.827
17576,84.1953569999999,3.891
17577,84.2050019999999,9.645
17578,84.2082079999999,3.206
17579,84.2116719999999,3.464
17580,84.2173009999999,5.629
17581,84.2217289999999,4.428
17582,84.2257579999999,4.029
17583,84.2298359999999,4.078
17584,84.2351809999999,5.345
17585,84.2391519999999,3.971
17586,84.2429719999999,3.82
17587,84.2476199999999,4.648
17588,84.2507139999999,3.094
17589,84.2543749999999,3.661
17590,84.2581869999999,3.812
17591,84.2629689999999,4.782
17592,84.2694709999999,6.502
17593,84.2731679999999,3.697
17594,84.2769599999999,3.792
17595,84.2814129999999,4.453
17596,84.2863789999999,4.966
17597,84.2898279999999,3.449
17598,84.2935749999999,3.747
17599,84.2984279999999,4.853
17600,84.3044249999999,5.997
17601,84.3079899999999,3.565
17602,84.3125529999999,4.563
17603,84.3154939999999,2.941
17604,84.3220009999999,6.507
17605,84.3254079999999,3.407
17606,84.3299109999999,4.503
17607,84.3337099999999,3.799
17608,84.3414239999999,7.714
17609,84.3448069999999,3.383
17610,84.3473459999999,2.539
17611,84.3543069999999,6.961
17612,84.3576569999999,3.35
17613,84.36213,4.473
17614,84.365203,3.073
17615,84.372115,6.912
17616,84.375811,3.696
17617,84.380423,4.612
17618,84.3832769999999,2.854
17619,84.3897119999999,6.435
17620,84.3939229999999,4.211
17621,84.3972039999999,3.281
17622,84.4039629999999,6.759
17623,84.4076069999999,3.644
17624,84.4123379999999,4.731
17625,84.415303,2.965
17626,84.4189459999999,3.643
17627,84.4246089999999,5.663
17628,84.429295,4.686
17629,84.431941,2.646
17630,84.440506,8.565
17631,84.444952,4.446
17632,84.447802,2.85
17633,84.451562,3.76
17634,84.457647,6.085
17635,84.4621169999999,4.47
17636,84.465077,2.96
17637,84.4729929999999,7.916
17638,84.4762879999999,3.295
17639,84.4815429999999,5.255
17640,84.4846579999999,3.115
17641,84.4879489999999,3.291
17642,84.494408,6.459
17643,84.498104,3.696
17644,84.503944,5.84
17645,84.508919,4.975
17646,84.51545,6.531
17647,84.51932,3.87
17648,84.523389,4.069
17649,84.527942,4.553
17650,84.53365,5.708
17651,84.539313,5.663
17652,84.543551,4.238
17653,84.548747,5.196
17654,84.55248,3.733
17655,84.55652,4.04
17656,84.562667,6.147
17657,84.567476,4.809
17658,84.570834,3.358
17659,84.575283,4.449
17660,84.579756,4.473
17661,84.584436,4.68
17662,84.587944,3.508
17663,84.592188,4.244
17664,84.598739,6.551
17665,84.602194,3.455
17666,84.608257,6.063
17667,84.612549,4.292
17668,84.617356,4.807
17669,84.620997,3.641
17670,84.625175,4.178
17671,84.629758,4.583
17672,84.635705,5.947
17673,84.63988,4.175
17674,84.645524,5.644
17675,84.650277,4.753
17676,84.655527,5.25
17677,84.65978,4.253
17678,84.66416,4.38
17679,84.66921,5.05
17680,84.672585,3.375
17681,84.678779,6.194
17682,84.683494,4.715
17683,84.686995,3.501
17684,84.691308,4.313
17685,84.695705,4.397
17686,84.702508,6.803
17687,84.706441,3.933
17688,84.710545,4.104
17689,84.716791,6.246
17690,84.721265,4.474
17691,84.727291,6.026
17692,84.731623,4.332
17693,84.737294,5.671
17694,84.742354,5.06
17695,84.746462,4.108
17696,84.752798,6.336
17697,84.75667,3.872
17698,84.76085,4.18
17699,84.765222,4.372
17700,84.770111,4.889
17701,84.775372,5.261
17702,84.779823,4.451
17703,84.784489,4.666
17704,84.78812,3.631
17705,84.792527,4.407
17706,84.796738,4.211
17707,84.801967,5.229
17708,84.805568,3.601
17709,84.809546,3.978
17710,84.81452,4.974
17711,84.819828,5.308
17712,84.824014,4.186
17713,84.828546,4.532
17714,84.833403,4.857
17715,84.839471,6.068
17716,84.843539,4.068
17717,84.848131,4.592
17718,84.851652,3.521
17719,84.8556400000001,3.988
17720,84.8599550000001,4.315
17721,84.8652130000001,5.258
17722,84.868924,3.711
17723,84.8728180000001,3.894
17724,84.877166,4.348
17725,84.883241,6.075
17726,84.887753,4.512
17727,84.891756,4.003
17728,84.896741,4.985
17729,84.9004430000001,3.702
17730,84.9048200000001,4.377
17731,84.9105530000001,5.733
17732,84.9154320000001,4.879
17733,84.9191920000001,3.76
17734,84.9232660000001,4.074
17735,84.9276200000001,4.354
17736,84.9325330000001,4.913
17737,84.9361730000001,3.64
17738,84.9406570000001,4.484
17739,84.9456030000001,4.946
17740,84.9510970000001,5.494
17741,84.9558760000001,4.779
17742,84.9592790000001,3.403
17743,84.9642970000001,5.018
17744,84.9678900000001,3.593
17745,84.9724650000001,4.575
17746,84.9783360000001,5.871
17747,84.9831900000001,4.854
17748,84.9866560000001,3.466
17749,84.9910690000001,4.413
17750,84.9961810000001,5.112
17751,84.9997400000001,3.559
17752,85.0039340000001,4.194
17753,85.0081000000001,4.166
17754,85.0161670000001,8.067
17755,85.0213330000001,5.166
17756,85.0251090000001,3.776
17757,85.0294950000001,4.386
17758,85.0342890000001,4.794
17759,85.0380460000001,3.757
17760,85.0420900000001,4.044
17761,85.0484640000001,6.374
17762,85.0519980000001,3.534
17763,85.0555460000001,3.548
17764,85.0597670000001,4.221
17765,85.0656890000001,5.922
17766,85.0706300000001,4.941
17767,85.0749140000001,4.284
17768,85.0795440000001,4.63
17769,85.0842170000001,4.673
17770,85.0877480000001,3.531
17771,85.0937750000001,6.027
17772,85.0986240000001,4.849
17773,85.1027780000001,4.154
17774,85.1064420000001,3.664
17775,85.1114190000001,4.977
17776,85.1182410000001,6.822
17777,85.1226920000001,4.451
17778,85.1261370000001,3.445
17779,85.1312570000001,5.12
17780,85.1349820000001,3.725
17781,85.1408270000001,5.845
17782,85.1452630000001,4.436
17783,85.1500470000001,4.784
17784,85.1536660000001,3.619
17785,85.1578830000001,4.217
17786,85.1647050000001,6.822
17787,85.1683010000001,3.596
17788,85.1722510000001,3.95
17789,85.1767480000001,4.497
17790,85.1819220000001,5.174
17791,85.1868440000001,4.922
17792,85.191062,4.218
17793,85.195468,4.406
17794,85.200343,4.875
17795,85.203845,3.502
17796,85.209869,6.024
17797,85.215952,6.083
17798,85.220793,4.841
17799,85.224711,3.918
17800,85.229191,4.48
17801,85.235713,6.522
17802,85.2392960000001,3.583
17803,85.2434420000001,4.146
17804,85.2488110000001,5.369
17805,85.2522710000001,3.46
17806,85.2578890000001,5.618
17807,85.2624650000001,4.576
17808,85.2672400000001,4.775
17809,85.2708160000001,3.576
17810,85.274949,4.133
17811,85.2792750000001,4.326
17812,85.284236,4.961
17813,85.2877570000001,3.521
17814,85.2920860000001,4.329
17815,85.297233,5.147
17816,85.3024100000001,5.177
17817,85.3065640000001,4.154
17818,85.3109980000001,4.434
17819,85.3162430000001,5.245
17820,85.3212020000001,4.959
17821,85.3254050000001,4.203
17822,85.3298690000001,4.464
17823,85.3347480000001,4.879
17824,85.3381200000001,3.372
17825,85.3424260000001,4.306
17826,85.3480030000001,5.577
17827,85.3528270000001,4.824
17828,85.3576120000001,4.785
17829,85.3623910000001,4.779
17830,85.3668580000001,4.467
17831,85.3723250000001,5.467
17832,85.3762040000001,3.879
17833,85.3813080000001,5.104
17834,85.3853440000001,4.036
17835,85.3891030000001,3.759
17836,85.3954090000001,6.306
17837,85.4000790000001,4.67
17838,85.4035220000001,3.443
17839,85.4078070000001,4.285
17840,85.4121470000001,4.34
17841,85.4187010000001,6.554
17842,85.4222880000001,3.587
17843,85.426613,4.325
17844,85.432332,5.719
17845,85.436711,4.379
17846,85.441044,4.333
17847,85.445566,4.522
17848,85.450411,4.845
17849,85.454213,3.802
17850,85.458162,3.949
17851,85.46265,4.488
17852,85.46743,4.78
17853,85.471053,3.623
17854,85.475576,4.523
17855,85.480676,5.1
17856,85.486247,5.571
17857,85.4901520000001,3.905
17858,85.4944890000001,4.337
17859,85.4994060000001,4.917
17860,85.5029480000001,3.542
17861,85.5088660000001,5.918
17862,85.5131840000001,4.318
17863,85.5183770000001,5.193
17864,85.5229140000001,4.537
17865,85.5282590000001,5.345
17866,85.5350180000001,6.759
17867,85.5391800000001,4.162
17868,85.5449280000001,5.748
17869,85.5492720000001,4.344
17870,85.5538880000001,4.616
17871,85.5594000000001,5.512
17872,85.563652,4.252
17873,85.568444,4.792
17874,85.572062,3.618
17875,85.576385,4.323
17876,85.5811610000001,4.776
17877,85.585873,4.712
17878,85.5894910000001,3.618
17879,85.593923,4.432
17880,85.5992230000001,5.3
17881,85.6042920000001,5.069
17882,85.6085020000001,4.21
17883,85.6128920000001,4.39
17884,85.6177930000001,4.901
17885,85.6212220000001,3.429
17886,85.6272620000001,6.04
17887,85.6338730000001,6.611
17888,85.6381950000001,4.322
17889,85.6422490000001,4.054
17890,85.6467160000001,4.467
17891,85.6531600000001,6.444
17892,85.6567470000001,3.587
17893,85.6610080000001,4.261
17894,85.6662730000001,5.265
17895,85.6698610000001,3.588
17896,85.6760470000001,6.186
17897,85.6800240000001,3.977
17898,85.6850160000001,4.992
17899,85.6885400000001,3.524
17900,85.6933300000001,4.79
17901,85.6992080000001,5.878
17902,85.7026010000001,3.393
17903,85.7066880000001,4.087
17904,85.7108540000001,4.166
17905,85.7160380000001,5.184
17906,85.7211130000001,5.075
17907,85.7253960000001,4.283
17908,85.7307940000001,5.398
17909,85.7351130000001,4.319
17910,85.738785,3.672
17911,85.7443170000001,5.532
17912,85.749221,4.904
17913,85.7529850000001,3.764
17914,85.7571310000001,4.146
17915,85.7617510000001,4.62
17916,85.7666230000001,4.872
17917,85.7701930000001,3.57
17918,85.7743660000001,4.173
17919,85.7797990000001,5.433
17920,85.7833830000001,3.584
17921,85.7895580000001,6.175
17922,85.7941800000001,4.622
17923,85.8008480000001,6.668
17924,85.8050110000001,4.163
17925,85.8106050000001,5.594
17926,85.8175980000001,6.993
17927,85.8217090000001,4.111
17928,85.8249320000001,3.223
17929,85.8294450000001,4.513
17930,85.8346960000001,5.251
17931,85.8406250000001,5.929
17932,85.8441920000001,3.567
17933,85.8487680000001,4.576
17934,85.8539230000001,5.155
17935,85.8576270000001,3.704
17936,85.8648450000001,7.218
17937,85.8688190000001,3.974
17938,85.8721560000001,3.337
17939,85.8763630000001,4.207
17940,85.8815690000001,5.206
17941,85.8867620000001,5.193
17942,85.8909050000001,4.143
17943,85.8954430000001,4.538
17944,85.9010770000001,5.634
17945,85.9042970000001,3.22
17946,85.9103070000001,6.01
17947,85.9152860000001,4.979
17948,85.9203100000001,5.024
17949,85.9252080000001,4.898
17950,85.9295630000001,4.355
17951,85.9360780000001,6.515
17952,85.9397830000001,3.705
17953,85.9441300000001,4.347
17954,85.9508430000001,6.713
17955,85.9567840000001,5.941
17956,85.9599520000001,3.168
17957,85.9644140000001,4.462
17958,85.9692760000001,4.862
17959,85.9728600000001,3.584
17960,85.9771550000001,4.295
17961,85.9821460000001,4.991
17962,85.9860390000001,3.893
17963,85.9900030000001,3.964
17964,85.9945100000001,4.507
17965,85.9996050000001,5.095
17966,86.0048970000001,5.292
17967,86.0089940000001,4.097
17968,86.0150600000001,6.066
17969,86.0199810000001,4.921
17970,86.0242680000001,4.287
17971,86.0302450000001,5.977
17972,86.0350980000001,4.853
17973,86.0387460000001,3.648
17974,86.0429500000001,4.204
17975,86.0488620000001,5.912
17976,86.0547150000001,5.853
17977,86.0599670000001,5.252
17978,86.0640480000001,4.081
17979,86.0689110000001,4.863
17980,86.0727340000001,3.823
17981,86.0788620000001,6.128
17982,86.0836000000001,4.738
17983,86.0872510000001,3.651
17984,86.0915040000001,4.253
17985,86.0958660000001,4.362
17986,86.1025590000001,6.693
17987,86.1061230000001,3.564
17988,86.1103800000001,4.257
17989,86.1159660000001,5.586
17990,86.1213710000001,5.405
17991,86.1253860000001,4.015
17992,86.1299780000001,4.592
17993,86.1347950000001,4.817
17994,86.1384420000001,3.647
17995,86.1429360000001,4.494
17996,86.1489200000001,5.984
17997,86.1538780000001,4.958
17998,86.1581980000001,4.32
17999,86.1626030000001,4.405
18000,86.1676850000001,5.082
18001,86.1728100000001,5.125
18002,86.1774470000001,4.637
18003,86.1821490000001,4.702
18004,86.1858470000001,3.698
18005,86.1901360000001,4.289
18006,86.1962170000001,6.081
18007,86.2013530000001,5.136
18008,86.2048050000001,3.452
18009,86.2095440000001,4.739
18010,86.2145190000001,4.975
18011,86.2195800000001,5.061
18012,86.2238020000001,4.222
18013,86.2282220000001,4.42
18014,86.2335180000001,5.296
18015,86.2373730000001,3.855
18016,86.2434000000001,6.027
18017,86.2489440000001,5.544
18018,86.2528750000001,3.931
18019,86.2565320000001,3.657
18020,86.2604840000001,3.952
18021,86.2660150000001,5.531
18022,86.2704660000001,4.451
18023,86.2760090000001,5.543
18024,86.2848610000001,8.852
18025,86.2890310000001,4.17
18026,86.2934790000001,4.448
18027,86.2979070000001,4.428
18028,86.3030450000001,5.138
18029,86.3070870000001,4.042
18030,86.3117870000001,4.7
18031,86.3196360000001,7.849
18032,86.3240610000001,4.425
18033,86.3297340000001,5.673
18034,86.3340900000001,4.356
18035,86.3390620000001,4.972
18036,86.3446960000001,5.634
18037,86.3490800000001,4.384
18038,86.3541600000001,5.08
18039,86.3574650000001,3.305
18040,86.3621580000001,4.693
18041,86.3683330000001,6.175
18042,86.3732520000001,4.919
18043,86.3769370000001,3.685
18044,86.3816480000001,4.711
18045,86.3874660000001,5.818
18046,86.3917600000001,4.294
18047,86.3972310000001,5.471
18048,86.4015760000001,4.345
18049,86.4067860000001,5.21
18050,86.4121840000001,5.398
18051,86.4179110000001,5.727
18052,86.4241420000001,6.231
18053,86.4320100000001,7.868
18054,86.4378460000001,5.836
18055,86.4427190000001,4.873
18056,86.4473260000001,4.607
18057,86.4517990000001,4.473
18058,86.4569350000001,5.136
18059,86.4607400000001,3.805
18060,86.4653700000001,4.63
18061,86.4716060000001,6.236
18062,86.4753740000001,3.768
18063,86.4799150000001,4.541
18064,86.4849230000001,5.008
18065,86.4887270000001,3.804
18066,86.4949590000001,6.232
18067,86.5008140000001,5.855
18068,86.5054440000001,4.63
18069,86.5104120000001,4.968
18070,86.5153510000001,4.939
18071,86.5207630000001,5.412
18072,86.5251830000001,4.42
18073,86.5298870000001,4.704
18074,86.5355980000001,5.711
18075,86.5403280000001,4.73
18076,86.5446360000001,4.308
18077,86.5497000000001,5.064
18078,86.5535050000001,3.805
18079,86.5579220000001,4.417
18080,86.5632010000001,5.279
18081,86.5672290000001,4.028
18082,86.5712730000001,4.044
18083,86.5757180000001,4.445
18084,86.5829670000001,7.249
18085,86.5867230000001,3.756
18086,86.5926970000001,5.974
18087,86.5977200000001,5.023
18088,86.6017840000001,4.064
18089,86.6068650000001,5.081
18090,86.6134640000001,6.599
18091,86.6187880000001,5.324
18092,86.6232030000001,4.415
18093,86.6279970000001,4.794
18094,86.6329860000001,4.989
18095,86.6368360000001,3.85
18096,86.6430660000001,6.23
18097,86.6486390000001,5.573
18098,86.6530890000001,4.45
18099,86.6569690000001,3.88
18100,86.6620600000001,5.091
18101,86.6672520000001,5.192
18102,86.6718760000001,4.624
18103,86.6762130000001,4.337
18104,86.6815290000001,5.316
18105,86.6853430000001,3.814
18106,86.6914920000001,6.149
18107,86.6967050000001,5.213
18108,86.7007760000001,4.071
18109,86.7054130000001,4.637
18110,86.7102240000001,4.811
18111,86.7178530000001,7.629
18112,86.7223120000001,4.459
18113,86.7277400000001,5.428
18114,86.7330280000001,5.288
18115,86.7369430000001,3.915
18116,86.7430750000001,6.132
18117,86.7484560000001,5.381
18118,86.7521400000001,3.684
18119,86.7567550000001,4.615
18120,86.7622360000001,5.481
18121,86.7678230000001,5.587
18122,86.7733560000001,5.533
18123,86.7771510000001,3.795
18124,86.7823460000001,5.195
18125,86.7861770000001,3.831
18126,86.7923290000001,6.152
18127,86.7977270000001,5.398
18128,86.8018080000001,4.081
18129,86.8061730000001,4.365
18130,86.8116690000001,5.496
18131,86.8174620000001,5.793
18132,86.8221310000001,4.669
18133,86.8261950000001,4.064
18134,86.8316220000001,5.427
18135,86.8355970000001,3.975
18136,86.8420160000001,6.419
18137,86.8477780000001,5.762
18138,86.8517080000001,3.93
18139,86.8555200000001,3.812
18140,86.8609360000001,5.416
18141,86.8670710000001,6.135
18142,86.8715370000001,4.466
18143,86.8761780000001,4.641
18144,86.8822630000001,6.085
18145,86.8869750000001,4.712
18146,86.8914720000001,4.497
18147,86.8967660000001,5.294
18148,86.9006540000001,3.888
18149,86.9053070000001,4.653
18150,86.9109330000001,5.626
18151,86.9191650000001,8.232
18152,86.9228010000001,3.636
18153,86.9272700000001,4.469
18154,86.9325330000001,5.263
18155,86.9364410000001,3.908
18156,86.9426140000001,6.173
18157,86.9478280000001,5.214
18158,86.9518460000001,4.018
18159,86.9567760000001,4.93
18160,86.9620290000001,5.253
18161,86.9673800000001,5.351
18162,86.9719530000001,4.573
18163,86.9767330000001,4.78
18164,86.9820210000001,5.288
18165,86.9858200000001,3.799
18166,86.9918790000001,6.059
18167,86.9971270000001,5.248
18168,87.0011560000001,4.029
18169,87.0058250000001,4.669
18170,87.0113890000001,5.564
18171,87.0166810000001,5.292
18172,87.0211090000001,4.428
18173,87.0258050000001,4.696
18174,87.0318700000001,6.065
18175,87.0386720000001,6.802
18176,87.0419250000001,3.253
18177,87.0473190000001,5.394
18178,87.0513840000001,4.065
18179,87.0557970000001,4.413
18180,87.0611720000001,5.375
18181,87.0649560000001,3.784
18182,87.0694760000001,4.52
18183,87.0738910000001,4.415
18184,87.0794190000001,5.528
18185,87.0833500000001,3.931
18186,87.0890390000001,5.689
18187,87.0947100000001,5.671
18188,87.0983770000001,3.667
18189,87.1026920000001,4.315
18190,87.1076830000001,4.991
18191,87.1131930000001,5.51
18192,87.1184500000001,5.257
18193,87.1219950000001,3.545
18194,87.1275970000001,5.602
18195,87.1341360000001,6.539
18196,87.1381250000001,3.989
18197,87.1445380000001,6.413
18198,87.1486720000001,4.134
18199,87.1524570000001,3.785
18200,87.1572230000001,4.766
18201,87.1627420000001,5.519
18202,87.1669920000001,4.25
18203,87.1712690000001,4.277
18204,87.1763290000001,5.06
18205,87.1805030000001,4.174
18206,87.1862580000001,5.755
18207,87.1910940000001,4.836
18208,87.1948940000001,3.8
18209,87.1991020000001,4.208
18210,87.2034140000001,4.312
18211,87.2103720000001,6.958
18212,87.2141890000001,3.817
18213,87.2180760000001,3.887
18214,87.2231340000001,5.058
18215,87.2269410000001,3.807
18216,87.2336180000001,6.677
18217,87.2386560000001,5.038
18218,87.2449000000001,6.244
18219,87.2487480000001,3.848
18220,87.2523760000001,3.628
18221,87.2591450000001,6.769
18222,87.2636840000001,4.539
18223,87.2686120000001,4.928
18224,87.2718510000001,3.239
18225,87.2768400000001,4.989
18226,87.2807090000001,3.869
18227,87.2847840000001,4.075
18228,87.2898510000001,5.067
18229,87.2936120000001,3.761
18230,87.2987780000001,5.166
18231,87.3039890000001,5.211
18232,87.3089920000001,5.003
18233,87.3126780000001,3.686
18234,87.3169010000001,4.223
18235,87.3212790000001,4.378
18236,87.3281010000001,6.822
18237,87.3336320000001,5.531
18238,87.3384800000001,4.848
18239,87.3429220000001,4.442
18240,87.3470520000001,4.13
18241,87.3526810000001,5.629
18242,87.3574900000001,4.809
18243,87.3624130000001,4.923
18244,87.3672590000001,4.846
18245,87.3721790000001,4.92
18246,87.3782430000001,6.064
18247,87.3831930000001,4.95
18248,87.3866810000001,3.488
18249,87.3910980000001,4.417
18250,87.3971020000001,6.004
18251,87.4015760000001,4.474
18252,87.4057060000001,4.13
18253,87.4101250000001,4.419
18254,87.4154920000001,5.367
18255,87.4190350000001,3.543
18256,87.4247760000001,5.741
18257,87.4297540000001,4.978
18258,87.4355710000001,5.817
18259,87.4398650000001,4.294
18260,87.4446150000001,4.75
18261,87.4508230000001,6.208
18262,87.4544880000001,3.665
18263,87.4590450000001,4.557
18264,87.4639750000001,4.93
18265,87.4691390000001,5.164
18266,87.4734970000001,4.358
18267,87.4782030000001,4.706
18268,87.4829040000001,4.701
18269,87.4865430000001,3.639
18270,87.4909880000001,4.445
18271,87.4957880000001,4.8
18272,87.5004640000001,4.676
18273,87.5040030000001,3.539
18274,87.5083840000001,4.381
18275,87.5146010000001,6.217
18276,87.5191170000001,4.516
18277,87.5231490000001,4.032
18278,87.5277030000001,4.554
18279,87.5330390000001,5.336
18280,87.5361630000001,3.124
18281,87.5423050000001,6.142
18282,87.5467560000001,4.451
18283,87.5526240000001,5.868
18284,87.5567590000001,4.135
18285,87.5615300000001,4.771
18286,87.5681450000001,6.615
18287,87.5719050000001,3.76
18288,87.5763240000001,4.419
18289,87.5819390000001,5.615
18290,87.5877090000001,5.77
18291,87.5932080000001,5.499
18292,87.5975260000001,4.318
18293,87.6024980000001,4.972
18294,87.6059800000001,3.482
18295,87.6105470000001,4.567
18296,87.6154950000001,4.948
18297,87.6201200000001,4.625
18298,87.6234220000001,3.302
18299,87.6279700000001,4.548
18300,87.6329290000001,4.959
18301,87.6381860000001,5.257
18302,87.6425590000001,4.373
18303,87.6469370000001,4.378
18304,87.6526650000001,5.728
18305,87.6570460000001,4.381
18306,87.6622710000001,5.225
18307,87.6669760000001,4.705
18308,87.6705980000001,3.622
18309,87.6749330000001,4.335
18310,87.6801800000001,5.247
18311,87.6862620000001,6.082
18312,87.6897130000001,3.451
18313,87.6944620000001,4.749
18314,87.6991080000001,4.646
18315,87.7030290000001,3.921
18316,87.7089660000001,5.937
18317,87.7144520000001,5.486
18318,87.7199480000001,5.496
18319,87.7242180000001,4.27
18320,87.7285010000001,4.283
18321,87.7349960000001,6.495
18322,87.7388230000001,3.827
18323,87.7435650000001,4.742
18324,87.7503090000001,6.744
18325,87.7561370000001,5.828
18326,87.7598290000001,3.692
18327,87.7641650000001,4.336
18328,87.7693420000001,5.177
18329,87.7730970000001,3.755
18330,87.7773160000001,4.219
18331,87.7820990000001,4.783
18332,87.7871790000001,5.08
18333,87.7903090000001,3.13
18334,87.7950670000001,4.758
18335,87.7996980000001,4.631
18336,87.8050910000001,5.393
18337,87.8128470000001,7.756
18338,87.8183530000001,5.506
18339,87.8231210000001,4.768
18340,87.8281610000001,5.04
18341,87.8342020000001,6.041
18342,87.8390250000001,4.823
18343,87.8431230000001,4.098
18344,87.8489680000001,5.845
18345,87.8533090000001,4.341
18346,87.8592510000001,5.942
18347,87.8633530000001,4.102
18348,87.8674870000001,4.134
18349,87.8724900000001,5.003
18350,87.8763130000001,3.823
18351,87.8813810000001,5.068
18352,87.8858170000001,4.436
18353,87.8919370000001,6.12
18354,87.8958330000001,3.896
18355,87.9003050000001,4.472
18356,87.9065730000001,6.268
18357,87.9110240000001,4.451
18358,87.9165100000001,5.486
18359,87.9222440000001,5.734
18360,87.9255850000001,3.341
18361,87.9318770000001,6.292
18362,87.9359730000001,4.096
18363,87.9407900000001,4.817
18364,87.9451060000001,4.316
18365,87.9514800000001,6.374
18366,87.9557690000001,4.289
18367,87.9594170000001,3.648
18368,87.9636950000001,4.278
18369,87.9687170000001,5.022
18370,87.9724180000001,3.701
18371,87.9787490000001,6.331
18372,87.9857450000001,6.996
18373,87.9899080000001,4.163
18374,87.9938570000001,3.949
18375,87.9981680000001,4.311
18376,88.0046690000001,6.501
18377,88.0084000000001,3.731
18378,88.0134370000001,5.037
18379,88.0222470000001,8.81
18380,88.0259500000001,3.703
18381,88.0309610000001,5.011
18382,88.0350000000001,4.039
18383,88.0398640000001,4.864
18384,88.0435430000001,3.679
18385,88.0479330000001,4.39
18386,88.0547240000001,6.791
18387,88.0582540000001,3.53
18388,88.0630240000001,4.77
18389,88.0686050000001,5.581
18390,88.0733490000001,4.744
18391,88.0794480000001,6.099
18392,88.0837360000001,4.288
18393,88.0886520000001,4.916
18394,88.0928430000001,4.191
18395,88.0980940000001,5.251
18396,88.1036270000001,5.533
18397,88.1072370000001,3.61
18398,88.1116810000001,4.444
18399,88.1165980000001,4.917
18400,88.1203750000001,3.777
18401,88.1266790000001,6.304
18402,88.1314890000001,4.81
18403,88.1366200000001,5.131
18404,88.1405990000002,3.979
18405,88.1460400000002,5.441
18406,88.1526320000002,6.592
18407,88.1563680000002,3.736
18408,88.1608780000002,4.51
18409,88.1679680000002,7.09
18410,88.1714230000002,3.455
18411,88.1778870000002,6.464
18412,88.1819410000002,4.054
18413,88.1868890000001,4.948
18414,88.1905780000001,3.689
18415,88.1962440000001,5.666
18416,88.2017230000001,5.479
18417,88.2053560000001,3.633
18418,88.2100310000001,4.675
18419,88.2149310000001,4.9
18420,88.2185250000002,3.594
18421,88.2246400000002,6.115
18422,88.2303900000002,5.75
18423,88.2368770000002,6.487
18424,88.2405870000002,3.71
18425,88.2447620000002,4.175
18426,88.2511660000002,6.404
18427,88.2549240000002,3.758
18428,88.2597360000002,4.812
18429,88.2652980000002,5.562
18430,88.2684390000002,3.141
18431,88.2742430000002,5.804
18432,88.2787310000002,4.488
18433,88.2836530000002,4.922
18434,88.2874120000002,3.759
18435,88.2917100000002,4.298
18436,88.2968810000002,5.171
18437,88.3009680000002,4.087
18438,88.3047940000002,3.826
18439,88.3093190000002,4.525
18440,88.3151780000002,5.859
18441,88.3197220000002,4.544
18442,88.3239840000002,4.262
18443,88.3291560000002,5.172
18444,88.3332560000002,4.1
18445,88.3373590000002,4.103
18446,88.3464050000002,9.046
18447,88.3541580000002,7.753
18448,88.3575000000002,3.342
18449,88.3635680000002,6.068
18450,88.3687900000002,5.222
18451,88.3736090000002,4.819
18452,88.3779100000002,4.301
18453,88.3830270000002,5.117
18454,88.3867360000002,3.709
18455,88.3912600000002,4.524
18456,88.3955860000002,4.326
18457,88.4009210000002,5.335
18458,88.4042950000002,3.374
18459,88.4088750000002,4.58
18460,88.4153030000002,6.428
18461,88.4195140000002,4.211
18462,88.4243870000002,4.873
18463,88.4287940000002,4.407
18464,88.4340690000002,5.275
18465,88.4377210000002,3.652
18466,88.4440590000002,6.338
18467,88.4496680000002,5.609
18468,88.4534520000002,3.784
18469,88.4569390000002,3.487
18470,88.4616290000002,4.69
18471,88.4691040000002,7.475
18472,88.4724720000002,3.368
18473,88.4766800000002,4.208
18474,88.4838850000002,7.205
18475,88.4872930000002,3.408
18476,88.4937200000002,6.427
18477,88.4985570000002,4.837
18478,88.5022220000002,3.665
18479,88.5065540000002,4.332
18480,88.5112050000002,4.651
18481,88.5160140000002,4.809
18482,88.5196740000002,3.66
18483,88.5240780000001,4.404
18484,88.5306270000002,6.549
18485,88.5349300000001,4.303
18486,88.5395600000002,4.63
18487,88.5441730000002,4.613
18488,88.5497910000002,5.618
18489,88.5541010000002,4.31
18490,88.5593580000002,5.257
18491,88.5659890000002,6.631
18492,88.5697190000002,3.73
18493,88.5740140000002,4.295
18494,88.5784110000002,4.397
18495,88.5832920000002,4.881
18496,88.5887400000002,5.448
18497,88.5933820000002,4.642
18498,88.5980400000002,4.658
18499,88.6018840000002,3.844
18500,88.6063300000002,4.446
18501,88.6123830000002,6.053
18502,88.6180960000002,5.713
18503,88.6228640000002,4.768
18504,88.6278400000002,4.976
18505,88.6326300000002,4.79
18506,88.6380270000002,5.397
18507,88.6425100000002,4.483
18508,88.6474430000002,4.933
18509,88.6512810000002,3.838
18510,88.6555790000002,4.298
18511,88.6618550000002,6.276
18512,88.6665240000002,4.669
18513,88.6703060000002,3.782
18514,88.6749170000002,4.611
18515,88.6800420000002,5.125
18516,88.6851870000002,5.145
18517,88.6895640000002,4.377
18518,88.6940320000002,4.468
18519,88.6989810000002,4.949
18520,88.7028080000002,3.827
18521,88.7088300000002,6.022
18522,88.7143310000002,5.501
18523,88.7189220000002,4.591
18524,88.7221750000002,3.253
18525,88.7264950000002,4.32
18526,88.7331160000002,6.621
18527,88.7368430000002,3.727
18528,88.7412870000002,4.444
18529,88.7462680000002,4.981
18530,88.7501410000002,3.873
18531,88.7561260000002,5.985
18532,88.7608610000002,4.735
18533,88.7656600000002,4.799
18534,88.7696560000002,3.996
18535,88.7737330000002,4.077
18536,88.7807810000002,7.048
18537,88.7842070000002,3.426
18538,88.7884160000002,4.209
18539,88.7928930000002,4.477
18540,88.7980570000002,5.164
18541,88.8034110000002,5.354
18542,88.8077760000002,4.365
18543,88.8130420000002,5.266
18544,88.8172960000002,4.254
18545,88.8214860000002,4.19
18546,88.8273620000002,5.876
18547,88.8322780000002,4.916
18548,88.8358970000002,3.619
18549,88.8405230000002,4.626
18550,88.8470700000002,6.547
18551,88.8503450000002,3.275
18552,88.8558510000002,5.506
18553,88.8604730000002,4.622
18554,88.8654840000002,5.011
18555,88.8692020000002,3.718
18556,88.8753070000002,6.105
18557,88.8826040000002,7.297
18558,88.8865270000002,3.923
18559,88.8909680000002,4.441
18560,88.8956370000002,4.669
18561,88.9021530000002,6.516
18562,88.9061190000002,3.966
18563,88.9108600000002,4.741
18564,88.9181270000002,7.267
18565,88.9224170000002,4.29
18566,88.9284640000002,6.047
18567,88.9332840000002,4.82
18568,88.9373930000002,4.109
18569,88.9420250000002,4.632
18570,88.9466930000002,4.668
18571,88.9534600000002,6.767
18572,88.9575190000002,4.059
18573,88.9621830000002,4.664
18574,88.9673250000002,5.142
18575,88.9713340000002,4.009
18576,88.9777930000002,6.459
18577,88.9829110000002,5.118
18578,88.9868160000002,3.905
18579,88.9914810000002,4.665
18580,88.9960160000002,4.535
18581,89.0027950000002,6.779
18582,89.0067260000002,3.931
18583,89.0115110000002,4.785
18584,89.0165880000002,5.077
18585,89.0205680000002,3.98
18586,89.0266540000002,6.086
18587,89.0326900000002,6.036
18588,89.0372630000002,4.573
18589,89.0401880000002,2.925
18590,89.0453050000002,5.117
18591,89.0513660000002,6.061
18592,89.0552590000002,3.893
18593,89.0598490000002,4.59
18594,89.0652060000002,5.357
18595,89.0689180000002,3.712
18596,89.0750380000001,6.12
18597,89.0793830000001,4.345
18598,89.0850390000002,5.656
18599,89.0882660000001,3.227
18600,89.0929230000001,4.657
18601,89.0994090000001,6.486
18602,89.1035800000001,4.171
18603,89.1076190000001,4.039
18604,89.1120130000001,4.394
18605,89.1168830000001,4.87
18606,89.1224070000001,5.524
18607,89.1270080000001,4.601
18608,89.1320850000001,5.077
18609,89.1367140000001,4.629
18610,89.1414190000001,4.705
18611,89.1482450000001,6.826
18612,89.1516880000001,3.443
18613,89.1559880000001,4.3
18614,89.1604400000001,4.452
18615,89.1655200000001,5.08
18616,89.1706690000001,5.149
18617,89.1748690000001,4.2
18618,89.1799540000001,5.085
18619,89.1834350000001,3.481
18620,89.1880930000001,4.658
18621,89.1937950000001,5.702
18622,89.1986000000001,4.805
18623,89.2020850000001,3.485
18624,89.2063230000001,4.238
18625,89.2117830000001,5.46
18626,89.2154580000001,3.675
18627,89.2191710000001,3.713
18628,89.2233870000001,4.216
18629,89.2288250000001,5.438
18630,89.2355370000001,6.712
18631,89.2432610000001,7.724
18632,89.2495000000001,6.239
18633,89.2539320000001,4.432
18634,89.2592790000001,5.347
18635,89.2659060000001,6.627
18636,89.2702470000001,4.341
18637,89.2762410000001,5.994
18638,89.2853600000001,9.119
18639,89.2904890000001,5.129
18640,89.2974970000001,7.008
18641,89.3027480000001,5.251
18642,89.3074760000001,4.728
18643,89.3161990000001,8.723
18644,89.3207470000001,4.548
18645,89.3284450000001,7.698
18646,89.3329100000001,4.465
18647,89.3374410000001,4.531
18648,89.3419540000001,4.513
18649,89.3465250000001,4.571
18650,89.3518770000001,5.352
18651,89.3585320000001,6.655
18652,89.3623790000001,3.847
18653,89.3697670000001,7.388
18654,89.3747010000001,4.934
18655,89.3790280000001,4.327
18656,89.3845230000001,5.495
18657,89.3893440000001,4.821
18658,89.3933130000001,3.969
18659,89.3980270000001,4.714
18660,89.4027140000001,4.687
18661,89.4079600000001,5.246
18662,89.4124270000001,4.467
18663,89.4175540000001,5.127
18664,89.4210780000001,3.524
18665,89.4256540000001,4.576
18666,89.4334950000001,7.841
18667,89.4382980000001,4.803
18668,89.4427230000001,4.425
18669,89.4483290000001,5.606
18670,89.4519770000001,3.648
18671,89.4575570000001,5.58
18672,89.4618230000001,4.266
18673,89.4671340000001,5.311
18674,89.4705910000001,3.457
18675,89.4750670000001,4.476
18676,89.4801920000001,5.125
18677,89.4837810000001,3.589
18678,89.4880560000001,4.275
18679,89.4934110000001,5.355
18680,89.4971300000001,3.719
18681,89.5029810000001,5.851
18682,89.5071780000002,4.197
18683,89.5122590000002,5.081
18684,89.5158460000002,3.587
18685,89.5202980000002,4.452
18686,89.5271280000001,6.83
18687,89.5307880000001,3.66
18688,89.5348620000001,4.074
18689,89.5398000000001,4.938
18690,89.5436260000001,3.826
18691,89.5499800000001,6.354
18692,89.5545510000001,4.571
18693,89.5587550000001,4.204
18694,89.5626020000001,3.847
18695,89.5667510000001,4.149
18696,89.5733860000001,6.635
18697,89.5772250000001,3.839
18698,89.5815710000001,4.346
18699,89.5861190000001,4.548
18700,89.5906030000001,4.484
18701,89.5964110000001,5.808
18702,89.6003600000002,3.949
18703,89.6047550000002,4.395
18704,89.6096910000002,4.936
18705,89.6151490000002,5.458
18706,89.6197180000002,4.569
18707,89.6247580000002,5.04
18708,89.6303550000002,5.597
18709,89.6348070000002,4.452
18710,89.6394240000001,4.617
18711,89.6458670000002,6.443
18712,89.6541520000002,8.285
18713,89.6582700000002,4.118
18714,89.6630270000002,4.757
18715,89.6696960000002,6.669
18716,89.6733660000002,3.67
18717,89.6780730000002,4.707
18718,89.6826830000002,4.61
18719,89.6859840000001,3.301
18720,89.6902880000002,4.304
18721,89.6947530000001,4.465
18722,89.7003290000002,5.576
18723,89.7039480000002,3.619
18724,89.7102400000002,6.292
18725,89.7171820000002,6.942
18726,89.7219230000001,4.741
18727,89.7267940000001,4.871
18728,89.7311810000001,4.387
18729,89.7359180000001,4.737
18730,89.7395500000001,3.632
18731,89.7440300000001,4.48
18732,89.7487810000001,4.751
18733,89.7539780000001,5.197
18734,89.7581780000001,4.2
18735,89.7645280000001,6.35
18736,89.7691930000001,4.665
18737,89.7727380000001,3.545
18738,89.7772920000001,4.554
18739,89.7819600000001,4.668
18740,89.7854400000001,3.48
18741,89.7897410000001,4.301
18742,89.7943440000001,4.603
18743,89.7992110000001,4.867
18744,89.8045330000001,5.322
18745,89.8088740000001,4.341
18746,89.8167160000001,7.842
18747,89.8211020000001,4.386
18748,89.8257700000001,4.668
18749,89.8298170000001,4.047
18750,89.8347150000001,4.898
18751,89.8383390000001,3.624
18752,89.8440100000001,5.671
18753,89.8486530000001,4.643
18754,89.8533970000001,4.744
18755,89.8597040000001,6.307
18756,89.8638460000001,4.142
18757,89.8687190000001,4.873
18758,89.8722050000001,3.486
18759,89.8766850000001,4.48
18760,89.8819560000001,5.271
18761,89.8858440000001,3.888
18762,89.8899990000001,4.155
18763,89.8942250000001,4.226
18764,89.8993170000001,5.092
18765,89.9035090000001,4.192
18766,89.9089540000001,5.445
18767,89.9132210000001,4.267
18768,89.9181100000001,4.889
18769,89.9217100000001,3.6
18770,89.9260010000001,4.291
18771,89.9333430000001,7.342
18772,89.9376860000001,4.343
18773,89.9416830000001,3.997
18774,89.9460250000001,4.342
18775,89.9526790000001,6.654
18776,89.9563170000001,3.638
18777,89.9608530000001,4.536
18778,89.9658630000001,5.01
18779,89.9693160000001,3.453
18780,89.9734310000001,4.115
18781,89.9778110000001,4.38
18782,89.9837300000001,5.919
18783,89.9870710000001,3.341
18784,89.9931410000001,6.07
18785,89.9981330000001,4.992
18786,90.0017030000001,3.57
18787,90.0058270000001,4.124
18788,90.0103970000001,4.57
18789,90.0149860000001,4.589
18790,90.0189110000001,3.925
18791,90.0229320000001,4.021
18792,90.0285410000001,5.609
18793,90.0352470000001,6.706
18794,90.0389970000001,3.75
18795,90.0428700000001,3.873
18796,90.0477380000001,4.868
18797,90.0515160000001,3.778
18798,90.0561700000001,4.654
18799,90.0617660000001,5.596
18800,90.0666090000001,4.843
18801,90.0702010000001,3.592
18802,90.0744400000001,4.239
18803,90.0791290000001,4.689
18804,90.0843280000001,5.199
18805,90.0879780000001,3.65
18806,90.0942780000001,6.3
18807,90.0990050000001,4.727
18808,90.1045220000001,5.517
18809,90.1089490000001,4.427
18810,90.1129370000001,3.988
18811,90.1179150000001,4.978
18812,90.1216390000001,3.724
18813,90.1262330000001,4.594
18814,90.1344670000001,8.234
18815,90.1385990000001,4.132
18816,90.1438490000001,5.25
18817,90.1497790000001,5.93
18818,90.1545670000001,4.788
18819,90.1585170000001,3.95
18820,90.1628310000001,4.314
18821,90.1677690000001,4.938
18822,90.1714510000001,3.682
18823,90.1756760000001,4.225
18824,90.1807050000001,5.029
18825,90.1855920000001,4.887
18826,90.1910890000001,5.497
18827,90.1957760000001,4.687
18828,90.2022200000001,6.444
18829,90.2057930000001,3.573
18830,90.2102130000001,4.42
18831,90.2146030000001,4.39
18832,90.2193660000001,4.763
18833,90.2232210000001,3.855
18834,90.2277170000001,4.496
18835,90.2347220000001,7.005
18836,90.2394190000001,4.697
18837,90.2444940000001,5.075
18838,90.2488000000001,4.306
18839,90.2538130000001,5.013
18840,90.2575710000001,3.758
18841,90.2624960000001,4.925
18842,90.2670360000001,4.54
18843,90.2708300000001,3.794
18844,90.2755700000001,4.74
18845,90.2798500000001,4.28
18846,90.2864530000001,6.603
18847,90.2902360000001,3.783
18848,90.2971010000001,6.865
18849,90.3016080000001,4.507
18850,90.3054110000001,3.803
18851,90.3096300000001,4.219
18852,90.3137220000001,4.092
18853,90.3187470000001,5.025
18854,90.3224280000001,3.681
18855,90.3285700000001,6.142
18856,90.3345290000001,5.959
18857,90.3389790000002,4.45
18858,90.3433580000002,4.379
18859,90.3475590000001,4.201
18860,90.3525930000001,5.034
18861,90.3561860000001,3.593
18862,90.3616400000001,5.454
18863,90.3664730000001,4.833
18864,90.3705440000001,4.071
18865,90.3749880000001,4.444
18866,90.3795950000001,4.607
18867,90.3843640000001,4.769
18868,90.3899640000001,5.6
18869,90.3943900000001,4.426
18870,90.3996360000001,5.246
18871,90.4031940000001,3.558
18872,90.4075440000001,4.35
18873,90.4139220000001,6.378
18874,90.4188040000001,4.882
18875,90.4239200000001,5.116
18876,90.4294550000001,5.535
18877,90.4353570000001,5.902
18878,90.4392130000001,3.856
18879,90.4437890000001,4.576
18880,90.4490000000001,5.211
18881,90.4538090000001,4.809
18882,90.4579930000001,4.184
18883,90.4635750000001,5.582
18884,90.4690010000001,5.426
18885,90.4727900000001,3.789
18886,90.4793530000001,6.563
18887,90.4835210000001,4.168
18888,90.4903880000001,6.867
18889,90.4944110000001,4.023
18890,90.4989550000001,4.544
18891,90.5039570000001,5.002
18892,90.5079900000001,4.033
18893,90.5129340000001,4.944
18894,90.5170980000001,4.164
18895,90.5237300000001,6.632
18896,90.5277190000001,3.989
18897,90.5341190000001,6.4
18898,90.5390570000001,4.938
18899,90.5431570000001,4.1
18900,90.5481140000001,4.957
18901,90.5524600000001,4.346
18902,90.5574510000001,4.991
18903,90.5614370000001,3.986
18904,90.5661800000001,4.743
18905,90.5712580000001,5.078
18906,90.5769730000001,5.715
18907,90.5814810000001,4.508
18908,90.5880490000001,6.568
18909,90.5934150000001,5.366
18910,90.5969590000001,3.544
18911,90.6014010000001,4.442
18912,90.6064990000001,5.098
18913,90.6105380000001,4.039
18914,90.6151390000001,4.601
18915,90.6209450000001,5.806
18916,90.6265760000001,5.631
18917,90.6319360000001,5.36
18918,90.6363820000001,4.446
18919,90.6412940000001,4.912
18920,90.6453450000001,4.051
18921,90.6499930000001,4.648
18922,90.6544590000001,4.466
18923,90.6593690000001,4.91
18924,90.6642450000001,4.876
18925,90.6685680000001,4.323
18926,90.6752340000001,6.666
18927,90.6791190000001,3.885
18928,90.6848240000001,5.705
18929,90.6896980000001,4.874
18930,90.6933520000001,3.654
18931,90.6975770000001,4.225
18932,90.7017260000001,4.149
18933,90.7088050000001,7.079
18934,90.7179890000001,9.184
18935,90.7262170000001,8.228
18936,90.7306520000001,4.435
18937,90.7350770000001,4.425
18938,90.7405050000001,5.428
18939,90.7471960000001,6.691
18940,90.7515870000001,4.391
18941,90.7565700000001,4.983
18942,90.7614560000001,4.886
18943,90.7661980000001,4.742
18944,90.7714990000001,5.301
18945,90.7752390000001,3.74
18946,90.7816880000001,6.449
18947,90.7856390000001,3.951
18948,90.7918360000001,6.197
18949,90.7970670000001,5.231
18950,90.8007270000001,3.66
18951,90.8059880000001,5.261
18952,90.8108470000001,4.859
18953,90.8187910000001,7.944
18954,90.8251920000001,6.401
18955,90.8298710000001,4.679
18956,90.8339410000001,4.07
18957,90.8394320000001,5.491
18958,90.8468590000001,7.427
18959,90.8508110000001,3.952
18960,90.8559040000001,5.093
18961,90.8609280000001,5.024
18962,90.8654350000001,4.507
18963,90.8695160000001,4.081
18964,90.8747750000001,5.259
18965,90.8787080000001,3.933
18966,90.8840860000001,5.378
18967,90.8894090000001,5.323
18968,90.8943250000001,4.916
18969,90.8993460000001,5.021
18970,90.9064300000001,7.084
18971,90.9119260000001,5.496
18972,90.9173800000001,5.454
18973,90.9210210000001,3.641
18974,90.9272160000001,6.195
18975,90.9349610000001,7.745
18976,90.9388910000001,3.93
18977,90.9447040000001,5.813
18978,90.9534230000001,8.719
18979,90.9583920000001,4.969
18980,90.9625480000001,4.156
18981,90.9656670000001,3.119
18982,90.9717370000001,6.07
18983,90.9758520000001,4.115
18984,90.9808540000001,5.002
18985,90.9860720000001,5.218
18986,90.9904870000001,4.415
18987,90.9955020000001,5.015
18988,91.0001820000001,4.68
18989,91.0045640000001,4.382
18990,91.0094770000001,4.913
18991,91.0131170000001,3.64
18992,91.0171930000001,4.076
18993,91.0218310000001,4.638
18994,91.0271450000001,5.314
18995,91.0322790000001,5.134
18996,91.0364490000001,4.17
18997,91.0416590000001,5.21
18998,91.0453710000001,3.712
18999,91.0511310000001,5.76
19000,91.0563230000001,5.192
19001,91.0602320000001,3.909
19002,91.0655990000001,5.367
19003,91.0698220000001,4.223
19004,91.0751450000001,5.323
19005,91.0799870000001,4.842
19006,91.0844610000001,4.474
19007,91.0892800000001,4.819
19008,91.0939040000001,4.624
19009,91.0981490000001,4.245
19010,91.1022430000001,4.094
19011,91.1071620000001,4.919
19012,91.1107430000001,3.581
19013,91.1146850000001,3.942
19014,91.1188750000001,4.19
19015,91.1250020000001,6.127
19016,91.1309600000001,5.958
19017,91.1351100000001,4.15
19018,91.1394110000001,4.301
19019,91.1446860000001,5.275
19020,91.1490320000001,4.346
19021,91.1529800000001,3.948
19022,91.1599390000001,6.959
19023,91.1634010000001,3.462
19024,91.1674660000001,4.065
19025,91.1735990000001,6.133
19026,91.1786850000001,5.086
19027,91.1819430000001,3.258
19028,91.1876870000001,5.744
19029,91.1927770000001,5.09
19030,91.1965470000001,3.77
19031,91.2005680000001,4.021
19032,91.2046290000001,4.061
19033,91.2095080000001,4.879
19034,91.2132380000001,3.73
19035,91.2174300000001,4.192
19036,91.2234950000001,6.065
19037,91.2308070000001,7.312
19038,91.2348610000001,4.054
19039,91.2413540000001,6.493
19040,91.2462870000001,4.933
19041,91.2510800000001,4.793
19042,91.2570380000001,5.958
19043,91.2616940000001,4.656
19044,91.2662740000001,4.58
19045,91.2716820000001,5.408
19046,91.2771400000001,5.458
19047,91.2819960000001,4.856
19048,91.2857220000001,3.726
19049,91.2903230000001,4.601
19050,91.2946300000001,4.307
19051,91.2992820000001,4.652
19052,91.3033290000001,4.047
19053,91.3093700000001,6.041
19054,91.3143500000001,4.98
19055,91.3184960000001,4.146
19056,91.3248190000001,6.323
19057,91.3293550000001,4.536
19058,91.3339490000001,4.594
19059,91.3395850000001,5.636
19060,91.3456790000001,6.094
19061,91.3508870000001,5.208
19062,91.3566010000001,5.714
19063,91.3605450000001,3.944
19064,91.3649060000001,4.361
19065,91.3716190000001,6.713
19066,91.3805270000001,8.908
19067,91.3839890000001,3.462
19068,91.3902600000001,6.271
19069,91.3940360000001,3.776
19070,91.3982630000001,4.227
19071,91.4024390000001,4.176
19072,91.4079810000001,5.542
19073,91.4132690000001,5.288
19074,91.4165050000001,3.236
19075,91.4228370000001,6.332
19076,91.4282690000001,5.432
19077,91.4326890000001,4.42
19078,91.4368130000001,4.124
19079,91.4447080000001,7.895
19080,91.4495540000001,4.846
19081,91.4540610000001,4.507
19082,91.4607470000001,6.686
19083,91.4643920000001,3.645
19084,91.4686900000001,4.298
19085,91.4762530000001,7.563
19086,91.4808270000001,4.574
19087,91.4854500000001,4.623
19088,91.4918950000001,6.445
19089,91.4954770000001,3.582
19090,91.4997400000001,4.263
19091,91.5049900000001,5.25
19092,91.5109530000001,5.963
19093,91.5148950000001,3.942
19094,91.5199420000001,5.047
19095,91.5243610000001,4.419
19096,91.5299280000001,5.567
19097,91.5349630000001,5.035
19098,91.5388180000001,3.855
19099,91.5452810000001,6.463
19100,91.5502970000001,5.016
19101,91.5536900000001,3.393
19102,91.5599410000001,6.251
19103,91.5647490000001,4.808
19104,91.5682970000001,3.548
19105,91.5751860000001,6.889
19106,91.5808450000001,5.659
19107,91.5852390000001,4.394
19108,91.5934710000001,8.232
19109,91.5975990000001,4.128
19110,91.6017180000001,4.119
19111,91.6065230000001,4.805
19112,91.6140660000001,7.543
19113,91.6181700000001,4.104
19114,91.6213780000001,3.208
19115,91.6257190000001,4.341
19116,91.6326500000001,6.931
19117,91.6362750000001,3.625
19118,91.6422160000001,5.941
19119,91.6474180000001,5.202
19120,91.6510390000001,3.621
19121,91.6555980000001,4.559
19122,91.6622550000001,6.657
19123,91.6660140000001,3.759
19124,91.6701700000001,4.156
19125,91.6766660000001,6.496
19126,91.6818380000001,5.172
19127,91.6852750000001,3.437
19128,91.6905740000001,5.299
19129,91.6955580000001,4.984
19130,91.6992190000001,3.661
19131,91.7035200000001,4.301
19132,91.7114030000001,7.883
19133,91.7167250000001,5.322
19134,91.7202650000001,3.54
19135,91.7247550000001,4.49
19136,91.7310950000001,6.34
19137,91.7345880000001,3.493
19138,91.7390380000001,4.45
19139,91.7438650000001,4.827
19140,91.7475650000001,3.7
19141,91.7516930000001,4.128
19142,91.7592330000001,7.54
19143,91.7647170000001,5.484
19144,91.7684520000001,3.735
19145,91.7730030000001,4.551
19146,91.7779570000001,4.954
19147,91.7830190000001,5.062
19148,91.7872230000001,4.204
19149,91.7936440000001,6.421
19150,91.7976670000001,4.023
19151,91.8022220000001,4.555
19152,91.8091750000001,6.953
19153,91.8128240000001,3.649
19154,91.8168090000001,3.985
19155,91.8212280000001,4.419
19156,91.8282040000001,6.976
19157,91.8327990000001,4.595
19158,91.8418770000001,9.078
19159,91.8462640000001,4.387
19160,91.8495540000001,3.29
19161,91.8533710000001,3.817
19162,91.8605450000001,7.174
19163,91.8644930000001,3.948
19164,91.8703270000001,5.834
19165,91.8743900000001,4.063
19166,91.8798560000001,5.466
19167,91.8850070000001,5.151
19168,91.8894220000001,4.415
19169,91.8955590000001,6.137
19170,91.8999200000001,4.361
19171,91.9041370000001,4.217
19172,91.9108880000001,6.751
19173,91.9147310000001,3.843
19174,91.9186870000001,3.956
19175,91.9231670000001,4.48
19176,91.9291830000001,6.016
19177,91.9337050000001,4.522
19178,91.9378790000001,4.174
19179,91.9429770000001,5.098
19180,91.9466340000001,3.657
19181,91.9507990000001,4.165
19182,91.9578610000001,7.062
19183,91.9632540000001,5.393
19184,91.9674680000001,4.214
19185,91.9720580000001,4.59
19186,91.9767250000001,4.667
19187,91.9820860000001,5.361
19188,91.9864390000001,4.353
19189,91.9925200000001,6.081
19190,91.9969410000001,4.421
19191,92.0016820000001,4.741
19192,92.0084360000001,6.754
19193,92.0119980000001,3.562
19194,92.0161190000001,4.121
19195,92.0205710000001,4.452
19196,92.0266010000001,6.03
19197,92.0317890000001,5.188
19198,92.0352220000001,3.433
19199,92.0405540000001,5.332
19200,92.0442490000001,3.695
19201,92.0482860000001,4.037
19202,92.0543150000001,6.029
19203,92.0618340000001,7.519
19204,92.0649340000001,3.1
19205,92.0693450000001,4.411
19206,92.0747340000001,5.389
19207,92.0796350000001,4.901
19208,92.0839880000001,4.353
19209,92.0884990000001,4.511
19210,92.0940900000001,5.591
19211,92.0978500000001,3.76
19212,92.103059,5.209
19213,92.1081730000001,5.114
19214,92.1117400000001,3.567
19215,92.1161710000001,4.431
19216,92.1206150000001,4.444
19217,92.1265870000001,5.972
19218,92.1315070000001,4.92
19219,92.1357430000001,4.236
19220,92.1424580000001,6.715
19221,92.1469350000001,4.477
19222,92.1511080000001,4.173
19223,92.1555600000001,4.452
19224,92.160814,5.254
19225,92.164214,3.4
19226,92.168479,4.265
19227,92.176062,7.583
19228,92.18079,4.728
19229,92.185344,4.554
19230,92.189862,4.518
19231,92.1949660000001,5.104
19232,92.2000970000001,5.131
19233,92.206201,6.104
19234,92.211742,5.541
19235,92.21539,3.648
19236,92.220065,4.675
19237,92.226695,6.63
19238,92.231007,4.312
19239,92.234575,3.568
19240,92.239225,4.65
19241,92.24514,5.915
19242,92.249694,4.554
19243,92.254289,4.595
19244,92.258609,4.32
19245,92.2640170000001,5.408
19246,92.267661,3.644
19247,92.273826,6.165
19248,92.27913,5.304
19249,92.282735,3.605
19250,92.287466,4.731
19251,92.291817,4.351
19252,92.298563,6.746
19253,92.302438,3.875
19254,92.30803,5.592
19255,92.313122,5.092
19256,92.318362,5.24
19257,92.3245,6.138
19258,92.32942,4.92
19259,92.334174,4.754
19260,92.338392,4.218
19261,92.343629,5.237
19262,92.349616,5.987
19263,92.353559,3.943
19264,92.358142,4.583
19265,92.362835,4.693
19266,92.367896,5.061
19267,92.373517,5.621
19268,92.378128,4.611
19269,92.383481,5.353
19270,92.387601,4.12
19271,92.39178,4.179
19272,92.398644,6.864
19273,92.402338,3.694
19274,92.407845,5.507
19275,92.412792,4.947
19276,92.418727,5.935
19277,92.423951,5.224
19278,92.429044,5.093
19279,92.433352,4.308
19280,92.436825,3.473
19281,92.442586,5.761
19282,92.448362,5.776
19283,92.451934,3.572
19284,92.455926,3.992
19285,92.45998,4.054
19286,92.464911,4.931
19287,92.470229,5.318
19288,92.475508,5.279
19289,92.481164,5.656
19290,92.484847,3.683
19291,92.489182,4.335
19292,92.495129,5.947
19293,92.499899,4.77
19294,92.503417,3.518
19295,92.50843,5.013
19296,92.513322,4.892
19297,92.518476,5.154
19298,92.522917,4.441
19299,92.527053,4.136
19300,92.531819,4.766
19301,92.535556,3.737
19302,92.540142,4.586
19303,92.54599,5.848
19304,92.55033,4.34
19305,92.554857,4.527
19306,92.558993,4.136
19307,92.565522,6.529
19308,92.569137,3.615
19309,92.573421,4.284
19310,92.578363,4.942
19311,92.581817,3.454
19312,92.588007,6.19
19313,92.591821,3.814
19314,92.596852,5.031
19315,92.600384,3.532
19316,92.6053420000001,4.958
19317,92.611857,6.515
19318,92.615964,4.107
19319,92.619327,3.363
19320,92.62376,4.433
19321,92.628606,4.846
19322,92.633881,5.275
19323,92.638417,4.536
19324,92.642983,4.566
19325,92.646818,3.835
19326,92.650684,3.866
19327,92.656664,5.98
19328,92.661652,4.988
19329,92.665088,3.436
19330,92.669436,4.348
19331,92.674823,5.387
19332,92.679738,4.915
19333,92.683949,4.211
19334,92.688363,4.414
19335,92.693089,4.726
19336,92.696689,3.6
19337,92.702723,6.034
19338,92.707485,4.762
19339,92.711836,4.351
19340,92.715797,3.961
19341,92.719638,3.841
19342,92.726687,7.049
19343,92.730044,3.357
19344,92.734275,4.231
19345,92.73947,5.195
19346,92.74364,4.17
19347,92.748929,5.289
19348,92.753074,4.145
19349,92.758197,5.123
19350,92.761804,3.607
19351,92.7659,4.096
19352,92.772817,6.917
19353,92.776869,4.052
19354,92.78043,3.561
19355,92.784598,4.168
19356,92.789867,5.269
19357,92.793511,3.644
19358,92.797437,3.926
19359,92.801729,4.292
19360,92.806994,5.265
19361,92.810465,3.471
19362,92.816068,5.603
19363,92.82033,4.262
19364,92.825645,5.315
19365,92.830814,5.169
19366,92.835231,4.417
19367,92.841104,5.873
19368,92.84636,5.256
19369,92.849782,3.422
19370,92.853764,3.982
19371,92.85826,4.496
19372,92.864695,6.435
19373,92.868212,3.517
19374,92.872738,4.526
19375,92.876936,4.198
19376,92.882135,5.199
19377,92.887217,5.082
19378,92.892192,4.975
19379,92.897432,5.24
19380,92.901188,3.756
19381,92.906456,5.268
19382,92.912173,5.717
19383,92.91701,4.837
19384,92.920707,3.697
19385,92.925557,4.85
19386,92.930617,5.06
19387,92.936042,5.425
19388,92.939799,3.757
19389,92.94389,4.091
19390,92.948817,4.927
19391,92.952434,3.617
19392,92.958542,6.108
19393,92.963166,4.624
19394,92.967677,4.511
19395,92.971208,3.531
19396,92.975525,4.317
19397,92.980013,4.488
19398,92.98498,4.967
19399,92.988607,3.627
19400,92.994626,6.019
19401,92.99895,4.324
19402,93.004242,5.292
19403,93.008485,4.243
19404,93.012688,4.203
19405,93.017659,4.971
19406,93.021251,3.592
19407,93.027421,6.17
19408,93.032032,4.611
19409,93.037252,5.22
19410,93.041085,3.833
19411,93.045347,4.262
19412,93.052427,7.08
19413,93.055973,3.546
19414,93.059951,3.978
19415,93.064443,4.492
19416,93.069226,4.783
19417,93.074814,5.588
19418,93.079042,4.228
19419,93.083155,4.113
19420,93.088381,5.226
19421,93.092038,3.657
19422,93.097844,5.806
19423,93.102821,4.977
19424,93.106642,3.821
19425,93.111113,4.471
19426,93.11514,4.027
19427,93.122186,7.046
19428,93.126583,4.397
19429,93.131601,5.018
19430,93.136212,4.611
19431,93.141339,5.127
19432,93.146497,5.158
19433,93.150895,4.398
19434,93.156196,5.301
19435,93.160221,4.025
19436,93.164221,4.0
19437,93.169904,5.683
19438,93.175072,5.168
19439,93.178745,3.673
19440,93.183001,4.256
19441,93.187333,4.332
19442,93.19256,5.227
19443,93.196061,3.501
19444,93.200384,4.323
19445,93.205598,5.214
19446,93.209039,3.441
19447,93.215095,6.056
19448,93.219236,4.141
19449,93.224575,5.339
19450,93.229209,4.634
19451,93.23463,5.421
19452,93.241683,7.053
19453,93.245092,3.409
19454,93.24914,4.048
19455,93.253449,4.309
19456,93.25869,5.241
19457,93.263859,5.169
19458,93.268105,4.246
19459,93.273757,5.652
19460,93.277285,3.528
19461,93.28132,4.035
19462,93.287336,6.016
19463,93.292508,5.172
19464,93.296249,3.741
19465,93.300496,4.247
19466,93.30596,5.464
19467,93.311473,5.513
19468,93.315813,4.34
19469,93.320146,4.333
19470,93.325543,5.397
19471,93.3291,3.557
19472,93.335117,6.017
19473,93.340462,5.345
19474,93.345507,5.045
19475,93.34947,3.963
19476,93.357007,7.537
19477,93.36065,3.643
19478,93.365372,4.722
19479,93.369514,4.142
19480,93.374779,5.265
19481,93.378405,3.626
19482,93.384783,6.378
19483,93.389992,5.209
19484,93.393604,3.612
19485,93.398005,4.401
19486,93.402913,4.908
19487,93.408489,5.576
19488,93.412878,4.389
19489,93.417349,4.471
19490,93.423007,5.658
19491,93.42651,3.503
19492,93.432417,5.907
19493,93.437507,5.09
19494,93.441753,4.246
19495,93.446227,4.474
19496,93.451219,4.992
19497,93.456932,5.713
19498,93.46143,4.498
19499,93.46595,4.52
19500,93.471216,5.266
19501,93.474988,3.772
19502,93.480945,5.957
19503,93.486194,5.249
19504,93.490303,4.109
19505,93.494769,4.466
19506,93.500013,5.244
19507,93.505574,5.561
19508,93.509887,4.313
19509,93.514324,4.437
19510,93.519675,5.351
19511,93.523787,4.112
19512,93.529514,5.727
19513,93.534693,5.179
19514,93.538576,3.883
19515,93.543898,5.322
19516,93.548598,4.7
19517,93.552096,3.498
19518,93.556588,4.492
19519,93.560904,4.316
19520,93.566017,5.113
19521,93.56977,3.753
19522,93.573955,4.185
19523,93.578689,4.734
19524,93.582347,3.658
19525,93.586599,4.252
19526,93.591315,4.716
19527,93.596227,4.912
19528,93.599502,3.275
19529,93.603801,4.299
19530,93.610059,6.258
19531,93.613675,3.616
19532,93.619455,5.78
19533,93.623754,4.299
19534,93.629324,5.57
19535,93.634205,4.881
19536,93.640397,6.192
19537,93.649909,9.512
19538,93.655109,5.2
19539,93.660036,4.927
19540,93.665701,5.665
19541,93.669931,4.23
19542,93.674642,4.711
19543,93.678697,4.055
19544,93.683678,4.981
19545,93.687396,3.718
19546,93.691463,4.067
19547,93.698155,6.692
19548,93.701535,3.38
19549,93.706244,4.709
19550,93.711025,4.781
19551,93.715741,4.716
19552,93.720634,4.893
19553,93.72517,4.536
19554,93.729741,4.571
19555,93.733232,3.491
19556,93.737515,4.283
19557,93.742112,4.597
19558,93.746953,4.841
19559,93.75039,3.437
19560,93.754805,4.415
19561,93.760422,5.617
19562,93.7651,4.678
19563,93.769292,4.192
19564,93.775925,6.633
19565,93.780648,4.723
19566,93.784032,3.384
19567,93.788612,4.58
19568,93.793479,4.867
19569,93.796874,3.395
19570,93.801078,4.204
19571,93.807093,6.015
19572,93.812064,4.971
19573,93.817405,5.341
19574,93.821884,4.479
19575,93.830317,8.433
19576,93.834052,3.735
19577,93.838926,4.874
19578,93.843445,4.519
19579,93.848186,4.741
19580,93.852292,4.106
19581,93.856809,4.517
19582,93.861538,4.729
19583,93.864989,3.451
19584,93.871443,6.454
19585,93.875713,4.27
19586,93.880824,5.111
19587,93.88421,3.386
19588,93.888617,4.407
19589,93.895851,7.234
19590,93.899193,3.342
19591,93.904286,5.093
19592,93.908618,4.332
19593,93.915274,6.656
19594,93.918916,3.642
19595,93.923568,4.652
19596,93.929861,6.293
19597,93.934805,4.944
19598,93.93818,3.375
19599,93.942698,4.518
19600,93.948138,5.44
19601,93.951561,3.423
19602,93.95774,6.179
19603,93.962601,4.861
19604,93.968108,5.507
19605,93.972537,4.429
19606,93.977569,5.032
19607,93.982254,4.685
19608,93.985533,3.279
19609,93.989712,4.179
19610,93.994406,4.694
19611,93.99954,5.134
19612,94.003747,4.207
19613,94.010188,6.441
19614,94.015017,4.829
19615,94.018579,3.562
19616,94.023683,5.104
19617,94.029593,5.91
19618,94.034016,4.423
19619,94.038279,4.263
19620,94.042545,4.266
19621,94.047906,5.361
19622,94.051687,3.781
19623,94.058663,6.976
19624,94.065199,6.536
19625,94.07023,5.031
19626,94.076515,6.285
19627,94.084073,7.558
19628,94.090271,6.198
19629,94.094834,4.563
19630,94.099214,4.38
19631,94.105431,6.217
19632,94.11018,4.749
19633,94.114259,4.079
19634,94.120665,6.406
19635,94.128024,7.359
19636,94.13486,6.836
19637,94.146063,11.203
19638,94.151163,5.1
19639,94.159479,8.316
19640,94.164327,4.848
19641,94.170531,6.204
19642,94.175801,5.27
19643,94.182768,6.967
19644,94.188108,5.34
19645,94.199676,11.568
19646,94.203202,3.526
19647,94.207447,4.245
19648,94.213024,5.577
19649,94.217409,4.385
19650,94.222684,5.275
19651,94.22654,3.856
19652,94.231014,4.474
19653,94.235993,4.979
19654,94.240104,4.111
19655,94.245669,5.565
19656,94.251199,5.53
19657,94.254887,3.688
19658,94.260931,6.044
19659,94.264533,3.602
19660,94.268996,4.463
19661,94.274766,5.77
19662,94.278342,3.576
19663,94.284391,6.049
19664,94.289287,4.896
19665,94.293291,4.004
19666,94.2979,4.609
19667,94.302219,4.319
19668,94.308596,6.377
19669,94.312925,4.329
19670,94.318126,5.201
19671,94.323506,5.38
19672,94.328736,5.23
19673,94.336495,7.759
19674,94.346367,9.872
19675,94.352784,6.417
19676,94.357522,4.738
19677,94.361611,4.089
19678,94.368513,6.902
19679,94.373128,4.615
19680,94.377754,4.626
19681,94.383362,5.608
19682,94.38912,5.758
19683,94.394652,5.532
19684,94.401182,6.53
19685,94.407769,6.587
19686,94.41499,7.221
19687,94.42023,5.24
19688,94.425424,5.194
19689,94.430823,5.399
19690,94.436056,5.233
19691,94.439777,3.721
19692,94.444794,5.017
19693,94.449815,5.021
19694,94.454992,5.177
19695,94.459045,4.053
19696,94.466043,6.998
19697,94.469828,3.785
19698,94.473874,4.046
19699,94.478254,4.38
19700,94.482989,4.735
19701,94.487055,4.066
19702,94.490773,3.718
19703,94.49732,6.547
19704,94.500987,3.667
19705,94.507419,6.432
19706,94.512917,5.498
19707,94.517441,4.524
19708,94.521868,4.427
19709,94.526079,4.211
19710,94.530705,4.626
19711,94.534504,3.799
19712,94.541028,6.524
19713,94.546919,5.891
19714,94.550633,3.714
19715,94.555213,4.58
19716,94.561512,6.299
19717,94.564925,3.413
19718,94.569256,4.331
19719,94.573315,4.059
19720,94.578226,4.911
19721,94.581653,3.427
19722,94.585956,4.303
19723,94.590727,4.771
19724,94.594214,3.487
19725,94.600292,6.078
19726,94.606018,5.726
19727,94.609448,3.43
19728,94.612934,3.486
19729,94.616944,4.01
19730,94.622732,5.788
19731,94.626248,3.516
19732,94.630392,4.144
19733,94.634494,4.102
19734,94.640707,6.213
19735,94.64585,5.143
19736,94.649522,3.672
19737,94.654012,4.49
19738,94.658652,4.64
19739,94.661954,3.302
19740,94.666155,4.201
19741,94.670589,4.434
19742,94.675965,5.376
19743,94.68046,4.495
19744,94.684653,4.193
19745,94.69091,6.257
19746,94.695627,4.717
19747,94.699054,3.427
19748,94.703332,4.278
19749,94.709146,5.814
19750,94.716421,7.275
19751,94.719965,3.544
19752,94.72441,4.445
19753,94.728646,4.236
19754,94.735095,6.449
19755,94.738708,3.613
19756,94.744998,6.29
19757,94.74974,4.742
19758,94.753783,4.043
19759,94.757405,3.622
19760,94.76161,4.205
19761,94.766478,4.868
19762,94.770173,3.695
19763,94.774302,4.129
19764,94.778523,4.221
19765,94.78471,6.187
19766,94.788147,3.437
19767,94.794074,5.927
19768,94.798775,4.701
19769,94.803791,5.016
19770,94.807841,4.05
19771,94.813342,5.501
19772,94.818042,4.7
19773,94.824678,6.636
19774,94.829234,4.556
19775,94.833476,4.242
19776,94.838753,5.277
19777,94.842195,3.442
19778,94.846635,4.44
19779,94.851873,5.238
19780,94.855507,3.634
19781,94.861033,5.526
19782,94.865316,4.283
19783,94.87029,4.974
19784,94.873792,3.502
19785,94.879025,5.233
19786,94.883212,4.187
19787,94.888902,5.69
19788,94.894171,5.269
19789,94.897033,2.862
19790,94.904006,6.973
19791,94.908022,4.016
19792,94.912094,4.072
19793,94.916469,4.375
19794,94.921619,5.15
19795,94.927014,5.395
19796,94.931507,4.493
19797,94.934896,3.389
19798,94.939773,4.877
19799,94.943522,3.749
19800,94.94783,4.308
19801,94.952933,5.103
19802,94.956619,3.686
19803,94.961318,4.699
19804,94.965476,4.158
19805,94.970996,5.52
19806,94.974319,3.323
19807,94.979036,4.717
19808,94.983501,4.465
19809,94.988913,5.412
19810,94.992035,3.122
19811,94.996602,4.567
19812,95.001635,5.033
19813,95.006033,4.398
19814,95.009993,3.96
19815,95.014612,4.619
19816,95.019752,5.14
19817,95.026,6.248
19818,95.030205,4.205
19819,95.033848,3.643
19820,95.039157,5.309
19821,95.043045,3.888
19822,95.047362,4.317
19823,95.053282,5.92
19824,95.056636,3.354
19825,95.061493,4.857
19826,95.065983,4.49
19827,95.07156,5.577
19828,95.075351,3.791
19829,95.080803,5.452
19830,95.085378,4.575
19831,95.091756,6.378
19832,95.095509,3.753
19833,95.100747,5.238
19834,95.106157,5.41
19835,95.110958,4.801
19836,95.115154,4.196
19837,95.120897,5.743
19838,95.127886,6.989
19839,95.131319,3.433
19840,95.139048,7.729
19841,95.142696,3.648
19842,95.146873,4.177
19843,95.153686,6.813
19844,95.157509,3.823
19845,95.162631,5.122
19846,95.167704,5.073
19847,95.172903,5.199
19848,95.17726,4.357
19849,95.18351,6.25
19850,95.187708,4.198
19851,95.193134,5.426
19852,95.198107,4.973
19853,95.203452,5.345
19854,95.207544,4.092
19855,95.213814,6.27
19856,95.217523,3.709
19857,95.223564,6.041
19858,95.228711,5.147
19859,95.233696,4.985
19860,95.238712,5.016
19861,95.24443,5.718
19862,95.247875,3.445
19863,95.253913,6.038
19864,95.260654,6.741
19865,95.26381,3.156
19866,95.267881,4.071
19867,95.275298,7.417
19868,95.278931,3.633
19869,95.284448,5.517
19870,95.289479,5.031
19871,95.293088,3.609
19872,95.297211,4.123
19873,95.301404,4.193
19874,95.308446,7.042
19875,95.312237,3.791
19876,95.31729,5.053
19877,95.321516,4.226
19878,95.328178,6.662
19879,95.331916,3.738
19880,95.336349,4.433
19881,95.341834,5.485
19882,95.345508,3.674
19883,95.349187,3.679
19884,95.353253,4.066
19885,95.358368,5.115
19886,95.36216,3.792
19887,95.366011,3.851
19888,95.370422,4.411
19889,95.3778780000001,7.456
19890,95.3807720000001,2.894
19891,95.385045,4.273
19892,95.390046,5.001
19893,95.393704,3.658
19894,95.398085,4.381
19895,95.402151,4.066
19896,95.407793,5.642
19897,95.412288,4.495
19898,95.417418,5.13
19899,95.421905,4.487
19900,95.426661,4.756
19901,95.43036,3.699
19902,95.434418,4.058
19903,95.442596,8.178
19904,95.446306,3.71
19905,95.451374,5.068
19906,95.455675,4.301
19907,95.460674,4.999
19908,95.464437,3.763
19909,95.468748,4.311
19910,95.473764,5.016
19911,95.478887,5.123
19912,95.481756,2.869
19913,95.486361,4.605
19914,95.491392,5.031
19915,95.495046,3.654
19916,95.49932,4.274
19917,95.503976,4.656
19918,95.510216,6.24
19919,95.513571,3.355
19920,95.5192,5.629
19921,95.523575,4.375
19922,95.528516,4.941
19923,95.532911,4.395
19924,95.53663,3.719
19925,95.543148,6.518
19926,95.547106,3.958
19927,95.552063,4.957
19928,95.556458,4.395
19929,95.561654,5.196
19930,95.565306,3.652
19931,95.570012,4.706
19932,95.574465,4.453
19933,95.579362,4.897
19934,95.58288,3.518
19935,95.587364,4.484
19936,95.592559,5.195
19937,95.595853,3.294
19938,95.600209,4.356
19939,95.607099,6.89
19940,95.612102,5.003
19941,95.615117,3.015
19942,95.619545,4.428
19943,95.625031,5.486
19944,95.630094,5.063
19945,95.633708,3.614
19946,95.638126,4.418
19947,95.644587,6.461
19948,95.647915,3.328
19949,95.652014,4.099
19950,95.657098,5.084
19951,95.661675,4.577
19952,95.665306,3.631
19953,95.669729,4.423
19954,95.676069,6.34
19955,95.680205,4.136
19956,95.683462,3.257
19957,95.687744,4.282
19958,95.693511,5.767
19959,95.696474,2.963
19960,95.700734,4.26
19961,95.705767,5.033
19962,95.713367,7.6
19963,95.716447,3.08
19964,95.723058,6.611
19965,95.727093,4.035
19966,95.73373,6.637
19967,95.740258,6.528
19968,95.744881,4.623
19969,95.75068,5.799
19970,95.756278,5.598
19971,95.761698,5.42
19972,95.764916,3.218
19973,95.77044,5.524
19974,95.776054,5.614
19975,95.779606,3.552
19976,95.784693,5.087
19977,95.792302,7.609
19978,95.799363,7.061
19979,95.803137,3.774
19980,95.810193,7.056
19981,95.815536,5.343
19982,95.823524,7.988
19983,95.829626,6.102
19984,95.834769,5.143
19985,95.84287,8.101
19986,95.848292,5.422
19987,95.851526,3.234
19988,95.856805,5.279
19989,95.860497,3.692
19990,95.865427,4.93
19991,95.871543,6.116
19992,95.877678,6.135
19993,95.883703,6.025
19994,95.890031,6.328
19995,95.897488,7.457
19996,95.902368,4.88
19997,95.906495,4.127
19998,95.910505,4.01
19999,95.91563,5.125
20000,95.919549,3.919
20001,95.925524,5.975
20002,95.929806,4.282
20003,95.933043,3.237
20004,95.940268,7.225
20005,95.944804,4.536
20006,95.949944,5.14
20007,95.95465,4.706
20008,95.959781,5.131
20009,95.9632250000001,3.444
20010,95.9676650000001,4.44
20011,95.9732540000001,5.589
20012,95.9786100000001,5.356
20013,95.9841410000001,5.531
20014,95.9876310000001,3.49
20015,95.9960160000001,8.385
20016,95.9986470000001,2.631
20017,96.0038540000001,5.207
20018,96.0095670000001,5.713
20019,96.0134910000001,3.924
20020,96.0185420000001,5.051
20021,96.0233940000001,4.852
20022,96.0268450000001,3.451
20023,96.031067,4.222
20024,96.0371770000001,6.11
20025,96.0427600000001,5.583
20026,96.0473350000001,4.575
20027,96.0514220000001,4.087
20028,96.0566530000001,5.231
20029,96.0598360000001,3.183
20030,96.0640130000001,4.177
20031,96.0680870000001,4.074
20032,96.0756430000001,7.556
20033,96.0789870000001,3.344
20034,96.0840740000001,5.087
20035,96.0908370000001,6.763
20036,96.0943200000001,3.483
20037,96.0984620000001,4.142
20038,96.1026530000001,4.191
20039,96.1099960000001,7.343
20040,96.1129820000001,2.986
20041,96.1186960000001,5.714
20042,96.1233480000001,4.652
20043,96.1269260000001,3.578
20044,96.1331120000001,6.186
20045,96.1374040000001,4.292
20046,96.1442070000001,6.803
20047,96.1486460000001,4.439
20048,96.1513430000001,2.697
20049,96.1565220000001,5.179
20050,96.1601720000001,3.65
20051,96.1644700000001,4.298
20052,96.1685570000001,4.087
20053,96.1733100000001,4.753
20054,96.1787790000001,5.469
20055,96.1848820000001,6.103
20056,96.1897060000001,4.824
20057,96.1939040000001,4.198
20058,96.1981510000001,4.247
20059,96.2024320000001,4.281
20060,96.2089670000001,6.535
20061,96.2121580000001,3.191
20062,96.2175710000001,5.413
20063,96.2225930000001,5.022
20064,96.2260460000001,3.453
20065,96.2302530000001,4.207
20066,96.2362520000001,5.999
20067,96.2429740000001,6.722
20068,96.2463660000001,3.392
20069,96.2511480000001,4.782
20070,96.2558980000001,4.75
20071,96.2596610000001,3.763
20072,96.2639540000001,4.293
20073,96.2681620000001,4.208
20074,96.2750530000001,6.891
20075,96.2795030000001,4.45
20076,96.2836080000001,4.105
20077,96.2880510000001,4.443
20078,96.2927660000001,4.715
20079,96.2964670000001,3.701
20080,96.3006910000001,4.224
20081,96.3079260000001,7.235
20082,96.3116870000001,3.761
20083,96.3163660000001,4.679
20084,96.3223050000001,5.939
20085,96.3274890000001,5.184
20086,96.3323640000001,4.875
20087,96.3364940000001,4.13
20088,96.3413980000001,4.904
20089,96.3460650000001,4.667
20090,96.3490260000001,2.961
20091,96.3563960000001,7.37
20092,96.3602370000001,3.841
20093,96.3639290000001,3.692
20094,96.3679590000001,4.03
20095,96.3740280000001,6.069
20096,96.3789320000001,4.904
20097,96.3823010000001,3.369
20098,96.3865410000001,4.24
20099,96.3913480000001,4.807
20100,96.3961530000001,4.805
20101,96.3993940000001,3.241
20102,96.4045860000001,5.192
20103,96.4104280000001,5.842
20104,96.4140920000001,3.664
20105,96.4184510000001,4.359
20106,96.4239450000001,5.494
20107,96.4289090000001,4.964
20108,96.4320640000001,3.155
20109,96.4365210000001,4.457
20110,96.4426040000001,6.083
20111,96.4475200000001,4.916
20112,96.4504460000001,2.926
20113,96.4546410000001,4.195
20114,96.4593130000001,4.672
20115,96.4646730000001,5.36
20116,96.4687570000001,4.084
20117,96.4743090000001,5.552
20118,96.4785340000001,4.225
20119,96.4819610000001,3.427
20120,96.4860950000001,4.134
20121,96.4923520000001,6.257
20122,96.4963560000001,4.004
20123,96.4997820000001,3.426
20124,96.5060270000001,6.245
20125,96.5108480000001,4.821
20126,96.5155670000001,4.719
20127,96.5198930000001,4.326
20128,96.5261710000001,6.278
20129,96.5311400000001,4.969
20130,96.5341470000001,3.007
20131,96.5383790000001,4.232
20132,96.5426030000001,4.224
20133,96.5474120000001,4.809
20134,96.5508980000001,3.486
20135,96.5549860000001,4.088
20136,96.5621290000001,7.143
20137,96.5656490000001,3.52
20138,96.5700440000001,4.395
20139,96.5761340000001,6.09
20140,96.5808930000001,4.759
20141,96.5843620000001,3.469
20142,96.5889850000001,4.623
20143,96.5928830000001,3.898
20144,96.5996700000001,6.787
20145,96.6033800000001,3.71
20146,96.6077430000001,4.363
20147,96.6124290000001,4.686
20148,96.6159960000001,3.567
20149,96.6205010000001,4.505
20150,96.6272140000001,6.713
20151,96.6322440000001,5.03
20152,96.6360930000001,3.849
20153,96.6401340000001,4.041
20154,96.6444220000001,4.288
20155,96.6509610000001,6.539
20156,96.6547010000001,3.74
20157,96.6589760000001,4.275
20158,96.6638070000001,4.831
20159,96.6673750000001,3.568
20160,96.6722600000001,4.885
20161,96.6762310000001,3.971
20162,96.6810250000001,4.794
20163,96.6845670000001,3.542
20164,96.6897720000001,5.205
20165,96.6933020000001,3.53
20166,96.6995200000001,6.218
20167,96.7032920000001,3.772
20168,96.7081900000001,4.898
20169,96.7132590000001,5.069
20170,96.7166110000001,3.352
20171,96.7210010000001,4.39
20172,96.7254920000001,4.491
20173,96.7300680000001,4.576
20174,96.7334100000001,3.342
20175,96.7386340000001,5.224
20176,96.7423350000001,3.701
20177,96.7473390000001,5.004
20178,96.7506260000001,3.287
20179,96.7569530000001,6.327
20180,96.7612210000001,4.268
20181,96.7648030000001,3.582
20182,96.7688900000001,4.087
20183,96.7742790000001,5.389
20184,96.7798380000001,5.559
20185,96.7828230000001,2.985
20186,96.7873200000001,4.497
20187,96.7916850000001,4.365
20188,96.7967190000001,5.034
20189,96.8006700000001,3.951
20190,96.8050270000001,4.357
20191,96.8099440000001,4.917
20192,96.8134060000001,3.462
20193,96.8176880000001,4.282
20194,96.8245160000001,6.828
20195,96.8299780000001,5.462
20196,96.8337310000001,3.753
20197,96.8382310000001,4.5
20198,96.8420650000001,3.834
20199,96.8479940000001,5.929
20200,96.8512880000001,3.294
20201,96.8557460000001,4.458
20202,96.8605570000001,4.811
20203,96.8641530000001,3.596
20204,96.8690460000001,4.893
20205,96.8733040000001,4.258
20206,96.8782540000001,4.95
20207,96.8820810000001,3.827
20208,96.8862150000001,4.134
20209,96.8914690000001,5.254
20210,96.8956350000001,4.166
20211,96.8993900000001,3.755
20212,96.9037960000001,4.406
20213,96.9091350000001,5.339
20214,96.9129640000001,3.829
20215,96.9173580000001,4.394
20216,96.9219380000001,4.58
20217,96.9286820000001,6.744
20218,96.9315910000001,2.909
20219,96.9354290000001,3.838
20220,96.9416660000001,6.237
20221,96.9459050000001,4.239
20222,96.9496660000001,3.761
20223,96.9541460000001,4.48
20224,96.9604090000001,6.263
20225,96.9635580000001,3.149
20226,96.9681620000001,4.604
20227,96.9747970000001,6.635
20228,96.9786340000001,3.837
20229,96.9830760000001,4.442
20230,96.9874980000001,4.422
20231,96.9918000000001,4.302
20232,96.9968820000001,5.082
20233,97.0006920000001,3.81
20234,97.0057540000001,5.062
20235,97.0108610000001,5.107
20236,97.0146880000001,3.827
20237,97.0191930000001,4.505
20238,97.0249550000001,5.762
20239,97.0304510000001,5.496
20240,97.0334820000001,3.031
20241,97.0383560000001,4.874
20242,97.0425530000001,4.197
20243,97.0477370000001,5.184
20244,97.0521190000001,4.382
20245,97.0571310000001,5.012
20246,97.0617070000001,4.576
20247,97.0654320000001,3.725
20248,97.0700430000001,4.611
20249,97.0763090000001,6.266
20250,97.0814210000001,5.112
20251,97.0850130000001,3.592
20252,97.0895860000001,4.573
20253,97.0937100000001,4.124
20254,97.0992090000001,5.499
20255,97.1029980000001,3.789
20256,97.1077130000001,4.715
20257,97.1125730000001,4.86
20258,97.1162090000001,3.636
20259,97.121395,5.186
20260,97.125624,4.229
20261,97.130193,4.569
20262,97.133464,3.271
20263,97.139142,5.678
20264,97.1436100000001,4.468
20265,97.148627,5.017
20266,97.151746,3.119
20267,97.157686,5.94
20268,97.162216,4.53
20269,97.166367,4.151
20270,97.171156,4.789
20271,97.175039,3.883
20272,97.179755,4.716
20273,97.183364,3.609
20274,97.190228,6.864
20275,97.193332,3.104
20276,97.199183,5.851
20277,97.202838,3.655
20278,97.207345,4.507
20279,97.212517,5.172
20280,97.216027,3.51
20281,97.22046,4.433
20282,97.224936,4.476
20283,97.229448,4.512
20284,97.233665,4.217
20285,97.23784,4.175
20286,97.2431070000001,5.267
20287,97.2477790000001,4.672
20288,97.2506640000001,2.885
20289,97.2554660000001,4.802
20290,97.2603700000001,4.904
20291,97.263755,3.385
20292,97.2679690000001,4.214
20293,97.2725310000001,4.562
20294,97.2784910000001,5.96
20295,97.2821480000001,3.657
20296,97.2867070000001,4.559
20297,97.2912780000001,4.571
20298,97.2962110000001,4.933
20299,97.2999210000001,3.71
20300,97.3046160000001,4.695
20301,97.3096570000001,5.041
20302,97.3129890000001,3.332
20303,97.3174060000001,4.417
20304,97.3236410000001,6.235
20305,97.3282020000001,4.561
20306,97.3314620000001,3.26
20307,97.3359190000001,4.457
20308,97.3430980000001,7.179
20309,97.3479220000001,4.824
20310,97.3514090000001,3.487
20311,97.3560160000001,4.607
20312,97.3611160000001,5.1
20313,97.3643900000001,3.274
20314,97.3690720000001,4.682
20315,97.3734230000001,4.351
20316,97.3782450000001,4.822
20317,97.3819250000001,3.68
20318,97.3864100000001,4.485
20319,97.3923730000001,5.963
20320,97.3974920000001,5.119
20321,97.4009400000001,3.448
20322,97.4054070000001,4.467
20323,97.4104290000001,5.022
20324,97.4137750000001,3.346
20325,97.4181310000001,4.356
20326,97.4236400000001,5.509
20327,97.4281850000001,4.545
20328,97.4316310000001,3.446
20329,97.4360770000001,4.446
20330,97.4425600000001,6.483
20331,97.4475970000001,5.037
20332,97.4508540000001,3.257
20333,97.4552330000001,4.379
20334,97.4601200000001,4.887
20335,97.4638510000001,3.731
20336,97.4678760000001,4.025
20337,97.4736880000001,5.812
20338,97.4775470000001,3.859
20339,97.4812410000001,3.694
20340,97.4853380000001,4.097
20341,97.4910080000001,5.67
20342,97.4953060000001,4.298
20343,97.4987580000001,3.452
20344,97.5028990000001,4.141
20345,97.5088420000001,5.943
20346,97.5125740000001,3.732
20347,97.5166000000001,4.026
20348,97.5207830000001,4.183
20349,97.5275950000001,6.812
20350,97.5310930000001,3.498
20351,97.5352950000001,4.202
20352,97.5414750000001,6.18
20353,97.5457350000001,4.26
20354,97.5481300000001,2.395
20355,97.5524270000001,4.297
20356,97.5578990000001,5.472
20357,97.5613200000001,3.421
20358,97.5656460000001,4.326
20359,97.5699470000001,4.301
20360,97.5761950000001,6.248
20361,97.5790220000001,2.827
20362,97.5833130000001,4.291
20363,97.5877120000001,4.399
20364,97.5938680000001,6.156
20365,97.5988690000001,5.001
20366,97.6029690000001,4.1
20367,97.6076580000001,4.689
20368,97.6111920000001,3.534
20369,97.6153650000001,4.173
20370,97.6197280000001,4.363
20371,97.626108,6.38
20372,97.629011,2.903
20373,97.633561,4.55
20374,97.637557,3.996
20375,97.642991,5.434
20376,97.646396,3.405
20377,97.650219,3.823
20378,97.654673,4.454
20379,97.65948,4.807
20380,97.663038,3.558
20381,97.6674,4.362
20382,97.673298,5.898
20383,97.678349,5.051
20384,97.682087,3.738
20385,97.68775,5.663
20386,97.692164,4.414
20387,97.696992,4.828
20388,97.703,6.008
20389,97.706757,3.757
20390,97.711018,4.261
20391,97.715871,4.853
20392,97.719669,3.798
20393,97.724078,4.409
20394,97.728103,4.025
20395,97.732963,4.86
20396,97.736936,3.973
20397,97.741568,4.632
20398,97.746042,4.474
20399,97.750108,4.066
20400,97.754011,3.903
20401,97.758216,4.205
20402,97.76251,4.294
20403,97.767492,4.982
20404,97.771811,4.319
20405,97.777531,5.72
20406,97.788098,10.567
20407,97.79144,3.342
20408,97.794834,3.394
20409,97.799117,4.283
20410,97.804762,5.645
20411,97.807839,3.077
20412,97.812031,4.192
20413,97.816417,4.386
20414,97.821387,4.97
20415,97.824982,3.595
20416,97.829171,4.189
20417,97.834107,4.936
20418,97.838542,4.435
20419,97.84406,5.518
20420,97.848668,4.608
20421,97.853893,5.225
20422,97.85735,3.457
20423,97.861455,4.105
20424,97.865771,4.316
20425,97.87376,7.989
20426,97.877335,3.575
20427,97.882478,5.143
20428,97.889442,6.964
20429,97.892945,3.503
20430,97.897228,4.283
20431,97.901506,4.278
20432,97.907923,6.417
20433,97.912024,4.101
20434,97.916678,4.654
20435,97.923401,6.723
20436,97.926717,3.316
20437,97.932029,5.312
20438,97.936333,4.304
20439,97.94133,4.997
20440,97.944981,3.651
20441,97.949225,4.244
20442,97.954571,5.346
20443,97.958304,3.733
20444,97.962244,3.94
20445,97.968184,5.94
20446,97.973818,5.634
20447,97.976989,3.171
20448,97.983518,6.529
20449,97.988261,4.743
20450,97.991969,3.708
20451,97.99646,4.491
20452,98.000722,4.262
20453,98.006183,5.461
20454,98.009754,3.571
20455,98.014177,4.423
20456,98.0199,5.723
20457,98.023924,4.024
20458,98.027847,3.923
20459,98.032147,4.3
20460,98.03754,5.393
20461,98.041126,3.586
20462,98.045708,4.582
20463,98.05086,5.152
20464,98.054905,4.045
20465,98.060661,5.756
20466,98.065073,4.412
20467,98.070471,5.398
20468,98.076183,5.712
20469,98.081749,5.566
20470,98.086417,4.668
20471,98.089977,3.56
20472,98.094495,4.518
20473,98.099169,4.674
20474,98.104406,5.237
20475,98.108209,3.803
20476,98.112671,4.462
20477,98.117936,5.265
20478,98.122629,4.693
20479,98.127024,4.395
20480,98.131019,3.995
20481,98.136272,5.253
20482,98.141493,5.221
20483,98.144573,3.08
20484,98.149636,5.063
20485,98.154822,5.186
20486,98.159093,4.271
20487,98.163489,4.396
20488,98.170513,7.024
20489,98.173912,3.399
20490,98.17812,4.208
20491,98.183208,5.088
20492,98.186973,3.765
20493,98.191238,4.265
20494,98.195527,4.289
20495,98.200422,4.895
20496,98.208223,7.801
20497,98.211015,2.792
20498,98.21548,4.465
20499,98.219399,3.919
20500,98.223901,4.502
20501,98.227882,3.981
20502,98.232814,4.932
20503,98.236712,3.898
20504,98.241312,4.6
20505,98.246557,5.245
20506,98.251214,4.657
20507,98.25482,3.606
20508,98.260919,6.099
20509,98.266186,5.267
20510,98.273325,7.139
20511,98.275489,2.164
20512,98.280317,4.828
20513,98.285347,5.03
20514,98.288856,3.509
20515,98.293249,4.393
20516,98.297989,4.74
20517,98.3017,3.711
20518,98.306901,5.201
20519,98.310605,3.704
20520,98.315044,4.439
20521,98.31901,3.966
20522,98.323794,4.784
20523,98.328112,4.318
20524,98.332825,4.713
20525,98.338057,5.232
20526,98.342355,4.298
20527,98.346971,4.616
20528,98.35232,5.349
20529,98.356597,4.277
20530,98.361011,4.414
20531,98.3657,4.689
20532,98.369646,3.946
20533,98.374101,4.455
20534,98.378465,4.364
20535,98.383213,4.748
20536,98.387327,4.114
20537,98.391584,4.257
20538,98.396434,4.85
20539,98.399858,3.424
20540,98.404499,4.641
20541,98.40953,5.031
20542,98.41418,4.65
20543,98.417567,3.387
20544,98.421677,4.11
20545,98.429274,7.597
20546,98.433942,4.668
20547,98.437622,3.68
20548,98.442428,4.806
20549,98.446942,4.514
20550,98.450574,3.632
20551,98.45483,4.256
20552,98.460832,6.002
20553,98.465935,5.103
20554,98.469438,3.503
20555,98.475513,6.075
20556,98.47924,3.727
20557,98.48409,4.85
20558,98.489413,5.323
20559,98.493655,4.242
20560,98.4987,5.045
20561,98.505024,6.324
20562,98.508201,3.177
20563,98.51158,3.379
20564,98.5168,5.22
20565,98.521446,4.646
20566,98.526087,4.641
20567,98.530807,4.72
20568,98.536272,5.465
20569,98.540509,4.237
20570,98.544368,3.859
20571,98.54927,4.902
20572,98.553233,3.963
20573,98.557333,4.1
20574,98.561528,4.195
20575,98.566529,5.001
20576,98.570268,3.739
20577,98.57429,4.022
20578,98.579151,4.861
20579,98.582957,3.806
20580,98.587057,4.1
20581,98.591141,4.084
20582,98.596861,5.72
20583,98.600409,3.548
20584,98.60595,5.541
20585,98.610222,4.272
20586,98.614877,4.655
20587,98.618858,3.981
20588,98.6241,5.242
20589,98.628991,4.891
20590,98.634423,5.432
20591,98.639382,4.959
20592,98.645344,5.962
20593,98.6500849999999,4.741
20594,98.6539569999999,3.872
20595,98.658189,4.232
20596,98.66263,4.441
20597,98.667722,5.092
20598,98.672265,4.543
20599,98.6772029999999,4.938
20600,98.6820179999999,4.815
20601,98.6877119999999,5.694
20602,98.6926789999999,4.967
20603,98.6963369999999,3.658
20604,98.7014579999999,5.121
20605,98.705002,3.544
20606,98.7094109999999,4.409
20607,98.7143769999999,4.966
20608,98.7184239999999,4.047
20609,98.7228169999999,4.393
20610,98.7288939999999,6.077
20611,98.7337199999999,4.826
20612,98.7401459999999,6.426
20613,98.7439599999999,3.814
20614,98.7487459999999,4.786
20615,98.7526079999999,3.862
20616,98.7568109999999,4.203
20617,98.7612259999999,4.415
20618,98.7661849999999,4.959
20619,98.7703859999999,4.201
20620,98.7742849999999,3.899
20621,98.7812189999999,6.934
20622,98.7848529999999,3.634
20623,98.7894009999999,4.548
20624,98.7937169999999,4.316
20625,98.7989559999999,5.239
20626,98.8028049999999,3.849
20627,98.8087389999999,5.934
20628,98.8130009999999,4.262
20629,98.8180179999999,5.017
20630,98.8235319999999,5.514
20631,98.8278349999999,4.303
20632,98.8346329999999,6.798
20633,98.8402679999999,5.635
20634,98.8467459999999,6.478
20635,98.8501309999999,3.385
20636,98.8552879999999,5.157
20637,98.8584889999999,3.201
20638,98.8627409999999,4.252
20639,98.8699199999999,7.179
20640,98.8744859999999,4.566
20641,98.8788709999999,4.385
20642,98.8854039999999,6.533
20643,98.8894899999999,4.086
20644,98.8926859999999,3.196
20645,98.8973609999999,4.675
20646,98.9022609999999,4.9
20647,98.9068569999999,4.596
20648,98.912331,5.474
20649,98.9164819999999,4.151
20650,98.923408,6.926
20651,98.9282669999999,4.859
20652,98.933201,4.934
20653,98.9427099999999,9.509
20654,98.948073,5.363
20655,98.951535,3.462
20656,98.9566579999999,5.123
20657,98.960432,3.774
20658,98.96471,4.278
20659,98.9714099999999,6.7
20660,98.976125,4.715
20661,98.981101,4.976
20662,98.9857129999999,4.612
20663,98.9915779999999,5.865
20664,98.9953429999999,3.765
20665,99.0006619999999,5.319
20666,99.00683,6.168
20667,99.010279,3.449
20668,99.013781,3.502
20669,99.018554,4.773
20670,99.025914,7.36
20671,99.031098,5.184
20672,99.035673,4.575
20673,99.042412,6.739
20674,99.0461969999999,3.785
20675,99.050479,4.282
20676,99.055989,5.51
20677,99.060796,4.807
20678,99.063966,3.17
20679,99.0700519999999,6.086
20680,99.0755409999999,5.489
20681,99.0800199999999,4.479
20682,99.0850119999999,4.992
20683,99.089998,4.986
20684,99.09384,3.842
20685,99.097529,3.689
20686,99.102972,5.443
20687,99.10673,3.758
20688,99.111236,4.506
20689,99.115036,3.8
20690,99.120636,5.6
20691,99.126973,6.337
20692,99.131118,4.145
20693,99.137779,6.661
20694,99.143126,5.347
20695,99.1471079999999,3.982
20696,99.1532589999999,6.151
20697,99.157287,4.028
20698,99.162854,5.567
20699,99.168981,6.127
20700,99.174072,5.091
20701,99.179214,5.142
20702,99.18374,4.526
20703,99.189253,5.513
20704,99.193103,3.85
20705,99.1986419999999,5.539
20706,99.2041139999999,5.472
20707,99.2080729999999,3.959
20708,99.2120199999999,3.947
20709,99.2164109999999,4.391
20710,99.2261139999999,9.703
20711,99.2310899999999,4.976
20712,99.2349819999999,3.892
20713,99.2397899999999,4.808
20714,99.2432579999999,3.468
20715,99.2496089999999,6.351
20716,99.2584129999999,8.804
20717,99.2621169999999,3.704
20718,99.2659029999999,3.786
20719,99.2734439999999,7.541
20720,99.2775499999999,4.106
20721,99.2823569999999,4.807
20722,99.2898839999999,7.527
20723,99.2951629999999,5.279
20724,99.2986119999999,3.449
20725,99.3049749999999,6.363
20726,99.3098429999999,4.868
20727,99.3156439999999,5.801
20728,99.3270299999999,11.386
20729,99.3326419999999,5.612
20730,99.3359269999999,3.285
20731,99.3417779999999,5.851
20732,99.3465849999999,4.807
20733,99.3511699999999,4.585
20734,99.3573199999999,6.15
20735,99.3611919999999,3.872
20736,99.366171,4.979
20737,99.371152,4.981
20738,99.375654,4.502
20739,99.3809129999999,5.259
20740,99.387656,6.743
20741,99.3961519999999,8.496
20742,99.4000579999999,3.906
20743,99.4070089999999,6.951
20744,99.4106319999999,3.623
20745,99.415106,4.474
20746,99.42088,5.774
20747,99.425433,4.553
20748,99.430785,5.352
20749,99.439526,8.741
20750,99.443407,3.881
20751,99.448408,5.001
20752,99.456334,7.926
20753,99.463819,7.485
20754,99.469172,5.353
20755,99.475614,6.442
20756,99.479702,4.088
20757,99.484302,4.6
20758,99.489436,5.134
20759,99.4961029999999,6.667
20760,99.503013,6.91
20761,99.507435,4.422
20762,99.512835,5.4
20763,99.519573,6.738
20764,99.527288,7.715
20765,99.532885,5.597
20766,99.5375979999999,4.713
20767,99.543027,5.429
20768,99.546742,3.715
20769,99.5512809999999,4.539
20770,99.558022,6.741
20771,99.5617949999999,3.773
20772,99.5679879999999,6.193
20773,99.5736489999999,5.661
20774,99.5773359999999,3.687
20775,99.580835,3.499
20776,99.58676,5.925
20777,99.591396,4.636
20778,99.596113,4.717
20779,99.603042,6.929
20780,99.606663,3.621
20781,99.612295,5.632
20782,99.617614,5.319
20783,99.620788,3.174
20784,99.625206,4.418
20785,99.629675,4.469
20786,99.637184,7.509
20787,99.642143,4.959
20788,99.646658,4.515
20789,99.651452,4.794
20790,99.656794,5.342
20791,99.660964,4.17
20792,99.668991,8.027
20793,99.67331,4.319
20794,99.678113,4.803
20795,99.683454,5.341
20796,99.68677,3.316
20797,99.691165,4.395
20798,99.6954279999999,4.263
20799,99.703188,7.76
20800,99.707523,4.335
20801,99.7122749999999,4.752
20802,99.7174329999999,5.158
20803,99.7210739999999,3.641
20804,99.7254859999999,4.412
20805,99.7302259999999,4.74
20806,99.7357919999999,5.566
20807,99.7402899999999,4.498
20808,99.7441109999999,3.821
20809,99.7492289999999,5.118
20810,99.7528279999999,3.599
20811,99.7570979999999,4.27
20812,99.7640029999999,6.905
20813,99.7679209999999,3.918
20814,99.7734419999999,5.521
20815,99.777509,4.067
20816,99.780694,3.185
20817,99.7862,5.506
20818,99.790567,4.367
20819,99.7971379999999,6.571
20820,99.8010729999999,3.935
20821,99.8082409999999,7.168
20822,99.8118159999999,3.575
20823,99.8158419999999,4.026
20824,99.8199469999999,4.105
20825,99.8252559999999,5.309
20826,99.8285909999999,3.335
20827,99.8330899999999,4.499
20828,99.8392749999999,6.185
20829,99.8443739999999,5.099
20830,99.8493689999999,4.995
20831,99.8551799999999,5.811
20832,99.8602559999999,5.076
20833,99.8638709999999,3.615
20834,99.8683109999999,4.44
20835,99.8733279999999,5.017
20836,99.8769159999999,3.588
20837,99.8814229999999,4.507
20838,99.8860739999999,4.651
20839,99.8922689999999,6.195
20840,99.8959679999999,3.699
20841,99.9023099999999,6.342
20842,99.9073199999999,5.01
20843,99.9109029999999,3.583
20844,99.9152709999999,4.368
20845,99.9199629999999,4.692
20846,99.9254089999999,5.446
20847,99.9287179999999,3.309
20848,99.9331649999999,4.447
20849,99.9370019999999,3.837
20850,99.9437519999999,6.75
20851,99.9472849999999,3.533
20852,99.9526249999999,5.34
20853,99.9573289999999,4.704
20854,99.9605539999999,3.225
20855,99.9649779999999,4.424
20856,99.9698529999999,4.875
20857,99.9750099999999,5.157
20858,99.9785409999999,3.531
20859,99.9846379999999,6.097
20860,99.9895219999999,4.884
20861,99.9953939999999,5.872
20862,99.9992649999999,3.871
20863,100.003315,4.05
20864,100.008448,5.133
20865,100.011984,3.536
20866,100.018626,6.642
20867,100.023313,4.687
20868,100.027954,4.641
20869,100.031316,3.362
20870,100.035409,4.093
20871,100.039642,4.233
20872,100.046537,6.895
20873,100.050107,3.57
20874,100.055616,5.509
20875,100.059569,3.953
20876,100.063057,3.488
20877,100.069099,6.042
20878,100.073442,4.343
20879,100.079884,6.442
20880,100.085147,5.263
20881,100.089805,4.658
20882,100.094026,4.221
20883,100.099394,5.368
20884,100.102755,3.361
20885,100.10706,4.305
20886,100.11188,4.82
20887,100.11568,3.8
20888,100.121572,5.892
20889,100.126085,4.513
20890,100.131684,5.599
20891,100.135309,3.625
20892,100.141199,5.89
20893,100.145638,4.439
20894,100.151628,5.99
20895,100.15609,4.462
20896,100.160555,4.465
20897,100.165884,5.329
20898,100.169206,3.322
20899,100.175151,5.945
20900,100.179474,4.323
20901,100.186113,6.639
20902,100.189906,3.793
20903,100.194074,4.168
20904,100.199388,5.314
20905,100.20265,3.262
20906,100.206944,4.294
20907,100.211264,4.32
20908,100.217276,6.012
20909,100.221953,4.677
20910,100.226056,4.103
20911,100.231117,5.061
20912,100.236628,5.511
20913,100.24069,4.062
20914,100.245099,4.409
20915,100.250091,4.992
20916,100.253667,3.576
20917,100.257911,4.244
20918,100.262083,4.172
20919,100.268179,6.096
20920,100.271557,3.378
20921,100.277163,5.606
20922,100.28245,5.287
20923,100.287658,5.208
20924,100.292191,4.533
20925,100.296437,4.246
20926,100.301405,4.968
20927,100.305271,3.866
20928,100.309579,4.308
20929,100.31494,5.361
20930,100.319378,4.438
20931,100.325014,5.636
20932,100.33103,6.016
20933,100.335842,4.812
20934,100.339575,3.733
20935,100.343834,4.259
20936,100.3495,5.666
20937,100.353938,4.438
20938,100.358107,4.169
20939,100.36415,6.043
20940,100.368887,4.737
20941,100.374543,5.656
20942,100.37874,4.197
20943,100.383934,5.194
20944,100.388636,4.702
20945,100.391928,3.292
20946,100.396291,4.363
20947,100.401041,4.75
20948,100.405147,4.106
20949,100.409204,4.057
20950,100.416239,7.035
20951,100.423134,6.895
20952,100.42723,4.096
20953,100.432523,5.293
20954,100.437426,4.903
20955,100.441123,3.697
20956,100.445492,4.369
20957,100.451684,6.192
20958,100.455369,3.685
20959,100.46128,5.911
20960,100.46609,4.81
20961,100.472257,6.167
20962,100.476103,3.846
20963,100.480465,4.362
20964,100.485624,5.159
20965,100.489154,3.53
20966,100.493496,4.342
20967,100.497976,4.48
20968,100.504927,6.951
20969,100.508155,3.228
20970,100.513609,5.454
20971,100.51887,5.261
20972,100.524518,5.648
20973,100.528616,4.098
20974,100.533145,4.529
20975,100.538596,5.451
20976,100.542758,4.162
20977,100.546147,3.389
20978,100.551184,5.037
20979,100.556568,5.384
20980,100.560721,4.153
20981,100.567095,6.374
20982,100.572119,5.024
20983,100.575589,3.47
20984,100.580006,4.417
20985,100.584838,4.832
20986,100.589093,4.255
20987,100.593337,4.244
20988,100.597648,4.311
20989,100.602409,4.761
20990,100.607946,5.537
20991,100.612263,4.317
20992,100.619216,6.953
20993,100.623011,3.795
20994,100.627287,4.276
20995,100.631807,4.52
20996,100.637904,6.097
20997,100.642217,4.313
20998,100.647134,4.917
20999,100.653719,6.585
21000,100.657554,3.835
21001,100.663474,5.92
21002,100.667996,4.522
21003,100.672774,4.778
21004,100.676466,3.692
21005,100.680996,4.53
21006,100.686813,5.817
21007,100.690661,3.848
21008,100.695751,5.09
21009,100.699514,3.763
21010,100.706631,7.117
21011,100.71015,3.519
21012,100.716645,6.495
21013,100.721574,4.929
21014,100.725172,3.598
21015,100.729565,4.393
21016,100.734428,4.863
21017,100.739201,4.773
21018,100.742855,3.654
21019,100.748996,6.141
21020,100.753802,4.806
21021,100.759318,5.516
21022,100.763733,4.415
21023,100.76809,4.357
21024,100.773107,5.017
21025,100.776718,3.611
21026,100.78123,4.512
21027,100.786096,4.866
21028,100.790325,4.229
21029,100.794729,4.404
21030,100.801617,6.888
21031,100.806822,5.205
21032,100.811345,4.523
21033,100.815835,4.49
21034,100.821074,5.239
21035,100.825572,4.498
21036,100.831035,5.463
21037,100.835788,4.753
21038,100.84121,5.422
21039,100.846894,5.684
21040,100.850968,4.074
21041,100.856713,5.745
21042,100.860692,3.979
21043,100.864856,4.164
21044,100.869292,4.436
21045,100.874813,5.521
21046,100.878177,3.364
21047,100.882576,4.399
21048,100.890096,7.52
21049,100.893295,3.199
21050,100.899411,6.116
21051,100.903927,4.516
21052,100.91076,6.833
21053,100.914646,3.886
21054,100.918919,4.273
21055,100.924052,5.133
21056,100.927523,3.471
21057,100.933871,6.348
21058,100.93966,5.789
21059,100.943083,3.423
21060,100.94748,4.397
21061,100.951715,4.235
21062,100.956788,5.073
21063,100.960444,3.656
21064,100.964768,4.324
21065,100.970367,5.599
21066,100.973761,3.394
21067,100.978007,4.246
21068,100.985174,7.167
21069,100.988475,3.301
21070,100.994266,5.791
21071,100.998646,4.38
21072,101.003854,5.208
21073,101.0073,3.446
21074,101.011566,4.266
21075,101.018173,6.607
21076,101.021765,3.592
21077,101.026181,4.416
21078,101.031232,5.051
21079,101.037019,5.787
21080,101.041199,4.18
21081,101.047306,6.107
21082,101.053211,5.905
21083,101.057991,4.78
21084,101.062578,4.587
21085,101.067402,4.824
21086,101.071172,3.77
21087,101.075371,4.199
21088,101.080796,5.425
21089,101.084263,3.467
21090,101.090257,5.994
21091,101.094528,4.271
21092,101.101723,7.195
21093,101.105162,3.439
21094,101.109422,4.26
21095,101.114425,5.003
21096,101.117989,3.564
21097,101.122444,4.455
21098,101.126575,4.131
21099,101.133663,7.088
21100,101.1374,3.737
21101,101.143317,5.917
21102,101.14829,4.973
21103,101.152121,3.831
21104,101.15657,4.449
21105,101.160396,3.826
21106,101.165745,5.349
21107,101.169077,3.332
21108,101.173508,4.431
21109,101.178477,4.969
21110,101.182241,3.764
21111,101.186596,4.355
21112,101.192783,6.187
21113,101.198107,5.324
21114,101.201566,3.459
21115,101.205892,4.326
21116,101.210729,4.837
21117,101.214565,3.836
21118,101.219434,4.869
21119,101.224755,5.321
21120,101.229911,5.156
21121,101.235343,5.432
21122,101.2397,4.357
21123,101.244591,4.891
21124,101.248302,3.711
21125,101.252501,4.199
21126,101.256945,4.444
21127,101.262197,5.252
21128,101.266078,3.881
21129,101.27027,4.192
21130,101.276881,6.611
21131,101.280694,3.813
21132,101.287019,6.325
21133,101.291195,4.176
21134,101.296463,5.268
21135,101.301394,4.931
21136,101.304578,3.184
21137,101.309695,5.117
21138,101.313657,3.962
21139,101.319674,6.017
21140,101.324003,4.329
21141,101.330712,6.709
21142,101.334449,3.737
21143,101.338864,4.415
21144,101.34386,4.996
21145,101.347835,3.975
21146,101.352791,4.956
21147,101.357167,4.376
21148,101.362409,5.242
21149,101.366494,4.085
21150,101.37265,6.156
21151,101.37748,4.83
21152,101.383267,5.787
21153,101.387621,4.354
21154,101.391953,4.332
21155,101.397381,5.428
21156,101.40082,3.439
21157,101.405343,4.523
21158,101.410284,4.941
21159,101.415956,5.672
21160,101.421329,5.373
21161,101.426623,5.294
21162,101.432273,5.65
21163,101.435489,3.216
21164,101.439749,4.26
21165,101.444944,5.195
21166,101.448654,3.71
21167,101.453106,4.452
21168,101.457647,4.541
21169,101.462927,5.28
21170,101.466795,3.868
21171,101.470888,4.093
21172,101.477954,7.066
21173,101.481615,3.661
21174,101.485957,4.342
21175,101.490405,4.448
21176,101.495529,5.124
21177,101.499258,3.729
21178,101.50382,4.562
21179,101.510194,6.374
21180,101.514516,4.322
21181,101.520768,6.252
21182,101.524612,3.844
21183,101.529789,5.177
21184,101.533593,3.804
21185,101.537898,4.305
21186,101.54266,4.762
21187,101.546724,4.064
21188,101.552354,5.63
21189,101.556635,4.281
21190,101.563415,6.78
21191,101.567225,3.81
21192,101.573151,5.926
21193,101.577925,4.774
21194,101.582358,4.433
21195,101.586127,3.769
21196,101.590205,4.078
21197,101.595035,4.83
21198,101.598727,3.692
21199,101.604723,5.996
21200,101.609556,4.833
21201,101.615041,5.485
21202,101.620164,5.123
21203,101.62449,4.326
21204,101.628797,4.307
21205,101.632534,3.737
21206,101.636581,4.047
21207,101.641294,4.713
21208,101.645235,3.941
21209,101.650424,5.189
21210,101.65611,5.686
21211,101.660935,4.825
21212,101.666666,5.731
21213,101.670971,4.305
21214,101.675643,4.672
21215,101.679411,3.768
21216,101.683564,4.153
21217,101.687807,4.243
21218,101.692784,4.977
21219,101.698023,5.239
21220,101.702245,4.222
21221,101.708993,6.748
21222,101.712677,3.684
21223,101.717575,4.898
21224,101.721901,4.326
21225,101.726638,4.737
21226,101.729889,3.251
21227,101.734294,4.405
21228,101.739117,4.823
21229,101.742576,3.459
21230,101.748587,6.011
21231,101.753021,4.434
21232,101.759499,6.478
21233,101.764098,4.599
21234,101.767364,3.266
21235,101.772316,4.952
21236,101.775878,3.562
21237,101.780156,4.278
21238,101.784544,4.388
21239,101.79094,6.396
21240,101.794552,3.612
21241,101.800741,6.189
21242,101.805642,4.901
21243,101.809111,3.469
21244,101.813426,4.315
21245,101.817563,4.137
21246,101.822294,4.731
21247,101.825932,3.638
21248,101.832008,6.076
21249,101.836627,4.619
21250,101.842715,6.088
21251,101.846669,3.954
21252,101.852624,5.955
21253,101.857492,4.868
21254,101.860851,3.359
21255,101.865202,4.351
21256,101.869935,4.733
21257,101.874387,4.452
21258,101.877965,3.578
21259,101.882159,4.194
21260,101.888515,6.356
21261,101.89509,6.575
21262,101.899178,4.088
21263,101.904085,4.907
21264,101.907875,3.79
21265,101.911304,3.429
21266,101.916951,5.647
21267,101.920526,3.575
21268,101.925632,5.106
21269,101.929122,3.49
21270,101.935446,6.324
21271,101.94138,5.934
21272,101.945414,4.034
21273,101.949127,3.713
21274,101.953434,4.307
21275,101.957938,4.504
21276,101.9616,3.662
21277,101.965867,4.267
21278,101.971763,5.896
21279,101.97816,6.397
21280,101.981925,3.765
21281,101.986124,4.199
21282,101.990358,4.234
21283,101.994974,4.616
21284,102.000347,5.373
21285,102.003999,3.652
21286,102.008869,4.87
21287,102.012553,3.684
21288,102.017907,5.354
21289,102.021318,3.411
21290,102.028003,6.685
21291,102.031532,3.529
21292,102.037655,6.123
21293,102.04223,4.575
21294,102.047241,5.011
21295,102.050849,3.608
21296,102.055085,4.236
21297,102.059904,4.819
21298,102.063574,3.67
21299,102.067915,4.341
21300,102.07205,4.135
21301,102.078709,6.659
21302,102.082541,3.832
21303,102.086902,4.361
21304,102.090887,3.985
21305,102.095958,5.071
21306,102.101561,5.603
21307,102.105618,4.057
21308,102.110875,5.257
21309,102.114657,3.782
21310,102.120945,6.288
21311,102.125275,4.33
21312,102.13483,9.555
21313,102.141296,6.466
21314,102.144804,3.508
21315,102.149744,4.94
21316,102.153554,3.81
21317,102.157749,4.195
21318,102.161998,4.249
21319,102.167201,5.203
21320,102.170551,3.35
21321,102.1766,6.049
21322,102.181538,4.938
21323,102.185205,3.667
21324,102.189448,4.243
21325,102.193668,4.22
21326,102.201204,7.536
21327,102.20551,4.306
21328,102.210012,4.502
21329,102.215035,5.023
21330,102.220384,5.349
21331,102.224535,4.151
21332,102.231394,6.859
21333,102.237255,5.861
21334,102.241249,3.994
21335,102.245836,4.587
21336,102.250634,4.798
21337,102.254318,3.684
21338,102.258637,4.319
21339,102.264576,5.939
21340,102.269442,4.866
21341,102.274898,5.456
21342,102.280304,5.406
21343,102.284039,3.735
21344,102.287579,3.54
21345,102.291971,4.392
21346,102.296315,4.344
21347,102.302091,5.776
21348,102.306457,4.366
21349,102.311451,4.994
21350,102.318185,6.734
21351,102.322047,3.862
21352,102.328069,6.022
21353,102.332617,4.548
21354,102.341988,9.371
21355,102.345229,3.241
21356,102.348779,3.55
21357,102.353828,5.049
21358,102.357229,3.401
21359,102.36343,6.201
21360,102.367669,4.239
21361,102.374133,6.464
21362,102.377842,3.709
21363,102.382137,4.295
21364,102.387052,4.915
21365,102.390653,3.601
21366,102.394838,4.185
21367,102.399217,4.379
21368,102.404768,5.551
21369,102.408237,3.469
21370,102.414527,6.29
21371,102.420504,5.977
21372,102.424936,4.432
21373,102.429191,4.255
21374,102.433691,4.5
21375,102.438219,4.528
21376,102.441826,3.607
21377,102.446402,4.576
21378,102.451597,5.195
21379,102.457156,5.559
21380,102.460605,3.449
21381,102.466952,6.347
21382,102.471794,4.842
21383,102.475139,3.345
21384,102.479627,4.488
21385,102.484784,5.157
21386,102.489009,4.225
21387,102.494621,5.612
21388,102.499375,4.754
21389,102.504455,5.08
21390,102.509661,5.206
21391,102.51411,4.449
21392,102.519836,5.726
21393,102.523795,3.959
21394,102.528877,5.082
21395,102.532922,4.045
21396,102.537981,5.059
21397,102.541562,3.581
21398,102.546032,4.47
21399,102.551321,5.289
21400,102.554775,3.454
21401,102.560546,5.771
21402,102.564737,4.191
21403,102.569659,4.922
21404,102.573381,3.722
21405,102.57765,4.269
21406,102.583923,6.273
21407,102.587585,3.662
21408,102.592136,4.551
21409,102.59645,4.314
21410,102.601329,4.879
21411,102.604856,3.527
21412,102.61105,6.194
21413,102.617332,6.282
21414,102.621967,4.635
21415,102.625859,3.892
21416,102.630285,4.426
21417,102.634808,4.523
21418,102.638527,3.719
21419,102.64454,6.013
21420,102.649234,4.694
21421,102.654713,5.479
21422,102.659015,4.302
21423,102.663373,4.358
21424,102.67026,6.887
21425,102.67386,3.6
21426,102.678206,4.346
21427,102.683051,4.845
21428,102.686898,3.847
21429,102.69116,4.262
21430,102.697145,5.985
21431,102.702499,5.354
21432,102.707538,5.039
21433,102.711746,4.208
21434,102.717647,5.901
21435,102.721449,3.802
21436,102.726482,5.033
21437,102.730806,4.324
21438,102.735896,5.09
21439,102.740915,5.019
21440,102.745309,4.394
21441,102.751949,6.64
21442,102.755639,3.69
21443,102.7598,4.161
21444,102.764196,4.396
21445,102.769205,5.009
21446,102.772453,3.248
21447,102.77683,4.377
21448,102.783308,6.478
21449,102.786611,3.303
21450,102.792201,5.59
21451,102.796747,4.546
21452,102.80147,4.723
21453,102.805064,3.594
21454,102.809144,4.08
21455,102.815159,6.015
21456,102.819878,4.719
21457,102.823616,3.738
21458,102.829555,5.939
21459,102.835977,6.422
21460,102.839402,3.425
21461,102.846508,7.106
21462,102.850862,4.354
21463,102.854021,3.159
21464,102.858347,4.326
21465,102.862773,4.426
21466,102.869109,6.336
21467,102.87254,3.431
21468,102.876824,4.284
21469,102.882711,5.887
21470,102.887626,4.915
21471,102.891692,4.066
21472,102.898007,6.315
21473,102.903018,5.011
21474,102.906477,3.459
21475,102.910886,4.409
21476,102.918156,7.27
21477,102.922441,4.285
21478,102.926003,3.562
21479,102.930394,4.391
21480,102.935367,4.973
21481,102.938865,3.498
21482,102.943129,4.264
21483,102.948443,5.314
21484,102.952066,3.623
21485,102.95637,4.304
21486,102.960355,3.985
21487,102.965474,5.119
21488,102.969368,3.894
21489,102.973524,4.156
21490,102.977878,4.354
21491,102.98496,7.082
21492,102.988026,3.066
21493,102.992182,4.156
21494,102.997021,4.839
21495,103.002492,5.471
21496,103.006701,4.209
21497,103.010945,4.244
21498,103.015917,4.972
21499,103.019689,3.772
21500,103.023847,4.158
21501,103.028157,4.31
21502,103.034368,6.211
21503,103.039432,5.064
21504,103.044032,4.6
21505,103.049328,5.296
21506,103.053159,3.831
21507,103.057091,3.932
21508,103.061502,4.411
21509,103.067346,5.844
21510,103.071194,3.848
21511,103.07553,4.336
21512,103.07987,4.34
21513,103.085154,5.284
21514,103.088502,3.348
21515,103.092854,4.352
21516,103.098066,5.212
21517,103.101724,3.658
21518,103.106036,4.312
21519,103.110277,4.241
21520,103.115316,5.039
21521,103.119042,3.726
21522,103.123544,4.502
21523,103.127687,4.143
21524,103.133886,6.199
21525,103.13924,5.354
21526,103.143337,4.097
21527,103.148481,5.144
21528,103.152174,3.693
21529,103.156405,4.231
21530,103.160939,4.534
21531,103.166174,5.235
21532,103.169595,3.421
21533,103.173778,4.183
21534,103.178104,4.326
21535,103.184297,6.193
21536,103.188053,3.756
21537,103.19247,4.417
21538,103.197731,5.261
21539,103.201087,3.356
21540,103.20546,4.373
21541,103.209743,4.283
21542,103.218371,8.628
21543,103.221388,3.017
21544,103.225201,3.813
21545,103.229459,4.258
21546,103.235313,5.854
21547,103.2396,4.287
21548,103.244853,5.253
21549,103.249657,4.804
21550,103.253293,3.636
21551,103.25771,4.417
21552,103.261903,4.193
21553,103.268186,6.283
21554,103.272372,4.186
21555,103.277719,5.347
21556,103.282766,5.047
21557,103.286446,3.68
21558,103.29086,4.414
21559,103.295171,4.311
21560,103.300977,5.806
21561,103.305595,4.618
21562,103.310592,4.997
21563,103.315553,4.961
21564,103.319387,3.834
21565,103.323671,4.284
21566,103.328042,4.371
21567,103.334339,6.297
21568,103.33882,4.481
21569,103.343804,4.984
21570,103.348864,5.06
21571,103.352819,3.955
21572,103.356972,4.153
21573,103.362867,5.895
21574,103.368892,6.025
21575,103.372745,3.853
21576,103.376655,3.91
21577,103.381953,5.298
21578,103.385525,3.572
21579,103.389816,4.291
21580,103.394078,4.262
21581,103.400374,6.296
21582,103.405084,4.71
21583,103.409103,4.019
21584,103.414358,5.255
21585,103.417975,3.617
21586,103.422168,4.193
21587,103.42648,4.312
21588,103.432305,5.825
21589,103.438059,5.754
21590,103.442294,4.235
21591,103.447513,5.219
21592,103.450982,3.469
21593,103.454871,3.889
21594,103.459157,4.286
21595,103.466112,6.955
21596,103.470849,4.737
21597,103.473953,3.104
21598,103.478103,4.15
21599,103.483186,5.083
21600,103.486672,3.486
21601,103.490918,4.246
21602,103.496411,5.493
21603,103.50127,4.859
21604,103.505476,4.206
21605,103.509096,3.62
21606,103.514027,4.931
21607,103.518108,4.081
21608,103.522218,4.11
21609,103.526311,4.093
21610,103.531649,5.338
21611,103.536961,5.312
21612,103.541461,4.5
21613,103.545796,4.335
21614,103.549351,3.555
21615,103.553998,4.647
21616,103.558095,4.097
21617,103.563169,5.074
21618,103.568814,5.645
21619,103.572596,3.782
21620,103.576673,4.077
21621,103.581862,5.189
21622,103.58631,4.448
21623,103.590568,4.258
21624,103.595261,4.693
21625,103.599906,4.645
21626,103.60594,6.034
21627,103.609927,3.987
21628,103.614853,4.926
21629,103.619103,4.25
21630,103.623184,4.081
21631,103.627304,4.12
21632,103.633228,5.924
21633,103.638031,4.803
21634,103.641563,3.532
21635,103.646463,4.9
21636,103.651823,5.36
21637,103.655644,3.821
21638,103.661227,5.583
21639,103.666552,5.325
21640,103.66959,3.038
21641,103.673723,4.133
21642,103.678009,4.286
21643,103.684286,6.277
21644,103.688953,4.667
21645,103.693102,4.149
21646,103.698127,5.025
21647,103.703467,5.34
21648,103.707369,3.902
21649,103.711467,4.098
21650,103.718595,7.128
21651,103.722178,3.583
21652,103.727913,5.735
21653,103.732804,4.891
21654,103.736662,3.858
21655,103.740429,3.767
21656,103.744462,4.033
21657,103.752429,7.967
21658,103.756715,4.286
21659,103.761252,4.537
21660,103.76613,4.878
21661,103.770052,3.922
21662,103.77394,3.888
21663,103.778001,4.061
21664,103.784732,6.731
21665,103.788751,4.019
21666,103.793005,4.254
21667,103.798264,5.259
21668,103.801592,3.328
21669,103.805722,4.13
21670,103.809782,4.06
21671,103.818478,8.696
21672,103.821914,3.436
21673,103.826155,4.241
21674,103.831432,5.277
21675,103.835029,3.597
21676,103.83861,3.581
21677,103.842937,4.327
21678,103.850077,7.14
21679,103.85487,4.793
21680,103.858694,3.824
21681,103.863199,4.505
21682,103.868064,4.865
21683,103.871333,3.269
21684,103.875352,4.019
21685,103.88032,4.968
21686,103.885576,5.256
21687,103.889377,3.801
21688,103.894733,5.356
21689,103.899467,4.734
21690,103.902943,3.476
21691,103.907165,4.222
21692,103.91124,4.075
21693,103.919095,7.855
21694,103.923533,4.438
21695,103.927157,3.624
21696,103.932202,5.045
21697,103.936164,3.962
21698,103.941803,5.639
21699,103.945956,4.153
21700,103.951958,6.002
21701,103.955818,3.86
21702,103.960629,4.811
21703,103.965772,5.143
21704,103.968907,3.135
21705,103.972908,4.001
21706,103.977088,4.18
21707,103.985619,8.531
21708,103.98947,3.851
21709,103.993577,4.107
21710,103.99872,5.143
21711,104.002036,3.316
21712,104.005973,3.937
21713,104.010237,4.264
21714,104.015335,5.098
21715,104.020246,4.911
21716,104.024057,3.811
21717,104.03135,7.293
21718,104.034923,3.573
21719,104.038662,3.739
21720,104.042762,4.1
21721,104.047777,5.015
21722,104.052968,5.191
21723,104.05731,4.342
21724,104.061552,4.242
21725,104.068434,6.882
21726,104.071937,3.503
21727,104.075811,3.874
21728,104.081674,5.863
21729,104.088531,6.857
21730,104.091567,3.036
21731,104.097463,5.896
21732,104.102644,5.181
21733,104.106198,3.554
21734,104.111913,5.715
21735,104.117525,5.612
21736,104.123896,6.371
21737,104.129476,5.58
21738,104.133707,4.231
21739,104.138389,4.682
21740,104.143352,4.963
21741,104.148224,4.872
21742,104.155868,7.644
21743,104.159773,3.905
21744,104.164331,4.558
21745,104.169973,5.642
21746,104.17499,5.017
21747,104.178436,3.446
21748,104.184432,5.996
21749,104.191408,6.976
21750,104.194756,3.348
21751,104.205908,11.152
21752,104.211326,5.418
21753,104.215285,3.959
21754,104.220995,5.71
21755,104.22576,4.765
21756,104.229355,3.595
21757,104.235249,5.894
21758,104.240292,5.043
21759,104.243887,3.595
21760,104.250044,6.157
21761,104.255191,5.147
21762,104.259089,3.898
21763,104.264714,5.625
21764,104.26965,4.936
21765,104.273297,3.647
21766,104.279234,5.937
21767,104.284213,4.979
21768,104.28799,3.777
21769,104.292191,4.201
21770,104.298092,5.901
21771,104.303299,5.207
21772,104.307311,4.012
21773,104.311659,4.348
21774,104.31859,6.931
21775,104.322573,3.983
21776,104.327031,4.458
21777,104.336511,9.48
21778,104.34214,5.629
21779,104.348259,6.119
21780,104.354116,5.857
21781,104.358283,4.167
21782,104.362409,4.126
21783,104.368829,6.42
21784,104.372431,3.602
21785,104.376821,4.39
21786,104.38346,6.639
21787,104.389397,5.937
21788,104.393502,4.105
21789,104.399037,5.535
21790,104.402924,3.887
21791,104.406894,3.97
21792,104.411082,4.188
21793,104.41806,6.978
21794,104.422757,4.697
21795,104.426502,3.745
21796,104.431535,5.033
21797,104.436729,5.194
21798,104.441104,4.375
21799,104.446287,5.183
21800,104.451758,5.471
21801,104.455766,4.008
21802,104.460296,4.53
21803,104.466916,6.62
21804,104.470382,3.466
21805,104.47476,4.378
21806,104.481486,6.726
21807,104.485357,3.871
21808,104.489153,3.796
21809,104.494118,4.965
21810,104.498185,4.067
21811,104.503856,5.671
21812,104.507406,3.55
21813,104.513869,6.463
21814,104.5193,5.431
21815,104.523542,4.242
21816,104.529554,6.012
21817,104.539248,9.694
21818,104.544834,5.586
21819,104.551613,6.779
21820,104.557592,5.979
21821,104.561543,3.951
21822,104.56772,6.177
21823,104.57269,4.97
21824,104.576679,3.989
21825,104.584224,7.545
21826,104.590034,5.81
21827,104.594223,4.189
21828,104.601434,7.211
21829,104.608411,6.977
21830,104.615245,6.834
21831,104.622352,7.107
21832,104.626824,4.472
21833,104.631027,4.203
21834,104.636768,5.741
21835,104.640971,4.203
21836,104.644949,3.978
21837,104.64996,5.011
21838,104.655041,5.081
21839,104.659599,4.558
21840,104.66679,7.191
21841,104.67043,3.64
21842,104.674702,4.272
21843,104.681323,6.621
21844,104.685246,3.923
21845,104.691245,5.999
21846,104.695552,4.307
21847,104.70117,5.618
21848,104.705885,4.715
21849,104.710224,4.339
21850,104.71785,7.626
21851,104.720857,3.007
21852,104.725344,4.487
21853,104.731948,6.604
21854,104.736868,4.92
21855,104.741982,5.114
21856,104.746385,4.403
21857,104.751441,5.056
21858,104.756501,5.06
21859,104.760979,4.478
21860,104.768281,7.302
21861,104.771856,3.575
21862,104.775991,4.135
21863,104.78246,6.469
21864,104.786109,3.649
21865,104.792526,6.417
21866,104.798203,5.677
21867,104.802094,3.891
21868,104.807201,5.107
21869,104.811568,4.367
21870,104.818844,7.276
21871,104.822635,3.791
21872,104.826971,4.336
21873,104.83467,7.699
21874,104.838967,4.297
21875,104.843736,4.769
21876,104.848993,5.257
21877,104.852852,3.859
21878,104.858596,5.744
21879,104.864234,5.638
21880,104.869431,5.197
21881,104.874155,4.724
21882,104.878435,4.28
21883,104.88442,5.985
21884,104.888009,3.589
21885,104.894515,6.506
21886,104.900836,6.321
21887,104.90492,4.084
21888,104.909296,4.376
21889,104.915003,5.707
21890,104.92007,5.067
21891,104.924628,4.558
21892,104.929524,4.896
21893,104.936243,6.719
21894,104.941914,5.671
21895,104.945923,4.009
21896,104.951257,5.334
21897,104.954806,3.549
21898,104.9606,5.794
21899,104.967612,7.012
21900,104.971292,3.68
21901,104.975751,4.459
21902,104.981157,5.406
21903,104.985922,4.765
21904,104.990382,4.46
21905,104.999701,9.319
21906,105.003039,3.338
21907,105.00752,4.481
21908,105.014331,6.811
21909,105.018214,3.883
21910,105.023843,5.629
21911,105.028109,4.266
21912,105.03448,6.371
21913,105.039425,4.945
21914,105.043893,4.468
21915,105.051051,7.158
21916,105.05456,3.509
21917,105.058989,4.429
21918,105.064857,5.868
21919,105.068862,4.005
21920,105.074423,5.561
21921,105.078943,4.52
21922,105.084182,5.239
21923,105.088091,3.909
21924,105.092296,4.205
21925,105.099852,7.556
21926,105.103641,3.789
21927,105.10744,3.799
21928,105.113523,6.083
21929,105.117204,3.681
21930,105.123036,5.832
21931,105.127289,4.253
21932,105.13246,5.171
21933,105.136608,4.148
21934,105.140808,4.2
21935,105.148033,7.225
21936,105.152429,4.396
21937,105.157977,5.548
21938,105.164955,6.978
21939,105.168778,3.823
21940,105.173713,4.935
21941,105.177824,4.111
21942,105.182947,5.123
21943,105.187167,4.22
21944,105.191386,4.219
21945,105.198832,7.446
21946,105.202061,3.229
21947,105.206318,4.257
21948,105.212128,5.81
21949,105.216044,3.916
21950,105.221637,5.593
21951,105.225889,4.252
21952,105.231086,5.197
21953,105.235068,3.982
21954,105.23944,4.372
21955,105.246505,7.065
21956,105.250519,4.014
21957,105.254466,3.947
21958,105.259686,5.22
21959,105.263496,3.81
21960,105.269522,6.026
21961,105.273945,4.423
21962,105.278888,4.943
21963,105.283032,4.144
21964,105.287356,4.324
21965,105.294172,6.816
21966,105.297965,3.793
21967,105.302239,4.274
21968,105.30761,5.371
21969,105.310965,3.355
21970,105.317254,6.289
21971,105.321909,4.655
21972,105.327507,5.598
21973,105.331561,4.054
21974,105.335498,3.937
21975,105.342467,6.969
21976,105.346093,3.626
21977,105.350437,4.344
21978,105.354613,4.176
21979,105.359386,4.773
21980,105.364867,5.481
21981,105.368994,4.127
21982,105.374269,5.275
21983,105.37799,3.721
21984,105.382001,4.011
21985,105.388094,6.093
21986,105.393022,4.928
21987,105.396761,3.739
21988,105.401023,4.262
21989,105.40622,5.197
21990,105.411411,5.191
21991,105.415817,4.406
21992,105.421218,5.401
21993,105.425702,4.484
21994,105.428904,3.202
21995,105.434822,5.918
21996,105.43985,5.028
21997,105.443758,3.908
21998,105.448316,4.558
21999,105.452491,4.175
22000,105.459232,6.741
22001,105.463032,3.8
22002,105.467174,4.142
22003,105.471461,4.287
22004,105.476448,4.987
22005,105.482129,5.681
22006,105.486331,4.202
22007,105.491265,4.934
22008,105.49517,3.905
22009,105.499485,4.315
22010,105.505666,6.181
22011,105.510362,4.696
22012,105.514455,4.093
22013,105.521825,7.37
22014,105.526143,4.318
22015,105.530957,4.814
22016,105.534701,3.744
22017,105.538656,3.955
22018,105.543801,5.145
22019,105.548134,4.333
22020,105.553713,5.579
22021,105.557839,4.126
22022,105.563195,5.356
22023,105.566837,3.642
22024,105.570884,4.047
22025,105.576946,6.062
22026,105.582235,5.289
22027,105.586063,3.828
22028,105.589818,3.755
22029,105.594789,4.971
22030,105.599811,5.022
22031,105.603493,3.682
22032,105.607643,4.15
22033,105.61296,5.317
22034,105.618339,5.379
22035,105.622837,4.498
22036,105.626829,3.992
22037,105.632472,5.643
22038,105.639727,7.255
22039,105.643976,4.249
22040,105.651207,7.231
22041,105.65431,3.103
22042,105.658475,4.165
22043,105.662896,4.421
22044,105.668033,5.137
22045,105.6732,5.167
22046,105.677474,4.274
22047,105.682614,5.14
22048,105.68635,3.736
22049,105.690327,3.977
22050,105.69646,6.133
22051,105.701282,4.822
22052,105.704859,3.577
22053,105.709199,4.34
22054,105.714479,5.28
22055,105.718342,3.863
22056,105.722115,3.773
22057,105.726487,4.372
22058,105.732756,6.269
22059,105.737447,4.691
22060,105.742199,4.752
22061,105.747537,5.338
22062,105.751164,3.627
22063,105.755425,4.261
22064,105.759696,4.271
22065,105.766939,7.243
22066,105.770263,3.324
22067,105.774581,4.318
22068,105.779245,4.664
22069,105.784312,5.067
22070,105.789749,5.437
22071,105.794667,4.918
22072,105.799504,4.837
22073,105.803644,4.14
22074,105.809818,6.174
22075,105.815975,6.157
22076,105.820849,4.874
22077,105.825428,4.579
22078,105.830893,5.465
22079,105.836502,5.609
22080,105.841446,4.944
22081,105.845705,4.259
22082,105.849905,4.2
22083,105.854892,4.987
22084,105.859562,4.67
22085,105.863519,3.957
22086,105.868448,4.929
22087,105.872084,3.636
22088,105.876311,4.227
22089,105.880811,4.5
22090,105.886193,5.382
22091,105.889598,3.405
22092,105.893874,4.276
22093,105.899582,5.708
22094,105.904429,4.847
22095,105.910169,5.74
22096,105.914465,4.296
22097,105.919281,4.816
22098,105.922666,3.385
22099,105.927067,4.401
22100,105.932149,5.082
22101,105.939324,7.175
22102,105.942246,2.922
22103,105.945667,3.421
22104,105.951875,6.208
22105,105.95691,5.035
22106,105.960876,3.966
22107,105.966486,5.61
22108,105.970002,3.516
22109,105.974078,4.076
22110,105.980119,6.041
22111,105.98488,4.761
22112,105.988202,3.322
22113,105.99344,5.238
22114,106.001427,7.987
22115,106.005424,3.997
22116,106.008913,3.489
22117,106.013161,4.248
22118,106.018246,5.085
22119,106.021586,3.34
22120,106.027691,6.105
22121,106.032939,5.248
22122,106.039006,6.067
22123,106.042325,3.319
22124,106.04681,4.485
22125,106.053295,6.485
22126,106.056616,3.321
22127,106.060975,4.359
22128,106.066185,5.21
22129,106.069476,3.291
22130,106.075236,5.76
22131,106.079627,4.391
22132,106.084469,4.842
22133,106.087884,3.415
22134,106.092277,4.393
22135,106.099731,7.454
22136,106.10449,4.759
22137,106.108685,4.195
22138,106.113243,4.558
22139,106.117878,4.635
22140,106.12323,5.352
22141,106.127301,4.071
22142,106.133592,6.291
22143,106.138235,4.643
22144,106.142308,4.073
22145,106.148313,6.005
22146,106.15318,4.867
22147,106.15676,3.58
22148,106.160923,4.163
22149,106.166076,5.153
22150,106.171051,4.975
22151,106.175233,4.182
22152,106.179782,4.549
22153,106.187029,7.247
22154,106.19063,3.601
22155,106.196653,6.023
22156,106.201866,5.213
22157,106.205204,3.338
22158,106.209635,4.431
22159,106.213907,4.272
22160,106.220457,6.55
22161,106.224431,3.974
22162,106.2288,4.369
22163,106.234128,5.328
22164,106.237527,3.399
22165,106.243449,5.922
22166,106.247816,4.367
22167,106.254051,6.235
22168,106.257702,3.651
22169,106.26286,5.158
22170,106.269116,6.256
22171,106.272544,3.428
22172,106.276743,4.199
22173,106.281167,4.424
22174,106.28616,4.993
22175,106.291135,4.975
22176,106.295435,4.3
22177,106.301435,6.0
22178,106.304744,3.309
22179,106.308374,3.63
22180,106.316701,8.327
22181,106.322145,5.444
22182,106.325082,2.937
22183,106.329642,4.56
22184,106.334957,5.315
22185,106.339822,4.865
22186,106.344201,4.379
22187,106.348951,4.75
22188,106.354335,5.384
22189,106.357768,3.433
22190,106.363249,5.481
22191,106.368121,4.872
22192,106.371737,3.616
22193,106.375957,4.22
22194,106.38091,4.953
22195,106.385499,4.589
22196,106.388848,3.349
22197,106.393175,4.327
22198,106.399953,6.778
22199,106.403527,3.574
22200,106.408784,5.257
22201,106.413112,4.328
22202,106.421109,7.997
22203,106.424645,3.536
22204,106.430362,5.717
22205,106.436689,6.327
22206,106.440224,3.535
22207,106.44451,4.286
22208,106.448869,4.359
22209,106.456156,7.287
22210,106.459971,3.815
22211,106.464081,4.11
22212,106.468634,4.553
22213,106.472473,3.839
22214,106.478254,5.781
22215,106.483618,5.364
22216,106.488241,4.623
22217,106.491584,3.343
22218,106.495127,3.543
22219,106.500641,5.514
22220,106.504343,3.702
22221,106.50767,3.327
22222,106.511985,4.315
22223,106.518604,6.619
22224,106.523182,4.578
22225,106.526619,3.437
22226,106.531887,5.268
22227,106.535346,3.459
22228,106.539259,3.913
22229,106.543257,3.998
22230,106.549821,6.564
22231,106.553012,3.191
22232,106.556872,3.86
22233,106.560984,4.112
22234,106.567267,6.283
22235,106.570644,3.377
22236,106.576658,6.014
22237,106.581389,4.731
22238,106.584828,3.439
22239,106.58898,4.152
22240,106.593041,4.061
22241,106.599575,6.534
22242,106.602524,2.949
22243,106.607979,5.455
22244,106.612159,4.18
22245,106.61845,6.291
22246,106.622485,4.035
22247,106.626519,4.034
22248,106.631657,5.138
22249,106.634886,3.229
22250,106.639086,4.2
22251,106.643347,4.261
22252,106.649114,5.767
22253,106.652088,2.974
22254,106.657882,5.794
22255,106.662121,4.239
22256,106.667941,5.82
22257,106.671397,3.456
22258,106.675407,4.01
22259,106.680503,5.096
22260,106.68375,3.247
22261,106.688017,4.267
22262,106.692088,4.071
22263,106.697916,5.828
22264,106.701416,3.5
22265,106.706966,5.55
22266,106.711143,4.177
22267,106.716505,5.362
22268,106.721927,5.422
22269,106.725561,3.634
22270,106.730907,5.346
22271,106.735053,4.146
22272,106.73846,3.407
22273,106.742542,4.082
22274,106.748794,6.252
22275,106.751959,3.165
22276,106.758287,6.328
22277,106.762505,4.218
22278,106.767216,4.711
22279,106.77098,3.764
22280,106.774947,3.967
22281,106.780221,5.274
22282,106.783724,3.503
22283,106.789313,5.589
22284,106.79338,4.067
22285,106.800272,6.892
22286,106.803993,3.721
22287,106.808914,4.921
22288,106.815698,6.784
22289,106.820014,4.316
22290,106.824842,4.828
22291,106.829179,4.337
22292,106.833953,4.774
22293,106.83742,3.467
22294,106.843409,5.989
22295,106.848909,5.5
22296,106.853803,4.894
22297,106.857898,4.095
22298,106.862144,4.246
22299,106.867067,4.923
22300,106.870686,3.619
22301,106.874956,4.27
22302,106.879097,4.141
22303,106.884723,5.626
22304,106.888735,4.012
22305,106.893507,4.772
22306,106.898591,5.084
22307,106.90195,3.359
22308,106.906206,4.256
22309,106.91034,4.134
22310,106.919841,9.501
22311,106.92366,3.819
22312,106.927232,3.572
22313,106.932386,5.154
22314,106.937551,5.165
22315,106.942633,5.082
22316,106.948023,5.39
22317,106.952994,4.971
22318,106.956674,3.68
22319,106.96071,4.036
22320,106.965821,5.111
22321,106.9693,3.479
22322,106.973558,4.258
22323,106.979682,6.124
22324,106.984493,4.811
22325,106.989833,5.34
22326,106.994153,4.32
22327,106.999239,5.086
22328,107.002548,3.309
22329,107.006773,4.225
22330,107.01138,4.607
22331,107.016881,5.501
22332,107.021252,4.371
22333,107.02607,4.818
22334,107.03308,7.01
22335,107.036562,3.482
22336,107.042595,6.033
22337,107.047204,4.609
22338,107.051621,4.417
22339,107.055368,3.747
22340,107.059596,4.228
22341,107.065315,5.719
22342,107.068692,3.377
22343,107.074746,6.054
22344,107.079219,4.473
22345,107.08576,6.541
22346,107.089513,3.753
22347,107.093522,4.009
22348,107.098603,5.081
22349,107.102075,3.472
22350,107.106349,4.274
22351,107.11061,4.261
22352,107.118001,7.391
22353,107.12202,4.019
22354,107.127629,5.609
22355,107.132957,5.328
22356,107.138184,5.227
22357,107.142586,4.402
22358,107.147215,4.629
22359,107.151772,4.557
22360,107.155383,3.611
22361,107.159612,4.229
22362,107.165001,5.389
22363,107.170177,5.176
22364,107.17413,3.953
22365,107.180659,6.529
22366,107.185459,4.8
22367,107.189012,3.553
22368,107.19317,4.158
22369,107.199577,6.407
22370,107.20261,3.033
22371,107.206606,3.996
22372,107.2111,4.494
22373,107.217811,6.711
22374,107.222814,5.003
22375,107.226433,3.619
22376,107.233553,7.12
22377,107.236996,3.443
22378,107.241388,4.392
22379,107.245845,4.457
22380,107.251057,5.212
22381,107.254709,3.652
22382,107.258632,3.923
22383,107.266212,7.58
22384,107.270093,3.881
22385,107.275214,5.121
22386,107.279616,4.402
22387,107.284577,4.961
22388,107.28819,3.613
22389,107.29245,4.26
22390,107.299661,7.211
22391,107.303969,4.308
22392,107.30654,2.571
22393,107.311023,4.483
22394,107.316355,5.332
22395,107.319963,3.608
22396,107.326107,6.144
22397,107.331424,5.317
22398,107.336062,4.638
22399,107.340735,4.673
22400,107.346189,5.454
22401,107.350996,4.807
22402,107.354551,3.555
22403,107.360586,6.035
22404,107.367058,6.472
22405,107.370661,3.603
22406,107.375909,5.248
22407,107.380388,4.479
22408,107.385383,4.995
22409,107.389093,3.71
22410,107.393479,4.386
22411,107.399923,6.444
22412,107.404925,5.002
22413,107.408835,3.91
22414,107.415861,7.026
22415,107.420643,4.782
22416,107.425697,5.054
22417,107.430265,4.568
22418,107.43498,4.715
22419,107.438667,3.687
22420,107.443073,4.406
22421,107.44976,6.687
22422,107.45445,4.69
22423,107.45978,5.33
22424,107.464828,5.048
22425,107.470919,6.091
22426,107.474374,3.455
22427,107.479254,4.88
22428,107.484057,4.803
22429,107.488524,4.467
22430,107.491799,3.275
22431,107.496029,4.23
22432,107.501803,5.774
22433,107.505366,3.563
22434,107.511414,6.048
22435,107.51824,6.826
22436,107.523094,4.854
22437,107.526368,3.274
22438,107.530891,4.523
22439,107.535639,4.748
22440,107.539558,3.919
22441,107.544925,5.367
22442,107.551925,7.0
22443,107.557774,5.849
22444,107.561217,3.443
22445,107.567209,5.992
22446,107.572688,5.479
22447,107.576074,3.386
22448,107.583691,7.617
22449,107.589426,5.735
22450,107.592987,3.561
22451,107.598169,5.182
22452,107.606643,8.474
22453,107.609853,3.21
22454,107.614918,5.065
22455,107.622688,7.77
22456,107.628217,5.529
22457,107.636743,8.526
22458,107.64099,4.247
22459,107.646061,5.071
22460,107.653068,7.007
22461,107.657272,4.204
22462,107.66081,3.538
22463,107.668022,7.212
22464,107.674131,6.109
22465,107.679141,5.01
22466,107.686184,7.043
22467,107.691371,5.187
22468,107.695886,4.515
22469,107.703866,7.98
22470,107.708691,4.825
22471,107.715119,6.428
22472,107.718815,3.696
22473,107.725158,6.343
22474,107.730963,5.805
22475,107.736902,5.939
22476,107.742454,5.552
22477,107.748218,5.764
22478,107.752635,4.417
22479,107.757579,4.944
22480,107.760806,3.227
22481,107.769296,8.49
22482,107.77398,4.684
22483,107.777692,3.712
22484,107.782626,4.934
22485,107.789403,6.777
22486,107.793072,3.669
22487,107.796733,3.661
22488,107.803743,7.01
22489,107.807756,4.013
22490,107.812125,4.369
22491,107.8171,4.975
22492,107.820613,3.513
22493,107.824776,4.163
22494,107.832508,7.732
22495,107.837165,4.657
22496,107.841259,4.094
22497,107.845365,4.106
22498,107.849964,4.599
22499,107.85359,3.626
22500,107.857727,4.137
22501,107.866466,8.739
22502,107.870527,4.061
22503,107.874363,3.836
22504,107.879557,5.194
22505,107.884483,4.926
22506,107.88846,3.977
22507,107.892703,4.243
22508,107.898557,5.854
22509,107.903381,4.824
22510,107.907678,4.297
22511,107.91257,4.892
22512,107.916189,3.619
22513,107.920241,4.052
22514,107.926966,6.725
22515,107.930926,3.96
22516,107.935618,4.692
22517,107.940821,5.203
22518,107.945944,5.123
22519,107.949223,3.279
22520,107.95337,4.147
22521,107.958119,4.749
22522,107.962204,4.085
22523,107.968399,6.195
22524,107.972689,4.29
22525,107.97829,5.601
22526,107.982311,4.021
22527,107.986242,3.931
22528,107.991089,4.847
22529,107.994757,3.668
22530,107.99916,4.403
22531,108.003172,4.012
22532,108.007844,4.672
22533,108.011513,3.669
22534,108.017748,6.235
22535,108.023396,5.648
22536,108.026595,3.199
22537,108.031065,4.47
22538,108.035005,3.94
22539,108.039823,4.818
22540,108.043346,3.523
22541,108.049242,5.896
22542,108.055558,6.316
22543,108.062551,6.993
22544,108.068357,5.806
22545,108.071764,3.407
22546,108.079419,7.655
22547,108.087922,8.503
22548,108.091015,3.093
22549,108.095375,4.36
22550,108.100079,4.704
22551,108.103501,3.422
22552,108.107686,4.185
22553,108.112317,4.631
22554,108.119586,7.269
22555,108.1241,4.514
22556,108.128131,4.031
22557,108.133458,5.327
22558,108.137392,3.934
22559,108.142519,5.127
22560,108.151033,8.514
22561,108.157978,6.945
22562,108.161459,3.481
22563,108.166605,5.146
22564,108.171857,5.252
22565,108.175229,3.372
22566,108.179418,4.189
22567,108.183976,4.558
22568,108.188205,4.229
22569,108.191447,3.242
22570,108.195988,4.541
22571,108.202993,7.005
22572,108.207006,4.013
22573,108.210582,3.576
22574,108.21742,6.838
22575,108.222596,5.176
22576,108.225925,3.329
22577,108.23003,4.105
22578,108.234925,4.895
22579,108.238431,3.506
22580,108.242537,4.106
22581,108.247778,5.241
22582,108.254526,6.748
22583,108.257631,3.105
22584,108.261259,3.628
22585,108.266514,5.255
22586,108.269859,3.345
22587,108.274082,4.223
22588,108.278181,4.099
22589,108.283549,5.368
22590,108.287108,3.559
22591,108.291187,4.079
22592,108.295422,4.235
22593,108.300506,5.084
22594,108.304479,3.973
22595,108.308567,4.088
22596,108.313593,5.026
22597,108.318508,4.915
22598,108.322628,4.12
22599,108.327675,5.047
22600,108.332654,4.979
22601,108.336068,3.414
22602,108.340248,4.18
22603,108.344649,4.401
22604,108.350598,5.949
22605,108.354079,3.481
22606,108.358169,4.09
22607,108.363245,5.076
22608,108.367162,3.917
22609,108.371446,4.284
22610,108.375678,4.232
22611,108.381615,5.937
22612,108.385312,3.697
22613,108.388686,3.374
22614,108.392967,4.281
22615,108.399359,6.392
22616,108.402587,3.228
22617,108.406704,4.117
22618,108.41192,5.216
22619,108.417432,5.512
22620,108.421689,4.257
22621,108.424999,3.31
22622,108.429874,4.875
22623,108.434116,4.242
22624,108.437919,3.803
22625,108.442177,4.258
22626,108.447163,4.986
22627,108.453848,6.685
22628,108.45802,4.172
22629,108.46302,5.0
22630,108.468601,5.581
22631,108.472453,3.852
22632,108.477104,4.651
22633,108.483981,6.877
22634,108.488665,4.684
22635,108.492924,4.259
22636,108.499977,7.053
22637,108.505994,6.017
22638,108.509505,3.511
22639,108.51556,6.055
22640,108.519741,4.181
22641,108.525381,5.64
22642,108.530631,5.25
22643,108.539535,8.904
22644,108.547127,7.592
22645,108.551389,4.262
22646,108.555689,4.3
22647,108.5591,3.411
22648,108.563245,4.145
22649,108.567474,4.229
22650,108.572771,5.297
22651,108.576516,3.745
22652,108.581666,5.15
22653,108.587616,5.95
22654,108.591766,4.15
22655,108.59645,4.684
22656,108.601232,4.782
22657,108.604762,3.53
22658,108.609139,4.377
22659,108.613444,4.305
22660,108.621137,7.693
22661,108.624486,3.349
22662,108.629121,4.635
22663,108.63665,7.529
22664,108.640357,3.707
22665,108.646037,5.68
22666,108.651125,5.088
22667,108.654848,3.723
22668,108.659471,4.623
22669,108.663689,4.218
22670,108.669239,5.55
22671,108.672352,3.113
22672,108.676918,4.566
22673,108.681947,5.029
22674,108.686497,4.55
22675,108.690036,3.539
22676,108.694588,4.552
22677,108.69931,4.722
22678,108.703133,3.823
22679,108.707484,4.351
22680,108.713608,6.124
22681,108.716944,3.336
22682,108.721606,4.662
22683,108.725598,3.992
22684,108.732337,6.739
22685,108.736527,4.19
22686,108.741556,5.029
22687,108.746867,5.311
22688,108.750326,3.459
22689,108.754611,4.285
22690,108.75896,4.349
22691,108.764061,5.101
22692,108.767579,3.518
22693,108.771537,3.958
22694,108.776882,5.345
22695,108.780985,4.103
22696,108.784646,3.661
22697,108.788695,4.049
22698,108.794793,6.098
22699,108.799233,4.44
22700,108.803661,4.428
22701,108.808754,5.093
22702,108.812017,3.263
22703,108.816238,4.221
22704,108.820439,4.201
22705,108.825672,5.233
22706,108.828945,3.273
22707,108.832927,3.982
22708,108.837712,4.785
22709,108.842843,5.131
22710,108.84771,4.867
22711,108.851239,3.529
22712,108.856334,5.095
22713,108.859864,3.53
22714,108.8639,4.036
22715,108.867887,3.987
22716,108.872716,4.829
22717,108.876317,3.601
22718,108.881876,5.559
22719,108.885858,3.982
22720,108.89088,5.022
22721,108.894638,3.758
22722,108.899968,5.33
22723,108.903621,3.653
22724,108.908482,4.861
22725,108.912417,3.935
22726,108.917183,4.766
22727,108.921246,4.063
22728,108.926059,4.813
22729,108.933865,7.806
22730,108.938145,4.28
22731,108.942793,4.648
22732,108.94918,6.387
22733,108.952394,3.214
22734,108.956676,4.282
22735,108.961035,4.359
22736,108.967067,6.032
22737,108.970358,3.291
22738,108.974623,4.265
22739,108.979204,4.581
22740,108.98434,5.136
22741,108.987639,3.299
22742,108.992083,4.444
22743,108.996596,4.513
22744,109.001764,5.168
22745,109.004932,3.168
22746,109.009284,4.352
22747,109.014317,5.033
22748,109.018129,3.812
22749,109.022335,4.206
22750,109.026638,4.303
22751,109.032773,6.135
22752,109.035952,3.179
22753,109.039503,3.551
22754,109.0441,4.597
22755,109.050709,6.609
22756,109.054872,4.163
22757,109.059224,4.352
22758,109.064985,5.761
22759,109.068396,3.411
22760,109.071803,3.407
22761,109.07816,6.357
22762,109.082871,4.711
22763,109.087952,5.081
22764,109.092096,4.144
22765,109.09739,5.294
22766,109.103083,5.693
22767,109.106376,3.293
22768,109.111757,5.381
22769,109.116113,4.356
22770,109.121413,5.3
22771,109.125441,4.028
22772,109.130047,4.606
22773,109.135505,5.458
22774,109.139071,3.566
22775,109.143458,4.387
22776,109.147707,4.249
22777,109.155914,8.207
22778,109.159182,3.268
22779,109.162449,3.267
22780,109.167155,4.706
22781,109.172706,5.551
22782,109.177395,4.689
22783,109.182806,5.411
22784,109.187677,4.871
22785,109.191197,3.52
22786,109.195544,4.347
22787,109.201764,6.22
22788,109.208222,6.458
22789,109.214139,5.917
22790,109.218698,4.559
22791,109.225469,6.771
22792,109.233916,8.447
22793,109.242536,8.62
22794,109.250861,8.325
22795,109.256665,5.804
22796,109.260812,4.147
22797,109.266475,5.663
22798,109.271398,4.923
22799,109.274785,3.387
22800,109.282179,7.394
22801,109.285404,3.225
22802,109.292532,7.128
22803,109.299815,7.283
22804,109.304119,4.304
22805,109.310037,5.918
22806,109.317727,7.69
22807,109.32457,6.843
22808,109.338875,14.305
22809,109.350331,11.456
22810,109.361448,11.117
22811,109.366044,4.596
22812,109.370972,4.928
22813,109.374563,3.591
22814,109.379432,4.869
22815,109.388498,9.066
22816,109.397323,8.825
22817,109.40245,5.127
22818,109.406612,4.162
22819,109.411505,4.893
22820,109.416203,4.698
22821,109.421396,5.193
22822,109.428081,6.685
22823,109.433532,5.451
22824,109.438175,4.643
22825,109.442775,4.6
22826,109.447128,4.353
22827,109.451532,4.404
22828,109.456259,4.727
22829,109.459983,3.724
22830,109.465548,5.565
22831,109.470434,4.886
22832,109.476027,5.593
22833,109.481101,5.074
22834,109.48454,3.439
22835,109.489381,4.841
22836,109.492867,3.486
22837,109.497509,4.642
22838,109.501167,3.658
22839,109.504825,3.658
22840,109.509973,5.148
22841,109.514168,4.195
22842,109.517316,3.148
22843,109.522995,5.679
22844,109.529448,6.453
22845,109.534187,4.739
22846,109.539877,5.69
22847,109.544677,4.8
22848,109.548774,4.097
22849,109.551865,3.091
22850,109.558247,6.382
22851,109.562276,4.029
22852,109.567034,4.758
22853,109.56994,2.906
22854,109.573547,3.607
22855,109.579053,5.506
22856,109.584972,5.919
22857,109.589523,4.551
22858,109.593959,4.436
22859,109.598085,4.126
22860,109.602471,4.386
22861,109.607593,5.122
22862,109.611957,4.364
22863,109.617,5.043
22864,109.622227,5.227
22865,109.625831,3.604
22866,109.634885,9.054
22867,109.640735,5.85
22868,109.647322,6.587
22869,109.653035,5.713
22870,109.658496,5.461
22871,109.665358,6.862
22872,109.669321,3.963
22873,109.679135,9.814
22874,109.683873,4.738
22875,109.687551,3.678
22876,109.696352,8.801
22877,109.70033,3.978
22878,109.703988,3.658
22879,109.71054,6.552
22880,109.715144,4.604
22881,109.726573,11.429
22882,109.732034,5.461
22883,109.737306,5.272
22884,109.747575,10.269
22885,109.752932,5.357
22886,109.757429,4.497
22887,109.760913,3.484
22888,109.764794,3.881
22889,109.769544,4.75
22890,109.772831,3.287
22891,109.777404,4.573
22892,109.782724,5.32
22893,109.785872,3.148
22894,109.790583,4.711
22895,109.795071,4.488
22896,109.799222,4.151
22897,109.802664,3.442
22898,109.807711,5.047
22899,109.811227,3.516
22900,109.816557,5.33
22901,109.821012,4.455
22902,109.82514,4.128
22903,109.830326,5.186
22904,109.833676,3.35
22905,109.838032,4.356
22906,109.844856,6.824
22907,109.848645,3.789
22908,109.854286,5.641
22909,109.858158,3.872
22910,109.863725,5.567
22911,109.866765,3.04
22912,109.870598,3.833
22913,109.874689,4.091
22914,109.882464,7.775
22915,109.88681,4.346
22916,109.890529,3.719
22917,109.895135,4.606
22918,109.900042,4.907
22919,109.903064,3.022
22920,109.907341,4.277
22921,109.916612,9.271
22922,109.923679,7.067
22923,109.92917,5.491
22924,109.93348,4.31
22925,109.938462,4.982
22926,109.942581,4.119
22927,109.946763,4.182
22928,109.950553,3.79
22929,109.955434,4.881
22930,109.959548,4.114
22931,109.963524,3.976
22932,109.968349,4.825
22933,109.971974,3.625
22934,109.976591,4.617
22935,109.98274,6.149
22936,109.987519,4.779
22937,109.991161,3.642
22938,109.995373,4.212
22939,109.999609,4.236
22940,110.004462,4.853
22941,110.008234,3.772
22942,110.01398,5.746
22943,110.019248,5.268
22944,110.023806,4.558
22945,110.029288,5.482
22946,110.037347,8.059
22947,110.041233,3.886
22948,110.045168,3.935
22949,110.049019,3.851
22950,110.053267,4.248
22951,110.058212,4.945
22952,110.062034,3.822
22953,110.066188,4.154
22954,110.071184,4.996
22955,110.074756,3.572
22956,110.079934,5.178
22957,110.084697,4.763
22958,110.088369,3.672
22959,110.09212,3.751
22960,110.097989,5.869
22961,110.102186,4.197
22962,110.107129,4.943
22963,110.111675,4.546
22964,110.115089,3.414
22965,110.120296,5.207
22966,110.123602,3.306
22967,110.128496,4.894
22968,110.132668,4.172
22969,110.137979,5.311
22970,110.143181,5.202
22971,110.146854,3.673
22972,110.150639,3.785
22973,110.156038,5.399
22974,110.159186,3.148
22975,110.165179,5.993
22976,110.170338,5.159
22977,110.174004,3.666
22978,110.178535,4.531
22979,110.182663,4.128
22980,110.188989,6.326
22981,110.192254,3.265
22982,110.19886,6.606
22983,110.203219,4.359
22984,110.208078,4.859
22985,110.212091,4.013
22986,110.216307,4.216
22987,110.221838,5.531
22988,110.224804,2.966
22989,110.233174,8.37
22990,110.239301,6.127
22991,110.246123,6.822
22992,110.250851,4.728
22993,110.257754,6.903
22994,110.261926,4.172
22995,110.26628,4.354
22996,110.271225,4.945
22997,110.27493,3.705
22998,110.27983,4.9
22999,110.286252,6.422
23000,110.289769,3.517
23001,110.295178,5.409
23002,110.30134,6.162
23003,110.304322,2.982
23004,110.312189,7.867
23005,110.316035,3.846
23006,110.320042,4.007
23007,110.32516,5.118
23008,110.334018,8.858
23009,110.338271,4.253
23010,110.34146,3.189
23011,110.345537,4.077
23012,110.350445,4.908
23013,110.353794,3.349
23014,110.357686,3.892
23015,110.364118,6.432
23016,110.367281,3.163
23017,110.372376,5.095
23018,110.377449,5.073
23019,110.38103,3.581
23020,110.384482,3.452
23021,110.388499,4.017
23022,110.394751,6.252
23023,110.402028,7.277
23024,110.40488,2.852
23025,110.409125,4.245
23026,110.414377,5.252
23027,110.417569,3.192
23028,110.423441,5.872
23029,110.427585,4.144
23030,110.432304,4.719
23031,110.437547,5.243
23032,110.442537,4.99
23033,110.448203,5.666
23034,110.45421,6.007
23035,110.457902,3.692
23036,110.462234,4.332
23037,110.466359,4.125
23038,110.4701,3.741
23039,110.474841,4.741
23040,110.481265,6.424
23041,110.485126,3.861
23042,110.489855,4.729
23043,110.493736,3.881
23044,110.497188,3.452
23045,110.501209,4.021
23046,110.50596,4.751
23047,110.50968,3.72
23048,110.516555,6.875
23049,110.521414,4.859
23050,110.525038,3.624
23051,110.530028,4.99
23052,110.534615,4.587
23053,110.539911,5.296
23054,110.543141,3.23
23055,110.548578,5.437
23056,110.552908,4.33
23057,110.556961,4.053
23058,110.56129,4.329
23059,110.564793,3.503
23060,110.569734,4.941
23061,110.574002,4.268
23062,110.577843,3.841
23063,110.583687,5.844
23064,110.587532,3.845
23065,110.59243,4.898
23066,110.596672,4.242
23067,110.600405,3.733
23068,110.604526,4.121
23069,110.61146,6.934
23070,110.615657,4.197
23071,110.620901,5.244
23072,110.624563,3.662
23073,110.629795,5.232
23074,110.632908,3.113
23075,110.637446,4.538
23076,110.64101,3.564
23077,110.646297,5.287
23078,110.650619,4.322
23079,110.655663,5.044
23080,110.660677,5.014
23081,110.664963,4.286
23082,110.667963,3.0
23083,110.673923,5.96
23084,110.677987,4.064
23085,110.682172,4.185
23086,110.685167,2.995
23087,110.689353,4.186
23088,110.694786,5.433
23089,110.69947,4.684
23090,110.702787,3.317
23091,110.707297,4.51
23092,110.712294,4.997
23093,110.718192,5.898
23094,110.722207,4.015
23095,110.727053,4.846
23096,110.732214,5.161
23097,110.736959,4.745
23098,110.741333,4.374
23099,110.745656,4.323
23100,110.751674,6.018
23101,110.754704,3.03
23102,110.760315,5.611
23103,110.764728,4.413
23104,110.769407,4.679
23105,110.772766,3.359
23106,110.777995,5.229
23107,110.782735,4.74
23108,110.785779,3.044
23109,110.790165,4.386
23110,110.796725,6.56
23111,110.805389,8.664
23112,110.813664,8.275
23113,110.82268,9.016
23114,110.826115,3.435
23115,110.829995,3.88
23116,110.838179,8.184
23117,110.84423,6.051
23118,110.849573,5.343
23119,110.855832,6.259
23120,110.859483,3.651
23121,110.865085,5.602
23122,110.870819,5.734
23123,110.875552,4.733
23124,110.880828,5.276
23125,110.889705,8.877
23126,110.896522,6.817
23127,110.900329,3.807
23128,110.903639,3.31
23129,110.907959,4.32
23130,110.913635,5.676
23131,110.91767,4.035
23132,110.922314,4.644
23133,110.92734,5.026
23134,110.931965,4.625
23135,110.937123,5.158
23136,110.942384,5.261
23137,110.945962,3.578
23138,110.949503,3.541
23139,110.956205,6.702
23140,110.95948,3.275
23141,110.963628,4.148
23142,110.969531,5.903
23143,110.974992,5.461
23144,110.978057,3.065
23145,110.982223,4.166
23146,110.98632,4.097
23147,110.992638,6.318
23148,110.995902,3.264
23149,111.000597,4.695
23150,111.002938,2.341
23151,111.010646,7.708
23152,111.013805,3.159
23153,111.018749,4.944
23154,111.024166,5.417
23155,111.031643,7.477
23156,111.035713,4.07
23157,111.038594,2.881
23158,111.045158,6.564
23159,111.04938,4.222
23160,111.05303,3.65
23161,111.057366,4.336
23162,111.064274,6.908
23163,111.06735,3.076
23164,111.071703,4.353
23165,111.075946,4.243
23166,111.08093,4.984
23167,111.084539,3.609
23168,111.088404,3.865
23169,111.094667,6.263
23170,111.09865,3.983
23171,111.102267,3.617
23172,111.106537,4.27
23173,111.113994,7.457
23174,111.117025,3.031
23175,111.121309,4.284
23176,111.125113,3.804
23177,111.132682,7.569
23178,111.136069,3.387
23179,111.140089,4.02
23180,111.144354,4.265
23181,111.149614,5.26
23182,111.154658,5.044
23183,111.158991,4.333
23184,111.163002,4.011
23185,111.174194,11.192
23186,111.180464,6.27
23187,111.183288,2.824
23188,111.190341,7.053
23189,111.194932,4.591
23190,111.198155,3.223
23191,111.201762,3.607
23192,111.207145,5.383
23193,111.210413,3.268
23194,111.214519,4.106
23195,111.2187,4.181
23196,111.224408,5.708
23197,111.227839,3.431
23198,111.231857,4.018
23199,111.23824,6.383
23200,111.243061,4.821
23201,111.248089,5.028
23202,111.252335,4.246
23203,111.258117,5.782
23204,111.261992,3.875
23205,111.267367,5.375
23206,111.271436,4.069
23207,111.277807,6.371
23208,111.281707,3.9
23209,111.286811,5.104
23210,111.292805,5.994
23211,111.296025,3.22
23212,111.300471,4.446
23213,111.303965,3.494
23214,111.310459,6.494
23215,111.315143,4.684
23216,111.319033,3.89
23217,111.325904,6.871
23218,111.329097,3.193
23219,111.333582,4.485
23220,111.337882,4.3
23221,111.347526,9.644
23222,111.351936,4.41
23223,111.35655,4.614
23224,111.360208,3.658
23225,111.36544,5.232
23226,111.370218,4.778
23227,111.374438,4.22
23228,111.38207,7.632
23229,111.386021,3.951
23230,111.38958,3.559
23231,111.393888,4.308
23232,111.399199,5.311
23233,111.402246,3.047
23234,111.406285,4.039
23235,111.412606,6.321
23236,111.416701,4.095
23237,111.420683,3.982
23238,111.426302,5.619
23239,111.430851,4.549
23240,111.434821,3.97
23241,111.440259,5.438
23242,111.445385,5.126
23243,111.450849,5.464
23244,111.454224,3.375
23245,111.460683,6.459
23246,111.463987,3.304
23247,111.4684,4.413
23248,111.472973,4.573
23249,111.478291,5.318
23250,111.483422,5.131
23251,111.487952,4.53
23252,111.492011,4.059
23253,111.495522,3.511
23254,111.499569,4.047
23255,111.503612,4.043
23256,111.508998,5.386
23257,111.513812,4.814
23258,111.517729,3.917
23259,111.52427,6.541
23260,111.527507,3.237
23261,111.531562,4.055
23262,111.537813,6.251
23263,111.543263,5.45
23264,111.548289,5.026
23265,111.552198,3.909
23266,111.55711,4.912
23267,111.561631,4.521
23268,111.564646,3.015
23269,111.568839,4.193
23270,111.573471,4.632
23271,111.578736,5.265
23272,111.582441,3.705
23273,111.586199,3.758
23274,111.594195,7.996
23275,111.597288,3.093
23276,111.602606,5.318
23277,111.605713,3.107
23278,111.614724,9.011
23279,111.61737,2.646
23280,111.620808,3.438
23281,111.625681,4.873
23282,111.630889,5.208
23283,111.634828,3.939
23284,111.638994,4.166
23285,111.646386,7.392
23286,111.650735,4.349
23287,111.653747,3.012
23288,111.657876,4.129
23289,111.662653,4.777
23290,111.665895,3.242
23291,111.669607,3.712
23292,111.677045,7.438
23293,111.68119,4.145
23294,111.685937,4.747
23295,111.692272,6.335
23296,111.69552,3.248
23297,111.700071,4.551
23298,111.704059,3.988
23299,111.713164,9.105
23300,111.718325,5.161
23301,111.721202,2.877
23302,111.727175,5.973
23303,111.73211,4.935
23304,111.735279,3.169
23305,111.7393,4.021
23306,111.745335,6.035
23307,111.749392,4.057
23308,111.752346,2.954
23309,111.756221,3.875
23310,111.765982,9.761
23311,111.7688,2.818
23312,111.772214,3.414
23313,111.776306,4.092
23314,111.780746,4.44
23315,111.78418,3.434
23316,111.788391,4.211
23317,111.793745,5.354
23318,111.799593,5.848
23319,111.804061,4.468
23320,111.808678,4.617
23321,111.813202,4.524
23322,111.818457,5.255
23323,111.822307,3.85
23324,111.829378,7.071
23325,111.834445,5.067
23326,111.838639,4.194
23327,111.842757,4.118
23328,111.847906,5.149
23329,111.850731,2.825
23330,111.854677,3.946
23331,111.860847,6.17
23332,111.865832,4.985
23333,111.868795,2.963
23334,111.872588,3.793
23335,111.878592,6.004
23336,111.882416,3.824
23337,111.885952,3.536
23338,111.891239,5.287
23339,111.897203,5.964
23340,111.899949,2.746
23341,111.903771,3.822
23342,111.909727,5.956
23343,111.915197,5.47
23344,111.918073,2.876
23345,111.922205,4.132
23346,111.929296,7.091
23347,111.934383,5.087
23348,111.940281,5.898
23349,111.943332,3.051
23350,111.94833,4.998
23351,111.953536,5.206
23352,111.955834,2.298
23353,111.962238,6.404
23354,111.96717,4.932
23355,111.970713,3.543
23356,111.975126,4.413
23357,111.978892,3.766
23358,111.98388,4.988
23359,111.987633,3.753
23360,111.992692,5.059
23361,111.998546,5.854
23362,112.003482,4.936
23363,112.007487,4.005
23364,112.011803,4.316
23365,112.01624,4.437
23366,112.019571,3.331
23367,112.023635,4.064
23368,112.0326,8.965
23369,112.03554,2.94
23370,112.040934,5.394
23371,112.04623,5.296
23372,112.050576,4.346
23373,112.053647,3.071
23374,112.060149,6.502
23375,112.065809,5.66
23376,112.06987,4.061
23377,112.074181,4.311
23378,112.078968,4.787
23379,112.082961,3.993
23380,112.086793,3.832
23381,112.091111,4.318
23382,112.098527,7.416
23383,112.101095,2.568
23384,112.105457,4.362
23385,112.110421,4.964
23386,112.114712,4.291
23387,112.118066,3.354
23388,112.122063,3.997
23389,112.127605,5.542
23390,112.133371,5.766
23391,112.136603,3.232
23392,112.142103,5.5
23393,112.146674,4.571
23394,112.149864,3.19
23395,112.153963,4.099
23396,112.16113,7.167
23397,112.166132,5.002
23398,112.169865,3.733
23399,112.174317,4.452
23400,112.178453,4.136
23401,112.183516,5.063
23402,112.186503,2.987
23403,112.192554,6.051
23404,112.199214,6.66
23405,112.202382,3.168
23406,112.206593,4.211
23407,112.21044,3.847
23408,112.215184,4.744
23409,112.21849,3.306
23410,112.222374,3.884
23411,112.228268,5.894
23412,112.233251,4.983
23413,112.237276,4.025
23414,112.241501,4.225
23415,112.245955,4.454
23416,112.249256,3.301
23417,112.253393,4.137
23418,112.257998,4.605
23419,112.264428,6.43
23420,112.267777,3.349
23421,112.27208,4.303
23422,112.27739,5.31
23423,112.280996,3.606
23424,112.284606,3.61
23425,112.288636,4.03
23426,112.293322,4.686
23427,112.297424,4.102
23428,112.301196,3.772
23429,112.30535,4.154
23430,112.311798,6.448
23431,112.316287,4.489
23432,112.320122,3.835
23433,112.32437,4.248
23434,112.330687,6.317
23435,112.333814,3.127
23436,112.338428,4.614
23437,112.346858,8.43
23438,112.350381,3.523
23439,112.355632,5.251
23440,112.360162,4.53
23441,112.365029,4.867
23442,112.368067,3.038
23443,112.37191,3.843
23444,112.377476,5.566
23445,112.381924,4.448
23446,112.385249,3.325
23447,112.388972,3.723
23448,112.394728,5.756
23449,112.397901,3.173
23450,112.401664,3.763
23451,112.405431,3.767
23452,112.414097,8.666
23453,112.416339,2.242
23454,112.420069,3.73
23455,112.424485,4.416
23456,112.429571,5.086
23457,112.432198,2.627
23458,112.437354,5.156
23459,112.446918,9.564
23460,112.45194,5.022
23461,112.455152,3.212
23462,112.461464,6.312
23463,112.465279,3.815
23464,112.468211,2.932
23465,112.471952,3.741
23466,112.478,6.048
23467,112.48227,4.27
23468,112.485334,3.064
23469,112.48931,3.976
23470,112.494047,4.737
23471,112.498252,4.205
23472,112.501873,3.621
23473,112.505727,3.854
23474,112.513755,8.028
23475,112.516098,2.343
23476,112.519869,3.771
23477,112.524473,4.604
23478,112.530621,6.148
23479,112.532841,2.22
23480,112.536426,3.585
23481,112.541131,4.705
23482,112.551162,10.031
23483,112.553383,2.221
23484,112.557555,4.172
23485,112.561668,4.113
23486,112.566499,4.831
23487,112.570367,3.868
23488,112.573961,3.594
23489,112.580984,7.023
23490,112.585954,4.97
23491,112.590022,4.068
23492,112.594516,4.494
23493,112.5972,2.684
23494,112.603162,5.962
23495,112.607102,3.94
23496,112.611541,4.439
23497,112.614246,2.705
23498,112.62018,5.934
23499,112.623866,3.686
23500,112.628679,4.813
23501,112.631323,2.644
23502,112.637888,6.565
23503,112.6434,5.512
23504,112.649331,5.931
23505,112.65505,5.719
23506,112.659914,4.864
23507,112.665267,5.353
23508,112.669705,4.438
23509,112.675077,5.372
23510,112.681029,5.952
23511,112.684621,3.592
23512,112.690717,6.096
23513,112.695017,4.3
23514,112.699942,4.925
23515,112.70352,3.578
23516,112.710802,7.282
23517,112.715737,4.935
23518,112.720261,4.524
23519,112.724487,4.226
23520,112.72879,4.303
23521,112.733625,4.835
23522,112.739442,5.817
23523,112.74389,4.448
23524,112.748416,4.526
23525,112.751892,3.476
23526,112.756302,4.41
23527,112.760781,4.479
23528,112.765712,4.931
23529,112.768928,3.216
23530,112.773472,4.544
23531,112.777894,4.422
23532,112.784576,6.682
23533,112.787925,3.349
23534,112.79217,4.245
23535,112.797281,5.111
23536,112.800547,3.266
23537,112.808105,7.558
23538,112.811565,3.46
23539,112.815802,4.237
23540,112.819576,3.774
23541,112.823937,4.361
23542,112.831066,7.129
23543,112.835025,3.959
23544,112.840826,5.801
23545,112.845013,4.187
23546,112.849995,4.982
23547,112.855409,5.414
23548,112.859999,4.59
23549,112.864392,4.393
23550,112.868076,3.684
23551,112.872521,4.445
23552,112.876661,4.14
23553,112.881948,5.287
23554,112.885076,3.128
23555,112.890579,5.503
23556,112.895959,5.38
23557,112.90053,4.571
23558,112.904134,3.604
23559,112.908662,4.528
23560,112.913806,5.144
23561,112.917119,3.313
23562,112.923392,6.273
23563,112.928554,5.162
23564,112.933618,5.064
23565,112.936786,3.168
23566,112.942374,5.588
23567,112.949008,6.634
23568,112.952624,3.616
23569,112.957091,4.467
23570,112.961401,4.31
23571,112.966008,4.607
23572,112.971544,5.536
23573,112.975727,4.183
23574,112.980658,4.931
23575,112.984492,3.834
23576,112.988606,4.114
23577,112.992823,4.217
23578,112.997696,4.873
23579,113.001248,3.552
23580,113.005794,4.546
23581,113.010645,4.851
23582,113.016695,6.05
23583,113.020169,3.474
23584,113.024476,4.307
23585,113.030207,5.731
23586,113.03439,4.183
23587,113.039418,5.028
23588,113.043822,4.404
23589,113.048594,4.772
23590,113.052426,3.832
23591,113.056621,4.195
23592,113.061033,4.412
23593,113.065664,4.631
23594,113.069442,3.778
23595,113.07477,5.328
23596,113.079555,4.785
23597,113.084918,5.363
23598,113.089289,4.371
23599,113.09355,4.261
23600,113.09845,4.9
23601,113.10198,3.53
23602,113.108101,6.121
23603,113.112544,4.443
23604,113.117126,4.582
23605,113.120961,3.835
23606,113.125753,4.792
23607,113.132821,7.068
23608,113.135864,3.043
23609,113.139962,4.098
23610,113.144195,4.233
23611,113.148936,4.741
23612,113.154482,5.546
23613,113.158796,4.314
23614,113.162903,4.107
23615,113.167743,4.84
23616,113.171547,3.804
23617,113.176271,4.724
23618,113.180824,4.553
23619,113.184576,3.752
23620,113.188672,4.096
23621,113.193847,5.175
23622,113.199877,6.03
23623,113.203548,3.671
23624,113.207776,4.228
23625,113.212115,4.339
23626,113.216966,4.851
23627,113.222681,5.715
23628,113.22871,6.029
23629,113.234081,5.371
23630,113.237188,3.107
23631,113.241715,4.527
23632,113.24772,6.005
23633,113.252442,4.722
23634,113.256427,3.985
23635,113.261034,4.607
23636,113.26539,4.356
23637,113.270956,5.566
23638,113.275185,4.229
23639,113.279364,4.179
23640,113.284109,4.745
23641,113.287851,3.742
23642,113.292261,4.41
23643,113.296376,4.115
23644,113.301283,4.907
23645,113.30492,3.637
23646,113.309218,4.298
23647,113.315863,6.645
23648,113.319548,3.685
23649,113.324111,4.563
23650,113.328184,4.073
23651,113.33286,4.676
23652,113.338529,5.669
23653,113.342895,4.366
23654,113.348256,5.361
23655,113.351986,3.73
23656,113.357976,5.99
23657,113.363701,5.725
23658,113.368471,4.77
23659,113.372588,4.117
23660,113.37659,4.002
23661,113.381348,4.758
23662,113.386832,5.484
23663,113.391135,4.303
23664,113.395391,4.256
23665,113.400245,4.854
23666,113.403797,3.552
23667,113.408225,4.428
23668,113.412472,4.247
23669,113.417286,4.814
23670,113.421158,3.872
23671,113.425391,4.233
23672,113.432383,6.992
23673,113.435577,3.194
23674,113.440023,4.446
23675,113.445388,5.365
23676,113.450079,4.691
23677,113.454499,4.42
23678,113.458753,4.254
23679,113.463109,4.356
23680,113.468142,5.033
23681,113.471656,3.514
23682,113.475948,4.292
23683,113.480913,4.965
23684,113.484613,3.7
23685,113.48879,4.177
23686,113.493632,4.842
23687,113.500211,6.579
23688,113.503503,3.292
23689,113.507983,4.48
23690,113.51215,4.167
23691,113.517406,5.256
23692,113.522955,5.549
23693,113.527103,4.148
23694,113.531629,4.526
23695,113.53533,3.701
23696,113.539738,4.408
23697,113.545647,5.909
23698,113.550939,5.292
23699,113.554332,3.393
23700,113.558917,4.585
23701,113.56302,4.103
23702,113.569922,6.902
23703,113.573536,3.614
23704,113.57762,4.084
23705,113.582546,4.926
23706,113.586191,3.645
23707,113.592553,6.362
23708,113.59671,4.157
23709,113.601579,4.869
23710,113.605202,3.623
23711,113.60955,4.348
23712,113.616075,6.525
23713,113.6198,3.725
23714,113.624243,4.443
23715,113.628713,4.47
23716,113.633263,4.55
23717,113.639219,5.956
23718,113.644111,4.892
23719,113.649986,5.875
23720,113.653329,3.343
23721,113.658217,4.888
23722,113.664258,6.041
23723,113.669023,4.765
23724,113.673062,4.039
23725,113.67718,4.118
23726,113.682171,4.991
23727,113.687567,5.396
23728,113.691916,4.349
23729,113.696046,4.13
23730,113.701001,4.955
23731,113.704823,3.822
23732,113.70917,4.347
23733,113.71554,6.37
23734,113.719569,4.029
23735,113.72449,4.921
23736,113.728221,3.731
23737,113.735101,6.88
23738,113.738881,3.78
23739,113.745,6.119
23740,113.749893,4.893
23741,113.753538,3.645
23742,113.759995,6.457
23743,113.763998,4.003
23744,113.768849,4.851
23745,113.773233,4.384
23746,113.777218,3.985
23747,113.783853,6.635
23748,113.787483,3.63
23749,113.791724,4.241
23750,113.796055,4.331
23751,113.800902,4.847
23752,113.806579,5.677
23753,113.811166,4.587
23754,113.816304,5.138
23755,113.819889,3.585
23756,113.824846,4.957
23757,113.829485,4.639
23758,113.835002,5.517
23759,113.838786,3.784
23760,113.843485,4.699
23761,113.848004,4.519
23762,113.853564,5.56
23763,113.858143,4.579
23764,113.862065,3.922
23765,113.867097,5.032
23766,113.870753,3.656
23767,113.87519,4.437
23768,113.879424,4.234
23769,113.884358,4.934
23770,113.888034,3.676
23771,113.893557,5.523
23772,113.899348,5.791
23773,113.90296,3.612
23774,113.910137,7.177
23775,113.913807,3.67
23776,113.918683,4.876
23777,113.924647,5.964
23778,113.929413,4.766
23779,113.934429,5.016
23780,113.937777,3.348
23781,113.941527,3.75
23782,113.947462,5.935
23783,113.952294,4.832
23784,113.956119,3.825
23785,113.960485,4.366
23786,113.965582,5.097
23787,113.970726,5.144
23788,113.975428,4.702
23789,113.979477,4.049
23790,113.984292,4.815
23791,113.988012,3.72
23792,113.992271,4.259
23793,113.99746,5.189
23794,114.000732,3.272
23795,114.005245,4.513
23796,114.009748,4.503
23797,114.016169,6.421
23798,114.019758,3.589
23799,114.024439,4.681
23800,114.02978,5.341
23801,114.035524,5.744
23802,114.041124,5.6
23803,114.045438,4.314
23804,114.050273,4.835
23805,114.054067,3.794
23806,114.058455,4.388
23807,114.064516,6.061
23808,114.069436,4.92
23809,114.073205,3.769
23810,114.077541,4.336
23811,114.082526,4.985
23812,114.08804,5.514
23813,114.092191,4.151
23814,114.096303,4.112
23815,114.101283,4.98
23816,114.105,3.717
23817,114.109442,4.442
23818,114.114275,4.833
23819,114.117915,3.64
23820,114.122215,4.3
23821,114.127243,5.028
23822,114.1334,6.157
23823,114.136757,3.357
23824,114.141379,4.622
23825,114.148539,7.16
23826,114.152676,4.137
23827,114.158452,5.776
23828,114.162312,3.86
23829,114.16743,5.118
23830,114.170858,3.428
23831,114.175208,4.35
23832,114.179447,4.239
23833,114.184516,5.069
23834,114.187948,3.432
23835,114.19428,6.332
23836,114.199318,5.038
23837,114.203363,4.045
23838,114.207972,4.609
23839,114.211999,4.027
23840,114.217334,5.335
23841,114.220713,3.379
23842,114.226342,5.629
23843,114.232202,5.86
23844,114.236345,4.143
23845,114.240714,4.369
23846,114.244837,4.123
23847,114.251698,6.861
23848,114.255407,3.709
23849,114.260311,4.904
23850,114.265109,4.798
23851,114.269074,3.965
23852,114.274982,5.908
23853,114.281547,6.565
23854,114.287137,5.59
23855,114.294608,7.471
23856,114.301666,7.058
23857,114.306131,4.465
23858,114.310728,4.597
23859,114.315583,4.855
23860,114.320056,4.473
23861,114.326363,6.307
23862,114.331322,4.959
23863,114.336636,5.314
23864,114.34272,6.084
23865,114.347202,4.482
23866,114.352401,5.199
23867,114.359307,6.906
23868,114.362817,3.51
23869,114.367797,4.98
23870,114.373546,5.749
23871,114.378813,5.267
23872,114.383612,4.799
23873,114.389588,5.976
23874,114.39506,5.472
23875,114.399396,4.336
23876,114.404242,4.846
23877,114.410455,6.213
23878,114.415219,4.764
23879,114.42026,5.041
23880,114.429366,9.106
23881,114.435597,6.231
23882,114.444941,9.344
23883,114.450649,5.708
23884,114.454367,3.718
23885,114.459277,4.91
23886,114.462589,3.312
23887,114.468932,6.343
23888,114.474027,5.095
23889,114.477893,3.866
23890,114.481982,4.089
23891,114.487157,5.175
23892,114.490918,3.761
23893,114.496563,5.645
23894,114.502298,5.735
23895,114.506266,3.968
23896,114.510583,4.317
23897,114.517384,6.801
23898,114.521087,3.703
23899,114.526554,5.467
23900,114.532618,6.064
23901,114.536368,3.75
23902,114.542777,6.409
23903,114.547859,5.082
23904,114.551533,3.674
23905,114.555983,4.45
23906,114.56077,4.787
23907,114.567088,6.318
23908,114.573766,6.678
23909,114.577482,3.716
23910,114.582243,4.761
23911,114.586028,3.785
23912,114.592476,6.448
23913,114.597336,4.86
23914,114.601041,3.705
23915,114.605657,4.616
23916,114.609987,4.33
23917,114.616715,6.728
23918,114.62043,3.715
23919,114.625257,4.827
23920,114.630213,4.956
23921,114.634129,3.916
23922,114.640218,6.089
23923,114.644943,4.725
23924,114.648844,3.901
23925,114.653364,4.52
23926,114.657689,4.325
23927,114.664521,6.832
23928,114.668391,3.87
23929,114.673231,4.84
23930,114.677792,4.561
23931,114.681663,3.871
23932,114.688017,6.354
23933,114.693123,5.106
23934,114.696848,3.725
23935,114.701675,4.827
23936,114.706739,5.064
23937,114.712791,6.052
23938,114.717072,4.281
23939,114.721123,4.051
23940,114.727173,6.05
23941,114.731782,4.609
23942,114.736076,4.294
23943,114.741209,5.133
23944,114.745384,4.175
23945,114.751468,6.084
23946,114.757204,5.736
23947,114.763162,5.958
23948,114.769046,5.884
23949,114.775899,6.853
23950,114.782335,6.436
23951,114.787948,5.613
23952,114.793183,5.235
23953,114.799182,5.999
23954,114.802895,3.713
23955,114.807464,4.569
23956,114.812311,4.847
23957,114.818954,6.643
23958,114.827231,8.277
23959,114.834327,7.096
23960,114.839387,5.06
23961,114.844485,5.098
23962,114.850219,5.734
23963,114.855769,5.55
23964,114.859985,4.216
23965,114.863954,3.969
23966,114.869018,5.064
23967,114.874805,5.787
23968,114.879385,4.58
23969,114.884438,5.053
23970,114.888791,4.353
23971,114.894059,5.268
23972,114.900047,5.988
23973,114.904128,4.081
23974,114.908839,4.711
23975,114.914128,5.289
23976,114.917718,3.59
23977,114.924539,6.821
23978,114.929808,5.269
23979,114.93625,6.442
23980,114.940406,4.156
23981,114.944864,4.458
23982,114.951666,6.802
23983,114.956197,4.531
23984,114.960417,4.22
23985,114.966091,5.674
23986,114.96958,3.489
23987,114.976167,6.587
23988,114.98135,5.183
23989,114.985421,4.071
23990,114.990497,5.076
23991,114.994684,4.187
23992,115.001523,6.839
23993,115.005842,4.319
23994,115.010279,4.437
23995,115.01573,5.451
23996,115.019636,3.906
23997,115.026413,6.777
23998,115.031915,5.502
23999,115.035141,3.226
24000,115.040097,4.956
24001,115.044492,4.395
24002,115.051459,6.967
24003,115.055779,4.32
24004,115.060359,4.58
24005,115.065445,5.086
24006,115.069563,4.118
24007,115.075933,6.37
24008,115.081159,5.226
24009,115.085085,3.926
24010,115.090007,4.922
24011,115.094345,4.338
24012,115.101158,6.813
24013,115.105484,4.326
24014,115.109858,4.374
24015,115.114979,5.121
24016,115.119097,4.118
24017,115.125641,6.544
24018,115.13077,5.129
24019,115.134724,3.954
24020,115.139602,4.878
24021,115.144965,5.363
24022,115.151051,6.086
24023,115.155359,4.308
24024,115.159606,4.247
24025,115.165123,5.517
24026,115.16896,3.837
24027,115.175569,6.609
24028,115.180494,4.925
24029,115.184434,3.94
24030,115.189751,5.317
24031,115.194283,4.532
24032,115.200417,6.134
24033,115.204686,4.269
24034,115.209197,4.511
24035,115.214441,5.244
24036,115.218352,3.911
24037,115.224837,6.485
24038,115.230184,5.347
24039,115.233908,3.724
24040,115.238694,4.786
24041,115.244013,5.319
24042,115.25004,6.027
24043,115.253796,3.756
24044,115.258361,4.565
24045,115.26355,5.189
24046,115.267734,4.184
24047,115.273723,5.989
24048,115.280224,6.501
24049,115.284662,4.438
24050,115.289493,4.831
24051,115.293795,4.302
24052,115.300453,6.658
24053,115.304494,4.041
24054,115.309523,5.029
24055,115.314006,4.483
24056,115.31762,3.614
24057,115.323844,6.224
24058,115.328927,5.083
24059,115.332702,3.775
24060,115.336949,4.247
24061,115.342328,5.379
24062,115.34865,6.322
24063,115.352036,3.386
24064,115.356528,4.492
24065,115.361308,4.78
24066,115.36488,3.572
24067,115.371335,6.455
24068,115.379565,8.23
24069,115.382908,3.343
24070,115.386147,3.239
24071,115.3906,4.453
24072,115.397286,6.686
24073,115.401063,3.777
24074,115.405491,4.428
24075,115.410999,5.508
24076,115.414388,3.389
24077,115.420359,5.971
24078,115.425483,5.124
24079,115.428926,3.443
24080,115.433142,4.216
24081,115.437602,4.46
24082,115.44472,7.118
24083,115.449399,4.679
24084,115.454522,5.123
24085,115.45947,4.948
24086,115.463303,3.833
24087,115.4695,6.197
24088,115.4756,6.1
24089,115.480384,4.784
24090,115.484465,4.081
24091,115.488902,4.437
24092,115.495447,6.545
24093,115.499161,3.714
24094,115.50387,4.709
24095,115.512891,9.021
24096,115.515839,2.948
24097,115.520528,4.689
24098,115.525559,5.031
24099,115.529172,3.613
24100,115.533518,4.346
24101,115.538914,5.396
24102,115.545091,6.177
24103,115.549528,4.437
24104,115.554987,5.459
24105,115.559859,4.872
24106,115.563419,3.56
24107,115.569758,6.339
24108,115.57547,5.712
24109,115.58042,4.95
24110,115.584712,4.292
24111,115.589375,4.663
24112,115.59591,6.535
24113,115.599472,3.562
24114,115.603877,4.405
24115,115.610762,6.885
24116,115.615529,4.767
24117,115.619176,3.647
24118,115.625361,6.185
24119,115.629535,4.174
24120,115.634286,4.751
24121,115.640387,6.101
24122,115.645381,4.994
24123,115.649269,3.888
24124,115.653689,4.42
24125,115.659857,6.168
24126,115.664054,4.197
24127,115.668326,4.272
24128,115.673514,5.188
24129,115.678097,4.583
24130,115.681426,3.329
24131,115.685788,4.362
24132,115.691526,5.738
24133,115.695996,4.47
24134,115.700915,4.919
24135,115.706147,5.232
24136,115.710156,4.009
24137,115.716034,5.878
24138,115.720262,4.228
24139,115.726551,6.289
24140,115.730555,4.004
24141,115.735414,4.859
24142,115.742356,6.942
24143,115.746085,3.729
24144,115.750208,4.123
24145,115.75471,4.502
24146,115.761289,6.579
24147,115.765118,3.829
24148,115.769411,4.293
24149,115.774585,5.174
24150,115.778687,4.102
24151,115.782394,3.707
24152,115.790152,7.758
24153,115.796893,6.741
24154,115.800848,3.955
24155,115.804955,4.107
24156,115.809393,4.438
24157,115.814762,5.369
24158,115.820397,5.635
24159,115.825535,5.138
24160,115.83089,5.355
24161,115.834928,4.038
24162,115.840098,5.17
24163,115.845942,5.844
24164,115.850918,4.976
24165,115.855593,4.675
24166,115.859823,4.23
24167,115.866213,6.39
24168,115.870111,3.898
24169,115.874487,4.376
24170,115.879467,4.98
24171,115.883135,3.668
24172,115.889652,6.517
24173,115.895216,5.564
24174,115.900374,5.158
24175,115.90428,3.906
24176,115.908488,4.208
24177,115.915226,6.738
24178,115.918872,3.646
24179,115.92341,4.538
24180,115.92899,5.58
24181,115.934576,5.586
24182,115.94035,5.774
24183,115.944491,4.141
24184,115.949296,4.805
24185,115.953373,4.077
24186,115.961438,8.065
24187,115.965301,3.863
24188,115.968895,3.594
24189,115.97337,4.475
24190,115.977726,4.356
24191,115.982693,4.967
24192,115.988543,5.85
24193,115.994225,5.682
24194,115.997948,3.723
24195,116.001291,3.343
24196,116.005682,4.391
24197,116.011821,6.139
24198,116.016731,4.91
24199,116.020781,4.05
24200,116.026495,5.714
24201,116.032118,5.623
24202,116.03775,5.632
24203,116.042034,4.284
24204,116.046359,4.325
24205,116.051222,4.863
24206,116.056234,5.012
24207,116.061319,5.085
24208,116.066175,4.856
24209,116.070062,3.887
24210,116.074371,4.309
24211,116.078547,4.176
24212,116.085192,6.645
24213,116.089207,4.015
24214,116.093361,4.154
24215,116.098365,5.004
24216,116.102124,3.759
24217,116.106926,4.802
24218,116.11146,4.534
24219,116.11575,4.29
24220,116.119627,3.877
24221,116.124397,4.77
24222,116.130633,6.236
24223,116.134329,3.696
24224,116.138894,4.565
24225,116.144087,5.193
24226,116.150143,6.056
24227,116.155931,5.788
24228,116.160097,4.166
24229,116.164878,4.781
24230,116.168772,3.894
24231,116.177349,8.577
24232,116.181034,3.685
24233,116.186008,4.974
24234,116.19025,4.242
24235,116.19468,4.43
24236,116.199646,4.966
24237,116.20611,6.464
24238,116.210876,4.766
24239,116.21659,5.714
24240,116.220686,4.096
24241,116.224789,4.103
24242,116.231784,6.995
24243,116.235237,3.453
24244,116.240611,5.374
24245,116.245257,4.646
24246,116.251169,5.912
24247,116.256768,5.599
24248,116.261489,4.721
24249,116.265993,4.504
24250,116.270041,4.048
24251,116.274488,4.447
24252,116.280893,6.405
24253,116.284776,3.883
24254,116.289365,4.589
24255,116.293534,4.169
24256,116.298443,4.909
24257,116.304153,5.71
24258,116.309171,5.018
24259,116.313354,4.183
24260,116.317091,3.737
24261,116.321868,4.777
24262,116.327652,5.784
24263,116.332633,4.981
24264,116.336446,3.813
24265,116.341774,5.328
24266,116.346933,5.159
24267,116.351409,4.476
24268,116.35565,4.241
24269,116.360082,4.432
24270,116.365312,5.23
24271,116.368679,3.367
24272,116.373227,4.548
24273,116.378109,4.882
24274,116.381968,3.859
24275,116.386463,4.495
24276,116.391101,4.638
24277,116.397592,6.491
24278,116.401507,3.915
24279,116.40851,7.003
24280,116.413153,4.643
24281,116.416627,3.474
24282,116.423041,6.414
24283,116.427235,4.194
24284,116.432312,5.077
24285,116.436149,3.837
24286,116.442064,5.915
24287,116.447581,5.517
24288,116.451119,3.538
24289,116.45555,4.431
24290,116.459832,4.282
24291,116.465178,5.346
24292,116.470638,5.46
24293,116.474821,4.183
24294,116.479647,4.826
24295,116.485449,5.802
24296,116.489217,3.768
24297,116.494176,4.959
24298,116.499171,4.995
24299,116.504836,5.665
24300,116.510369,5.533
24301,116.515038,4.669
24302,116.520295,5.257
24303,116.524828,4.533
24304,116.528855,4.027
24305,116.534094,5.239
24306,116.537906,3.812
24307,116.54417,6.264
24308,116.549333,5.163
24309,116.553118,3.785
24310,116.557951,4.833
24311,116.562044,4.093
24312,116.568723,6.679
24313,116.572657,3.934
24314,116.576914,4.257
24315,116.581865,4.951
24316,116.585824,3.959
24317,116.591178,5.354
24318,116.594541,3.363
24319,116.599718,5.177
24320,116.603488,3.77
24321,116.607838,4.35
24322,116.614619,6.781
24323,116.618276,3.657
24324,116.622749,4.473
24325,116.627218,4.469
24326,116.63221,4.992
24327,116.638158,5.948
24328,116.643365,5.207
24329,116.647766,4.401
24330,116.651014,3.248
24331,116.655472,4.458
24332,116.66179,6.318
24333,116.66656,4.77
24334,116.670677,4.117
24335,116.67508,4.403
24336,116.679846,4.766
24337,116.685784,5.938
24338,116.690098,4.314
24339,116.694306,4.208
24340,116.699223,4.917
24341,116.703141,3.918
24342,116.707664,4.523
24343,116.712458,4.794
24344,116.716192,3.734
24345,116.72056,4.368
24346,116.724869,4.309
24347,116.73164,6.771
24348,116.735651,4.011
24349,116.740279,4.628
24350,116.745272,4.993
24351,116.74871,3.438
24352,116.754841,6.131
24353,116.759349,4.508
24354,116.76409,4.741
24355,116.767902,3.812
24356,116.772285,4.383
24357,116.779086,6.801
24358,116.782943,3.857
24359,116.787393,4.45
24360,116.791747,4.354
24361,116.796638,4.891
24362,116.802318,5.68
24363,116.806904,4.586
24364,116.811768,4.864
24365,116.815308,3.54
24366,116.81994,4.632
24367,116.82486,4.92
24368,116.830014,5.154
24369,116.833397,3.383
24370,116.837701,4.304
24371,116.842654,4.953
24372,116.848339,5.685
24373,116.852938,4.599
24374,116.85726,4.322
24375,116.862096,4.836
24376,116.865855,3.759
24377,116.872048,6.193
24378,116.877177,5.129
24379,116.880702,3.525
24380,116.885204,4.502
24381,116.889976,4.772
24382,116.896205,6.229
24383,116.899946,3.741
24384,116.904662,4.716
24385,116.909735,5.073
24386,116.913329,3.594
24387,116.919905,6.576
24388,116.92515,5.245
24389,116.931162,6.012
24390,116.934751,3.589
24391,116.939197,4.446
24392,116.946031,6.834
24393,116.949751,3.72
24394,116.954199,4.448
24395,116.958648,4.449
24396,116.9636,4.952
24397,116.969486,5.886
24398,116.973996,4.51
24399,116.979662,5.666
24400,116.982803,3.141
24401,116.987047,4.244
24402,116.993811,6.764
24403,116.998488,4.677
24404,117.002374,3.886
24405,117.006845,4.471
24406,117.011947,5.102
24407,117.017444,5.497
24408,117.022141,4.697
24409,117.027345,5.204
24410,117.031631,4.286
24411,117.035423,3.792
24412,117.041676,6.253
24413,117.046828,5.152
24414,117.050605,3.777
24415,117.055182,4.577
24416,117.059614,4.432
24417,117.066464,6.85
24418,117.070617,4.153
24419,117.075025,4.408
24420,117.080039,5.014
24421,117.084169,4.13
24422,117.088727,4.558
24423,117.093351,4.624
24424,117.098406,5.055
24425,117.102756,4.35
24426,117.10725,4.494
24427,117.113975,6.725
24428,117.118195,4.22
24429,117.123195,5.0
24430,117.12751,4.315
24431,117.132618,5.108
24432,117.138605,5.987
24433,117.143253,4.648
24434,117.148308,5.055
24435,117.15244,4.132
24436,117.157296,4.856
24437,117.163914,6.618
24438,117.167856,3.942
24439,117.172444,4.588
24440,117.177127,4.683
24441,117.182093,4.966
24442,117.188099,6.006
24443,117.19258,4.481
24444,117.197551,4.971
24445,117.201529,3.978
24446,117.205949,4.42
24447,117.212377,6.428
24448,117.217655,5.278
24449,117.221624,3.969
24450,117.226606,4.982
24451,117.231458,4.852
24452,117.236866,5.408
24453,117.241234,4.368
24454,117.245735,4.501
24455,117.250826,5.091
24456,117.254754,3.928
24457,117.258957,4.203
24458,117.263828,4.871
24459,117.267634,3.806
24460,117.273543,5.909
24461,117.276952,3.409
24462,117.283968,7.016
24463,117.288045,4.077
24464,117.291645,3.6
24465,117.296568,4.923
24466,117.30026,3.692
24467,117.30476,4.5
24468,117.308913,4.153
24469,117.313593,4.68
24470,117.317513,3.92
24471,117.322548,5.035
24472,117.329087,6.539
24473,117.333089,4.002
24474,117.33873,5.641
24475,117.342996,4.266
24476,117.347849,4.853
24477,117.353562,5.713
24478,117.357869,4.307
24479,117.362623,4.754
24480,117.366204,3.581
24481,117.370641,4.437
24482,117.374713,4.072
24483,117.379752,5.039
24484,117.383423,3.671
24485,117.389121,5.698
24486,117.394279,5.158
24487,117.399386,5.107
24488,117.403987,4.601
24489,117.407991,4.004
24490,117.412842,4.851
24491,117.416542,3.7
24492,117.423679,7.137
24493,117.428627,4.948
24494,117.431813,3.186
24495,117.435885,4.072
24496,117.440181,4.296
24497,117.447007,6.826
24498,117.450333,3.326
24499,117.45496,4.627
24500,117.459637,4.677
24501,117.463302,3.665
24502,117.469647,6.345
24503,117.473957,4.31
24504,117.478852,4.895
24505,117.482396,3.544
24506,117.486913,4.517
24507,117.491724,4.811
24508,117.495406,3.682
24509,117.499573,4.167
24510,117.504088,4.515
24511,117.508947,4.859
24512,117.514319,5.372
24513,117.518929,4.61
24514,117.524905,5.976
24515,117.529463,4.558
24516,117.534328,4.865
24517,117.540445,6.117
24518,117.545569,5.124
24519,117.549104,3.535
24520,117.553847,4.743
24521,117.559349,5.502
24522,117.56424,4.891
24523,117.568419,4.179
24524,117.573028,4.609
24525,117.577971,4.943
24526,117.581716,3.745
24527,117.587858,6.142
24528,117.593012,5.154
24529,117.596596,3.584
24530,117.600917,4.321
24531,117.605253,4.336
24532,117.612276,7.023
24533,117.615793,3.517
24534,117.620365,4.572
24535,117.625412,5.047
24536,117.628986,3.574
24537,117.635213,6.227
24538,117.640089,4.876
24539,117.64518,5.091
24540,117.648668,3.488
24541,117.652705,4.037
24542,117.659657,6.952
24543,117.663193,3.536
24544,117.667478,4.285
24545,117.671896,4.418
24546,117.677094,5.198
24547,117.682368,5.274
24548,117.687122,4.754
24549,117.691714,4.592
24550,117.695541,3.827
24551,117.699688,4.147
24552,117.705872,6.184
24553,117.710862,4.99
24554,117.714426,3.564
24555,117.719741,5.315
24556,117.724195,4.454
24557,117.729712,5.517
24558,117.733671,3.959
24559,117.738131,4.46
24560,117.743981,5.85
24561,117.748467,4.486
24562,117.75302,4.553
24563,117.757857,4.837
24564,117.761719,3.862
24565,117.765769,4.05
24566,117.770199,4.43
24567,117.775135,4.936
24568,117.778808,3.673
24569,117.78316,4.352
24570,117.787562,4.402
24571,117.792474,4.912
24572,117.796332,3.858
24573,117.800669,4.337
24574,117.807329,6.66
24575,117.811004,3.675
24576,117.816882,5.878
24577,117.821239,4.357
24578,117.826045,4.806
24579,117.829682,3.637
24580,117.833897,4.215
24581,117.84049,6.593
24582,117.845838,5.348
24583,117.850342,4.504
24584,117.85513,4.788
24585,117.861133,6.003
24586,117.864927,3.794
24587,117.869006,4.079
24588,117.873931,4.925
24589,117.878191,4.26
24590,117.881704,3.513
24591,117.886109,4.405
24592,117.891363,5.254
24593,117.897585,6.222
24594,117.904414,6.829
24595,117.910257,5.843
24596,117.915166,4.909
24597,117.92296,7.794
24598,117.926494,3.534
24599,117.93027,3.776
24600,117.935686,5.416
24601,117.941735,6.049
24602,117.948689,6.954
24603,117.953236,4.547
24604,117.958591,5.355
24605,117.963581,4.99
24606,117.967985,4.404
24607,117.97469,6.705
24608,117.978574,3.884
24609,117.982672,4.098
24610,117.988269,5.597
24611,117.992638,4.369
24612,117.995848,3.21
24613,117.999974,4.126
24614,118.009603,9.629
24615,118.014145,4.542
24616,118.01748,3.335
24617,118.02264,5.16
24618,118.026308,3.668
24619,118.03025,3.942
24620,118.034373,4.123
24621,118.041463,7.09
24622,118.046442,4.979
24623,118.050262,3.82
24624,118.056764,6.502
24625,118.060813,4.049
24626,118.065087,4.274
24627,118.06964,4.553
24628,118.075741,6.101
24629,118.079834,4.093
24630,118.084163,4.329
24631,118.090883,6.72
24632,118.094631,3.748
24633,118.099408,4.777
24634,118.106342,6.934
24635,118.112089,5.747
24636,118.115946,3.857
24637,118.125824,9.878
24638,118.130574,4.75
24639,118.133996,3.422
24640,118.139649,5.653
24641,118.143992,4.343
24642,118.148525,4.533
24643,118.155605,7.08
24644,118.160751,5.146
24645,118.164751,4.0
24646,118.169982,5.231
24647,118.17403,4.048
24648,118.178543,4.513
24649,118.184841,6.298
24650,118.190373,5.532
24651,118.194427,4.054
24652,118.199427,5.0
24653,118.207343,7.916
24654,118.211832,4.489
24655,118.216289,4.457
24656,118.220398,4.109
24657,118.227158,6.76
24658,118.232885,5.727
24659,118.237704,4.819
24660,118.242457,4.753
24661,118.247704,5.247
24662,118.251136,3.432
24663,118.255328,4.192
24664,118.260077,4.749
24665,118.264911,4.834
24666,118.268383,3.472
24667,118.27458,6.197
24668,118.2792,4.62
24669,118.28295,3.75
24670,118.287282,4.332
24671,118.295473,8.191
24672,118.299016,3.543
24673,118.304506,5.49
24674,118.308856,4.35
24675,118.314249,5.393
24676,118.318653,4.404
24677,118.32493,6.277
24678,118.332205,7.275
24679,118.336608,4.403
24680,118.341823,5.215
24681,118.348614,6.791
24682,118.351891,3.277
24683,118.356831,4.94
24684,118.362413,5.582
24685,118.367349,4.936
24686,118.372365,5.016
24687,118.376344,3.979
24688,118.382932,6.588
24689,118.389478,6.546
24690,118.394845,5.367
24691,118.399551,4.706
24692,118.403363,3.812
24693,118.407884,4.521
24694,118.412196,4.312
24695,118.41743,5.234
24696,118.422331,4.901
24697,118.428064,5.733
24698,118.432923,4.859
24699,118.438121,5.198
24700,118.444306,6.185
24701,118.449045,4.739
24702,118.454677,5.632
24703,118.458994,4.317
24704,118.464244,5.25
24705,118.46815,3.906
24706,118.47356,5.41
24707,118.477625,4.065
24708,118.482359,4.734
24709,118.488281,5.922
24710,118.494676,6.395
24711,118.498823,4.147
24712,118.502762,3.939
24713,118.50697,4.208
24714,118.512105,5.135
24715,118.515509,3.404
24716,118.522585,7.076
24717,118.52928,6.695
24718,118.537433,8.153
24719,118.540941,3.508
24720,118.545844,4.903
24721,118.550764,4.92
24722,118.556689,5.925
24723,118.560932,4.243
24724,118.565838,4.906
24725,118.570176,4.338
24726,118.574518,4.342
24727,118.57916,4.642
24728,118.584095,4.935
24729,118.589703,5.608
24730,118.596579,6.876
24731,118.600773,4.194
24732,118.605031,4.258
24733,118.60917,4.139
24734,118.614328,5.158
24735,118.618191,3.863
24736,118.622967,4.776
24737,118.629302,6.335
24738,118.635229,5.927
24739,118.640816,5.587
24740,118.646062,5.246
24741,118.651576,5.514
24742,118.656192,4.616
24743,118.660219,4.027
24744,118.666172,5.953
24745,118.671115,4.943
24746,118.675798,4.683
24747,118.680903,5.105
24748,118.684878,3.975
24749,118.691114,6.236
24750,118.696392,5.278
24751,118.70311,6.718
24752,118.707329,4.219
24753,118.711414,4.085
24754,118.716509,5.095
24755,118.720369,3.86
24756,118.725004,4.635
24757,118.730159,5.155
24758,118.735679,5.52
24759,118.740435,4.756
24760,118.746442,6.007
24761,118.751555,5.113
24762,118.755683,4.128
24763,118.76003,4.347
24764,118.765233,5.203
24765,118.769299,4.066
24766,118.773421,4.122
24767,118.778802,5.381
24768,118.782519,3.717
24769,118.788889,6.37
24770,118.7932,4.311
24771,118.800131,6.931
24772,118.804372,4.241
24773,118.808226,3.854
24774,118.813322,5.096
24775,118.816924,3.602
24776,118.821353,4.429
24777,118.826168,4.815
24778,118.831553,5.385
24779,118.836206,4.653
24780,118.841753,5.547
24781,118.847062,5.309
24782,118.850249,3.187
24783,118.854519,4.27
24784,118.859177,4.658
24785,118.862698,3.521
24786,118.867112,4.414
24787,118.872986,5.874
24788,118.877308,4.322
24789,118.883263,5.955
24790,118.88759,4.327
24791,118.892153,4.563
24792,118.895563,3.41
24793,118.89978,4.217
24794,118.903968,4.188
24795,118.910852,6.884
24796,118.914418,3.566
24797,118.918597,4.179
24798,118.924701,6.104
24799,118.927907,3.206
24800,118.933543,5.636
24801,118.938404,4.861
24802,118.944573,6.169
24803,118.948491,3.918
24804,118.952598,4.107
24805,118.957798,5.2
24806,118.962487,4.689
24807,118.966294,3.807
24808,118.970833,4.539
24809,118.975474,4.641
24810,118.979018,3.544
24811,118.985035,6.017
24812,118.989913,4.878
24813,118.994705,4.792
24814,118.998074,3.369
24815,119.002479,4.405
24816,119.009497,7.018
24817,119.015742,6.245
24818,119.020741,4.999
24819,119.024413,3.672
24820,119.029573,5.16
24821,119.033171,3.598
24822,119.037413,4.242
24823,119.041769,4.356
24824,119.046454,4.685
24825,119.049758,3.304
24826,119.055792,6.034
24827,119.059711,3.919
24828,119.064601,4.89
24829,119.070437,5.836
24830,119.074576,4.139
24831,119.081046,6.47
24832,119.084388,3.342
24833,119.089497,5.109
24834,119.093085,3.588
24835,119.097997,4.912
24836,119.101254,3.257
24837,119.105866,4.612
24838,119.111612,5.746
24839,119.12192,10.308
24840,119.127683,5.763
24841,119.131196,3.513
24842,119.13596,4.764
24843,119.140532,4.572
24844,119.145003,4.471
24845,119.149127,4.124
24846,119.154156,5.029
24847,119.158241,4.085
24848,119.161961,3.72
24849,119.166882,4.921
24850,119.170675,3.793
24851,119.176385,5.71
24852,119.180648,4.263
24853,119.185794,5.146
24854,119.18994,4.146
24855,119.194247,4.307
24856,119.199554,5.307
24857,119.205519,5.965
24858,119.208925,3.406
24859,119.213277,4.352
24860,119.220074,6.797
24861,119.225743,5.669
24862,119.229971,4.228
24863,119.236172,6.201
24864,119.239981,3.809
24865,119.243566,3.585
24866,119.247803,4.237
24867,119.253221,5.418
24868,119.260497,7.276
24869,119.263767,3.27
24870,119.267992,4.225
24871,119.273634,5.642
24872,119.277871,4.237
24873,119.282007,4.136
24874,119.290022,8.015
24875,119.294729,4.707
24876,119.298498,3.769
24877,119.3054,6.902
24878,119.30892,3.52
24879,119.312871,3.951
24880,119.31915,6.279
24881,119.325452,6.302
24882,119.329906,4.454
24883,119.335175,5.269
24884,119.339783,4.608
24885,119.34334,3.557
24886,119.347634,4.294
24887,119.352062,4.428
24888,119.359778,7.716
24889,119.36325,3.472
24890,119.36707,3.82
24891,119.373813,6.743
24892,119.377492,3.679
24893,119.381759,4.267
24894,119.389528,7.769
24895,119.393788,4.26
24896,119.398464,4.676
24897,119.404873,6.409
24898,119.409471,4.598
24899,119.412873,3.402
24900,119.419108,6.235
24901,119.424915,5.807
24902,119.429398,4.483
24903,119.432999,3.601
24904,119.438379,5.38
24905,119.441842,3.463
24906,119.445907,4.065
24907,119.450298,4.391
24908,119.459314,9.016
24909,119.462758,3.444
24910,119.466244,3.486
24911,119.473264,7.02
24912,119.47673,3.466
24913,119.481009,4.279
24914,119.488706,7.697
24915,119.493394,4.688
24916,119.497921,4.527
24917,119.504211,6.29
24918,119.508951,4.74
24919,119.512661,3.71
24920,119.519001,6.34
24921,119.525359,6.358
24922,119.530489,5.13
24923,119.535178,4.689
24924,119.539997,4.819
24925,119.543609,3.612
24926,119.548122,4.513
24927,119.552721,4.599
24928,119.559017,6.296
24929,119.562747,3.73
24930,119.567543,4.796
24931,119.574401,6.858
24932,119.578105,3.704
24933,119.582255,4.15
24934,119.590283,8.028
24935,119.594684,4.401
24936,119.599266,4.582
24937,119.606033,6.767
24938,119.609906,3.873
24939,119.615646,5.74
24940,119.620834,5.188
24941,119.626109,5.275
24942,119.630769,4.66
24943,119.637006,6.237
24944,119.640695,3.689
24945,119.644692,3.997
24946,119.65003,5.338
24947,119.65533,5.3
24948,119.659812,4.482
24949,119.66492,5.108
24950,119.668918,3.998
24951,119.675048,6.13
24952,119.679402,4.354
24953,119.684474,5.072
24954,119.690465,5.991
24955,119.694733,4.268
24956,119.699241,4.508
24957,119.705009,5.768
24958,119.709162,4.153
24959,119.714172,5.01
24960,119.719897,5.725
24961,119.725249,5.352
24962,119.730636,5.387
24963,119.735145,4.509
24964,119.739125,3.98
24965,119.743498,4.373
24966,119.748422,4.924
24967,119.752637,4.215
24968,119.758227,5.59
24969,119.762636,4.409
24970,119.767605,4.969
24971,119.773682,6.077
24972,119.778605,4.923
24973,119.782226,3.621
24974,119.789717,7.491
24975,119.793657,3.94
24976,119.79975,6.093
24977,119.805386,5.636
24978,119.810273,4.887
24979,119.814677,4.404
24980,119.820091,5.414
24981,119.825614,5.523
24982,119.831048,5.434
24983,119.836387,5.339
24984,119.84174,5.353
24985,119.84763,5.89
24986,119.854475,6.845
24987,119.860394,5.919
24988,119.869239,8.845
24989,119.877532,8.293
24990,119.881099,3.567
24991,119.888286,7.187
24992,119.893077,4.791
24993,119.898012,4.935
24994,119.906222,8.21
24995,119.912543,6.321
24996,119.915962,3.419
24997,119.922942,6.98
24998,119.928931,5.989
24999,119.933302,4.371
25000,119.940531,7.229
25001,119.950511,9.98
25002,119.954459,3.948
25003,119.959102,4.643
25004,119.962478,3.376
25005,119.968317,5.839
25006,119.975489,7.172
25007,119.978706,3.217
25008,119.982995,4.289
25009,119.988157,5.162
25010,119.992339,4.182
25011,119.996571,4.232
25012,120.003735,7.164
25013,120.008936,5.201
25014,120.013509,4.573
25015,120.020319,6.81
25016,120.023706,3.387
25017,120.02991,6.204
25018,120.03517,5.26
25019,120.040098,4.928
25020,120.044617,4.519
25021,120.048955,4.338
25022,120.054901,5.946
25023,120.05897,4.069
25024,120.063938,4.968
25025,120.069253,5.315
25026,120.074331,5.078
25027,120.079414,5.083
25028,120.084584,5.17
25029,120.08834,3.756
25030,120.093012,4.672
25031,120.097912,4.9
25032,120.103999,6.087
25033,120.108921,4.922
25034,120.114854,5.933
25035,120.119599,4.745
25036,120.12347,3.871
25037,120.130852,7.382
25038,120.134506,3.654
25039,120.139416,4.91
25040,120.143793,4.377
25041,120.148407,4.614
25042,120.154168,5.761
25043,120.158383,4.215
25044,120.163437,5.054
25045,120.167955,4.518
25046,120.172064,4.109
25047,120.179173,7.109
25048,120.182699,3.526
25049,120.186914,4.215
25050,120.19203,5.116
25051,120.19685,4.82
25052,120.202645,5.795
25053,120.207536,4.891
25054,120.211705,4.169
25055,120.216024,4.319
25056,120.220692,4.668
25057,120.227576,6.884
25058,120.233888,6.312
25059,120.240375,6.487
25060,120.245237,4.862
25061,120.251744,6.507
25062,120.256624,4.88
25063,120.261144,4.52
25064,120.266166,5.022
25065,120.270367,4.201
25066,120.274682,4.315
25067,120.281998,7.316
25068,120.285696,3.698
25069,120.290401,4.705
25070,120.294669,4.268
25071,120.299452,4.783
25072,120.303306,3.854
25073,120.307501,4.195
25074,120.31257,5.069
25075,120.316817,4.247
25076,120.321733,4.916
25077,120.328776,7.043
25078,120.332976,4.2
25079,120.338309,5.333
25080,120.343338,5.029
25081,120.348294,4.956
25082,120.354183,5.889
25083,120.358266,4.083
25084,120.363103,4.837
25085,120.367594,4.491
25086,120.371833,4.239
25087,120.379002,7.169
25088,120.382499,3.497
25089,120.389467,6.968
25090,120.393393,3.926
25091,120.399268,5.875
25092,120.404826,5.558
25093,120.409308,4.482
25094,120.4145,5.192
25095,120.419014,4.514
25096,120.424097,5.083
25097,120.430378,6.281
25098,120.434274,3.896
25099,120.43876,4.486
25100,120.443642,4.882
25101,120.449001,5.359
25102,120.454828,5.827
25103,120.459564,4.736
25104,120.464643,5.079
25105,120.469976,5.333
25106,120.474374,4.398
25107,120.481092,6.718
25108,120.491476,10.384
25109,120.495787,4.311
25110,120.502018,6.231
25111,120.505822,3.804
25112,120.512144,6.322
25113,120.517529,5.385
25114,120.523167,5.638
25115,120.527335,4.168
25116,120.531935,4.6
25117,120.5383,6.365
25118,120.542337,4.037
25119,120.547481,5.144
25120,120.552325,4.844
25121,120.556584,4.259
25122,120.563112,6.528
25123,120.568224,5.112
25124,120.572471,4.247
25125,120.57713,4.659
25126,120.585488,8.358
25127,120.588976,3.488
25128,120.59248,3.504
25129,120.597235,4.755
25130,120.601756,4.521
25131,120.60603,4.274
25132,120.612122,6.092
25133,120.617464,5.342
25134,120.623773,6.309
25135,120.62809,4.317
25136,120.63309,5.0
25137,120.638673,5.583
25138,120.643127,4.454
25139,120.647931,4.804
25140,120.653357,5.426
25141,120.658074,4.717
25142,120.662846,4.772
25143,120.669918,7.072
25144,120.673913,3.995
25145,120.677714,3.801
25146,120.682604,4.89
25147,120.688344,5.74
25148,120.692454,4.11
25149,120.697292,4.838
25150,120.702317,5.025
25151,120.70713,4.813
25152,120.712287,5.157
25153,120.718186,5.899
25154,120.724073,5.887
25155,120.728244,4.171
25156,120.734711,6.467
25157,120.741378,6.667
25158,120.748362,6.984
25159,120.75246,4.098
25160,120.756476,4.016
25161,120.761568,5.092
25162,120.768718,7.15
25163,120.772301,3.583
25164,120.776018,3.717
25165,120.781599,5.581
25166,120.785638,4.039
25167,120.789826,4.188
25168,120.795451,5.625
25169,120.801988,6.537
25170,120.807297,5.309
25171,120.811459,4.162
25172,120.81913,7.671
25173,120.824151,5.021
25174,120.828982,4.831
25175,120.833848,4.866
25176,120.837296,3.448
25177,120.8435,6.204
25178,120.849411,5.911
25179,120.854668,5.257
25180,120.864498,9.83
25181,120.8688,4.302
25182,120.873794,4.994
25183,120.87815,4.356
25184,120.882998,4.848
25185,120.887472,4.474
25186,120.891578,4.106
25187,120.898456,6.878
25188,120.903067,4.611
25189,120.907876,4.809
25190,120.912261,4.385
25191,120.917701,5.44
25192,120.922729,5.028
25193,120.926366,3.637
25194,120.931226,4.86
25195,120.935794,4.568
25196,120.941256,5.462
25197,120.946804,5.548
25198,120.951154,4.35
25199,120.957874,6.72
25200,120.962602,4.728
25201,120.966957,4.355
25202,120.971868,4.911
25203,120.976853,4.985
25204,120.981639,4.786
25205,120.985911,4.272
25206,120.990246,4.335
25207,120.997004,6.758
25208,121.0009,3.896
25209,121.005212,4.312
25210,121.009842,4.63
25211,121.014576,4.734
25212,121.020885,6.309
25213,121.025151,4.266
25214,121.030011,4.86
25215,121.033573,3.562
25216,121.037981,4.408
25217,121.044699,6.718
25218,121.048709,4.01
25219,121.052526,3.817
25220,121.058374,5.848
25221,121.062986,4.612
25222,121.069014,6.028
25223,121.073619,4.605
25224,121.077595,3.976
25225,121.081803,4.208
25226,121.085989,4.186
25227,121.092889,6.9
25228,121.096583,3.694
25229,121.101031,4.448
25230,121.107635,6.604
25231,121.112642,5.007
25232,121.117712,5.07
25233,121.123105,5.393
25234,121.129339,6.234
25235,121.133342,4.003
25236,121.137596,4.254
25237,121.144548,6.952
25238,121.148139,3.591
25239,121.152358,4.219
25240,121.157773,5.415
25241,121.162695,4.922
25242,121.16809,5.395
25243,121.172477,4.387
25244,121.177665,5.188
25245,121.18166,3.995
25246,121.185862,4.202
25247,121.192854,6.992
25248,121.196682,3.828
25249,121.201236,4.554
25250,121.206419,5.183
25251,121.210935,4.516
25252,121.216689,5.754
25253,121.22144,4.751
25254,121.226488,5.048
25255,121.230178,3.69
25256,121.234564,4.386
25257,121.241437,6.873
25258,121.245337,3.9
25259,121.249474,4.137
25260,121.255155,5.681
25261,121.260119,4.964
25262,121.265848,5.729
25263,121.269964,4.116
25264,121.274853,4.889
25265,121.27913,4.277
25266,121.28363,4.5
25267,121.290328,6.698
25268,121.29455,4.222
25269,121.298372,3.822
25270,121.303695,5.323
25271,121.308395,4.7
25272,121.314089,5.694
25273,121.318255,4.166
25274,121.323829,5.574
25275,121.328099,4.27
25276,121.33171,3.611
25277,121.336107,4.397
25278,121.341231,5.124
25279,121.344818,3.587
25280,121.349942,5.124
25281,121.354089,4.147
25282,121.360912,6.823
25283,121.364618,3.706
25284,121.368977,4.359
25285,121.374573,5.596
25286,121.378114,3.541
25287,121.385471,7.357
25288,121.389371,3.9
25289,121.393835,4.464
25290,121.398056,4.221
25291,121.402376,4.32
25292,121.408681,6.305
25293,121.413574,4.893
25294,121.418467,4.893
25295,121.423456,4.989
25296,121.42965,6.194
25297,121.435115,5.465
25298,121.439511,4.396
25299,121.443868,4.357
25300,121.450204,6.336
25301,121.453993,3.789
25302,121.459492,5.499
25303,121.46444,4.948
25304,121.4684,3.96
25305,121.473329,4.929
25306,121.477479,4.15
25307,121.486377,8.898
25308,121.489353,2.976
25309,121.494955,5.602
25310,121.500787,5.832
25311,121.5042,3.413
25312,121.510629,6.429
25313,121.514831,4.202
25314,121.520862,6.031
25315,121.525277,4.415
25316,121.530942,5.665
25317,121.538018,7.076
25318,121.542038,4.02
25319,121.546142,4.104
25320,121.551123,4.981
25321,121.556217,5.094
25322,121.561857,5.64
25323,121.566438,4.581
25324,121.571505,5.067
25325,121.57585,4.345
25326,121.580274,4.424
25327,121.586848,6.574
25328,121.594118,7.27
25329,121.597564,3.446
25330,121.602285,4.721
25331,121.607573,5.288
25332,121.613305,5.732
25333,121.617929,4.624
25334,121.62339,5.461
25335,121.627351,3.961
25336,121.632082,4.731
25337,121.639562,7.48
25338,121.644008,4.446
25339,121.650105,6.097
25340,121.655557,5.452
25341,121.65935,3.793
25342,121.665919,6.569
25343,121.671085,5.166
25344,121.674994,3.909
25345,121.679875,4.881
25346,121.685181,5.306
25347,121.690956,5.775
25348,121.695397,4.441
25349,121.700805,5.408
25350,121.705038,4.233
25351,121.709348,4.31
25352,121.716533,7.185
25353,121.720512,3.979
25354,121.724674,4.162
25355,121.729306,4.632
25356,121.736242,6.936
25357,121.740445,4.203
25358,121.744152,3.707
25359,121.749249,5.097
25360,121.753567,4.318
25361,121.757824,4.257
25362,121.764518,6.694
25363,121.768273,3.755
25364,121.772658,4.385
25365,121.777361,4.703
25366,121.782308,4.947
25367,121.786284,3.976
25368,121.790258,3.974
25369,121.795168,4.91
25370,121.799523,4.355
25371,121.803668,4.145
25372,121.810513,6.845
25373,121.814022,3.509
25374,121.818364,4.342
25375,121.823287,4.923
25376,121.828023,4.736
25377,121.833745,5.722
25378,121.838878,5.133
25379,121.845125,6.247
25380,121.849338,4.213
25381,121.853554,4.216
25382,121.86037,6.816
25383,121.863847,3.477
25384,121.868321,4.474
25385,121.872953,4.632
25386,121.877852,4.899
25387,121.883606,5.754
25388,121.887709,4.103
25389,121.892598,4.889
25390,121.897045,4.447
25391,121.901286,4.241
25392,121.907955,6.669
25393,121.911603,3.648
25394,121.91591,4.307
25395,121.920617,4.707
25396,121.925611,4.994
25397,121.931102,5.491
25398,121.936028,4.926
25399,121.941498,5.47
25400,121.944849,3.351
25401,121.950583,5.734
25402,121.955615,5.032
25403,121.95926,3.645
25404,121.96547,6.21
25405,121.969695,4.225
25406,121.976284,6.589
25407,121.979961,3.677
25408,121.984882,4.921
25409,121.989306,4.424
25410,121.992833,3.527
25411,121.997299,4.466
25412,122.003779,6.48
25413,122.008429,4.65
25414,122.011587,3.158
25415,122.018016,6.429
25416,122.022858,4.842
25417,122.026182,3.324
25418,122.030704,4.522
25419,122.035769,5.065
25420,122.042037,6.268
25421,122.045701,3.664
25422,122.050681,4.98
25423,122.055596,4.915
25424,122.060915,5.319
25425,122.065561,4.646
25426,122.070318,4.757
25427,122.07664,6.322
25428,122.080189,3.549
25429,122.084576,4.387
25430,122.08977,5.194
25431,122.093,3.23
25432,122.097374,4.374
25433,122.102436,5.062
25434,122.10764,5.204
25435,122.11198,4.34
25436,122.116601,4.621
25437,122.120688,4.087
25438,122.125424,4.736
25439,122.129153,3.729
25440,122.13478,5.627
25441,122.142225,7.445
25442,122.145642,3.417
25443,122.150707,5.065
25444,122.156697,5.99
25445,122.161579,4.882
25446,122.167319,5.74
25447,122.17133,4.011
25448,122.175555,4.225
25449,122.18053,4.975
25450,122.184222,3.692
25451,122.190257,6.035
25452,122.195031,4.774
25453,122.198932,3.901
25454,122.203384,4.452
25455,122.207299,3.915
25456,122.213821,6.522
25457,122.21783,4.009
25458,122.22317,5.34
25459,122.22598,2.81
25460,122.231256,5.276
25461,122.234785,3.529
25462,122.239018,4.233
25463,122.243899,4.881
25464,122.2475,3.601
25465,122.25267,5.17
25466,122.258407,5.737
25467,122.263229,4.822
25468,122.266809,3.58
25469,122.271066,4.257
25470,122.275513,4.447
25471,122.282028,6.515
25472,122.285944,3.916
25473,122.290101,4.157
25474,122.295247,5.146
25475,122.298604,3.357
25476,122.303348,4.744
25477,122.307432,4.084
25478,122.312295,4.863
25479,122.316163,3.868
25480,122.321016,4.853
25481,122.32722,6.204
25482,122.331776,4.556
25483,122.335633,3.857
25484,122.340043,4.41
25485,122.344913,4.87
25486,122.350553,5.64
25487,122.35466,4.107
25488,122.359025,4.365
25489,122.363994,4.969
25490,122.367704,3.71
25491,122.371975,4.271
25492,122.376295,4.32
25493,122.381031,4.736
25494,122.387135,6.104
25495,122.391599,4.464
25496,122.3976,6.001
25497,122.401634,4.034
25498,122.40555,3.916
25499,122.40996,4.41
25500,122.4149,4.94
25501,122.419834,4.934
25502,122.424352,4.518
25503,122.42979,5.438
25504,122.434925,5.135
25505,122.438275,3.35
25506,122.444582,6.307
25507,122.449992,5.41
25508,122.454103,4.111
25509,122.457359,3.256
25510,122.461779,4.42
25511,122.468728,6.949
25512,122.472261,3.533
25513,122.476773,4.512
25514,122.48181,5.037
25515,122.486499,4.689
25516,122.491511,5.012
25517,122.495805,4.294
25518,122.501578,5.773
25519,122.504917,3.339
25520,122.508936,4.019
25521,122.516136,7.2
25522,122.520728,4.592
25523,122.524443,3.715
25524,122.528438,3.995
25525,122.533661,5.223
25526,122.537135,3.474
25527,122.54152,4.385
25528,122.546135,4.615
25529,122.551572,5.437
25530,122.554559,2.987
25531,122.55889,4.331
25532,122.563822,4.932
25533,122.568356,4.534
25534,122.572295,3.939
25535,122.578372,6.077
25536,122.583438,5.066
25537,122.587147,3.709
25538,122.591483,4.336
25539,122.595888,4.405
25540,122.600959,5.071
25541,122.604685,3.726
25542,122.608937,4.252
25543,122.613981,5.044
25544,122.619199,5.218
25545,122.624847,5.648
25546,122.629208,4.361
25547,122.635461,6.253
25548,122.638909,3.448
25549,122.644281,5.372
25550,122.649511,5.23
25551,122.654044,4.533
25552,122.65935,5.306
25553,122.665126,5.776
25554,122.67017,5.044
25555,122.675531,5.361
25556,122.679621,4.09
25557,122.685487,5.866
25558,122.689952,4.465
25559,122.694313,4.361
25560,122.698766,4.453
25561,122.703509,4.743
25562,122.707315,3.806
25563,122.711295,3.98
25564,122.718219,6.924
25565,122.724263,6.044
25566,122.72788,3.617
25567,122.732127,4.247
25568,122.736791,4.664
25569,122.740377,3.586
25570,122.744531,4.154
25571,122.74984,5.309
25572,122.754182,4.342
25573,122.759271,5.089
25574,122.762899,3.628
25575,122.769719,6.82
25576,122.773241,3.522
25577,122.777362,4.121
25578,122.782218,4.856
25579,122.786576,4.358
25580,122.790152,3.576
25581,122.794307,4.155
25582,122.799362,5.055
25583,122.803021,3.659
25584,122.808808,5.787
25585,122.812919,4.111
25586,122.819828,6.909
25587,122.823392,3.564
25588,122.827285,3.893
25589,122.832365,5.08
25590,122.836066,3.701
25591,122.840235,4.169
25592,122.844226,3.991
25593,122.85112,6.894
25594,122.854953,3.833
25595,122.860156,5.203
25596,122.86543,5.274
25597,122.869479,4.049
25598,122.874862,5.383
25599,122.878897,4.035
25600,122.884021,5.124
25601,122.887269,3.248
25602,122.891556,4.287
25603,122.895585,4.029
25604,122.900825,5.24
25605,122.906402,5.577
25606,122.910246,3.844
25607,122.915273,5.027
25608,122.919969,4.696
25609,122.925175,5.206
25610,122.9292,4.025
25611,122.934337,5.137
25612,122.938446,4.109
25613,122.943568,5.122
25614,122.948007,4.439
25615,122.952942,4.935
25616,122.957171,4.229
25617,122.962493,5.322
25618,122.967676,5.183
25619,122.972836,5.16
25620,122.976943,4.107
25621,122.983285,6.342
25622,122.986826,3.541
25623,122.991289,4.463
25624,122.995346,4.057
25625,123.000807,5.461
25626,123.004158,3.351
25627,123.00851,4.352
25628,123.012661,4.151
25629,123.019018,6.357
25630,123.022503,3.485
25631,123.027044,4.541
25632,123.031926,4.882
25633,123.037336,5.41
25634,123.041712,4.376
25635,123.045114,3.402
25636,123.050181,5.067
25637,123.054127,3.946
25638,123.058278,4.151
25639,123.063196,4.918
25640,123.068032,4.836
25641,123.072944,4.912
25642,123.077159,4.215
25643,123.08233,5.171
25644,123.086253,3.923
25645,123.090847,4.594
25646,123.095246,4.399
25647,123.100588,5.342
25648,123.103856,3.268
25649,123.108323,4.467
25650,123.112781,4.458
25651,123.118384,5.603
25652,123.121601,3.217
25653,123.126103,4.502
25654,123.131023,4.92
25655,123.13662,5.597
25656,123.142717,6.097
25657,123.145339,2.622
25658,123.150343,5.004
25659,123.154037,3.694
25660,123.158466,4.429
25661,123.163026,4.56
25662,123.168062,5.036
25663,123.17316,5.098
25664,123.177465,4.305
25665,123.182976,5.511
25666,123.186509,3.533
25667,123.191187,4.678
25668,123.195582,4.395
25669,123.201168,5.586
25670,123.204657,3.489
25671,123.209551,4.894
25672,123.214583,5.032
25673,123.21881,4.227
25674,123.222962,4.152
25675,123.227611,4.649
25676,123.232985,5.374
25677,123.237946,4.961
25678,123.242534,4.588
25679,123.248056,5.522
25680,123.252131,4.075
25681,123.257451,5.32
25682,123.261987,4.536
25683,123.269167,7.18
25684,123.273596,4.429
25685,123.277285,3.689
25686,123.282708,5.423
25687,123.287285,4.577
25688,123.291676,4.391
25689,123.296952,5.276
25690,123.30336,6.408
25691,123.30741,4.05
25692,123.311142,3.732
25693,123.317923,6.781
25694,123.321298,3.375
25695,123.32703,5.732
25696,123.331718,4.688
25697,123.338416,6.698
25698,123.34232,3.904
25699,123.347394,5.074
25700,123.352692,5.298
25701,123.357564,4.872
25702,123.361951,4.387
25703,123.368023,6.072
25704,123.373859,5.836
25705,123.377824,3.965
25706,123.382226,4.402
25707,123.388515,6.289
25708,123.392097,3.582
25709,123.397946,5.849
25710,123.402825,4.879
25711,123.408683,5.858
25712,123.412242,3.559
25713,123.418235,5.993
25714,123.423079,4.844
25715,123.427967,4.888
25716,123.432366,4.399
25717,123.437644,5.278
25718,123.442463,4.819
25719,123.447085,4.622
25720,123.453417,6.332
25721,123.457851,4.434
25722,123.461529,3.678
25723,123.467733,6.204
25724,123.472712,4.979
25725,123.476164,3.452
25726,123.480543,4.379
25727,123.485861,5.318
25728,123.490949,5.088
25729,123.493784,2.835
25730,123.499307,5.523
25731,123.504095,4.788
25732,123.509436,5.341
25733,123.513684,4.248
25734,123.522651,8.967
25735,123.526271,3.62
25736,123.529839,3.568
25737,123.53439,4.551
25738,123.539294,4.904
25739,123.542688,3.394
25740,123.547,4.312
25741,123.55532,8.32
25742,123.558526,3.206
25743,123.562032,3.506
25744,123.567321,5.289
25745,123.570606,3.285
25746,123.575085,4.479
25747,123.579247,4.162
25748,123.584427,5.18
25749,123.589457,5.03
25750,123.592879,3.422
25751,123.597851,4.972
25752,123.603364,5.513
25753,123.609224,5.86
25754,123.614117,4.893
25755,123.618097,3.98
25756,123.622615,4.518
25757,123.626541,3.926
25758,123.631338,4.797
25759,123.635379,4.041
25760,123.639602,4.223
25761,123.644712,5.11
25762,123.648445,3.733
25763,123.654273,5.828
25764,123.658537,4.264
25765,123.663332,4.795
25766,123.667342,4.01
25767,123.671354,4.012
25768,123.6767,5.346
25769,123.680095,3.395
25770,123.685534,5.439
25771,123.690638,5.104
25772,123.696497,5.859
25773,123.700424,3.927
25774,123.704668,4.244
25775,123.710079,5.411
25776,123.713441,3.362
25777,123.719092,5.651
25778,123.723631,4.539
25779,123.728197,4.566
25780,123.731922,3.725
25781,123.736283,4.361
25782,123.741351,5.068
25783,123.744919,3.568
25784,123.74946,4.541
25785,123.754525,5.065
25786,123.759552,5.027
25787,123.763141,3.589
25788,123.767481,4.34
25789,123.77261,5.129
25790,123.775923,3.313
25791,123.780296,4.373
25792,123.787352,7.056
25793,123.791362,4.01
25794,123.794802,3.44
25795,123.799423,4.621
25796,123.804029,4.606
25797,123.808681,4.652
25798,123.812404,3.723
25799,123.816888,4.484
25800,123.824345,7.457
25801,123.828228,3.883
25802,123.832547,4.319
25803,123.836722,4.175
25804,123.841909,5.187
25805,123.84573,3.821
25806,123.84966,3.93
25807,123.855539,5.879
25808,123.859791,4.252
25809,123.863461,3.67
25810,123.868129,4.668
25811,123.872646,4.517
25812,123.876142,3.496
25813,123.880696,4.554
25814,123.886447,5.751
25815,123.890943,4.496
25816,123.894111,3.168
25817,123.898534,4.423
25818,123.905966,7.432
25819,123.910243,4.277
25820,123.914682,4.439
25821,123.919353,4.671
25822,123.924406,5.053
25823,123.929506,5.1
25824,123.934199,4.693
25825,123.939806,5.607
25826,123.944722,4.916
25827,123.949135,4.413
25828,123.956001,6.866
25829,123.958715,2.714
25830,123.96423,5.515
25831,123.96802,3.79
25832,123.972271,4.251
25833,123.977281,5.01
25834,123.985571,8.29
25835,123.988969,3.398
25836,123.993804,4.835
25837,123.998955,5.151
25838,124.002291,3.336
25839,124.006871,4.58
25840,124.011285,4.414
25841,124.017009,5.724
25842,124.025293,8.284
25843,124.028198,2.905
25844,124.033813,5.615
25845,124.038594,4.781
25846,124.042984,4.39
25847,124.047559,4.575
25848,124.053529,5.97
25849,124.057928,4.399
25850,124.063926,5.998
25851,124.069555,5.629
25852,124.073551,3.996
25853,124.07903,5.479
25854,124.087021,7.991
25855,124.093935,6.914
25856,124.097608,3.673
25857,124.102951,5.343
25858,124.108228,5.277
25859,124.111872,3.644
25860,124.116485,4.613
25861,124.120941,4.456
25862,124.125934,4.993
25863,124.131829,5.895
25864,124.136386,4.557
25865,124.142988,6.602
25866,124.146468,3.48
25867,124.151172,4.704
25868,124.156413,5.241
25869,124.159755,3.342
25870,124.163778,4.023
25871,124.169025,5.247
25872,124.173357,4.332
25873,124.17654,3.183
25874,124.183121,6.581
25875,124.187837,4.716
25876,124.191564,3.727
25877,124.195314,3.75
25878,124.203441,8.127
25879,124.207489,4.048
25880,124.211656,4.167
25881,124.215918,4.262
25882,124.220661,4.743
25883,124.226085,5.424
25884,124.230183,4.098
25885,124.237707,7.524
25886,124.241395,3.688
25887,124.244079,2.684
25888,124.249538,5.459
25889,124.252954,3.416
25890,124.257405,4.451
25891,124.261216,3.811
25892,124.266254,5.038
25893,124.270375,4.121
25894,124.275866,5.491
25895,124.280828,4.962
25896,124.284819,3.991
25897,124.28844,3.621
25898,124.292763,4.323
25899,124.297468,4.705
25900,124.303102,5.634
25901,124.307216,4.114
25902,124.312691,5.475
25903,124.318303,5.612
25904,124.322641,4.338
25905,124.328034,5.393
25906,124.333311,5.277
25907,124.337418,4.107
25908,124.340683,3.265
25909,124.347617,6.934
25910,124.353816,6.199
25911,124.357719,3.903
25912,124.362988,5.269
25913,124.368749,5.761
25914,124.373109,4.36
25915,124.377294,4.185
25916,124.386552,9.258
25917,124.389291,2.739
25918,124.394406,5.115
25919,124.401178,6.772
25920,124.40811,6.932
25921,124.412494,4.384
25922,124.41729,4.796
25923,124.422661,5.371
25924,124.426355,3.694
25925,124.432511,6.156
25926,124.440383,7.872
25927,124.444626,4.243
25928,124.449755,5.129
25929,124.454653,4.898
25930,124.458028,3.375
25931,124.463302,5.274
25932,124.466822,3.52
25933,124.471983,5.161
25934,124.476344,4.361
25935,124.480531,4.187
25936,124.485625,5.094
25937,124.489037,3.412
25938,124.493275,4.238
25939,124.49863,5.355
25940,124.503659,5.029
25941,124.508641,4.982
25942,124.512618,3.977
25943,124.519519,6.901
25944,124.522945,3.426
25945,124.528491,5.546
25946,124.535108,6.617
25947,124.539106,3.998
25948,124.54323,4.124
25949,124.548485,5.255
25950,124.55154,3.055
25951,124.556248,4.708
25952,124.559954,3.706
25953,124.565233,5.279
25954,124.569812,4.579
25955,124.573757,3.945
25956,124.578596,4.839
25957,124.582144,3.548
25958,124.587371,5.227
25959,124.591064,3.693
25960,124.595907,4.843
25961,124.601422,5.515
25962,124.605564,4.142
25963,124.61151,5.946
25964,124.615374,3.864
25965,124.621248,5.874
25966,124.625435,4.187
25967,124.630283,4.848
25968,124.633729,3.446
25969,124.638022,4.293
25970,124.642595,4.573
25971,124.646329,3.734
25972,124.650908,4.579
25973,124.658287,7.379
25974,124.666208,7.921
25975,124.673404,7.196
25976,124.676767,3.363
25977,124.684768,8.001
25978,124.688079,3.311
25979,124.691838,3.759
25980,124.695817,3.979
25981,124.701395,5.578
25982,124.705546,4.151
25983,124.710625,5.079
25984,124.715681,5.056
25985,124.720237,4.556
25986,124.724362,4.125
25987,124.728702,4.34
25988,124.734085,5.383
25989,124.737903,3.818
25990,124.741622,3.719
25991,124.74672,5.098
25992,124.75072,4.0
25993,124.757043,6.323
25994,124.761854,4.811
25995,124.767201,5.347
25996,124.770382,3.181
25997,124.774819,4.437
25998,124.77939,4.571
25999,124.784223,4.833
26000,124.788268,4.045
26001,124.792552,4.284
26002,124.79753,4.978
26003,124.802077,4.547
26004,124.807696,5.619
26005,124.813817,6.121
26006,124.817985,4.168
26007,124.824434,6.449
26008,124.827954,3.52
26009,124.832865,4.911
26010,124.83644,3.575
26011,124.840723,4.283
26012,124.845631,4.908
26013,124.849267,3.636
26014,124.857584,8.317
26015,124.861773,4.189
26016,124.866707,4.934
26017,124.87014,3.433
26018,124.874518,4.378
26019,124.879384,4.866
26020,124.884741,5.357
26021,124.888149,3.408
26022,124.892331,4.182
26023,124.899452,7.121
26024,124.902709,3.257
26025,124.908367,5.658
26026,124.91302,4.653
26027,124.917855,4.835
26028,124.921747,3.892
26029,124.925507,3.76
26030,124.930379,4.872
26031,124.934953,4.574
26032,124.938291,3.338
26033,124.943246,4.955
26034,124.946819,3.573
26035,124.953348,6.529
26036,124.957023,3.675
26037,124.961761,4.738
26038,124.965621,3.86
26039,124.970835,5.214
26040,124.975044,4.209
26041,124.978517,3.473
26042,124.984465,5.948
26043,124.988889,4.424
26044,124.992727,3.838
26045,124.997285,4.558
26046,125.003013,5.728
26047,125.010864,7.851
26048,125.013616,2.752
26049,125.021106,7.49
26050,125.028512,7.406
26051,125.036707,8.195
26052,125.040342,3.635
26053,125.043939,3.597
26054,125.049097,5.158
26055,125.052685,3.588
26056,125.056822,4.137
26057,125.061136,4.314
26058,125.067149,6.013
26059,125.071126,3.977
26060,125.075456,4.33
26061,125.081235,5.779
26062,125.085831,4.596
26063,125.090868,5.037
26064,125.095241,4.373
26065,125.100365,5.124
26066,125.103894,3.529
26067,125.10818,4.286
26068,125.114417,6.237
26069,125.118272,3.855
26070,125.123018,4.746
26071,125.127095,4.077
26072,125.132206,5.111
26073,125.135677,3.471
26074,125.140194,4.517
26075,125.145238,5.044
26076,125.149243,4.005
26077,125.153583,4.34
26078,125.157945,4.362
26079,125.163098,5.153
26080,125.16704,3.942
26081,125.171461,4.421
26082,125.17657,5.109
26083,125.180931,4.361
26084,125.186233,5.302
26085,125.190847,4.614
26086,125.195892,5.045
26087,125.199834,3.942
26088,125.204216,4.382
26089,125.209419,5.203
26090,125.213827,4.408
26091,125.218776,4.949
26092,125.22238,3.604
26093,125.227313,4.933
26094,125.231567,4.254
26095,125.23557,4.003
26096,125.240731,5.161
26097,125.244456,3.725
26098,125.249001,4.545
26099,125.253744,4.743
26100,125.258668,4.924
26101,125.262358,3.69
26102,125.266885,4.527
26103,125.27104,4.155
26104,125.275972,4.932
26105,125.279388,3.416
26106,125.284773,5.385
26107,125.289611,4.838
26108,125.293079,3.468
26109,125.297503,4.424
26110,125.302089,4.586
26111,125.306624,4.535
26112,125.310097,3.473
26113,125.315638,5.541
26114,125.32048,4.842
26115,125.325347,4.867
26116,125.328484,3.137
26117,125.33331,4.826
26118,125.340264,6.954
26119,125.343387,3.123
26120,125.347954,4.567
26121,125.351972,4.018
26122,125.35707,5.098
26123,125.360292,3.222
26124,125.366444,6.152
26125,125.370642,4.198
26126,125.375469,4.827
26127,125.379328,3.859
26128,125.383904,4.576
26129,125.389139,5.235
26130,125.392387,3.248
26131,125.39683,4.443
26132,125.401338,4.508
26133,125.406167,4.829
26134,125.409823,3.656
26135,125.41413,4.307
26136,125.4188,4.67
26137,125.423574,4.774
26138,125.427128,3.554
26139,125.435449,8.321
26140,125.440043,4.594
26141,125.44408,4.037
26142,125.44849,4.41
26143,125.45265,4.16
26144,125.457721,5.071
26145,125.461224,3.503
26146,125.466413,5.189
26147,125.470196,3.783
26148,125.475119,4.923
26149,125.479018,3.899
26150,125.483723,4.705
26151,125.487717,3.994
26152,125.492776,5.059
26153,125.496636,3.86
26154,125.50197,5.334
26155,125.506135,4.165
26156,125.511184,5.049
26157,125.514966,3.782
26158,125.51911,4.144
26159,125.523379,4.269
26160,125.528337,4.958
26161,125.534674,6.337
26162,125.538768,4.094
26163,125.543276,4.508
26164,125.548494,5.218
26165,125.551793,3.299
26166,125.556216,4.423
26167,125.560681,4.465
26168,125.566025,5.344
26169,125.569089,3.064
26170,125.573346,4.257
26171,125.577631,4.285
26172,125.583149,5.518
26173,125.586202,3.053
26174,125.590577,4.375
26175,125.594831,4.254
26176,125.600305,5.474
26177,125.603534,3.229
26178,125.607686,4.152
26179,125.611974,4.288
26180,125.617545,5.571
26181,125.620646,3.101
26182,125.624866,4.22
26183,125.629203,4.337
26184,125.636684,7.481
26185,125.640542,3.858
26186,125.645358,4.816
26187,125.65055,5.192
26188,125.653713,3.163
26189,125.658023,4.31
26190,125.662252,4.229
26191,125.668324,6.072
26192,125.671364,3.04
26193,125.676131,4.767
26194,125.679958,3.827
26195,125.686074,6.116
26196,125.689748,3.674
26197,125.693514,3.766
26198,125.699337,5.823
26199,125.703388,4.051
26200,125.707324,3.936
26201,125.71144,4.116
26202,125.717852,6.412
26203,125.720768,2.916
26204,125.725875,5.107
26205,125.72935,3.475
26206,125.735655,6.305
26207,125.738835,3.18
26208,125.742612,3.777
26209,125.748118,5.506
26210,125.751236,3.118
26211,125.755351,4.115
26212,125.759795,4.444
26213,125.764886,5.091
26214,125.769275,4.389
26215,125.77299,3.715
26216,125.777164,4.174
26217,125.784074,6.91
26218,125.787052,2.978
26219,125.791379,4.327
26220,125.795628,4.249
26221,125.80231,6.682
26222,125.805739,3.429
26223,125.810092,4.353
26224,125.815259,5.167
26225,125.818513,3.254
26226,125.822847,4.334
26227,125.826952,4.105
26228,125.832005,5.053
26229,125.836924,4.919
26230,125.842258,5.334
26231,125.846087,3.829
26232,125.851026,4.939
26233,125.855885,4.859
26234,125.859522,3.637
26235,125.864909,5.387
26236,125.868306,3.397
26237,125.872467,4.161
26238,125.878387,5.92
26239,125.883443,5.056
26240,125.886962,3.519
26241,125.892961,5.999
26242,125.897507,4.546
26243,125.90299,5.483
26244,125.905952,2.962
26245,125.910173,4.221
26246,125.917164,6.991
26247,125.919968,2.804
26248,125.924298,4.33
26249,125.928626,4.328
26250,125.936008,7.382
26251,125.94015,4.142
26252,125.9426,2.45
26253,125.946947,4.347
26254,125.957814,10.867
26255,125.960565,2.751
26256,125.964241,3.676
26257,125.970542,6.301
26258,125.974151,3.609
26259,125.980661,6.51
26260,125.98619,5.529
26261,125.991606,5.416
26262,125.999684,8.078
26263,126.00691,7.226
26264,126.013666,6.756
26265,126.017553,3.887
26266,126.024061,6.508
26267,126.028111,4.05
26268,126.033583,5.472
26269,126.040945,7.362
26270,126.048924,7.979
26271,126.05412,5.196
26272,126.058307,4.187
26273,126.061826,3.519
26274,126.070366,8.54
26275,126.073793,3.427
26276,126.082926,9.133
26277,126.087731,4.805
26278,126.092168,4.437
26279,126.097966,5.798
26280,126.102806,4.84
26281,126.10731,4.504
26282,126.111536,4.226
26283,126.118376,6.84
26284,126.122275,3.899
26285,126.126579,4.304
26286,126.131781,5.202
26287,126.135454,3.673
26288,126.139959,4.505
26289,126.144887,4.928
26290,126.148679,3.792
26291,126.153009,4.33
26292,126.158153,5.144
26293,126.16209,3.937
26294,126.166629,4.539
26295,126.170933,4.304
26296,126.176,5.067
26297,126.179992,3.992
26298,126.186172,6.18
26299,126.191149,4.977
26300,126.195083,3.934
26301,126.201481,6.398
26302,126.206655,5.174
26303,126.210548,3.893
26304,126.215513,4.965
26305,126.220381,4.868
26306,126.22487,4.489
26307,126.228973,4.103
26308,126.233547,4.574
26309,126.238122,4.575
26310,126.243348,5.226
26311,126.247507,4.159
26312,126.251683,4.176
26313,126.256844,5.161
26314,126.260838,3.994
26315,126.267148,6.31
26316,126.271684,4.536
26317,126.276773,5.089
26318,126.282881,6.108
26319,126.286539,3.658
26320,126.290898,4.359
26321,126.297981,7.083
26322,126.301667,3.686
26323,126.305985,4.318
26324,126.311065,5.08
26325,126.319023,7.958
26326,126.321957,2.934
26327,126.325509,3.552
26328,126.330894,5.385
26329,126.334404,3.51
26330,126.338803,4.399
26331,126.34309,4.287
26332,126.348549,5.459
26333,126.351756,3.207
26334,126.35596,4.204
26335,126.361165,5.205
26336,126.364854,3.689
26337,126.369025,4.171
26338,126.374855,5.83
26339,126.380224,5.369
26340,126.383396,3.172
26341,126.389353,5.957
26342,126.393582,4.229
26343,126.400052,6.47
26344,126.403449,3.397
26345,126.408745,5.296
26346,126.414045,5.3
26347,126.41754,3.495
26348,126.421823,4.283
26349,126.426015,4.192
26350,126.431826,5.811
26351,126.435837,4.011
26352,126.439041,3.204
26353,126.443212,4.171
26354,126.450394,7.182
26355,126.453455,3.061
26356,126.457512,4.057
26357,126.462639,5.127
26358,126.467785,5.146
26359,126.471359,3.574
26360,126.47559,4.231
26361,126.482606,7.016
26362,126.486003,3.397
26363,126.490226,4.223
26364,126.494357,4.131
26365,126.501541,7.184
26366,126.50427,2.729
26367,126.50862,4.35
26368,126.513871,5.251
26369,126.518044,4.173
26370,126.522344,4.3
26371,126.526573,4.229
26372,126.532161,5.588
26373,126.536625,4.464
26374,126.541988,5.363
26375,126.546187,4.199
26376,126.551089,4.902
26377,126.554742,3.653
26378,126.560037,5.295
26379,126.565672,5.635
26380,126.568878,3.206
26381,126.574992,6.114
26382,126.579567,4.575
26383,126.58446,4.893
26384,126.588294,3.834
26385,126.592291,3.997
26386,126.597406,5.115
26387,126.601118,3.712
26388,126.605342,4.224
26389,126.609702,4.36
26390,126.61478,5.078
26391,126.620118,5.338
26392,126.624272,4.154
26393,126.628596,4.324
26394,126.634485,5.889
26395,126.637981,3.496
26396,126.641757,3.776
26397,126.646968,5.211
26398,126.650382,3.414
26399,126.654676,4.294
26400,126.65908,4.404
26401,126.665881,6.801
26402,126.66931,3.429
26403,126.67355,4.24
26404,126.677809,4.259
26405,126.684298,6.489
26406,126.687122,2.824
26407,126.691489,4.367
26408,126.696705,5.216
26409,126.70168,4.975
26410,126.706028,4.348
26411,126.71007,4.042
26412,126.715163,5.093
26413,126.718589,3.426
26414,126.722888,4.299
26415,126.727217,4.329
26416,126.735031,7.814
26417,126.738867,3.836
26418,126.742069,3.202
26419,126.747253,5.184
26420,126.750597,3.344
26421,126.756653,6.056
26422,126.760863,4.21
26423,126.767103,6.24
26424,126.770506,3.403
26425,126.775766,5.26
26426,126.782711,6.945
26427,126.786366,3.655
26428,126.790768,4.402
26429,126.795218,4.45
26430,126.799965,4.747
26431,126.804014,4.049
26432,126.808034,4.02
26433,126.812851,4.817
26434,126.817651,4.8
26435,126.823247,5.596
26436,126.827481,4.234
26437,126.834695,7.214
26438,126.839302,4.607
26439,126.84458,5.278
26440,126.849378,4.798
26441,126.854139,4.761
26442,126.857738,3.599
26443,126.862382,4.644
26444,126.867234,4.852
26445,126.871073,3.839
26446,126.877136,6.063
26447,126.881557,4.421
26448,126.886277,4.72
26449,126.890235,3.958
26450,126.895967,5.732
26451,126.90104,5.073
26452,126.90504,4.0
26453,126.908591,3.551
26454,126.91296,4.369
26455,126.919891,6.931
26456,126.923512,3.621
26457,126.930147,6.635
26458,126.935891,5.744
26459,126.940916,5.025
26460,126.945261,4.345
26461,126.949366,4.105
26462,126.954429,5.063
26463,126.958085,3.656
26464,126.964299,6.214
26465,126.969151,4.852
26466,126.97473,5.579
26467,126.979143,4.413
26468,126.983364,4.221
26469,126.988483,5.119
26470,126.991961,3.478
26471,126.99689,4.929
26472,127.001292,4.402
26473,127.00533,4.038
26474,127.009619,4.289
26475,127.013957,4.338
26476,127.018854,4.897
26477,127.024588,5.734
26478,127.029067,4.479
26479,127.034522,5.455
26480,127.038243,3.721
26481,127.04228,4.037
26482,127.046725,4.445
26483,127.051477,4.752
26484,127.056793,5.316
26485,127.061231,4.438
26486,127.066425,5.194
26487,127.069859,3.434
26488,127.074171,4.312
26489,127.078746,4.575
26490,127.083443,4.697
26491,127.087149,3.706
26492,127.091597,4.448
26493,127.096253,4.656
26494,127.101195,4.942
26495,127.106522,5.327
26496,127.110876,4.354
26497,127.117779,6.903
26498,127.121673,3.894
26499,127.125692,4.019
26500,127.130195,4.503
26501,127.135211,5.016
26502,127.138848,3.637
26503,127.143241,4.393
26504,127.148564,5.323
26505,127.153091,4.527
26506,127.158218,5.127
26507,127.1641,5.882
26508,127.167927,3.827
26509,127.171392,3.465
26510,127.175666,4.274
26511,127.180753,5.087
26512,127.184298,3.545
26513,127.188832,4.534
26514,127.193355,4.523
26515,127.198542,5.187
26516,127.202157,3.615
26517,127.208397,6.24
26518,127.214086,5.689
26519,127.217005,2.919
26520,127.221606,4.601
26521,127.225841,4.235
26522,127.231838,5.997
26523,127.235519,3.681
26524,127.241391,5.872
26525,127.246023,4.632
26526,127.253286,7.263
26527,127.256864,3.578
26528,127.260662,3.798
26529,127.265811,5.149
26530,127.269381,3.57
26531,127.273822,4.441
26532,127.278197,4.375
26533,127.286008,7.811
26534,127.290554,4.546
26535,127.297499,6.945
26536,127.302746,5.247
26537,127.307281,4.535
26538,127.311636,4.355
26539,127.315955,4.319
26540,127.32087,4.915
26541,127.324687,3.817
26542,127.329682,4.995
26543,127.33789,8.208
26544,127.34118,3.29
26545,127.346806,5.626
26546,127.352796,5.99
26547,127.357541,4.745
26548,127.361276,3.735
26549,127.366007,4.731
26550,127.370623,4.616
26551,127.374372,3.749
26552,127.378827,4.455
26553,127.384915,6.088
26554,127.389466,4.551
26555,127.395111,5.645
26556,127.399545,4.434
26557,127.406377,6.832
26558,127.410002,3.625
26559,127.41545,5.448
26560,127.41941,3.96
26561,127.423654,4.244
26562,127.427561,3.907
26563,127.432056,4.495
26564,127.438415,6.359
26565,127.442254,3.839
26566,127.448819,6.565
26567,127.453215,4.396
26568,127.458058,4.843
26569,127.461473,3.415
26570,127.465767,4.294
26571,127.470797,5.03
26572,127.474582,3.785
26573,127.479245,4.663
26574,127.483609,4.364
26575,127.490142,6.533
26576,127.493604,3.462
26577,127.500187,6.583
26578,127.504949,4.762
26579,127.508539,3.59
26580,127.513245,4.706
26581,127.518595,5.35
26582,127.522453,3.858
26583,127.526092,3.639
26584,127.530522,4.43
26585,127.535791,5.269
26586,127.541027,5.236
26587,127.545583,4.556
26588,127.550019,4.436
26589,127.555567,5.548
26590,127.560718,5.151
26591,127.565156,4.438
26592,127.570772,5.616
26593,127.574025,3.253
26594,127.578517,4.492
26595,127.583359,4.842
26596,127.590806,7.447
26597,127.596708,5.902
26598,127.600713,4.005
26599,127.605762,5.049
26600,127.609702,3.94
26601,127.614205,4.503
26602,127.618928,4.723
26603,127.623404,4.476
26604,127.629045,5.641
26605,127.632948,3.903
26606,127.639919,6.971
26607,127.643471,3.552
26608,127.648362,4.891
26609,127.652966,4.604
26610,127.657146,4.18
26611,127.661146,4.0
26612,127.665521,4.375
26613,127.670361,4.84
26614,127.674204,3.843
26615,127.680447,6.243
26616,127.685502,5.055
26617,127.691425,5.923
26618,127.695297,3.872
26619,127.699503,4.206
26620,127.704622,5.119
26621,127.708402,3.78
26622,127.712717,4.315
26623,127.717465,4.748
26624,127.723628,6.163
26625,127.727412,3.784
26626,127.733667,6.255
26627,127.738504,4.837
26628,127.742468,3.964
26629,127.747005,4.537
26630,127.752599,5.594
26631,127.756014,3.415
26632,127.759545,3.531
26633,127.764634,5.089
26634,127.769197,4.563
26635,127.774643,5.446
26636,127.779169,4.526
26637,127.785028,5.859
26638,127.790412,5.384
26639,127.794147,3.735
26640,127.798734,4.587
26641,127.803478,4.744
26642,127.807131,3.653
26643,127.811713,4.582
26644,127.818246,6.533
26645,127.82329,5.044
26646,127.828595,5.305
26647,127.832681,4.086
26648,127.83778,5.099
26649,127.841496,3.716
26650,127.847012,5.516
26651,127.851683,4.671
26652,127.855905,4.222
26653,127.859704,3.799
26654,127.864269,4.565
26655,127.871337,7.068
26656,127.875145,3.808
26657,127.88217,7.025
26658,127.886367,4.197
26659,127.892536,6.169
26660,127.896485,3.949
26661,127.900655,4.17
26662,127.905641,4.986
26663,127.909333,3.692
26664,127.916033,6.7
26665,127.920061,4.028
26666,127.92654,6.479
26667,127.931127,4.587
26668,127.935885,4.758
26669,127.941713,5.828
26670,127.945753,4.04
26671,127.949996,4.243
26672,127.954319,4.323
26673,127.959439,5.12
26674,127.963186,3.747
26675,127.969449,6.263
26676,127.974106,4.657
26677,127.980009,5.903
26678,127.98427,4.261
26679,127.989157,4.887
26680,127.99292,3.763
26681,127.998213,5.293
26682,128.002348,4.135
26683,128.008645,6.297
26684,128.014216,5.571
26685,128.018412,4.196
26686,128.025231,6.819
26687,128.029189,3.958
26688,128.035006,5.817
26689,128.040422,5.416
26690,128.044536,4.114
26691,128.048552,4.016
26692,128.052768,4.216
26693,128.057831,5.063
26694,128.061697,3.866
26695,128.068075,6.378
26696,128.073011,4.936
26697,128.078255,5.244
26698,128.082621,4.366
26699,128.087753,5.132
26700,128.091293,3.54
26701,128.095928,4.635
26702,128.101586,5.658
26703,128.106018,4.432
26704,128.111478,5.46
26705,128.115672,4.194
26706,128.12241,6.738
26707,128.126155,3.745
26708,128.130659,4.504
26709,128.135968,5.309
26710,128.140265,4.297
26711,128.143574,3.309
26712,128.14794,4.366
26713,128.154418,6.478
26714,128.157594,3.176
26715,128.163354,5.76
26716,128.171277,7.923
26717,128.174996,3.719
26718,128.180361,5.365
26719,128.185238,4.877
26720,128.188957,3.719
26721,128.193376,4.419
26722,128.199203,5.827
26723,128.203826,4.623
26724,128.208853,5.027
26725,128.21329,4.437
26726,128.219987,6.697
26727,128.223743,3.756
26728,128.228162,4.419
26729,128.233839,5.677
26730,128.238332,4.493
26731,128.243122,4.79
26732,128.248021,4.899
26733,128.252772,4.751
26734,128.256223,3.451
26735,128.262778,6.555
26736,128.268047,5.269
26737,128.272781,4.734
26738,128.277532,4.751
26739,128.28206,4.528
26740,128.285806,3.746
26741,128.290022,4.216
26742,128.294559,4.537
26743,128.300235,5.676
26744,128.304607,4.372
26745,128.308914,4.307
26746,128.315799,6.885
26747,128.31946,3.661
26748,128.323647,4.187
26749,128.32838,4.733
26750,128.333135,4.755
26751,128.336683,3.548
26752,128.340968,4.285
26753,128.347673,6.705
26754,128.352627,4.954
26755,128.356206,3.579
26756,128.360684,4.478
26757,128.36803,7.346
26758,128.371479,3.449
26759,128.375483,4.004
26760,128.382532,7.049
26761,128.387827,5.295
26762,128.391231,3.404
26763,128.395496,4.265
26764,128.402928,7.432
26765,128.4062,3.272
26766,128.412822,6.622
26767,128.419476,6.654
26768,128.423233,3.757
26769,128.42722,3.987
26770,128.432198,4.978
26771,128.435694,3.496
26772,128.439922,4.228
26773,128.444605,4.683
26774,128.449931,5.326
26775,128.455409,5.478
26776,128.459391,3.982
26777,128.466314,6.923
26778,128.46994,3.626
26779,128.474231,4.291
26780,128.478691,4.46
26781,128.48357,4.879
26782,128.487229,3.659
26783,128.491377,4.148
26784,128.497776,6.399
26785,128.500654,2.878
26786,128.50669,6.036
26787,128.511126,4.436
26788,128.516325,5.199
26789,128.520073,3.748
26790,128.524002,3.929
26791,128.52893,4.928
26792,128.532451,3.521
26793,128.536998,4.547
26794,128.541262,4.264
26795,128.547333,6.071
26796,128.55231,4.977
26797,128.556437,4.127
26798,128.561579,5.142
26799,128.56494,3.361
26800,128.569324,4.384
26801,128.573889,4.565
26802,128.578953,5.064
26803,128.582146,3.193
26804,128.588306,6.16
26805,128.593271,4.965
26806,128.59881,5.539
26807,128.602898,4.088
26808,128.607279,4.381
26809,128.612468,5.189
26810,128.615966,3.498
26811,128.620367,4.401
26812,128.625043,4.676
26813,128.630458,5.415
26814,128.634648,4.19
26815,128.640725,6.077
26816,128.645872,5.147
26817,128.651422,5.55
26818,128.655627,4.205
26819,128.660776,5.149
26820,128.665164,4.388
26821,128.670789,5.625
26822,128.675134,4.345
26823,128.680833,5.699
26824,128.685781,4.948
26825,128.689944,4.163
26826,128.696876,6.932
26827,128.700487,3.611
26828,128.704735,4.248
26829,128.709145,4.41
26830,128.714276,5.131
26831,128.717947,3.671
26832,128.722242,4.295
26833,128.727652,5.41
26834,128.731191,3.539
26835,128.73728,6.089
26836,128.741483,4.203
26837,128.748793,7.31
26838,128.75263,3.837
26839,128.758281,5.651
26840,128.765665,7.384
26841,128.768861,3.196
26842,128.773876,5.015
26843,128.779067,5.191
26844,128.785022,5.955
26845,128.788603,3.581
26846,128.795323,6.72
26847,128.79986,4.537
26848,128.803563,3.703
26849,128.80802,4.457
26850,128.812777,4.757
26851,128.817523,4.746
26852,128.821004,3.481
26853,128.825713,4.709
26854,128.83077,5.057
26855,128.836142,5.372
26856,128.840524,4.382
26857,128.84749,6.966
26858,128.851208,3.718
26859,128.855468,4.26
26860,128.859973,4.505
26861,128.865183,5.21
26862,128.869663,4.48
26863,128.875048,5.385
26864,128.88175,6.702
26865,128.885385,3.635
26866,128.891622,6.237
26867,128.895923,4.301
26868,128.900901,4.978
26869,128.904657,3.756
26870,128.909102,4.445
26871,128.914834,5.732
26872,128.918437,3.603
26873,128.923156,4.719
26874,128.927641,4.485
26875,128.932512,4.871
26876,128.93626,3.748
26877,128.942593,6.333
26878,128.948217,5.624
26879,128.95134,3.123
26880,128.955664,4.324
26881,128.960161,4.497
26882,128.965378,5.217
26883,128.96994,4.562
26884,128.974804,4.864
26885,128.97987,5.066
26886,128.985397,5.527
26887,128.989816,4.419
26888,128.994247,4.431
26889,128.999217,4.97
26890,129.002819,3.602
26891,129.007245,4.426
26892,129.012456,5.211
26893,129.016603,4.147
26894,129.020839,4.236
26895,129.028136,7.297
26896,129.034787,6.651
26897,129.038299,3.512
26898,129.041992,3.693
26899,129.049764,7.772
26900,129.052941,3.177
26901,129.057359,4.418
26902,129.061777,4.418
26903,129.066825,5.048
26904,129.072119,5.294
26905,129.076605,4.486
26906,129.083358,6.753
26907,129.087253,3.895
26908,129.091595,4.342
26909,129.095966,4.371
26910,129.101279,5.313
26911,129.104596,3.317
26912,129.10901,4.414
26913,129.114765,5.755
26914,129.118017,3.252
26915,129.124101,6.084
26916,129.128618,4.517
26917,129.135496,6.878
26918,129.139392,3.896
26919,129.143791,4.399
26920,129.14866,4.869
26921,129.152195,3.535
26922,129.15662,4.425
26923,129.16113,4.51
26924,129.166135,5.005
26925,129.169866,3.731
26926,129.176015,6.149
26927,129.18124,5.225
26928,129.184601,3.361
26929,129.189275,4.674
26930,129.194339,5.064
26931,129.200163,5.824
26932,129.205189,5.026
26933,129.209608,4.419
26934,129.214598,4.99
26935,129.219921,5.323
26936,129.224359,4.438
26937,129.231375,7.016
26938,129.234823,3.448
26939,129.239232,4.409
26940,129.243628,4.396
26941,129.248257,4.629
26942,129.252064,3.807
26943,129.256336,4.272
26944,129.26293,6.594
26945,129.266514,3.584
26946,129.272793,6.279
26947,129.277308,4.515
26948,129.282158,4.85
26949,129.285653,3.495
26950,129.289898,4.245
26951,129.295291,5.393
26952,129.298872,3.581
26953,129.303206,4.334
26954,129.307841,4.635
26955,129.3137,5.859
26956,129.316569,2.869
26957,129.322702,6.133
26958,129.327789,5.087
26959,129.332511,4.722
26960,129.337802,5.291
26961,129.342352,4.55
26962,129.347249,4.897
26963,129.351136,3.887
26964,129.357833,6.697
26965,129.363753,5.92
26966,129.368438,4.685
26967,129.372223,3.785
26968,129.376441,4.218
26969,129.381913,5.472
26970,129.385485,3.572
26971,129.389469,3.984
26972,129.394809,5.34
26973,129.398338,3.529
26974,129.40265,4.312
26975,129.408906,6.256
26976,129.413726,4.82
26977,129.419403,5.677
26978,129.423669,4.266
26979,129.428705,5.036
26980,129.432456,3.751
26981,129.436771,4.315
26982,129.441212,4.441
26983,129.446219,5.007
26984,129.451604,5.385
26985,129.455992,4.388
26986,129.463117,7.125
26987,129.466586,3.469
26988,129.471338,4.752
26989,129.47734,6.002
26990,129.481455,4.115
26991,129.484421,2.966
26992,129.488654,4.233
26993,129.494325,5.671
26994,129.498046,3.721
26995,129.503935,5.889
26996,129.508526,4.591
26997,129.515677,7.151
26998,129.520837,5.16
26999,129.5256,4.763
27000,129.531528,5.928
27001,129.535585,4.057
27002,129.539183,3.598
27003,129.543713,4.53
27004,129.548816,5.103
27005,129.552463,3.647
27006,129.55904,6.577
27007,129.564214,5.174
27008,129.56762,3.406
27009,129.572114,4.494
27010,129.577255,5.141
27011,129.582231,4.976
27012,129.586149,3.918
27013,129.590746,4.597
27014,129.595614,4.868
27015,129.60171,6.096
27016,129.605901,4.191
27017,129.61419,8.289
27018,129.618077,3.887
27019,129.622948,4.871
27020,129.628245,5.297
27021,129.6335,5.255
27022,129.636786,3.286
27023,129.642862,6.076
27024,129.64918,6.318
27025,129.653154,3.974
27026,129.659457,6.303
27027,129.664232,4.775
27028,129.667962,3.73
27029,129.67235,4.388
27030,129.677017,4.667
27031,129.682719,5.702
27032,129.686422,3.703
27033,129.690969,4.547
27034,129.695971,5.002
27035,129.701727,5.756
27036,129.705882,4.155
27037,129.712278,6.396
27038,129.717387,5.109
27039,129.721144,3.757
27040,129.725507,4.363
27041,129.732638,7.131
27042,129.736501,3.863
27043,129.740633,4.132
27044,129.748476,7.843
27045,129.752618,4.142
27046,129.756548,3.93
27047,129.761801,5.253
27048,129.766814,5.013
27049,129.7701,3.286
27050,129.773832,3.732
27051,129.780168,6.336
27052,129.783575,3.407
27053,129.788121,4.546
27054,129.79236,4.239
27055,129.79741,5.05
27056,129.800916,3.506
27057,129.807092,6.176
27058,129.812056,4.964
27059,129.815533,3.477
27060,129.820016,4.483
27061,129.824144,4.128
27062,129.830887,6.743
27063,129.834199,3.312
27064,129.840123,5.924
27065,129.845025,4.902
27066,129.850879,5.854
27067,129.855004,4.125
27068,129.859205,4.201
27069,129.864274,5.069
27070,129.867779,3.505
27071,129.871778,3.999
27072,129.877189,5.411
27073,129.884736,7.547
27074,129.890018,5.282
27075,129.895782,5.764
27076,129.901192,5.41
27077,129.904385,3.193
27078,129.910146,5.761
27079,129.916558,6.412
27080,129.920593,4.035
27081,129.924969,4.376
27082,129.929177,4.208
27083,129.93407,4.893
27084,129.939265,5.195
27085,129.943604,4.339
27086,129.948486,4.882
27087,129.951796,3.31
27088,129.956091,4.295
27089,129.961611,5.52
27090,129.966572,4.961
27091,129.970082,3.51
27092,129.974324,4.242
27093,129.980138,5.814
27094,129.983659,3.521
27095,129.989625,5.966
27096,129.993894,4.269
27097,130.001046,7.152
27098,130.004778,3.732
27099,130.009173,4.395
27100,130.018146,8.973
27101,130.021922,3.776
27102,130.024976,3.054
27103,130.030932,5.956
27104,130.035278,4.346
27105,130.039814,4.536
27106,130.046464,6.65
27107,130.051486,5.022
27108,130.055435,3.949
27109,130.061607,6.172
27110,130.067839,6.232
27111,130.071935,4.096
27112,130.078177,6.242
27113,130.083666,5.489
27114,130.088423,4.757
27115,130.094964,6.541
27116,130.098674,3.71
27117,130.105343,6.669
27118,130.109365,4.022
27119,130.117564,8.199
27120,130.124679,7.115
27121,130.133422,8.743
27122,130.136499,3.077
27123,130.141096,4.597
27124,130.146367,5.271
27125,130.150932,4.565
27126,130.157614,6.682
27127,130.164539,6.925
27128,130.168405,3.866
27129,130.172384,3.979
27130,130.176124,3.74
27131,130.183069,6.945
27132,130.18717,4.101
27133,130.190967,3.797
27134,130.195897,4.93
27135,130.20194,6.043
27136,130.205537,3.597
27137,130.211815,6.278
27138,130.216728,4.913
27139,130.220369,3.641
27140,130.224482,4.113
27141,130.228802,4.32
27142,130.233742,4.94
27143,130.237486,3.744
27144,130.243394,5.908
27145,130.248372,4.978
27146,130.253805,5.433
27147,130.258185,4.38
27148,130.262855,4.67
27149,130.266392,3.537
27150,130.270696,4.304
27151,130.274956,4.26
27152,130.279947,4.991
27153,130.283704,3.757
27154,130.287945,4.241
27155,130.295335,7.39
27156,130.299402,4.067
27157,130.304438,5.036
27158,130.309818,5.38
27159,130.313629,3.811
27160,130.31739,3.761
27161,130.321686,4.296
27162,130.326941,5.255
27163,130.330391,3.45
27164,130.336266,5.875
27165,130.340937,4.671
27166,130.346541,5.604
27167,130.350856,4.315
27168,130.35552,4.664
27169,130.359354,3.834
27170,130.363477,4.123
27171,130.367759,4.282
27172,130.372651,4.892
27173,130.376932,4.281
27174,130.380978,4.046
27175,130.387079,6.101
27176,130.392159,5.08
27177,130.398657,6.498
27178,130.403942,5.285
27179,130.408701,4.759
27180,130.412551,3.85
27181,130.416628,4.077
27182,130.420905,4.277
27183,130.425937,5.032
27184,130.429859,3.922
27185,130.434032,4.173
27186,130.44008,6.048
27187,130.447031,6.951
27188,130.45165,4.619
27189,130.456913,5.263
27190,130.46311,6.197
27191,130.467328,4.218
27192,130.471979,4.651
27193,130.477006,5.027
27194,130.481822,4.816
27195,130.487232,5.41
27196,130.491545,4.313
27197,130.499309,7.764
27198,130.502668,3.359
27199,130.508419,5.751
27200,130.512607,4.188
27201,130.517383,4.776
27202,130.521104,3.721
27203,130.525319,4.215
27204,130.531312,5.993
27205,130.535766,4.454
27206,130.540269,4.503
27207,130.544736,4.467
27208,130.549196,4.46
27209,130.553087,3.891
27210,130.557165,4.078
27211,130.563022,5.857
27212,130.567379,4.357
27213,130.571307,3.928
27214,130.575565,4.258
27215,130.58084,5.275
27216,130.584684,3.844
27217,130.59059,5.906
27218,130.595284,4.694
27219,130.599661,4.377
27220,130.603196,3.535
27221,130.607475,4.279
27222,130.61441,6.935
27223,130.618045,3.635
27224,130.623952,5.907
27225,130.628426,4.474
27226,130.635542,7.116
27227,130.638707,3.165
27228,130.642942,4.235
27229,130.647859,4.917
27230,130.651365,3.506
27231,130.655624,4.259
27232,130.660129,4.505
27233,130.66657,6.441
27234,130.670371,3.801
27235,130.676364,5.993
27236,130.681164,4.8
27237,130.686787,5.623
27238,130.691063,4.276
27239,130.695444,4.381
27240,130.700378,4.934
27241,130.703768,3.39
27242,130.708046,4.278
27243,130.712478,4.432
27244,130.71882,6.342
27245,130.722508,3.688
27246,130.728671,6.163
27247,130.734188,5.517
27248,130.738574,4.386
27249,130.743747,5.173
27250,130.748015,4.268
27251,130.752413,4.398
27252,130.756082,3.669
27253,130.761084,5.002
27254,130.765538,4.454
27255,130.771109,5.571
27256,130.775307,4.198
27257,130.781392,6.085
27258,130.786489,5.097
27259,130.790317,3.828
27260,130.79492,4.603
27261,130.799402,4.482
27262,130.803143,3.741
27263,130.80713,3.987
27264,130.813125,5.995
27265,130.817879,4.754
27266,130.823269,5.39
27267,130.827604,4.335
27268,130.832549,4.945
27269,130.836017,3.468
27270,130.839991,3.974
27271,130.84452,4.529
27272,130.849519,4.999
27273,130.853225,3.706
27274,130.857414,4.189
27275,130.865967,8.553
27276,130.869366,3.399
27277,130.875586,6.22
27278,130.879838,4.252
27279,130.884536,4.698
27280,130.888159,3.623
27281,130.894814,6.655
27282,130.900135,5.321
27283,130.90379,3.655
27284,130.909637,5.847
27285,130.915163,5.526
27286,130.920533,5.37
27287,130.924079,3.546
27288,130.928402,4.323
27289,130.93339,4.988
27290,130.936919,3.529
27291,130.94162,4.701
27292,130.947075,5.455
27293,130.952574,5.499
27294,130.955547,2.973
27295,130.960481,4.934
27296,130.965541,5.06
27297,130.970901,5.36
27298,130.975374,4.473
27299,130.979525,4.151
27300,130.984441,4.916
27301,130.988184,3.743
27302,130.992503,4.319
27303,130.997383,4.88
27304,131.002721,5.338
27305,131.006877,4.156
27306,131.013167,6.29
27307,131.017882,4.715
27308,131.021546,3.664
27309,131.025996,4.45
27310,131.030593,4.597
27311,131.034421,3.828
27312,131.038597,4.176
27313,131.044588,5.991
27314,131.050398,5.81
27315,131.053793,3.395
27316,131.057969,4.176
27317,131.062136,4.167
27318,131.067298,5.162
27319,131.072321,5.023
27320,131.077288,4.967
27321,131.081954,4.666
27322,131.085548,3.594
27323,131.089942,4.394
27324,131.095134,5.192
27325,131.099993,4.859
27326,131.103702,3.709
27327,131.108006,4.304
27328,131.113108,5.102
27329,131.117872,4.764
27330,131.120749,2.877
27331,131.125629,4.88
27332,131.134537,8.908
27333,131.139874,5.337
27334,131.148617,8.743
27335,131.156363,7.746
27336,131.162941,6.578
27337,131.166442,3.501
27338,131.169689,3.247
27339,131.175045,5.356
27340,131.18018,5.135
27341,131.185445,5.265
27342,131.190025,4.58
27343,131.19442,4.395
27344,131.198302,3.882
27345,131.203177,4.875
27346,131.208718,5.541
27347,131.213512,4.794
27348,131.21759,4.078
27349,131.223012,5.422
27350,131.226651,3.639
27351,131.23107,4.419
27352,131.235755,4.685
27353,131.239617,3.862
27354,131.24588,6.263
27355,131.250363,4.483
27356,131.253682,3.319
27357,131.258087,4.405
27358,131.263075,4.988
27359,131.267405,4.33
27360,131.271097,3.692
27361,131.27658,5.483
27362,131.283167,6.587
27363,131.287032,3.865
27364,131.29143,4.398
27365,131.295692,4.262
27366,131.30065,4.958
27367,131.304465,3.815
27368,131.309206,4.741
27369,131.315635,6.429
27370,131.320117,4.482
27371,131.324205,4.088
27372,131.329078,4.873
27373,131.333551,4.473
27374,131.336948,3.397
27375,131.341445,4.497
27376,131.347447,6.002
27377,131.35133,3.883
27378,131.355388,4.058
27379,131.3597,4.312
27380,131.366205,6.505
27381,131.369349,3.144
27382,131.374124,4.775
27383,131.379997,5.873
27384,131.383141,3.144
27385,131.387094,3.953
27386,131.39149,4.396
27387,131.398391,6.901
27388,131.401624,3.233
27389,131.40735,5.726
27390,131.412688,5.338
27391,131.416005,3.317
27392,131.420443,4.438
27393,131.424679,4.236
27394,131.431253,6.574
27395,131.434913,3.66
27396,131.441486,6.573
27397,131.446348,4.862
27398,131.450055,3.707
27399,131.454307,4.252
27400,131.458978,4.671
27401,131.465337,6.359
27402,131.469706,4.369
27403,131.474175,4.469
27404,131.479167,4.992
27405,131.482708,3.541
27406,131.487053,4.345
27407,131.491573,4.52
27408,131.497636,6.063
27409,131.500686,3.05
27410,131.50493,4.244
27411,131.510182,5.252
27412,131.513723,3.541
27413,131.518113,4.39
27414,131.522416,4.303
27415,131.529291,6.875
27416,131.534023,4.732
27417,131.537914,3.891
27418,131.54308,5.166
27419,131.546547,3.467
27420,131.551034,4.487
27421,131.555281,4.247
27422,131.563147,7.866
27423,131.566741,3.594
27424,131.571837,5.096
27425,131.577016,5.179
27426,131.58073,3.714
27427,131.584764,4.034
27428,131.589311,4.547
27429,131.595191,5.88
27430,131.5992,4.009
27431,131.604153,4.953
27432,131.609358,5.205
27433,131.612759,3.401
27434,131.616941,4.182
27435,131.621113,4.172
27436,131.626812,5.699
27437,131.632233,5.421
27438,131.636491,4.258
27439,131.641591,5.1
27440,131.647516,5.925
27441,131.651162,3.646
27442,131.655408,4.246
27443,131.661178,5.77
27444,131.665563,4.385
27445,131.670646,5.083
27446,131.675754,5.108
27447,131.679207,3.453
27448,131.683192,3.985
27449,131.687357,4.165
27450,131.694576,7.219
27451,131.698621,4.045
27452,131.703529,4.908
27453,131.708946,5.417
27454,131.712068,3.122
27455,131.71608,4.012
27456,131.72035,4.27
27457,131.726044,5.694
27458,131.730766,4.722
27459,131.734289,3.523
27460,131.739067,4.778
27461,131.743405,4.338
27462,131.74734,3.935
27463,131.751366,4.026
27464,131.756478,5.112
27465,131.762439,5.961
27466,131.766249,3.81
27467,131.769667,3.418
27468,131.774691,5.024
27469,131.778562,3.871
27470,131.782824,4.262
27471,131.786891,4.067
27472,131.792066,5.175
27473,131.798661,6.595
27474,131.802617,3.956
27475,131.806785,4.168
27476,131.812138,5.353
27477,131.815274,3.136
27478,131.819499,4.225
27479,131.823433,3.934
27480,131.830481,7.048
27481,131.833541,3.06
27482,131.83746,3.919
27483,131.841691,4.231
27484,131.84893,7.239
27485,131.852646,3.716
27486,131.856103,3.457
27487,131.862049,5.946
27488,131.866095,4.046
27489,131.869639,3.544
27490,131.874099,4.46
27491,131.878724,4.625
27492,131.884868,6.144
27493,131.887828,2.96
27494,131.891982,4.154
27495,131.898342,6.36
27496,131.901416,3.074
27497,131.905498,4.082
27498,131.910034,4.536
27499,131.917621,7.587
27500,131.920974,3.353
27501,131.925127,4.153
27502,131.931423,6.296
27503,131.936051,4.628
27504,131.939653,3.602
27505,131.944359,4.706
27506,131.951229,6.87
27507,131.954041,2.812
27508,131.958107,4.066
27509,131.963591,5.484
27510,131.968252,4.661
27511,131.9718,3.548
27512,131.97642,4.62
27513,131.982184,5.764
27514,131.986699,4.515
27515,131.990113,3.414
27516,131.994333,4.22
27517,131.999911,5.578
27518,132.003178,3.267
27519,132.007255,4.077
27520,132.011659,4.404
27521,132.019373,7.714
27522,132.022587,3.214
27523,132.02664,4.053
27524,132.032434,5.794
27525,132.036347,3.913
27526,132.039868,3.521
27527,132.044775,4.907
27528,132.051809,7.034
27529,132.054805,2.996
27530,132.060403,5.598
27531,132.065452,5.049
27532,132.069444,3.992
27533,132.072921,3.477
27534,132.077151,4.23
27535,132.084628,7.477
27536,132.089421,4.793
27537,132.092824,3.403
27538,132.098485,5.661
27539,132.102755,4.27
27540,132.106218,3.463
27541,132.111153,4.935
27542,132.115887,4.734
27543,132.119907,4.02
27544,132.123423,3.516
27545,132.127557,4.134
27546,132.133151,5.594
27547,132.137353,4.202
27548,132.14088,3.527
27549,132.145801,4.921
27550,132.152253,6.452
27551,132.155145,2.892
27552,132.158908,3.763
27553,132.163043,4.135
27554,132.16943,6.387
27555,132.172242,2.812
27556,132.176109,3.867
27557,132.184552,8.443
27558,132.189557,5.005
27559,132.192794,3.237
27560,132.197009,4.215
27561,132.202417,5.408
27562,132.205827,3.41
27563,132.209906,4.079
27564,132.214219,4.313
27565,132.221137,6.918
27566,132.224617,3.48
27567,132.228859,4.242
27568,132.23286,4.001
27569,132.238021,5.161
27570,132.24398,5.959
27571,132.249628,5.648
27572,132.254725,5.097
27573,132.260001,5.276
27574,132.263976,3.975
27575,132.268255,4.279
27576,132.273502,5.247
27577,132.278084,4.582
27578,132.282074,3.99
27579,132.286245,4.171
27580,132.291363,5.118
27581,132.295683,4.32
27582,132.299188,3.505
27583,132.306394,7.206
27584,132.312962,6.568
27585,132.318425,5.463
27586,132.323276,4.851
27587,132.331343,8.067
27588,132.334758,3.415
27589,132.340295,5.537
27590,132.345232,4.937
27591,132.349766,4.534
27592,132.356615,6.849
27593,132.360527,3.912
27594,132.366224,5.697
27595,132.377288,11.064
27596,132.381715,4.427
27597,132.385113,3.398
27598,132.390351,5.238
27599,132.395645,5.294
27600,132.39966,4.015
27601,132.404547,4.887
27602,132.410903,6.356
27603,132.414496,3.593
27604,132.419292,4.796
27605,132.424704,5.412
27606,132.430187,5.483
27607,132.435957,5.77
27608,132.441195,5.238
27609,132.445616,4.421
27610,132.450705,5.089
27611,132.454202,3.497
27612,132.458498,4.296
27613,132.462859,4.361
27614,132.467882,5.023
27615,132.471495,3.613
27616,132.476095,4.6
27617,132.48091,4.815
27618,132.484541,3.631
27619,132.490896,6.355
27620,132.496807,5.911
27621,132.500468,3.661
27622,132.505684,5.216
27623,132.510139,4.455
27624,132.515044,4.905
27625,132.520398,5.354
27626,132.525015,4.617
27627,132.531746,6.731
27628,132.535463,3.717
27629,132.539381,3.918
27630,132.544341,4.96
27631,132.548273,3.932
27632,132.552445,4.172
27633,132.557108,4.663
27634,132.562844,5.736
27635,132.566433,3.589
27636,132.572775,6.342
27637,132.577927,5.152
27638,132.581586,3.659
27639,132.587515,5.929
27640,132.593179,5.664
27641,132.597478,4.299
27642,132.60246,4.982
27643,132.606887,4.427
27644,132.611844,4.957
27645,132.616977,5.133
27646,132.621408,4.431
27647,132.626814,5.406
27648,132.631465,4.651
27649,132.635651,4.186
27650,132.641017,5.366
27651,132.644734,3.717
27652,132.648838,4.104
27653,132.653514,4.676
27654,132.658327,4.813
27655,132.662044,3.717
27656,132.668208,6.164
27657,132.673545,5.337
27658,132.677498,3.953
27659,132.683191,5.693
27660,132.687514,4.323
27661,132.692739,5.225
27662,132.698071,5.332
27663,132.702518,4.447
27664,132.707799,5.281
27665,132.713008,5.209
27666,132.717558,4.55
27667,132.721998,4.44
27668,132.728717,6.719
27669,132.733329,4.612
27670,132.738682,5.353
27671,132.744249,5.567
27672,132.747399,3.15
27673,132.753826,6.427
27674,132.758698,4.872
27675,132.763153,4.455
27676,132.766899,3.746
27677,132.771313,4.414
27678,132.776581,5.268
27679,132.780219,3.638
27680,132.784546,4.327
27681,132.789154,4.608
27682,132.794075,4.921
27683,132.799421,5.346
27684,132.803807,4.386
27685,132.809182,5.375
27686,132.812804,3.622
27687,132.817014,4.21
27688,132.823566,6.552
27689,132.829874,6.308
27690,132.834144,4.27
27691,132.838743,4.599
27692,132.844061,5.318
27693,132.849293,5.232
27694,132.853743,4.45
27695,132.858155,4.412
27696,132.863119,4.964
27697,132.866874,3.755
27698,132.873203,6.329
27699,132.878309,5.106
27700,132.881915,3.606
27701,132.886222,4.307
27702,132.891518,5.296
27703,132.89886,7.342
27704,132.90236,3.5
27705,132.907014,4.654
27706,132.912082,5.068
27707,132.915755,3.673
27708,132.924875,9.12
27709,132.931003,6.128
27710,132.934942,3.939
27711,132.940402,5.46
27712,132.944617,4.215
27713,132.951391,6.774
27714,132.95513,3.739
27715,132.959634,4.504
27716,132.964702,5.068
27717,132.968434,3.732
27718,132.974688,6.254
27719,132.979123,4.435
27720,132.98422,5.097
27721,132.988137,3.917
27722,132.992741,4.604
27723,132.999316,6.575
27724,133.003128,3.812
27725,133.007738,4.61
27726,133.012265,4.527
27727,133.017232,4.967
27728,133.023054,5.822
27729,133.027696,4.642
27730,133.032527,4.831
27731,133.0367,4.173
27732,133.041328,4.628
27733,133.048536,7.208
27734,133.052054,3.518
27735,133.056199,4.145
27736,133.060961,4.762
27737,133.06587,4.909
27738,133.071294,5.424
27739,133.075884,4.59
27740,133.08111,5.226
27741,133.084817,3.707
27742,133.089511,4.694
27743,133.093845,4.334
27744,133.098899,5.054
27745,133.102658,3.759
27746,133.107235,4.577
27747,133.11239,5.155
27748,133.117877,5.487
27749,133.122444,4.567
27750,133.127039,4.595
27751,133.132012,4.973
27752,133.135746,3.734
27753,133.142151,6.405
27754,133.148483,6.332
27755,133.152863,4.38
27756,133.157347,4.484
27757,133.161668,4.321
27758,133.168476,6.808
27759,133.172313,3.837
27760,133.176656,4.343
27761,133.181586,4.93
27762,133.184975,3.389
27763,133.191394,6.419
27764,133.195508,4.114
27765,133.200561,5.053
27766,133.204174,3.613
27767,133.208665,4.491
27768,133.215298,6.633
27769,133.219071,3.773
27770,133.223275,4.204
27771,133.227702,4.427
27772,133.232568,4.866
27773,133.238195,5.627
27774,133.24306,4.865
27775,133.248383,5.323
27776,133.251781,3.398
27777,133.257486,5.705
27778,133.264325,6.839
27779,133.268023,3.698
27780,133.272479,4.456
27781,133.276753,4.274
27782,133.281992,5.239
27783,133.287084,5.092
27784,133.291341,4.257
27785,133.296312,4.971
27786,133.299871,3.559
27787,133.304426,4.555
27788,133.308691,4.265
27789,133.313797,5.106
27790,133.317195,3.398
27791,133.321677,4.482
27792,133.327835,6.158
27793,133.331967,4.132
27794,133.336303,4.336
27795,133.340802,4.499
27796,133.346437,5.635
27797,133.350348,3.911
27798,133.35557,5.222
27799,133.360547,4.977
27800,133.364142,3.595
27801,133.368417,4.275
27802,133.373111,4.694
27803,133.37812,5.009
27804,133.381327,3.207
27805,133.385595,4.268
27806,133.390607,5.012
27807,133.394349,3.742
27808,133.400425,6.076
27809,133.405089,4.664
27810,133.411968,6.879
27811,133.41615,4.182
27812,133.419713,3.563
27813,133.427081,7.368
27814,133.430181,3.1
27815,133.434451,4.27
27816,133.438791,4.34
27817,133.444013,5.222
27818,133.449243,5.23
27819,133.453551,4.308
27820,133.458914,5.363
27821,133.462171,3.257
27822,133.466442,4.271
27823,133.472618,6.176
27824,133.478862,6.244
27825,133.483154,4.292
27826,133.487573,4.419
27827,133.492578,5.005
27828,133.497824,5.246
27829,133.502093,4.269
27830,133.506497,4.404
27831,133.512889,6.392
27832,133.517334,4.445
27833,133.521533,4.199
27834,133.526533,5.0
27835,133.531759,5.226
27836,133.536057,4.298
27837,133.540544,4.487
27838,133.545679,5.135
27839,133.548989,3.31
27840,133.55507,6.081
27841,133.560323,5.253
27842,133.563682,3.359
27843,133.568008,4.326
27844,133.572364,4.356
27845,133.578276,5.912
27846,133.581855,3.579
27847,133.587433,5.578
27848,133.592646,5.213
27849,133.597586,4.94
27850,133.602177,4.591
27851,133.606856,4.679
27852,133.611583,4.727
27853,133.615309,3.726
27854,133.619527,4.218
27855,133.62693,7.403
27856,133.632119,5.189
27857,133.636576,4.457
27858,133.641209,4.633
27859,133.646397,5.188
27860,133.651569,5.172
27861,133.656035,4.466
27862,133.661116,5.081
27863,133.664643,3.527
27864,133.668994,4.351
27865,133.675236,6.242
27866,133.681429,6.193
27867,133.684592,3.163
27868,133.68825,3.658
27869,133.693558,5.308
27870,133.698565,5.007
27871,133.702941,4.376
27872,133.707506,4.565
27873,133.712399,4.893
27874,133.716036,3.637
27875,133.722176,6.14
27876,133.728624,6.448
27877,133.733651,5.027
27878,133.737239,3.588
27879,133.741815,4.576
27880,133.74845,6.635
27881,133.7522,3.75
27882,133.756898,4.698
27883,133.761671,4.773
27884,133.765141,3.47
27885,133.771199,6.058
27886,133.775611,4.412
27887,133.78043,4.819
27888,133.784312,3.882
27889,133.788596,4.284
27890,133.793677,5.081
27891,133.79696,3.283
27892,133.801334,4.374
27893,133.805613,4.279
27894,133.810733,5.12
27895,133.815877,5.144
27896,133.820143,4.266
27897,133.825317,5.174
27898,133.829433,4.116
27899,133.833319,3.886
27900,133.839362,6.043
27901,133.844284,4.922
27902,133.847805,3.521
27903,133.852142,4.337
27904,133.857659,5.517
27905,133.861029,3.37
27906,133.86518,4.151
27907,133.869399,4.219
27908,133.874687,5.288
27909,133.878751,4.064
27910,133.884241,5.49
27911,133.889445,5.204
27912,133.894755,5.31
27913,133.899486,4.731
27914,133.903797,4.311
27915,133.911018,7.221
27916,133.914334,3.316
27917,133.918708,4.374
27918,133.924416,5.708
27919,133.929659,5.243
27920,133.933911,4.252
27921,133.93828,4.369
27922,133.945158,6.878
27923,133.949121,3.963
27924,133.953619,4.498
27925,133.960697,7.078
27926,133.964245,3.548
27927,133.968463,4.218
27928,133.972999,4.536
27929,133.977987,4.988
27930,133.983381,5.394
27931,133.987758,4.377
27932,133.994337,6.579
27933,133.9982,3.863
27934,134.003069,4.869
27935,134.009279,6.21
27936,134.014191,4.912
27937,134.017935,3.744
27938,134.022282,4.347
27939,134.028402,6.12
27940,134.032729,4.327
27941,134.036949,4.22
27942,134.041509,4.56
27943,134.046477,4.968
27944,134.05001,3.533
27945,134.056365,6.355
27946,134.061417,5.052
27947,134.065655,4.238
27948,134.068873,3.218
27949,134.073232,4.359
27950,134.077968,4.736
27951,134.081662,3.694
27952,134.085703,4.041
27953,134.090778,5.075
27954,134.094729,3.951
27955,134.100208,5.479
27956,134.104347,4.139
27957,134.110744,6.397
27958,134.11476,4.016
27959,134.119203,4.443
27960,134.126173,6.97
27961,134.129558,3.385
27962,134.133427,3.869
27963,134.137571,4.144
27964,134.143592,6.021
27965,134.149307,5.715
27966,134.154164,4.857
27967,134.159082,4.918
27968,134.162496,3.414
27969,134.16694,4.444
27970,134.172918,5.978
27971,134.178011,5.093
27972,134.181109,3.098
27973,134.185427,4.318
27974,134.190626,5.199
27975,134.193982,3.356
27976,134.198411,4.429
27977,134.202304,3.893
27978,134.207599,5.295
27979,134.21239,4.791
27980,134.216793,4.403
27981,134.221024,4.231
27982,134.226329,5.305
27983,134.229828,3.499
27984,134.233844,4.016
27985,134.241004,7.16
27986,134.245779,4.775
27987,134.250463,4.684
27988,134.254461,3.998
27989,134.259603,5.142
27990,134.264704,5.101
27991,134.269013,4.309
27992,134.273435,4.422
27993,134.278672,5.237
27994,134.282263,3.591
27995,134.288098,5.835
27996,134.293309,5.211
27997,134.296724,3.415
27998,134.30101,4.286
27999,134.305128,4.118
28000,134.312415,7.287
28001,134.316053,3.638
28002,134.320111,4.058
28003,134.324617,4.506
28004,134.329452,4.835
28005,134.334752,5.3
28006,134.339451,4.699
28007,134.345829,6.378
28008,134.350719,4.89
28009,134.354363,3.644
28010,134.36045,6.087
28011,134.365652,5.202
28012,134.368822,3.17
28013,134.373479,4.657
28014,134.377673,4.194
28015,134.38431,6.637
28016,134.387856,3.546
28017,134.392366,4.51
28018,134.397487,5.121
28019,134.40075,3.263
28020,134.407488,6.738
28021,134.412782,5.294
28022,134.41839,5.608
28023,134.421873,3.483
28024,134.425935,4.062
28025,134.432632,6.697
28026,134.43618,3.548
28027,134.440841,4.661
28028,134.444888,4.047
28029,134.449995,5.107
28030,134.455207,5.212
28031,134.459525,4.318
28032,134.464296,4.771
28033,134.467849,3.553
28034,134.47238,4.531
28035,134.478537,6.157
28036,134.483351,4.814
28037,134.486938,3.587
28038,134.492531,5.593
28039,134.495457,2.926
28040,134.502099,6.642
28041,134.505753,3.654
28042,134.511841,6.088
28043,134.516985,5.144
28044,134.520955,3.97
28045,134.526969,6.014
28046,134.531194,4.225
28047,134.5362,5.006
28048,134.540001,3.801
28049,134.544798,4.797
28050,134.551021,6.223
28051,134.554567,3.546
28052,134.558894,4.327
28053,134.563364,4.47
28054,134.568163,4.799
28055,134.573831,5.668
28056,134.578075,4.244
28057,134.582776,4.701
28058,134.58626,3.484
28059,134.59076,4.5
28060,134.596106,5.346
28061,134.60196,5.854
28062,134.605721,3.761
28063,134.609968,4.247
28064,134.614824,4.856
28065,134.6183,3.476
28066,134.622521,4.221
28067,134.629135,6.614
28068,134.634011,4.876
28069,134.639051,5.04
28070,134.643362,4.311
28071,134.648215,4.853
28072,134.6517,3.485
28073,134.655862,4.162
28074,134.661825,5.963
28075,134.666718,4.893
28076,134.671757,5.039
28077,134.676207,4.45
28078,134.682541,6.334
28079,134.686192,3.651
28080,134.690444,4.252
28081,134.694677,4.233
28082,134.699685,5.008
28083,134.703274,3.589
28084,134.707767,4.493
28085,134.712569,4.802
28086,134.717866,5.297
28087,134.722492,4.626
28088,134.726895,4.403
28089,134.73294,6.045
28090,134.735894,2.954
28091,134.740186,4.292
28092,134.744541,4.355
28093,134.749644,5.103
28094,134.752829,3.185
28095,134.75699,4.161
28096,134.762054,5.064
28097,134.767001,4.947
28098,134.772321,5.32
28099,134.776367,4.046
28100,134.78127,4.903
28101,134.785498,4.228
28102,134.791144,5.646
28103,134.795446,4.302
28104,134.80016,4.714
28105,134.803813,3.653
28106,134.808334,4.521
28107,134.812398,4.064
28108,134.816954,4.556
28109,134.822703,5.749
28110,134.826823,4.12
28111,134.832171,5.348
28112,134.835892,3.721
28113,134.839652,3.76
28114,134.844423,4.771
28115,134.849369,4.946
28116,134.854449,5.08
28117,134.858597,4.148
28118,134.865653,7.056
28119,134.86897,3.317
28120,134.874112,5.142
28121,134.87776,3.648
28122,134.88239,4.63
28123,134.885877,3.487
28124,134.89021,4.333
28125,134.895682,5.472
28126,134.900771,5.089
28127,134.905629,4.858
28128,134.909839,4.21
28129,134.916526,6.687
28130,134.920226,3.7
28131,134.925543,5.317
28132,134.930488,4.945
28133,134.935533,5.045
28134,134.939054,3.521
28135,134.943213,4.159
28136,134.949779,6.566
28137,134.953257,3.478
28138,134.959549,6.292
28139,134.963573,4.024
28140,134.968463,4.89
28141,134.9723,3.837
28142,134.976234,3.934
28143,134.98121,4.976
28144,134.984615,3.405
28145,134.98901,4.395
28146,134.993528,4.518
28147,134.999887,6.359
28148,135.003331,3.444
28149,135.009725,6.394
28150,135.014378,4.653
28151,135.017863,3.485
28152,135.022326,4.463
28153,135.027938,5.612
28154,135.033596,5.658
28155,135.03686,3.264
28156,135.043112,6.252
28157,135.047899,4.787
28158,135.053121,5.222
28159,135.057789,4.668
28160,135.061557,3.768
28161,135.066381,4.824
28162,135.069989,3.608
28163,135.075204,5.215
28164,135.078925,3.721
28165,135.08382,4.895
28166,135.087365,3.545
28167,135.091879,4.514
28168,135.096694,4.815
28169,135.102138,5.444
28170,135.106451,4.313
28171,135.110492,4.041
28172,135.115594,5.102
28173,135.118986,3.392
28174,135.123623,4.637
28175,135.12761,3.987
28176,135.134728,7.118
28177,135.141253,6.525
28178,135.146142,4.889
28179,135.154144,8.002
28180,135.160568,6.424
28181,135.165271,4.703
28182,135.169878,4.607
28183,135.177003,7.125
28184,135.182397,5.394
28185,135.186913,4.516
28186,135.193355,6.442
28187,135.197217,3.862
28188,135.201624,4.407
28189,135.209692,8.068
28190,135.215327,5.635
28191,135.220428,5.101
28192,135.228948,8.52
28193,135.234582,5.634
28194,135.24359,9.008
28195,135.248041,4.451
28196,135.252732,4.691
28197,135.260868,8.136
28198,135.263775,2.907
28199,135.269607,5.832
28200,135.274475,4.868
28201,135.279654,5.179
28202,135.28447,4.816
28203,135.289414,4.944
28204,135.293121,3.707
28205,135.298389,5.268
28206,135.301917,3.528
28207,135.308208,6.291
28208,135.314286,6.078
28209,135.318667,4.381
28210,135.322976,4.309
28211,135.327727,4.751
28212,135.331654,3.927
28213,135.335826,4.172
28214,135.341257,5.431
28215,135.345727,4.47
28216,135.350972,5.245
28217,135.35467,3.698
28218,135.361728,7.058
28219,135.36527,3.542
28220,135.36961,4.34
28221,135.374934,5.324
28222,135.380307,5.373
28223,135.384586,4.279
28224,135.389832,5.246
28225,135.393253,3.421
28226,135.397518,4.265
28227,135.40372,6.202
28228,135.40951,5.79
28229,135.414155,4.645
28230,135.418392,4.237
28231,135.423837,5.445
28232,135.427194,3.357
28233,135.431353,4.159
28234,135.435649,4.296
28235,135.441809,6.16
28236,135.446058,4.249
28237,135.451128,5.07
28238,135.458358,7.23
28239,135.461623,3.265
28240,135.465938,4.315
28241,135.470241,4.303
28242,135.478591,8.35
28243,135.481729,3.138
28244,135.485343,3.614
28245,135.492006,6.663
28246,135.495134,3.128
28247,135.500441,5.307
28248,135.504812,4.371
28249,135.512527,7.715
28250,135.51666,4.133
28251,135.52206,5.4
28252,135.527034,4.974
28253,135.530717,3.683
28254,135.535011,4.294
28255,135.540646,5.635
28256,135.546782,6.136
28257,135.551466,4.684
28258,135.55777,6.304
28259,135.562695,4.925
28260,135.566438,3.743
28261,135.570816,4.378
28262,135.575829,5.013
28263,135.581289,5.46
28264,135.584184,2.895
28265,135.58852,4.336
28266,135.594114,5.594
28267,135.598889,4.775
28268,135.603233,4.344
28269,135.609706,6.473
28270,135.615189,5.483
28271,135.619068,3.879
28272,135.625723,6.655
28273,135.630907,5.184
28274,135.633974,3.067
28275,135.639789,5.815
28276,135.64563,5.841
28277,135.650623,4.993
28278,135.656062,5.439
28279,135.660901,4.839
28280,135.665535,4.634
28281,135.668706,3.171
28282,135.673447,4.741
28283,135.678515,5.068
28284,135.683348,4.833
28285,135.687231,3.883
28286,135.693082,5.851
28287,135.698226,5.144
28288,135.702995,4.769
28289,135.709266,6.271
28290,135.714453,5.187
28291,135.717537,3.084
28292,135.721979,4.442
28293,135.726644,4.665
28294,135.731471,4.827
28295,135.735017,3.546
28296,135.740898,5.881
28297,135.745892,4.994
28298,135.751361,5.469
28299,135.755865,4.504
28300,135.760744,4.879
28301,135.765132,4.388
28302,135.768751,3.619
28303,135.773327,4.576
28304,135.778072,4.745
28305,135.781757,3.685
28306,135.786226,4.469
28307,135.793666,7.44
28308,135.798718,5.052
28309,135.802953,4.235
28310,135.807347,4.394
28311,135.812124,4.777
28312,135.815944,3.82
28313,135.820538,4.594
28314,135.824622,4.084
28315,135.829339,4.717
28316,135.834316,4.977
28317,135.838719,4.403
28318,135.845083,6.364
28319,135.848679,3.596
28320,135.852928,4.249
28321,135.85732,4.392
28322,135.862785,5.465
28323,135.86671,3.925
28324,135.871935,5.225
28325,135.877376,5.441
28326,135.880573,3.197
28327,135.886338,5.765
28328,135.893663,7.325
28329,135.897804,4.141
28330,135.901641,3.837
28331,135.905987,4.346
28332,135.910658,4.671
28333,135.914082,3.424
28334,135.918396,4.314
28335,135.923019,4.623
28336,135.931264,8.245
28337,135.934205,2.941
28338,135.940252,6.047
28339,135.945074,4.822
28340,135.948371,3.297
28341,135.95256,4.189
28342,135.959258,6.698
28343,135.963553,4.295
28344,135.968134,4.581
28345,135.972738,4.604
28346,135.977619,4.881
28347,135.982752,5.133
28348,135.987071,4.319
28349,135.99262,5.549
28350,135.997166,4.546
28351,136.000402,3.236
28352,136.004729,4.327
28353,136.009679,4.95
28354,136.013003,3.324
28355,136.017085,4.082
28356,136.024509,7.424
28357,136.029997,5.488
28358,136.033419,3.422
28359,136.037519,4.1
28360,136.044409,6.89
28361,136.047822,3.413
28362,136.051855,4.033
28363,136.056351,4.496
28364,136.061072,4.721
28365,136.064784,3.712
28366,136.068795,4.011
28367,136.074898,6.103
28368,136.077871,2.973
28369,136.084391,6.52
28370,136.089014,4.623
28371,136.096443,7.429
28372,136.101874,5.431
28373,136.107432,5.558
28374,136.115357,7.925
28375,136.119979,4.622
28376,136.125284,5.305
28377,136.129778,4.494
28378,136.1353,5.522
28379,136.139259,3.959
28380,136.142527,3.268
28381,136.147445,4.918
28382,136.150926,3.481
28383,136.1571,6.174
28384,136.160779,3.679
28385,136.165956,5.177
28386,136.169322,3.366
28387,136.174654,5.332
28388,136.178768,4.114
28389,136.183955,5.187
28390,136.188473,4.518
28391,136.193448,4.975
28392,136.199287,5.839
28393,136.20478,5.493
28394,136.208506,3.726
28395,136.215308,6.802
28396,136.218496,3.188
28397,136.225394,6.898
28398,136.229102,3.708
28399,136.23493,5.828
28400,136.238683,3.753
28401,136.24443,5.747
28402,136.249245,4.815
28403,136.254775,5.53
28404,136.258605,3.83
28405,136.264957,6.352
28406,136.268578,3.621
28407,136.274625,6.047
28408,136.278943,4.318
28409,136.285394,6.451
28410,136.289803,4.409
28411,136.29544,5.637
28412,136.301471,6.031
28413,136.306939,5.468
28414,136.310947,4.008
28415,136.317384,6.437
28416,136.321321,3.937
28417,136.327504,6.183
28418,136.333043,5.539
28419,136.339715,6.672
28420,136.343034,3.319
28421,136.348855,5.821
28422,136.353841,4.986
28423,136.358911,5.07
28424,136.362926,4.015
28425,136.369804,6.878
28426,136.37328,3.476
28427,136.37888,5.6
28428,136.382965,4.085
28429,136.389588,6.623
28430,136.393224,3.636
28431,136.398873,5.649
28432,136.404012,5.139
28433,136.40893,4.918
28434,136.414069,5.139
28435,136.423384,9.315
28436,136.426656,3.272
28437,136.430663,4.007
28438,136.434708,4.045
28439,136.442243,7.535
28440,136.445914,3.671
28441,136.450714,4.8
28442,136.455835,5.121
28443,136.461086,5.251
28444,136.465042,3.956
28445,136.472361,7.319
28446,136.47548,3.119
28447,136.481328,5.848
28448,136.485206,3.878
28449,136.492001,6.795
28450,136.495564,3.563
28451,136.501205,5.641
28452,136.507013,5.808
28453,136.511438,4.425
28454,136.515676,4.238
28455,136.522389,6.713
28456,136.526168,3.779
28457,136.531694,5.526
28458,136.535816,4.122
28459,136.542937,7.121
28460,136.547132,4.195
28461,136.551829,4.697
28462,136.557231,5.402
28463,136.562061,4.83
28464,136.566249,4.188
28465,136.573288,7.039
28466,136.576823,3.535
28467,136.582543,5.72
28468,136.586832,4.289
28469,136.593274,6.442
28470,136.597074,3.8
28471,136.602837,5.763
28472,136.608092,5.255
28473,136.613425,5.333
28474,136.617461,4.036
28475,136.624125,6.664
28476,136.627733,3.608
28477,136.633645,5.912
28478,136.638261,4.616
28479,136.644883,6.622
28480,136.649784,4.901
28481,136.654602,4.818
28482,136.659451,4.849
28483,136.664916,5.465
28484,136.669343,4.427
28485,136.675741,6.398
28486,136.67936,3.619
28487,136.685316,5.956
28488,136.690589,5.273
28489,136.695642,5.053
28490,136.700045,4.403
28491,136.706767,6.722
28492,136.710169,3.402
28493,136.716252,6.083
28494,136.721642,5.39
28495,136.726382,4.74
28496,136.730716,4.334
28497,136.737648,6.932
28498,136.742753,5.105
28499,136.747116,4.363
28500,136.751932,4.816
28501,136.757368,5.436
28502,136.761535,4.167
28503,136.76839,6.855
28504,136.771984,3.594
28505,136.777901,5.917
28506,136.782795,4.894
28507,136.788303,5.508
28508,136.792561,4.258
28509,136.79902,6.459
28510,136.803021,4.001
28511,136.808914,5.893
28512,136.814025,5.111
28513,136.819288,5.263
28514,136.823717,4.429
28515,136.829636,5.919
28516,136.834622,4.986
28517,136.840394,5.772
28518,136.844946,4.552
28519,136.851231,6.285
28520,136.85502,3.789
28521,136.860853,5.833
28522,136.865873,5.02
28523,136.871567,5.694
28524,136.876049,4.482
28525,136.882527,6.478
28526,136.886297,3.77
28527,136.892219,5.922
28528,136.896524,4.305
28529,136.903529,7.005
28530,136.906782,3.253
28531,136.912931,6.149
28532,136.917785,4.854
28533,136.923113,5.328
28534,136.927403,4.29
28535,136.93402,6.617
28536,136.938039,4.019
28537,136.943701,5.662
28538,136.94844,4.739
28539,136.953845,5.405
28540,136.957944,4.099
28541,136.964282,6.338
28542,136.967898,3.616
28543,136.974187,6.289
28544,136.978015,3.828
28545,136.984767,6.752
28546,136.988289,3.522
28547,136.994001,5.712
28548,136.99892,4.919
28549,137.004284,5.364
28550,137.009041,4.757
28551,137.015215,6.174
28552,137.018419,3.204
28553,137.024418,5.999
28554,137.028649,4.231
28555,137.035248,6.599
28556,137.038752,3.504
28557,137.045074,6.322
28558,137.049598,4.524
28559,137.055017,5.419
28560,137.059135,4.118
28561,137.0658,6.665
28562,137.069206,3.406
28563,137.075327,6.121
28564,137.079405,4.078
28565,137.086062,6.657
28566,137.089924,3.862
28567,137.095425,5.501
28568,137.100298,4.873
28569,137.105722,5.424
28570,137.109802,4.08
28571,137.116451,6.649
28572,137.119867,3.416
28573,137.125808,5.941
28574,137.13081,5.002
28575,137.135818,5.008
28576,137.140006,4.188
28577,137.14591,5.904
28578,137.1508,4.89
28579,137.15613,5.33
28580,137.160416,4.286
28581,137.166752,6.336
28582,137.170573,3.821
28583,137.176337,5.764
28584,137.18132,4.983
28585,137.186382,5.062
28586,137.190833,4.451
28587,137.197302,6.469
28588,137.200694,3.392
28589,137.206651,5.957
28590,137.210943,4.292
28591,137.217498,6.555
28592,137.221543,4.045
28593,137.226981,5.438
28594,137.231577,4.596
28595,137.235343,3.766
28596,137.239433,4.09
28597,137.244396,4.963
28598,137.248713,4.317
28599,137.252004,3.291
28600,137.256759,4.755
28601,137.261279,4.52
28602,137.266689,5.41
28603,137.271124,4.435
28604,137.276345,5.221
28605,137.27981,3.465
28606,137.28396,4.15
28607,137.288277,4.317
28608,137.293449,5.172
28609,137.296602,3.153
28610,137.300695,4.093
28611,137.307785,7.09
28612,137.311061,3.276
28613,137.316886,5.825
28614,137.320934,4.048
28615,137.326913,5.979
28616,137.329897,2.984
28617,137.333512,3.615
28618,137.338109,4.597
28619,137.342645,4.536
28620,137.34608,3.435
28621,137.35018,4.1
28622,137.357549,7.369
28623,137.360144,2.595
28624,137.36421,4.066
28625,137.368393,4.183
28626,137.375086,6.693
28627,137.378573,3.487
28628,137.382523,3.95
28629,137.386857,4.334
28630,137.391678,4.821
28631,137.396881,5.203
28632,137.400863,3.982
28633,137.407471,6.608
28634,137.410636,3.165
28635,137.414767,4.131
28636,137.418907,4.14
28637,137.425849,6.942
28638,137.429749,3.9
28639,137.433889,4.14
28640,137.437993,4.104
28641,137.442679,4.686
28642,137.447881,5.202
28643,137.452108,4.227
28644,137.457806,5.698
28645,137.460879,3.073
28646,137.464959,4.08
28647,137.4691,4.141
28648,137.474063,4.963
28649,137.477347,3.284
28650,137.481398,4.051
28651,137.487707,6.309
28652,137.492033,4.326
28653,137.497268,5.235
28654,137.501215,3.947
28655,137.506331,5.116
28656,137.509333,3.002
28657,137.513427,4.094
28658,137.517437,4.01
28659,137.523894,6.457
28660,137.528656,4.762
28661,137.532577,3.921
28662,137.539013,6.436
28663,137.543273,4.26
28664,137.546641,3.368
28665,137.550816,4.175
28666,137.557464,6.648
28667,137.560698,3.234
28668,137.564828,4.13
28669,137.568825,3.997
28670,137.573912,5.087
28671,137.579357,5.445
28672,137.583231,3.874
28673,137.589322,6.091
28674,137.593765,4.443
28675,137.597283,3.518
28676,137.601425,4.142
28677,137.607442,6.017
28678,137.610435,2.993
28679,137.614656,4.221
28680,137.618642,3.986
28681,137.626713,8.071
28682,137.63056,3.847
28683,137.635081,4.521
28684,137.640628,5.547
28685,137.644972,4.344
28686,137.647924,2.952
28687,137.65359,5.666
28688,137.658357,4.767
28689,137.661759,3.402
28690,137.665972,4.213
28691,137.672441,6.469
28692,137.677019,4.578
28693,137.681738,4.719
28694,137.685814,4.076
28695,137.690887,5.073
28696,137.695534,4.647
28697,137.698853,3.319
28698,137.703152,4.299
28699,137.707938,4.786
28700,137.711261,3.323
28701,137.71534,4.079
28702,137.721452,6.112
28703,137.72629,4.838
28704,137.729455,3.165
28705,137.733328,3.873
28706,137.739025,5.697
28707,137.744129,5.104
28708,137.747752,3.623
28709,137.753318,5.566
28710,137.757574,4.256
28711,137.762667,5.093
28712,137.766701,4.034
28713,137.772354,5.653
28714,137.77666,4.306
28715,137.7801,3.44
28716,137.784081,3.981
28717,137.789168,5.087
28718,137.793291,4.123
28719,137.798067,4.776
28720,137.802992,4.925
28721,137.807737,4.745
28722,137.81115,3.413
28723,137.815305,4.155
28724,137.819474,4.169
28725,137.825943,6.469
28726,137.829413,3.47
28727,137.833467,4.054
28728,137.837806,4.339
28729,137.843376,5.57
28730,137.846769,3.393
28731,137.852299,5.53
28732,137.85759,5.291
28733,137.860437,2.847
28734,137.864739,4.302
28735,137.868796,4.057
28736,137.873991,5.195
28737,137.877101,3.11
28738,137.881352,4.251
28739,137.885466,4.114
28740,137.89186,6.394
28741,137.895309,3.449
28742,137.899608,4.299
28743,137.90377,4.162
28744,137.909486,5.716
28745,137.913377,3.891
28746,137.918314,4.937
28747,137.922445,4.131
28748,137.927258,4.813
28749,137.930864,3.606
28750,137.934868,4.004
28751,137.941019,6.151
28752,137.945079,4.06
28753,137.948333,3.254
28754,137.952344,4.011
28755,137.957946,5.602
28756,137.96218,4.234
28757,137.965623,3.443
28758,137.970108,4.485
28759,137.973841,3.733
28760,137.980632,6.791
28761,137.983948,3.316
28762,137.988134,4.186
28763,137.99355,5.416
28764,137.997807,4.257
28765,138.001516,3.709
28766,138.005436,3.92
28767,138.012541,7.105
28768,138.016918,4.377
28769,138.020508,3.59
28770,138.025866,5.358
28771,138.030748,4.882
28772,138.034132,3.384
28773,138.038885,4.753
28774,138.044165,5.28
28775,138.048638,4.473
28776,138.051919,3.281
28777,138.05614,4.221
28778,138.061327,5.187
28779,138.065613,4.286
28780,138.069043,3.43
28781,138.073417,4.374
28782,138.081662,8.245
28783,138.085068,3.406
28784,138.089301,4.233
28785,138.094668,5.367
28786,138.098876,4.208
28787,138.102579,3.703
28788,138.109547,6.968
28789,138.114249,4.702
28790,138.118451,4.202
28791,138.122409,3.958
28792,138.127166,4.757
28793,138.13185,4.684
28794,138.13558,3.73
28795,138.140262,4.682
28796,138.14659,6.328
28797,138.151529,4.939
28798,138.15505,3.521
28799,138.161013,5.963
28800,138.165123,4.11
28801,138.169994,4.871
28802,138.173787,3.793
28803,138.179798,6.011
28804,138.184694,4.896
28805,138.18864,3.946
28806,138.1937,5.06
28807,138.197177,3.477
28808,138.202322,5.145
28809,138.205799,3.477
28810,138.211041,5.242
28811,138.214655,3.614
28812,138.2196,4.945
28813,138.223509,3.909
28814,138.230098,6.589
28815,138.234058,3.96
28816,138.237915,3.857
28817,138.24236,4.445
28818,138.246339,3.979
28819,138.251489,5.15
28820,138.254883,3.394
28821,138.26186,6.977
28822,138.265865,4.005
28823,138.270794,4.929
28824,138.275526,4.732
28825,138.279439,3.913
28826,138.284309,4.87
28827,138.289394,5.085
28828,138.294494,5.1
28829,138.298649,4.155
28830,138.303763,5.114
28831,138.307878,4.115
28832,138.311704,3.826
28833,138.3162,4.496
28834,138.323221,7.021
28835,138.327882,4.661
28836,138.332103,4.221
28837,138.337074,4.971
28838,138.340645,3.571
28839,138.344896,4.251
28840,138.349233,4.337
28841,138.354513,5.28
28842,138.358003,3.49
28843,138.362269,4.266
28844,138.366546,4.277
28845,138.373079,6.533
28846,138.376707,3.628
28847,138.380967,4.26
28848,138.386257,5.29
28849,138.390066,3.809
28850,138.393894,3.828
28851,138.398231,4.337
28852,138.403432,5.201
28853,138.407498,4.066
28854,138.411212,3.714
28855,138.415335,4.123
28856,138.420569,5.234
28857,138.424086,3.517
28858,138.428758,4.672
28859,138.433491,4.733
28860,138.437197,3.706
28861,138.441485,4.288
28862,138.446778,5.293
28863,138.452789,6.011
28864,138.455615,2.826
28865,138.459894,4.279
28866,138.463832,3.938
28867,138.468731,4.899
28868,138.47321,4.479
28869,138.476479,3.269
28870,138.481213,4.734
28871,138.484472,3.259
28872,138.490371,5.899
28873,138.494075,3.704
28874,138.498471,4.396
28875,138.501883,3.412
28876,138.50838,6.497
28877,138.511172,2.792
28878,138.515818,4.646
28879,138.519411,3.593
28880,138.525273,5.862
28881,138.528546,3.273
28882,138.53311,4.564
28883,138.536565,3.455
28884,138.543508,6.943
28885,138.547961,4.453
28886,138.55139,3.429
28887,138.555259,3.869
28888,138.56034,5.081
28889,138.564456,4.116
28890,138.567749,3.293
28891,138.571802,4.053
28892,138.579722,7.92
28893,138.585324,5.602
28894,138.58819,2.866
28895,138.59163,3.44
28896,138.595706,4.076
28897,138.600447,4.741
28898,138.604042,3.595
28899,138.607962,3.92
28900,138.611939,3.977
28901,138.616508,4.569
28902,138.622748,6.24
28903,138.626986,4.238
28904,138.631774,4.788
28905,138.635193,3.419
28906,138.64005,4.857
28907,138.643735,3.685
28908,138.647679,3.944
28909,138.651165,3.486
28910,138.656808,5.643
28911,138.660822,4.014
28912,138.665507,4.685
28913,138.668744,3.237
28914,138.674032,5.288
28915,138.677771,3.739
28916,138.68228,4.509
28917,138.685766,3.486
28918,138.692427,6.661
28919,138.696426,3.999
28920,138.701885,5.459
28921,138.706465,4.58
28922,138.709856,3.391
28923,138.714384,4.528
28924,138.717987,3.603
28925,138.723826,5.839
28926,138.727275,3.449
28927,138.731995,4.72
28928,138.738453,6.458
28929,138.742129,3.676
28930,138.745296,3.167
28931,138.74953,4.234
28932,138.754281,4.751
28933,138.757789,3.508
28934,138.76176,3.971
28935,138.766689,4.929
28936,138.769923,3.234
28937,138.775987,6.064
28938,138.780855,4.868
28939,138.784211,3.356
28940,138.789976,5.765
28941,138.793451,3.475
28942,138.798227,4.776
28943,138.801885,3.658
28944,138.807354,5.469
28945,138.810956,3.602
28946,138.815659,4.703
28947,138.819235,3.576
28948,138.825911,6.676
28949,138.830771,4.86
28950,138.834363,3.592
28951,138.839962,5.599
28952,138.843792,3.83
28953,138.847724,3.932
28954,138.851459,3.735
28955,138.857484,6.025
28956,138.861556,4.072
28957,138.866439,4.883
28958,138.872164,5.725
28959,138.875801,3.637
28960,138.87962,3.819
28961,138.884773,5.153
28962,138.888581,3.808
28963,138.892742,4.161
28964,138.89755,4.808
28965,138.901375,3.825
28966,138.906643,5.268
28967,138.910264,3.621
28968,138.915025,4.761
28969,138.918553,3.528
28970,138.92409,5.537
28971,138.927575,3.485
28972,138.932427,4.852
28973,138.938261,5.834
28974,138.942631,4.37
28975,138.947375,4.744
28976,138.950916,3.541
28977,138.956396,5.48
28978,138.959814,3.418
28979,138.964624,4.81
28980,138.968492,3.868
28981,138.974621,6.129
28982,138.978171,3.55
28983,138.982979,4.808
28984,138.986443,3.464
28985,138.991946,5.503
28986,138.995608,3.662
28987,139.000769,5.161
28988,139.004108,3.339
28989,139.010815,6.707
28990,139.015739,4.924
28991,139.019233,3.494
28992,139.024688,5.455
28993,139.028557,3.869
28994,139.033382,4.825
28995,139.039141,5.759
28996,139.042579,3.438
28997,139.046908,4.329
28998,139.051646,4.738
28999,139.057399,5.753
29000,139.060711,3.312
29001,139.06558,4.869
29002,139.069235,3.655
29003,139.074742,5.507
29004,139.078767,4.025
29005,139.083536,4.769
29006,139.087127,3.591
29007,139.092031,4.904
29008,139.096225,4.194
29009,139.101187,4.962
29010,139.104412,3.225
29011,139.110803,6.391
29012,139.115337,4.534
29013,139.118989,3.652
29014,139.124306,5.317
29015,139.128095,3.789
29016,139.132365,4.27
29017,139.13588,3.515
29018,139.142327,6.447
29019,139.146368,4.041
29020,139.154206,7.838
29021,139.158138,3.932
29022,139.162989,4.851
29023,139.168,5.011
29024,139.171916,3.916
29025,139.175708,3.792
29026,139.179849,4.141
29027,139.184679,4.83
29028,139.190828,6.149
29029,139.193439,2.611
29030,139.197725,4.286
29031,139.202669,4.944
29032,139.207248,4.579
29033,139.210746,3.498
29034,139.215473,4.727
29035,139.219289,3.816
29036,139.227117,7.828
29037,139.232448,5.331
29038,139.237365,4.917
29039,139.24098,3.615
29040,139.246976,5.996
29041,139.253912,6.936
29042,139.260391,6.479
29043,139.263298,2.907
29044,139.268655,5.357
29045,139.273434,4.779
29046,139.27679,3.356
29047,139.281029,4.239
29048,139.28717,6.141
29049,139.291632,4.462
29050,139.294816,3.184
29051,139.302268,7.452
29052,139.307117,4.849
29053,139.310471,3.354
29054,139.314518,4.047
29055,139.319279,4.761
29056,139.325867,6.588
29057,139.330303,4.436
29058,139.335654,5.351
29059,139.346849,11.195
29060,139.35029,3.441
29061,139.357311,7.021
29062,139.359755,2.444
29063,139.363972,4.217
29064,139.368873,4.901
29065,139.372721,3.848
29066,139.376609,3.888
29067,139.381417,4.808
29068,139.386659,5.242
29069,139.391498,4.839
29070,139.396416,4.918
29071,139.400255,3.839
29072,139.405003,4.748
29073,139.409295,4.292
29074,139.412832,3.537
29075,139.420825,7.993
29076,139.426103,5.278
29077,139.429118,3.015
29078,139.433457,4.339
29079,139.437723,4.266
29080,139.444389,6.666
29081,139.448236,3.847
29082,139.453998,5.762
29083,139.458034,4.036
29084,139.461257,3.223
29085,139.465821,4.564
29086,139.470536,4.715
29087,139.475891,5.355
29088,139.4803,4.409
29089,139.486005,5.705
29090,139.491655,5.65
29091,139.495759,4.104
29092,139.500042,4.283
29093,139.504118,4.076
29094,139.509338,5.22
29095,139.512785,3.447
29096,139.518805,6.02
29097,139.526863,8.058
29098,139.533661,6.798
29099,139.538836,5.175
29100,139.542205,3.369
29101,139.54733,5.125
29102,139.55128,3.95
29103,139.555303,4.023
29104,139.559997,4.694
29105,139.562992,2.995
29106,139.569703,6.711
29107,139.574705,5.002
29108,139.579307,4.602
29109,139.583758,4.451
29110,139.58741,3.652
29111,139.592447,5.037
29112,139.595232,2.785
29113,139.599416,4.184
29114,139.605082,5.666
29115,139.609611,4.529
29116,139.612853,3.242
29117,139.618657,5.804
29118,139.623558,4.901
29119,139.627135,3.577
29120,139.634483,7.348
29121,139.639302,4.819
29122,139.644036,4.734
29123,139.64824,4.204
29124,139.652776,4.536
29125,139.657625,4.849
29126,139.661533,3.908
29127,139.665193,3.66
29128,139.672523,7.33
29129,139.677999,5.476
29130,139.680969,2.97
29131,139.685456,4.487
29132,139.691015,5.559
29133,139.694573,3.558
29134,139.697861,3.288
29135,139.706153,8.292
29136,139.712565,6.412
29137,139.715816,3.251
29138,139.720777,4.961
29139,139.725296,4.519
29140,139.730885,5.589
29141,139.734923,4.038
29142,139.739359,4.436
29143,139.743705,4.346
29144,139.746629,2.924
29145,139.751492,4.863
29146,139.757008,5.516
29147,139.761871,4.863
29148,139.767766,5.895
29149,139.776909,9.143
29150,139.781501,4.592
29151,139.785851,4.35
29152,139.793757,7.906
29153,139.809045,15.288
29154,139.824792,15.747
29155,139.831696,6.904
29156,139.842815,11.119
29157,139.848983,6.168
29158,139.856565,7.582
29159,139.861672,5.107
29160,139.865792,4.12
29161,139.875931,10.139
29162,139.88099,5.059
29163,139.884543,3.553
29164,139.890053,5.51
29165,139.894284,4.231
29166,139.898327,4.043
29167,139.902597,4.27
29168,139.907772,5.175
29169,139.910466,2.694
29170,139.915012,4.546
29171,139.924359,9.347
29172,139.928498,4.139
29173,139.933526,5.028
29174,139.937707,4.181
29175,139.942242,4.535
29176,139.945622,3.38
29177,139.951335,5.713
29178,139.956652,5.317
29179,139.95934,2.688
29180,139.965825,6.485
29181,139.970228,4.403
29182,139.974737,4.509
29183,139.977786,3.049
29184,139.982186,4.4
29185,139.992935,10.749
29186,139.995906,2.971
29187,139.99993,4.024
29188,140.004867,4.937
29189,140.010192,5.325
29190,140.013592,3.4
29191,140.021987,8.395
29192,140.026326,4.339
29193,140.03351,7.184
29194,140.036828,3.318
29195,140.040628,3.8
29196,140.047827,7.199
29197,140.067304,19.477
29198,140.076662,9.358
29199,140.080858,4.196
29200,140.086096,5.238
29201,140.092546,6.45
29202,140.110799,18.253
29203,140.123949,13.15
29204,140.12964,5.691
29205,140.132995,3.355
29206,140.137336,4.341
29207,140.14635,9.014
29208,140.156337,9.987
29209,140.159206,2.869
29210,140.164493,5.287
29211,140.168719,4.226
29212,140.173883,5.164
29213,140.176665,2.782
29214,140.180722,4.057
29215,140.185943,5.221
29216,140.190298,4.355
29217,140.196277,5.979
29218,140.198818,2.541
29219,140.206196,7.378
29220,140.216672,10.476
29221,140.220479,3.807
29222,140.224295,3.816
29223,140.234832,10.537
29224,140.240028,5.196
29225,140.246827,6.799
29226,140.254823,7.996
29227,140.260462,5.639
29228,140.264744,4.282
29229,140.269881,5.137
29230,140.275082,5.201
29231,140.279867,4.785
29232,140.284785,4.918
29233,140.289007,4.222
29234,140.292268,3.261
29235,140.296463,4.195
29236,140.302475,6.012
29237,140.30882,6.345
29238,140.312189,3.369
29239,140.318039,5.85
29240,140.325143,7.104
29241,140.33347,8.327
29242,140.348078,14.608
29243,140.357421,9.343
29244,140.361922,4.501
29245,140.370707,8.785
29246,140.374919,4.212
29247,140.378979,4.06
29248,140.383914,4.935
29249,140.386628,2.714
29250,140.391232,4.604
29251,140.39634,5.108
29252,140.400635,4.295
29253,140.404385,3.75
29254,140.409315,4.93
29255,140.41242,3.105
29256,140.416677,4.257
29257,140.42071,4.033
29258,140.426789,6.079
29259,140.430793,4.004
29260,140.435001,4.208
29261,140.441923,6.922
29262,140.444883,2.96
29263,140.449516,4.633
29264,140.453641,4.125
29265,140.458521,4.88
29266,140.461969,3.448
29267,140.466312,4.343
29268,140.470248,3.936
29269,140.47529,5.042
29270,140.47842,3.13
29271,140.486426,8.006
29272,140.491422,4.996
29273,140.49461,3.188
29274,140.499027,4.417
29275,140.503065,4.038
29276,140.508111,5.046
29277,140.511168,3.057
29278,140.514867,3.699
29279,140.522144,7.277
29280,140.528405,6.261
29281,140.531242,2.837
29282,140.536807,5.565
29283,140.54152,4.713
29284,140.544476,2.956
29285,140.547912,3.436
29286,140.553854,5.942
29287,140.557803,3.949
29288,140.560752,2.949
29289,140.564509,3.757
29290,140.568344,3.835
29291,140.577217,8.873
29292,140.580248,3.031
29293,140.584456,4.208
29294,140.590094,5.638
29295,140.592764,2.67
29296,140.596599,3.835
29297,140.603285,6.686
29298,140.606707,3.422
29299,140.609416,2.709
29300,140.61335,3.934
29301,140.616897,3.547
29302,140.624507,7.61
29303,140.628355,3.848
29304,140.633347,4.992
29305,140.636997,3.65
29306,140.643276,6.279
29307,140.646178,2.902
29308,140.650678,4.5
29309,140.655212,4.534
29310,140.661101,5.889
29311,140.664181,3.08
29312,140.668155,3.974
29313,140.67268,4.525
29314,140.678645,5.965
29315,140.681591,2.946
29316,140.68533,3.739
29317,140.690666,5.336
29318,140.696912,6.246
29319,140.700129,3.217
29320,140.704942,4.813
29321,140.708113,3.171
29322,140.714266,6.153
29323,140.720227,5.961
29324,140.723233,3.006
29325,140.726564,3.331
29326,140.733142,6.578
29327,140.736527,3.385
29328,140.739933,3.406
29329,140.74365,3.717
29330,140.750431,6.781
29331,140.754973,4.542
29332,140.758022,3.049
29333,140.761787,3.765
29334,140.768809,7.022
29335,140.772259,3.45
29336,140.775455,3.196
29337,140.779227,3.772
29338,140.786101,6.874
29339,140.790735,4.634
29340,140.793603,2.868
29341,140.798207,4.604
29342,140.801448,3.241
29343,140.808081,6.633
29344,140.81162,3.539
29345,140.817624,6.004
29346,140.824505,6.881
29347,140.828681,4.176
29348,140.833487,4.806
29349,140.838132,4.645
29350,140.841915,3.783
29351,140.846512,4.597
29352,140.851008,4.496
29353,140.858311,7.303
29354,140.862408,4.097
29355,140.866747,4.339
29356,140.871825,5.078
29357,140.875076,3.251
29358,140.881485,6.409
29359,140.885361,3.876
29360,140.890639,5.278
29361,140.895025,4.386
29362,140.900458,5.433
29363,140.906868,6.41
29364,140.910524,3.656
29365,140.914826,4.302
29366,140.919307,4.481
29367,140.924989,5.682
29368,140.931507,6.518
29369,140.936437,4.93
29370,140.941144,4.707
29371,140.944931,3.787
29372,140.949075,4.144
29373,140.955564,6.489
29374,140.959673,4.109
29375,140.963583,3.91
29376,140.96789,4.307
29377,140.972811,4.921
29378,140.978173,5.362
29379,140.982223,4.05
29380,140.987341,5.118
29381,140.990861,3.52
29382,140.995371,4.51
29383,140.999908,4.537
29384,141.00351,3.602
29385,141.007788,4.278
29386,141.012212,4.424
29387,141.017111,4.899
29388,141.022343,5.232
29389,141.026808,4.465
29390,141.032165,5.357
29391,141.037157,4.992
29392,141.041664,4.507
29393,141.048526,6.862
29394,141.052132,3.606
29395,141.056162,4.03
29396,141.060755,4.593
29397,141.065528,4.773
29398,141.070882,5.354
29399,141.075099,4.217
29400,141.080266,5.167
29401,141.083647,3.381
29402,141.087882,4.235
29403,141.094203,6.321
29404,141.098631,4.428
29405,141.102508,3.877
29406,141.106576,4.068
29407,141.111813,5.237
29408,141.115104,3.291
29409,141.119416,4.312
29410,141.12352,4.104
29411,141.129395,5.875
29412,141.134891,5.496
29413,141.139216,4.325
29414,141.143292,4.076
29415,141.147257,3.965
29416,141.15126,4.003
29417,141.155569,4.309
29418,141.162727,7.158
29419,141.166657,3.93
29420,141.172217,5.56
29421,141.177139,4.922
29422,141.180675,3.536
29423,141.186675,6.0
29424,141.190926,4.251
29425,141.196069,5.143
29426,141.200094,4.025
29427,141.203786,3.692
29428,141.210467,6.681
29429,141.214081,3.614
29430,141.218244,4.163
29431,141.22255,4.306
29432,141.227401,4.851
29433,141.233383,5.982
29434,141.23789,4.507
29435,141.242202,4.312
29436,141.24645,4.248
29437,141.252558,6.108
29438,141.256042,3.484
29439,141.261383,5.341
29440,141.265249,3.866
29441,141.269175,3.926
29442,141.273656,4.481
29443,141.279043,5.387
29444,141.283364,4.321
29445,141.287556,4.192
29446,141.292606,5.05
29447,141.29729,4.684
29448,141.302662,5.372
29449,141.307245,4.583
29450,141.310982,3.737
29451,141.315372,4.39
29452,141.319587,4.215
29453,141.326121,6.534
29454,141.329986,3.865
29455,141.334216,4.23
29456,141.338892,4.676
29457,141.342568,3.676
29458,141.349435,6.867
29459,141.354304,4.869
29460,141.36026,5.956
29461,141.36392,3.66
29462,141.368256,4.336
29463,141.374715,6.459
29464,141.378557,3.842
29465,141.382783,4.226
29466,141.387066,4.283
29467,141.391704,4.638
29468,141.397253,5.549
29469,141.401643,4.39
29470,141.406378,4.735
29471,141.410022,3.644
29472,141.414606,4.584
29473,141.420903,6.297
29474,141.424966,4.063
29475,141.428866,3.9
29476,141.433131,4.265
29477,141.43736,4.229
29478,141.444233,6.873
29479,141.448252,4.019
29480,141.454022,5.77
29481,141.458535,4.513
29482,141.462461,3.926
29483,141.468337,5.876
29484,141.472495,4.158
29485,141.477537,5.042
29486,141.481036,3.499
29487,141.485739,4.703
29488,141.491257,5.518
29489,141.4964,5.143
29490,141.499704,3.304
29491,141.504021,4.317
29492,141.509117,5.096
29493,141.512951,3.834
29494,141.517739,4.788
29495,141.522072,4.333
29496,141.525929,3.857
29497,141.530127,4.198
29498,141.53545,5.323
29499,141.539703,4.253
29500,141.544918,5.215
29501,141.548491,3.573
29502,141.55251,4.019
29503,141.559135,6.625
29504,141.562709,3.574
29505,141.566952,4.243
29506,141.571322,4.37
29507,141.576328,5.006
29508,141.580383,4.055
29509,141.584109,3.726
29510,141.588293,4.184
29511,141.593227,4.934
29512,141.596879,3.652
29513,141.602905,6.026
29514,141.607629,4.724
29515,141.61172,4.091
29516,141.616963,5.243
29517,141.62201,5.047
29518,141.628898,6.888
29519,141.632436,3.538
29520,141.63642,3.984
29521,141.64066,4.24
29522,141.646353,5.693
29523,141.651531,5.178
29524,141.65546,3.929
29525,141.660465,5.005
29526,141.664104,3.639
29527,141.66807,3.966
29528,141.674059,5.989
29529,141.67917,5.111
29530,141.682773,3.603
29531,141.686992,4.219
29532,141.691152,4.16
29533,141.697814,6.662
29534,141.701436,3.622
29535,141.705554,4.118
29536,141.710498,4.944
29537,141.714479,3.981
29538,141.720184,5.705
29539,141.724933,4.749
29540,141.730571,5.638
29541,141.734938,4.367
29542,141.739091,4.153
29543,141.745346,6.255
29544,141.750036,4.69
29545,141.753772,3.736
29546,141.758088,4.316
29547,141.763056,4.968
29548,141.768215,5.159
29549,141.772302,4.087
29550,141.776731,4.429
29551,141.781681,4.95
29552,141.785416,3.735
29553,141.791168,5.752
29554,141.795747,4.579
29555,141.800406,4.659
29556,141.805289,4.883
29557,141.808511,3.222
29558,141.81322,4.709
29559,141.81696,3.74
29560,141.821151,4.191
29561,141.825452,4.301
29562,141.83086,5.408
29563,141.835649,4.789
29564,141.839817,4.168
29565,141.844238,4.421
29566,141.849114,4.876
29567,141.853244,4.13
29568,141.858688,5.444
29569,141.863655,4.967
29570,141.867137,3.482
29571,141.871561,4.424
29572,141.875712,4.151
29573,141.881345,5.633
29574,141.885315,3.97
29575,141.888811,3.496
29576,141.893,4.189
29577,141.899234,6.234
29578,141.904199,4.965
29579,141.907819,3.62
29580,141.912787,4.968
29581,141.916446,3.659
29582,141.920786,4.34
29583,141.926962,6.176
29584,141.932797,5.835
29585,141.938235,5.438
29586,141.941662,3.427
29587,141.946016,4.354
29588,141.952569,6.553
29589,141.956598,4.029
29590,141.960722,4.124
29591,141.96619,5.468
29592,141.970094,3.904
29593,141.975356,5.262
29594,141.979696,4.34
29595,141.984766,5.07
29596,141.988407,3.641
29597,141.992639,4.232
29598,141.997611,4.972
29599,142.001379,3.768
29600,142.005433,4.054
29601,142.009857,4.424
29602,142.014795,4.938
29603,142.020134,5.339
29604,142.024488,4.354
29605,142.029192,4.704
29606,142.034952,5.76
29607,142.039296,4.344
29608,142.044225,4.929
29609,142.048837,4.612
29610,142.05246,3.623
29611,142.056886,4.426
29612,142.06186,4.974
29613,142.06627,4.41
29614,142.070228,3.958
29615,142.074054,3.826
29616,142.081065,7.011
29617,142.084062,2.997
29618,142.089937,5.875
29619,142.09438,4.443
29620,142.099677,5.297
29621,142.104074000001,4.397
29622,142.109268,5.194
29623,142.115927000001,6.659
29624,142.119597000001,3.67
29625,142.123804000001,4.207
29626,142.128260000001,4.456
29627,142.134373000001,6.113
29628,142.138826000001,4.453
29629,142.142661000001,3.835
29630,142.147403000001,4.742
29631,142.151391000001,3.988
29632,142.155299000001,3.908
29633,142.161408000001,6.109
29634,142.166145000001,4.737
29635,142.169935000001,3.79
29636,142.174125000001,4.19
29637,142.178533000001,4.408
29638,142.185437000001,6.904
29639,142.188893000001,3.456
29640,142.193398000001,4.505
29641,142.199431000001,6.033
29642,142.204096000001,4.665
29643,142.208095000001,3.999
29644,142.212461000001,4.366
29645,142.217502000001,5.041
29646,142.220991000001,3.489
29647,142.225442000001,4.451
29648,142.234294000001,8.852
29649,142.238728000001,4.434
29650,142.242246000001,3.518
29651,142.246896000001,4.65
29652,142.251663000001,4.767
29653,142.256945000001,5.282
29654,142.261304000001,4.359
29655,142.266110000001,4.806
29656,142.270064000001,3.954
29657,142.274099,4.035
29658,142.280029,5.93
29659,142.285112000001,5.083
29660,142.288572,3.46
29661,142.292872000001,4.3
29662,142.297768000001,4.896
29663,142.303086,5.318
29664,142.307280000001,4.194
29665,142.311604000001,4.324
29666,142.317333000001,5.729
29667,142.320597000001,3.264
29668,142.326571000001,5.974
29669,142.331117000001,4.546
29670,142.334807000001,3.69
29671,142.339156000001,4.349
29672,142.344111000001,4.955
29673,142.349127000001,5.016
29674,142.355261000001,6.134
29675,142.358316000001,3.055
29676,142.362857000001,4.541
29677,142.368135000001,5.278
29678,142.372989000001,4.854
29679,142.377908000001,4.919
29680,142.382467000001,4.559
29681,142.385996,3.529
29682,142.390196,4.2
29683,142.396192,5.996
29684,142.401393,5.201
29685,142.404639,3.246
29686,142.409113,4.474
29687,142.415085,5.972
29688,142.419659,4.574
29689,142.42378,4.121
29690,142.428305,4.525
29691,142.432898,4.593
29692,142.436946,4.048
29693,142.442642,5.696
29694,142.448237,5.595
29695,142.45352,5.283
29696,142.457588,4.068
29697,142.461985,4.397
29698,142.468455,6.47
29699,142.472266000001,3.811
29700,142.477006000001,4.74
29701,142.483811000001,6.805
29702,142.487413000001,3.602
29703,142.493522000001,6.109
29704,142.497817000001,4.295
29705,142.502885000001,5.068
29706,142.506380000001,3.495
29707,142.510761000001,4.381
29708,142.515592000001,4.831
29709,142.519364000001,3.772
29710,142.523611,4.247
29711,142.529405000001,5.794
29712,142.534311000001,4.906
29713,142.539575000001,5.264
29714,142.543937000001,4.362
29715,142.550138000001,6.201
29716,142.554384000001,4.246
29717,142.559072,4.688
29718,142.56501,5.938
29719,142.570408,5.398
29720,142.574297,3.889
29721,142.578059,3.762
29722,142.583473,5.414
29723,142.588648,5.175
29724,142.592805,4.157
29725,142.597386,4.581
29726,142.602353,4.967
29727,142.606137,3.784
29728,142.611971,5.834
29729,142.619526,7.555
29730,142.623541,4.015
29731,142.627114,3.573
29732,142.63159,4.476
29733,142.638079,6.489
29734,142.642115,4.036
29735,142.646235,4.12
29736,142.651332,5.097
29737,142.65486,3.528
29738,142.661132,6.272
29739,142.665548,4.416
29740,142.670462,4.914
29741,142.674211,3.749
29742,142.678733,4.522
29743,142.685777,7.044
29744,142.688815,3.038
29745,142.693242,4.427
29746,142.697781,4.539
29747,142.70274,4.959
29748,142.707977,5.237
29749,142.712422,4.445
29750,142.719605,7.183
29751,142.724564,4.959
29752,142.728409000001,3.845
29753,142.734416000001,6.007
29754,142.739423000001,5.007
29755,142.743251000001,3.828
29756,142.747892000001,4.641
29757,142.752640000001,4.748
29758,142.758062000001,5.422
29759,142.762327000001,4.265
29760,142.766716000001,4.389
29761,142.771929000001,5.213
29762,142.775459000001,3.53
29763,142.781984000001,6.525
29764,142.787106000001,5.122
29765,142.790936000001,3.83
29766,142.794818000001,3.882
29767,142.799469000001,4.651
29768,142.805906000001,6.437
29769,142.809755000001,3.849
29770,142.814756000001,5.001
29771,142.820718000001,5.962
29772,142.825232000001,4.514
29773,142.831423000001,6.191
29774,142.835866000001,4.443
29775,142.841240000001,5.374
29776,142.844720000001,3.48
29777,142.849435000001,4.715
29778,142.855628000001,6.193
29779,142.859480000001,3.852
29780,142.864091000001,4.611
29781,142.868509000001,4.418
29782,142.873546000001,5.037
29783,142.878954000001,5.408
29784,142.883705000001,4.751
29785,142.889295000001,5.59
29786,142.892676000001,3.381
29787,142.898088000001,5.412
29788,142.903222000001,5.134
29789,142.908125000001,4.903
29790,142.912011000001,3.886
29791,142.916600000001,4.589
29792,142.924713000001,8.113
29793,142.928110000001,3.397
29794,142.931960000001,3.85
29795,142.936718000001,4.758
29796,142.941585000001,4.867
29797,142.945704000001,4.119
29798,142.950023000001,4.319
29799,142.955127000001,5.104
29800,142.958821000001,3.694
29801,142.963572000001,4.751
29802,142.967752000001,4.18
29803,142.974420000001,6.668
29804,142.978242000001,3.822
29805,142.983035000001,4.793
29806,142.988360000001,5.325
29807,142.991781000001,3.421
29808,142.997976000001,6.195
29809,143.002682000001,4.706
29810,143.007569000001,4.887
29811,143.011592000001,4.023
29812,143.016200000001,4.608
29813,143.022798000001,6.598
29814,143.026661000001,3.863
29815,143.031323000001,4.662
29816,143.038102000001,6.779
29817,143.042752000001,4.65
29818,143.047041000001,4.289
29819,143.051033000001,3.992
29820,143.056407000001,5.374
29821,143.060247000001,3.84
29822,143.064824000001,4.577
29823,143.069540000001,4.716
29824,143.074469000001,4.929
29825,143.078381000001,3.912
29826,143.084394000001,6.013
29827,143.089860000001,5.466
29828,143.095012000001,5.152
29829,143.099629000001,4.617
29830,143.104204000001,4.575
29831,143.109465000001,5.261
29832,143.113586000001,4.121
29833,143.119641000001,6.055
29834,143.124800000001,5.159
29835,143.129385000001,4.585
29836,143.133924000001,4.539
29837,143.139356000001,5.432
29838,143.144126000001,4.77
29839,143.148858000001,4.732
29840,143.153867000001,5.009
29841,143.158898000001,5.031
29842,143.162816000001,3.918
29843,143.171112000001,8.296
29844,143.175354000001,4.242
29845,143.180927000001,5.573
29846,143.185744000001,4.817
29847,143.190663000001,4.919
29848,143.196577000001,5.914
29849,143.202800000001,6.223
29850,143.208176000001,5.376
29851,143.212208000001,4.032
29852,143.216892000001,4.684
29853,143.223585000001,6.693
29854,143.227527000001,3.942
29855,143.232210000001,4.683
29856,143.238022000001,5.812
29857,143.241944000001,3.922
29858,143.247880000001,5.936
29859,143.252977000001,5.097
29860,143.258324000001,5.347
29861,143.266180000001,7.856
29862,143.271123000001,4.943
29863,143.275157000001,4.034
29864,143.280008000001,4.851
29865,143.285270000001,5.262
29866,143.289231000001,3.961
29867,143.293780000001,4.549
29868,143.301160000001,7.38
29869,143.305458000001,4.298
29870,143.311142000001,5.684
29871,143.316487000001,5.345
29872,143.320489000001,4.002
29873,143.326561000001,6.072
29874,143.332037000001,5.476
29875,143.336817000001,4.78
29876,143.341193000001,4.376
29877,143.345004000001,3.811
29878,143.351899000001,6.895
29879,143.356708000001,4.809
29880,143.362443000001,5.735
29881,143.368642000001,6.199
29882,143.372763000001,4.121
29883,143.377835000001,5.072
29884,143.383478000001,5.643
29885,143.386966000001,3.488
29886,143.391634000001,4.668
29887,143.396223000001,4.589
29888,143.401803000001,5.58
29889,143.405376000001,3.573
29890,143.409813000001,4.437
29891,143.415636000001,5.823
29892,143.420801000001,5.165
29893,143.425633000001,4.832
29894,143.431050000001,5.417
29895,143.435111000001,4.061
29896,143.438985000001,3.874
29897,143.443497000001,4.512
29898,143.451395000001,7.898
29899,143.456821000001,5.426
29900,143.460497000001,3.676
29901,143.465683000001,5.186
29902,143.470038000001,4.355
29903,143.475624000001,5.586
29904,143.481168000001,5.544
29905,143.486794000001,5.626
29906,143.490808000001,4.014
29907,143.495253000001,4.445
29908,143.502156000001,6.903
29909,143.505743000001,3.587
29910,143.509887000001,4.144
29911,143.515285000001,5.398
29912,143.520820000001,5.535
29913,143.525089000001,4.269
29914,143.530270000001,5.181
29915,143.534044000001,3.774
29916,143.538175000001,4.131
29917,143.542590000001,4.415
29918,143.550054000001,7.464
29919,143.554722000001,4.668
29920,143.559329000001,4.607
29921,143.564458000001,5.129
29922,143.568328000001,3.87
29923,143.573926000001,5.598
29924,143.578743000001,4.817
29925,143.582819000001,4.076
29926,143.588259000001,5.44
29927,143.591483000001,3.224
29928,143.598210000001,6.727
29929,143.602027000001,3.817
29930,143.606108000001,4.081
29931,143.610794000001,4.686
29932,143.614821000001,4.027
29933,143.620852000001,6.031
29934,143.625826000001,4.974
29935,143.629172000001,3.346
29936,143.633783000001,4.611
29937,143.637803000001,4.02
29938,143.644457000001,6.654
29939,143.648135000001,3.678
29940,143.653444000001,5.309
29941,143.658015000001,4.571
29942,143.661238000001,3.223
29943,143.667649000001,6.411
29944,143.671560000001,3.911
29945,143.676609000001,5.049
29946,143.680125000001,3.516
29947,143.685245000001,5.12
29948,143.691173000001,5.928
29949,143.694854000001,3.681
29950,143.699374000001,4.52
29951,143.703524000001,4.15
29952,143.708878000001,5.354
29953,143.714449000001,5.571
29954,143.721449000001,7.0
29955,143.726775000001,5.326
29956,143.729870000001,3.095
29957,143.734119000001,4.249
29958,143.740173000001,6.054
29959,143.744948000001,4.775
29960,143.749174000001,4.226
29961,143.754094000001,4.92
29962,143.760061000001,5.967
29963,143.765827000001,5.766
29964,143.769840000001,4.013
29965,143.774250000001,4.41
29966,143.779428000001,5.178
29967,143.784837000001,5.409
29968,143.789305000001,4.468
29969,143.793838000001,4.533
29970,143.797753000001,3.915
29971,143.802123000001,4.37
29972,143.806339000001,4.216
29973,143.812784000001,6.445
29974,143.817609000001,4.825
29975,143.822874000001,5.265
29976,143.827989000001,5.115
29977,143.832146000001,4.157
29978,143.837785000001,5.639
29979,143.842113000001,4.328
29980,143.847322000001,5.209
29981,143.853153000001,5.831
29982,143.857322000001,4.169
29983,143.864072000001,6.75
29984,143.867696000001,3.624
29985,143.871901000001,4.205
29986,143.876178000001,4.277
29987,143.881582000001,5.404
29988,143.891064000001,9.482
29989,143.894413000001,3.349
29990,143.899606000001,5.193
29991,143.903195000001,3.589
29992,143.907590000001,4.395
29993,143.914861000001,7.271
29994,143.920636000001,5.775
29995,143.924486000001,3.85
29996,143.928597000001,4.111
29997,143.933760000001,5.163
29998,143.938953000001,5.193
29999,143.943258000001,4.305
30000,143.948973000001,5.715
30001,143.953042000001,4.069
30002,143.958231000001,5.189
30003,143.965858000001,7.627
30004,143.972161000001,6.303
30005,143.975625000001,3.464
30006,143.979259000001,3.634
30007,143.984677000001,5.418
30008,143.989612000001,4.935
30009,143.994020000001,4.408
30010,143.999670000001,5.65
30011,144.004398000001,4.728
30012,144.009030000001,4.632
30013,144.015949000001,6.919
30014,144.020185000001,4.236
30015,144.025754000001,5.569
30016,144.030104000001,4.35
30017,144.035909000001,5.805
30018,144.040580000001,4.671
30019,144.044600000001,4.02
30020,144.049917000001,5.317
30021,144.053974000001,4.057
30022,144.057616000001,3.642
30023,144.064417000001,6.801
30024,144.068123000001,3.706
30025,144.072415000001,4.292
30026,144.076633000001,4.218
30027,144.082078000001,5.445
30028,144.085600000001,3.522
30029,144.089573000001,3.973
30030,144.094456000001,4.883
30031,144.098500000001,4.044
30032,144.102642000001,4.142
30033,144.108528000001,5.886
30034,144.113650000001,5.122
30035,144.117196000001,3.546
30036,144.121637000001,4.441
30037,144.126439000001,4.802
30038,144.131897000001,5.458
30039,144.137346000001,5.449
30040,144.142607000001,5.261
30041,144.147671000001,5.064
30042,144.151435000001,3.764
30043,144.157268000001,5.833
30044,144.162240000001,4.972
30045,144.166572000001,4.332
30046,144.170294000001,3.722
30047,144.174746000001,4.452
30048,144.181482000001,6.736
30049,144.185187000001,3.705
30050,144.189359000001,4.172
30051,144.194271000001,4.912
30052,144.198206000001,3.935
30053,144.205046000001,6.84
30054,144.208577000001,3.531
30055,144.213641000001,5.064
30056,144.217428000001,3.787
30057,144.221725000001,4.297
30058,144.228368000001,6.643
30059,144.232408000001,4.04
30060,144.236876000001,4.468
30061,144.241411000001,4.535
30062,144.245672000001,4.261
30063,144.251610000001,5.938
30064,144.255692000001,4.082
30065,144.260716000001,5.024
30066,144.264585000001,3.869
30067,144.268949000001,4.364
30068,144.274890000001,5.941
30069,144.279907000001,5.017
30070,144.283629000001,3.722
30071,144.287832000001,4.203
30072,144.292682000001,4.85
30073,144.299710000001,7.028
30074,144.304988000001,5.278
30075,144.308906000001,3.918
30076,144.314077000001,5.171
30077,144.318175000001,4.098
30078,144.323633000001,5.458
30079,144.329637000001,6.004
30080,144.341323000001,11.686
30081,144.344236000001,2.913
30082,144.348576000001,4.34
30083,144.353994000001,5.418
30084,144.358190000001,4.196
30085,144.362726000001,4.536
30086,144.367486000001,4.76
30087,144.371327000001,3.841
30088,144.377244000001,5.917
30089,144.382734000001,5.49
30090,144.386263000001,3.529
30091,144.390499000001,4.236
30092,144.394827000001,4.328
30093,144.400455000001,5.628
30094,144.405182000001,4.727
30095,144.409893000001,4.711
30096,144.415271000001,5.378
30097,144.418774000001,3.503
30098,144.424784000001,6.01
30099,144.429156000001,4.372
30100,144.437103000001,7.947
30101,144.441534000001,4.431
30102,144.444670000001,3.136
30103,144.451717000001,7.047
30104,144.455251000001,3.534
30105,144.459464000001,4.213
30106,144.464916000001,5.452
30107,144.468751000001,3.835
30108,144.474361000001,5.61
30109,144.478673000001,4.312
30110,144.483836000001,5.163
30111,144.487374000001,3.538
30112,144.491874000001,4.5
30113,144.500241000001,8.367
30114,144.504716000001,4.475
30115,144.508777000001,4.061
30116,144.513186000001,4.409
30117,144.518088000001,4.902
30118,144.523352000001,5.264
30119,144.527694000001,4.342
30120,144.535644000001,7.95
30121,144.540975000001,5.331
30122,144.545538000001,4.563
30123,144.552039000001,6.501
30124,144.556029000001,3.99
30125,144.560296000001,4.267
30126,144.564965000001,4.669
30127,144.569690000001,4.725
30128,144.575104000001,5.414
30129,144.579471000001,4.367
30130,144.584739000001,5.268
30131,144.588849000001,4.11
30132,144.592593000001,3.744
30133,144.599884000001,7.291
30134,144.604161000001,4.277
30135,144.609652000001,5.491
30136,144.613990000001,4.338
30137,144.619041000001,5.051
30138,144.624328000001,5.287
30139,144.628708000001,4.38
30140,144.633693000001,4.985
30141,144.637652000001,3.959
30142,144.641907000001,4.255
30143,144.649009000001,7.102
30144,144.653556000001,4.547
30145,144.658998000001,5.442
30146,144.663502000001,4.504
30147,144.668644000001,5.142
30148,144.673899000001,5.255
30149,144.678101000001,4.202
30150,144.683299000001,5.198
30151,144.687005000001,3.706
30152,144.691409000001,4.404
30153,144.698374000001,6.965
30154,144.702900000001,4.526
30155,144.708288000001,5.388
30156,144.712622000001,4.334
30157,144.718179000001,5.557
30158,144.723047000001,4.868
30159,144.727504000001,4.457
30160,144.732771000001,5.267
30161,144.736294000001,3.523
30162,144.740681000001,4.387
30163,144.747499000001,6.818
30164,144.751608000001,4.109
30165,144.755820000001,4.212
30166,144.759936000001,4.116
30167,144.765925000001,5.989
30168,144.770432000001,4.507
30169,144.775109000001,4.677
30170,144.780089000001,4.98
30171,144.783640000001,3.551
30172,144.788139000001,4.499
30173,144.794198000001,6.059
30174,144.799338000001,5.14
30175,144.803064000001,3.726
30176,144.807502000001,4.438
30177,144.812376000001,4.874
30178,144.818492000001,6.116
30179,144.823252000001,4.76
30180,144.827994000001,4.742
30181,144.833403000001,5.409
30182,144.836843000001,3.44
30183,144.842902000001,6.059
30184,144.848045000001,5.143
30185,144.852042000001,3.997
30186,144.855820000001,3.778
30187,144.860311000001,4.491
30188,144.867049000001,6.738
30189,144.870835000001,3.786
30190,144.875063000001,4.228
30191,144.880035000001,4.972
30192,144.885510000001,5.475
30193,144.893627000001,8.117
30194,144.897806000001,4.179
30195,144.901659000001,3.853
30196,144.907289000001,5.63
30197,144.911663000001,4.374
30198,144.919129000001,7.466
30199,144.923405000001,4.276
30200,144.928412000001,5.007
30201,144.933494000001,5.082
30202,144.937320000001,3.826
30203,144.943346000001,6.026
30204,144.949127000001,5.781
30205,144.952550000001,3.423
30206,144.956694000001,4.144
30207,144.960823000001,4.129
30208,144.967945000001,7.122
30209,144.971173000001,3.228
30210,144.975550000001,4.377
30211,144.980932000001,5.382
30212,144.985032000001,4.1
30213,144.990286000001,5.254
30214,144.994660000001,4.374
30215,145.000099000001,5.439
30216,145.003548000001,3.449
30217,145.007814000001,4.266
30218,145.015277000001,7.463
30219,145.019944000001,4.667
30220,145.024882000001,4.938
30221,145.029180000001,4.298
30222,145.034325000001,5.145
30223,145.039905000001,5.58
30224,145.044212000001,4.307
30225,145.049736000001,5.524
30226,145.053754000001,4.018
30227,145.057588000001,3.834
30228,145.064363000001,6.775
30229,145.067940000001,3.577
30230,145.072217000001,4.277
30231,145.076635000001,4.418
30232,145.082599000001,5.964
30233,145.087498000001,4.899
30234,145.091776000001,4.278
30235,145.096881000001,5.105
30236,145.100722000001,3.841
30237,145.104947000001,4.225
30238,145.111028000001,6.081
30239,145.116778000001,5.75
30240,145.121823000001,5.045
30241,145.126230000001,4.407
30242,145.131511000001,5.281
30243,145.136649000001,5.138
30244,145.140997000001,4.348
30245,145.145427000001,4.43
30246,145.150843000001,5.416
30247,145.154421000001,3.578
30248,145.160399000001,5.978
30249,145.165865000001,5.466
30250,145.169393000001,3.528
30251,145.173616000001,4.223
30252,145.178023000001,4.407
30253,145.183478000001,5.455
30254,145.187376000001,3.898
30255,145.191348000001,3.972
30256,145.196470000001,5.122
30257,145.200746000001,4.276
30258,145.206954000001,6.208
30259,145.211217000001,4.263
30260,145.216310000001,5.093
30261,145.220398000001,4.088
30262,145.224877000001,4.479
30263,145.231843000001,6.966
30264,145.236602000001,4.759
30265,145.242264000001,5.662
30266,145.247581000001,5.317
30267,145.251263000001,3.682
30268,145.257472000001,6.209
30269,145.261987000001,4.515
30270,145.267342000001,5.355
30271,145.271484000001,4.142
30272,145.276287000001,4.803
30273,145.285409000001,9.122
30274,145.291142000001,5.733
30275,145.295765000001,4.623
30276,145.302650000001,6.885
30277,145.310311000001,7.661
30278,145.319342000001,9.031
30279,145.324874000001,5.532
30280,145.329737000001,4.863
30281,145.340258000001,10.521
30282,145.345308000001,5.05
30283,145.351492000001,6.184
30284,145.356729000001,5.237
30285,145.360471000001,3.742
30286,145.366063000001,5.592
30287,145.375127000001,9.064
30288,145.381855000001,6.728
30289,145.391568000001,9.713
30290,145.400496000001,8.928
30291,145.407286000001,6.79
30292,145.423694000001,16.408
30293,145.432324000001,8.63
30294,145.441662000001,9.338
30295,145.459491000001,17.829
30296,145.477962000001,18.471
30297,145.486313000001,8.351
30298,145.492579000001,6.266
30299,145.500146000001,7.567
30300,145.509001000001,8.855
30301,145.520185000001,11.184
30302,145.531697000001,11.512
30303,145.538544000001,6.847
30304,145.547981000001,9.437
30305,145.556026000001,8.045
30306,145.564089000001,8.063
30307,145.574783000001,10.694
30308,145.581785000001,7.002
30309,145.586398000001,4.613
30310,145.593317000001,6.919
30311,145.597440000001,4.123
30312,145.602990000001,5.55
30313,145.609357000001,6.367
30314,145.619029000001,9.672
30315,145.625172000001,6.143
30316,145.629685000001,4.513
30317,145.635304000001,5.619
30318,145.645081000001,9.777
30319,145.650730000001,5.649
30320,145.654707000001,3.977
30321,145.660787000001,6.08
30322,145.664928000001,4.141
30323,145.669486000001,4.558
30324,145.677338000001,7.852
30325,145.685921000001,8.583
30326,145.694890000001,8.969
30327,145.711136000001,16.246
30328,145.727903000001,16.767
30329,145.735763000001,7.86
30330,145.750163000001,14.4
30331,145.763875000001,13.712
30332,145.774486000001,10.611
30333,145.784010000001,9.524
30334,145.792567000001,8.557
30335,145.801691000001,9.124
30336,145.806264000001,4.573
30337,145.816193000001,9.929
30338,145.826148000001,9.955
30339,145.832634000001,6.486
30340,145.840563000001,7.929
30341,145.845193000001,4.63
30342,145.849859000001,4.666
30343,145.854868000001,5.009
30344,145.860556000001,5.688
30345,145.867923000001,7.367
30346,145.871575000001,3.652
30347,145.879708000001,8.133
30348,145.884297000001,4.589
30349,145.889827000001,5.53
30350,145.895494000001,5.667
30351,145.901800000001,6.306
30352,145.906530000001,4.73
30353,145.912528000001,5.998
30354,145.918517000001,5.989
30355,145.922051000001,3.534
30356,145.926371000001,4.32
30357,145.934094000001,7.723
30358,145.938443000001,4.349
30359,145.943097000001,4.654
30360,145.949877000001,6.78
30361,145.954824000001,4.947
30362,145.960321000001,5.497
30363,145.966851000001,6.53
30364,145.970253000001,3.402
30365,145.974646000001,4.393
30366,145.979035000001,4.389
30367,145.984247000001,5.212
30368,145.987778000001,3.531
30369,145.991884000001,4.106
30370,145.997388000001,5.504
30371,146.002504000001,5.116
30372,146.007153000001,4.649
30373,146.015192000001,8.039
30374,146.019976000001,4.784
30375,146.023512000001,3.536
30376,146.027716000001,4.204
30377,146.033181000001,5.465
30378,146.037182000001,4.001
30379,146.040535000001,3.353
30380,146.051040000001,10.505
30381,146.055120000001,4.08
30382,146.058645000001,3.525
30383,146.065420000001,6.775
30384,146.070012000001,4.592
30385,146.075086000001,5.074
30386,146.079720000001,4.634
30387,146.084692000001,4.972
30388,146.088241000001,3.549
30389,146.092515000001,4.274
30390,146.099066000001,6.551
30391,146.102995000001,3.929
30392,146.108908000001,5.913
30393,146.115539000001,6.631
30394,146.120436000001,4.897
30395,146.125906000001,5.47
30396,146.133361000001,7.455
30397,146.137401000001,4.04
30398,146.142676000001,5.275
30399,146.148873000001,6.197
30400,146.153805000001,4.932
30401,146.159017000001,5.212
30402,146.166160000001,7.143
30403,146.170194000001,4.034
30404,146.175657000001,5.463
30405,146.179866000001,4.209
30406,146.185075000001,5.209
30407,146.188680000001,3.605
30408,146.193221000001,4.541
30409,146.198322000001,5.101
30410,146.202379000001,4.057
30411,146.208012000001,5.633
30412,146.219546000001,11.534
30413,146.223484000001,3.938
30414,146.228019000001,4.535
30415,146.232985000001,4.966
30416,146.237373000001,4.388
30417,146.241754000001,4.381
30418,146.248030000001,6.276
30419,146.252939000001,4.909
30420,146.259061000001,6.122
30421,146.264050000001,4.989
30422,146.268062000001,4.012
30423,146.274438000001,6.376
30424,146.281761000001,7.323
30425,146.285991000001,4.23
30426,146.291141000001,5.15
30427,146.298670000001,7.529
30428,146.302826000001,4.156
30429,146.306386000001,3.56
30430,146.311077000001,4.691
30431,146.315977000001,4.9
30432,146.321266000001,5.289
30433,146.325744000001,4.478
30434,146.331235000001,5.491
30435,146.335294000001,4.059
30436,146.340524000001,5.23
30437,146.347082000001,6.558
30438,146.350594000001,3.512
30439,146.354855000001,4.261
30440,146.359431000001,4.576
30441,146.364509000001,5.078
30442,146.369433000001,4.924
30443,146.373609000001,4.176
30444,146.378941000001,5.332
30445,146.382697000001,3.756
30446,146.386486000001,3.789
30447,146.393343000001,6.857
30448,146.398680000001,5.337
30449,146.402975000001,4.295
30450,146.407218000001,4.243
30451,146.412437000001,5.219
30452,146.416371000001,3.934
30453,146.420154000001,3.783
30454,146.425928000001,5.774
30455,146.433661000001,7.733
30456,146.437737000001,4.076
30457,146.442532000001,4.795
30458,146.448006000001,5.474
30459,146.452319000001,4.313
30460,146.456637000001,4.318
30461,146.461505000001,4.868
30462,146.465236000001,3.731
30463,146.469490000001,4.254
30464,146.474335000001,4.845
30465,146.480204000001,5.869
30466,146.484528000001,4.324
30467,146.490671000001,6.143
30468,146.494660000001,3.989
30469,146.499425000001,4.765
30470,146.502910000001,3.485
30471,146.507609000001,4.699
30472,146.513592000001,5.983
30473,146.517894000001,4.302
30474,146.522870000001,4.976
30475,146.526809000001,3.939
30476,146.532013000001,5.204
30477,146.536496000001,4.483
30478,146.542267000001,5.771
30479,146.546084000001,3.817
30480,146.550161000001,4.077
30481,146.554412000001,4.251
30482,146.559741000001,5.329
30483,146.565043000001,5.302
30484,146.569445000001,4.402
30485,146.576235000001,6.79
30486,146.579626000001,3.391
30487,146.585906000001,6.28
30488,146.590163000001,4.257
30489,146.595241000001,5.078
30490,146.599022000001,3.781
30491,146.603136000001,4.114
30492,146.607644000001,4.508
30493,146.612528000001,4.884
30494,146.616809000001,4.281
30495,146.621083000001,4.274
30496,146.628799000001,7.716
30497,146.633609000001,4.81
30498,146.637861000001,4.252
30499,146.642163000001,4.302
30500,146.647333000001,5.17
30501,146.650769000001,3.436
30502,146.655078000001,4.309
30503,146.659597000001,4.519
30504,146.664596000001,4.999
30505,146.669823000001,5.227
30506,146.674013000001,4.19
30507,146.681367000001,7.354
30508,146.686243000001,4.876
30509,146.691152000001,4.909
30510,146.695658000001,4.506
30511,146.700651000001,4.993
30512,146.704198000001,3.547
30513,146.708774000001,4.576
30514,146.714624000001,5.85
30515,146.719137000001,4.513
30516,146.724475000001,5.338
30517,146.729030000001,4.555
30518,146.736011000001,6.981
30519,146.739966000001,3.955
30520,146.744150000001,4.184
30521,146.749262000001,5.112
30522,146.752797000001,3.535
30523,146.757483000001,4.686
30524,146.761791000001,4.308
30525,146.768499000001,6.708
30526,146.772167000001,3.668
30527,146.778570000001,6.403
30528,146.783600000001,5.03
30529,146.788585000001,4.985
30530,146.792643000001,4.058
30531,146.797360000001,4.717
30532,146.801653000001,4.293
30533,146.805200000001,3.547
30534,146.813290000001,8.09
30535,146.819125000001,5.835
30536,146.823153000001,4.028
30537,146.828349000001,5.196
30538,146.834774000001,6.425
30539,146.840041000001,5.267
30540,146.843846000001,3.805
30541,146.848293000001,4.447
30542,146.853497000001,5.204
30543,146.857308000001,3.811
30544,146.861946000001,4.638
30545,146.866352000001,4.406
30546,146.871624000001,5.272
30547,146.877422000001,5.798
30548,146.881849000001,4.427
30549,146.886955000001,5.106
30550,146.890792000001,3.837
30551,146.896273000001,5.481
30552,146.901207000001,4.934
30553,146.907141000001,5.934
30554,146.911450000001,4.309
30555,146.916196000001,4.746
30556,146.922734000001,6.538
30557,146.926715000001,3.981
30558,146.933315000001,6.6
30559,146.937778000001,4.463
30560,146.942581000001,4.803
30561,146.948216000001,5.635
30562,146.953083000001,4.867
30563,146.958405000001,5.322
30564,146.962234000001,3.829
30565,146.968673000001,6.439
30566,146.973364000001,4.691
30567,146.979107000001,5.743
30568,146.983425000001,4.318
30569,146.987653000001,4.228
30570,146.993025000001,5.372
30571,146.996323000001,3.298
30572,147.000949000001,4.626
30573,147.005694000001,4.745
30574,147.010137000001,4.443
30575,147.014035000001,3.898
30576,147.020594000001,6.559
30577,147.024118000001,3.524
30578,147.030457000001,6.339
30579,147.034521000001,4.064
30580,147.039104000001,4.583
30581,147.042954000001,3.85
30582,147.047471000001,4.517
30583,147.053091000001,5.62
30584,147.056513000001,3.422
30585,147.061329000001,4.816
30586,147.066325000001,4.996
30587,147.071576000001,5.251
30588,147.075680000001,4.104
30589,147.079754000001,4.074
30590,147.084943000001,5.189
30591,147.087966000001,3.023
30592,147.092369000001,4.403
30593,147.097298000001,4.929
30594,147.102408000001,5.11
30595,147.107600000001,5.192
30596,147.112835000001,5.235
30597,147.117944000001,5.109
30598,147.123122000001,5.178
30599,147.127826000001,4.704
30600,147.132358000001,4.532
30601,147.135806000001,3.448
30602,147.139787000001,3.981
30603,147.146254000001,6.467
30604,147.152411000001,6.157
30605,147.155687000001,3.276
30606,147.160019000001,4.332
30607,147.166602000001,6.583
30608,147.170271000001,3.669
30609,147.174205000001,3.934
30610,147.179231000001,5.026
30611,147.185555000001,6.324
30612,147.188979000001,3.424
30613,147.193505000001,4.526
30614,147.198882000001,5.377
30615,147.202157000001,3.275
30616,147.207870000001,5.713
30617,147.212791000001,4.921
30618,147.220355000001,7.564
30619,147.224568000001,4.213
30620,147.229167000001,4.599
30621,147.234164000001,4.997
30622,147.237514000001,3.35
30623,147.243467000001,5.953
30624,147.251250000001,7.783
30625,147.254760000001,3.51
30626,147.259020000001,4.26
30627,147.265033000001,6.013
30628,147.269843000001,4.81
30629,147.275964000001,6.121
30630,147.282687000001,6.723
30631,147.292475000001,9.788
30632,147.297392000001,4.917
30633,147.300720000001,3.328
30634,147.307622000001,6.902
30635,147.313721000001,6.099
30636,147.319340000001,5.619
30637,147.324369000001,5.029
30638,147.329043000001,4.674
30639,147.333802000001,4.759
30640,147.339079000001,5.277
30641,147.342759000001,3.68
30642,147.347182000001,4.423
30643,147.351947000001,4.765
30644,147.355512000001,3.565
30645,147.359968000001,4.456
30646,147.367166000001,7.198
30647,147.370574000001,3.408
30648,147.376214000001,5.64
30649,147.381340000001,5.126
30650,147.385209000001,3.869
30651,147.390622000001,5.413
30652,147.395824000001,5.202
30653,147.401362000001,5.538
30654,147.405227000001,3.865
30655,147.409617000001,4.39
30656,147.414355000001,4.738
30657,147.419920000001,5.565
30658,147.423821000001,3.901
30659,147.429032000001,5.211
30660,147.435157000001,6.125
30661,147.439567000001,4.41
30662,147.443978000001,4.411
30663,147.449126000001,5.148
30664,147.452466000001,3.34
30665,147.456308000001,3.842
30666,147.463642000001,7.334
30667,147.469026000001,5.384
30668,147.472271000001,3.245
30669,147.477427000001,5.156
30670,147.481163000001,3.736
30671,147.486868000001,5.705
30672,147.491119000001,4.251
30673,147.496873000001,5.754
30674,147.502337000001,5.464
30675,147.506473000001,4.136
30676,147.511696000001,5.223
30677,147.516822000001,5.126
30678,147.520890000001,4.068
30679,147.525938000001,5.048
30680,147.531336000001,5.398
30681,147.535880000001,4.544
30682,147.539359000001,3.479
30683,147.544649000001,5.29
30684,147.548149000001,3.5
30685,147.552089000001,3.94
30686,147.556911000001,4.822
30687,147.562314000001,5.403
30688,147.568002000001,5.688
30689,147.572885000001,4.883
30690,147.576946000001,4.061
30691,147.582799000001,5.853
30692,147.587172000001,4.373
30693,147.591927000001,4.755
30694,147.598183000001,6.256
30695,147.602066000001,3.883
30696,147.606876000001,4.81
30697,147.612356000001,5.48
30698,147.616456000001,4.1
30699,147.620767000001,4.311
30700,147.627359000001,6.592
30701,147.632737000001,5.378
30702,147.637313000001,4.576
30703,147.642032000001,4.719
30704,147.646283000001,4.251
30705,147.650067000001,3.784
30706,147.654590000001,4.523
30707,147.659463000001,4.873
30708,147.665009000001,5.546
30709,147.669547000001,4.538
30710,147.674506000001,4.959
30711,147.680065000001,5.559
30712,147.684350000001,4.285
30713,147.689204000001,4.854
30714,147.696532000001,7.328
30715,147.701371000001,4.839
30716,147.705491000001,4.12
30717,147.712087000001,6.596
30718,147.715814000001,3.727
30719,147.720245000001,4.431
30720,147.726061000001,5.816
30721,147.731689000001,5.628
30722,147.735885000001,4.196
30723,147.739741000001,3.856
30724,147.746081000001,6.34
30725,147.749673000001,3.592
30726,147.753785000001,4.112
30727,147.758100000001,4.315
30728,147.764656000001,6.556
30729,147.768995000001,4.339
30730,147.773234000001,4.239
30731,147.780240000001,7.006
30732,147.783663000001,3.423
30733,147.788149000001,4.486
30734,147.796500000001,8.351
30735,147.802042000001,5.542
30736,147.805272000001,3.23
30737,147.811126000001,5.854
30738,147.816077000001,4.951
30739,147.819565000001,3.488
30740,147.825509000001,5.944
30741,147.829873000001,4.364
30742,147.835223000001,5.35
30743,147.839538000001,4.315
30744,147.844994000001,5.456
30745,147.849975000001,4.981
30746,147.853652000001,3.677
30747,147.858148000001,4.496
30748,147.866198000001,8.05
30749,147.870036000001,3.838
30750,147.874245000001,4.209
30751,147.880626000001,6.381
30752,147.885679000001,5.053
30753,147.889221000001,3.542
30754,147.896394000001,7.173
30755,147.902244000001,5.85
30756,147.906134000001,3.89
30757,147.912467000001,6.333
30758,147.917268000001,4.801
30759,147.920784000001,3.516
30760,147.928800000001,8.016
30761,147.934016000001,5.216
30762,147.939210000001,5.194
30763,147.942956000001,3.746
30764,147.948628000001,5.672
30765,147.953358000001,4.73
30766,147.956865000001,3.507
30767,147.961388000001,4.523
30768,147.966201000001,4.813
30769,147.970071000001,3.87
30770,147.974121000001,4.05
30771,147.980534000001,6.413
30772,147.986092000001,5.558
30773,147.990231000001,4.139
30774,147.997582000001,7.351
30775,148.001877000001,4.295
30776,148.004888000001,3.011
30777,148.011232000001,6.344
30778,148.017357000001,6.125
30779,148.021579000001,4.222
30780,148.027541000001,5.962
30781,148.031913000001,4.372
30782,148.036471000001,4.558
30783,148.040447000001,3.976
30784,148.045116000001,4.669
30785,148.050964000001,5.848
30786,148.054899000001,3.935
30787,148.059969000001,5.07
30788,148.066630000001,6.661
30789,148.070274000001,3.644
30790,148.074574000001,4.3
30791,148.080851000001,6.277
30792,148.085919000001,5.068
30793,148.089353000001,3.434
30794,148.095606000001,6.253
30795,148.100497000001,4.891
30796,148.104050000001,3.553
30797,148.108471000001,4.421
30798,148.114511000001,6.04
30799,148.119029000001,4.518
30800,148.123134000001,4.105
30801,148.127483000001,4.349
30802,148.132654000001,5.171
30803,148.136196000001,3.542
30804,148.142398000001,6.202
30805,148.149545000001,7.147
30806,148.154504000001,4.959
30807,148.157468000001,2.964
30808,148.162298000001,4.83
30809,148.168497000001,6.199
30810,148.171789000001,3.292
30811,148.176272000001,4.483
30812,148.181165000001,4.893
30813,148.184846000001,3.681
30814,148.190844000001,5.998
30815,148.195316000001,4.472
30816,148.200180000001,4.864
30817,148.203793000001,3.613
30818,148.208115000001,4.322
30819,148.213921000001,5.806
30820,148.218188000001,4.267
30821,148.223128000001,4.94
30822,148.227517000001,4.389
30823,148.232608000001,5.091
30824,148.237966000001,5.358
30825,148.242355000001,4.389
30826,148.248606000001,6.251
30827,148.253082000001,4.476
30828,148.257228000001,4.146
30829,148.263952000001,6.724
30830,148.267515000001,3.563
30831,148.271998000001,4.483
30832,148.276350000001,4.352
30833,148.281382000001,5.032
30834,148.286563000001,5.181
30835,148.290993000001,4.43
30836,148.296319000001,5.326
30837,148.299556000001,3.237
30838,148.304204000001,4.648
30839,148.310185000001,5.981
30840,148.316505000001,6.32
30841,148.320510000001,4.005
30842,148.325294000001,4.784
30843,148.330220000001,4.926
30844,148.335501000001,5.281
30845,148.339964000001,4.463
30846,148.344295000001,4.331
30847,148.349343000001,5.048
30848,148.352810000001,3.467
30849,148.359154000001,6.344
30850,148.364268000001,5.114
30851,148.367573000001,3.305
30852,148.371873000001,4.3
30853,148.376656000001,4.783
30854,148.382763000001,6.107
30855,148.386109000001,3.346
30856,148.391458000001,5.349
30857,148.396587000001,5.129
30858,148.400014000001,3.427
30859,148.406089000001,6.075
30860,148.410692000001,4.603
30861,148.416824000001,6.132
30862,148.421083000001,4.259
30863,148.426036000001,4.953
30864,148.432623000001,6.587
30865,148.436290000001,3.667
30866,148.440639000001,4.349
30867,148.445325000001,4.686
30868,148.450168000001,4.843
30869,148.455681000001,5.513
30870,148.460154000001,4.473
30871,148.465115000001,4.961
30872,148.468593000001,3.478
30873,148.472972000001,4.379
30874,148.479822000001,6.85
30875,148.485676000001,5.854
30876,148.489303000001,3.627
30877,148.493981000001,4.678
30878,148.498900000001,4.919
30879,148.504195000001,5.295
30880,148.508893000001,4.698
30881,148.514692000001,5.799
30882,148.519178000001,4.486
30883,148.523675000001,4.497
30884,148.530049000001,6.374
30885,148.534959000001,4.91
30886,148.538578000001,3.619
30887,148.543346000001,4.768
30888,148.548981000001,5.635
30889,148.553796000001,4.815
30890,148.558066000001,4.27
30891,148.562610000001,4.544
30892,148.567702000001,5.092
30893,148.571353000001,3.651
30894,148.577833000001,6.48
30895,148.582851000001,5.018
30896,148.586407000001,3.556
30897,148.591028000001,4.621
30898,148.595817000001,4.789
30899,148.602170000001,6.353
30900,148.606107000001,3.937
30901,148.610542000001,4.435
30902,148.615964000001,5.422
30903,148.619674000001,3.71
30904,148.626076000001,6.402
30905,148.631879000001,5.803
30906,148.635693000001,3.814
30907,148.639681000001,3.988
30908,148.644300000001,4.619
30909,148.651185000001,6.885
30910,148.654899000001,3.714
30911,148.659726000001,4.827
30912,148.664932000001,5.206
30913,148.668840000001,3.908
30914,148.674929000001,6.089
30915,148.679545000001,4.616
30916,148.685017000001,5.472
30917,148.688927000001,3.91
30918,148.693880000001,4.953
30919,148.700480000001,6.6
30920,148.704235000001,3.755
30921,148.709017000001,4.782
30922,148.714245000001,5.228
30923,148.718657000001,4.412
30924,148.724327000001,5.67
30925,148.730080000001,5.753
30926,148.735188000001,5.108
30927,148.738722000001,3.534
30928,148.744507000001,5.785
30929,148.751203000001,6.696
30930,148.755493000001,4.29
30931,148.759509000001,4.016
30932,148.764790000001,5.281
30933,148.768036000001,3.246
30934,148.774121000001,6.085
30935,148.778398000001,4.277
30936,148.783556000001,5.158
30937,148.788407000001,4.851
30938,148.793038000001,4.631
30939,148.798376000001,5.338
30940,148.802458000001,4.082
30941,148.806870000001,4.412
30942,148.811018000001,4.148
30943,148.815953000001,4.935
30944,148.821422000001,5.469
30945,148.825573000001,4.151
30946,148.831414000001,5.841
30947,148.835169000001,3.755
30948,148.840435000001,5.266
30949,148.847271000001,6.836
30950,148.850639000001,3.368
30951,148.855032000001,4.393
30952,148.859338000001,4.306
30953,148.864077000001,4.739
30954,148.869452000001,5.375
30955,148.873719000001,4.267
30956,148.879022000001,5.303
30957,148.882635000001,3.613
30958,148.886550000001,3.915
30959,148.892778000001,6.228
30960,148.898456000001,5.678
30961,148.902331000001,3.875
30962,148.907196000001,4.865
30963,148.913484000001,6.288
30964,148.917479000001,3.995
30965,148.921758000001,4.279
30966,148.926232000001,4.474
30967,148.935664000001,9.432
30968,148.938909000001,3.245
30969,148.943942000001,5.033
30970,148.948593000001,4.651
30971,148.952156000001,3.563
30972,148.956487000001,4.331
30973,148.961343000001,4.856
30974,148.967624000001,6.281
30975,148.971085000001,3.461
30976,148.975343000001,4.258
30977,148.980413000001,5.07
30978,148.983862000001,3.449
30979,148.989944000001,6.082
30980,148.994388000001,4.444
30981,148.999259000001,4.871
30982,149.002602000001,3.343
30983,149.006891000001,4.289
30984,149.012218000001,5.327
30985,149.015772000001,3.554
30986,149.019570000001,3.798
30987,149.023899000001,4.329
30988,149.029944000001,6.045
30989,149.036273000001,6.329
30990,149.039270000001,2.997
30991,149.045830000001,6.56
30992,149.049354000001,3.524
30993,149.053613000001,4.259
30994,149.059845000001,6.232
30995,149.065133000001,5.288
30996,149.068079000001,2.946
30997,149.072351000001,4.272
30998,149.077465000001,5.114
30999,149.081103000001,3.638
31000,149.085175000001,4.072
31001,149.089328000001,4.153
31002,149.096493000001,7.165
31003,149.100020000001,3.527
31004,149.105477000001,5.457
31005,149.111503000001,6.026
31006,149.117067000001,5.564
31007,149.121438000001,4.371
31008,149.125741000001,4.303
31009,149.132475000001,6.734
31010,149.135928000001,3.453
31011,149.140217000001,4.289
31012,149.146320000001,6.103
31013,149.151558000001,5.238
31014,149.155216000001,3.658
31015,149.160742000001,5.526
31016,149.164893000001,4.151
31017,149.168744000001,3.851
31018,149.172017000001,3.273
31019,149.178922000001,6.905
31020,149.182421000001,3.499
31021,149.188072000001,5.651
31022,149.192374000001,4.302
31023,149.197276000001,4.902
31024,149.202392000001,5.116
31025,149.206723000001,4.331
31026,149.212053000001,5.33
31027,149.215451000001,3.398
31028,149.219541000001,4.09
31029,149.225705000001,6.164
31030,149.230727000001,5.022
31031,149.234511000001,3.784
31032,149.238290000001,3.779
31033,149.243792000001,5.502
31034,149.249287000001,5.495
31035,149.253713000001,4.426
31036,149.257466000001,3.753
31037,149.262928000001,5.462
31038,149.266252000001,3.324
31039,149.272223000001,5.971
31040,149.277537000001,5.314
31041,149.280868000001,3.331
31042,149.285016000001,4.148
31043,149.289340000001,4.324
31044,149.295634000001,6.294
31045,149.298877000001,3.243
31046,149.303111000001,4.234
31047,149.307454000001,4.343
31048,149.311328000001,3.874
31049,149.315643000001,4.315
31050,149.319822000001,4.179
31051,149.325312000001,5.49
31052,149.328991000001,3.679
31053,149.332843000001,3.852
31054,149.339577000001,6.734
31055,149.343483000001,3.906
31056,149.348599000001,5.116
31057,149.353338000001,4.739
31058,149.359194000001,5.856
31059,149.362942000001,3.748
31060,149.367142000001,4.2
31061,149.371367000001,4.225
31062,149.376650000001,5.283
31063,149.380345000001,3.695
31064,149.386278000001,5.933
31065,149.391184000001,4.906
31066,149.395147000001,3.963
31067,149.399299000001,4.152
31068,149.403558000001,4.259
31069,149.410975000001,7.417
31070,149.416248000001,5.273
31071,149.420546000001,4.298
31072,149.425475000001,4.929
31073,149.430046000001,4.571
31074,149.435324000001,5.278
31075,149.439671000001,4.347
31076,149.444904000001,5.233
31077,149.448406000001,3.502
31078,149.452743000001,4.337
31079,149.458950000001,6.207
31080,149.463981000001,5.031
31081,149.467455000001,3.474
31082,149.471791000001,4.336
31083,149.476640000001,4.849
31084,149.481340000001,4.7
31085,149.484790000001,3.45
31086,149.489169000001,4.379
31087,149.494271000001,5.102
31088,149.497802000001,3.531
31089,149.503884000001,6.082
31090,149.508457000001,4.573
31091,149.514422000001,5.965
31092,149.519091000001,4.669
31093,149.524294000001,5.203
31094,149.531052000001,6.758
31095,149.534861000001,3.809
31096,149.539053000001,4.192
31097,149.54374,4.687
31098,149.550176000001,6.436
31099,149.554277,4.101
31100,149.558747,4.47
31101,149.562827,4.08
31102,149.567938,5.111
31103,149.571549,3.611
31104,149.577935,6.386
31105,149.582733,4.798
31106,149.586324,3.591
31107,149.591213,4.889
31108,149.595252,4.039
31109,149.60182,6.568
31110,149.60552,3.7
31111,149.61005,4.53
31112,149.615764,5.714
31113,149.619652,3.888
31114,149.625142,5.49
31115,149.630366,5.224
31116,149.634846,4.48
31117,149.638132,3.286
31118,149.642628,4.496
31119,149.647843,5.215
31120,149.651442,3.599
31121,149.655744,4.302
31122,149.660543,4.799
31123,149.665446,4.903
31124,149.671002,5.556
31125,149.675371,4.369
31126,149.679702,4.331
31127,149.68481,5.108
31128,149.688599,3.789
31129,149.694868,6.269
31130,149.700284,5.416
31131,149.703881000001,3.597
31132,149.708209,4.328
31133,149.712597,4.388
31134,149.719488,6.891
31135,149.722989,3.501
31136,149.727825000001,4.836
31137,149.733889000001,6.064
31138,149.738899000001,5.01
31139,149.744953000001,6.054
31140,149.749418000001,4.465
31141,149.754477000001,5.059
31142,149.758388000001,3.911
31143,149.763094000001,4.706
31144,149.769644000001,6.55
31145,149.773686000001,4.042
31146,149.778265000001,4.579
31147,149.782972000001,4.707
31148,149.788141000001,5.169
31149,149.793971000001,5.83
31150,149.798212000001,4.241
31151,149.803353000001,5.141
31152,149.807483000001,4.13
31153,149.811961000001,4.478
31154,149.818130000001,6.169
31155,149.823444000001,5.314
31156,149.827464000001,4.02
31157,149.833430000001,5.966
31158,149.839242000001,5.812
31159,149.844850000001,5.608
31160,149.849286000001,4.436
31161,149.853767000001,4.481
31162,149.859468000001,5.701
31163,149.863504000001,4.036
31164,149.868831000001,5.327
31165,149.874107000001,5.276
31166,149.878902000001,4.795
31167,149.882384000001,3.482
31168,149.886729000001,4.345
31169,149.894131000001,7.402
31170,149.898728000001,4.597
31171,149.903795000001,5.067
31172,149.908649000001,4.854
31173,149.912697000001,4.048
31174,149.918521000001,5.824
31175,149.923798000001,5.277
31176,149.928172000001,4.374
31177,149.933382000001,5.21
31178,149.937985000001,4.603
31179,149.945224000001,7.239
31180,149.948745000001,3.521
31181,149.952506000001,3.761
31182,149.957619000001,5.113
31183,149.961951000001,4.332
31184,149.967179000001,5.228
31185,149.972057000001,4.878
31186,149.975774000001,3.717
31187,149.980217000001,4.443
31188,149.984294000001,4.077
31189,149.991283000001,6.989
31190,149.996127000001,4.844
31191,150.000965000001,4.838
31192,150.005866000001,4.901
31193,150.009655000001,3.789
31194,150.015541000001,5.886
31195,150.020663000001,5.122
31196,150.024054000001,3.391
31197,150.028844000001,4.79
31198,150.034963000001,6.119
31199,150.040835000001,5.872
31200,150.045110000001,4.275
31201,150.048609000001,3.499
31202,150.053631000001,5.022
31203,150.057236000001,3.605
31204,150.062042000001,4.806
31205,150.068303000001,6.261
31206,150.071877000001,3.574
31207,150.076361000001,4.484
31208,150.081497000001,5.136
31209,150.087583000001,6.086
31210,150.091135000001,3.552
31211,150.096035000001,4.9
31212,150.100473000001,4.438
31213,150.104256000001,3.783
31214,150.110356000001,6.1
31215,150.116073000001,5.717
31216,150.120591000001,4.518
31217,150.124811000001,4.22
31218,150.129538000001,4.727
31219,150.134105000001,4.567
31220,150.137718000001,3.613
31221,150.142121000001,4.403
31222,150.148910000001,6.789
31223,150.153396000001,4.486
31224,150.156674000001,3.278
31225,150.162962000001,6.288
31226,150.167934000001,4.972
31227,150.171289000001,3.355
31228,150.175730000001,4.441
31229,150.180835000001,5.105
31230,150.184341000001,3.506
31231,150.188586000001,4.245
31232,150.193749000001,5.163
31233,150.198808000001,5.059
31234,150.203695000001,4.887
31235,150.207994000001,4.299
31236,150.215806000001,7.812
31237,150.218771000001,2.965
31238,150.222782000001,4.011
31239,150.227495000001,4.713
31240,150.232499000001,5.004
31241,150.235840000001,3.341
31242,150.240005000001,4.165
31243,150.246427000001,6.422
31244,150.251480000001,5.053
31245,150.255282000001,3.802
31246,150.259529000001,4.247
31247,150.264225000001,4.696
31248,150.268053000001,3.828
31249,150.272134000001,4.081
31250,150.277462000001,5.328
31251,150.280859000001,3.397
31252,150.285646000001,4.787
31253,150.289941000001,4.295
31254,150.296958000001,7.017
31255,150.300511000001,3.553
31256,150.306640000001,6.129
31257,150.313176000001,6.536
31258,150.317045000001,3.869
31259,150.321485000001,4.44
31260,150.325797000001,4.312
31261,150.330752000001,4.955
31262,150.334264000001,3.512
31263,150.340151000001,5.887
31264,150.346264000001,6.113
31265,150.350789000001,4.525
31266,150.355029000001,4.24
31267,150.359388000001,4.359
31268,150.365897000001,6.509
31269,150.369649000001,3.752
31270,150.373661000001,4.012
31271,150.378781000001,5.12
31272,150.382430000001,3.649
31273,150.388273000001,5.843
31274,150.392624000001,4.351
31275,150.397987000001,5.363
31276,150.401228000001,3.241
31277,150.405453000001,4.225
31278,150.413662000001,8.209
31279,150.417579000001,3.917
31280,150.422044000001,4.465
31281,150.426548000001,4.504
31282,150.431244000001,4.696
31283,150.436475000001,5.231
31284,150.440806000001,4.331
31285,150.448077000001,7.271
31286,150.452629000001,4.552
31287,150.455966000001,3.337
31288,150.462045000001,6.079
31289,150.466785000001,4.74
31290,150.470377000001,3.592
31291,150.474773000001,4.396
31292,150.481687000001,6.914
31293,150.485382000001,3.695
31294,150.489320000001,3.938
31295,150.494127000001,4.807
31296,150.498680000001,4.553
31297,150.502268000001,3.588
31298,150.508299000001,6.031
31299,150.514611000001,6.312
31300,150.518854000001,4.243
31301,150.523136000001,4.282
31302,150.527810000001,4.674
31303,150.534081000001,6.271
31304,150.537658000001,3.577
31305,150.542298000001,4.64
31306,150.547119000001,4.821
31307,150.550741000001,3.622
31308,150.556509000001,5.768
31309,150.561275000001,4.766
31310,150.567404,6.129
31311,150.572498000001,5.094
31312,150.576715000001,4.217
31313,150.584183000001,7.468
31314,150.589142000001,4.959
31315,150.594129000001,4.987
31316,150.599848000001,5.719
31317,150.603894000001,4.046
31318,150.610756000001,6.862
31319,150.615985000001,5.229
31320,150.621267000001,5.282
31321,150.625563000001,4.296
31322,150.630844000001,5.281
31323,150.636992000001,6.148
31324,150.646061000001,9.069
31325,150.656087000001,10.026
31326,150.662485000001,6.398
31327,150.665551000001,3.066
31328,150.671374000001,5.823
31329,150.675287000001,3.913
31330,150.679586000001,4.299
31331,150.684814000001,5.228
31332,150.688333000001,3.519
31333,150.694306000001,5.973
31334,150.699261000001,4.955
31335,150.702919000001,3.658
31336,150.707625000001,4.706
31337,150.712457000001,4.832
31338,150.716264000001,3.807
31339,150.720288000001,4.024
31340,150.727358000001,7.07
31341,150.730779000001,3.421
31342,150.737253000001,6.474
31343,150.741871000001,4.618
31344,150.745779000001,3.908
31345,150.750052000001,4.273
31346,150.754290000001,4.238
31347,150.759326,5.036
31348,150.76303,3.704
31349,150.767582,4.552
31350,150.772526,4.944
31351,150.778074,5.548
31352,150.782388,4.314
31353,150.789619,7.231
31354,150.794733,5.114
31355,150.799496,4.763
31356,150.804044,4.548
31357,150.80983,5.786
31358,150.816137,6.307
31359,150.819887,3.75
31360,150.825506,5.619
31361,150.82964,4.134
31362,150.835462,5.822
31363,150.840451,4.989
31364,150.845358,4.907
31365,150.848629,3.271
31366,150.854014,5.385
31367,150.858849,4.835
31368,150.862607,3.758
31369,150.86733,4.723
31370,150.871369,4.039
31371,150.878601,7.232
31372,150.881664,3.063
31373,150.887448,5.784
31374,150.892273,4.825
31375,150.895943,3.67
31376,150.900435,4.492
31377,150.904058,3.623
31378,150.909352,5.294
31379,150.912583,3.231
31380,150.916992,4.409
31381,150.920964,3.972
31382,150.925876,4.912
31383,150.932986,7.11
31384,150.936889,3.903
31385,150.942024,5.135
31386,150.945574,3.55
31387,150.949905,4.331
31388,150.953984,4.079
31389,150.959208,5.224
31390,150.963463,4.255
31391,150.968907,5.444
31392,150.972914,4.007
31393,150.978307,5.393
31394,150.981492,3.185
31395,150.985578,4.086
31396,150.990462,4.884
31397,150.995186000001,4.724
31398,150.999317000001,4.131
31399,151.003582000001,4.265
31400,151.009811,6.229
31401,151.013222,3.411
31402,151.019405,6.183
31403,151.023544,4.139
31404,151.03012,6.576
31405,151.036075,5.955
31406,151.038741,2.666
31407,151.043207000001,4.466
31408,151.046826,3.619
31409,151.050951,4.125
31410,151.05513,4.179
31411,151.06141,6.28
31412,151.064553,3.143
31413,151.069906,5.353
31414,151.074231,4.325
31415,151.07912,4.889
31416,151.082548,3.428
31417,151.086698,4.15
31418,151.091811,5.113
31419,151.095592,3.781
31420,151.100788000001,5.196
31421,151.104834,4.046
31422,151.111334,6.5
31423,151.11452,3.186
31424,151.120044,5.524
31425,151.124497000001,4.453
31426,151.132966,8.469
31427,151.135426000001,2.46
31428,151.140388000001,4.962
31429,151.145883000001,5.495
31430,151.150132,4.249
31431,151.154037,3.905
31432,151.158864000001,4.827
31433,151.163716000001,4.852
31434,151.167371000001,3.655
31435,151.171529000001,4.158
31436,151.177609000001,6.08
31437,151.182422000001,4.813
31438,151.185361000001,2.939
31439,151.188777,3.416
31440,151.194449000001,5.672
31441,151.197713000001,3.264
31442,151.202042000001,4.329
31443,151.206045000001,4.003
31444,151.213148000001,7.103
31445,151.216357000001,3.209
31446,151.219765000001,3.408
31447,151.223984000001,4.219
31448,151.229869000001,5.885
31449,151.233505000001,3.636
31450,151.237171000001,3.666
31451,151.242161000001,4.99
31452,151.247306000001,5.145
31453,151.252085000001,4.779
31454,151.255310000001,3.225
31455,151.260485000001,5.175
31456,151.266255000001,5.77
31457,151.270509000001,4.254
31458,151.275136000001,4.627
31459,151.280630000001,5.494
31460,151.283759000001,3.129
31461,151.288188000001,4.429
31462,151.293640000001,5.452
31463,151.297002000001,3.362
31464,151.301777000001,4.775
31465,151.306015000001,4.238
31466,151.313643000001,7.628
31467,151.316798000001,3.155
31468,151.320913000001,4.115
31469,151.325259000001,4.346
31470,151.331060000001,5.801
31471,151.334542000001,3.482
31472,151.339130000001,4.588
31473,151.345897000001,6.767
31474,151.349643000001,3.746
31475,151.354923000001,5.28
31476,151.359746000001,4.823
31477,151.364671000001,4.925
31478,151.368713000001,4.042
31479,151.373211000001,4.498
31480,151.380018000001,6.807
31481,151.384307000001,4.289
31482,151.388898000001,4.591
31483,151.394439000001,5.541
31484,151.399990000001,5.551
31485,151.404694000001,4.704
31486,151.415284000001,10.59
31487,151.423292000001,8.008
31488,151.427453000001,4.161
31489,151.431395000001,3.942
31490,151.436806000001,5.411
31491,151.442826000001,6.02
31492,151.449123000001,6.297
31493,151.451848000001,2.725
31494,151.457762000001,5.914
31495,151.461191000001,3.429
31496,151.466705000001,5.514
31497,151.471848000001,5.143
31498,151.477500000001,5.652
31499,151.481556000001,4.056
31500,151.486518000001,4.962
31501,151.491896000001,5.378
31502,151.496654000001,4.758
31503,151.500963000001,4.309
31504,151.507556000001,6.593
31505,151.511285000001,3.729
31506,151.516985000001,5.7
31507,151.521889000001,4.904
31508,151.527098000001,5.209
31509,151.531372000001,4.274
31510,151.537010000001,5.638
31511,151.542158000001,5.148
31512,151.547229000001,5.071
31513,151.551448000001,4.219
31514,151.558321000001,6.873
31515,151.562928000001,4.607
31516,151.567240000001,4.312
31517,151.572189000001,4.949
31518,151.577396000001,5.207
31519,151.581778000001,4.382
31520,151.587604000001,5.826
31521,151.593334000001,5.73
31522,151.598187000001,4.853
31523,151.601642000001,3.455
31524,151.608444000001,6.802
31525,151.611796000001,3.352
31526,151.617728000001,5.932
31527,151.622349000001,4.621
31528,151.628512000001,6.163
31529,151.632711000001,4.199
31530,151.636281000001,3.57
31531,151.641661000001,5.38
31532,151.644958000001,3.297
31533,151.649134000001,4.176
31534,151.653896000001,4.762
31535,151.658273000001,4.377
31536,151.664239000001,5.966
31537,151.669216000001,4.977
31538,151.672909000001,3.693
31539,151.679160000001,6.251
31540,151.683509000001,4.349
31541,151.688155000001,4.646
31542,151.692691000001,4.536
31543,151.697545000001,4.854
31544,151.701036000001,3.491
31545,151.704649000001,3.613
31546,151.711266000001,6.617
31547,151.715406000001,4.14
31548,151.719172000001,3.766
31549,151.723237000001,4.065
31550,151.729595000001,6.358
31551,151.734422000001,4.827
31552,151.737060000001,2.638
31553,151.741614000001,4.554
31554,151.747890000001,6.276
31555,151.751589000001,3.699
31556,151.755770000001,4.181
31557,151.760512000001,4.742
31558,151.766648000001,6.136
31559,151.770112000001,3.464
31560,151.774743000001,4.631
31561,151.780271000001,5.528
31562,151.783293000001,3.022
31563,151.787592000001,4.299
31564,151.793466000001,5.874
31565,151.799837000001,6.371
31566,151.803360000001,3.523
31567,151.807801000001,4.441
31568,151.814201000001,6.4
31569,151.817701000001,3.5
31570,151.822183000001,4.482
31571,151.829092000001,6.909
31572,151.834134000001,5.042
31573,151.836941000001,2.807
31574,151.840962000001,4.021
31575,151.846798000001,5.836
31576,151.849992000001,3.194
31577,151.854314000001,4.322
31578,151.859326000001,5.012
31579,151.866347000001,7.021
31580,151.869953000001,3.606
31581,151.874431000001,4.478
31582,151.880605000001,6.174
31583,151.884397000001,3.792
31584,151.888660000001,4.263
31585,151.896547000001,7.887
31586,151.900285000001,3.738
31587,151.905179000001,4.894
31588,151.909667000001,4.488
31589,151.914562000001,4.895
31590,151.918297000001,3.735
31591,151.922680000001,4.383
31592,151.929393000001,6.713
31593,151.934445000001,5.052
31594,151.937372000001,2.927
31595,151.941680000001,4.308
31596,151.946737000001,5.057
31597,151.950249000001,3.512
31598,151.954541000001,4.292
31599,151.961688000001,7.147
31600,151.965724000001,4.036
31601,151.969014000001,3.29
31602,151.973624000001,4.61
31603,151.979081000001,5.457
31604,151.982341000001,3.26
31605,151.986604000001,4.263
31606,151.991305000001,4.701
31607,151.999317000001,8.012
31608,152.001910000001,2.593
31609,152.007224000001,5.314
31610,152.013148000001,5.924
31611,152.016529000001,3.381
31612,152.020851000001,4.322
31613,152.026955000001,6.104
31614,152.034225000001,7.27
31615,152.036870000001,2.645
31616,152.041303000001,4.433
31617,152.046802000001,5.499
31618,152.049773000001,2.971
31619,152.054006000001,4.233
31620,152.058123000001,4.117
31621,152.066847000001,8.724
31622,152.070266000001,3.419
31623,152.074929000001,4.663
31624,152.079843000001,4.914
31625,152.083400000001,3.557
31626,152.087773000001,4.373
31627,152.093789000001,6.016
31628,152.098238000001,4.449
31629,152.101473000001,3.235
31630,152.108687000001,7.214
31631,152.113984000001,5.297
31632,152.118123000001,4.139
31633,152.122516000001,4.393
31634,152.127293000001,4.777
31635,152.132283000001,4.99
31636,152.135967000001,3.684
31637,152.140864000001,4.897
31638,152.148548000001,7.684
31639,152.153238000001,4.69
31640,152.157979000001,4.741
31641,152.164940000001,6.961
31642,152.168472000001,3.532
31643,152.173275000001,4.803
31644,152.177723000001,4.448
31645,152.182720000001,4.997
31646,152.186381000001,3.661
31647,152.191074000001,4.693
31648,152.196080000001,5.006
31649,152.199759000001,3.679
31650,152.206374000001,6.615
31651,152.211604000001,5.23
31652,152.217487000001,5.883
31653,152.221337000001,3.85
31654,152.226121000001,4.784
31655,152.231229000001,5.108
31656,152.234911000001,3.682
31657,152.239550000001,4.639
31658,152.245042000001,5.492
31659,152.249541000001,4.499
31660,152.252914000001,3.373
31661,152.259483000001,6.569
31662,152.264603000001,5.12
31663,152.268353000001,3.75
31664,152.272862000001,4.509
31665,152.277294000001,4.432
31666,152.282525000001,5.231
31667,152.286286000001,3.761
31668,152.291118000001,4.832
31669,152.295894000001,4.776
31670,152.301544000001,5.65
31671,152.306247000001,4.703
31672,152.312267000001,6.02
31673,152.317595000001,5.328
31674,152.320560000001,2.965
31675,152.324836000001,4.276
31676,152.330145000001,5.309
31677,152.333901000001,3.756
31678,152.338030000001,4.129
31679,152.342640000001,4.61
31680,152.349401000001,6.761
31681,152.354078000001,4.677
31682,152.358038000001,3.96
31683,152.363694000001,5.656
31684,152.367267000001,3.573
31685,152.371369000001,4.102
31686,152.377697000001,6.328
31687,152.381887000001,4.19
31688,152.385549000001,3.662
31689,152.389457000001,3.908
31690,152.395850000001,6.393
31691,152.398588000001,2.738
31692,152.404249000001,5.661
31693,152.409098000001,4.849
31694,152.414673000001,5.575
31695,152.417741000001,3.068
31696,152.421805000001,4.064
31697,152.428195000001,6.39
31698,152.430890000001,2.695
31699,152.435186000001,4.296
31700,152.439431000001,4.245
31701,152.446759000001,7.328
31702,152.451103000001,4.344
31703,152.455416000001,4.313
31704,152.460488000001,5.072
31705,152.463643000001,3.155
31706,152.467835000001,4.192
31707,152.472068000001,4.233
31708,152.477633000001,5.565
31709,152.482215000001,4.582
31710,152.488246000001,6.031
31711,152.493576000001,5.33
31712,152.498731000001,5.155
31713,152.502972000001,4.241
31714,152.507340000001,4.368
31715,152.512743000001,5.403
31716,152.515710000001,2.967
31717,152.519876000001,4.166
31718,152.524893000001,5.017
31719,152.530337000001,5.444
31720,152.534514000001,4.177
31721,152.541028000001,6.514
31722,152.546253000001,5.225
31723,152.550403000001,4.15
31724,152.555258000001,4.855
31725,152.561312000001,6.054
31726,152.564558000001,3.246
31727,152.568776000001,4.218
31728,152.573326000001,4.55
31729,152.578033000001,4.707
31730,152.583348000001,5.315
31731,152.587746000001,4.398
31732,152.594195000001,6.449
31733,152.597514000001,3.319
31734,152.601702000001,4.188
31735,152.606101000001,4.399
31736,152.613224000001,7.123
31737,152.616859000001,3.635
31738,152.622002000001,5.143
31739,152.626761000001,4.759
31740,152.630361000001,3.6
31741,152.636455000001,6.094
31742,152.640697000001,4.242
31743,152.645695000001,4.998
31744,152.649137000001,3.442
31745,152.653377000001,4.24
31746,152.659121000001,5.744
31747,152.662048000001,2.927
31748,152.666234000001,4.186
31749,152.670379000001,4.145
31750,152.676547000001,6.168
31751,152.679578000001,3.031
31752,152.684998000001,5.42
31753,152.690212000001,5.214
31754,152.694118000001,3.906
31755,152.698288000001,4.17
31756,152.702386000001,4.098
31757,152.707565000001,5.179
31758,152.711035000001,3.47
31759,152.715390000001,4.355
31760,152.719002000001,3.612
31761,152.726653000001,7.651
31762,152.730739000001,4.086
31763,152.735600000001,4.861
31764,152.740716000001,5.116
31765,152.743951000001,3.235
31766,152.748382000001,4.431
31767,152.752225000001,3.843
31768,152.757088000001,4.863
31769,152.761377000001,4.289
31770,152.766929000001,5.552
31771,152.771043000001,4.114
31772,152.777550000001,6.507
31773,152.780967000001,3.417
31774,152.784960000001,3.993
31775,152.790046000001,5.086
31776,152.794514000001,4.468
31777,152.798594000001,4.08
31778,152.802713000001,4.119
31779,152.807986000001,5.273
31780,152.811311000001,3.325
31781,152.817408000001,6.097
31782,152.821286000001,3.878
31783,152.826421000001,5.135
31784,152.830855000001,4.434
31785,152.834433000001,3.578
31786,152.838966000001,4.533
31787,152.842446000001,3.48
31788,152.846682000001,4.236
31789,152.850907000001,4.225
31790,152.857910000001,7.003
31791,152.861240000001,3.33
31792,152.866711000001,5.471
31793,152.870876000001,4.165
31794,152.875920000001,5.044
31795,152.879199000001,3.279
31796,152.883682000001,4.483
31797,152.887650000001,3.968
31798,152.895128000001,7.478
31799,152.898633000001,3.505
31800,152.903008000001,4.375
31801,152.909011000001,6.003
31802,152.913908000001,4.897
31803,152.917522000001,3.614
31804,152.921644000001,4.122
31805,152.927371000001,5.727
31806,152.932246000001,4.875
31807,152.935320000001,3.074
31808,152.939527000001,4.207
31809,152.943854000001,4.327
31810,152.950776000001,6.922
31811,152.954104000001,3.328
31812,152.959771000001,5.667
31813,152.964602000001,4.831
31814,152.968302000001,3.7
31815,152.972691000001,4.389
31816,152.981538000001,8.847
31817,152.984747000001,3.209
31818,152.988130000001,3.383
31819,152.992334000001,4.204
31820,152.996484000001,4.15
31821,153.003114000001,6.63
31822,153.006842000001,3.728
31823,153.011162000001,4.32
31824,153.016029000001,4.867
31825,153.020090000001,4.061
31826,153.024070000001,3.98
31827,153.028596000001,4.526
31828,153.033492000001,4.896
31829,153.036536000001,3.044
31830,153.040980000001,4.444
31831,153.044952000001,3.972
31832,153.051208000001,6.256
31833,153.054787000001,3.579
31834,153.059740000001,4.953
31835,153.064542000001,4.802
31836,153.068223000001,3.681
31837,153.072306000001,4.083
31838,153.077369000001,5.063
31839,153.081641000001,4.272
31840,153.085259000001,3.618
31841,153.091535000001,6.276
31842,153.095457000001,3.922
31843,153.100333000001,4.876
31844,153.103834000001,3.501
31845,153.109553000001,5.719
31846,153.114269000001,4.716
31847,153.117984000001,3.715
31848,153.124136000001,6.152
31849,153.129308000001,5.172
31850,153.134115000001,4.807
31851,153.136507000001,2.392
31852,153.141064000001,4.557
31853,153.146764000001,5.7
31854,153.151672000001,4.908
31855,153.155448000001,3.776
31856,153.159426000001,3.978
31857,153.164472000001,5.046
31858,153.169894000001,5.422
31859,153.174153000001,4.259
31860,153.178607000001,4.454
31861,153.183139000001,4.532
31862,153.186743000001,3.604
31863,153.191640000001,4.897
31864,153.195395000001,3.755
31865,153.200185000001,4.79
31866,153.203891000001,3.706
31867,153.209110000001,5.219
31868,153.215443000001,6.333
31869,153.218983000001,3.54
31870,153.224820000001,5.837
31871,153.232147000001,7.327
31872,153.235504000001,3.357
31873,153.241072000001,5.568
31874,153.245255000001,4.183
31875,153.249629000001,4.374
31876,153.254741000001,5.112
31877,153.258592000001,3.851
31878,153.264493000001,5.901
31879,153.269414000001,4.921
31880,153.273366000001,3.952
31881,153.277689000001,4.323
31882,153.281986000001,4.297
31883,153.288906000001,6.92
31884,153.293308000001,4.402
31885,153.297018000001,3.71
31886,153.301340000001,4.322
31887,153.306406000001,5.066
31888,153.310094000001,3.688
31889,153.314575000001,4.481
31890,153.319401000001,4.826
31891,153.323443000001,4.042
31892,153.328027000001,4.584
31893,153.333973000001,5.946
31894,153.339487000001,5.514
31895,153.343376000001,3.889
31896,153.347802000001,4.426
31897,153.352125000001,4.323
31898,153.358975000001,6.85
31899,153.362785000001,3.81
31900,153.367329000001,4.544
31901,153.372612000001,5.283
31902,153.376144000001,3.532
31903,153.382278000001,6.134
31904,153.386779000001,4.501
31905,153.391954000001,5.175
31906,153.395937000001,3.983
31907,153.400291000001,4.354
31908,153.407615000001,7.324
31909,153.410995000001,3.38
31910,153.415383000001,4.388
31911,153.419707000001,4.324
31912,153.424897000001,5.19
31913,153.430715000001,5.818
31914,153.434728000001,4.013
31915,153.440094000001,5.366
31916,153.444549000001,4.455
31917,153.452689000001,8.14
31918,153.455950000001,3.261
31919,153.460319000001,4.369
31920,153.464609000001,4.29
31921,153.468723000001,4.114
31922,153.474012000001,5.289
31923,153.477606000001,3.594
31924,153.481598000001,3.992
31925,153.486605000001,5.007
31926,153.490261000001,3.656
31927,153.494963000001,4.702
31928,153.501252000001,6.289
31929,153.504595000001,3.343
31930,153.509362000001,4.767
31931,153.513566000001,4.204
31932,153.518440000001,4.874
31933,153.523851000001,5.411
31934,153.528011000001,4.16
31935,153.532904000001,4.893
31936,153.536593000001,3.689
31937,153.542129000001,5.536
31938,153.549012000001,6.883
31939,153.551572000001,2.56
31940,153.555956000001,4.384
31941,153.560322000001,4.366
31942,153.565596000001,5.274
31943,153.570478000001,4.882
31944,153.574995000001,4.517
31945,153.579663000001,4.668
31946,153.583329000001,3.666
31947,153.587612000001,4.283
31948,153.592574000001,4.962
31949,153.596979000001,4.405
31950,153.600756000001,3.777
31951,153.604950000001,4.194
31952,153.610709000001,5.759
31953,153.615694000001,4.985
31954,153.620038000001,4.344
31955,153.624372000001,4.334
31956,153.629327000001,4.955
31957,153.632927000001,3.6
31958,153.639314000001,6.387
31959,153.644067000001,4.753
31960,153.647826000001,3.759
31961,153.652050000001,4.224
31962,153.656447000001,4.397
31963,153.662969000001,6.522
31964,153.666676000001,3.707
31965,153.671208000001,4.532
31966,153.676141000001,4.933
31967,153.679807000001,3.666
31968,153.685819000001,6.012
31969,153.690429000001,4.61
31970,153.696127000001,5.698
31971,153.699736000001,3.609
31972,153.704091000001,4.355
31973,153.709539000001,5.448
31974,153.712642000001,3.103
31975,153.716901000001,4.259
31976,153.721432000001,4.531
31977,153.726831000001,5.399
31978,153.730102000001,3.271
31979,153.734241000001,4.139
31980,153.739212000001,4.971
31981,153.745559000001,6.347
31982,153.749030000001,3.471
31983,153.753646000001,4.616
31984,153.758825000001,5.179
31985,153.762287000001,3.462
31986,153.766647000001,4.36
31987,153.770814000001,4.167
31988,153.776248000001,5.434
31989,153.779478000001,3.23
31990,153.783641000001,4.163
31991,153.787902000001,4.261
31992,153.794087000001,6.185
31993,153.798920000001,4.833
31994,153.802984000001,4.064
31995,153.809694000001,6.71
31996,153.814354000001,4.66
31997,153.818543000001,4.189
31998,153.824587000001,6.044
31999,153.828617000001,4.03
32000,153.833391000001,4.774
32001,153.837144000001,3.753
32002,153.841610000001,4.466
32003,153.849242000001,7.632
32004,153.852840000001,3.598
32005,153.857524000001,4.684
32006,153.861375000001,3.851
32007,153.866188000001,4.813
32008,153.871650000001,5.462
32009,153.876423000001,4.773
32010,153.880348000001,3.925
32011,153.885043000001,4.695
32012,153.888435000001,3.392
32013,153.892658000001,4.223
32014,153.897708000001,5.05
32015,153.901278000001,3.57
32016,153.905385000001,4.107
32017,153.911225000001,5.84
32018,153.915832000001,4.607
32019,153.918842000001,3.01
32020,153.923346000001,4.504
32021,153.929523000001,6.177
32022,153.934011000001,4.488
32023,153.937466000001,3.455
32024,153.943598000001,6.132
32025,153.948365000001,4.767
32026,153.951725000001,3.36
32027,153.958060000001,6.335
32028,153.962036000001,3.976
32029,153.966791000001,4.755
32030,153.970484000001,3.693
32031,153.974993000001,4.509
32032,153.980706000001,5.713
32033,153.985721000001,5.015
32034,153.988963000001,3.242
32035,153.995270000001,6.307
32036,154.000058000001,4.788
32037,154.003617000001,3.559
32038,154.008003000001,4.386
32039,154.012384000001,4.381
32040,154.016968000001,4.584
32041,154.020589000001,3.621
32042,154.027238000001,6.649
32043,154.031280000001,4.042
32044,154.036622000001,5.342
32045,154.040618000001,3.996
32046,154.044980000001,4.362
32047,154.051323000001,6.343
32048,154.055078000001,3.755
32049,154.059192000001,4.114
32050,154.063610000001,4.418
32051,154.068522000001,4.912
32052,154.072286000001,3.764
32053,154.076736000001,4.45
32054,154.080981000001,4.245
32055,154.085789000001,4.808
32056,154.089674000001,3.885
32057,154.094040000001,4.366
32058,154.098942000001,4.902
32059,154.102607000001,3.665
32060,154.106943000001,4.336
32061,154.112683000001,5.74
32062,154.122827000001,10.144
32063,154.127641000001,4.814
32064,154.130640000001,2.999
32065,154.134729000001,4.089
32066,154.141658000001,6.929
32067,154.144869000001,3.211
32068,154.149318000001,4.449
32069,154.154101000001,4.783
32070,154.158083000001,3.982
32071,154.162334000001,4.251
32072,154.166565000001,4.231
32073,154.171304000001,4.739
32074,154.177186000001,5.882
32075,154.180754000001,3.568
32076,154.185126000001,4.372
32077,154.190354000001,5.228
32078,154.195575000001,5.221
32079,154.199702000001,4.127
32080,154.204624000001,4.922
32081,154.208236000001,3.612
32082,154.212568000001,4.332
32083,154.216844000001,4.276
32084,154.223750000001,6.906
32085,154.228198000001,4.448
32086,154.232623000001,4.425
32087,154.237856000001,5.233
32088,154.242829000001,4.973
32089,154.246384000001,3.555
32090,154.250947000001,4.563
32091,154.256216000001,5.269
32092,154.260691000001,4.475
32093,154.264422000001,3.731
32094,154.268749000001,4.327
32095,154.274081000001,5.332
32096,154.278232000001,4.151
32097,154.282517000001,4.285
32098,154.287028000001,4.511
32099,154.293874000001,6.846
32100,154.297820000001,3.946
32101,154.302170000001,4.35
32102,154.307347000001,5.177
32103,154.311079000001,3.732
32104,154.317008000001,5.929
32105,154.322519000001,5.511
32106,154.326742000001,4.223
32107,154.330534000001,3.792
32108,154.334908000001,4.374
32109,154.340097000001,5.189
32110,154.343725000001,3.628
32111,154.348252000001,4.527
32112,154.353639000001,5.387
32113,154.357475000001,3.836
32114,154.361584000001,4.109
32115,154.366674000001,5.09
32116,154.370520000001,3.846
32117,154.375976000001,5.456
32118,154.379832000001,3.856
32119,154.385138000001,5.306
32120,154.389191000001,4.053
32121,154.395388000001,6.197
32122,154.400218000001,4.83
32123,154.404029000001,3.811
32124,154.410041000001,6.012
32125,154.415096000001,5.055
32126,154.419175000001,4.079
32127,154.425996000001,6.821
32128,154.430335000001,4.339
32129,154.435361000001,5.026
32130,154.439482000001,4.121
32131,154.443944000001,4.462
32132,154.449014000001,5.07
32133,154.452925000001,3.911
32134,154.457811000001,4.886
32135,154.461943000001,4.132
32136,154.467024000001,5.081
32137,154.471029000001,4.005
32138,154.476882000001,5.853
32139,154.481972000001,5.09
32140,154.485500000001,3.528
32141,154.490033000001,4.533
32142,154.494844000001,4.811
32143,154.499423000001,4.579
32144,154.504441000001,5.018
32145,154.508791000001,4.35
32146,154.513769000001,4.978
32147,154.519211000001,5.442
32148,154.523656000001,4.445
32149,154.528271000001,4.615
32150,154.533274000001,5.003
32151,154.536503000001,3.229
32152,154.541141000001,4.638
32153,154.545777000001,4.636
32154,154.549302000001,3.525
32155,154.553558000001,4.256
32156,154.558733000001,5.175
32157,154.563080000001,4.347
32158,154.566848000001,3.768
32159,154.570975000001,4.127
32160,154.576634000001,5.659
32161,154.580205000001,3.571
32162,154.584476000001,4.271
32163,154.591506000001,7.03
32164,154.600564000001,9.058
32165,154.605096000001,4.532
32166,154.612064000001,6.968
32167,154.618722000001,6.658
32168,154.624246000001,5.524
32169,154.629450000001,5.204
32170,154.635651000001,6.201
32171,154.641659000001,6.008
32172,154.646295000001,4.636
32173,154.650190000001,3.895
32174,154.655721000001,5.531
32175,154.660787000001,5.066
32176,154.665005000001,4.218
32177,154.670066000001,5.061
32178,154.673823000001,3.757
32179,154.679260000001,5.437
32180,154.685162000001,5.902
32181,154.688218000001,3.056
32182,154.694400000001,6.182
32183,154.700329000001,5.929
32184,154.705375000001,5.046
32185,154.709203000001,3.828
32186,154.713681000001,4.478
32187,154.720353000001,6.672
32188,154.724312000001,3.959
32189,154.728236000001,3.924
32190,154.733355000001,5.119
32191,154.737391000001,4.036
32192,154.742467000001,5.076
32193,154.747048000001,4.581
32194,154.751679000001,4.631
32195,154.755406000001,3.727
32196,154.759803000001,4.397
32197,154.764796000001,4.993
32198,154.768575000001,3.779
32199,154.772869000001,4.294
32200,154.776979000001,4.11
32201,154.782109000001,5.13
32202,154.785619000001,3.51
32203,154.790135000001,4.516
32204,154.794963000001,4.828
32205,154.798520000001,3.557
32206,154.803038000001,4.518
32207,154.809476000001,6.438
32208,154.813542000001,4.066
32209,154.817305000001,3.763
32210,154.821565000001,4.26
32211,154.827096000001,5.531
32212,154.830316000001,3.22
32213,154.834644000001,4.328
32214,154.839178000001,4.534
32215,154.846128000001,6.95
32216,154.849639000001,3.511
32217,154.853170000001,3.531
32218,154.858304000001,5.134
32219,154.861842000001,3.538
32220,154.865914000001,4.072
32221,154.870359000001,4.445
32222,154.876098000001,5.739
32223,154.880677000001,4.579
32224,154.886126000001,5.449
32225,154.891103000001,4.977
32226,154.894730000001,3.627
32227,154.900626000001,5.896
32228,154.905004000001,4.378
32229,154.912697000001,7.693
32230,154.916418000001,3.721
32231,154.920743000001,4.325
32232,154.926801000001,6.058
32233,154.929963000001,3.162
32234,154.933627000001,3.664
32235,154.940601000001,6.974
32236,154.944577000001,3.976
32237,154.948504000001,3.927
32238,154.952780000001,4.276
32239,154.958641000001,5.861
32240,154.962293000001,3.652
32241,154.966659000001,4.366
32242,154.973526000001,6.867
32243,154.977975000001,4.449
32244,154.983256000001,5.281
32245,154.987399000001,4.143
32246,154.992397000001,4.998
32247,154.996262000001,3.865
32248,155.000461000001,4.199
32249,155.004920000001,4.459
32250,155.010199000001,5.279
32251,155.013817000001,3.618
32252,155.018089000001,4.272
32253,155.025448000001,7.359
32254,155.030129000001,4.681
32255,155.034854000001,4.725
32256,155.039289000001,4.435
32257,155.044425000001,5.136
32258,155.047940000001,3.515
32259,155.052408000001,4.468
32260,155.057966000001,5.558
32261,155.062244000001,4.278
32262,155.067197000001,4.953
32263,155.071525000001,4.328
32264,155.078671000001,7.146
32265,155.082298000001,3.627
32266,155.086710000001,4.412
32267,155.091716000001,5.006
32268,155.096286000001,4.57
32269,155.100058000001,3.772
32270,155.103931000001,3.873
32271,155.110081000001,6.15
32272,155.114938000001,4.857
32273,155.120252000001,5.314
32274,155.127093000001,6.841
32275,155.131537000001,4.444
32276,155.135332000001,3.795
32277,155.140177000001,4.845
32278,155.144844000001,4.667
32279,155.148621000001,3.777
32280,155.152931000001,4.31
32281,155.158701000001,5.77
32282,155.163225000001,4.524
32283,155.167514000001,4.289
32284,155.175071000001,7.557
32285,155.179428000001,4.357
32286,155.183424000001,3.996
32287,155.189135000001,5.711
32288,155.195208000001,6.073
32289,155.198588000001,3.38
32290,155.204106000001,5.518
32291,155.208632000001,4.526
32292,155.213645000001,5.013
32293,155.219050000001,5.405
32294,155.223676000001,4.626
32295,155.230787000001,7.111
32296,155.234446000001,3.659
32297,155.238294000001,3.848
32298,155.242714000001,4.42
32299,155.247704000001,4.99
32300,155.251490000001,3.786
32301,155.255801000001,4.311
32302,155.261788000001,5.987
32303,155.264794000001,3.006
32304,155.270766000001,5.972
32305,155.275066000001,4.3
32306,155.279901000001,4.835
32307,155.283789000001,3.888
32308,155.288192000001,4.403
32309,155.294033000001,5.841
32310,155.297907000001,3.874
32311,155.301698000001,3.791
32312,155.306352000001,4.654
32313,155.312927000001,6.575
32314,155.316544000001,3.617
32315,155.323637000001,7.093
32316,155.329237000001,5.6
32317,155.333902000001,4.665
32318,155.338095000001,4.193
32319,155.342551000001,4.456
32320,155.347575000001,5.024
32321,155.351350000001,3.775
32322,155.357995000001,6.645
32323,155.363345000001,5.35
32324,155.367811000001,4.466
32325,155.372930000001,5.119
32326,155.376518000001,3.588
32327,155.381526000001,5.008
32328,155.385294000001,3.768
32329,155.390021000001,4.727
32330,155.396021000001,6.0
32331,155.399465000001,3.444
32332,155.405110000001,5.645
32333,155.409482000001,4.372
32334,155.414259000001,4.777
32335,155.420073000001,5.814
32336,155.425457000001,5.384
32337,155.432007000001,6.55
32338,155.435858000001,3.851
32339,155.440087000001,4.229
32340,155.443912000001,3.825
32341,155.448755000001,4.843
32342,155.454445000001,5.69
32343,155.459839000001,5.394
32344,155.465452000001,5.613
32345,155.469021000001,3.569
32346,155.473544000001,4.523
32347,155.477826000001,4.282
32348,155.482779000001,4.953
32349,155.486795000001,4.016
32350,155.491012000001,4.217
32351,155.496005000001,4.993
32352,155.499798000001,3.793
32353,155.506157000001,6.359
32354,155.510413000001,4.256
32355,155.517373000001,6.96
32356,155.520945000001,3.572
32357,155.525441000001,4.496
32358,155.530278000001,4.837
32359,155.533990000001,3.712
32360,155.538701000001,4.711
32361,155.543707000001,5.006
32362,155.550060000001,6.353
32363,155.552941000001,2.881
32364,155.559711000001,6.77
32365,155.564281000001,4.57
32366,155.567874000001,3.593
32367,155.572558000001,4.684
32368,155.577575000001,5.017
32369,155.581750000001,4.175
32370,155.585486000001,3.736
32371,155.591978000001,6.492
32372,155.596879000001,4.901
32373,155.602194000001,5.315
32374,155.606775000001,4.581
32375,155.612852000001,6.077
32376,155.617666000001,4.814
32377,155.621709000001,4.043
32378,155.625876000001,4.167
32379,155.630889000001,5.013
32380,155.634512000001,3.623
32381,155.639756000001,5.244
32382,155.645532000001,5.776
32383,155.650644000001,5.112
32384,155.656371000001,5.727
32385,155.660821000001,4.45
32386,155.667012000001,6.191
32387,155.671472000001,4.46
32388,155.680390000001,8.918
32389,155.687772000001,7.382
32390,155.693485000001,5.713
32391,155.696883000001,3.398
32392,155.702844000001,5.961
32393,155.710276000001,7.432
32394,155.715567000001,5.291
32395,155.720259000001,4.692
32396,155.727063000001,6.804
32397,155.732072000001,5.009
32398,155.741091000001,9.019
32399,155.749585000001,8.494
32400,155.757988000001,8.403
32401,155.763797000001,5.809
32402,155.767107000001,3.31
32403,155.773786000001,6.679
32404,155.778609000001,4.823
32405,155.783388000001,4.779
32406,155.787290000001,3.902
32407,155.792236000001,4.946
32408,155.796931000001,4.695
32409,155.802516000001,5.585
32410,155.807194000001,4.678
32411,155.811279000001,4.085
32412,155.818392000001,7.113
32413,155.822800000001,4.408
32414,155.826375000001,3.575
32415,155.832499000001,6.124
32416,155.837747000001,5.248
32417,155.841661000001,3.914
32418,155.845445000001,3.784
32419,155.850890000001,5.445
32420,155.854430000001,3.54
32421,155.859387000001,4.957
32422,155.866322000001,6.935
32423,155.870415000001,4.093
32424,155.877107000001,6.692
32425,155.880844000001,3.737
32426,155.885485000001,4.641
32427,155.889684000001,4.199
32428,155.895454000001,5.77
32429,155.899652000001,4.198
32430,155.904766000001,5.114
32431,155.911460000001,6.694
32432,155.916228000001,4.768
32433,155.922426000001,6.198
32434,155.927286000001,4.86
32435,155.932952000001,5.666
32436,155.936564000001,3.612
32437,155.940828000001,4.264
32438,155.945176000001,4.348
32439,155.950108000001,4.932
32440,155.956345000001,6.237
32441,155.960535000001,4.19
32442,155.966543000001,6.008
32443,155.970216000001,3.673
32444,155.974367000001,4.151
32445,155.978716000001,4.349
32446,155.983550000001,4.834
32447,155.989535000001,5.985
32448,155.993813000001,4.278
32449,155.999879000001,6.066
32450,156.003719000001,3.84
32451,156.008232000001,4.513
32452,156.012611000001,4.379
32453,156.019469000001,6.858
32454,156.023648000001,4.179
32455,156.028683000001,5.035
32456,156.034294000001,5.611
32457,156.037969000001,3.675
32458,156.042473000001,4.504
32459,156.046721000001,4.248
32460,156.051912000001,5.191
32461,156.055619000001,3.707
32462,156.061610000001,5.991
32463,156.066457000001,4.847
32464,156.072100000001,5.643
32465,156.076378000001,4.278
32466,156.080695000001,4.317
32467,156.085851000001,5.156
32468,156.089362000001,3.511
32469,156.093618000001,4.256
32470,156.098457000001,4.839
32471,156.102639000001,4.182
32472,156.106766000001,4.127
32473,156.112895000001,6.129
32474,156.117767000001,4.872
32475,156.121614000001,3.847
32476,156.127988000001,6.374
32477,156.135596000001,7.608
32478,156.141466000001,5.87
32479,156.145445000001,3.979
32480,156.149709000001,4.264
32481,156.154519000001,4.81
32482,156.159837000001,5.318
32483,156.164199000001,4.362
32484,156.170981000001,6.782
32485,156.174931000001,3.95
32486,156.179081000001,4.15
32487,156.183527000001,4.446
32488,156.188551000001,5.024
32489,156.193630000001,5.079
32490,156.198547000001,4.917
32491,156.203609000001,5.062
32492,156.207339000001,3.73
32493,156.213487000001,6.148
32494,156.217939000001,4.452
32495,156.224924000001,6.985
32496,156.228896000001,3.972
32497,156.232643000001,3.747
32498,156.237745000001,5.102
32499,156.241395000001,3.65
32500,156.245630000001,4.235
32501,156.250038000001,4.408
32502,156.256884000001,6.846
32503,156.260472000001,3.588
32504,156.266103000001,5.631
32505,156.271040000001,4.937
32506,156.274925000001,3.885
32507,156.279206000001,4.281
32508,156.283281000001,4.075
32509,156.291178000001,7.897
32510,156.294860000001,3.682
32511,156.298429000001,3.569
32512,156.303377000001,4.948
32513,156.309266000001,5.889
32514,156.313482000001,4.216
32515,156.320431000001,6.949
32516,156.327515000001,7.084
32517,156.331380000001,3.865
32518,156.336921000001,5.541
32519,156.342101000001,5.18
32520,156.345472000001,3.371
32521,156.349973000001,4.501
32522,156.354408000001,4.435
32523,156.359443000001,5.035
32524,156.364735000001,5.292
32525,156.369137000001,4.402
32526,156.373964000001,4.827
32527,156.377681000001,3.717
32528,156.382102000001,4.421
32529,156.387740000001,5.638
32530,156.392643000001,4.903
32531,156.396336000001,3.693
32532,156.400625000001,4.289
32533,156.406123000001,5.498
32534,156.410182000001,4.059
32535,156.415400000001,5.218
32536,156.419649000001,4.249
32537,156.424805000001,5.156
32538,156.428379000001,3.574
32539,156.432542000001,4.163
32540,156.440364000001,7.822
32541,156.445478000001,5.114
32542,156.450583000001,5.105
32543,156.454973000001,4.39
32544,156.461574000001,6.601
32545,156.465464000001,3.89
32546,156.469541000001,4.077
32547,156.474565000001,5.024
32548,156.478344000001,3.779
32549,156.482432000001,4.088
32550,156.487200000001,4.768
32551,156.492689000001,5.489
32552,156.495875000001,3.186
32553,156.502035000001,6.16
32554,156.508118000001,6.083
32555,156.512421000001,4.303
32556,156.516955000001,4.534
32557,156.520912000001,3.957
32558,156.526141000001,5.229
32559,156.529573000001,3.432
32560,156.533847000001,4.274
32561,156.540596000001,6.749
32562,156.544632000001,4.036
32563,156.548299000001,3.667
32564,156.554668000001,6.369
32565,156.559573000001,4.905
32566,156.563065000001,3.492
32567,156.567832000001,4.767
32568,156.572580000001,4.748
32569,156.576114000001,3.534
32570,156.580429000001,4.315
32571,156.584947000001,4.518
32572,156.590027000001,5.08
32573,156.595425000001,5.398
32574,156.599573000001,4.148
32575,156.606522000001,6.949
32576,156.610240000001,3.718
32577,156.614406000001,4.166
32578,156.618999000001,4.593
32579,156.623686000001,4.687
32580,156.627284000001,3.598
32581,156.631659000001,4.375
32582,156.637873000001,6.214
32583,156.642327000001,4.454
32584,156.646762000001,4.435
32585,156.651090000001,4.328
32586,156.655910000001,4.82
32587,156.659601000001,3.691
32588,156.663877000001,4.276
32589,156.669021000001,5.144
32590,156.672523000001,3.502
32591,156.677023000001,4.5
32592,156.681326000001,4.303
32593,156.688013000001,6.687
32594,156.691806000001,3.793
32595,156.698087000001,6.281
32596,156.703027000001,4.94
32597,156.706605000001,3.578
32598,156.711010000001,4.405
32599,156.715252000001,4.242
32600,156.722009000001,6.757
32601,156.725540000001,3.531
32602,156.731485000001,5.945
32603,156.736448000001,4.963
32604,156.742175000001,5.727
32605,156.746669000001,4.494
32606,156.750537000001,3.868
32607,156.755671000001,5.134
32608,156.759304000001,3.633
32609,156.763456000001,4.152
32610,156.768862000001,5.406
32611,156.773876000001,5.014
32612,156.778223000001,4.347
32613,156.784152000001,5.929
32614,156.789298000001,5.146
32615,156.794723000001,5.425
32616,156.799078000001,4.355
32617,156.803907000001,4.829
32618,156.807857000001,3.95
32619,156.811988000001,4.131
32620,156.816332000001,4.344
32621,156.821327000001,4.995
32622,156.826588000001,5.261
32623,156.830995000001,4.407
32624,156.838396000001,7.401
32625,156.842560000001,4.164
32626,156.847943000001,5.383
32627,156.852371000001,4.428
32628,156.857374000001,5.003
32629,156.860978000001,3.604
32630,156.865402000001,4.424
32631,156.874190000001,8.788
32632,156.877216000001,3.026
32633,156.881988000001,4.772
32634,156.886484000001,4.496
32635,156.893371000001,6.887
32636,156.897043000001,3.672
32637,156.901878000001,4.835
32638,156.906451000001,4.573
32639,156.910158000001,3.707
32640,156.914700000001,4.542
32641,156.919042000001,4.342
32642,156.925669000001,6.627
32643,156.929246000001,3.577
32644,156.935629000001,6.383
32645,156.941374000001,5.745
32646,156.946189000001,4.815
32647,156.950747000001,4.558
32648,156.954953000001,4.206
32649,156.959848000001,4.895
32650,156.963653000001,3.805
32651,156.968426000001,4.773
32652,156.973388000001,4.962
32653,156.978705000001,5.317
32654,156.983204000001,4.499
32655,156.990055000001,6.851
32656,156.993822000001,3.767
32657,156.998005000001,4.183
32658,157.002463000001,4.458
32659,157.007530000001,5.067
32660,157.011154000001,3.624
32661,157.015331000001,4.177
32662,157.021998000001,6.667
32663,157.026601000001,4.603
32664,157.030596000001,3.995
32665,157.035865000001,5.269
32666,157.039494000001,3.629
32667,157.043722000001,4.228
32668,157.048046000001,4.324
32669,157.053322000001,5.276
32670,157.057143000001,3.821
32671,157.061727000001,4.584
32672,157.066914000001,5.187
32673,157.070562000001,3.648
32674,157.075166000001,4.604
32675,157.081892000001,6.726
32676,157.085749000001,3.857
32677,157.090172000001,4.423
32678,157.094679000001,4.507
32679,157.099517000001,4.838
32680,157.104211000001,4.694
32681,157.108734000001,4.523
32682,157.115106000001,6.372
32683,157.118963000001,3.857
32684,157.125406000001,6.443
32685,157.129533000001,4.127
32686,157.135103000001,5.57
32687,157.138602000001,3.499
32688,157.143050000001,4.448
32689,157.147657000001,4.607
32690,157.151645000001,3.988
32691,157.157500000001,5.855
32692,157.161738000001,4.238
32693,157.168664000001,6.926
32694,157.172264000001,3.6
32695,157.178521000001,6.257
32696,157.183464000001,4.943
32697,157.187203000001,3.739
32698,157.191648000001,4.445
32699,157.196118000001,4.47
32700,157.201275000001,5.157
32701,157.204848000001,3.573
32702,157.210782000001,5.934
32703,157.215570000001,4.788
32704,157.221703000001,6.133
32705,157.225802000001,4.099
32706,157.230605000001,4.803
32707,157.234552000001,3.947
32708,157.238776000001,4.224
32709,157.243117000001,4.341
32710,157.248094000001,4.977
32711,157.252120000001,4.026
32712,157.256599000001,4.479
32713,157.263162000001,6.563
32714,157.267033000001,3.871
32715,157.271514000001,4.481
32716,157.275687000001,4.173
32717,157.280746000001,5.059
32718,157.284889000001,4.143
32719,157.288893000001,4.004
32720,157.293757000001,4.864
32721,157.297643000001,3.886
32722,157.302318000001,4.675
32723,157.306438000001,4.12
32724,157.313249000001,6.811
32725,157.316994000001,3.745
32726,157.322435000001,5.441
32727,157.330098000001,7.663
32728,157.333424000001,3.326
32729,157.338556000001,5.132
32730,157.342920000001,4.364
32731,157.348104000001,5.184
32732,157.351895000001,3.791
32733,157.356364000001,4.469
32734,157.361001000001,4.637
32735,157.366909000001,5.908
32736,157.371034000001,4.125
32737,157.375263000001,4.229
32738,157.380150000001,4.887
32739,157.384141000001,3.991
32740,157.389685000001,5.544
32741,157.394711000001,5.026
32742,157.399867000001,5.156
32743,157.404524000001,4.657
32744,157.410290000001,5.766
32745,157.415130000001,4.84
32746,157.418899000001,3.769
32747,157.423998000001,5.099
32748,157.428507000001,4.509
32749,157.431809000001,3.302
32750,157.436213000001,4.404
32751,157.440785000001,4.572
32752,157.445710000001,4.925
32753,157.451583000001,5.873
32754,157.455287000001,3.704
32755,157.462065000001,6.778
32756,157.465955000001,3.89
32757,157.470232000001,4.277
32758,157.474472000001,4.24
32759,157.479376000001,4.904
32760,157.483140000001,3.764
32761,157.487534000001,4.394
32762,157.493753000001,6.219
32763,157.497520000001,3.767
32764,157.503849000001,6.329
32765,157.508170000001,4.321
32766,157.512902000001,4.732
32767,157.516780000001,3.878
32768,157.521379000001,4.599
32769,157.526459000001,5.08
32770,157.530422000001,3.963
32771,157.534501000001,4.079
32772,157.538588000001,4.087
32773,157.545192000001,6.604
32774,157.549107000001,3.915
32775,157.555312000001,6.205
32776,157.560121000001,4.809
32777,157.563829000001,3.708
32778,157.568410000001,4.581
32779,157.572491000001,4.081
32780,157.577466000001,4.975
32781,157.581378000001,3.912
32782,157.586532000001,5.154
32783,157.591070000001,4.538
32784,157.596454000001,5.384
32785,157.600766000001,4.312
32786,157.605124000001,4.358
32787,157.609899000001,4.775
32788,157.613757000001,3.858
32789,157.618115000001,4.358
32790,157.623760000001,5.645
32791,157.627531000001,3.771
32792,157.631565000001,4.034
32793,157.636638000001,5.073
32794,157.642340000001,5.702
32795,157.646684000001,4.344
32796,157.651604000001,4.92
32797,157.656588000001,4.984
32798,157.660080000001,3.492
32799,157.664306000001,4.226
32800,157.669519000001,5.213
32801,157.674685000001,5.166
32802,157.679861000001,5.176
32803,157.684458000001,4.597
32804,157.691167000001,6.709
32805,157.695123000001,3.956
32806,157.699598000001,4.475
32807,157.703951000001,4.353
32808,157.709139000001,5.188
32809,157.712799000001,3.66
32810,157.717428000001,4.629
32811,157.722725000001,5.297
32812,157.726472000001,3.747
32813,157.732803000001,6.331
32814,157.737709000001,4.906
32815,157.745559000001,7.85
32816,157.750219000001,4.66
32817,157.754559000001,4.34
32818,157.759571000001,5.012
32819,157.763324000001,3.753
32820,157.767831000001,4.507
32821,157.772300000001,4.469
32822,157.778758000001,6.458
32823,157.782647000001,3.889
32824,157.788773000001,6.126
32825,157.793908000001,5.135
32826,157.797553000001,3.645
32827,157.802169000001,4.616
32828,157.806358000001,4.189
32829,157.811429000001,5.071
32830,157.815174000001,3.745
32831,157.819732000001,4.558
32832,157.824895000001,5.163
32833,157.830211000001,5.316
32834,157.834623000001,4.412
32835,157.842235000001,7.612
32836,157.846927000001,4.692
32837,157.850186000001,3.259
32838,157.854711000001,4.525
32839,157.859756000001,5.045
32840,157.863358000001,3.602
32841,157.867701000001,4.343
32842,157.873613000001,5.912
32843,157.877556000001,3.943
32844,157.883349000001,5.793
32845,157.887632000001,4.283
32846,157.892199000001,4.567
32847,157.896068000001,3.869
32848,157.900576000001,4.508
32849,157.906925000001,6.349
32850,157.911618000001,4.693
32851,157.915193000001,3.575
32852,157.919573000001,4.38
32853,157.924419000001,4.846
32854,157.927969000001,3.55
32855,157.934230000001,6.261
32856,157.939060000001,4.83
32857,157.944119000001,5.059
32858,157.948309000001,4.19
32859,157.953438000001,5.129
32860,157.958197000001,4.759
32861,157.961869000001,3.672
32862,157.967913000001,6.044
32863,157.971881000001,3.968
32864,157.978718000001,6.837
32865,157.982256000001,3.538
32866,157.986714000001,4.458
32867,157.991924000001,5.21
32868,157.995004000001,3.08
32869,157.999347000001,4.343
32870,158.005565000001,6.218
32871,158.010222000001,4.657
32872,158.014569000001,4.347
32873,158.020961000001,6.392
32874,158.025604000001,4.643
32875,158.031209000001,5.605
32876,158.035533000001,4.324
32877,158.039976000001,4.443
32878,158.045171000001,5.195
32879,158.048242000001,3.071
32880,158.052521000001,4.279
32881,158.057468000001,4.947
32882,158.062487000001,5.019
32883,158.066725000001,4.238
32884,158.072971000001,6.246
32885,158.077882000001,4.911
32886,158.081351000001,3.469
32887,158.085721000001,4.37
32888,158.090511000001,4.79
32889,158.094181000001,3.67
32890,158.098243000001,4.062
32891,158.103290000001,5.047
32892,158.110262000001,6.972
32893,158.113476000001,3.214
32894,158.117246000001,3.77
32895,158.122229000001,4.983
32896,158.125967000001,3.738
32897,158.130025000001,4.058
32898,158.134216000001,4.191
32899,158.142483000001,8.267
32900,158.146589000001,4.106
32901,158.151339000001,4.75
32902,158.157772000001,6.433
32903,158.161616000001,3.844
32904,158.167514000001,5.898
32905,158.171867000001,4.353
32906,158.176608000001,4.741
32907,158.180174000001,3.566
32908,158.184577000001,4.403
32909,158.190958000001,6.381
32910,158.194519000001,3.561
32911,158.199068000001,4.549
32912,158.203366000001,4.298
32913,158.207965000001,4.599
32914,158.211578000001,3.613
32915,158.217891000001,6.313
32916,158.223631000001,5.74
32917,158.227620000001,3.989
32918,158.232710000001,5.09
32919,158.237175000001,4.465
32920,158.241870000001,4.695
32921,158.245363000001,3.493
32922,158.251356000001,5.993
32923,158.257205000001,5.849
32924,158.261976000001,4.771
32925,158.265722000001,3.746
32926,158.270250000001,4.528
32927,158.274994000001,4.744
32928,158.278519000001,3.525
32929,158.282542000001,4.023
32930,158.287744000001,5.202
32931,158.292184000001,4.44
32932,158.295998000001,3.814
32933,158.302005000001,6.007
32934,158.306897000001,4.892
32935,158.312427000001,5.53
32936,158.316429000001,4.002
32937,158.320996000001,4.567
32938,158.326292000001,5.296
32939,158.330110000001,3.818
32940,158.333755000001,3.645
32941,158.338130000001,4.375
32942,158.344097000001,5.967
32943,158.347892000001,3.795
32944,158.354019000001,6.127
32945,158.358855000001,4.836
32946,158.362278000001,3.423
32947,158.366590000001,4.312
32948,158.370871000001,4.281
32949,158.375906000001,5.035
32950,158.379275000001,3.369
32951,158.383892000001,4.617
32952,158.388624000001,4.732
32953,158.394823000001,6.199
32954,158.398266000001,3.443
32955,158.404719000001,6.453
32956,158.409703000001,4.984
32957,158.413135000001,3.432
32958,158.417512000001,4.377
32959,158.421992000001,4.48
32960,158.427331000001,5.339
32961,158.431066000001,3.735
32962,158.436337000001,5.271
32963,158.440533000001,4.196
32964,158.447239000001,6.706
32965,158.450942000001,3.703
32966,158.455279000001,4.337
32967,158.460039000001,4.76
32968,158.463540000001,3.501
32969,158.468059000001,4.519
32970,158.472246000001,4.187
32971,158.477881000001,5.635
32972,158.480959000001,3.078
32973,158.487707000001,6.748
32974,158.493323000001,5.616
32975,158.498570000001,5.247
32976,158.502165000001,3.595
32977,158.506371000001,4.206
32978,158.512304000001,5.933
32979,158.515464000001,3.16
32980,158.519506000001,4.042
32981,158.525558000001,6.052
32982,158.530280000001,4.722
32983,158.533684000001,3.404
32984,158.540021000001,6.337
32985,158.544044000001,4.023
32986,158.548898000001,4.854
32987,158.552767000001,3.869
32988,158.557032000001,4.265
32989,158.561891000001,4.859
32990,158.565412000001,3.521
32991,158.570972000001,5.56
32992,158.574382000001,3.41
32993,158.581342000001,6.96
32994,158.584720000001,3.378
32995,158.588936000001,4.216
32996,158.593406000001,4.47
32997,158.597955000001,4.549
32998,158.601949000001,3.994
32999,158.606795000001,4.846
33000,158.610973000001,4.178
33001,158.614680000001,3.707
33002,158.621681000001,7.001
33003,158.626131000001,4.45
33004,158.630446000001,4.315
33005,158.634092000001,3.646
33006,158.638269000001,4.177
33007,158.642596000001,4.327
33008,158.647583000001,4.987
33009,158.651197000001,3.614
33010,158.656451000001,5.254
33011,158.661020000001,4.569
33012,158.664745000001,3.725
33013,158.670995000001,6.25
33014,158.675082000001,4.087
33015,158.681749000001,6.667
33016,158.685664000001,3.915
33017,158.689784000001,4.12
33018,158.693871000001,4.087
33019,158.698511000001,4.64
33020,158.703778000001,5.267
33021,158.707935000001,4.157
33022,158.714392000001,6.457
33023,158.718536000001,4.144
33024,158.724508000001,5.972
33025,158.728860000001,4.352
33026,158.733208000001,4.348
33027,158.737141000001,3.933
33028,158.741208000001,4.067
33029,158.745537000001,4.329
33030,158.750295000001,4.758
33031,158.755617000001,5.322
33032,158.760772000001,5.155
33033,158.767452000001,6.68
33034,158.771116000001,3.664
33035,158.777288000001,6.172
33036,158.781650000001,4.362
33037,158.786747000001,5.097
33038,158.790047000001,3.3
33039,158.794280000001,4.233
33040,158.799178000001,4.898
33041,158.802597000001,3.419
33042,158.808794000001,6.197
33043,158.813022000001,4.228
33044,158.821554000001,8.532
33045,158.826408000001,4.854
33046,158.830551000001,4.143
33047,158.834530000001,3.979
33048,158.838350000001,3.82
33049,158.842489000001,4.139
33050,158.846733000001,4.244
33051,158.852044000001,5.311
33052,158.857377000001,5.333
33053,158.861636000001,4.259
33054,158.866375000001,4.739
33055,158.871952000001,5.577
33056,158.876386000001,4.434
33057,158.880314000001,3.928
33058,158.885344000001,5.03
33059,158.889725000001,4.381
33060,158.893430000001,3.705
33061,158.898130000001,4.7
33062,158.903943000001,5.813
33063,158.910618000001,6.675
33064,158.914265000001,3.647
33065,158.920801000001,6.536
33066,158.928648000001,7.847
33067,158.932353000001,3.705
33068,158.937655000001,5.302
33069,158.945108000001,7.453
33070,158.949296000001,4.188
33071,158.954068000001,4.772
33072,158.959003000001,4.935
33073,158.963246000001,4.243
33074,158.967415,4.169
33075,158.974531,7.116
33076,158.978106000001,3.575
33077,158.982069000001,3.963
33078,158.986553,4.484
33079,158.992154000001,5.601
33080,158.996718,4.564
33081,159.001220000001,4.502
33082,159.007799,6.579
33083,159.011828,4.029
33084,159.017346,5.518
33085,159.022584,5.238
33086,159.026234,3.65
33087,159.030133,3.899
33088,159.034379,4.246
33089,159.041216,6.837
33090,159.045669,4.453
33091,159.04969,4.021
33092,159.056923,7.233
33093,159.060554,3.631
33094,159.066248,5.694
33095,159.073237,6.989
33096,159.076743,3.506
33097,159.080853,4.11
33098,159.086124,5.271
33099,159.090531,4.407
33100,159.093961,3.43
33101,159.098048,4.087
33102,159.107315,9.267
33103,159.113427,6.112
33104,159.117024,3.597
33105,159.123152,6.128
33106,159.127198,4.046
33107,159.130886,3.688
33108,159.135885,4.999
33109,159.142355,6.47
33110,159.146931,4.576
33111,159.151546,4.615
33112,159.157367,5.821
33113,159.162643,5.276
33114,159.169459,6.816
33115,159.176591,7.132
33116,159.180478,3.887
33117,159.1839,3.422
33118,159.189494,5.594
33119,159.194844,5.35
33120,159.199118,4.274
33121,159.205293,6.175
33122,159.211,5.707
33123,159.215757,4.757
33124,159.222984,7.227
33125,159.226467,3.483
33126,159.230337,3.87
33127,159.235523,5.186
33128,159.242381,6.858
33129,159.246508,4.127
33130,159.256742,10.234
33131,159.262068,5.326
33132,159.265933,3.865
33133,159.271196,5.263
33134,159.274946,3.75
33135,159.278554,3.608
33136,159.283412000001,4.858
33137,159.287574000001,4.162
33138,159.293575000001,6.001
33139,159.299797000001,6.222
33140,159.303630000001,3.833
33141,159.308775000001,5.145
33142,159.312797000001,4.022
33143,159.318184000001,5.387
33144,159.322402000001,4.218
33145,159.326394000001,3.992
33146,159.331653000001,5.259
33147,159.337769000001,6.116
33148,159.343575000001,5.806
33149,159.348072000001,4.497
33150,159.354800000001,6.728
33151,159.359144000001,4.344
33152,159.364145000001,5.001
33153,159.370160000001,6.015
33154,159.375913000001,5.753
33155,159.380802000001,4.889
33156,159.384808000001,4.006
33157,159.388944,4.136
33158,159.394086,5.142
33159,159.398261000001,4.175
33160,159.401992,3.731
33161,159.407918,5.926
33162,159.412448,4.53
33163,159.416071,3.623
33164,159.420909,4.838
33165,159.425687,4.778
33166,159.42915,3.463
33167,159.433593,4.443
33168,159.437908,4.315
33169,159.442925,5.017
33170,159.447216,4.291
33171,159.451107,3.891
33172,159.457146,6.039
33173,159.460503,3.357
33174,159.464388,3.885
33175,159.46903,4.642
33176,159.47387,4.84
33177,159.477422,3.552
33178,159.481817,4.395
33179,159.486977,5.16
33180,159.495987,9.01
33181,159.499546,3.559
33182,159.503879,4.333
33183,159.508854,4.975
33184,159.512608,3.754
33185,159.517187,4.579
33186,159.522644,5.457
33187,159.527262,4.618
33188,159.530232,2.97
33189,159.53477,4.538
33190,159.539112,4.342
33191,159.543899,4.787
33192,159.547907,4.008
33193,159.552303,4.396
33194,159.558646,6.343
33195,159.562123,3.477
33196,159.567544,5.421
33197,159.571798,4.254
33198,159.576757,4.959
33199,159.580586,3.829
33200,159.5848,4.214
33201,159.591061,6.261
33202,159.594636,3.575
33203,159.598464,3.828
33204,159.604205,5.741
33205,159.609246,5.041
33206,159.612889,3.643
33207,159.617675,4.786
33208,159.622267,4.592
33209,159.627036,4.769
33210,159.630245,3.209
33211,159.63509,4.845
33212,159.639215,4.125
33213,159.644131,4.916
33214,159.648074,3.943
33215,159.654878,6.804
33216,159.660306,5.428
33217,159.66312,2.814
33218,159.667645,4.525
33219,159.67267,5.025
33220,159.677559,4.889
33221,159.681488,3.929
33222,159.686218,4.73
33223,159.691069,4.851
33224,159.695804,4.735
33225,159.699486,3.682
33226,159.703841,4.355
33227,159.709137,5.296
33228,159.712388,3.251
33229,159.716788,4.4
33230,159.723475,6.687
33231,159.728843,5.368
33232,159.733288,4.445
33233,159.737831,4.543
33234,159.742045,4.214
33235,159.746998,4.953
33236,159.751011,4.013
33237,159.757601,6.59
33238,159.762002,4.401
33239,159.765429,3.427
33240,159.772227,6.798
33241,159.775653,3.426
33242,159.779889,4.236
33243,159.78359,3.701
33244,159.788048,4.458
33245,159.792403,4.355
33246,159.797169,4.766
33247,159.801202,4.033
33248,159.806593,5.391
33249,159.810698,4.105
33250,159.814343,3.645
33251,159.818565,4.222
33252,159.824573,6.008
33253,159.82936,4.787
33254,159.832961,3.601
33255,159.839476,6.515
33256,159.844786,5.31
33257,159.848432,3.646
33258,159.85159,3.158
33259,159.856512,4.922
33260,159.861159,4.647
33261,159.866753,5.594
33262,159.872795,6.042
33263,159.876303,3.508
33264,159.880608,4.305
33265,159.884343,3.735
33266,159.889583,5.24
33267,159.893165,3.582
33268,159.897838,4.673
33269,159.901894,4.056
33270,159.908135,6.241
33271,159.912862,4.727
33272,159.916407,3.545
33273,159.9204,3.993
33274,159.925031,4.631
33275,159.929517,4.486
33276,159.933197,3.68
33277,159.93796,4.763
33278,159.944747,6.787
33279,159.949611,4.864
33280,159.95316,3.549
33281,159.95689,3.73
33282,159.962065,5.175
33283,159.965356,3.291
33284,159.970564,5.208
33285,159.974549,3.985
33286,159.978729,4.18
33287,159.982225,3.496
33288,159.987465,5.24
33289,159.990958,3.493
33290,159.996042,5.084
33291,159.99926,3.218
33292,160.005878,6.618
33293,160.009807,3.929
33294,160.013414,3.607
33295,160.017746,4.332
33296,160.022997,5.251
33297,160.026905,3.908
33298,160.030575,3.67
33299,160.035246,4.671
33300,160.041884,6.638
33301,160.04577,3.886
33302,160.049512,3.742
33303,160.055002,5.49
33304,160.058716,3.714
33305,160.06243,3.714
33306,160.066546,4.116
33307,160.073214,6.668
33308,160.077842,4.628
33309,160.081481,3.639
33310,160.085512,4.031
33311,160.090289,4.777
33312,160.094691,4.402
33313,160.098449,3.758
33314,160.103547,5.098
33315,160.109613,6.066
33316,160.112889,3.276
33317,160.117019,4.13
33318,160.122566,5.547
33319,160.126645,4.079
33320,160.130072,3.427
33321,160.13435,4.278
33322,160.142323,7.973
33323,160.146542,4.219
33324,160.149983,3.441
33325,160.155627,5.644
33326,160.159763,4.136
33327,160.163242,3.479
33328,160.167614,4.372
33329,160.175028,7.414
33330,160.179663,4.635
33331,160.183194,3.531
33332,160.188973,5.779
33333,160.192415,3.442
33334,160.197126,4.711
33335,160.200805,3.679
33336,160.207848,7.043
33337,160.212175,4.327
33338,160.215781,3.606
33339,160.221483,5.702
33340,160.224859,3.376
33341,160.22967,4.811
33342,160.233099,3.429
33343,160.237784,4.685
33344,160.243631,5.847
33345,160.248391,4.76
33346,160.251246,2.855
33347,160.255601,4.355
33348,160.260397,4.796
33349,160.263702,3.305
33350,160.267724,4.022
33351,160.274953,7.229
33352,160.279688,4.735
33353,160.282984,3.296
33354,160.288685,5.701
33355,160.29218,3.495
33356,160.296885,4.705
33357,160.302688,5.803
33358,160.306269,3.581
33359,160.311196,4.927
33360,160.314718,3.522
33361,160.321738,7.02
33362,160.326536,4.798
33363,160.330024,3.488
33364,160.333565,3.541
33365,160.338466,4.901
33366,160.341839,3.373
33367,160.346417,4.578
33368,160.350168,3.751
33369,160.356107,5.939
33370,160.36088,4.773
33371,160.364354,3.474
33372,160.369935,5.581
33373,160.373547,3.612
33374,160.37818,4.633
33375,160.381733,3.553
33376,160.387172,5.439
33377,160.390894,3.722
33378,160.397192,6.298
33379,160.401167,3.975
33380,160.405098,3.931
33381,160.409888,4.79
33382,160.413263,3.375
33383,160.422948,9.685
33384,160.4274,4.452
33385,160.431526,4.126
33386,160.435813,4.287
33387,160.439483,3.67
33388,160.443538,4.055
33389,160.452453,8.915
33390,160.455764,3.311
33391,160.460111,4.347
33392,160.465478,5.367
33393,160.469445,3.967
33394,160.475014,5.569
33395,160.479732,4.718
33396,160.486119,6.387
33397,160.490958,4.839
33398,160.494408,3.45
33399,160.501964,7.556
33400,160.505466,3.502
33401,160.511222,5.756
33402,160.515661,4.439
33403,160.521807,6.146
33404,160.52776,5.953
33405,160.537924,10.164
33406,160.543373,5.449
33407,160.547015,3.642
33408,160.552281,5.266
33409,160.557231,4.95
33410,160.560694,3.463
33411,160.565102,4.408
33412,160.569206,4.104
33413,160.574401,5.195
33414,160.577822,3.421
33415,160.584134,6.312
33416,160.589297,5.163
33417,160.592518,3.221
33418,160.599044,6.526
33419,160.603722,4.678
33420,160.60726,3.538
33421,160.61357,6.31
33422,160.618297,4.727
33423,160.624117,5.82
33424,160.627977,3.86
33425,160.633029000001,5.052
33426,160.637463000001,4.434
33427,160.642605000001,5.142
33428,160.647065000001,4.46
33429,160.652309000001,5.244
33430,160.655961000001,3.652
33431,160.660029,4.068
33432,160.664541,4.512
33433,160.669601,5.06
33434,160.673248,3.647
33435,160.677607,4.359
33436,160.682755,5.148
33437,160.687752,4.997
33438,160.692341,4.589
33439,160.697512,5.171
33440,160.701265,3.753
33441,160.707101,5.836
33442,160.711387,4.286
33443,160.716619,5.232
33444,160.721992,5.373
33445,160.726283,4.291
33446,160.731413,5.13
33447,160.736588,5.175
33448,160.740936,4.348
33449,160.745224,4.288
33450,160.750549,5.325
33451,160.755412,4.863
33452,160.760748,5.336
33453,160.76715,6.402
33454,160.772562,5.412
33455,160.77645,3.888
33456,160.781178,4.728
33457,160.789737,8.559
33458,160.79891,9.173
33459,160.807077,8.167
33460,160.812396,5.319
33461,160.818321,5.925
33462,160.824551,6.23
33463,160.834717,10.166
33464,160.838212,3.495
33465,160.844282,6.07
33466,160.849956,5.674
33467,160.855576,5.62
33468,160.862689,7.113
33469,160.866757,4.068
33470,160.871973,5.216
33471,160.875627,3.654
33472,160.881971,6.344
33473,160.887284,5.313
33474,160.890752,3.468
33475,160.897291,6.539
33476,160.9025,5.209
33477,160.90818,5.68
33478,160.912232,4.052
33479,160.91712,4.888
33480,160.921017,3.897
33481,160.925272,4.255
33482,160.931056,5.784
33483,160.936883,5.827
33484,160.941247,4.364
33485,160.946099,4.852
33486,160.949954,3.855
33487,160.954063,4.109
33488,160.960691,6.628
33489,160.964858,4.167
33490,160.969078,4.22
33491,160.974033,4.955
33492,160.978035,4.002
33493,160.984252,6.217
33494,160.989357,5.105
33495,160.992969,3.612
33496,160.997737,4.768
33497,161.001935,4.198
33498,161.008648,6.713
33499,161.012528,3.88
33500,161.016972,4.444
33501,161.021271,4.299
33502,161.026291,5.02
33503,161.032297,6.006
33504,161.038055,5.758
33505,161.043584,5.529
33506,161.047205,3.621
33507,161.051963,4.758
33508,161.057864,5.901
33509,161.063196,5.332
33510,161.066667,3.471
33511,161.071217,4.55
33512,161.075428,4.211
33513,161.082298,6.87
33514,161.086389,4.091
33515,161.090392,4.003
33516,161.096201,5.809
33517,161.099747,3.546
33518,161.105391,5.644
33519,161.109652,4.261
33520,161.114777,5.125
33521,161.118658,3.881
33522,161.123082,4.424
33523,161.129318,6.236
33524,161.134411,5.093
33525,161.13801,3.599
33526,161.142584,4.574
33527,161.147741,5.157
33528,161.153254,5.513
33529,161.157634,4.38
33530,161.162256,4.622
33531,161.167389,5.133
33532,161.171436,4.047
33533,161.177415,5.979
33534,161.182536,5.121
33535,161.18642,3.884
33536,161.19099,4.57
33537,161.195586,4.596
33538,161.200459,4.873
33539,161.204333,3.874
33540,161.208925,4.592
33541,161.214842,5.917
33542,161.220354,5.512
33543,161.224194,3.84
33544,161.229001,4.807
33545,161.236089,7.088
33546,161.240098,4.009
33547,161.244838,4.74
33548,161.251699,6.861
33549,161.255462,3.763
33550,161.259609,4.147
33551,161.26419,4.581
33552,161.26933,5.14
33553,161.274939,5.609
33554,161.279405,4.466
33555,161.284491,5.086
33556,161.288187,3.696
33557,161.292801,4.614
33558,161.297201,4.4
33559,161.302318,5.117
33560,161.306007,3.689
33561,161.310591,4.584
33562,161.316004,5.413
33563,161.321542,5.538
33564,161.325531,3.989
33565,161.329915,4.384
33566,161.335402,5.487
33567,161.338749,3.347
33568,161.344928,6.179
33569,161.349762,4.834
33570,161.353487,3.725
33571,161.357688,4.201
33572,161.362098,4.41
33573,161.367077,4.979
33574,161.370734,3.657
33575,161.374846,4.112
33576,161.37945,4.604
33577,161.384214,4.764
33578,161.389595,5.381
33579,161.393914,4.319
33580,161.398888,4.974
33581,161.402572,3.684
33582,161.406941,4.369
33583,161.413163,6.222
33584,161.421208,8.045
33585,161.424188,2.98
33586,161.428044,3.856
33587,161.432997,4.953
33588,161.43849,5.493
33589,161.442668,4.178
33590,161.447285,4.617
33591,161.452272,4.987
33592,161.455668,3.396
33593,161.462007,6.339
33594,161.466801,4.794
33595,161.470674,3.873
33596,161.474782,4.108
33597,161.479414,4.632
33598,161.484113,4.699
33599,161.487806,3.693
33600,161.491988,4.182
33601,161.498129,6.141
33602,161.501815,3.686
33603,161.50777,5.955
33604,161.512279,4.509
33605,161.518679,6.4
33606,161.522667,3.988
33607,161.52734,4.673
33608,161.534142,6.802
33609,161.53779,3.648
33610,161.541891,4.101
33611,161.546224,4.333
33612,161.551429,5.205
33613,161.556642,5.213
33614,161.561176,4.534
33615,161.566196,5.02
33616,161.571193,4.997
33617,161.573815,2.622
33618,161.580107,6.292
33619,161.585441,5.334
33620,161.588477,3.036
33621,161.592866,4.389
33622,161.598321,5.455
33623,161.60368,5.359
33624,161.607881,4.201
33625,161.612753,4.872
33626,161.617668,4.915
33627,161.621014,3.346
33628,161.627029,6.015
33629,161.632556,5.527
33630,161.637458,4.902
33631,161.641879,4.421
33632,161.646384,4.505
33633,161.653115,6.731
33634,161.656645,3.53
33635,161.661189,4.544
33636,161.665984,4.795
33637,161.669497,3.513
33638,161.675588,6.091
33639,161.679862,4.274
33640,161.687195,7.333
33641,161.690336,3.141
33642,161.694749,4.413
33643,161.699839,5.09
33644,161.703279,3.44
33645,161.709317,6.038
33646,161.713685,4.368
33647,161.71875,5.065
33648,161.722252,3.502
33649,161.726482,4.23
33650,161.73219,5.708
33651,161.737229,5.039
33652,161.741613,4.384
33653,161.746175,4.562
33654,161.751263,5.088
33655,161.756411,5.148
33656,161.760624,4.213
33657,161.765651,5.027
33658,161.769533,3.882
33659,161.77384,4.307
33660,161.779815,5.975
33661,161.785014,5.199
33662,161.788802,3.788
33663,161.792912,4.11
33664,161.797795,4.883
33665,161.803241,5.446
33666,161.807563,4.322
33667,161.812106,4.543
33668,161.817259,5.153
33669,161.82074,3.481
33670,161.826961,6.221
33671,161.83211,5.149
33672,161.836735,4.625
33673,161.840196,3.461
33674,161.844469,4.273
33675,161.851165,6.696
33676,161.85486,3.695
33677,161.859318,4.458
33678,161.86422,4.902
33679,161.868094,3.874
33680,161.874072,5.978
33681,161.878688,4.616
33682,161.883349,4.661
33683,161.887206,3.857
33684,161.891555,4.349
33685,161.896384,4.829
33686,161.902865,6.481
33687,161.906295,3.43
33688,161.911362,5.067
33689,161.916462,5.1
33690,161.921966,5.504
33691,161.92623,4.264
33692,161.930574,4.344
33693,161.936455,5.881
33694,161.94054,4.085
33695,161.945391,4.851
33696,161.950672,5.281
33697,161.953992,3.32
33698,161.958122,4.13
33699,161.962674,4.552
33700,161.96775,5.076
33701,161.971818,4.068
33702,161.975432,3.614
33703,161.980823,5.391
33704,161.984396,3.573
33705,161.990138,5.742
33706,161.994457,4.319
33707,162.000924,6.467
33708,162.005175,4.251
33709,162.009485,4.31
33710,162.016101,6.616
33711,162.019842,3.741
33712,162.024072,4.23
33713,162.028617,4.545
33714,162.035065,6.448
33715,162.039228,4.163
33716,162.046291,7.063
33717,162.051018,4.727
33718,162.054716,3.698
33719,162.059018,4.302
33720,162.065168,6.15
33721,162.070152,4.984
33722,162.073786,3.634
33723,162.078171000001,4.385
33724,162.083319000001,5.148
33725,162.088733000001,5.414
33726,162.093100000001,4.367
33727,162.098069,4.969
33728,162.10374,5.671
33729,162.106864000001,3.124
33730,162.112606000001,5.742
33731,162.117610000001,5.004
33732,162.121328000001,3.718
33733,162.125814000001,4.486
33734,162.130556000001,4.742
33735,162.136705000001,6.149
33736,162.141171000001,4.466
33737,162.145708000001,4.537
33738,162.150895000001,5.187
33739,162.154364000001,3.469
33740,162.160497000001,6.133
33741,162.164950000001,4.453
33742,162.170000000001,5.05
33743,162.173682000001,3.682
33744,162.177983000001,4.301
33745,162.185123000001,7.14
33746,162.188944000001,3.821
33747,162.193093000001,4.149
33748,162.197561000001,4.468
33749,162.202527000001,4.966
33750,162.207866000001,5.339
33751,162.212332000001,4.466
33752,162.217773000001,5.441
33753,162.222215000001,4.442
33754,162.227343000001,5.128
33755,162.233492000001,6.149
33756,162.239626000001,6.134
33757,162.243959000001,4.333
33758,162.248674000001,4.715
33759,162.255390000001,6.716
33760,162.258592000001,3.202
33761,162.263127000001,4.535
33762,162.267972000001,4.845
33763,162.271805000001,3.833
33764,162.275254000001,3.449
33765,162.281330000001,6.076
33766,162.286131000001,4.801
33767,162.289628000001,3.497
33768,162.293809000001,4.181
33769,162.299159000001,5.35
33770,162.305602000001,6.443
33771,162.308830000001,3.228
33772,162.313192,4.362
33773,162.318888,5.696
33774,162.322916000001,4.028
33775,162.327797000001,4.881
33776,162.332063000001,4.266
33777,162.337644000001,5.581
33778,162.340526000001,2.882
33779,162.344724000001,4.198
33780,162.350003000001,5.279
33781,162.354716000001,4.713
33782,162.359417000001,4.701
33783,162.363728000001,4.311
33784,162.368439000001,4.711
33785,162.373790000001,5.351
33786,162.377969000001,4.179
33787,162.382795000001,4.826
33788,162.386713000001,3.918
33789,162.390836000001,4.123
33790,162.397114000001,6.278
33791,162.401700000001,4.586
33792,162.405258000001,3.558
33793,162.409417000001,4.159
33794,162.414932000001,5.515
33795,162.420073000001,5.141
33796,162.423804000001,3.731
33797,162.428164,4.36
33798,162.433078000001,4.914
33799,162.436576000001,3.498
33800,162.442481000001,5.905
33801,162.447477000001,4.996
33802,162.450906000001,3.429
33803,162.455288000001,4.382
33804,162.459381000001,4.093
33805,162.466193000001,6.812
33806,162.469728000001,3.535
33807,162.474023000001,4.295
33808,162.478221000001,4.198
33809,162.484888000001,6.667
33810,162.488767000001,3.879
33811,162.492679000001,3.912
33812,162.497841000001,5.162
33813,162.501365000001,3.524
33814,162.505543000001,4.178
33815,162.511603000001,6.06
33816,162.517830000001,6.227
33817,162.522029000001,4.199
33818,162.526511000001,4.482
33819,162.531521000001,5.01
33820,162.536881000001,5.36
33821,162.541204000001,4.323
33822,162.547450000001,6.246
33823,162.551755000001,4.305
33824,162.555290000001,3.535
33825,162.561521000001,6.231
33826,162.566283000001,4.762
33827,162.570044000001,3.761
33828,162.574208000001,4.164
33829,162.578734000001,4.526
33830,162.583716000001,4.982
33831,162.587383000001,3.667
33832,162.591325000001,3.942
33833,162.595999000001,4.674
33834,162.600849000001,4.85
33835,162.606058000001,5.209
33836,162.610300000001,4.242
33837,162.615528000001,5.228
33838,162.621038000001,5.51
33839,162.625313000001,4.275
33840,162.631398000001,6.085
33841,162.636323000001,4.925
33842,162.639756000001,3.433
33843,162.644156000001,4.4
33844,162.649178000001,5.022
33845,162.654575000001,5.397
33846,162.658885000001,4.31
33847,162.663613000001,4.728
33848,162.668352000001,4.739
33849,162.671867000001,3.515
33850,162.677869000001,6.002
33851,162.683254000001,5.385
33852,162.686539000001,3.285
33853,162.690831000001,4.292
33854,162.695389000001,4.558
33855,162.700857000001,5.468
33856,162.704375000001,3.518
33857,162.710205000001,5.83
33858,162.715358000001,5.153
33859,162.720977000001,5.619
33860,162.725328000001,4.351
33861,162.729695000001,4.367
33862,162.734463000001,4.768
33863,162.738170000001,3.707
33864,162.742331000001,4.161
33865,162.750005000001,7.674
33866,162.753044000001,3.039
33867,162.757134000001,4.09
33868,162.761541000001,4.407
33869,162.766506000001,4.965
33870,162.771715000001,5.209
33871,162.776025000001,4.31
33872,162.781177000001,5.152
33873,162.785134000001,3.957
33874,162.788692000001,3.558
33875,162.792915000001,4.223
33876,162.798001000001,5.086
33877,162.801891000001,3.89
33878,162.805882000001,3.991
33879,162.812169000001,6.287
33880,162.817083000001,4.914
33881,162.822280000001,5.197
33882,162.826335000001,4.055
33883,162.831811000001,5.476
33884,162.836672000001,4.861
33885,162.841015000001,4.343
33886,162.845727000001,4.712
33887,162.851076000001,5.349
33888,162.855271000001,4.195
33889,162.859315000001,4.044
33890,162.866469000001,7.154
33891,162.869804000001,3.335
33892,162.873749000001,3.945
33893,162.878072000001,4.323
33894,162.882965000001,4.893
33895,162.886572000001,3.607
33896,162.890528000001,3.956
33897,162.895019000001,4.491
33898,162.900617000001,5.598
33899,162.905313000001,4.696
33900,162.909360000001,4.047
33901,162.916502000001,7.142
33902,162.919925000001,3.423
33903,162.923657000001,3.732
33904,162.927875000001,4.218
33905,162.933135000001,5.26
33906,162.938184000001,5.049
33907,162.942474000001,4.29
33908,162.949452000001,6.978
33909,162.952878000001,3.426
33910,162.958463000001,5.585
33911,162.962655000001,4.192
33912,162.967596000001,4.941
33913,162.970951000001,3.355
33914,162.975151000001,4.2
33915,162.979245000001,4.094
33916,162.985471000001,6.226
33917,162.988939000001,3.468
33918,162.992663000001,3.724
33919,162.999779000001,7.116
33920,163.003270000001,3.491
33921,163.009036000001,5.766
33922,163.013224000001,4.188
33923,163.017886000001,4.662
33924,163.021535000001,3.649
33925,163.025711000001,4.176
33926,163.029815000001,4.104
33927,163.035097000001,5.282
33928,163.039998000001,4.901
33929,163.043987000001,3.989
33930,163.050855000001,6.868
33931,163.054347000001,3.492
33932,163.058547000001,4.2
33933,163.062782000001,4.235
33934,163.068157000001,5.375
33935,163.071513000001,3.356
33936,163.075769000001,4.256
33937,163.080831000001,5.062
33938,163.084788000001,3.957
33939,163.090642000001,5.854
33940,163.094987000001,4.345
33941,163.101788000001,6.801
33942,163.105154000001,3.366
33943,163.109394000001,4.24
33944,163.114351000001,4.957
33945,163.118195000001,3.844
33946,163.122018000001,3.823
33947,163.126270000001,4.252
33948,163.133346000001,7.076
33949,163.138325000001,4.979
33950,163.142551000001,4.226
33951,163.147518000001,4.967
33952,163.151644000001,4.126
33953,163.155236000001,3.592
33954,163.159398000001,4.162
33955,163.164701000001,5.303
33956,163.170050000001,5.349
33957,163.173704000001,3.654
33958,163.178847000001,5.143
33959,163.185693000001,6.846
33960,163.188979000001,3.286
33961,163.195284000001,6.305
33962,163.201428000001,6.144
33963,163.206214000001,4.786
33964,163.209996000001,3.782
33965,163.214389000001,4.393
33966,163.219206000001,4.817
33967,163.222718000001,3.512
33968,163.228656000001,5.938
33969,163.233881000001,5.225
33970,163.239243000001,5.362
33971,163.243087000001,3.844
33972,163.247378000001,4.291
33973,163.252208000001,4.83
33974,163.255696000001,3.488
33975,163.260116000001,4.42
33976,163.266969000001,6.853
33977,163.271877000001,4.908
33978,163.276744000001,4.867
33979,163.283015000001,6.271
33980,163.287772000001,4.757
33981,163.293194000001,5.422
33982,163.297656000001,4.462
33983,163.302520000001,4.864
33984,163.305970000001,3.45
33985,163.310193000001,4.223
33986,163.314640000001,4.447
33987,163.321134000001,6.494
33988,163.324645000001,3.511
33989,163.328888000001,4.243
33990,163.336791000001,7.903
33991,163.341016000001,4.225
33992,163.345596000001,4.58
33993,163.350951000001,5.355
33994,163.355684000001,4.733
33995,163.359267000001,3.583
33996,163.364963000001,5.696
33997,163.370208000001,5.245
33998,163.373773000001,3.565
33999,163.379802000001,6.029
34000,163.385155000001,5.353
34001,163.390878000001,5.723
34002,163.394559000001,3.681
34003,163.399477000001,4.918
34004,163.404146000001,4.669
34005,163.407376000001,3.23
34006,163.411654000001,4.278
34007,163.417670000001,6.016
34008,163.423369000001,5.699
34009,163.426883000001,3.514
34010,163.433170000001,6.287
34011,163.438081000001,4.911
34012,163.441653000001,3.572
34013,163.445866000001,4.213
34014,163.450510000001,4.644
34015,163.456034000001,5.524
34016,163.459673000001,3.639
34017,163.463446000001,3.773
34018,163.468971000001,5.525
34019,163.474036000001,5.065
34020,163.478169000001,4.133
34021,163.484963000001,6.794
34022,163.489705000001,4.742
34023,163.492916000001,3.211
34024,163.497422000001,4.506
34025,163.502274000001,4.852
34026,163.506157000001,3.883
34027,163.510328000001,4.171
34028,163.516804000001,6.476
34029,163.522329000001,5.525
34030,163.526745000001,4.416
34031,163.531102000001,4.357
34032,163.536095000001,4.993
34033,163.539786000001,3.691
34034,163.543864000001,4.078
34035,163.548589000001,4.725
34036,163.553820000001,5.231
34037,163.557273000001,3.453
34038,163.561575000001,4.302
34039,163.568138000001,6.563
34040,163.571340000001,3.202
34041,163.577396000001,6.056
34042,163.581950000001,4.554
34043,163.587810000001,5.86
34044,163.590875000001,3.065
34045,163.594585000001,3.71
34046,163.601526000001,6.941
34047,163.604901000001,3.375
34048,163.610952000001,6.051
34049,163.615443000001,4.491
34050,163.622078000001,6.635
34051,163.625870000001,3.792
34052,163.630253000001,4.383
34053,163.635217000001,4.964
34054,163.638916000001,3.699
34055,163.643146000001,4.23
34056,163.647580000001,4.434
34057,163.654698000001,7.118
34058,163.658059000001,3.361
34059,163.664377000001,6.318
34060,163.669127000001,4.75
34061,163.674660000001,5.533
34062,163.679083000001,4.423
34063,163.684193000001,5.11
34064,163.689244000001,5.051
34065,163.692214000001,2.97
34066,163.696619000001,4.405
34067,163.701688000001,5.069
34068,163.707016000001,5.328
34069,163.711467000001,4.451
34070,163.720506000001,9.039
34071,163.725936000001,5.43
34072,163.728892000001,2.956
34073,163.733211000001,4.319
34074,163.738252000001,5.041
34075,163.742059000001,3.807
34076,163.746413000001,4.354
34077,163.752670000001,6.257
34078,163.757359000001,4.689
34079,163.762713000001,5.354
34080,163.767268000001,4.555
34081,163.774081000001,6.813
34082,163.777874000001,3.793
34083,163.783823000001,5.949
34084,163.789344000001,5.521
34085,163.792694000001,3.35
34086,163.797271000001,4.577
34087,163.801451000001,4.18
34088,163.807860000001,6.409
34089,163.811714000001,3.854
34090,163.820170000001,8.456
34091,163.824640000001,4.47
34092,163.828463000001,3.823
34093,163.833021000001,4.558
34094,163.837751000001,4.73
34095,163.841485000001,3.734
34096,163.845687000001,4.202
34097,163.852215000001,6.528
34098,163.856689000001,4.474
34099,163.862005000001,5.316
34100,163.866336000001,4.331
34101,163.872963000001,6.627
34102,163.876639000001,3.676
34103,163.881423000001,4.784
34104,163.887145000001,5.722
34105,163.891707000001,4.562
34106,163.896080000001,4.373
34107,163.900508000001,4.428
34108,163.907021000001,6.513
34109,163.910768000001,3.747
34110,163.918400000001,7.632
34111,163.924025000001,5.625
34112,163.927528000001,3.503
34113,163.932141000001,4.613
34114,163.937599000001,5.458
34115,163.940806000001,3.207
34116,163.944944000001,4.138
34117,163.949879000001,4.935
34118,163.954701000001,4.822
34119,163.959991000001,5.29
34120,163.964483000001,4.492
34121,163.969970000001,5.487
34122,163.974021000001,4.051
34123,163.979390000001,5.369
34124,163.984321000001,4.931
34125,163.988064000001,3.743
34126,163.992212000001,4.148
34127,163.996382000001,4.17
34128,164.002427000001,6.045
34129,164.006776000001,4.349
34130,164.011046000001,4.27
34131,164.016561000001,5.515
34132,164.020057000001,3.496
34133,164.023772000001,3.715
34134,164.027629000001,3.857
34135,164.035386000001,7.757
34136,164.039727000001,4.341
34137,164.043078000001,3.351
34138,164.049927000001,6.849
34139,164.054930000001,5.003
34140,164.058784000001,3.854
34141,164.066187000001,7.403
34142,164.069635000001,3.448
34143,164.073217000001,3.582
34144,164.077399000001,4.182
34145,164.082729000001,5.33
34146,164.086823000001,4.094
34147,164.090779000001,3.956
34148,164.097581000001,6.802
34149,164.104130000001,6.549
34150,164.107393000001,3.263
34151,164.113028000001,5.635
34152,164.117954000001,4.926
34153,164.121538000001,3.584
34154,164.125673000001,4.135
34155,164.130769000001,5.096
34156,164.135789000001,5.02
34157,164.140637000001,4.848
34158,164.145123000001,4.486
34159,164.152002000001,6.879
34160,164.155368000001,3.366
34161,164.161535000001,6.167
34162,164.166726000001,5.191
34163,164.170139000001,3.413
34164,164.173970000001,3.831
34165,164.178140000001,4.17
34166,164.184028000001,5.888
34167,164.187077000001,3.049
34168,164.192773000001,5.696
34169,164.197936000001,5.163
34170,164.204266000001,6.33
34171,164.207314000001,3.048
34172,164.211632000001,4.318
34173,164.216978000001,5.346
34174,164.220167000001,3.189
34175,164.224190000001,4.023
34176,164.228781000001,4.591
34177,164.234103000001,5.322
34178,164.238761000001,4.658
34179,164.243294000001,4.533
34180,164.248818000001,5.524
34181,164.252196000001,3.378
34182,164.255704000001,3.508
34183,164.260598000001,4.894
34184,164.263992000001,3.394
34185,164.269348000001,5.356
34186,164.272879000001,3.531
34187,164.277666000001,4.787
34188,164.282980000001,5.314
34189,164.287112000001,4.132
34190,164.293850000001,6.738
34191,164.297316000001,3.466
34192,164.302375000001,5.059
34193,164.306232000001,3.857
34194,164.310686000001,4.454
34195,164.314141000001,3.455
34196,164.319217000001,5.076
34197,164.323915000001,4.698
34198,164.327534000001,3.619
34199,164.333330000001,5.796
34200,164.338198000001,4.868
34201,164.343946000001,5.748
34202,164.348113000001,4.167
34203,164.352904000001,4.791
34204,164.359013000001,6.109
34205,164.364543000001,5.53
34206,164.368561000001,4.018
34207,164.374252000001,5.691
34208,164.379159000001,4.907
34209,164.384348000001,5.189
34210,164.388478000001,4.13
34211,164.394918000001,6.44
34212,164.399543000001,4.625
34213,164.404717000001,5.174
34214,164.408521000001,3.804
34215,164.415655000001,7.134
34216,164.418832000001,3.177
34217,164.424518000001,5.686
34218,164.429311000001,4.793
34219,164.437691000001,8.38
34220,164.442035000001,4.344
34221,164.445019000001,2.984
34222,164.450071000001,5.052
34223,164.455238000001,5.167
34224,164.459191000001,3.953
34225,164.466465000001,7.274
34226,164.469909000001,3.444
34227,164.475132000001,5.223
34228,164.479295000001,4.163
34229,164.486493000001,7.198
34230,164.489559000001,3.066
34231,164.495081000001,5.522
34232,164.500046000001,4.965
34233,164.505164000001,5.118
34234,164.509275000001,4.111
34235,164.516046000001,6.771
34236,164.519268000001,3.222
34237,164.525159000001,5.891
34238,164.529412000001,4.253
34239,164.536002000001,6.59
34240,164.539441000001,3.439
34241,164.545276000001,5.835
34242,164.551357000001,6.081
34243,164.555689000001,4.332
34244,164.559632000001,3.943
34245,164.566136000001,6.504
34246,164.569479000001,3.343
34247,164.575223000001,5.744
34248,164.579365000001,4.142
34249,164.586031000001,6.666
34250,164.589412000001,3.381
34251,164.595251000001,5.839
34252,164.600354000001,5.103
34253,164.605528000001,5.174
34254,164.609531000001,4.003
34255,164.618611000001,9.08
34256,164.623093000001,4.482
34257,164.626184000001,3.091
34258,164.630009000001,3.825
34259,164.636620000001,6.611
34260,164.640542000001,3.922
34261,164.646054000001,5.512
34262,164.650969000001,4.915
34263,164.656180000001,5.211
34264,164.660344000001,4.164
34265,164.666961000001,6.617
34266,164.670572000001,3.611
34267,164.676437000001,5.865
34268,164.680738000001,4.301
34269,164.687145000001,6.407
34270,164.690957000001,3.812
34271,164.696776000001,5.819
34272,164.702319000001,5.543
34273,164.707085000001,4.766
34274,164.710994000001,3.909
34275,164.718400000001,7.406
34276,164.722453000001,4.053
34277,164.727230000001,4.777
34278,164.731615000001,4.385
34279,164.738090000001,6.475
34280,164.741726000001,3.636
34281,164.747903000001,6.177
34282,164.752749000001,4.846
34283,164.757825000001,5.076
34284,164.762181000001,4.356
34285,164.768897000001,6.716
34286,164.772297000001,3.4
34287,164.778280000001,5.983
34288,164.782645000001,4.365
34289,164.789204000001,6.559
34290,164.792899000001,3.695
34291,164.798991000001,6.092
34292,164.804006000001,5.015
34293,164.809139000001,5.133
34294,164.813844000001,4.705
34295,164.820338000001,6.494
34296,164.824333000001,3.995
34297,164.829931000001,5.598
34298,164.834296000001,4.365
34299,164.840803000001,6.507
34300,164.844870000001,4.067
34301,164.850695000001,5.825
34302,164.855719000001,5.024
34303,164.860721000001,5.002
34304,164.865352000001,4.631
34305,164.871634000001,6.282
34306,164.875286000001,3.652
34307,164.881652000001,6.366
34308,164.885927000001,4.275
34309,164.892225000001,6.298
34310,164.895794000001,3.569
34311,164.901721000001,5.927
34312,164.906763000001,5.042
34313,164.912030000001,5.267
34314,164.916408000001,4.378
34315,164.923319000001,6.911
34316,164.926660000001,3.341
34317,164.932711000001,6.051
34318,164.936993000001,4.282
34319,164.943427000001,6.434
34320,164.947398000001,3.971
34321,164.953245000001,5.847
34322,164.958337000001,5.092
34323,164.963548000001,5.211
34324,164.967905000001,4.357
34325,164.974488000001,6.583
34326,164.978125000001,3.637
34327,164.984514000001,6.389
34328,164.989429000001,4.915
34329,164.994423000001,4.994
34330,164.998989000001,4.566
34331,165.005483000001,6.494
34332,165.009295000001,3.812
34333,165.015445000001,6.15
34334,165.023302000001,7.857
34335,165.027868000001,4.566
34336,165.032565000001,4.697
34337,165.038324000001,5.759
34338,165.041995000001,3.671
34339,165.048304000001,6.309
34340,165.053743000001,5.439
34341,165.058390000001,4.647
34342,165.062836000001,4.446
34343,165.069439000001,6.603
34344,165.073094000001,3.655
34345,165.079109000001,6.015
34346,165.084208000001,5.099
34347,165.089506000001,5.298
34348,165.093663000001,4.157
34349,165.100593000001,6.93
34350,165.104032000001,3.439
34351,165.109755000001,5.723
34352,165.115153000001,5.398
34353,165.119941000001,4.788
34354,165.124175000001,4.234
34355,165.130668000001,6.493
34356,165.135209000001,4.541
34357,165.140662000001,5.453
34358,165.144245000001,3.583
34359,165.151092000001,6.847
34360,165.154492000001,3.4
34361,165.160355000001,5.863
34362,165.165835000001,5.48
34363,165.170712000001,4.877
34364,165.174811000001,4.099
34365,165.182055000001,7.244
34366,165.184860000001,2.805
34367,165.190957000001,6.097
34368,165.194939000001,3.982
34369,165.201878000001,6.939
34370,165.205007000001,3.129
34371,165.210954000001,5.947
34372,165.215919000001,4.965
34373,165.221156000001,5.237
34374,165.225264000001,4.108
34375,165.232218000001,6.954
34376,165.236446000001,4.228
34377,165.241362000001,4.916
34378,165.245499000001,4.137
34379,165.252012000001,6.513
34380,165.255508000001,3.496
34381,165.261625000001,6.117
34382,165.266620000001,4.995
34383,165.271869000001,5.249
34384,165.275915000001,4.046
34385,165.282911000001,6.996
34386,165.286030000001,3.119
34387,165.292020000001,5.99
34388,165.296124000001,4.104
34389,165.302804000001,6.68
34390,165.306282000001,3.478
34391,165.312136000001,5.854
34392,165.317106000001,4.97
34393,165.322437000001,5.331
34394,165.326533000001,4.096
34395,165.333385000001,6.852
34396,165.338299000001,4.914
34397,165.342514000001,4.215
34398,165.347882000001,5.368
34399,165.352519000001,4.637
34400,165.356789000001,4.27
34401,165.362794000001,6.005
34402,165.367841000001,5.047
34403,165.372932000001,5.091
34404,165.377196000001,4.264
34405,165.384012000001,6.816
34406,165.387147000001,3.135
34407,165.393004000001,5.857
34408,165.399324000001,6.32
34409,165.402238000001,2.914
34410,165.407812000001,5.574
34411,165.412045000001,4.233
34412,165.417145000001,5.1
34413,165.420715000001,3.57
34414,165.424684000001,3.969
34415,165.430004000001,5.32
34416,165.433348000001,3.344
34417,165.438071000001,4.723
34418,165.443183000001,5.112
34419,165.445915000001,2.732
34420,165.450468000001,4.553
34421,165.454596000001,4.128
34422,165.459365000001,4.769
34423,165.463089000001,3.724
34424,165.467732000001,4.643
34425,165.474098000001,6.366
34426,165.477397000001,3.299
34427,165.483503000001,6.106
34428,165.487482000001,3.979
34429,165.492195000001,4.713
34430,165.495695000001,3.5
34431,165.501140000001,5.445
34432,165.505695000001,4.555
34433,165.508960000001,3.265
34434,165.513399000001,4.439
34435,165.517489000001,4.09
34436,165.524117000001,6.628
34437,165.527327000001,3.21
34438,165.532153000001,4.826
34439,165.536721000001,4.568
34440,165.541184000001,4.463
34441,165.544487000001,3.303
34442,165.549125000001,4.638
34443,165.552959000001,3.834
34444,165.557730000001,4.771
34445,165.563346000001,5.616
34446,165.568736000001,5.39
34447,165.573326000001,4.59
34448,165.579322000001,5.996
34449,165.584116000001,4.794
34450,165.587931000001,3.815
34451,165.592028000001,4.097
34452,165.597014000001,4.986
34453,165.600377000001,3.363
34454,165.604378000001,4.001
34455,165.608441000001,4.063
34456,165.615389000001,6.948
34457,165.618287000001,2.898
34458,165.622273000001,3.986
34459,165.626235000001,3.962
34460,165.632069000001,5.834
34461,165.635219000001,3.15
34462,165.639592000001,4.373
34463,165.643141000001,3.549
34464,165.648578000001,5.437
34465,165.653348000001,4.77
34466,165.658093000001,4.745
34467,165.665044000001,6.951
34468,165.668107000001,3.063
34469,165.672210000001,4.103
34470,165.676221000001,4.011
34471,165.681294000001,5.073
34472,165.685122000001,3.828
34473,165.688526000001,3.404
34474,165.692688000001,4.162
34475,165.697651000001,4.963
34476,165.702779000001,5.128
34477,165.705993000001,3.214
34478,165.710177000001,4.184
34479,165.715082000001,4.905
34480,165.721460000001,6.378
34481,165.725188000001,3.728
34482,165.731578000001,6.39
34483,165.734625000001,3.047
34484,165.738672000001,4.047
34485,165.744704000001,6.032
34486,165.749408000001,4.704
34487,165.754902000001,5.494
34488,165.758884000001,3.982
34489,165.763028000001,4.144
34490,165.768165000001,5.137
34491,165.771300000001,3.135
34492,165.775602000001,4.302
34493,165.779524000001,3.922
34494,165.785208000001,5.684
34495,165.789229000001,4.021
34496,165.794893000001,5.664
34497,165.799367000001,4.474
34498,165.803010000001,3.643
34499,165.807162000001,4.152
34500,165.811543000001,4.381
34501,165.816845000001,5.302
34502,165.822026000001,5.181
34503,165.825715000001,3.689
34504,165.829447000001,3.732
34505,165.836463000001,7.016
34506,165.839551000001,3.088
34507,165.845625000001,6.074
34508,165.850279000001,4.654
34509,165.855277000001,4.998
34510,165.859274000001,3.997
34511,165.864764000001,5.49
34512,165.869894000001,5.13
34513,165.874109000001,4.215
34514,165.878473000001,4.364
34515,165.885010000001,6.537
34516,165.891949000001,6.939
34517,165.896261000001,4.312
34518,165.901495000001,5.234
34519,165.905890000001,4.395
34520,165.909396000001,3.506
34521,165.915880000001,6.484
34522,165.919501000001,3.621
34523,165.924736000001,5.235
34524,165.932918000001,8.182
34525,165.940823000001,7.905
34526,165.945113000001,4.29
34527,165.949655000001,4.542
34528,165.956976000001,7.321
34529,165.962162000001,5.186
34530,165.966738000001,4.576
34531,165.970647000001,3.909
34532,165.974222000001,3.575
34533,165.978445000001,4.223
34534,165.984529000001,6.084
34535,165.987725000001,3.196
34536,165.991863000001,4.138
34537,165.997260000001,5.397
34538,166.000638000001,3.378
34539,166.004278000001,3.64
34540,166.009437000001,5.159
34541,166.012676000001,3.239
34542,166.018603000001,5.927
34543,166.023377000001,4.774
34544,166.027129000001,3.752
34545,166.032560000001,5.431
34546,166.036481000001,3.921
34547,166.040763000001,4.282
34548,166.046544000001,5.781
34549,166.050221000001,3.677
34550,166.054291000001,4.07
34551,166.058961000001,4.67
34552,166.062419000001,3.458
34553,166.068643000001,6.224
34554,166.073178000001,4.535
34555,166.076774000001,3.596
34556,166.082189000001,5.415
34557,166.085652000001,3.463
34558,166.090382000001,4.73
34559,166.094103000001,3.721
34560,166.100782000001,6.679
34561,166.104808000001,4.026
34562,166.110002000001,5.194
34563,166.114472000001,4.47
34564,166.118223000001,3.751
34565,166.122991000001,4.768
34566,166.126646000001,3.655
34567,166.132354000001,5.708
34568,166.136525000001,4.171
34569,166.140143000001,3.618
34570,166.143671000001,3.528
34571,166.149588000001,5.917
34572,166.153571000001,3.983
34573,166.158396000001,4.825
34574,166.163174000001,4.778
34575,166.167633000001,4.459
34576,166.173599000001,5.966
34577,166.177033000001,3.434
34578,166.181407000001,4.374
34579,166.185453000001,4.046
34580,166.190500000001,5.047
34581,166.195731000001,5.231
34582,166.199770000001,4.039
34583,166.202597000001,2.827
34584,166.207246000001,4.649
34585,166.210681000001,3.435
34586,166.217471000001,6.79
34587,166.223513000001,6.042
34588,166.226258000001,2.745
34589,166.232414000001,6.156
34590,166.236886000001,4.472
34591,166.240623000001,3.737
34592,166.244120000001,3.497
34593,166.249507000001,5.387
34594,166.253255000001,3.748
34595,166.258529000001,5.274
34596,166.261620000001,3.091
34597,166.269027000001,7.407
34598,166.273869000001,4.842
34599,166.277446000001,3.577
34600,166.282775000001,5.329
34601,166.286557000001,3.782
34602,166.292051000001,5.494
34603,166.296062000001,4.011
34604,166.301018000001,4.956
34605,166.303771000001,2.753
34606,166.308746000001,4.975
34607,166.312399000001,3.653
34608,166.318794000001,6.395
34609,166.323917000001,5.123
34610,166.327477000001,3.56
34611,166.333838000001,6.361
34612,166.337410000001,3.572
34613,166.341827000001,4.417
34614,166.345483000001,3.656
34615,166.352155000001,6.672
34616,166.356148000001,3.993
34617,166.361367000001,5.219
34618,166.366546000001,5.179
34619,166.370209000001,3.663
34620,166.375481000001,5.272
34621,166.378694000001,3.213
34622,166.385016000001,6.322
34623,166.389299000001,4.283
34624,166.394173000001,4.874
34625,166.398871000001,4.698
34626,166.403045000001,4.174
34627,166.407323000001,4.278
34628,166.413405000001,6.082
34629,166.418976000001,5.571
34630,166.423908000001,4.932
34631,166.429153000001,5.245
34632,166.432555000001,3.402
34633,166.436657000001,4.102
34634,166.440944000001,4.287
34635,166.448133000001,7.189
34636,166.452865000001,4.732
34637,166.456610000001,3.745
34638,166.460931000001,4.321
34639,166.466225000001,5.294
34640,166.469454000001,3.229
34641,166.473794000001,4.34
34642,166.480365000001,6.571
34643,166.483464000001,3.099
34644,166.487767000001,4.303
34645,166.492128000001,4.361
34646,166.498032000001,5.904
34647,166.501496000001,3.464
34648,166.505713000001,4.217
34649,166.510225000001,4.512
34650,166.515832000001,5.607
34651,166.518788000001,2.956
34652,166.523071000001,4.283
34653,166.530208000001,7.137
34654,166.533676000001,3.468
34655,166.537614000001,3.938
34656,166.541985000001,4.371
34657,166.549301000001,7.316
34658,166.553498000001,4.197
34659,166.557788000001,4.29
34660,166.561985000001,4.197
34661,166.567500000001,5.515
34662,166.570576000001,3.076
34663,166.574868000001,4.292
34664,166.581424000001,6.556
34665,166.584383000001,2.959
34666,166.588704000001,4.321
34667,166.592884000001,4.18
34668,166.598892000001,6.008
34669,166.602137000001,3.245
34670,166.606266000001,4.129
34671,166.611740000001,5.474
34672,166.615991000001,4.251
34673,166.619352000001,3.361
34674,166.623469000001,4.117
34675,166.629903000001,6.434
34676,166.632661000001,2.758
34677,166.636903000001,4.242
34678,166.640710000001,3.807
34679,166.649716000001,9.006
34680,166.653661000001,3.945
34681,166.656828000001,3.167
34682,166.660960000001,4.132
34683,166.665627000001,4.667
34684,166.668926000001,3.299
34685,166.673094000001,4.168
34686,166.677670000001,4.576
34687,166.683570000001,5.9
34688,166.687552000001,3.982
34689,166.692832000001,5.28
34690,166.698227000001,5.395
34691,166.701180000001,2.953
34692,166.704966000001,3.786
34693,166.708928000001,3.962
34694,166.718189000001,9.261
34695,166.720814000001,2.625
34696,166.726306000001,5.492
34697,166.730981000001,4.675
34698,166.734188000001,3.207
34699,166.738256000001,4.068
34700,166.742365000001,4.109
34701,166.750175000001,7.81
34702,166.753265000001,3.09
34703,166.757117000001,3.852
34704,166.761295000001,4.178
34705,166.766679000001,5.384
34706,166.769415000001,2.736
34707,166.773448000001,4.033
34708,166.777948000001,4.5
34709,166.783114000001,5.166
34710,166.786455000001,3.341
34711,166.790340000001,3.885
34712,166.794888000001,4.548
34713,166.801680000001,6.792
34714,166.805628000001,3.948
34715,166.809807000001,4.179
34716,166.816169000001,6.362
34717,166.819687000001,3.518
34718,166.824700000001,5.013
34719,166.831466000001,6.766
34720,166.834723000001,3.257
34721,166.838923000001,4.2
34722,166.842889000001,3.966
34723,166.848690000001,5.801
34724,166.852588000001,3.898
34725,166.857773000001,5.185
34726,166.861952000001,4.179
34727,166.866693000001,4.741
34728,166.869902000001,3.209
34729,166.873875000001,3.973
34730,166.878971000001,5.096
34731,166.882933000001,3.962
34732,166.886362000001,3.429
34733,166.890329000001,3.967
34734,166.896301000001,5.972
34735,166.901253000001,4.952
34736,166.905201000001,3.948
34737,166.909426000001,4.225
34738,166.915472000001,6.046
34739,166.918200000001,2.728
34740,166.922301000001,4.101
34741,166.927103000001,4.802
34742,166.933627000001,6.524
34743,166.937597000001,3.97
34744,166.941770000001,4.173
34745,166.947789000001,6.019
34746,166.950390000001,2.601
34747,166.954062000001,3.672
34748,166.958280000001,4.218
34749,166.963062000001,4.782
34750,166.969595000001,6.533
34751,166.973666000001,4.071
34752,166.978517000001,4.851
34753,166.983575000001,5.058
34754,166.987145000001,3.57
34755,166.991214000001,4.069
34756,166.998439000001,7.225
34757,167.001352000001,2.913
34758,167.005230000001,3.878
34759,167.009400000001,4.17
34760,167.014777000001,5.377
34761,167.018269000001,3.492
34762,167.021965000001,3.696
34763,167.027031000001,5.066
34764,167.030775000001,3.744
34765,167.037405000001,6.63
34766,167.040518000001,3.113
34767,167.045342000001,4.824
34768,167.050038000001,4.696
34769,167.053348000001,3.31
34770,167.057649000001,4.301
34771,167.062351000001,4.702
34772,167.069286000001,6.935
34773,167.073640000001,4.354
34774,167.078909000001,5.269
34775,167.083202000001,4.293
34776,167.086814000001,3.612
34777,167.090946000001,4.132
34778,167.096069000001,5.123
34779,167.100608000001,4.539
34780,167.104122000001,3.514
34781,167.108326000001,4.204
34782,167.113206000001,4.88
34783,167.119175000001,5.969
34784,167.123420000001,4.245
34785,167.128621000001,5.201
34786,167.133527000001,4.906
34787,167.136887000001,3.36
34788,167.141002000001,4.115
34789,167.147920000001,6.918
34790,167.150639000001,2.719
34791,167.154922000001,4.283
34792,167.159088000001,4.166
34793,167.166833000001,7.745
34794,167.169414000001,2.581
34795,167.173307000001,3.893
34796,167.178372000001,5.065
34797,167.182782000001,4.41
34798,167.186268000001,3.486
34799,167.190585000001,4.317
34800,167.195722000001,5.137
34801,167.201837000001,6.115
34802,167.205748000001,3.911
34803,167.209986000001,4.238
34804,167.214950000001,4.964
34805,167.218552000001,3.602
34806,167.222657000001,4.105
34807,167.227487000001,4.83
34808,167.231296000001,3.809
34809,167.237258000001,5.962
34810,167.239915000001,2.657
34811,167.244916000001,5.001
34812,167.248201000001,3.285
34813,167.255112000001,6.911
34814,167.259080000001,3.968
34815,167.264884000001,5.804
34816,167.270046000001,5.162
34817,167.274162000001,4.116
34818,167.280797000001,6.635
34819,167.284170000001,3.373
34820,167.288329000001,4.159
34821,167.292502000001,4.173
34822,167.297451000001,4.949
34823,167.303516000001,6.065
34824,167.307261000001,3.745
34825,167.311443000001,4.182
34826,167.316440000001,4.997
34827,167.319797000001,3.357
34828,167.324414000001,4.617
34829,167.331002000001,6.588
34830,167.334669000001,3.667
34831,167.339799000001,5.13
34832,167.344056000001,4.257
34833,167.348735000001,4.679
34834,167.352118000001,3.383
34835,167.358006000001,5.888
34836,167.363267000001,5.261
34837,167.367675000001,4.408
34838,167.372297000001,4.622
34839,167.376501000001,4.204
34840,167.381475000001,4.974
34841,167.384825000001,3.35
34842,167.389015000001,4.19
34843,167.394076000001,5.061
34844,167.399591000001,5.515
34845,167.403610000001,4.019
34846,167.407877000001,4.267
34847,167.412243000001,4.366
34848,167.417108000001,4.865
34849,167.420698000001,3.59
34850,167.424706000001,4.008
34851,167.432348000001,7.642
34852,167.436390000001,4.042
34853,167.440316000001,3.926
34854,167.445497000001,5.181
34855,167.451403000001,5.906
34856,167.454872000001,3.469
34857,167.459220000001,4.348
34858,167.464680000001,5.46
34859,167.467983000001,3.303
34860,167.471969000001,3.986
34861,167.476213000001,4.244
34862,167.483445000001,7.232
34863,167.486180000001,2.735
34864,167.491720000001,5.54
34865,167.496225000001,4.505
34866,167.505460000001,9.235
34867,167.508038000001,2.578
34868,167.512068000001,4.03
34869,167.518388000001,6.32
34870,167.520641000001,2.253
34871,167.524333000001,3.692
34872,167.529810000001,5.477
34873,167.534278000001,4.468
34874,167.537628000001,3.35
34875,167.543670000001,6.042
34876,167.549480000001,5.81
34877,167.552192000001,2.712
34878,167.558343000001,6.151
34879,167.562544000001,4.201
34880,167.567445000001,4.901
34881,167.571058000001,3.613
34882,167.575207000001,4.149
34883,167.582630000001,7.423
34884,167.584909000001,2.279
34885,167.589118000001,4.209
34886,167.593485000001,4.367
34887,167.599241000001,5.756
34888,167.602758000001,3.517
34889,167.607322000001,4.564
34890,167.611549000001,4.227
34891,167.617560000001,6.011
34892,167.620642000001,3.082
34893,167.624878000001,4.236
34894,167.630021000001,5.143
34895,167.637401000001,7.38
34896,167.641460000001,4.059
34897,167.646371000001,4.911
34898,167.651137000001,4.766
34899,167.654370000001,3.233
34900,167.658693000001,4.323
34901,167.665594000001,6.901
34902,167.668185000001,2.591
34903,167.672721000001,4.536
34904,167.676912,4.191
34905,167.684133,7.221
34906,167.686869,2.736
34907,167.691,4.131
34908,167.695578,4.578
34909,167.701853,6.275
34910,167.705477,3.624
34911,167.709767,4.29
34912,167.716572,6.805
34913,167.719067000001,2.495
34914,167.722716000001,3.649
34915,167.728793000001,6.077
34916,167.733453000001,4.66
34917,167.736870000001,3.417
34918,167.743112000001,6.242
34919,167.749980000001,6.868
34920,167.754056000001,4.076
34921,167.757988,3.932
34922,167.76223,4.242
34923,167.767208,4.978
34924,167.770454,3.246
34925,167.774685,4.231
34926,167.779664,4.979
34927,167.785833,6.169
34928,167.788989,3.156
34929,167.79332,4.331
34930,167.79952,6.2
34931,167.802475,2.955
34932,167.806567,4.092
34933,167.81057,4.003
34934,167.816033,5.463
34935,167.822419,6.386
34936,167.826368,3.949
34937,167.831602,5.234
34938,167.83463,3.028
34939,167.838608,3.978
34940,167.843073,4.465
34941,167.850231,7.158
34942,167.852508,2.277
34943,167.856403,3.895
34944,167.860625,4.222
34945,167.866882,6.257
34946,167.869678,2.796
34947,167.873803,4.125
34948,167.879948,6.145
34949,167.883789,3.841
34950,167.888051,4.262
34951,167.892069,4.018
34952,167.896852,4.783
34953,167.902141,5.289
34954,167.905427,3.286
34955,167.911319,5.892
34956,167.91691,5.591
34957,167.921564,4.654
34958,167.92718,5.616
34959,167.932489,5.309
34960,167.935425,2.936
34961,167.939523,4.098
34962,167.943871,4.348
34963,167.951573,7.702
34964,167.954714,3.141
34965,167.958831,4.117
34966,167.965323,6.492
34967,167.968235000001,2.912
34968,167.972181000001,3.946
34969,167.976288000001,4.107
34970,167.983223000001,6.935
34971,167.986461000001,3.238
34972,167.991429000001,4.968
34973,167.995496000001,4.067
34974,168.000067000001,4.571
34975,168.004146000001,4.079
34976,168.008174000001,4.028
34977,168.015150000001,6.976
34978,168.018905000001,3.755
34979,168.022625000001,3.72
34980,168.026082000001,3.457
34981,168.033468000001,7.386
34982,168.036062,2.594
34983,168.03944,3.378
34984,168.043942,4.502
34985,168.048491,4.549
34986,168.053593,5.102
34987,168.057528000001,3.935
34988,168.062465000001,4.937
34989,168.065661000001,3.196
34990,168.071961000001,6.3
34991,168.076043000001,4.082
34992,168.080640000001,4.597
34993,168.086106000001,5.466
34994,168.090062000001,3.956
34995,168.094925000001,4.863
34996,168.099741000001,4.816
34997,168.103408000001,3.667
34998,168.108981000001,5.573
34999,168.115716000001,6.735
35000,168.118504000001,2.788
35001,168.122396000001,3.892
35002,168.126491000001,4.095
35003,168.132010000001,5.519
35004,168.134798000001,2.788
35005,168.138554000001,3.756
35006,168.142736000001,4.182
35007,168.147535000001,4.799
35008,168.152649000001,5.114
35009,168.154856000001,2.207
35010,168.159586000001,4.73
35011,168.164727000001,5.141
35012,168.168036000001,3.309
35013,168.172146000001,4.11
35014,168.176804000001,4.658
35015,168.182240000001,5.436
35016,168.185703000001,3.463
35017,168.189641000001,3.938
35018,168.197343000001,7.702
35019,168.200998000001,3.655
35020,168.205948000001,4.95
35021,168.210989000001,5.041
35022,168.214737000001,3.748
35023,168.218354000001,3.617
35024,168.222299000001,3.945
35025,168.227081000001,4.782
35026,168.230970000001,3.889
35027,168.236544000001,5.574
35028,168.239992000001,3.448
35029,168.244968000001,4.976
35030,168.249913000001,4.945
35031,168.253524000001,3.611
35032,168.258065000001,4.541
35033,168.261360000001,3.295
35034,168.268441000001,7.081
35035,168.273101000001,4.66
35036,168.277926000001,4.825
35037,168.281269000001,3.343
35038,168.285842000001,4.573
35039,168.289821000001,3.979
35040,168.294278000001,4.457
35041,168.304711000001,10.433
35042,168.308805000001,4.094
35043,168.313377000001,4.572
35044,168.316821000001,3.444
35045,168.321023000001,4.202
35046,168.325143000001,4.12
35047,168.329578000001,4.435
35048,168.336995000001,7.417
35049,168.341626000001,4.631
35050,168.347495000001,5.869
35051,168.350870000001,3.375
35052,168.355010000001,4.14
35053,168.359529000001,4.519
35054,168.364977000001,5.448
35055,168.367586000001,2.609
35056,168.371612000001,4.026
35057,168.375793000001,4.181
35058,168.382473000001,6.68
35059,168.387246000001,4.773
35060,168.392516000001,5.27
35061,168.399094000001,6.578
35062,168.401398000001,2.304
35063,168.406055000001,4.657
35064,168.410267000001,4.212
35065,168.415062000001,4.795
35066,168.418293000001,3.231
35067,168.422608000001,4.315
35068,168.426557000001,3.949
35069,168.433948000001,7.391
35070,168.437413000001,3.465
35071,168.441972000001,4.559
35072,168.446860000001,4.888
35073,168.450169000001,3.309
35074,168.454181000001,4.012
35075,168.458336000001,4.155
35076,168.463172000001,4.836
35077,168.469016000001,5.844
35078,168.473088000001,4.072
35079,168.479134000001,6.046
35080,168.483994000001,4.86
35081,168.487245000001,3.251
35082,168.491544000001,4.299
35083,168.497904000001,6.36
35084,168.501781000001,3.877
35085,168.505649000001,3.868
35086,168.509807000001,4.158
35087,168.515967000001,6.16
35088,168.518854000001,2.887
35089,168.524691000001,5.837
35090,168.531294000001,6.603
35091,168.534326000001,3.032
35092,168.539309000001,4.983
35093,168.543391000001,4.082
35094,168.549271000001,5.88
35095,168.551756000001,2.485
35096,168.555864000001,4.108
35097,168.559682000001,3.818
35098,168.567436000001,7.754
35099,168.572670000001,5.234
35100,168.576687000001,4.017
35101,168.581416000001,4.729
35102,168.584873000001,3.457
35103,168.588976000001,4.103
35104,168.592893000001,3.917
35105,168.600015000001,7.122
35106,168.603193000001,3.178
35107,168.607306000001,4.113
35108,168.611427000001,4.121
35109,168.617201000001,5.774
35110,168.620047000001,2.846
35111,168.623948000001,3.901
35112,168.628752000001,4.804
35113,168.634689000001,5.937
35114,168.638618000001,3.929
35115,168.642758000001,4.14
35116,168.650083000001,7.325
35117,168.653588000001,3.505
35118,168.657890000001,4.302
35119,168.664609000001,6.719
35120,168.668112000001,3.503
35121,168.671992000001,3.88
35122,168.676166000001,4.174
35123,168.681862000001,5.696
35124,168.685211000001,3.349
35125,168.689302000001,4.091
35126,168.693239000001,3.937
35127,168.699221000001,5.982
35128,168.702507000001,3.286
35129,168.708442000001,5.935
35130,168.713436000001,4.994
35131,168.716419000001,2.983
35132,168.720181000001,3.762
35133,168.724057000001,3.876
35134,168.730666000001,6.609
35135,168.733646000001,2.98
35136,168.737169000001,3.523
35137,168.740803000001,3.634
35138,168.747387000001,6.584
35139,168.752509000001,5.122
35140,168.756219000001,3.71
35141,168.760597000001,4.378
35142,168.763985000001,3.388
35143,168.767719000001,3.734
35144,168.771548000001,3.829
35145,168.775852000001,4.304
35146,168.780724000001,4.872
35147,168.787024000001,6.3
35148,168.790604000001,3.58
35149,168.795153000001,4.549
35150,168.798319000001,3.166
35151,168.804805000001,6.486
35152,168.809600000001,4.795
35153,168.813366000001,3.766
35154,168.815576000001,2.21
35155,168.821375000001,5.799
35156,168.824049000001,2.674
35157,168.826770000001,2.721
35158,168.830601000001,3.831
35159,168.834573000001,3.972
35160,168.839231000001,4.658
35161,168.842028000001,2.797
35162,168.846399000001,4.371
35163,168.849812000001,3.413
35164,168.856311000001,6.499
35165,168.858410000001,2.099
35166,168.862142000001,3.732
35167,168.870021000001,7.879
35168,168.874137000001,4.116
35169,168.878229000001,4.092
35170,168.881891000001,3.662
35171,168.884714000001,2.823
35172,168.889209000001,4.495
35173,168.893495000001,4.286
35174,168.897933000001,4.438
35175,168.901376000001,3.443
35176,168.907176000001,5.8
35177,168.909756000001,2.58
35178,168.917879000001,8.123
35179,168.920173000001,2.294
35180,168.925002000001,4.829
35181,168.928194000001,3.192
35182,168.931922000001,3.728
35183,168.935642000001,3.72
35184,168.940238000001,4.596
35185,168.943360000001,3.122
35186,168.949577000001,6.217
35187,168.952658000001,3.081
35188,168.957255000001,4.597
35189,168.960126000001,2.871
35190,168.964329000001,4.203
35191,168.970189000001,5.86
