frame,elapsed_seconds,frame_ms
0,0.003556,3.556
1,0.007709,4.153
2,0.015205,7.496
3,0.018563,3.358
4,0.022772,4.209
5,0.028429,5.657
6,0.034332,5.903
7,0.037889,3.557
8,0.042022,4.133
9,0.047277,5.255
10,0.050433,3.156
11,0.054717,4.284
12,0.060443,5.726
13,0.064829,4.386
14,0.068542,3.713
15,0.073629,5.087
16,0.076685,3.056
17,0.081143,4.458
18,0.085565,4.422
19,0.090352,4.787
20,0.093796,3.444
21,0.098794,4.998
22,0.103631,4.837
23,0.108821,5.19
24,0.112247,3.426
25,0.116548,4.301
26,0.122326,5.778
27,0.125085,2.759
28,0.13372,8.635
29,0.137864,4.144
30,0.142164,4.3
31,0.145783,3.619
32,0.150113,4.33
33,0.154426,4.313
34,0.159006,4.58
35,0.164696,5.69
36,0.170158,5.462
37,0.175104,4.946
38,0.178335,3.231
39,0.182773,4.438
40,0.187388,4.615
41,0.191898,4.51
42,0.199805,7.907
43,0.203888,4.083
44,0.208063,4.175
45,0.212852,4.789
46,0.216634,3.782
47,0.22095,4.316
48,0.225694,4.744
49,0.232813,7.119
50,0.236972,4.159
51,0.240625,3.653
52,0.24543,4.805
53,0.24928,3.85
54,0.253615,4.335
55,0.257723,4.108
56,0.266609,8.886
57,0.270162,3.553
58,0.274177,4.015
59,0.278962,4.785
60,0.282695,3.733
61,0.287024,4.329
62,0.291296,4.272
63,0.298608,7.312
64,0.302108,3.5
65,0.306539,4.431
66,0.310432,3.893
67,0.315402,4.97
68,0.319086,3.684
69,0.32343,4.344
70,0.328173,4.743
71,0.333513,5.34
72,0.337442,3.929
73,0.341473,4.031
74,0.346503,5.03
75,0.350384,3.881
76,0.354439,4.055
77,0.358535,4.096
78,0.367163,8.628
79,0.370478,3.315
80,0.374622,4.144
81,0.379461,4.839
82,0.383689,4.228
83,0.387798,4.109
84,0.391857,4.059
85,0.399382,7.525
86,0.402725,3.343
87,0.406939,4.214
88,0.411328,4.389
89,0.416459,5.131
90,0.420142,3.683
91,0.424121,3.979
92,0.431964,7.843
93,0.435811,3.847
94,0.438835,3.024
95,0.443111,4.276
96,0.44806,4.949
97,0.451805,3.745
98,0.45584,4.035
99,0.459841,4.001
100,0.466493,6.652
101,0.470181,3.688
102,0.474372,4.191
103,0.479356,4.984
104,0.483534,4.178
105,0.487447,3.913
106,0.491426,3.979
107,0.499161,7.735
108,0.502269,3.108
109,0.506483,4.214
110,0.510866,4.383
111,0.51612,5.254
112,0.519487,3.367
113,0.524022,4.535
114,0.529468,5.446
115,0.532991,3.523
116,0.53739,4.399
117,0.541321,3.931
118,0.546522,5.201
119,0.550052,3.53
120,0.553935,3.883
121,0.558226,4.291
122,0.564636,6.41
123,0.568027,3.391
124,0.572311,4.284
125,0.576782,4.471
126,0.582284,5.502
127,0.58637,4.086
128,0.590528,4.158
129,0.595511,4.983
130,0.599587,4.076
131,0.60369,4.103
132,0.607754,4.064
133,0.615089,7.335
134,0.618482,3.393
135,0.622889,4.407
136,0.627836,4.947
137,0.631876,4.04
138,0.636024,4.148
139,0.640072,4.048
140,0.645746,5.674
141,0.64972,3.974
142,0.653078,3.358
143,0.657489,4.411
144,0.664841,7.352
145,0.669164,4.323
146,0.675894,6.73
147,0.682067,6.173
148,0.685611,3.544
149,0.691356,5.745
150,0.694808,3.452
151,0.700302,5.494
152,0.706535,6.233
153,0.710524,3.989
154,0.71471,4.186
155,0.718147,3.437
156,0.722758,4.611
157,0.727208,4.45
158,0.732689,5.481
159,0.736135,3.446
160,0.743516,7.381
161,0.748849,5.333
162,0.753674,4.825
163,0.760869,7.195
164,0.765973,5.104
165,0.771396,5.423
166,0.774631,3.235
167,0.778767,4.136
168,0.783543,4.776
169,0.787287,3.744
170,0.791361,4.074
171,0.795638,4.277
172,0.800252,4.614
173,0.803863,3.611
174,0.808597,4.734
175,0.813338,4.741
176,0.816733,3.395
177,0.820986,4.253
178,0.825796,4.81
179,0.830108,4.312
180,0.833575,3.467
181,0.83779,4.215
182,0.842738,4.948
183,0.847484,4.746
184,0.851252,3.768
185,0.855277,4.025
186,0.860989,5.712
187,0.864787,3.798
188,0.868133,3.346
189,0.872522,4.389
190,0.877503,4.981
191,0.880866,3.363
192,0.884896,4.03
193,0.88998,5.084
194,0.895674,5.694
195,0.89859,2.916
196,0.902743,4.153
197,0.909501,6.758
198,0.912636,3.135
199,0.916672,4.036
200,0.920783,4.111
201,0.925906,5.123
202,0.944295,18.389
203,0.949986,5.691
204,0.954541,4.555
205,0.958392,3.851
206,0.964357,5.965
207,0.968098,3.741
208,0.972591,4.493
209,0.97608,3.489
210,0.980683,4.603
211,0.985788,5.105
212,0.991022,5.234
213,0.994554,3.532
214,1.000078,5.524
215,1.004749,4.671
216,1.00907,4.321
217,1.01375,4.68
218,1.018458,4.708
219,1.022218,3.76
220,1.02622,4.002
221,1.031934,5.714
222,1.036668,4.734
223,1.042243,5.575
224,1.046277,4.034
225,1.051117,4.84
226,1.054787,3.67
227,1.061169,6.382
228,1.064839,3.67
229,1.069371,4.532
230,1.072932,3.561
231,1.077252,4.32
232,1.083702,6.45
233,1.087387,3.685
234,1.092125,4.738
235,1.09615,4.025
236,1.100911,4.761
237,1.104521,3.61
238,1.11028,5.759
239,1.11436,4.08
240,1.118144,3.784
241,1.124122,5.978
242,1.128641,4.519
243,1.135121,6.48
244,1.138365,3.244
245,1.143827,5.462
246,1.14846,4.633
247,1.152148,3.688
248,1.15655,4.402
249,1.161607,5.057
250,1.16536,3.753
251,1.168941,3.581
252,1.17489,5.949
253,1.178587,3.697
254,1.183628,5.041
255,1.187555,3.927
256,1.193477,5.922
257,1.198469,4.992
258,1.20156,3.091
259,1.205656,4.096
260,1.210958,5.302
261,1.217063,6.105
262,1.220685,3.622
263,1.227206,6.521
264,1.231922,4.716
265,1.236444,4.522
266,1.239592,3.148
267,1.243849,4.257
268,1.248356,4.507
269,1.252043,3.687
270,1.256397,4.354
271,1.262168,5.771
272,1.268291,6.123
273,1.274107,5.816
274,1.279238,5.131
275,1.284031,4.793
276,1.287716,3.685
277,1.292015,4.299
278,1.296267,4.252
279,1.301015,4.748
280,1.304704,3.689
281,1.31084,6.136
282,1.315747,4.907
283,1.321096,5.349
284,1.325197,4.101
285,1.329955,4.758
286,1.334728,4.773
287,1.338371,3.643
288,1.344018,5.647
289,1.349585,5.567
290,1.353331,3.746
291,1.35752,4.189
292,1.361878,4.358
293,1.366647,4.769
294,1.371662,5.015
295,1.380651,8.989
296,1.386996,6.345
297,1.390515,3.519
298,1.394134,3.619
299,1.398295,4.161
300,1.403084,4.789
301,1.407263,4.179
302,1.410895,3.632
303,1.420064,9.169
304,1.426074,6.01
305,1.42995,3.876
306,1.434313,4.363
307,1.440215,5.902
308,1.446974,6.759
309,1.45239,5.416
310,1.457833,5.443
311,1.461621,3.788
312,1.466666,5.045
313,1.471974,5.308
314,1.476507,4.533
315,1.479967,3.46
316,1.484018,4.051
317,1.488977,4.959
318,1.493467,4.49
319,1.499026,5.559
320,1.51145,12.424
321,1.515774,4.324
322,1.519164,3.39
323,1.525202,6.038
324,1.529472,4.27
325,1.533511,4.039
326,1.538339,4.828
327,1.544082,5.743
328,1.55104,6.958
329,1.55791,6.87
330,1.561567,3.657
331,1.567846,6.279
332,1.574215,6.369
333,1.577859,3.644
334,1.582036,4.177
335,1.587255,5.219
336,1.591216,3.961
337,1.596897,5.681
338,1.601618,4.721
339,1.605543,3.925
340,1.610598,5.055
341,1.615572,4.974
342,1.620061,4.489
343,1.624408,4.347
344,1.628863,4.455
345,1.633542,4.679
346,1.637255,3.713
347,1.642342,5.087
348,1.647934,5.592
349,1.652745,4.811
350,1.657709,4.964
351,1.662022,4.313
352,1.667304,5.282
353,1.671682,4.378
354,1.675719,4.037
355,1.680702,4.983
356,1.684345,3.643
357,1.690532,6.187
358,1.695444,4.912
359,1.69904,3.596
360,1.703614,4.574
361,1.710701,7.087
362,1.714419,3.718
363,1.720353,5.934
364,1.724499,4.146
365,1.729408,4.909
366,1.733239,3.831
367,1.739565,6.326
368,1.745263,5.698
369,1.749656,4.393
370,1.754528,4.872
371,1.759275,4.747
372,1.764843,5.568
373,1.769339,4.496
374,1.773544,4.205
375,1.778377,4.833
376,1.782083,3.706
377,1.789461,7.378
378,1.79375,4.289
379,1.796779,3.029
380,1.801245,4.466
381,1.806691,5.446
382,1.811697,5.006
383,1.816141,4.444
384,1.820608,4.467
385,1.825518,4.91
386,1.829302,3.784
387,1.835435,6.133
388,1.841502,6.067
389,1.846531,5.029
390,1.850708,4.177
391,1.855585,4.877
392,1.860989,5.404
393,1.86561,4.621
394,1.86937,3.76
395,1.874481,5.111
396,1.878696,4.215
397,1.884782,6.086
398,1.890046,5.264
399,1.893587,3.541
400,1.897915,4.328
401,1.902268,4.353
402,1.9098,7.532
403,1.914215,4.415
404,1.919212,4.997
405,1.925391,6.179
406,1.928771,3.38
407,1.933977,5.206
408,1.938313,4.336
409,1.949067,10.754
410,1.957319,8.252
411,1.962694,5.375
412,1.969662,6.968
413,1.980996,11.334
414,1.984697,3.701
415,1.98932,4.623
416,1.993156,3.836
417,1.998779,5.623
418,2.003422,4.643
419,2.008557,5.135
420,2.012616,4.059
421,2.019826,7.21
422,2.028563,8.737
423,2.031854,3.291
424,2.037257,5.403
425,2.041952,4.695
426,2.045868,3.916
427,2.052097,6.229
428,2.057342,5.245
429,2.061035,3.693
430,2.065013,3.978
431,2.069971,4.958
432,2.074012,4.041
433,2.078411,4.399
434,2.083336,4.925
435,2.086981,3.645
436,2.091274,4.293
437,2.098064,6.79
438,2.10187,3.806
439,2.106352,4.482
440,2.110948,4.596
441,2.115969,5.021
442,2.121337,5.368
443,2.126984,5.647
444,2.131289,4.305
445,2.134275,2.986
446,2.138834,4.559
447,2.145433,6.599
448,2.149382,3.949
449,2.153654,4.272
450,2.158298,4.644
451,2.163063,4.765
452,2.168723,5.66
453,2.172964,4.241
454,2.178206,5.242
455,2.181634,3.428
456,2.186187,4.553
457,2.191449,5.262
458,2.195004,3.555
459,2.199357,4.353
460,2.203744,4.387
461,2.209042,5.298
462,2.212788,3.746
463,2.216865,4.077
464,2.221796,4.931
465,2.228102,6.306
466,2.232467,4.365
467,2.238615,6.148
468,2.242339,3.724
469,2.24673,4.391
470,2.251327,4.597
471,2.256337,5.01
472,2.260322,3.985
473,2.264508,4.186
474,2.268719,4.211
475,2.273879,5.16
476,2.277534,3.655
477,2.28374,6.206
478,2.288627,4.887
479,2.292634,4.007
480,2.297386,4.752
481,2.301425,4.039
482,2.308251,6.826
483,2.311866,3.615
484,2.316256,4.39
485,2.321865,5.609
486,2.326943,5.078
487,2.331729,4.786
488,2.335735,4.006
489,2.341017,5.282
490,2.344855,3.838
491,2.348942,4.087
492,2.355641,6.699
493,2.361476,5.835
494,2.366348,4.872
495,2.370733,4.385
496,2.375031,4.298
497,2.381992,6.961
498,2.38559,3.598
499,2.390395,4.805
500,2.395228,4.833
501,2.399057,3.829
502,2.405399,6.342
503,2.409798,4.399
504,2.415014,5.216
505,2.418531,3.517
506,2.423406,4.875
507,2.430196,6.79
508,2.433933,3.737
509,2.438121,4.188
510,2.442748,4.627
511,2.447624,4.876
512,2.453246,5.622
513,2.458131,4.885
514,2.463215,5.084
515,2.466998,3.783
516,2.471154,4.156
517,2.47559,4.436
518,2.480606,5.016
519,2.484482,3.876
520,2.489374,4.892
521,2.496815,7.441
522,2.499959,3.144
523,2.504399,4.44
524,2.509019,4.62
525,2.514022,5.003
526,2.517827,3.805
527,2.522482,4.655
528,2.526912,4.43
529,2.532223,5.311
530,2.535744,3.521
531,2.540395,4.651
532,2.546371,5.976
533,2.550705,4.334
534,2.554411,3.706
535,2.55902,4.609
536,2.564211,5.191
537,2.568018,3.807
538,2.572518,4.5
539,2.576903,4.385
540,2.582082,5.179
541,2.585902,3.82
542,2.590713,4.811
543,2.595853,5.14
544,2.599375,3.522
545,2.604007,4.632
546,2.608555,4.548
547,2.613671,5.116
548,2.617916,4.245
549,2.622421,4.505
550,2.626701,4.28
551,2.631953,5.252
552,2.635704,3.751
553,2.64026,4.556
554,2.646296,6.036
555,2.650312,4.016
556,2.654321,4.009
557,2.658664,4.343
558,2.663803,5.139
559,2.66767,3.867
560,2.672318,4.648
561,2.676727,4.409
562,2.681922,5.195
563,2.686063,4.141
564,2.690461,4.398
565,2.695897,5.436
566,2.699657,3.76
567,2.704475,4.818
568,2.708873,4.398
569,2.714044,5.171
570,2.718205,4.161
571,2.722703,4.498
572,2.727696,4.993
573,2.73306,5.364
574,2.737679,4.619
575,2.7504,12.721
576,2.755097,4.697
577,2.759988,4.891
578,2.765935,5.947
579,2.772632,6.697
580,2.776523,3.891
581,2.781745,5.222
582,2.788747,7.002
583,2.792981,4.234
584,2.797193,4.212
585,2.802657,5.464
586,2.806732,4.075
587,2.812886,6.154
588,2.818022,5.136
589,2.822245,4.223
590,2.826865,4.62
591,2.831978,5.113
592,2.837975,5.997
593,2.842819,4.844
594,2.848302,5.483
595,2.852009,3.707
596,2.856597,4.588
597,2.863266,6.669
598,2.867516,4.25
599,2.872061,4.545
600,2.876507,4.446
601,2.881793,5.286
602,2.887564,5.771
603,2.892201,4.637
604,2.897347,5.146
605,2.90137,4.023
606,2.907162,5.792
607,2.912916,5.754
608,2.917218,4.302
609,2.921873,4.655
610,2.927307,5.434
611,2.933714,6.407
612,2.939446,5.732
613,2.944779,5.333
614,2.949403,4.624
615,2.959852,10.449
616,2.963817,3.965
617,2.972518,8.701
618,2.976568,4.05
619,2.981378,4.81
620,2.986379,5.001
621,2.990783,4.404
622,2.996649,5.866
623,3.001966,5.317
624,3.006291,4.325
625,3.010595,4.304
626,3.015678,5.083
627,3.021466,5.788
628,3.026157,4.691
629,3.031258,5.101
630,3.035266,4.008
631,3.039878,4.612
632,3.04678,6.902
633,3.05077,3.99
634,3.055531,4.761
635,3.060543,5.012
636,3.065804,5.261
637,3.070986,5.182
638,3.075891,4.905
639,3.080893,5.002
640,3.08471,3.817
641,3.089374,4.664
642,3.094357,4.983
643,3.09839,4.033
644,3.102988,4.598
645,3.107684,4.696
646,3.114169,6.485
647,3.118415,4.246
648,3.123159,4.744
649,3.127817,4.658
650,3.131854,4.037
651,3.136505,4.651
652,3.143234,6.729
653,3.149955,6.721
654,3.153782,3.827
655,3.158576,4.794
656,3.163808,5.232
657,3.169024,5.216
658,3.173601,4.577
659,3.178615,5.014
660,3.182656,4.041
661,3.186909,4.253
662,3.192038,5.129
663,3.196009,3.971
664,3.200481,4.472
665,3.204841,4.36
666,3.210231,5.39
667,3.215322,5.091
668,3.219934,4.612
669,3.225,5.066
670,3.231473,6.473
671,3.235089,3.616
672,3.242149,7.06
673,3.245281,3.132
674,3.249642,4.361
675,3.25408,4.438
676,3.258999,4.919
677,3.262593,3.594
678,3.271252,8.659
679,3.276189,4.937
680,3.286753,10.564
681,3.290074,3.321
682,3.297048,6.974
683,3.300543,3.495
684,3.304848,4.305
685,3.309483,4.635
686,3.317064,7.581
687,3.322022,4.958
688,3.326391,4.369
689,3.331926,5.535
690,3.336857,4.931
691,3.340748,3.891
692,3.345799,5.051
693,3.351305,5.506
694,3.355582,4.277
695,3.360715,5.133
696,3.368034,7.319
697,3.373082,5.048
698,3.377402,4.32
699,3.382185,4.783
700,3.38612,3.935
701,3.390466,4.346
702,3.397558,7.092
703,3.40127,3.712
704,3.405057,3.787
705,3.409449,4.392
706,3.414507,5.058
707,3.420023,5.516
708,3.424244,4.221
709,3.430185,5.941
710,3.434276,4.091
711,3.439792,5.516
712,3.444889,5.097
713,3.448646,3.757
714,3.452869,4.223
715,3.460285,7.416
716,3.464969,4.684
717,3.470042,5.073
718,3.474161,4.119
719,3.479049,4.888
720,3.482763,3.714
721,3.487162,4.399
722,3.493752,6.59
723,3.499774,6.022
724,3.504014,4.24
725,3.508621,4.607
726,3.5136,4.979
727,3.518991,5.391
728,3.524034,5.043
729,3.529517,5.483
730,3.533738,4.221
731,3.538613,4.875
732,3.545548,6.935
733,3.549016,3.468
734,3.5532,4.184
735,3.557579,4.379
736,3.562643,5.064
737,3.568268,5.625
738,3.572661,4.393
739,3.579572,6.911
740,3.583271,3.699
741,3.587967,4.696
742,3.594982,7.015
743,3.598814,3.832
744,3.602993,4.179
745,3.607499,4.506
746,3.61347,5.971
747,3.617804,4.334
748,3.622256,4.452
749,3.627034,4.778
750,3.630904,3.87
751,3.635329,4.425
752,3.642354,7.025
753,3.646839,4.485
754,3.652374,5.535
755,3.657394,5.02
756,3.662923,5.529
757,3.667452,4.529
758,3.671365,3.913
759,3.678228,6.863
760,3.681933,3.705
761,3.68658,4.647
762,3.693468,6.888
763,3.697369,3.901
764,3.701482,4.113
765,3.706082,4.6
766,3.711674,5.592
767,3.716412,4.738
768,3.720766,4.354
769,3.725865,5.099
770,3.729384,3.519
771,3.73397,4.586
772,3.740913,6.943
773,3.745669,4.756
774,3.751033,5.364
775,3.755371,4.338
776,3.760128,4.757
777,3.765676,5.548
778,3.770026,4.35
779,3.779103,9.077
780,3.782629,3.526
781,3.786212,3.583
782,3.793111,6.899
783,3.796789,3.678
784,3.801223,4.434
785,3.805733,4.51
786,3.811596,5.863
787,3.81614,4.544
788,3.820422,4.282
789,3.825579,5.157
790,3.829029,3.45
791,3.833677,4.648
792,3.840889,7.212
793,3.845304,4.415
794,3.850394,5.09
795,3.854956,4.562
796,3.859975,5.019
797,3.865284,5.309
798,3.86964,4.356
799,3.876092,6.452
800,3.879789,3.697
801,3.884717,4.928
802,3.891725,7.008
803,3.895227,3.502
804,3.899508,4.281
805,3.903992,4.484
806,3.909777,5.785
807,3.916177,6.4
808,3.920395,4.218
809,3.927302,6.907
810,3.930832,3.53
811,3.9357,4.868
812,3.942548,6.848
813,3.94632,3.772
814,3.950557,4.237
815,3.96132,10.763
816,3.965773,4.453
817,3.974809,9.036
818,3.978852,4.043
819,3.987558,8.706
820,3.992975,5.417
821,3.997189,4.214
822,4.004599,7.41
823,4.008144,3.545
824,4.013433,5.289
825,4.017317,3.884
826,4.021164,3.847
827,4.025493,4.329
828,4.032152,6.659
829,4.036096,3.944
830,4.04177,5.674
831,4.047802,6.032
832,4.052018,4.216
833,4.056402,4.384
834,4.061609,5.207
835,4.065363,3.754
836,4.06927,3.907
837,4.075604,6.334
838,4.080036,4.432
839,4.083786,3.75
840,4.088037,4.251
841,4.095664,7.627
842,4.099916,4.252
843,4.104085,4.169
844,4.108696,4.611
845,4.114862,6.166
846,4.119538,4.676
847,4.126801,7.263
848,4.133126,6.325
849,4.136112,2.986
850,4.140914,4.802
851,4.146148,5.234
852,4.151192,5.044
853,4.155697,4.505
854,4.160163,4.466
855,4.165351,5.188
856,4.168664,3.313
857,4.175005,6.341
858,4.180018,5.013
859,4.183723,3.705
860,4.187995,4.272
861,4.193507,5.512
862,4.19854,5.033
863,4.202879,4.339
864,4.207262,4.383
865,4.212507,5.245
866,4.21596500000001,3.458
867,4.22256300000001,6.598
868,4.228247,5.684
869,4.23104500000001,2.798
870,4.23526000000001,4.215
871,4.24022300000001,4.963
872,4.24410900000001,3.886
873,4.24834400000001,4.235
874,4.25251300000001,4.169
875,4.26247000000001,9.957
876,4.26711700000001,4.647
877,4.27044600000001,3.329
878,4.27485900000001,4.413
879,4.27880700000001,3.948
880,4.28298400000001,4.177
881,4.28794700000001,4.963
882,4.29368300000001,5.736
883,4.29833400000001,4.651
884,4.30633200000001,7.998
885,4.31087600000001,4.544
886,4.31435300000001,3.477
887,4.32014500000001,5.792
888,4.32529500000001,5.15
889,4.32919500000001,3.9
890,4.33315500000001,3.96
891,4.33807100000001,4.916
892,4.34187400000001,3.803
893,4.34618800000001,4.314
894,4.35060900000001,4.421
895,4.35579500000001,5.186
896,4.35934000000001,3.545
897,4.36552200000001,6.182
898,4.36991500000001,4.393
899,4.37492500000001,5.01
900,4.37873100000001,3.806
901,4.38320200000001,4.471
902,4.39035200000001,7.15
903,4.39378500000001,3.433
904,4.39812200000001,4.337
905,4.40231500000001,4.193
906,4.40735800000001,5.043
907,4.41116900000001,3.811
908,4.41565500000001,4.486
909,4.42000200000001,4.347
910,4.42683800000001,6.836
911,4.43109100000001,4.253
912,4.43630000000001,5.209
913,4.44217400000001,5.874
914,4.44495300000001,2.779
915,4.44943900000001,4.486
916,4.45368700000001,4.248
917,4.45904400000001,5.357
918,4.46276200000001,3.718
919,4.46689500000001,4.133
920,4.47140600000001,4.511
921,4.47619600000001,4.79
922,4.48188300000001,5.687
923,4.48633000000001,4.447
924,4.49143100000001,5.101
925,4.49514900000001,3.718
926,4.49969100000001,4.542
927,4.50613300000001,6.442
928,4.51107300000001,4.94
929,4.51436600000001,3.293
930,4.51912500000001,4.759
931,4.52329700000001,4.172
932,4.53034300000001,7.046
933,4.53398300000001,3.64
934,4.53838700000001,4.404
935,4.54332900000001,4.942
936,4.54723100000001,3.902
937,4.55405700000001,6.826
938,4.55791800000001,3.861
939,4.56265,4.732
940,4.566513,3.863
941,4.57095000000001,4.437
942,4.57539700000001,4.447
943,4.580587,5.19
944,4.58418500000001,3.598
945,4.588898,4.713
946,4.59341,4.512
947,4.59925,5.84
948,4.60359800000001,4.348
949,4.60808000000001,4.482
950,4.61315400000001,5.074
951,4.617225,4.071
952,4.623255,6.03
953,4.62847400000001,5.219
954,4.633282,4.808
955,4.63653800000001,3.256
956,4.64081000000001,4.272
957,4.64767100000001,6.861
958,4.65168000000001,4.009
959,4.65828500000001,6.605
960,4.66266600000001,4.381
961,4.66740700000001,4.741
962,4.67319300000001,5.786
963,4.67750300000001,4.31
964,4.68241900000001,4.916
965,4.68659400000001,4.175
966,4.69084600000001,4.252
967,4.69704200000001,6.196
968,4.70202400000001,4.982
969,4.70580400000001,3.78
970,4.71052500000001,4.721
971,4.71506800000001,4.543
972,4.72083100000001,5.763
973,4.72536200000001,4.531
974,4.73249800000001,7.136
975,4.73677800000001,4.28
976,4.74082700000001,4.049
977,4.74700600000001,6.179
978,4.75198000000001,4.974
979,4.75634600000001,4.366
980,4.76087600000001,4.53
981,4.76477300000001,3.897
982,4.77198800000001,7.215
983,4.77561300000001,3.625
984,4.77987400000001,4.261
985,4.78493300000001,5.059
986,4.78884000000001,3.907
987,4.79538200000001,6.542
988,4.79956300000001,4.181
989,4.80451600000001,4.953
990,4.80851100000001,3.995
991,4.81284200000001,4.331
992,4.81966000000001,6.818
993,4.82346600000001,3.806
994,4.82806300000001,4.597
995,4.83225700000001,4.194
996,4.83716800000001,4.911
997,4.84299800000001,5.83
998,4.84779600000001,4.798
999,4.85268400000001,4.888
1000,4.85668200000001,3.998
1001,4.86085900000001,4.177
1002,4.86733700000001,6.478
1003,4.87241200000001,5.075
1004,4.87581500000001,3.403
1005,4.88050500000001,4.69
1006,4.88524900000001,4.744
1007,4.89093800000001,5.689
1008,4.89534600000001,4.408
1009,4.89975200000001,4.406
1010,4.90504000000001,5.288
1011,4.90854700000001,3.507
1012,4.91474500000001,6.198
1013,4.91947800000001,4.733
1014,4.92341000000001,3.932
1015,4.92774900000001,4.339
1016,4.93254500000001,4.796
1017,4.93921800000001,6.673
1018,4.94319500000001,3.977
1019,4.94794100000001,4.746
1020,4.95211900000001,4.178
1021,4.95589600000001,3.777
1022,4.96463000000001,8.734
1023,4.97518100000001,10.551
1024,4.97882300000001,3.642
1025,4.98327300000001,4.45
1026,4.99013900000001,6.866
1027,4.99375500000001,3.616
1028,5.00072800000001,6.973
1029,5.00546100000001,4.733
1030,5.00931200000001,3.851
1031,5.01368800000001,4.376
1032,5.01897900000001,5.291
1033,5.02256500000001,3.586
1034,5.02689400000001,4.329
1035,5.03487900000001,7.985
1036,5.03830900000001,3.43
1037,5.04436600000001,6.057
1038,5.05055300000001,6.187
1039,5.05428700000001,3.734
1040,5.06013600000001,5.849
1041,5.06496400000001,4.828
1042,5.07053700000001,5.573
1043,5.07487700000001,4.34
1044,5.07983900000001,4.962
1045,5.08364700000001,3.808
1046,5.08819900000001,4.552
1047,5.09259100000001,4.392
1048,5.09786700000001,5.276
1049,5.10146900000001,3.602
1050,5.10586600000001,4.397
1051,5.11067000000001,4.804
1052,5.11636100000001,5.691
1053,5.12082200000001,4.461
1054,5.12570200000001,4.88
1055,5.12955700000001,3.855
1056,5.13418400000001,4.627
1057,5.14040400000001,6.22
1058,5.14681600000001,6.412
1059,5.15120600000001,4.39
1060,5.15625900000001,5.053
1061,5.16069200000001,4.433
1062,5.16622900000001,5.537
1063,5.17134900000001,5.12
1064,5.17587400000001,4.525
1065,5.17933700000001,3.463
1066,5.18377400000001,4.437
1067,5.19011600000001,6.342
1068,5.19506000000001,4.944
1069,5.19878800000001,3.728
1070,5.20351900000001,4.731
1071,5.20852100000001,5.002
1072,5.21396700000001,5.446
1073,5.21847500000001,4.508
1074,5.22327400000001,4.799
1075,5.22725800000001,3.984
1076,5.23170800000001,4.45
1077,5.23791800000001,6.21
1078,5.24475300000001,6.835
1079,5.24894700000001,4.194
1080,5.25332500000001,4.378
1081,5.25939400000001,6.069
1082,5.26411100000001,4.717
1083,5.26855900000001,4.448
1084,5.27514000000001,6.581
1085,5.27872200000001,3.582
1086,5.28451600000001,5.794
1087,5.29075600000001,6.24
1088,5.29580400000001,5.048
1089,5.29984900000001,4.045
1090,5.30424200000001,4.393
1091,5.30937200000001,5.13
1092,5.31501500000001,5.643
1093,5.31952500000001,4.51
1094,5.32774500000001,8.22
1095,5.33112600000001,3.381
1096,5.33532200000001,4.196
1097,5.34168200000001,6.36
1098,5.34678600000001,5.104
1099,5.35084000000001,4.054
1100,5.35556900000001,4.729
1101,5.36095800000001,5.389
1102,5.36635400000001,5.396
1103,5.37093100000001,4.577
1104,5.37627100000001,5.34
1105,5.38042000000001,4.149
1106,5.38499700000001,4.577
1107,5.39128800000001,6.291
1108,5.39660200000001,5.314
1109,5.40047400000001,3.872
1110,5.40518200000001,4.708
1111,5.41022300000001,5.041
1112,5.41616100000001,5.938
1113,5.42069400000001,4.533
1114,5.42640700000001,5.713
1115,5.43055900000001,4.152
1116,5.43469000000001,4.131
1117,5.44093700000001,6.247
1118,5.44613900000001,5.202
1119,5.45021000000001,4.071
1120,5.45482400000001,4.614
1121,5.46007800000001,5.254
1122,5.46545100000001,5.373
1123,5.47007400000001,4.623
1124,5.47558100000001,5.507
1125,5.47904900000001,3.468
1126,5.48363800000001,4.589
1127,5.49010400000001,6.466
1128,5.49494800000001,4.844
1129,5.49892700000001,3.979
1130,5.50372300000001,4.796
1131,5.50855100000001,4.828
1132,5.51428800000001,5.737
1133,5.51887400000001,4.586
1134,5.52420500000001,5.331
1135,5.52879400000001,4.589
1136,5.53297400000001,4.18
1137,5.53885900000001,5.885
1138,5.54384600000001,4.987
1139,5.54762200000001,3.776
1140,5.55195600000001,4.334
1141,5.55730500000001,5.349
1142,5.56089200000001,3.587
1143,5.56516500000001,4.273
1144,5.56949600000001,4.331
1145,5.57589600000001,6.4
1146,5.57959600000001,3.7
1147,5.58583000000001,6.234
1148,5.59098700000001,5.157
1149,5.59469300000001,3.706
1150,5.59894500000001,4.252
1151,5.60306700000001,4.122
1152,5.60985900000001,6.792
1153,5.61354500000001,3.686
1154,5.61802900000001,4.484
1155,5.62533200000001,7.303
1156,5.62960700000001,4.275
1157,5.63317600000001,3.569
1158,5.63729600000001,4.12
1159,5.64236100000001,5.065
1160,5.64598300000001,3.622
1161,5.65009900000001,4.116
1162,5.65749700000001,7.398
1163,5.66256000000001,5.063
1164,5.66692700000001,4.367
1165,5.67141500000001,4.488
1166,5.67597800000001,4.563
1167,5.68168300000001,5.705
1168,5.68585000000001,4.167
1169,5.69132400000001,5.474
1170,5.69620000000001,4.876
1171,5.70100800000001,4.808
1172,5.70717200000001,6.164
1173,5.71206000000001,4.888
1174,5.71575900000001,3.699
1175,5.72004800000001,4.289
1176,5.72564900000001,5.601
1177,5.73331900000001,7.67
1178,5.73753400000001,4.215
1179,5.74131400000001,3.78
1180,5.74629700000001,4.983
1181,5.74996900000001,3.672
1182,5.75696100000001,6.992
1183,5.76087200000001,3.911
1184,5.76492900000001,4.057
1185,5.77029300000001,5.364
1186,5.77621200000001,5.919
1187,5.78136200000001,5.15
1188,5.78617700000001,4.815
1189,5.79178100000001,5.604
1190,5.80011400000001,8.333
1191,5.80595800000001,5.844
1192,5.81165600000001,5.698
1193,5.81848000000001,6.824
1194,5.82664300000001,8.163
1195,5.83035100000001,3.708
1196,5.83444200000001,4.091
1197,5.84131000000001,6.868
1198,5.84763700000001,6.327
1199,5.85611300000001,8.476
1200,5.86059000000001,4.477
1201,5.86677800000001,6.188
1202,5.87106100000001,4.283
1203,5.87458500000001,3.524
1204,5.87892700000001,4.342
1205,5.88387900000001,4.952
1206,5.88770300000001,3.824
1207,5.89205900000001,4.356
1208,5.89728700000001,5.228
1209,5.90077800000001,3.491
1210,5.90747400000001,6.696
1211,5.91319600000001,5.722
1212,5.91654300000001,3.347
1213,5.92092100000001,4.378
1214,5.92595800000001,5.037
1215,5.93009200000001,4.134
1216,5.93458700000001,4.495
1217,5.94356400000001,8.977
1218,5.94776900000001,4.205
1219,5.95175300000001,3.984
1220,5.95702000000001,5.267
1221,5.96039700000001,3.377
1222,5.97472100000001,14.324
1223,5.97941600000001,4.695
1224,5.98330800000001,3.892
1225,5.98968300000001,6.375
1226,5.99472800000001,5.045
1227,6.00020800000001,5.48
1228,6.00465500000001,4.447
1229,6.00961400000001,4.959
1230,6.01314900000001,3.535
1231,6.01845700000001,5.308
1232,6.02339800000001,4.941
1233,6.02705200000001,3.654
1234,6.03144800000001,4.396
1235,6.03933100000001,7.883
1236,6.04369800000001,4.367
1237,6.04722700000001,3.529
1238,6.05193100000001,4.704
1239,6.05764000000001,5.709
1240,6.06045300000001,2.813
1241,6.06464500000001,4.192
1242,6.07154600000001,6.901
1243,6.07556600000001,4.02
1244,6.07937400000001,3.808
1245,6.08402800000001,4.654
1246,6.08890800000001,4.88
1247,6.09224700000001,3.339
1248,6.09654300000001,4.296
1249,6.10100100000001,4.458
1250,6.10643700000001,5.436
1251,6.10962400000001,3.187
1252,6.11617700000001,6.553
1253,6.11988600000001,3.709
1254,6.12468300000001,4.797
1255,6.12852900000001,3.846
1256,6.13287000000001,4.341
1257,6.13929300000001,6.423
1258,6.14438500000001,5.092
1259,6.14826100000001,3.876
1260,6.15192900000001,3.668
1261,6.15646800000001,4.539
1262,6.16298700000001,6.519
1263,6.16680400000001,3.817
1264,6.17107500000001,4.271
1265,6.17528900000001,4.214
1266,6.18031500000001,5.026
1267,6.18569100000001,5.376
1268,6.19017100000001,4.48
1269,6.19423900000001,4.068
1270,6.19952400000001,5.285
1271,6.20481600000001,5.292
1272,6.21057100000001,5.755
1273,6.21760800000001,7.037
1274,6.23041300000001,12.805
1275,6.23427500000001,3.862
1276,6.23832000000001,4.045
1277,6.24454000000001,6.22
1278,6.24970500000001,5.165
1279,6.25639500000001,6.69
1280,6.26001800000001,3.623
1281,6.26585700000001,5.839
1282,6.27093300000001,5.076
1283,6.27452300000001,3.59
1284,6.27854800000001,4.025
1285,6.28485700000001,6.309
1286,6.28824500000001,3.388
1287,6.29245400000001,4.209
1288,6.30017300000001,7.719
1289,6.30362300000001,3.45
1290,6.30994600000001,6.323
1291,6.31475900000001,4.813
1292,6.31842600000001,3.667
1293,6.32261100000001,4.185
1294,6.32972000000001,7.109
1295,6.33396700000001,4.247
1296,6.33815000000001,4.183
1297,6.34294400000001,4.794
1298,6.34869500000001,5.751
1299,6.35372500000001,5.03
1300,6.35805100000001,4.326
1301,6.36264400000001,4.593
1302,6.36630800000001,3.664
1303,6.37047500000001,4.167
1304,6.37507600000001,4.601
1305,6.38129200000001,6.216
1306,6.38556200000001,4.27
1307,6.38982800000001,4.266
1308,6.39523600000001,5.408
1309,6.39860800000001,3.372
1310,6.40477200000001,6.164
1311,6.41022700000001,5.455
1312,6.41396600000001,3.739
1313,6.41774600000001,3.78
1314,6.42278100000001,5.035
1315,6.42802100000001,5.24
1316,6.43241600000001,4.395
1317,6.43675600000001,4.34
1318,6.44196900000001,5.213
1319,6.44927500000001,7.306
1320,6.45316300000001,3.888
1321,6.45863300000001,5.47
1322,6.46222000000001,3.587
1323,6.46630000000001,4.08
1324,6.47058600000001,4.286
1325,6.47564100000001,5.055
1326,6.47943700000001,3.796
1327,6.48404400000001,4.607
1328,6.49027900000001,6.235
1329,6.49383100000001,3.552
1330,6.49989900000001,6.068
1331,6.50431300000001,4.414
1332,6.50887500000001,4.562
1333,6.51275700000001,3.882
1334,6.51716100000001,4.404
1335,6.52221900000001,5.058
1336,6.52709000000001,4.871
1337,6.53099500000001,3.905
1338,6.53635100000001,5.356
1339,6.54337700000001,7.026
1340,6.54687700000001,3.5
1341,6.55354900000001,6.672
1342,6.55791400000001,4.365
1343,6.56146600000001,3.552
1344,6.56594000000001,4.474
1345,6.57029900000001,4.359
1346,6.57671700000001,6.418
1347,6.58040300000001,3.686
1348,6.58633900000001,5.936
1349,6.59136100000001,5.022
1350,6.59678300000001,5.422
1351,6.60140900000001,4.626
1352,6.60593000000001,4.521
1353,6.61021300000001,4.283
1354,6.61378200000001,3.569
1355,6.61837700000001,4.595
1356,6.62363700000001,5.26
1357,6.62797000000001,4.333
1358,6.63133400000001,3.364
1359,6.63753400000001,6.2
1360,6.64212200000001,4.588
1361,6.64791100000001,5.789
1362,6.65211700000001,4.206
1363,6.65735300000001,5.236
1364,6.66230100000001,4.948
1365,6.66721400000001,4.913
1366,6.67168800000001,4.474
1367,6.67700700000001,5.319
1368,6.68177500000001,4.768
1369,6.68615900000001,4.384
1370,6.69285800000001,6.699
1371,6.69663300000001,3.775
1372,6.70076600000001,4.133
1373,6.70574700000001,4.981
1374,6.71044300000001,4.696
1375,6.71604100000001,5.598
1376,6.72037800000001,4.337
1377,6.72579700000001,5.419
1378,6.73032900000001,4.532
1379,6.73618100000001,5.852
1380,6.74229700000001,6.116
1381,6.74713000000001,4.833
1382,6.75088100000001,3.751
1383,6.75656500000001,5.684
1384,6.76067500000001,4.11
1385,6.76629500000001,5.62
1386,6.77064200000001,4.347
1387,6.77481300000001,4.171
1388,6.78039200000001,5.579
1389,6.78388100000001,3.489
1390,6.79019900000001,6.318
1391,6.79506500000001,4.866
1392,6.79873500000001,3.67
1393,6.80299000000001,4.255
1394,6.80839600000001,5.406
1395,6.81320400000001,4.808
1396,6.81700800000001,3.804
1397,6.82315700000001,6.149
1398,6.82900800000001,5.851
1399,6.83245600000001,3.448
1400,6.83710600000001,4.65
1401,6.84269400000001,5.588
1402,6.84774000000001,5.046
1403,6.85148400000001,3.744
1404,6.85600200000001,4.518
1405,6.86088800000001,4.886
1406,6.86476200000001,3.874
1407,6.86909400000001,4.332
1408,6.87503600000001,5.942
1409,6.87928300000001,4.247
1410,6.88499200000001,5.709
1411,6.88959000000001,4.598
1412,6.89427200000001,4.682
1413,6.89785100000001,3.579
1414,6.90211700000001,4.266
1415,6.90746600000001,5.349
1416,6.91226900000001,4.803
1417,6.91773100000001,5.462
1418,6.92226300000001,4.532
1419,6.92855100000001,6.288
1420,6.93255800000001,4.007
1421,6.93683500000001,4.277
1422,6.94517700000001,8.342
1423,6.95015400000001,4.977
1424,6.95364600000001,3.492
1425,6.95806900000001,4.423
1426,6.96303400000001,4.965
1427,6.96679900000001,3.765
1428,6.97915100000001,12.352
1429,6.98376500000001,4.614
1430,6.99266800000001,8.903
1431,6.99697700000001,4.309
1432,7.00337800000001,6.401
1433,7.00795700000001,4.579
1434,7.01191800000001,3.961
1435,7.01611000000001,4.192
1436,7.02111300000001,5.003
1437,7.02466400000001,3.551
1438,7.02913700000001,4.473
1439,7.03596300000001,6.826
1440,7.03977400000001,3.811
1441,7.04458600000001,4.812
1442,7.04852400000001,3.938
1443,7.05365000000001,5.126
1444,7.05739500000001,3.745
1445,7.06141500000001,4.02
1446,7.06692500000001,5.51
1447,7.07092000000001,3.995
1448,7.07530600000001,4.386
1449,7.07991300000001,4.607
1450,7.08587000000001,5.957
1451,7.09001100000001,4.141
1452,7.09437100000001,4.36
1453,7.09924600000001,4.875
1454,7.10460600000001,5.36
1455,7.10817500000001,3.569
1456,7.11341600000001,5.241
1457,7.11877600000001,5.36
1458,7.12278900000001,4.013
1459,7.12979600000001,7.007
1460,7.13335900000001,3.563
1461,7.13962700000001,6.268
1462,7.14378700000001,4.16
1463,7.14915200000001,5.365
1464,7.15327800000001,4.126
1465,7.15969100000001,6.413
1466,7.16469500000001,5.004
1467,7.16837800000001,3.683
1468,7.17468700000001,6.309
1469,7.17954400000001,4.857
1470,7.18535900000001,5.815
1471,7.18984500000001,4.486
1472,7.19405200000001,4.207
1473,7.19899900000001,4.947
1474,7.20316200000001,4.163
1475,7.20763500000001,4.473
1476,7.21260600000001,4.971
1477,7.21794800000001,5.342
1478,7.22250100000001,4.553
1479,7.22867500000001,6.174
1480,7.23365600000001,4.981
1481,7.23772900000001,4.073
1482,7.24220200000001,4.473
1483,7.24705600000001,4.854
1484,7.25092000000001,3.864
1485,7.25583700000001,4.917
1486,7.26050200000001,4.665
1487,7.26529000000001,4.788
1488,7.27102100000001,5.731
1489,7.27561500000001,4.594
1490,7.28245800000001,6.843
1491,7.28652100000001,4.063
1492,7.29077500000001,4.254
1493,7.29529700000001,4.522
1494,7.30039100000001,5.094
1495,7.30431600000001,3.925
1496,7.30889600000001,4.58
1497,7.315425,6.529
1498,7.319457,4.032
1499,7.325983,6.526
1500,7.330792,4.809
1501,7.334709,3.917
1502,7.339294,4.585
1503,7.343897,4.603
1504,7.349034,5.137
1505,7.35339,4.356
1506,7.358754,5.364
1507,7.363006,4.252
1508,7.368484,5.478
1509,7.373059,4.575
1510,7.38022800000001,7.169
1511,7.38394800000001,3.72
1512,7.38865700000001,4.709
1513,7.39451600000001,5.859
1514,7.40074400000001,6.228
1515,7.40454100000001,3.797
1516,7.40915800000001,4.617
1517,7.41567800000001,6.52
1518,7.41996300000001,4.285
1519,7.42627000000001,6.307
1520,7.43126500000001,4.995
1521,7.435431,4.166
1522,7.439918,4.487
1523,7.444569,4.651
1524,7.44992100000001,5.352
1525,7.45354300000001,3.622
1526,7.45973300000001,6.19
1527,7.46445400000001,4.721
1528,7.47060700000001,6.153
1529,7.47463700000001,4.03
1530,7.48227900000001,7.642
1531,7.48578700000001,3.508
1532,7.49037100000001,4.584
1533,7.49481300000001,4.442
1534,7.49987700000001,5.064
1535,7.50411100000001,4.234
1536,7.50840600000001,4.295
1537,7.51520800000001,6.802
1538,7.51902300000001,3.815
1539,7.52556400000001,6.541
1540,7.53080600000001,5.242
1541,7.53438700000001,3.581
1542,7.53881400000001,4.427
1543,7.54325000000001,4.436
1544,7.54863100000001,5.381
1545,7.55234500000001,3.714
1546,7.55777600000001,5.431
1547,7.56214600000001,4.37
1548,7.56772200000001,5.576
1549,7.57211900000001,4.397
1550,7.57856600000001,6.447
1551,7.58403200000001,5.466
1552,7.58860100000001,4.569
1553,7.59308600000001,4.485
1554,7.59858500000001,5.499
1555,7.60225200000001,3.667
1556,7.60628400000001,4.032
1557,7.61223500000001,5.951
1558,7.61714700000001,4.912
1559,7.62287500000001,5.728
1560,7.62726000000001,4.385
1561,7.63139800000001,4.138
1562,7.63666100000001,5.263
1563,7.64429900000001,7.638
1564,7.64870800000001,4.409
1565,7.65358100000001,4.873
1566,7.65826900000001,4.688
1567,7.66247400000001,4.205
1568,7.66889600000001,6.422
1569,7.67250800000001,3.612
1570,7.67873500000001,6.227
1571,7.68353000000001,4.795
1572,7.68712000000001,3.59
1573,7.69157900000001,4.459
1574,7.69534600000001,3.767
1575,7.70032100000001,4.975
1576,7.70563900000001,5.318
1577,7.71065500000001,5.016
1578,7.715278,4.623
1579,7.721804,6.526
1580,7.72656000000001,4.756
1581,7.73232600000001,5.766
1582,7.73557600000001,3.25
1583,7.73971000000001,4.134
1584,7.74397400000001,4.264
1585,7.74881700000001,4.843
1586,7.75338200000001,4.565
1587,7.76009100000001,6.709
1588,7.76427900000001,4.188
1589,7.76764800000001,3.369
1590,7.77406700000001,6.419
1591,7.77801500000001,3.948
1592,7.78272900000001,4.714
1593,7.78647600000001,3.747
1594,7.79128200000001,4.806
1595,7.79581500000001,4.533
1596,7.79894100000001,3.126
1597,7.80374000000001,4.799
1598,7.80788600000001,4.146
1599,7.81455300000001,6.667
1600,7.81814900000001,3.596
1601,7.82382100000001,5.672
1602,7.83039600000001,6.575
1603,7.83352600000001,3.13
1604,7.83750200000001,3.976
1605,7.84161600000001,4.114
1606,7.84709500000001,5.479
1607,7.85138300000001,4.288
1608,7.85614700000001,4.764
1609,7.86268100000001,6.534
1610,7.86842800000001,5.747
1611,7.87248100000001,4.053
1612,7.87664700000001,4.166
1613,7.88141100000001,4.764
1614,7.88508200000001,3.671
1615,7.89121900000001,6.137
1616,7.89563000000001,4.411
1617,7.90092900000001,5.299
1618,7.90526500000001,4.336
1619,7.91123000000001,5.965
1620,7.91598900000001,4.759
1621,7.91973200000001,3.743
1622,7.92484800000001,5.116
1623,7.93062900000001,5.781
1624,7.93380600000001,3.177
1625,7.93866100000001,4.855
1626,7.94324400000001,4.583
1627,7.94814000000001,4.896
1628,7.95385900000001,5.719
1629,7.95903800000001,5.179
1630,7.96450700000001,5.469
1631,7.96810300000001,3.596
1632,7.97224800000001,4.145
1633,7.98861100000001,16.363
1634,7.99134300000001,2.732
1635,7.99572900000001,4.386
1636,8.00037200000001,4.643
1637,8.00674700000001,6.375
1638,8.01021200000001,3.465
1639,8.01614100000001,5.929
1640,8.02090600000001,4.765
1641,8.02670600000001,5.8
1642,8.03060300000001,3.897
1643,8.03665400000001,6.051
1644,8.04000700000001,3.353
1645,8.04414900000001,4.142
1646,8.04846600000001,4.317
1647,8.05342600000001,4.96
1648,8.05894200000001,5.516
1649,8.06292800000001,3.986
1650,8.06986800000001,6.94
1651,8.07334800000001,3.48
1652,8.07726500000001,3.917
1653,8.08213100000001,4.866
1654,8.08568200000001,3.551
1655,8.09181200000001,6.13
1656,8.09588000000001,4.068
1657,8.10225300000001,6.373
1658,8.10588200000001,3.629
1659,8.11186300000001,5.981
1660,8.11679600000001,4.933
1661,8.12016200000001,3.366
1662,8.12493700000001,4.775
1663,8.13202400000001,7.087
1664,8.13519000000001,3.166
1665,8.14007200000001,4.882
1666,8.14388800000001,3.816
1667,8.14839700000001,4.509
1668,8.15397600000001,5.579
1669,8.15812500000001,4.149
1670,8.16459400000001,6.469
1671,8.16845900000001,3.865
1672,8.17316100000001,4.702
1673,8.17755400000001,4.393
1674,8.18347300000001,5.919
1675,8.18727500000001,3.802
1676,8.19136300000001,4.088
1677,8.19721600000001,5.853
1678,8.20088500000001,3.669
1679,8.20614800000001,5.263
1680,8.21013400000001,3.986
1681,8.21596700000001,5.833
1682,8.22092900000001,4.962
1683,8.22606500000001,5.136
1684,8.23056400000001,4.499
1685,8.23436200000001,3.798
1686,8.23996700000001,5.605
1687,8.24638300000001,6.416
1688,8.24948700000001,3.104
1689,8.25356500000001,4.078
1690,8.25945000000001,5.885
1691,8.26403700000001,4.587
1692,8.26748900000001,3.452
1693,8.27277900000001,5.29
1694,8.27748900000001,4.71
1695,8.28161600000001,4.127
1696,8.28535400000001,3.738
1697,8.29057500000001,5.221
1698,8.29492800000001,4.353
1699,8.30055200000001,5.624
1700,8.30485400000001,4.302
1701,8.31000000000001,5.146
1702,8.31378100000001,3.781
1703,8.31848100000001,4.7
1704,8.32382900000001,5.348
1705,8.32873900000001,4.91
1706,8.33275300000001,4.014
1707,8.34295600000001,10.203
1708,8.35019300000001,7.237
1709,8.35656300000001,6.37
1710,8.36090500000001,4.342
1711,8.37159100000001,10.686
1712,8.37769600000001,6.105
1713,8.38286000000001,5.164
1714,8.39068500000001,7.825
1715,8.39626100000001,5.576
1716,8.40888700000001,12.626
1717,8.41476100000001,5.874
1718,8.41890400000001,4.143
1719,8.42484800000001,5.944
1720,8.42906600000001,4.218
1721,8.43481500000001,5.749
1722,8.44399300000001,9.178
1723,8.45136200000001,7.369
1724,8.45764800000001,6.286
1725,8.46209000000001,4.442
1726,8.46546300000001,3.373
1727,8.472674,7.211
1728,8.477179,4.505
1729,8.481352,4.173
1730,8.48689800000001,5.546
1731,8.492638,5.74
1732,8.497495,4.857
1733,8.501601,4.106
1734,8.50748,5.879
1735,8.512871,5.391
1736,8.518421,5.55
1737,8.524514,6.093
1738,8.531416,6.902
1739,8.535577,4.161
1740,8.541012,5.435
1741,8.54603,5.018
1742,8.55035,4.32
1743,8.559461,9.111
1744,8.564352,4.891
1745,8.56925000000001,4.898
1746,8.57420900000001,4.959
1747,8.57929300000001,5.084
1748,8.583445,4.152
1749,8.58948000000001,6.035
1750,8.59361200000001,4.132
1751,8.59997200000001,6.36
1752,8.60599200000001,6.02
1753,8.61072200000001,4.73
1754,8.61732300000001,6.601
1755,8.62251600000001,5.193
1756,8.62623300000001,3.717
1757,8.63099600000001,4.763
1758,8.63636000000001,5.364
1759,8.64407500000001,7.715
1760,8.64856400000001,4.489
1761,8.65328300000001,4.719
1762,8.66036300000001,7.08
1763,8.665873,5.51
1764,8.672602,6.729
1765,8.677406,4.804
1766,8.681524,4.118
1767,8.687767,6.243
1768,8.692775,5.008
1769,8.698548,5.773
1770,8.704237,5.689
1771,8.70814300000001,3.906
1772,8.712554,4.411
1773,8.719049,6.495
1774,8.728188,9.139
1775,8.735726,7.538
1776,8.740696,4.97
1777,8.744864,4.168
1778,8.749601,4.737
1779,8.755561,5.96
1780,8.759349,3.788
1781,8.765043,5.694
1782,8.769954,4.911
1783,8.77406,4.106
1784,8.780338,6.278
1785,8.786228,5.89
1786,8.79185700000001,5.629
1787,8.79946100000001,7.604
1788,8.80493100000001,5.47
1789,8.80988800000001,4.957
1790,8.81507600000001,5.188
1791,8.82074800000001,5.672
1792,8.82556000000001,4.812
1793,8.83020800000001,4.648
1794,8.83566800000001,5.46
1795,8.83979800000001,4.13
1796,8.84413600000001,4.338
1797,8.85052800000001,6.392
1798,8.85445800000001,3.93
1799,8.85875800000001,4.3
1800,8.86378000000001,5.022
1801,8.86795400000001,4.174
1802,8.87184300000001,3.889
1803,8.87685700000001,5.014
1804,8.88062800000001,3.771
1805,8.88709000000001,6.462
1806,8.89143100000001,4.341
1807,8.89624600000001,4.815
1808,8.90211900000001,5.873
1809,8.90637100000001,4.252
1810,8.91117000000001,4.799
1811,8.91702800000001,5.858
1812,8.92129900000001,4.271
1813,8.92638000000001,5.081
1814,8.93191300000001,5.533
1815,8.93666400000001,4.751
1816,8.94222400000001,5.56
1817,8.94674500000001,4.521
1818,8.95344900000001,6.704
1819,8.95670800000001,3.259
1820,8.96216900000001,5.461
1821,8.96585700000001,3.688
1822,8.97018100000001,4.324
1823,8.97502400000001,4.843
1824,8.99055600000001,15.532
1825,8.99677400000001,6.218
1826,9.00321900000001,6.445
1827,9.00682500000001,3.606
1828,9.01318800000001,6.363
1829,9.01797900000001,4.791
1830,9.02173700000001,3.758
1831,9.02803800000001,6.301
1832,9.03284200000001,4.804
1833,9.03640200000001,3.56
1834,9.04288200000001,6.48
1835,9.04835700000001,5.475
1836,9.05331900000001,4.962
1837,9.05922200000001,5.903
1838,9.06394700000001,4.725
1839,9.06770200000001,3.755
1840,9.07308300000001,5.381
1841,9.07676800000001,3.685
1842,9.08177000000001,5.002
1843,9.08554500000001,3.775
1844,9.08992000000001,4.375
1845,9.09472500000001,4.805
1846,9.09920800000001,4.483
1847,9.10308600000001,3.878
1848,9.10974100000001,6.655
1849,9.11370600000001,3.965
1850,9.11769200000001,3.986
1851,9.12246700000001,4.775
1852,9.12732500000001,4.858
1853,9.13145100000001,4.126
1854,9.13788300000001,6.432
1855,9.14179100000001,3.908
1856,9.14588500000001,4.094
1857,9.15166400000001,5.779
1858,9.15800900000001,6.345
1859,9.16227300000001,4.264
1860,9.16671100000001,4.438
1861,9.17097900000001,4.268
1862,9.17573700000001,4.758
1863,9.17964000000001,3.903
1864,9.18410300000001,4.463
1865,9.18879400000001,4.691
1866,9.19263300000001,3.839
1867,9.19689700000001,4.264
1868,9.201502,4.605
1869,9.20605,4.548
1870,9.21176700000001,5.717
1871,9.21604100000001,4.274
1872,9.22042400000001,4.383
1873,9.22545600000001,5.032
1874,9.22921000000001,3.754
1875,9.23580000000001,6.59
1876,9.24084100000001,5.041
1877,9.24490800000001,4.067
1878,9.24908000000001,4.172
1879,9.25355900000001,4.479
1880,9.26006200000001,6.503
1881,9.26387900000001,3.817
1882,9.26862300000001,4.744
1883,9.27278800000001,4.165
1884,9.27735300000001,4.565
1885,9.28316100000001,5.808
1886,9.28737700000001,4.216
1887,9.29220000000001,4.823
1888,9.29625400000001,4.054
1889,9.30051500000001,4.261
1890,9.30492700000001,4.412
1891,9.30957500000001,4.648
1892,9.31337000000001,3.795
1893,9.31785200000001,4.482
1894,9.32210000000001,4.248
1895,9.32895500000001,6.855
1896,9.33264500000001,3.69
1897,9.33866900000001,6.024
1898,9.34376800000001,5.099
1899,9.34854600000001,4.778
1900,9.35477400000001,6.228
1901,9.35914000000001,4.366
1902,9.36427100000001,5.131
1903,9.36944700000001,5.176
1904,9.37277600000001,3.329
1905,9.37846400000001,5.688
1906,9.38340000000001,4.936
1907,9.38770800000001,4.308
1908,9.39206000000001,4.352
1909,9.39703400000001,4.974
1910,9.40291700000001,5.883
1911,9.40715300000001,4.236
1912,9.41161400000001,4.461
1913,9.41616300000001,4.549
1914,9.42015700000001,3.994
1915,9.42633400000001,6.177
1916,9.43117700000001,4.843
1917,9.43509000000001,3.913
1918,9.43945100000001,4.361
1919,9.44385800000001,4.407
1920,9.45028900000001,6.431
1921,9.45493400000001,4.645
1922,9.45912100000001,4.187
1923,9.46359700000001,4.476
1924,9.46733200000001,3.735
1925,9.47243700000001,5.105
1926,9.47641500000001,3.978
1927,9.48134300000001,4.928
1928,9.48496700000001,3.624
1929,9.48985100000001,4.884
1930,9.49548900000001,5.638
1931,9.50038700000001,4.898
1932,9.50438000000001,3.993
1933,9.50888100000001,4.501
1934,9.51396100000001,5.08
1935,9.51942600000001,5.465
1936,9.52577400000001,6.348
1937,9.53156200000001,5.788
1938,9.53659600000001,5.034
1939,9.54019300000001,3.597
1940,9.54644700000001,6.254
1941,9.55143400000001,4.987
1942,9.55603500000001,4.601
1943,9.56081400000001,4.779
1944,9.56603800000001,5.224
1945,9.57291500000001,6.877
1946,9.576856,3.941
1947,9.58099200000001,4.136
1948,9.58633900000001,5.347
1949,9.58964800000001,3.309
1950,9.59608500000001,6.437
1951,9.60032400000001,4.239
1952,9.60536700000001,5.043
1953,9.60927900000001,3.912
1954,9.61355800000001,4.279
1955,9.62196300000001,8.405
1956,9.62619700000001,4.234
1957,9.63111500000001,4.918
1958,9.63512000000001,4.005
1959,9.63985200000001,4.732
1960,9.64595800000001,6.106
1961,9.64971400000001,3.756
1962,9.65517700000001,5.463
1963,9.65981900000001,4.642
1964,9.66511900000001,5.3
1965,9.67201200000001,6.893
1966,9.67567200000001,3.66
1967,9.68018300000001,4.511
1968,9.68460800000001,4.425
1969,9.68952500000001,4.917
1970,9.69513500000001,5.61
1971,9.69938200000001,4.247
1972,9.70432500000001,4.943
1973,9.70816600000001,3.841
1974,9.71258100000001,4.415
1975,9.71957900000001,6.998
1976,9.72558400000001,6.005
1977,9.72967300000001,4.089
1978,9.73414600000001,4.473
1979,9.74087500000001,6.729
1980,9.74465500000001,3.78
1981,9.74902700000001,4.372
1982,9.75427300000001,5.246
1983,9.75824800000001,3.975
1984,9.76223500000001,3.987
1985,9.76978100000001,7.546
1986,9.77303800000001,3.257
1987,9.77731300000001,4.275
1988,9.78177400000001,4.461
1989,9.78862000000001,6.846
1990,9.79340800000001,4.788
1991,9.79893700000001,5.529
1992,9.80437100000001,5.434
1993,9.80762900000001,3.258
1994,9.81205700000001,4.428
1995,9.81985600000001,7.799
1996,9.82529900000001,5.443
1997,9.83048500000001,5.186
1998,9.83390000000001,3.415
1999,9.83888700000001,4.987
2000,9.84429800000001,5.411
2001,9.84888700000001,4.589
2002,9.85370800000001,4.821
2003,9.85744100000001,3.733
2004,9.86178500000001,4.344
2005,9.86937000000001,7.585
2006,9.87246800000001,3.098
2007,9.87680800000001,4.34
2008,9.88130700000001,4.499
2009,9.88701400000001,5.707
2010,9.89073600000001,3.722
2011,9.89450100000001,3.765
2012,9.89952800000001,5.027
2013,9.90432300000001,4.795
2014,9.9088,4.477
2015,9.915821,7.021
2016,9.92031800000001,4.497
2017,9.92558500000001,5.267
2018,9.930219,4.634
2019,9.933326,3.107
2020,9.937508,4.182
2021,9.941871,4.363
2022,9.946908,5.037
2023,9.950996,4.088
2024,9.955698,4.702
2025,9.961768,6.07
2026,9.967263,5.495
2027,9.970892,3.629
2028,9.975343,4.451
2029,9.980456,5.113
2030,9.992802,12.346
2031,9.997182,4.38
2032,10.00614,8.958
2033,10.010235,4.095
2034,10.015768,5.533
2035,10.019885,4.117
2036,10.024941,5.056
2037,10.028681,3.74
2038,10.034036,5.355
2039,10.039821,5.785
2040,10.04516,5.339
2041,10.049589,4.429
2042,10.05479,5.201
2043,10.05896,4.17
2044,10.063348,4.388
2045,10.069897,6.549
2046,10.0764,6.503
2047,10.080198,3.798
2048,10.084973,4.775
2049,10.090383,5.41
2050,10.095982,5.599
2051,10.100583,4.601
2052,10.105947,5.364
2053,10.110082,4.135
2054,10.114429,4.347
2055,10.121676,7.247
2056,10.12558,3.904
2057,10.130303,4.723
2058,10.13557,5.267
2059,10.139346,3.776
2060,10.145985,6.639
2061,10.151357,5.372
2062,10.155026,3.669
2063,10.159674,4.648
2064,10.164914,5.24
2065,10.170856,5.942
2066,10.175569,4.713
2067,10.180663,5.094
2068,10.185081,4.418
2069,10.189111,4.03
2070,10.195662,6.551
2071,10.201034,5.372
2072,10.20487,3.836
2073,10.209077,4.207
2074,10.214353,5.276
2075,10.219973,5.62
2076,10.224517,4.544
2077,10.229451,4.934
2078,10.234161,4.71
2079,10.238966,4.805
2080,10.244626,5.66
2081,10.2497,5.074
2082,10.253229,3.529
2083,10.257641,4.412
2084,10.262523,4.882
2085,10.268287,5.764
2086,10.272418,4.131
2087,10.277265,4.847
2088,10.28129,4.025
2089,10.28588,4.59
2090,10.29174,5.86
2091,10.296859,5.119
2092,10.30055,3.691
2093,10.304677,4.127
2094,10.309333,4.656
2095,10.314924,5.591
2096,10.31918,4.256
2097,10.324449,5.269
2098,10.327801,3.352
2099,10.332018,4.217
2100,10.336607,4.589
2101,10.341678,5.071
2102,10.345479,3.801
2103,10.349333,3.854
2104,10.353539,4.206
2105,10.360175,6.636
2106,10.364011,3.836
2107,10.368534,4.523
2108,10.373427,4.893
2109,10.376867,3.44
2110,10.383121,6.254
2111,10.387348,4.227
2112,10.392266,4.918
2113,10.395902,3.636
2114,10.400117,4.215
2115,10.404539,4.422
2116,10.409582,5.043
2117,10.413055,3.473
2118,10.41745,4.395
2119,10.422311,4.861
2120,10.427742,5.431
2121,10.432115,4.373
2122,10.436713,4.598
2123,10.442078,5.365
2124,10.446254,4.176
2125,10.451368,5.114
2126,10.455341,3.973
2127,10.460131,4.79
2128,10.46392,3.789
2129,10.468366,4.446
2130,10.473645,5.279
2131,10.476901,3.256
2132,10.481234,4.333
2133,10.485884,4.65
2134,10.49062,4.736
2135,10.496264,5.644
2136,10.500594,4.33
2137,10.505314,4.72
2138,10.510107,4.793
2139,10.513756,3.649
2140,10.519758,6.002
2141,10.524572,4.814
2142,10.528262,3.69
2143,10.532557,4.295
2144,10.537246,4.689
2145,10.543658,6.412
2146,10.547539,3.881
2147,10.551566,4.027
2148,10.55641,4.844
2149,10.56137,4.96
2150,10.566324,4.954
2151,10.571328,5.004
2152,10.577632,6.304
2153,10.581328,3.696
2154,10.586155,4.827
2155,10.59186,5.705
2156,10.596588,4.728
2157,10.600373,3.785
2158,10.604416,4.043
2159,10.608802,4.386
2160,10.615409,6.607
2161,10.619178,3.769
2162,10.623555,4.377
2163,10.628524,4.969
2164,10.632062,3.538
2165,10.636866,4.804
2166,10.640858,3.992
2167,10.645659,4.801
2168,10.649619,3.96
2169,10.654194,4.575
2170,10.660327,6.133
2171,10.664928,4.601
2172,10.668593,3.665
2173,10.672818,4.225
2174,10.677793,4.975
2175,10.683493,5.7
2176,10.68757,4.077
2177,10.691916,4.346
2178,10.697034,5.118
2179,10.700553,3.519
2180,10.704733,4.18
2181,10.709065,4.332
2182,10.714141,5.076
2183,10.718077,3.936
2184,10.722004,3.927
2185,10.729034,7.03
2186,10.732531,3.497
2187,10.736765,4.234
2188,10.741311,4.546
2189,10.746539,5.228
2190,10.751598,5.059
2191,10.756548,4.95
2192,10.760988,4.44
2193,10.765052,4.064
2194,10.769418,4.366
2195,10.774845,5.427
2196,10.779857,5.012
2197,10.783567,3.71
2198,10.788003,4.436
2199,10.792528,4.525
2200,10.798874,6.346
2201,10.802487,3.613
2202,10.80681,4.323
2203,10.811253,4.443
2204,10.816212,4.959
2205,10.820251,4.039
2206,10.824762,4.511
2207,10.829247,4.485
2208,10.832841,3.594
2209,10.837027,4.186
2210,10.843187,6.16
2211,10.848117,4.93
2212,10.852157,4.04
2213,10.856258,4.101
2214,10.860579,4.321
2215,10.869587,9.008
2216,10.874783,5.196
2217,10.879195,4.412
2218,10.886575,7.38
2219,10.892615,6.04
2220,10.897303,4.688
2221,10.902146,4.843
2222,10.907364,5.218
2223,10.912387,5.023
2224,10.917191,4.804
2225,10.928527,11.336
2226,10.934623,6.096
2227,10.94025,5.627
2228,10.945751,5.501
2229,10.950098,4.347
2230,10.9576,7.502
2231,10.966283,8.683
2232,10.972131,5.848
2233,10.975319,3.188
2234,10.980752,5.433
2235,10.98734,6.588
2236,10.99118,3.84
2237,11.000853,9.673
2238,11.004231,3.378
2239,11.008332,4.101
2240,11.018108,9.776
2241,11.023042,4.934
2242,11.030673,7.631
2243,11.034046,3.373
2244,11.03925,5.204
2245,11.045708,6.458
2246,11.049459,3.751
2247,11.053886,4.427
2248,11.058515,4.629
2249,11.062417,3.902
2250,11.06851,6.093
2251,11.073331,4.821
2252,11.077019,3.688
2253,11.081448,4.429
2254,11.086545,5.097
2255,11.093033,6.488
2256,11.097036,4.003
2257,11.101215,4.179
2258,11.106074,4.859
2259,11.109687,3.613
2260,11.116112,6.425
2261,11.120301,4.189
2262,11.125241,4.94
2263,11.129379,4.138
2264,11.133404,4.025
2265,11.140852,7.448
2266,11.14467,3.818
2267,11.148197,3.527
2268,11.152655,4.458
2269,11.157623,4.968
2270,11.16335,5.727
2271,11.167736,4.386
2272,11.17281,5.074
2273,11.176142,3.332
2274,11.180576,4.434
2275,11.185354,4.778
2276,11.190158,4.804
2277,11.193981,3.823
2278,11.199074,5.093
2279,11.203977,4.903
2280,11.207605,3.628
2281,11.211442,3.837
2282,11.215891,4.449
2283,11.220363,4.472
2284,11.225671,5.308
2285,11.232614,6.943
2286,11.237622,5.008
2287,11.24211,4.488
2288,11.247361,5.251
2289,11.253209,5.848
2290,11.257386,4.177
2291,11.261765,4.379
2292,11.266647,4.882
2293,11.270758,4.111
2294,11.276583,5.825
2295,11.283883,7.3
2296,11.287195,3.312
2297,11.291738,4.543
2298,11.295923,4.185
2299,11.301281,5.358
2300,11.305061,3.78
2301,11.309064,4.003
2302,11.313412,4.348
2303,11.318318,4.906
2304,11.322174,3.856
2305,11.328326,6.152
2306,11.333504,5.178
2307,11.337347,3.843
2308,11.341859,4.512
2309,11.348594,6.735
2310,11.354083,5.489
2311,11.357775,3.692
2312,11.363532,5.757
2313,11.367963,4.431
2314,11.372787,4.824
2315,11.378297,5.51
2316,11.382736,4.439
2317,11.388754,6.018
2318,11.392781,4.027
2319,11.398138,5.357
2320,11.405159,7.021
2321,11.408771,3.612
2322,11.413121,4.35
2323,11.417718,4.597
2324,11.423179,5.461
2325,11.428184,5.005
2326,11.432541,4.357
2327,11.437804,5.263
2328,11.44132,3.516
2329,11.445703,4.383
2330,11.45299,7.287
2331,11.458219,5.229
2332,11.463287,5.068
2333,11.467391,4.104
2334,11.472194,4.803
2335,11.478012,5.818
2336,11.482427,4.415
2337,11.48785,5.423
2338,11.492731,4.881
2339,11.498207,5.476
2340,11.504987,6.78
2341,11.509263,4.276
2342,11.514129,4.866
2343,11.517636,3.507
2344,11.523325,5.689
2345,11.528611,5.286
2346,11.532678,4.067
2347,11.537837,5.159
2348,11.541772,3.935
2349,11.546253,4.481
2350,11.552882,6.629
2351,11.557972,5.09
2352,11.56376,5.788
2353,11.568091,4.331
2354,11.57284,4.749
2355,11.578611,5.771
2356,11.583019,4.408
2357,11.588631,5.612
2358,11.593098,4.467
2359,11.598741,5.643
2360,11.605565,6.824
2361,11.609521,3.956
2362,11.613955,4.434
2363,11.618273,4.318
2364,11.624181,5.908
2365,11.629161,4.98
2366,11.633464,4.303
2367,11.63857,5.106
2368,11.642449,3.879
2369,11.647038,4.589
2370,11.653979,6.941
2371,11.660461,6.482
2372,11.668832,8.371
2373,11.675845,7.013
2374,11.681959,6.114
2375,11.686384,4.425
2376,11.693081,6.697
2377,11.698353,5.272
2378,11.705623,7.27
2379,11.710614,4.991
2380,11.715148,4.534
2381,11.723914,8.766
2382,11.728662,4.748
2383,11.733776,5.114
2384,11.740554,6.778
2385,11.746252,5.698
2386,11.755292,9.04
2387,11.761963,6.671
2388,11.76816,6.197
2389,11.774716,6.556
2390,11.779674,4.958
2391,11.785486,5.812
2392,11.790421,4.935
2393,11.794366,3.945
2394,11.798694,4.328
2395,11.80457,5.876
2396,11.809184,4.614
2397,11.814223,5.039
2398,11.818557,4.334
2399,11.823176,4.619
2400,11.830011,6.835
2401,11.833537,3.526
2402,11.838206,4.669
2403,11.843451,5.245
2404,11.84721,3.759
2405,11.853751,6.541
2406,11.859779,6.028
2407,11.862958,3.179
2408,11.867439,4.481
2409,11.8725,5.061
2410,11.878287,5.787
2411,11.882881,4.594
2412,11.888972,6.091
2413,11.893022,4.05
2414,11.898972,5.95
2415,11.905964,6.992
2416,11.910088,4.124
2417,11.914714,4.626
2418,11.919607,4.893
2419,11.925166,5.559
2420,11.930274,5.108
2421,11.935143,4.869
2422,11.940357,5.214
2423,11.944225,3.868
2424,11.948748,4.523
2425,11.956233,7.485
2426,11.959773,3.54
2427,11.96445,4.677
2428,11.972226,7.776
2429,11.978677,6.451
2430,11.981542,2.865
2431,11.985915,4.373
2432,11.99078,4.865
2433,11.994718,3.938
2434,12.009316,14.598
2435,12.01594,6.624
2436,12.020175,4.235
2437,12.025521,5.346
2438,12.031318,5.797
2439,12.037079,5.761
2440,12.041366,4.287
2441,12.045661,4.295
2442,12.050634,4.973
2443,12.054693,4.059
2444,12.059199,4.506
2445,12.0663,7.101
2446,12.07117,4.87
2447,12.074289,3.119
2448,12.079737,5.448
2449,12.083519,3.782
2450,12.089589,6.07
2451,12.094088,4.499
2452,12.099231,5.143
2453,12.104343,5.112
2454,12.109477,5.134
2455,12.116402,6.925
2456,12.119794,3.392
2457,12.124124,4.33
2458,12.129235,5.111
2459,12.133479,4.244
2460,12.139356,5.877
2461,12.143616,4.26
2462,12.148915,5.299
2463,12.152149,3.234
2464,12.156587,4.438
2465,12.163561,6.974
2466,12.168156,4.595
2467,12.172195,4.039
2468,12.176314,4.119
2469,12.180896,4.582
2470,12.184629,3.733
2471,12.188819,4.19
2472,12.19369,4.871
2473,12.197447,3.757
2474,12.202886,5.439
2475,12.208893,6.007
2476,12.212775,3.882
2477,12.217188,4.413
2478,12.222709,5.521
2479,12.226196,3.487
2480,12.232496,6.3
2481,12.238232,5.736
2482,12.24395,5.718
2483,12.247874,3.924
2484,12.251709,3.835
2485,12.258592,6.883
2486,12.262362,3.77
2487,12.26658,4.218
2488,12.27136,4.78
2489,12.274992,3.632
2490,12.281398,6.406
2491,12.285454,4.056
2492,12.290375,4.921
2493,12.294146,3.771
2494,12.298584,4.438
2495,12.302815,4.231
2496,12.307584,4.769
2497,12.311339,3.755
2498,12.315765,4.426
2499,12.320025,4.26
2500,12.326646,6.621
2501,12.330625,3.979
2502,12.335305,4.68
2503,12.340048,4.743
2504,12.344218,4.17
2505,12.349559,5.341
2506,12.353911,4.352
2507,12.358249,4.338
2508,12.363219,4.97
2509,12.36726,4.041
2510,12.373126,5.866
2511,12.377457,4.331
2512,12.382401,4.944
2513,12.386208,3.807
2514,12.390398,4.19
2515,12.39714,6.742
2516,12.400926,3.786
2517,12.405075,4.149
2518,12.409377,4.302
2519,12.414898,5.521
2520,12.418068,3.17
2521,12.422329,4.261
2522,12.426582,4.253
2523,12.431709,5.127
2524,12.435599,3.89
2525,12.442639,7.04
2526,12.446899,4.26
2527,12.450308,3.409
2528,12.454423,4.115
2529,12.458652,4.229
2530,12.465506,6.854
2531,12.468923,3.417
2532,12.475147,6.224
2533,12.479387,4.24
2534,12.484482,5.095
2535,12.487991,3.509
2536,12.492283,4.292
2537,12.49735,5.067
2538,12.5009,3.55
2539,12.5056,4.7
2540,12.510003,4.403
2541,12.516673,6.67
2542,12.520272,3.599
2543,12.526552,6.28
2544,12.531016,4.464
2545,12.53566,4.644
2546,12.539676,4.016
2547,12.544179,4.503
2548,12.549145,4.966
2549,12.553836,4.691
2550,12.559275,5.439
2551,12.56362,4.345
2552,12.568692,5.072
2553,12.572358,3.666
2554,12.576525,4.167
2555,12.58102,4.495
2556,12.586052,5.032
2557,12.589638,3.586
2558,12.593915,4.277
2559,12.599463,5.548
2560,12.60321,3.747
2561,12.609214,6.004
2562,12.613446,4.232
2563,12.620351,6.905
2564,12.624024,3.673
2565,12.628519,4.495
2566,12.632955,4.436
2567,12.637556,4.601
2568,12.641216,3.66
2569,12.64558,4.364
2570,12.651925,6.345
2571,12.6561,4.175
2572,12.661376,5.276
2573,12.665582,4.206
2574,12.6707,5.118
2575,12.674367,3.667
2576,12.678594,4.227
2577,12.684632,6.038
2578,12.689498,4.866
2579,12.693434,3.936
2580,12.697961,4.527
2581,12.703047,5.086
2582,12.70636,3.313
2583,12.713076,6.716
2584,12.716858,3.782
2585,12.721743,4.885
2586,12.725484,3.741
2587,12.730087,4.603
2588,12.734969,4.882
2589,12.739974,5.005
2590,12.745303,5.329
2591,12.750148,4.845
2592,12.7582,8.052
2593,12.762096,3.896
2594,12.766715,4.619
2595,12.771413,4.698
2596,12.774923,3.51
2597,12.779292,4.369
2598,12.784171,4.879
2599,12.789332,5.161
2600,12.793169,3.837
2601,12.799113,5.944
2602,12.804123,5.01
2603,12.809651,5.528
2604,12.814294,4.643
2605,12.818719,4.425
2606,12.822658,3.939
2607,12.826896,4.238
2608,12.831294,4.398
2609,12.836459,5.165
2610,12.841326,4.867
2611,12.84603,4.704
2612,12.853409,7.379
2613,12.857643,4.234
2614,12.862709,5.066
2615,12.868468,5.759
2616,12.872001,3.533
2617,12.878384,6.383
2618,12.882633,4.249
2619,12.887274,4.641
2620,12.891528,4.254
2621,12.895987,4.459
2622,12.900873,4.886
2623,12.905338,4.465
2624,12.908833,3.495
2625,12.914671,5.838
2626,12.919737,5.066
2627,12.924486,4.749
2628,12.92867,4.184
2629,12.93346,4.79
2630,12.937979,4.519
2631,12.942181,4.202
2632,12.94893,6.749
2633,12.952912,3.982
2634,12.957072,4.16
2635,12.961922,4.85
2636,12.966614,4.692
2637,12.972287,5.673
2638,12.976981,4.694
2639,12.982098,5.117
2640,12.985887,3.789
2641,12.990152,4.265
2642,12.996981,6.829
2643,13.00215,5.169
2644,13.007822,5.672
2645,13.01515,7.328
2646,13.019905,4.755
2647,13.025306,5.401
2648,13.030862,5.556
2649,13.036503,5.641
2650,13.04296,6.457
2651,13.047281,4.321
2652,13.054493,7.212
2653,13.057957,3.464
2654,13.062405,4.448
2655,13.067231,4.826
2656,13.07245,5.219
2657,13.077769,5.319
2658,13.082021,4.252
2659,13.087208,5.187
2660,13.091327,4.119
2661,13.09542,4.093
2662,13.102096,6.676
2663,13.105099,3.003
2664,13.10955,4.451
2665,13.114795,5.245
2666,13.119691,4.896
2667,13.125068,5.377
2668,13.129446,4.378
2669,13.13593,6.484
2670,13.1399,3.97
2671,13.145383,5.483
2672,13.151924,6.541
2673,13.156163,4.239
2674,13.160053,3.89
2675,13.164949,4.896
2676,13.169774,4.825
2677,13.175534,5.76
2678,13.180051,4.517
2679,13.184682,4.631
2680,13.189267,4.585
2681,13.193515,4.248
2682,13.200621,7.106
2683,13.204288,3.667
2684,13.208751,4.463
2685,13.213667,4.916
2686,13.218383,4.716
2687,13.2247,6.317
2688,13.228447,3.747
2689,13.233532,5.085
2690,13.237742,4.21
2691,13.242024,4.282
2692,13.248906,6.882
2693,13.252731,3.825
2694,13.257933,5.202
2695,13.262242,4.309
2696,13.269077,6.835
2697,13.272143,3.066
2698,13.276609,4.466
2699,13.281371,4.762
2700,13.285656,4.285
2701,13.290213,4.557
2702,13.297145,6.932
2703,13.301564,4.419
2704,13.305978,4.414
2705,13.310891,4.913
2706,13.316475,5.584
2707,13.319794,3.319
2708,13.323986,4.192
2709,13.331211,7.225
2710,13.336,4.789
2711,13.339872,3.872
2712,13.347262,7.39
2713,13.352511,5.249
2714,13.357314,4.803
2715,13.362121,4.807
2716,13.36754,5.419
2717,13.372831,5.291
2718,13.377281,4.45
2719,13.38217,4.889
2720,13.38648,4.31
2721,13.39263,6.15
2722,13.397976,5.346
2723,13.402048,4.072
2724,13.406359,4.311
2725,13.410861,4.502
2726,13.415754,4.893
2727,13.421525,5.771
2728,13.425981,4.456
2729,13.430744,4.763
2730,13.438608,7.864
2731,13.442684,4.076
2732,13.446677,3.993
2733,13.450742,4.065
2734,13.455073,4.331
2735,13.459689,4.616
2736,13.464391,4.702
2737,13.468577,4.186
2738,13.472951,4.374
2739,13.479568,6.617
2740,13.483403,3.835
2741,13.489747,6.344
2742,13.494121,4.374
2743,13.498912,4.791
2744,13.506677,7.765
2745,13.510383,3.706
2746,13.515322,4.939
2747,13.519593,4.271
2748,13.525186,5.593
2749,13.530295,5.109
2750,13.536016,5.721
2751,13.540622,4.606
2752,13.545607,4.985
2753,13.549947,4.34
2754,13.553497,3.55
2755,13.557968,4.471
2756,13.562742,4.774
2757,13.566965,4.223
2758,13.571257,4.292
2759,13.578082,6.825
2760,13.582422,4.34
2761,13.588263,5.841
2762,13.593517,5.254
2763,13.59729,3.773
2764,13.601397,4.107
2765,13.605743,4.346
2766,13.610117,4.374
2767,13.615108,4.991
2768,13.620401,5.293
2769,13.624874,4.473
2770,13.631532,6.658
2771,13.637183,5.651
2772,13.642049,4.866
2773,13.646693,4.644
2774,13.65044,3.747
2775,13.654593,4.153
2776,13.659036,4.443
2777,13.664036,5.0
2778,13.668429,4.393
2779,13.672054,3.625
2780,13.676939,4.885
2781,13.68276,5.821
2782,13.686704,3.944
2783,13.691046,4.342
2784,13.695967,4.921
2785,13.699662,3.695
2786,13.705421,5.759
2787,13.710139,4.718
2788,13.714309,4.17
2789,13.718788,4.479
2790,13.724783,5.995
2791,13.729443,4.66
2792,13.733149,3.706
2793,13.738401,5.252
2794,13.743225,4.824
2795,13.746599,3.374
2796,13.750851,4.252
2797,13.756256,5.405
2798,13.760984,4.728
2799,13.766545,5.561
2800,13.770794,4.249
2801,13.777614,6.82
2802,13.781047,3.433
2803,13.785523,4.476
2804,13.789667,4.144
2805,13.794294,4.627
2806,13.797939,3.645
2807,13.803571,5.632
2808,13.810842,7.271
2809,13.813716,2.874
2810,13.819284,5.568
2811,13.823363,4.079
2812,13.828446,5.083
2813,13.831837,3.391
2814,13.836448,4.611
2815,13.842022,5.574
2816,13.845844,3.822
2817,13.84949,3.646
2818,13.854138,4.648
2819,13.860325,6.187
2820,13.863913,3.588
2821,13.870225,6.312
2822,13.875001,4.776
2823,13.878394,3.393
2824,13.882762,4.368
2825,13.887043,4.281
2826,13.891885,4.842
2827,13.895449,3.564
2828,13.901218,5.769
2829,13.905903,4.685
2830,13.911388,5.485
2831,13.915646,4.258
2832,13.919806,4.16
2833,13.925089,5.283
2834,13.928186,3.097
2835,13.932547,4.361
2836,13.936595,4.048
2837,13.941639,5.044
2838,13.94539,3.751
2839,13.951291,5.901
2840,13.957574,6.283
2841,13.962026,4.452
2842,13.96571,3.684
2843,13.970347,4.637
2844,13.974834,4.487
2845,13.978506,3.672
2846,13.982939,4.433
2847,13.988016,5.077
2848,13.993689,5.673
2849,13.996893,3.204
2850,14.002997,6.104
2851,14.007752,4.755
2852,14.022892,15.14
2853,14.026783,3.891
2854,14.031044,4.261
2855,14.037152,6.108
2856,14.040049,2.897
2857,14.04617,6.121
2858,14.052219,6.049
2859,14.058406,6.187
2860,14.061963,3.557
2861,14.067867,5.904
2862,14.072976,5.109
2863,14.076405,3.429
2864,14.080594,4.189
2865,14.086331,5.737
2866,14.089302,2.971
2867,14.093472,4.17
2868,14.099545,6.073
2869,14.103941,4.396
2870,14.109914,5.973
2871,14.11416,4.246
2872,14.123297,9.137
2873,14.128356,5.059
2874,14.132291,3.935
2875,14.136434,4.143
2876,14.140955,4.521
2877,14.14466,3.705
2878,14.148992,4.332
2879,14.155444,6.452
2880,14.159328,3.884
2881,14.165572,6.244
2882,14.169756,4.184
2883,14.174547,4.791
2884,14.178114,3.567
2885,14.182334,4.22
2886,14.187303,4.969
2887,14.190928,3.625
2888,14.195175,4.247
2889,14.199273,4.098
2890,14.204093,4.82
2891,14.207794,3.701
2892,14.212156,4.362
2893,14.21717,5.014
2894,14.220627,3.457
2895,14.224643,4.016
2896,14.228958,4.315
2897,14.234919,5.961
2898,14.239539,4.62
2899,14.243906,4.367
2900,14.249134,5.228
2901,14.252384,3.25
2902,14.256698,4.314
2903,14.260996,4.298
2904,14.266246,5.25
2905,14.269455,3.209
2906,14.273837,4.382
2907,14.27798,4.143
2908,14.283402,5.422
2909,14.286973,3.571
2910,14.291205,4.232
2911,14.295692,4.487
2912,14.300969,5.277
2913,14.305291,4.322
2914,14.309505,4.214
2915,14.314459,4.954
2916,14.318591,4.132
2917,14.322739,4.148
2918,14.326862,4.123
2919,14.331856,4.994
2920,14.335634,3.778
2921,14.339825,4.191
2922,14.344709,4.884
2923,14.348336,3.627
2924,14.352394,4.058
2925,14.356694,4.3
2926,14.361824,5.13
2927,14.365379,3.555
2928,14.370478,5.099
2929,14.374933,4.455
2930,14.379576,4.643
2931,14.383388,3.812
2932,14.387997,4.609
2933,14.393019,5.022
2934,14.39643,3.411
2935,14.402084,5.654
2936,14.405774,3.69
2937,14.410699,4.925
2938,14.414837,4.138
2939,14.419578,4.741
2940,14.423473,3.895
2941,14.428287,4.814
2942,14.432377,4.09
2943,14.437343,4.966
2944,14.443184,5.841
2945,14.448664,5.48
2946,14.452988,4.324
2947,14.457857,4.869
2948,14.462321,4.464
2949,14.466884,4.563
2950,14.47139,4.506
2951,14.475669,4.279
2952,14.480798,5.129
2953,14.485688,4.89
2954,14.491016,5.328
2955,14.495859,4.843
2956,14.499877,4.018
2957,14.504166,4.289
2958,14.508588,4.422
2959,14.513519,4.931
2960,14.517381,3.862
2961,14.521924,4.543
2962,14.526234,4.31
2963,14.534757,8.523
2964,14.539037,4.28
2965,14.542614,3.577
2966,14.547893,5.279
2967,14.551315,3.422
2968,14.555826,4.511
2969,14.560213,4.387
2970,14.565608,5.395
2971,14.569249,3.641
2972,14.573526,4.277
2973,14.577927,4.401
2974,14.58384,5.913
2975,14.587686,3.846
2976,14.592314,4.628
2977,14.601276,8.962
2978,14.603771,2.495
2979,14.608422,4.651
2980,14.61289,4.468
2981,14.617938,5.048
2982,14.621989,4.051
2983,14.626328,4.339
2984,14.632093,5.765
2985,14.636006,3.913
2986,14.639888,3.882
2987,14.644428,4.54
2988,14.649684,5.256
2989,14.653444,3.76
2990,14.65798,4.536
2991,14.663169,5.189
2992,14.668747,5.578
2993,14.673314,4.567
2994,14.677849,4.535
2995,14.682882,5.033
2996,14.686879,3.997
2997,14.691536,4.657
2998,14.696533,4.997
2999,14.701459,4.926
3000,14.707116,5.657
3001,14.711561,4.445
3002,14.716654,5.093
3003,14.720586,3.932
3004,14.72516,4.574
3005,14.730591,5.431
3006,14.73809,7.499
3007,14.74191,3.82
3008,14.745326,3.416
3009,14.750613,5.287
3010,14.754402,3.789
3011,14.758661,4.259
3012,14.763763,5.102
3013,14.767782,4.019
3014,14.77232,4.538
3015,14.777068,4.748
3016,14.78244,5.372
3017,14.785567,3.127
3018,14.790236,4.669
3019,14.794689,4.453
3020,14.799612,4.923
3021,14.803894,4.282
3022,14.80806,4.166
3023,14.813087,5.027
3024,14.81764,4.553
3025,14.822095,4.455
3026,14.826529,4.434
3027,14.831785,5.256
3028,14.836221,4.436
3029,14.839966,3.745
3030,14.844598,4.632
3031,14.849954,5.356
3032,14.854214,4.26
3033,14.858268,4.054
3034,14.863293,5.025
3035,14.867089,3.796
3036,14.87164,4.551
3037,14.87586,4.22
3038,14.881126,5.266
3039,14.884783,3.657
3040,14.889294,4.511
3041,14.893593,4.299
3042,14.899187,5.594
3043,14.902286,3.099
3044,14.906789,4.503
3045,14.911708,4.919
3046,14.917535,5.827
3047,14.92192,4.385
3048,14.926513,4.593
3049,14.931688,5.175
3050,14.934957,3.269
3051,14.939428,4.471
3052,14.943687,4.259
3053,14.950894,7.207
3054,14.954685,3.791
3055,14.958932,4.247
3056,14.964083,5.151
3057,14.967494,3.411
3058,14.972163,4.669
3059,14.978056,5.893
3060,14.981769,3.713
3061,14.985291,3.522
3062,14.990023,4.732
3063,14.993738,3.715
3064,14.999055,5.317
3065,15.002551,3.496
3066,15.006947,4.396
3067,15.011726,4.779
3068,15.023884,12.158
3069,15.027651,3.767
3070,15.036774,9.123
3071,15.041007,4.233
3072,15.04437,3.363
3073,15.052402,8.032
3074,15.057762,5.36
3075,15.062368,4.606
3076,15.066027,3.659
3077,15.070358,4.331
3078,15.07775,7.392
3079,15.081804,4.054
3080,15.085417,3.613
3081,15.090302,4.885
3082,15.094125,3.823
3083,15.100096,5.971
3084,15.10481,4.714
3085,15.108657,3.847
3086,15.113246,4.589
3087,15.117261,4.015
3088,15.12202,4.759
3089,15.127984,5.964
3090,15.132095,4.111
3091,15.136884,4.789
3092,15.140679,3.795
3093,15.146014,5.335
3094,15.151068,5.054
3095,15.155359,4.291
3096,15.160817,5.458
3097,15.165139,4.322
3098,15.171565,6.426
3099,15.175402,3.837
3100,15.182201,6.799
3101,15.185706,3.505
3102,15.190296,4.59
3103,15.194606,4.31
3104,15.199494,4.888
3105,15.203402,3.908
3106,15.207512,4.11
3107,15.211859,4.347
3108,15.217183,5.324
3109,15.221162,3.979
3110,15.225179,4.017
3111,15.232523,7.344
3112,15.235598,3.075
3113,15.239579,3.981
3114,15.244073,4.494
3115,15.249915,5.842
3116,15.253536,3.621
3117,15.258037,4.501
3118,15.263009,4.972
3119,15.267409,4.4
3120,15.27165,4.241
3121,15.275994,4.344
3122,15.282398,6.404
3123,15.285219,2.821
3124,15.2897,4.481
3125,15.294913,5.213
3126,15.298842,3.929
3127,15.302846,4.004
3128,15.307254,4.408
3129,15.312301,5.047
3130,15.316512,4.211
3131,15.320734,4.222
3132,15.325246,4.512
3133,15.331552,6.306
3134,15.335706,4.154
3135,15.341298,5.592
3136,15.345952,4.654
3137,15.349907,3.955
3138,15.354249,4.342
3139,15.3592,4.951
3140,15.364505,5.305
3141,15.369435,4.93
3142,15.375142,5.707
3143,15.380364,5.222
3144,15.383951,3.587
3145,15.388266,4.315
3146,15.394036,5.77
3147,15.398494,4.458
3148,15.402185,3.691
3149,15.40659,4.405
3150,15.411729,5.139
3151,15.415147,3.418
3152,15.419594,4.447
3153,15.424522,4.928
3154,15.428437,3.915
3155,15.433969,5.532
3156,15.437981,4.012
3157,15.442448,4.467
3158,15.446956,4.508
3159,15.450824,3.868
3160,15.455753,4.929
3161,15.45968,3.927
3162,15.465087,5.407
3163,15.469229,4.142
3164,15.473488,4.259
3165,15.477477,3.989
3166,15.481853,4.376
3167,15.486484,4.631
3168,15.491452,4.968
3169,15.494983,3.531
3170,15.500791,5.808
3171,15.503979,3.188
3172,15.508933,4.954
3173,15.514691,5.758
3174,15.5186,3.909
3175,15.523249,4.649
3176,15.527978,4.729
3177,15.534672,6.694
3178,15.538909,4.237
3179,15.544906,5.997
3180,15.549645,4.739
3181,15.553486,3.841
3182,15.557862,4.376
3183,15.564546,6.684
3184,15.568226,3.68
3185,15.572037,3.811
3186,15.576903,4.866
3187,15.582311,5.408
3188,15.586049,3.738
3189,15.590569,4.52
3190,15.595093,4.524
3191,15.601604,6.511
3192,15.604949,3.345
3193,15.609451,4.502
3194,15.614762,5.311
3195,15.618203,3.441
3196,15.622631,4.428
3197,15.627345,4.714
3198,15.633532,6.187
3199,15.637798,4.266
3200,15.642876,5.078
3201,15.647291,4.415
3202,15.652356,5.065
3203,15.657726,5.37
3204,15.663187,5.461
3205,15.667844,4.657
3206,15.673429,5.585
3207,15.67801,4.581
3208,15.682187,4.177
3209,15.687106,4.919
3210,15.691162,4.056
3211,15.69566,4.498
3212,15.700384,4.724
3213,15.705233,4.849
3214,15.708671,3.438
3215,15.713175,4.504
3216,15.718216,5.041
3217,15.721969,3.753
3218,15.726428,4.459
3219,15.733235,6.807
3220,15.738161,4.926
3221,15.740824,2.663
3222,15.745216,4.392
3223,15.750738,5.522
3224,15.75563,4.892
3225,15.759534,3.904
3226,15.765977,6.443
3227,15.770296,4.319
3228,15.774017,3.721
3229,15.778473,4.456
3230,15.783039,4.566
3231,15.787882,4.843
3232,15.791778,3.896
3233,15.796566,4.788
3234,15.802784,6.218
3235,15.807842,5.058
3236,15.81186,4.018
3237,15.817243,5.383
3238,15.82221,4.967
3239,15.825896,3.686
3240,15.833242,7.346
3241,15.838502,5.26
3242,15.840842,2.34
3243,15.845097,4.255
3244,15.850046,4.949
3245,15.854595,4.549
3246,15.858124,3.529
3247,15.862556,4.432
3248,15.869627,7.071
3249,15.873421,3.794
3250,15.877882,4.461
3251,15.885022,7.14
3252,15.888403,3.381
3253,15.892894,4.491
3254,15.897524,4.63
3255,15.902518,4.994
3256,15.906132,3.614
3257,15.910676,4.544
3258,15.916033,5.357
3259,15.919709,3.676
3260,15.923996,4.287
3261,15.928525,4.529
3262,15.934065,5.54
3263,15.937256,3.191
3264,15.9417,4.444
3265,15.949961,8.261
3266,15.953946,3.985
3267,15.958652,4.706
3268,15.964225,5.573
3269,15.971366,7.141
3270,15.974531,3.165
3271,15.980108,5.577
3272,15.991075,10.967
3273,15.997406,6.331
3274,16.00175,4.344
3275,16.007881,6.131
3276,16.0135,5.619
3277,16.020031,6.531
3278,16.02566,5.629
3279,16.029104,3.444
3280,16.032974,3.87
3281,16.040461,7.487
3282,16.046069,5.608
3283,16.058025,11.956
3284,16.065765,7.74
3285,16.069625,3.86
3286,16.074214,4.589
3287,16.077864,3.65
3288,16.082795,4.931
3289,16.08774,4.945
3290,16.091064,3.324
3291,16.095472,4.408
3292,16.100624,5.152
3293,16.104657,4.033
3294,16.108795,4.138
3295,16.117285,8.49
3296,16.120956,3.671
3297,16.12624,5.284
3298,16.131399,5.159
3299,16.135056,3.657
3300,16.13948,4.424
3301,16.145149,5.669
3302,16.149535,4.386
3303,16.153079,3.544
3304,16.158036,4.957
3305,16.161683,3.647
3306,16.166204,4.521
3307,16.170552,4.348
3308,16.175587,5.035
3309,16.181032,5.445
3310,16.185149,4.117
3311,16.19017,5.021
3312,16.194102,3.932
3313,16.198716,4.614
3314,16.20285,4.134
3315,16.208207,5.357
3316,16.212512,4.305
3317,16.219115,6.603
3318,16.223671,4.556
3319,16.227726,4.055
3320,16.231834,4.108
3321,16.236275,4.441
3322,16.242778,6.503
3323,16.246146,3.368
3324,16.251591,5.445
3325,16.257643,6.052
3326,16.262996,5.353
3327,16.267172,4.176
3328,16.27149,4.318
3329,16.277301,5.811
3330,16.282081,4.78
3331,16.284951,2.87
3332,16.289955,5.004
3333,16.295968,6.013
3334,16.299767,3.799
3335,16.304179,4.412
3336,16.309347,5.168
3337,16.314855,5.508
3338,16.318551,3.696
3339,16.323838,5.287
3340,16.327386,3.548
3341,16.333255,5.869
3342,16.337563,4.308
3343,16.342705,5.142
3344,16.34691,4.205
3345,16.351113,4.203
3346,16.356191,5.078
3347,16.359717,3.526
3348,16.364194,4.477
3349,16.368591,4.397
3350,16.373615,5.024
3351,16.377701,4.086
3352,16.382101,4.4
3353,16.386507,4.406
3354,16.391923,5.416
3355,16.398777,6.854
3356,16.403969,5.192
3357,16.408309,4.34
3358,16.413012,4.703
3359,16.418435,5.423
3360,16.422848,4.413
3361,16.428022,5.174
3362,16.432364,4.342
3363,16.436898,4.534
3364,16.440683,3.785
3365,16.445986,5.303
3366,16.449189,3.203
3367,16.453862,4.673
3368,16.458857,4.995
3369,16.463142,4.285
3370,16.467202,4.06
3371,16.471545,4.343
3372,16.476788,5.243
3373,16.480494,3.706
3374,16.484859,4.365
3375,16.489232,4.373
3376,16.494274,5.042
3377,16.498456,4.182
3378,16.502277,3.821
3379,16.507461,5.184
3380,16.511103,3.642
3381,16.516446,5.343
3382,16.520733,4.287
3383,16.525953,5.22
3384,16.529236,3.283
3385,16.534212,4.976
3386,16.53851,4.298
3387,16.543341,4.831
3388,16.547291,3.95
3389,16.551978,4.687
3390,16.557227,5.249
3391,16.560685,3.458
3392,16.565853,5.168
3393,16.570205,4.352
3394,16.575286,5.081
3395,16.578944,3.658
3396,16.583369,4.425
3397,16.587875,4.506
3398,16.593216,5.341
3399,16.596613,3.397
3400,16.601575,4.962
3401,16.606252,4.677
3402,16.609932,3.68
3403,16.614392,4.46
3404,16.619037,4.645
3405,16.624024,4.987
3406,16.627732,3.708
3407,16.634942,7.21
3408,16.638836,3.894
3409,16.643598,4.762
3410,16.64734,3.742
3411,16.651721,4.381
3412,16.656921,5.2
3413,16.660391,3.47
3414,16.665407,5.016
3415,16.669338,3.931
3416,16.674481,5.143
3417,16.67814,3.659
3418,16.682758,4.618
3419,16.68704,4.282
3420,16.692393,5.353
3421,16.69577,3.377
3422,16.70088,5.11
3423,16.705463,4.583
3424,16.709301,3.838
3425,16.714133,4.832
3426,16.718851,4.718
3427,16.723339,4.488
3428,16.726906,3.567
3429,16.732639,5.733
3430,16.737146,4.507
3431,16.742904,5.758
3432,16.74877,5.866
3433,16.751339,2.569
3434,16.755961,4.622
3435,16.759605,3.644
3436,16.765528,5.923
3437,16.769337,3.809
3438,16.774492,5.155
3439,16.780243,5.751
3440,16.788424,8.181
3441,16.791592,3.168
3442,16.796695,5.103
3443,16.800417,3.722
3444,16.804747,4.33
3445,16.809985,5.238
3446,16.813957,3.972
3447,16.818383,4.426
3448,16.824577,6.194
3449,16.831139,6.562
3450,16.834391,3.252
3451,16.83938,4.989
3452,16.843142,3.762
3453,16.848369,5.227
3454,16.851998,3.629
3455,16.856357,4.359
3456,16.861277,4.92
3457,16.865898,4.621
3458,16.871738,5.84
3459,16.876113,4.375
3460,16.881288,5.175
3461,16.884899,3.611
3462,16.889358,4.459
3463,16.894368,5.01
3464,16.898693,4.325
3465,16.902453,3.76
3466,16.906849,4.396
3467,16.911895,5.046
3468,16.91618,4.285
3469,16.920058,3.878
3470,16.9245,4.442
3471,16.92951,5.01
3472,16.933868,4.358
3473,16.938035,4.167
3474,16.942188,4.153
3475,16.947546,5.358
3476,16.950602,3.056
3477,16.955133,4.531
3478,16.959927,4.794
3479,16.964042,4.115
3480,16.968566,4.524
3481,16.972542,3.976
3482,16.977668,5.126
3483,16.983303,5.635
3484,16.988013,4.71
3485,16.993634,5.621
3486,17.000515,6.881
3487,17.008067,7.552
3488,17.012241,4.174
3489,17.017145,4.904
3490,17.020341,3.196
3491,17.024545,4.204
3492,17.035375,10.83
3493,17.040051,4.676
3494,17.047622,7.571
3495,17.051903,4.281
3496,17.059147,7.244
3497,17.062002,2.855
3498,17.067896,5.894
3499,17.073012,5.116
3500,17.076734,3.722
3501,17.081241,4.507
3502,17.085226,3.985
3503,17.092276,7.05
3504,17.09579,3.514
3505,17.100072,4.282
3506,17.107235,7.163
3507,17.110589,3.354
3508,17.115467,4.878
3509,17.120685,5.218
3510,17.124482,3.797
3511,17.128762,4.28
3512,17.132984,4.222
3513,17.139439,6.455
3514,17.142588,3.149
3515,17.148212,5.624
3516,17.153217,5.005
3517,17.158612,5.395
3518,17.16298,4.368
3519,17.168139,5.159
3520,17.173352,5.213
3521,17.176296,2.944
3522,17.180567,4.271
3523,17.185546,4.979
3524,17.189446,3.9
3525,17.193724,4.278
3526,17.19991,6.186
3527,17.203045,3.135
3528,17.207787,4.742
3529,17.212176,4.389
3530,17.218151,5.975
3531,17.221976,3.825
3532,17.226346,4.37
3533,17.231275,4.929
3534,17.234973,3.698
3535,17.241493,6.52
3536,17.246737,5.244
3537,17.252282,5.545
3538,17.256552,4.27
3539,17.260687,4.135
3540,17.265532,4.845
3541,17.269498,3.966
3542,17.27391,4.412
3543,17.278928,5.018
3544,17.283915,4.987
3545,17.287632,3.717
3546,17.294047,6.415
3547,17.298767,4.72
3548,17.303088,4.321
3549,17.307845,4.757
3550,17.312578,4.733
3551,17.31723,4.652
3552,17.321461,4.231
3553,17.325324,3.863
3554,17.33054,5.216
3555,17.333994,3.454
3556,17.33856,4.566
3557,17.345073,6.513
3558,17.349221,4.148
3559,17.353713,4.492
3560,17.357844,4.131
3561,17.362722,4.878
3562,17.366678,3.956
3563,17.371038,4.36
3564,17.376342,5.304
3565,17.38014,3.798
3566,17.38519,5.05
3567,17.388827,3.637
3568,17.394157,5.33
3569,17.400245,6.088
3570,17.403984,3.739
3571,17.408564,4.58
3572,17.413307,4.743
3573,17.41746,4.153
3574,17.426543,9.083
3575,17.432452,5.909
3576,17.438011,5.559
3577,17.442129,4.118
3578,17.44733,5.201
3579,17.455061,7.731
3580,17.462631,7.57
3581,17.467506,4.875
3582,17.472081,4.575
3583,17.47672,4.639
3584,17.481071,4.351
3585,17.487067,5.996
3586,17.49196,4.893
3587,17.495905,3.945
3588,17.501343,5.438
3589,17.510767,9.424
3590,17.516212,5.445
3591,17.524785,8.573
3592,17.529414,4.629
3593,17.532277,2.863
3594,17.537065,4.788
3595,17.544183,7.118
3596,17.550388,6.205
3597,17.554824,4.436
3598,17.558396,3.572
3599,17.562899,4.503
3600,17.567799,4.9
3601,17.571859,4.06
3602,17.576061,4.202
3603,17.581442,5.381
3604,17.584859,3.417
3605,17.589402,4.543
3606,17.596366,6.964
3607,17.599957,3.591
3608,17.604645,4.688
3609,17.609754,5.109
3610,17.613491,3.737
3611,17.617754,4.263
3612,17.622904,5.15
3613,17.626615,3.711
3614,17.631252,4.637
3615,17.638381,7.129
3616,17.642055,3.674
3617,17.648042,5.987
3618,17.652413,4.371
3619,17.658719,6.306
3620,17.661167,2.448
3621,17.666062,4.895
3622,17.670622,4.56
3623,17.675791,5.169
3624,17.679498,3.707
3625,17.683891,4.393
3626,17.690683,6.792
3627,17.69462,3.937
3628,17.701549,6.929
3629,17.704488,2.939
3630,17.711039,6.551
3631,17.714795,3.756
3632,17.719209,4.414
3633,17.723718,4.509
3634,17.728793,5.075
3635,17.732852,4.059
3636,17.73856,5.708
3637,17.743638,5.078
3638,17.747976,4.338
3639,17.752189,4.213
3640,17.756589,4.4
3641,17.761705,5.116
3642,17.765554,3.849
3643,17.770089,4.535
3644,17.774701,4.612
3645,17.780655,5.954
3646,17.783506,2.851
3647,17.788225,4.719
3648,17.793224,4.999
3649,17.797413,4.189
3650,17.803202,5.789
3651,17.806334,3.132
3652,17.811539,5.205
3653,17.815322,3.783
3654,17.819906,4.584
3655,17.826298,6.392
3656,17.831529,5.231
3657,17.836964,5.435
3658,17.841393,4.429
3659,17.846958,5.565
3660,17.85067,3.712
3661,17.855231,4.561
3662,17.859723,4.492
3663,17.865202,5.479
3664,17.868594,3.392
3665,17.873178,4.584
3666,17.880096,6.918
3667,17.883937,3.841
3668,17.888701,4.764
3669,17.893257,4.556
3670,17.901075,7.818
3671,17.904277,3.202
3672,17.91012,5.843
3673,17.915431,5.311
3674,17.919268,3.837
3675,17.925755,6.487
3676,17.930352,4.597
3677,17.936976,6.624
3678,17.940991,4.015
3679,17.945625,4.634
3680,17.950963,5.338
3681,17.954741,3.778
3682,17.959317,4.576
3683,17.963952,4.635
3684,17.969194,5.242
3685,17.972999,3.805
3686,17.979492,6.493
3687,17.984525,5.033
3688,17.988639,4.114
3689,17.993456,4.817
3690,17.998354,4.898
3691,18.004028,5.674
3692,18.009595,5.567
3693,18.014587,4.992
3694,18.018959,4.372
3695,18.024915,5.956
3696,18.029418,4.503
3697,18.034292,4.874
3698,18.041724,7.432
3699,18.049771,8.047
3700,18.055104,5.333
3701,18.059384,4.28
3702,18.063925,4.541
3703,18.0689,4.975
3704,18.07289,3.99
3705,18.077246,4.356
3706,18.08271,5.464
3707,18.086793,4.083
3708,18.091349,4.556
3709,18.096778,5.429
3710,18.100673,3.895
3711,18.105451,4.778
3712,18.110065,4.614
3713,18.114663,4.598
3714,18.118802,4.139
3715,18.125916,7.114
3716,18.12987,3.954
3717,18.135881,6.011
3718,18.141014,5.133
3719,18.14526,4.246
3720,18.150699,5.439
3721,18.158002,7.303
3722,18.161994,3.992
3723,18.165685,3.691
3724,18.170272,4.587
3725,18.17843,8.158
3726,18.182404,3.974
3727,18.188129,5.725
3728,18.193409,5.28
3729,18.197305,3.896
3730,18.20199,4.685
3731,18.207414,5.424
3732,18.21121,3.796
3733,18.215635,4.425
3734,18.220169,4.534
3735,18.227263,7.094
3736,18.231115,3.852
3737,18.237351,6.236
3738,18.244793,7.442
3739,18.248482,3.689
3740,18.253383,4.901
3741,18.258436,5.053
3742,18.262557,4.121
3743,18.266951,4.394
3744,18.271234,4.283
3745,18.276779,5.545
3746,18.281958,5.179
3747,18.286606,4.648
3748,18.291931,5.325
3749,18.295812,3.881
3750,18.300184,4.372
3751,18.305166,4.982
3752,18.309067,3.901
3753,18.313649,4.582
3754,18.318174,4.525
3755,18.324901,6.727
3756,18.329251,4.35
3757,18.334912,5.661
3758,18.340178,5.266
3759,18.34368,3.502
3760,18.348512,4.832
3761,18.352842,4.33
3762,18.357663,4.821
3763,18.362001,4.338
3764,18.365864,3.863
3765,18.370073,4.209
3766,18.377063,6.99
3767,18.38072,3.657
3768,18.386367,5.647
3769,18.390077,3.71
3770,18.393923,3.846
3771,18.398371,4.448
3772,18.402416,4.045
3773,18.40721,4.794
3774,18.41113,3.92
3775,18.415649,4.519
3776,18.419953,4.304
3777,18.426454,6.501
3778,18.430261,3.807
3779,18.434462,4.201
3780,18.43915,4.688
3781,18.443046,3.896
3782,18.447302,4.256
3783,18.451794,4.492
3784,18.456871,5.077
3785,18.459972,3.101
3786,18.465589,5.617
3787,18.470174,4.585
3788,18.474552,4.378
3789,18.478628,4.076
3790,18.483988,5.36
3791,18.489014,5.026
3792,18.492225,3.211
3793,18.496515,4.29
3794,18.500847,4.332
3795,18.507846,6.999
3796,18.511444,3.598
3797,18.515895,4.451
3798,18.519902,4.007
3799,18.524521,4.619
3800,18.528682,4.161
3801,18.533432,4.75
3802,18.538432,5.0
3803,18.541425,2.993
3804,18.545926,4.501
3805,18.549988,4.062
3806,18.556821,6.833
3807,18.560368,3.547
3808,18.565051,4.683
3809,18.56947,4.419
3810,18.574517,5.047
3811,18.578097,3.58
3812,18.582077,3.98
3813,18.587221,5.144
3814,18.59132,4.099
3815,18.596829,5.509
3816,18.601064,4.235
3817,18.607079,6.015
3818,18.61232,5.241
3819,18.615223,2.903
3820,18.61963,4.407
3821,18.623951,4.321
3822,18.629104,5.153
3823,18.632913,3.809
3824,18.637042,4.129
3825,18.640726,3.684
3826,18.645884,5.158
3827,18.64929,3.406
3828,18.653929,4.639
3829,18.657767,3.838
3830,18.664359,6.592
3831,18.668066,3.707
3832,18.672214,4.148
3833,18.676467,4.253
3834,18.682135,5.668
3835,18.687327,5.192
3836,18.69174,4.413
3837,18.698429,6.689
3838,18.701385,2.956
3839,18.705666,4.281
3840,18.709979,4.313
3841,18.715181,5.202
3842,18.718864,3.683
3843,18.723196,4.332
3844,18.727628,4.432
3845,18.732876,5.248
3846,18.737838,4.962
3847,18.742117,4.279
3848,18.747409,5.292
3849,18.751056,3.647
3850,18.754979,3.923
3851,18.759198,4.219
3852,18.764373,5.175
3853,18.767858,3.485
3854,18.772203,4.345
3855,18.778786,6.583
3856,18.783222,4.436
3857,18.788429,5.207
3858,18.793144,4.715
3859,18.797351,4.207
3860,18.801164,3.813
3861,18.805429,4.265
3862,18.809777,4.348
3863,18.815222,5.445
3864,18.818494,3.272
3865,18.822681,4.187
3866,18.8298500000001,7.169
3867,18.837276,7.426
3868,18.8423680000001,5.092
3869,18.8465500000001,4.182
3870,18.8514450000001,4.895
3871,18.8544780000001,3.033
3872,18.858921,4.443
3873,18.86352,4.599
3874,18.868696,5.176
3875,18.874071,5.375
3876,18.878678,4.607
3877,18.884261,5.583
3878,18.89015,5.889
3879,18.893026,2.876
3880,18.898814,5.788
3881,18.903981,5.167
3882,18.907561,3.58
3883,18.912726,5.165
3884,18.9161420000001,3.416
3885,18.9212020000001,5.06
3886,18.9272030000001,6.001
3887,18.9305950000001,3.392
3888,18.9372840000001,6.689
3889,18.9483440000001,11.06
3890,18.9557470000001,7.403
3891,18.9610610000001,5.314
3892,18.9674150000001,6.354
3893,18.9750360000001,7.621
3894,18.9850760000001,10.04
3895,18.9888630000001,3.787
3896,18.9933730000001,4.51
3897,18.9982270000001,4.854
3898,19.0026750000001,4.448
3899,19.0081140000001,5.439
3900,19.0123470000001,4.233
3901,19.0202290000001,7.882
3902,19.0280800000001,7.851
3903,19.0334470000001,5.367
3904,19.0366730000001,3.226
3905,19.0414510000001,4.778
3906,19.0450690000001,3.618
3907,19.0524120000001,7.343
3908,19.0621110000001,9.699
3909,19.0645080000001,2.397
3910,19.0685680000001,4.06
3911,19.0772360000001,8.668
3912,19.0809980000001,3.762
3913,19.0850940000001,4.096
3914,19.0921730000001,7.079
3915,19.0978390000001,5.666
3916,19.1021700000001,4.331
3917,19.1084390000001,6.269
3918,19.1119450000001,3.506
3919,19.1162050000001,4.26
3920,19.1204860000001,4.281
3921,19.1253250000001,4.839
3922,19.1298350000001,4.51
3923,19.1356270000001,5.792
3924,19.1410450000001,5.418
3925,19.144617,3.572
3926,19.149409,4.792
3927,19.153179,3.77
3928,19.158497,5.318
3929,19.161992,3.495
3930,19.167837,5.845
3931,19.172056,4.219
3932,19.175731,3.675
3933,19.181991,6.26
3934,19.1853100000001,3.319
3935,19.1921540000001,6.844
3936,19.1957770000001,3.623
3937,19.2017100000001,5.933
3938,19.2068570000001,5.147
3939,19.2104850000001,3.628
3940,19.2147010000001,4.216
3941,19.218954,4.253
3942,19.2238550000001,4.901
3943,19.227798,3.943
3944,19.2329760000001,5.178
3945,19.2368930000001,3.917
3946,19.2432850000001,6.392
3947,19.2469220000001,3.637
3948,19.2513860000001,4.464
3949,19.2563440000001,4.958
3950,19.2596730000001,3.329
3951,19.2643400000001,4.667
3952,19.2686380000001,4.298
3953,19.2745810000001,5.943
3954,19.2772690000001,2.688
3955,19.2817930000001,4.524
3956,19.2859310000001,4.138
3957,19.2921140000001,6.183
3958,19.2958490000001,3.735
3959,19.3003160000001,4.467
3960,19.3054090000001,5.093
3961,19.308722,3.313
3962,19.3140660000001,5.344
3963,19.3183140000001,4.248
3964,19.3232660000001,4.952
3965,19.3269410000001,3.675
3966,19.3313900000001,4.449
3967,19.3357050000001,4.315
3968,19.340611,4.906
3969,19.344386,3.775
3970,19.348872,4.486
3971,19.353378,4.506
3972,19.358057,4.679
3973,19.3616910000001,3.634
3974,19.366377,4.686
3975,19.3726650000001,6.288
3976,19.3773530000001,4.688
3977,19.3812130000001,3.86
3978,19.3856270000001,4.414
3979,19.3901050000001,4.478
3980,19.3947320000001,4.627
3981,19.400122,5.39
3982,19.405063,4.941
3983,19.408878,3.815
3984,19.413588,4.71
3985,19.41769,4.102
3986,19.423368,5.678
3987,19.428214,4.846
3988,19.434675,6.461
3989,19.439072,4.397
3990,19.442697,3.625
3991,19.447776,5.079
3992,19.452162,4.386
3993,19.457459,5.297
3994,19.461789,4.33
3995,19.468682,6.893
3996,19.472306,3.624
3997,19.478138,5.832
3998,19.483153,5.015
3999,19.488044,4.891
4000,19.490888,2.844
4001,19.495196,4.308
4002,19.49985,4.654
4003,19.50354,3.69
4004,19.507968,4.428
4005,19.51221,4.242
4006,19.518783,6.573
4007,19.52351,4.727
4008,19.527724,4.214
4009,19.53159,3.866
4010,19.536498,4.908
4011,19.540337,3.839
4012,19.544752,4.415
4013,19.550844,6.092
4014,19.554971,4.127
4015,19.559253,4.282
4016,19.563498,4.245
4017,19.570057,6.559
4018,19.573694,3.637
4019,19.5780500000001,4.356
4020,19.5828830000001,4.833
4021,19.5878570000001,4.974
4022,19.5908940000001,3.037
4023,19.5954770000001,4.583
4024,19.6004340000001,4.957
4025,19.6037900000001,3.356
4026,19.6100250000001,6.235
4027,19.6158270000001,5.802
4028,19.6202240000001,4.397
4029,19.6234430000001,3.219
4030,19.6278770000001,4.434
4031,19.6320630000001,4.186
4032,19.6368650000001,4.802
4033,19.6405540000001,3.689
4034,19.6447200000001,4.166
4035,19.6507740000001,6.054
4036,19.6558810000001,5.107
4037,19.6613430000001,5.462
4038,19.6654740000001,4.131
4039,19.6703750000001,4.901
4040,19.6740840000001,3.709
4041,19.6786320000001,4.548
4042,19.6836450000001,5.013
4043,19.6877530000001,4.108
4044,19.6913480000001,3.595
4045,19.6958050000001,4.457
4046,19.7009630000001,5.158
4047,19.7043310000001,3.368
4048,19.7086440000001,4.313
4049,19.7155690000001,6.925
4050,19.7196110000001,4.042
4051,19.7229170000001,3.306
4052,19.7272030000001,4.286
4053,19.7324490000001,5.246
4054,19.7364530000001,4.004
4055,19.7421410000001,5.688
4056,19.7463210000001,4.18
4057,19.7516730000001,5.352
4058,19.7559960000001,4.323
4059,19.7613400000001,5.344
4060,19.7656730000001,4.333
4061,19.7707000000001,5.027
4062,19.7742510000001,3.551
4063,19.7785620000001,4.311
4064,19.7836320000001,5.07
4065,19.7877420000001,4.11
4066,19.7934520000001,5.71
4067,19.8017400000001,8.288
4068,19.8049320000001,3.192
4069,19.8093520000001,4.42
4070,19.8138260000001,4.474
4071,19.8180400000001,4.214
4072,19.8231760000001,5.136
4073,19.8263240000001,3.148
4074,19.8318100000001,5.486
4075,19.8384360000001,6.626
4076,19.8413400000001,2.904
4077,19.8471050000001,5.765
4078,19.8513990000001,4.294
4079,19.8563330000001,4.934
4080,19.8598240000001,3.491
4081,19.8655050000001,5.681
4082,19.8750230000001,9.518
4083,19.8787700000001,3.747
4084,19.8830750000001,4.305
4085,19.8870910000001,4.016
4086,19.8938350000001,6.744
4087,19.8981460000001,4.311
4088,19.9035290000001,5.383
4089,19.9087200000001,5.191
4090,19.9122880000001,3.568
4091,19.9166960000001,4.408
4092,19.9214410000001,4.745
4093,19.9249990000001,3.558
4094,19.9317070000001,6.708
4095,19.9380400000001,6.333
4096,19.9411920000001,3.152
4097,19.9470900000001,5.898
4098,19.9519160000001,4.826
4099,19.9556210000001,3.705
4100,19.9596460000001,4.025
4101,19.9669900000001,7.344
4102,19.9695170000001,2.527
4103,19.9738220000001,4.305
4104,19.9782020000001,4.38
4105,19.9833770000001,5.175
4106,19.9884770000001,5.1
4107,19.9928280000001,4.351
4108,19.9985650000001,5.737
4109,20.0018920000001,3.327
4110,20.0057770000001,3.885
4111,20.0105180000001,4.741
4112,20.0150800000001,4.562
4113,20.0191000000001,4.02
4114,20.0231130000001,4.013
4115,20.0306260000001,7.513
4116,20.0343300000001,3.704
4117,20.0392880000001,4.958
4118,20.0440210000001,4.733
4119,20.0476620000001,3.641
4120,20.0662140000001,18.552
4121,20.0709410000001,4.727
4122,20.0745000000001,3.559
4123,20.0793370000001,4.837
4124,20.0839420000001,4.605
4125,20.0876180000001,3.676
4126,20.0941950000001,6.577
4127,20.0986060000001,4.411
4128,20.1022700000001,3.664
4129,20.1066660000001,4.396
4130,20.1129130000001,6.247
4131,20.1161300000001,3.217
4132,20.1206300000001,4.5
4133,20.1244740000001,3.844
4134,20.1321360000001,7.662
4135,20.1360700000001,3.934
4136,20.1404900000001,4.42
4137,20.1459190000001,5.429
4138,20.1491070000001,3.188
4139,20.1536970000001,4.59
4140,20.1594410000001,5.744
4141,20.1639670000001,4.526
4142,20.1672990000001,3.332
4143,20.1716700000001,4.371
4144,20.1773300000001,5.66
4145,20.1823340000001,5.004
4146,20.188322,5.988
4147,20.1943,5.978
4148,20.198235,3.935
4149,20.202463,4.228
4150,20.207874,5.411
4151,20.212403,4.529
4152,20.217907,5.504
4153,20.222212,4.305
4154,20.228918,6.706
4155,20.233389,4.471
4156,20.237276,3.887
4157,20.245002,7.726
4158,20.248089,3.087
4159,20.251644,3.555
4160,20.256906,5.262
4161,20.261553,4.647
4162,20.265979,4.426
4163,20.27028,4.301
4164,20.275081,4.801
4165,20.278789,3.708
4166,20.284973,6.184
4167,20.290154,5.181
4168,20.295184,5.03
4169,20.299426,4.242
4170,20.303943,4.517
4171,20.308601,4.658
4172,20.312342,3.741
4173,20.316547,4.205
4174,20.321408,4.861
4175,20.326682,5.274
4176,20.330715,4.033
4177,20.336493,5.778
4178,20.341419,4.926
4179,20.345827,4.408
4180,20.349493,3.666
4181,20.353638,4.145
4182,20.358856,5.218
4183,20.362449,3.593
4184,20.36676,4.311
4185,20.37158,4.82
4186,20.376282,4.702
4187,20.379992,3.71
4188,20.384256,4.264
4189,20.389142,4.886
4190,20.394592,5.45
4191,20.39889,4.298
4192,20.403029,4.139
4193,20.410139,7.11
4194,20.413477,3.338
4195,20.4178,4.323
4196,20.422844,5.044
4197,20.426436,3.592
4198,20.432651,6.215
4199,20.436846,4.195
4200,20.44205,5.204
4201,20.446332,4.282
4202,20.450217,3.885
4203,20.456011,5.794
4204,20.460671,4.66
4205,20.464503,3.832
4206,20.468745,4.242
4207,20.474236,5.491
4208,20.477439,3.203
4209,20.481665,4.226
4210,20.48598,4.315
4211,20.491027,5.047
4212,20.494981,3.954
4213,20.501075,6.094
4214,20.505454,4.379
4215,20.510531,5.077
4216,20.513834,3.303
4217,20.520606,6.772
4218,20.52495,4.344
4219,20.52874,3.79
4220,20.533137,4.397
4221,20.537645,4.508
4222,20.542519,4.874
4223,20.548231,5.712
4224,20.552313,4.082
4225,20.556757,4.444
4226,20.561487,4.73
4227,20.565285,3.798
4228,20.571581,6.296
4229,20.57655,4.969
4230,20.580143,3.593
4231,20.584827,4.684
4232,20.588935,4.108
4233,20.593863,4.928
4234,20.597704,3.841
4235,20.601924,4.22
4236,20.606558,4.634
4237,20.611387,4.829
4238,20.617281,5.894
4239,20.621355,4.074
4240,20.626365,5.01
4241,20.630156,3.791
4242,20.634524,4.368
4243,20.640955,6.431
4244,20.646087,5.132
4245,20.649676,3.589
4246,20.654189,4.513
4247,20.658257,4.068
4248,20.665208,6.951
4249,20.669049,3.841
4250,20.673642,4.593
4251,20.678482,4.84
4252,20.681981,3.499
4253,20.688492,6.511
4254,20.692739,4.247
4255,20.697913,5.174
4256,20.701401,3.488
4257,20.705883,4.482
4258,20.710108,4.225
4259,20.715146,5.038
4260,20.718912,3.766
4261,20.723891,4.979
4262,20.728196,4.305
4263,20.734151,5.955
4264,20.738543,4.392
4265,20.744611,6.068
4266,20.74824,3.629
4267,20.75169,3.45
4268,20.758088,6.398
4269,20.762859,4.771
4270,20.76674,3.881
4271,20.771626,4.886
4272,20.775479,3.853
4273,20.782806,7.327
4274,20.786258,3.452
4275,20.790832,4.574
4276,20.795333,4.501
4277,20.80036,5.027
4278,20.806175,5.815
4279,20.810555,4.38
4280,20.815532,4.977
4281,20.819383,3.851
4282,20.823737,4.354
4283,20.828252,4.515
4284,20.83302,4.768
4285,20.837137,4.117
4286,20.842186,5.049
4287,20.84739,5.204
4288,20.850623,3.233
4289,20.855194,4.571
4290,20.859538,4.344
4291,20.864669,5.131
4292,20.868419,3.75
4293,20.874906,6.487
4294,20.879917,5.011
4295,20.883886,3.969
4296,20.888626,4.74
4297,20.892939,4.313
4298,20.900176,7.237
4299,20.903726,3.55
4300,20.908278,4.552
4301,20.913418,5.14
4302,20.917268,3.85
4303,20.923747,6.479
4304,20.928294,4.547
4305,20.933431,5.137
4306,20.93753,4.099
4307,20.943089,5.559
4308,20.949146,6.057
4309,20.953253,4.107
4310,20.957512,4.259
4311,20.962129,4.617
4312,20.96725,5.121
4313,20.973226,5.976
4314,20.977638,4.412
4315,20.982728,5.09
4316,20.986679,3.951
4317,20.991182,4.503
4318,20.997734,6.552
4319,21.002664,4.93
4320,21.006958,4.294
4321,21.011562,4.604
4322,21.016471,4.909
4323,21.022616,6.145
4324,21.0268,4.184
4325,21.031726,4.926
4326,21.036313,4.587
4327,21.040338,4.025
4328,21.0468,6.462
4329,21.051748,4.948
4330,21.061907,10.159
4331,21.066265,4.358
4332,21.076647,10.382
4333,21.082023,5.376
4334,21.088639,6.616
4335,21.093399,4.76
4336,21.098488,5.089
4337,21.1034760000001,4.988
4338,21.108528,5.052
4339,21.11424,5.712
4340,21.11949,5.25
4341,21.1254220000001,5.932
4342,21.1290580000001,3.636
4343,21.1361950000001,7.137
4344,21.143949,7.754
4345,21.1501540000001,6.205
4346,21.1555920000001,5.438
4347,21.1594220000001,3.83
4348,21.1661250000001,6.703
4349,21.1698960000001,3.771
4350,21.1741050000001,4.209
4351,21.1789950000001,4.89
4352,21.1828780000001,3.883
4353,21.1890420000001,6.164
4354,21.1944210000001,5.379
4355,21.1988470000001,4.426
4356,21.2039790000001,5.132
4357,21.20921,5.231
4358,21.218358,9.148
4359,21.221248,2.89
4360,21.2259430000001,4.695
4361,21.23218,6.237
4362,21.237066,4.886
4363,21.243698,6.632
4364,21.247332,3.634
4365,21.2518880000001,4.556
4366,21.2571910000001,5.303
4367,21.2599130000001,2.722
4368,21.267982,8.069
4369,21.2727700000001,4.788
4370,21.2763140000001,3.544
4371,21.2824330000001,6.119
4372,21.2863510000001,3.918
4373,21.2928240000001,6.473
4374,21.2977170000001,4.893
4375,21.3014930000001,3.776
4376,21.3065370000001,5.044
4377,21.3102850000001,3.748
4378,21.3188130000001,8.528
4379,21.3233930000001,4.58
4380,21.3272940000001,3.901
4381,21.3315390000001,4.245
4382,21.3360420000001,4.503
4383,21.3424220000001,6.38
4384,21.3449390000001,2.517
4385,21.3495600000001,4.621
4386,21.3539330000001,4.373
4387,21.3589210000001,4.988
4388,21.3628700000001,3.949
4389,21.3667790000001,3.909
4390,21.3718110000001,5.032
4391,21.3755670000001,3.756
4392,21.3814940000001,5.927
4393,21.3882130000001,6.719
4394,21.3926780000001,4.465
4395,21.3964340000001,3.756
4396,21.4008850000001,4.451
4397,21.4051750000001,4.29
4398,21.4108680000001,5.693
4399,21.4139940000001,3.126
4400,21.4183780000001,4.384
4401,21.4235340000001,5.156
4402,21.4274260000001,3.892
4403,21.4344310000001,7.005
4404,21.4379670000001,3.536
4405,21.4431540000001,5.187
4406,21.4465960000001,3.442
4407,21.4510100000001,4.414
4408,21.4573010000001,6.291
4409,21.4622400000001,4.939
4410,21.4660440000001,3.804
4411,21.4705510000001,4.507
4412,21.4753520000001,4.801
4413,21.4810480000001,5.696
4414,21.4852160000001,4.168
4415,21.4898980000001,4.682
4416,21.4946690000001,4.771
4417,21.4985080000001,3.839
4418,21.5048960000001,6.388
4419,21.5092050000001,4.309
4420,21.5143330000001,5.128
4421,21.5180400000001,3.707
4422,21.5223340000001,4.294
4423,21.5299560000001,7.622
4424,21.5332170000001,3.261
4425,21.5374360000001,4.219
4426,21.5425600000001,5.124
4427,21.5471190000001,4.559
4428,21.5525730000001,5.454
4429,21.5571400000001,4.567
4430,21.5612760000001,4.136
4431,21.5663570000001,5.081
4432,21.5699660000001,3.609
4433,21.5762690000001,6.303
4434,21.5813980000001,5.129
4435,21.5849090000001,3.511
4436,21.5893680000001,4.459
4437,21.5941620000001,4.794
4438,21.6010460000001,6.884
4439,21.6047490000001,3.703
4440,21.6095600000001,4.811
4441,21.6143530000001,4.793
4442,21.6179160000001,3.563
4443,21.6241930000001,6.277
4444,21.6284660000001,4.273
4445,21.6335810000001,5.115
4446,21.6370980000001,3.517
4447,21.6417040000001,4.606
4448,21.6464580000001,4.754
4449,21.6501010000001,3.643
4450,21.6544890000001,4.388
4451,21.6590250000001,4.536
4452,21.6638980000001,4.873
4453,21.6694260000001,5.528
4454,21.6738760000001,4.45
4455,21.6789000000001,5.024
4456,21.6837770000001,4.877
4457,21.6874710000001,3.694
4458,21.6937650000001,6.294
4459,21.6998530000001,6.088
4460,21.7026870000001,2.834
4461,21.7067620000001,4.075
4462,21.7112540000001,4.492
4463,21.7180370000001,6.783
4464,21.7217020000001,3.665
4465,21.7262230000001,4.521
4466,21.7319330000001,5.71
4467,21.7347860000001,2.853
4468,21.7412120000001,6.426
4469,21.7452670000001,4.055
4470,21.7503720000001,5.105
4471,21.7541110000001,3.739
4472,21.7586600000001,4.549
4473,21.7634670000001,4.807
4474,21.7669470000001,3.48
4475,21.7713500000001,4.403
4476,21.7765360000001,5.186
4477,21.7813120000001,4.776
4478,21.7869860000001,5.674
4479,21.7911490000001,4.163
4480,21.7955470000001,4.398
4481,21.8003620000001,4.815
4482,21.8039420000001,3.58
4483,21.8107430000001,6.801
4484,21.8157870000001,5.044
4485,21.8187520000001,2.965
4486,21.8230700000001,4.318
4487,21.8273970000001,4.327
4488,21.8341680000001,6.771
4489,21.8377960000001,3.628
4490,21.8419950000001,4.199
4491,21.8471060000001,5.111
4492,21.8513160000001,4.21
4493,21.8566990000001,5.383
4494,21.8607930000001,4.094
4495,21.866239,5.446
4496,21.8692880000001,3.049
4497,21.8736050000001,4.317
4498,21.8784170000001,4.812
4499,21.8828020000001,4.385
4500,21.8866050000001,3.803
4501,21.8925970000001,5.992
4502,21.8976810000001,5.084
4503,21.9012120000001,3.531
4504,21.905406,4.194
4505,21.911374,5.968
4506,21.917085,5.711
4507,21.920617,3.532
4508,21.925326,4.709
4509,21.93006,4.734
4510,21.933417,3.357
4511,21.939791,6.374
4512,21.9440950000001,4.304
4513,21.950191,6.096
4514,21.952626,2.435
4515,21.956602,3.976
4516,21.9613060000001,4.704
4517,21.9660100000001,4.704
4518,21.9696680000001,3.658
4519,21.9757200000001,6.052
4520,21.9805070000001,4.787
4521,21.9842150000001,3.708
4522,21.9885660000001,4.351
4523,21.9944350000001,5.869
4524,21.9987860000001,4.351
4525,22.0024030000001,3.617
4526,22.006639,4.236
4527,22.0130480000001,6.409
4528,22.0167200000001,3.672
4529,22.0211200000001,4.4
4530,22.0254630000001,4.343
4531,22.0301810000001,4.718
4532,22.0341890000001,4.008
4533,22.0381600000001,3.971
4534,22.043913,5.753
4535,22.048809,4.896
4536,22.054165,5.356
4537,22.058482,4.317
4538,22.06917,10.688
4539,22.078481,9.311
4540,22.082457,3.976
4541,22.086687,4.23
4542,22.09379,7.103
4543,22.09741,3.62
4544,22.10561,8.2
4545,22.109068,3.458
4546,22.113233,4.165
4547,22.117998,4.765
4548,22.121964,3.966
4549,22.126316,4.352
4550,22.131031,4.715
4551,22.137315,6.284
4552,22.141612,4.297
4553,22.146096,4.484
4554,22.149872,3.776
4555,22.157061,7.189
4556,22.161579,4.518
4557,22.1647730000001,3.194
4558,22.169254,4.481
4559,22.176053,6.799
4560,22.179674,3.621
4561,22.183911,4.237
4562,22.188691,4.78
4563,22.19238,3.689
4564,22.1987400000001,6.36
4565,22.2028060000001,4.066
4566,22.2081580000001,5.352
4567,22.2118020000001,3.644
4568,22.2158680000001,4.066
4569,22.2203880000001,4.52
4570,22.2252420000001,4.854
4571,22.2306510000001,5.409
4572,22.2343670000001,3.716
4573,22.2392540000001,4.887
4574,22.2453120000001,6.058
4575,22.2499700000001,4.658
4576,22.2552270000001,5.257
4577,22.2602860000001,5.059
4578,22.2637630000001,3.477
4579,22.2700300000001,6.267
4580,22.2743580000001,4.328
4581,22.2801800000001,5.822
4582,22.2857970000001,5.617
4583,22.2896720000001,3.875
4584,22.2945410000001,4.869
4585,22.2985420000001,4.001
4586,22.3028340000001,4.292
4587,22.3085270000001,5.693
4588,22.3119930000001,3.466
4589,22.3160510000001,4.058
4590,22.3204000000001,4.349
4591,22.3247890000001,4.389
4592,22.3296500000001,4.861
4593,22.3331180000001,3.468
4594,22.3375600000001,4.442
4595,22.3430270000001,5.467
4596,22.3485370000001,5.51
4597,22.3525920000001,4.055
4598,22.3581150000001,5.523
4599,22.3636570000001,5.542
4600,22.3675210000001,3.864
4601,22.3718990000001,4.378
4602,22.3760970000001,4.198
4603,22.3859650000001,9.868
4604,22.3894420000001,3.477
4605,22.3933690000001,3.927
4606,22.3985470000001,5.178
4607,22.4019000000001,3.353
4608,22.4063270000001,4.427
4609,22.4106580000001,4.331
4610,22.4158380000001,5.18
4611,22.4195890000001,3.751
4612,22.4238830000001,4.294
4613,22.4302620000001,6.379
4614,22.4335360000001,3.274
4615,22.4378900000001,4.354
4616,22.4441540000001,6.264
4617,22.4491470000001,4.993
4618,22.4527590000001,3.612
4619,22.4590600000001,6.301
4620,22.4638740000001,4.814
4621,22.4678380000001,3.964
4622,22.4719600000001,4.122
4623,22.4762830000001,4.323
4624,22.4812090000001,4.926
4625,22.4848710000001,3.662
4626,22.4894970000001,4.626
4627,22.4937140000001,4.217
4628,22.4985530000001,4.839
4629,22.5023150000001,3.762
4630,22.5068350000001,4.52
4631,22.5116650000001,4.83
4632,22.5158790000001,4.214
4633,22.5204030000001,4.524
4634,22.5244490000001,4.046
4635,22.5294150000001,4.966
4636,22.5346750000001,5.26
4637,22.5391530000001,4.478
4638,22.5435110000001,4.358
4639,22.5506020000001,7.091
4640,22.5541460000001,3.544
4641,22.5588110000001,4.665
4642,22.5637120000001,4.901
4643,22.5673800000001,3.668
4644,22.5718620000001,4.482
4645,22.5761180000001,4.256
4646,22.5810150000001,4.897
4647,22.5854130000001,4.398
4648,22.5894210000001,4.008
4649,22.5938440000001,4.423
4650,22.5988180000001,4.974
4651,22.6026830000001,3.865
4652,22.6072850000001,4.602
4653,22.612416,5.131
4654,22.6167170000001,4.301
4655,22.6206920000001,3.975
4656,22.6276310000001,6.939
4657,22.632759,5.128
4658,22.635627,2.868
4659,22.641916,6.289
4660,22.64688,4.964
4661,22.650781,3.901
4662,22.6552480000001,4.467
4663,22.660439,5.191
4664,22.664699,4.26
4665,22.668363,3.664
4666,22.6727290000001,4.366
4667,22.677595,4.866
4668,22.682474,4.879
4669,22.686385,3.911
4670,22.690793,4.408
4671,22.695638,4.845
4672,22.699551,3.913
4673,22.703968,4.417
4674,22.708781,4.813
4675,22.713692,4.911
4676,22.718872,5.18
4677,22.723184,4.312
4678,22.727962,4.778
4679,22.734576,6.614
4680,22.738146,3.57
4681,22.742685,4.539
4682,22.747811,5.126
4683,22.751675,3.864
4684,22.756715,5.04
4685,22.762293,5.578
4686,22.767711,5.418
4687,22.771906,4.195
4688,22.776265,4.359
4689,22.781363,5.098
4690,22.7854220000001,4.059
4691,22.7900080000001,4.586
4692,22.7942740000001,4.266
4693,22.7994140000001,5.14
4694,22.8036910000001,4.277
4695,22.8078980000001,4.207
4696,22.8150010000001,7.103
4697,22.8182330000001,3.232
4698,22.8230310000001,4.798
4699,22.8302370000001,7.206
4700,22.8344620000001,4.225
4701,22.8383690000001,3.907
4702,22.8430020000001,4.633
4703,22.8480870000001,5.085
4704,22.8523040000001,4.217
4705,22.8573490000001,5.045
4706,22.8613260000001,3.977
4707,22.8664120000001,5.086
4708,22.8705070000001,4.095
4709,22.8751630000001,4.656
4710,22.8804170000001,5.254
4711,22.8842210000001,3.804
4712,22.8889450000001,4.724
4713,22.8942980000001,5.353
4714,22.8991480000001,4.85
4715,22.9032790000001,4.131
4716,22.9090960000001,5.817
4717,22.9141920000001,5.096
4718,22.9181590000001,3.967
4719,22.9248340000001,6.675
4720,22.9293110000001,4.477
4721,22.9343440000001,5.033
4722,22.9383920000001,4.048
4723,22.9430100000001,4.618
4724,22.9481810000001,5.171
4725,22.9520640000001,3.883
4726,22.9567880000001,4.724
4727,22.9610740000001,4.286
4728,22.9661470000001,5.073
4729,22.9702290000001,4.082
4730,22.9751010000001,4.872
4731,22.9801240000001,5.023
4732,22.9838450000001,3.721
4733,22.9883980000001,4.553
4734,22.9929980000001,4.6
4735,22.9980110000001,5.013
4736,23.0034460000001,5.435
4737,23.0078900000001,4.444
4738,23.0128850000001,4.995
4739,23.0185800000001,5.695
4740,23.0231550000001,4.575
4741,23.0282080000001,5.053
4742,23.0328480000001,4.64
4743,23.0362540000001,3.406
4744,23.0408600000001,4.606
4745,23.0470010000001,6.141
4746,23.0508490000001,3.848
4747,23.0561300000001,5.281
4748,23.0605740000001,4.444
4749,23.0766390000001,16.065
4750,23.0807130000001,4.074
4751,23.0847800000001,4.067
4752,23.0908390000001,6.059
4753,23.0941170000001,3.278
4754,23.0983590000001,4.242
4755,23.1059110000001,7.552
4756,23.1111410000001,5.23
4757,23.1153820000001,4.241
4758,23.1198690000001,4.487
4759,23.1266410000001,6.772
4760,23.1304080000001,3.767
4761,23.1348500000001,4.442
4762,23.1396820000001,4.832
4763,23.1436620000001,3.98
4764,23.1477650000001,4.103
4765,23.1528380000001,5.073
4766,23.1565960000001,3.758
4767,23.1632230000001,6.627
4768,23.1672540000001,4.031
4769,23.1724200000001,5.166
4770,23.1759570000001,3.537
4771,23.1814280000001,5.471
4772,23.1857560000001,4.328
4773,23.1895150000001,3.759
4774,23.1955170000001,6.002
4775,23.2000930000001,4.576
4776,23.2052790000001,5.186
4777,23.2095640000001,4.285
4778,23.2139880000001,4.424
4779,23.2207810000001,6.793
4780,23.2245520000001,3.771
4781,23.2288260000001,4.274
4782,23.2336160000001,4.79
4783,23.2374920000001,3.876
4784,23.2427440000001,5.252
4785,23.2478100000001,5.066
4786,23.2509970000001,3.187
4787,23.2553510000001,4.354
4788,23.2595950000001,4.244
4789,23.2643880000001,4.793
4790,23.2682630000001,3.875
4791,23.2725560000001,4.293
4792,23.2782330000001,5.677
4793,23.2818440000001,3.611
4794,23.2861870000001,4.343
4795,23.2907110000001,4.524
4796,23.2954770000001,4.766
4797,23.2994350000001,3.958
4798,23.3034560000001,4.021
4799,23.3105840000001,7.128
4800,23.3134810000001,2.897
4801,23.3179800000001,4.499
4802,23.3222890000001,4.309
4803,23.3278800000001,5.591
4804,23.3314280000001,3.548
4805,23.3353070000001,3.879
4806,23.3407220000001,5.415
4807,23.3454770000001,4.755
4808,23.3495520000001,4.075
4809,23.3536780000001,4.126
4810,23.3591080000001,5.43
4811,23.3626420000001,3.534
4812,23.3700230000001,7.381
4813,23.3727170000001,2.694
4814,23.3763420000001,3.625
4815,23.3804350000001,4.093
4816,23.3860140000001,5.579
4817,23.3912570000001,5.243
4818,23.3944260000001,3.169
4819,23.4012510000001,6.825
4820,23.4053640000001,4.113
4821,23.4095820000001,4.218
4822,23.4135890000001,4.007
4823,23.4179080000001,4.319
4824,23.4228560000001,4.948
4825,23.4264080000001,3.552
4826,23.4306510000001,4.243
4827,23.4351300000001,4.479
4828,23.4400740000001,4.944
4829,23.4451960000001,5.122
4830,23.4486280000001,3.432
4831,23.4525670000001,3.939
4832,23.4575840000001,5.017
4833,23.4631470000001,5.563
4834,23.4672110000001,4.064
4835,23.4715480000001,4.337
4836,23.4786820000001,7.134
4837,23.4815620000001,2.88
4838,23.4859230000001,4.361
4839,23.4921180000001,6.195
4840,23.4970640000001,4.946
4841,23.5005520000001,3.488
4842,23.5048360000001,4.284
4843,23.5112460000001,6.41
4844,23.5150350000001,3.789
4845,23.5189210000001,3.886
4846,23.5240220000001,5.101
4847,23.5296590000001,5.637
4848,23.5331380000001,3.479
4849,23.5374470000001,4.309
4850,23.5454310000001,7.984
4851,23.5498380000001,4.407
4852,23.5519680000001,2.13
4853,23.5565940000001,4.626
4854,23.5607890000001,4.195
4855,23.5655280000001,4.739
4856,23.5705800000001,5.052
4857,23.5754920000001,4.912
4858,23.5801460000001,4.654
4859,23.5853550000001,5.209
4860,23.5899280000001,4.573
4861,23.5940490000001,4.121
4862,23.5988380000001,4.789
4863,23.6026420000001,3.804
4864,23.6094770000001,6.835
4865,23.6122800000001,2.803
4866,23.6184650000001,6.185
4867,23.622173,3.708
4868,23.626541,4.368
4869,23.631344,4.803
4870,23.635261,3.917
4871,23.6397000000001,4.439
4872,23.6443030000001,4.603
4873,23.6494910000001,5.188
4874,23.652766,3.275
4875,23.659203,6.437
4876,23.663272,4.069
4877,23.668097,4.825
4878,23.671873,3.776
4879,23.676527,4.654
4880,23.681098,4.571
4881,23.684903,3.805
4882,23.689259,4.356
4883,23.698188,8.929
4884,23.701122,2.934
4885,23.704841,3.719
4886,23.709046,4.205
4887,23.71345,4.404
4888,23.718348,4.898
4889,23.721981,3.633
4890,23.728403,6.422
4891,23.732359,3.956
4892,23.735785,3.426
4893,23.740426,4.641
4894,23.745462,5.036
4895,23.749859,4.397
4896,23.754846,4.987
4897,23.761086,6.24
4898,23.765163,4.077
4899,23.771146,5.983
4900,23.774974,3.828
4901,23.779321,4.347
4902,23.78406,4.739
4903,23.787769,3.709
4904,23.794556,6.787
4905,23.797701,3.145
4906,23.80264,4.939
4907,23.806449,3.809
4908,23.811327,4.878
4909,23.815057,3.73
4910,23.820159,5.102
4911,23.82371,3.551
4912,23.829674,5.964
4913,23.834433,4.759
4914,23.837458,3.025
4915,23.841705,4.247
4916,23.846991,5.286
4917,23.851167,4.176
4918,23.8550360000001,3.869
4919,23.8594950000001,4.459
4920,23.8664370000001,6.942
4921,23.8712890000001,4.852
4922,23.8748700000001,3.581
4923,23.8801500000001,5.28
4924,23.884417,4.267
4925,23.887991,3.574
4926,23.8935600000001,5.569
4927,23.8983650000001,4.805
