frame,elapsed_seconds,frame_ms
0,0.003813,3.813
1,0.011573,7.76
2,0.015782,4.209
3,0.021945,6.163
4,0.025356,3.411
5,0.03018,4.824
6,0.035619,5.439
7,0.041973,6.354
8,0.048493,6.52
9,0.051895,3.402
10,0.057267,5.372
11,0.062602,5.335
12,0.06533,2.728
13,0.069193,3.863
14,0.073351,4.158
15,0.081054,7.703
16,0.084452,3.398
17,0.090983,6.531
18,0.095484,4.501
19,0.099266,3.782
20,0.103442,4.176
21,0.109651,6.209
22,0.112777,3.126
23,0.118376,5.599
24,0.122705,4.329
25,0.12735,4.645
26,0.130855,3.505
27,0.13642,5.565
28,0.14295,6.53
29,0.146259,3.309
30,0.152856,6.597
31,0.157663,4.807
32,0.161001,3.338
33,0.16525,4.249
34,0.169598,4.348
35,0.175407,5.809
36,0.179215,3.808
37,0.185484,6.269
38,0.189641,4.157
39,0.194285,4.644
40,0.197829,3.544
41,0.20392,6.091
42,0.208296,4.376
43,0.212491,4.195
44,0.216395,3.904
45,0.224144,7.749
46,0.229778,5.634
47,0.234898,5.12
48,0.239546,4.648
49,0.244459,4.913
50,0.248557,4.098
51,0.252572,4.015
52,0.256423,3.851
53,0.261161,4.738
54,0.265183,4.022
55,0.270434,5.251
56,0.27486,4.426
57,0.280389,5.529
58,0.283691,3.302
59,0.288818,5.127
60,0.296658,7.84
61,0.300177,3.519
62,0.304831,4.654
63,0.310361,5.53
64,0.314407,4.046
65,0.319846,5.439
66,0.324919,5.073
67,0.329963,5.044
68,0.334977,5.014
69,0.340017,5.04
70,0.344641,4.624
71,0.351655,7.014
72,0.356485,4.83
73,0.362354,5.869
74,0.366578,4.224
75,0.373145,6.567
76,0.376924,3.779
77,0.382524,5.6
78,0.3886,6.076
79,0.392948,4.348
80,0.396934,3.986
81,0.402906,5.972
82,0.407465,4.559
83,0.413092,5.627
84,0.417096,4.004
85,0.423848,6.752
86,0.427456,3.608
87,0.433239,5.783
88,0.437361,4.122
89,0.443773,6.412
90,0.44757,3.797
91,0.453393,5.823
92,0.458154,4.761
93,0.463396,5.242
94,0.467724,4.328
95,0.474209,6.485
96,0.477868,3.659
97,0.483747,5.879
98,0.488182,4.435
99,0.494535,6.353
100,0.497868,3.333
101,0.504053,6.185
102,0.508553,4.5
103,0.514064,5.511
104,0.518117,4.053
105,0.524966,6.849
106,0.528267,3.301
107,0.534468,6.201
108,0.538297,3.829
109,0.544741,6.444
110,0.548486,3.745
111,0.554418,5.932
112,0.559117,4.699
113,0.564436,5.319
114,0.568802,4.366
115,0.575084,6.282
116,0.578777,3.693
117,0.58521,6.433
118,0.588996,3.786
119,0.595738,6.742
120,0.59902,3.282
121,0.604899,5.879
122,0.609564,4.665
123,0.615048,5.484
124,0.619314,4.266
125,0.62643,7.116
126,0.629324,2.894
127,0.635477,6.153
128,0.639388,3.911
129,0.645807,6.419
130,0.652195,6.388
131,0.655334,3.139
132,0.660411,5.077
133,0.665923,5.512
134,0.670257,4.334
135,0.676484,6.227
136,0.68011,3.626
137,0.687865,7.755
138,0.694581,6.716
139,0.698651,4.07
140,0.704147,5.496
141,0.710508,6.361
142,0.714315,3.807
143,0.72322,8.905
144,0.733456,10.236
145,0.739201,5.745
146,0.744806,5.605
147,0.75019,5.384
148,0.755774,5.584
149,0.761903,6.129
150,0.766642,4.739
151,0.772683,6.041
152,0.779023,6.34
153,0.782617,3.594
154,0.788078,5.461
155,0.793869,5.791
156,0.797654,3.785
157,0.803941,6.287
158,0.80879,4.849
159,0.812476,3.686
160,0.818415,5.939
161,0.822069,3.654
162,0.828284,6.215
163,0.833217,4.933
164,0.8387,5.483
165,0.843133,4.433
166,0.847324,4.191
167,0.851003,3.679
168,0.855245,4.242
169,0.86002,4.775
170,0.863566,3.546
171,0.869318,5.752
172,0.873017,3.699
173,0.879485,6.468
174,0.883354,3.869
175,0.888368,5.014
176,0.89313,4.762
177,0.896544,3.414
178,0.903782,7.238
179,0.910695,6.913
180,0.913406,2.711
181,0.918299,4.893
182,0.923997,5.698
183,0.928806,4.809
184,0.934216,5.41
185,0.938401,4.185
186,0.943081,4.68
187,0.954664,11.583
188,0.958646,3.982
189,0.966775,8.129
190,0.970159,3.384
191,0.974464,4.305
192,0.978575,4.111
193,0.984092,5.517
194,0.987099,3.007
195,0.991373,4.274
196,0.999039,7.666
197,1.002779,3.74
198,1.006959,4.18
199,1.011903,4.944
200,1.015299,3.396
201,1.019407,4.108
202,1.023595,4.188
203,1.030717,7.122
204,1.036019,5.302
205,1.042193,6.174
206,1.046251,4.058
207,1.04996,3.709
208,1.058963,9.003
209,1.062561,3.598
210,1.066096,3.535
211,1.070264,4.168
212,1.074207,3.943
213,1.081447,7.24
214,1.085658,4.211
215,1.089233,3.575
216,1.094112,4.879
217,1.099227,5.115
218,1.104092,4.865
219,1.111477,7.385
220,1.116665,5.188
221,1.12056,3.895
222,1.126007,5.447
223,1.131283,5.276
224,1.135951,4.668
225,1.138905,2.954
226,1.14407,5.165
227,1.147263,3.193
228,1.152363,5.1
229,1.16079,8.427
230,1.164933,4.143
231,1.169095,4.162
232,1.174342,5.247
233,1.17944,5.098
234,1.183106,3.666
235,1.18931,6.204
236,1.193669,4.359
237,1.198528,4.859
238,1.202753,4.225
239,1.207394,4.641
240,1.213104,5.71
241,1.21721,4.106
242,1.221288,4.078
243,1.225638,4.35
244,1.230645,5.007
245,1.236219,5.574
246,1.240545,4.326
247,1.245139,4.594
248,1.249174,4.035
249,1.253547,4.373
250,1.259607,6.06
251,1.264411,4.804
252,1.268471,4.06
253,1.27263,4.159
254,1.277253,4.623
255,1.283155,5.902
256,1.28718,4.025
257,1.291498,4.318
258,1.296352,4.854
259,1.300305,3.953
260,1.304847,4.542
261,1.309493,4.646
262,1.313099,3.606
263,1.317329,4.23
264,1.321553,4.224
265,1.328116,6.563
266,1.332057,3.941
267,1.337118,5.061
268,1.341031,3.913
269,1.344764,3.733
270,1.351017,6.253
271,1.355124,4.107
272,1.360163,5.039
273,1.363731,3.568
274,1.368936,5.205
275,1.375152,6.216
276,1.37877,3.618
277,1.383085,4.315
278,1.38728,4.195
279,1.392213,4.933
280,1.397812,5.599
281,1.401945,4.133
282,1.406444,4.499
283,1.411554,5.11
284,1.414922,3.368
285,1.41914,4.218
286,1.424362,5.222
287,1.428221,3.859
288,1.432363,4.142
289,1.436248,3.885
290,1.443433,7.185
291,1.446727,3.294
292,1.45097,4.243
293,1.455373,4.403
294,1.460244,4.871
295,1.466027,5.783
296,1.470239,4.212
297,1.475352,5.113
298,1.478681,3.329
299,1.48307,4.389
300,1.487253,4.183
301,1.492207,4.954
302,1.495756,3.549
303,1.500299,4.543
304,1.504448,4.149
305,1.511226,6.778
306,1.514901,3.675
307,1.51936,4.459
308,1.524468,5.108
309,1.527834,3.366
310,1.534472,6.638
311,1.53848,4.008
312,1.543301,4.821
313,1.547195,3.894
314,1.551421,4.226
315,1.557635,6.214
316,1.562484,4.849
317,1.566399,3.915
318,1.570458,4.059
319,1.575771,5.313
320,1.58107,5.299
321,1.585399,4.329
322,1.589661,4.262
323,1.594512,4.851
324,1.598309,3.797
325,1.60251,4.201
326,1.606858,4.348
327,1.611866,5.008
328,1.615764,3.898
329,1.620033,4.269
330,1.626676,6.643
331,1.630355,3.679
332,1.63478,4.425
333,1.639036,4.256
334,1.644075,5.039
335,1.649603,5.528
336,1.653982,4.379
337,1.658148,4.166
338,1.663081,4.933
339,1.667202,4.121
340,1.671071,3.869
341,1.675966,4.895
342,1.679761,3.795
343,1.684334,4.573
344,1.688531,4.197
345,1.695201,6.67
346,1.699212,4.011
347,1.703257,4.045
348,1.707687,4.43
349,1.712648,4.961
350,1.72031,7.662
351,1.724646,4.336
352,1.729844,5.198
353,1.733677,3.833
354,1.738083,4.406
355,1.74429,6.207
356,1.749216,4.926
357,1.756588,7.372
358,1.759913,3.325
359,1.7643,4.387
360,1.771367,7.067
361,1.774848,3.481
362,1.779229,4.381
363,1.784017,4.788
364,1.787629,3.612
365,1.793942,6.313
366,1.798377,4.435
367,1.803523,5.146
368,1.807078,3.555
369,1.81162,4.542
370,1.81825,6.63
371,1.82253,4.28
372,1.827528,4.998
373,1.830944,3.416
374,1.835924,4.98
375,1.841657,5.733
376,1.845955,4.298
377,1.850816,4.861
378,1.854705,3.889
379,1.859267,4.562
380,1.865615,6.348
381,1.873249,7.634
382,1.876341,3.092
383,1.884351,8.01
384,1.888609,4.258
385,1.89177,3.161
386,1.896154,4.384
387,1.900396,4.242
388,1.905322,4.926
389,1.909251,3.929
390,1.915474,6.223
391,1.920743,5.269
392,1.924989,4.246
393,1.929466,4.477
394,1.933049,3.583
395,1.940332,7.283
396,1.944529,4.197
397,1.948144,3.615
398,1.953369,5.225
399,1.957061,3.692
400,1.963295,6.234
401,1.967586,4.291
402,1.972708,5.122
403,1.976686,3.978
404,1.980909,4.223
405,1.987989,7.08
406,1.991564,3.575
407,1.995938,4.374
408,2.000485,4.547
409,2.005339,4.854
410,2.011059,5.72
411,2.015497,4.438
412,2.021451,5.954
413,2.025638,4.187
414,2.031145,5.507
415,2.037509,6.364
416,2.042841,5.332
417,2.04627,3.429
418,2.050982,4.712
419,2.05626,5.278
420,2.061536,5.276
421,2.065912,4.376
422,2.070459,4.547
423,2.075539,5.08
424,2.079312,3.773
425,2.085932,6.62
426,2.090793,4.861
427,2.094636,3.843
428,2.099182,4.546
429,2.103717,4.535
430,2.110699,6.982
431,2.114343,3.644
432,2.119206,4.863
433,2.124375,5.169
434,2.128081,3.706
435,2.134424,6.343
436,2.13926,4.836
437,2.144339,5.079
438,2.148558,4.219
439,2.154451,5.893
440,2.161749,7.298
441,2.165307,3.558
442,2.169971,4.664
443,2.175456,5.485
444,2.179096,3.64
445,2.185773,6.677
446,2.190833,5.06
447,2.194589,3.756
448,2.199132,4.543
449,2.204299,5.167
450,2.209071,4.772
451,2.214833,5.762
452,2.220364,5.531
453,2.223877,3.513
454,2.228677,4.8
455,2.235671,6.994
456,2.243698,8.027
457,2.247044,3.346
458,2.25155,4.506
459,2.255723,4.173
460,2.261928,6.205
461,2.266907,4.979
462,2.270964,4.057
463,2.276319,5.355
464,2.280479,4.16
465,2.287616,7.137
466,2.291542,3.926
467,2.295953,4.411
468,2.301168,5.215
469,2.307097,5.929
470,2.312044,4.947
471,2.316807,4.763
472,2.320987,4.18
473,2.325596,4.609
474,2.330341,4.745
475,2.337275,6.934
476,2.34194,4.665
477,2.345869,3.929
478,2.351334,5.465
479,2.355217,3.883
480,2.361838,6.621
481,2.366814,4.976
482,2.371131,4.317
483,2.375821,4.69
484,2.380023,4.202
485,2.387472,7.449
486,2.390979,3.507
487,2.395623,4.644
488,2.400819,5.196
489,2.405155,4.336
490,2.412248,7.093
491,2.41639,4.142
492,2.420595,4.205
493,2.425209,4.614
494,2.429848,4.639
495,2.437296,7.448
496,2.442694,5.398
497,2.447571,4.877
498,2.452988,5.417
499,2.456852,3.864
500,2.463183,6.331
501,2.468445,5.262
502,2.473672,5.227
503,2.477691,4.019
504,2.481738,4.047
505,2.489591,7.853
506,2.492767,3.176
507,2.497312,4.545
508,2.502698,5.386
509,2.507813,5.115
510,2.512961,5.148
511,2.518125,5.164
512,2.522104,3.979
513,2.526768,4.664
514,2.531694,4.926
515,2.539779,8.085
516,2.543867,4.088
517,2.549093,5.226
518,2.554471,5.378
519,2.558227,3.756
520,2.564681,6.454
521,2.573423,8.742
522,2.578297,4.874
523,2.58161,3.313
524,2.586946,5.336
525,2.59255,5.604
526,2.597096,4.546
527,2.602544,5.448
528,2.607062,4.518
529,2.612855,5.793
530,2.620288,7.433
531,2.624677,4.389
532,2.630153,5.476
533,2.63533,5.177
534,2.639374,4.044
535,2.645379,6.005
536,2.650198,4.819
537,2.655266,5.068
538,2.659494,4.228
539,2.662833,3.339
540,2.670186,7.353
541,2.67362,3.434
542,2.677851,4.231
543,2.682644,4.793
544,2.687411,4.767
545,2.693109,5.698
546,2.698121,5.012
547,2.701945,3.824
548,2.706341,4.396
549,2.710401,4.06
550,2.717111,6.71
551,2.720951,3.84
552,2.725717,4.766
553,2.730395,4.678
554,2.734326,3.931
555,2.738645,4.319
556,2.744326,5.681
557,2.749681,5.355
558,2.753445,3.764
559,2.758118,4.673
560,2.764594,6.476
561,2.76836,3.766
562,2.772745,4.385
563,2.778755,6.01
564,2.783167,4.412
565,2.787531,4.364
566,2.792727,5.196
567,2.796369,3.642
568,2.800642,4.273
569,2.80497,4.328
570,2.810363,5.393
571,2.815768,5.405
572,2.820103,4.335
573,2.826526,6.423
574,2.830436,3.91
575,2.835253,4.817
576,2.839367,4.114
577,2.844317,4.95
578,2.848301,3.984
579,2.852379,4.078
580,2.860071,7.692
581,2.864452,4.381
582,2.869315,4.863
583,2.873854,4.539
584,2.879506,5.652
585,2.884599,5.093
586,2.888818,4.219
587,2.894334,5.516
588,2.898265,3.931
589,2.903705,5.44
590,2.91011,6.405
591,2.915173,5.063
592,2.918503,3.33
593,2.922863,4.36
594,2.929506,6.643
595,2.934268,4.762
596,2.937745,3.477
597,2.942423,4.678
598,2.948353,5.93
599,2.952074,3.721
600,2.957296,5.222
601,2.963577,6.281
602,2.967998,4.421
603,2.97229,4.292
604,2.976851,4.561
605,2.984677,7.826
606,2.989912,5.235
607,2.995093,5.181
608,2.999528,4.435
609,3.003374,3.846
610,3.007653,4.279
611,3.013893,6.24
612,3.029583,15.69
613,3.033367,3.784
614,3.037276,3.909
615,3.044044,6.768
616,3.047873,3.829
617,3.054229,6.356
618,3.058963,4.734
619,3.070375,11.412
620,3.077259,6.884
621,3.080999,3.74
622,3.085335,4.336
623,3.090313,4.978
624,3.093744,3.431
625,3.098959,5.215
626,3.10421,5.251
627,3.107687,3.477
628,3.112049,4.362
629,3.116716,4.667
630,3.123555,6.839
631,3.127723,4.168
632,3.131964,4.241
633,3.135476,3.512
634,3.139817,4.341
635,3.146643,6.826
636,3.150323,3.68
637,3.154961,4.638
638,3.159446,4.485
639,3.163189,3.743
640,3.169417,6.228
641,3.174244,4.827
642,3.17802,3.776
643,3.182361,4.341
644,3.187246,4.885
645,3.191444,4.198
646,3.195367,3.923
647,3.199526,4.159
648,3.204048,4.522
649,3.208895,4.847
650,3.214481,5.586
651,3.218809,4.328
652,3.223083,4.274
653,3.228028,4.945
654,3.232183,4.155
655,3.237879,5.696
656,3.242144,4.265
657,3.247132,4.988
658,3.251026,3.894
659,3.255189,4.163
660,3.261534,6.345
661,3.266146,4.612
662,3.270192,4.046
663,3.274411,4.219
664,3.278709,4.298
665,3.285573,6.864
666,3.289239,3.666
667,3.293643,4.404
668,3.297981,4.338
669,3.303708,5.727
670,3.30936,5.652
671,3.313449,4.089
672,3.317938,4.489
673,3.321947,4.009
674,3.326376,4.429
675,3.332502,6.126
676,3.337874,5.372
677,3.341033,3.159
678,3.345308,4.275
679,3.349669,4.361
680,3.356507,6.838
681,3.360204,3.697
682,3.364765,4.561
683,3.369837,5.072
684,3.373472,3.635
685,3.379832,6.36
686,3.383945,4.113
687,3.38874,4.795
688,3.392505,3.765
689,3.396962,4.457
690,3.403472,6.51
691,3.408205,4.733
692,3.412213,4.008
693,3.416641,4.428
694,3.421195,4.554
695,3.427093,5.898
696,3.431362,4.269
697,3.435732,4.37
698,3.440455,4.723
699,3.444335,3.88
700,3.450549,6.214
701,3.454985,4.436
702,3.459935,4.95
703,3.464332,4.397
704,3.467851,3.519
705,3.472799,4.948
706,3.476692,3.893
707,3.481103,4.411
708,3.485583,4.48
709,3.490316,4.733
710,3.496067,5.751
711,3.500358,4.291
712,3.504665,4.307
713,3.509663,4.998
714,3.513369,3.706
715,3.51988,6.511
716,3.525157,5.277
717,3.529343,4.186
718,3.532669,3.326
719,3.537191,4.522
720,3.544109,6.918
721,3.547625,3.516
722,3.552191,4.566
723,3.556495,4.304
724,3.561738,5.243
725,3.566985,5.247
726,3.571449,4.464
727,3.576465,5.016
728,3.580284,3.819
729,3.584556,4.272
730,3.588869,4.313
731,3.593958,5.089
732,3.59752,3.562
733,3.601843,4.323
734,3.606126,4.283
735,3.61285,6.724
736,3.616735,3.885
737,3.621284,4.549
738,3.626746,5.462
739,3.630943,4.197
740,3.636282,5.339
741,3.6414,5.118
742,3.644724,3.324
743,3.649227,4.503
744,3.65367,4.443
745,3.658553,4.883
746,3.662355,3.802
747,3.666775,4.42
748,3.673552,6.777
749,3.677107,3.555
750,3.683444,6.337
751,3.688748,5.304
752,3.692233,3.485
753,3.696481,4.248
754,3.700839,4.358
755,3.70581,4.971
756,3.709845,4.035
757,3.713941,4.096
758,3.719058,5.117
759,3.723355,4.297
760,3.729027,5.672
761,3.734086,5.059
762,3.737995,3.909
763,3.742415,4.42
764,3.746714,4.299
765,3.754311,7.597
766,3.757795,3.484
767,3.761556,3.761
768,3.766826,5.27
769,3.770594,3.768
770,3.775201,4.607
771,3.779465,4.264
772,3.78436,4.895
773,3.790163,5.803
774,3.796185,6.022
775,3.802756,6.571
776,3.806388,3.632
777,3.810895,4.507
778,3.815104,4.209
779,3.820331,5.227
780,3.824113,3.782
781,3.828196,4.083
782,3.833327,5.131
783,3.836998,3.671
784,3.841728,4.73
785,3.847782,6.054
786,3.852956,5.174
787,3.856945,3.989
788,3.861252,4.307
789,3.865877,4.625
790,3.871735,5.858
791,3.876012,4.277
792,3.880537,4.525
793,3.885533,4.996
794,3.88922,3.687
795,3.895392,6.172
796,3.900296,4.904
797,3.904233,3.937
798,3.909153,4.92
799,3.913945,4.792
800,3.920294,6.349
801,3.923864,3.57
802,3.928638,4.774
803,3.934893,6.255
804,3.939217,4.324
805,3.945452,6.235
806,3.950859,5.407
807,3.954403,3.544
808,3.958674,4.271
809,3.963067,4.393
810,3.970158,7.091
811,3.97363,3.472
812,3.978039,4.409
813,3.983256,5.217
814,3.987022,3.766
815,3.991159,4.137
816,3.9956,4.441
817,4.000531,4.931
818,4.006411,5.88
819,4.011142,4.731
820,4.017279,6.137
821,4.021234,3.955
822,4.025537,4.303
823,4.030211,4.674
824,4.035302,5.091
825,4.039176,3.874
826,4.043141,3.965
827,4.047917,4.776
828,4.052062,4.145
829,4.056299,4.237
830,4.062421,6.122
831,4.067486,5.065
832,4.071235,3.749
833,4.075691,4.456
834,4.080568,4.877
835,4.086397,5.829
836,4.090672,4.275
837,4.095135,4.463
838,4.100914,5.779
839,4.104206,3.292
840,4.110416,6.21
841,4.115249,4.833
842,4.118803,3.554
843,4.123145,4.342
844,4.127507,4.362
845,4.134355,6.848
846,4.138139,3.784
847,4.142526,4.387
848,4.147802,5.276
849,4.151168,3.366
850,4.155594,4.426
851,4.160059,4.465
852,4.165027,4.968
853,4.169472,4.445
854,4.175524,6.052
855,4.180668,5.144
856,4.18468,4.012
857,4.188593,3.913
858,4.193026,4.433
859,4.197885,4.859
860,4.203708,5.823
861,4.208235,4.527
862,4.212994,4.759
863,4.217298,4.304
864,4.221152,3.854
865,4.22747,6.318
866,4.232827,5.357
867,4.238033,5.206
868,4.241095,3.062
869,4.245622,4.527
870,4.251545,5.923
871,4.255611,4.066
872,4.260183,4.572
873,4.265182,4.999
874,4.268921,3.739
875,4.273109,4.188
876,4.27819,5.081
877,4.281954,3.764
878,4.286681,4.727
879,4.290934,4.253
880,4.297472,6.538
881,4.301481,4.009
882,4.305963,4.482
883,4.311014,5.051
884,4.314984,3.97
885,4.321507,6.523
886,4.325894,4.387
887,4.330415,4.521
888,4.334351,3.936
889,4.338765,4.414
890,4.345658,6.893
891,4.349489,3.831
892,4.353894,4.405
893,4.358297,4.403
894,4.363496,5.199
895,4.369479,5.983
896,4.373747,4.268
897,4.378794,5.047
898,4.382583,3.789
899,4.388729,6.146
900,4.393558,4.829
901,4.398629,5.071
902,4.402881,4.252
903,4.407407,4.526
904,4.412086,4.679
905,4.418125,6.039
906,4.423023,4.898
907,4.428531,5.508
908,4.43233,3.799
909,4.436504,4.174
910,4.4429,6.396
911,4.448045,5.145
912,4.452204,4.159
913,4.456962,4.758
914,4.461365,4.403
915,4.468692,7.327
916,4.472803,4.111
917,4.477359,4.556
918,4.482361,5.002
919,4.486515,4.154
920,4.492903,6.388
921,4.497437,4.534
922,4.502648,5.211
923,4.506492,3.844
924,4.511174,4.682
925,4.518134,6.96
926,4.522709,4.575
927,4.527147,4.438
928,4.531224,4.077
929,4.536951,5.727
930,4.542176,5.225
931,4.546764,4.588
932,4.55164,4.876
933,4.55583,4.19
934,4.560064,4.234
935,4.567003,6.939
936,4.571031,4.028
937,4.575446,4.415
938,4.580151,4.705
939,4.585089,4.938
940,4.591073,5.984
941,4.595472,4.399
942,4.600269,4.797
943,4.603881,3.612
944,4.608175,4.294
945,4.614513,6.338
946,4.619574,5.061
947,4.623941,4.367
948,4.627962,4.021
949,4.634843,6.881
950,4.64042,5.577
951,4.644951,4.531
952,4.649721,4.77
953,4.653657,3.936
954,4.657685,4.028
955,4.663803,6.118
956,4.668775,4.972
957,4.672638,3.863
958,4.676988,4.35
959,4.682909,5.921
960,4.687681,4.772
961,4.692268,4.587
962,4.696143,3.875
963,4.700857,4.714
964,4.704991,4.134
965,4.711087,6.096
966,4.716006,4.919
967,4.719639,3.633
968,4.724921,5.282
969,4.729443,4.522
970,4.736225,6.782
971,4.739618,3.393
972,4.743449,3.831
973,4.748331,4.882
974,4.752769,4.438
975,4.756269,3.5
976,4.7608,4.531
977,4.765782,4.982
978,4.770492,4.71
979,4.774637,4.145
980,4.781648,7.011
981,4.785163,3.515
982,4.789669,4.506
983,4.793867,4.198
984,4.798841,4.974
985,4.804248,5.407
986,4.808802,4.554
987,4.8138,4.998
988,4.817332,3.532
989,4.822044,4.712
990,4.827101,5.057
991,4.832987,5.886
992,4.836666,3.679
993,4.841097,4.431
994,4.846331,5.234
995,4.851925,5.594
996,4.856355,4.43
997,4.860211,3.856
998,4.865215,5.004
999,4.86888,3.665
1000,4.875088,6.208
1001,4.880191,5.103
1002,4.883809,3.618
1003,4.88835,4.541
1004,4.892495,4.145
1005,4.899665,7.17
1006,4.903037,3.372
1007,4.907362,4.325
1008,4.912748,5.386
1009,4.916701,3.953
1010,4.92255,5.849
1011,4.927517,4.967
1012,4.932817,5.3
1013,4.936106,3.289
1014,4.939997,3.891
1015,4.946967,6.97
1016,4.950695,3.728
1017,4.955365,4.67
1018,4.95978,4.415
1019,4.964262,4.482
1020,4.969873,5.611
1021,4.974734,4.861
1022,4.980345,5.611
1023,4.983759,3.414
1024,4.990225,6.466
1025,4.995906,5.681
1026,5.001138,5.232
1027,5.004753,3.615
1028,5.008809,4.056
1029,5.013717,4.908
1030,5.019112,5.395
1031,5.023601,4.489
1032,5.027955,4.354
1033,5.034545,6.59
1034,5.037757,3.212
1035,5.040849,3.092
1036,5.047236,6.387
1037,5.05081,3.574
1038,5.055422,4.612
1039,5.059523,4.101
1040,5.06620900000001,6.686
1041,5.069886,3.677
1042,5.074262,4.376
1043,5.079204,4.942
1044,5.082964,3.76
1045,5.089217,6.253
1046,5.093395,4.178
1047,5.098313,4.918
1048,5.102022,3.709
1049,5.106477,4.455
1050,5.111195,4.718
1051,5.114722,3.527
1052,5.119153,4.431
1053,5.123674,4.521
1054,5.13243300000001,8.759
1055,5.13634300000001,3.91
1056,5.14113900000001,4.796
1057,5.145934,4.795
1058,5.149699,3.765
1059,5.153847,4.148
1060,5.158548,4.701
1061,5.163521,4.973
1062,5.168754,5.233
1063,5.173133,4.379
1064,5.179655,6.522
1065,5.18333,3.675
1066,5.18753,4.2
1067,5.191718,4.188
1068,5.196762,5.044
1069,5.20034,3.578
1070,5.20464,4.3
1071,5.212141,7.501
1072,5.21674,4.599
1073,5.222986,6.246
1074,5.227307,4.321
1075,5.233969,6.662
1076,5.237458,3.489
1077,5.241686,4.228
1078,5.24694200000001,5.256
1079,5.25020800000001,3.266
1080,5.254565,4.357
1081,5.25946000000001,4.895
1082,5.265781,6.321
1083,5.269978,4.197
1084,5.275752,5.774
1085,5.280808,5.056
1086,5.285207,4.399
1087,5.290055,4.848
1088,5.295206,5.151
1089,5.301186,5.98
1090,5.306684,5.498
1091,5.3195,12.816
1092,5.331051,11.551
1093,5.337179,6.128
1094,5.345774,8.595
1095,5.356281,10.507
1096,5.366798,10.517
1097,5.383289,16.491
1098,5.39548,12.191
1099,5.413863,18.383
1100,5.430756,16.893
1101,5.437401,6.645
1102,5.447146,9.745
1103,5.452714,5.568
1104,5.458915,6.201
1105,5.463675,4.76
1106,5.468343,4.668
1107,5.472591,4.248
1108,5.482945,10.354
1109,5.487022,4.077
1110,5.493015,5.993
1111,5.498337,5.322
1112,5.503677,5.34
1113,5.512605,8.928
1114,5.518898,6.293
1115,5.52507,6.172
1116,5.531199,6.129
1117,5.535897,4.698
1118,5.539507,3.61
1119,5.543364,3.857
1120,5.547575,4.211
1121,5.554148,6.573
1122,5.557922,3.774
1123,5.562224,4.302
1124,5.566991,4.767
1125,5.570527,3.536
1126,5.57569,5.163
1127,5.582377,6.687
1128,5.587964,5.587
1129,5.592209,4.245
1130,5.596463,4.254
1131,5.601133,4.67
1132,5.605097,3.964
1133,5.610085,4.988
1134,5.615354,5.269
1135,5.618692,3.338
1136,5.622873,4.181
1137,5.629829,6.956
1138,5.633234,3.405
1139,5.639544,6.31
1140,5.643724,4.18
1141,5.648672,4.948
1142,5.652271,3.599
1143,5.656822,4.551
1144,5.662379,5.557
1145,5.66594,3.561
1146,5.671823,5.883
1147,5.676654,4.831
1148,5.682315,5.661
1149,5.686473,4.158
1150,5.690699,4.226
1151,5.695852,5.153
1152,5.69952100000001,3.669
1153,5.70363900000001,4.118
1154,5.70913000000001,5.491
1155,5.71326400000001,4.134
1156,5.717157,3.893
1157,5.72336800000001,6.211
1158,5.728329,4.961
1159,5.734067,5.738
1160,5.738303,4.236
1161,5.743168,4.865
1162,5.74702,3.852
1163,5.751133,4.113
1164,5.755788,4.655
1165,5.760428,4.64
1166,5.766008,5.58
1167,5.770115,4.107
1168,5.77719500000001,7.08
1169,5.78067700000001,3.482
1170,5.78505500000001,4.378
1171,5.78950200000001,4.447
1172,5.79417900000001,4.677
1173,5.798168,3.989
1174,5.802349,4.181
1175,5.807723,5.374
1176,5.812954,5.231
1177,5.81740500000001,4.451
1178,5.82260900000001,5.204
1179,5.82860700000001,5.998
1180,5.832443,3.836
1181,5.836634,4.191
1182,5.841427,4.793
1183,5.84547000000001,4.043
1184,5.84974900000001,4.279
1185,5.85408700000001,4.338
1186,5.86076200000001,6.675
1187,5.86389500000001,3.133
1188,5.87038800000001,6.493
1189,5.87552000000001,5.132
1190,5.87895200000001,3.432
1191,5.883302,4.35
1192,5.887661,4.359
1193,5.894146,6.485
1194,5.897945,3.799
1195,5.902553,4.608
1196,5.90779200000001,5.239
1197,5.91375200000001,5.96
1198,5.91773000000001,3.978
1199,5.92417500000001,6.445
1200,5.929701,5.526
1201,5.93286700000001,3.166
1202,5.93738500000001,4.518
1203,5.94238800000001,5.003
1204,5.94633000000001,3.942
1205,5.95091700000001,4.587
1206,5.95707800000001,6.161
1207,5.96280200000001,5.724
1208,5.96769300000001,4.891
1209,5.97240400000001,4.711
1210,5.97750700000001,5.103
1211,5.98147400000001,3.967
1212,5.98566800000001,4.194
1213,5.99022700000001,4.559
1214,5.99559300000001,5.366
1215,5.99942000000001,3.827
1216,6.00416500000001,4.745
1217,6.00960700000001,5.442
1218,6.01407000000001,4.463
1219,6.01967300000001,5.603
1220,6.02427300000001,4.6
1221,6.02924800000001,4.975
1222,6.03318100000001,3.933
1223,6.03774300000001,4.562
1224,6.04391000000001,6.167
1225,6.04799400000001,4.084
1226,6.05411200000001,6.118
1227,6.05947600000001,5.364
1228,6.06820500000001,8.729
1229,6.07425800000001,6.053
1230,6.07929200000001,5.034
1231,6.08553600000001,6.244
1232,6.08961500000001,4.079
1233,6.09338000000001,3.765
1234,6.09789400000001,4.514
1235,6.10313000000001,5.236
1236,6.10737800000001,4.248
1237,6.11364000000001,6.262
1238,6.11924700000001,5.607
1239,6.12292900000001,3.682
1240,6.12747400000001,4.545
1241,6.13251900000001,5.045
1242,6.13646400000001,3.945
1243,6.14078100000001,4.317
1244,6.14618700000001,5.406
1245,6.15154600000001,5.359
1246,6.15667800000001,5.132
1247,6.16111900000001,4.441
1248,6.16751900000001,6.4
1249,6.17137800000001,3.859
1250,6.17528700000001,3.909
1251,6.17975800000001,4.471
1252,6.18453000000001,4.772
1253,6.18786400000001,3.334
1254,6.19435800000001,6.494
1255,6.19928500000001,4.927
1256,6.20321900000001,3.934
1257,6.20931400000001,6.095
1258,6.21368000000001,4.366
1259,6.22024700000001,6.567
1260,6.22416800000001,3.921
1261,6.22906700000001,4.899
1262,6.23386100000001,4.794
1263,6.23674700000001,2.886
1264,6.24136400000001,4.617
1265,6.24499400000001,3.63
1266,6.25151700000001,6.523
1267,6.25510200000001,3.585
1268,6.26020500000001,5.103
1269,6.26507500000001,4.87
1270,6.26791100000001,2.836
1271,6.27224400000001,4.333
1272,6.27689200000001,4.648
1273,6.28320000000001,6.308
1274,6.28617900000001,2.979
1275,6.28937700000001,3.198
1276,6.29635800000001,6.981
1277,6.30040800000001,4.05
1278,6.30467700000001,4.269
1279,6.31082600000001,6.149
1280,6.31572300000001,4.897
1281,6.31908600000001,3.363
1282,6.32424500000001,5.159
1283,6.32988800000001,5.643
1284,6.33974300000001,9.855
1285,6.34594700000001,6.204
1286,6.35527300000001,9.326
1287,6.35963500000001,4.362
1288,6.36516900000001,5.534
1289,6.37026200000001,5.093
1290,6.37696800000001,6.706
1291,6.38150100000001,4.533
1292,6.38491100000001,3.41
1293,6.38996800000001,5.057
1294,6.39511800000001,5.15
1295,6.39948300000001,4.365
1296,6.40543300000001,5.95
1297,6.41037300000001,4.94
1298,6.41502900000001,4.656
1299,6.42074600000001,5.717
1300,6.42668500000001,5.939
1301,6.43094700000001,4.262
1302,6.43575700000001,4.81
1303,6.44103900000001,5.282
1304,6.44575400000001,4.715
1305,6.45107500000001,5.321
1306,6.45778100000001,6.706
1307,6.46784800000001,10.067
1308,6.47234200000001,4.494
1309,6.47701000000001,4.668
1310,6.48201700000001,5.007
1311,6.48753900000001,5.522
1312,6.49348500000001,5.946
1313,6.49747700000001,3.992
1314,6.50241800000001,4.941
1315,6.50716400000001,4.746
1316,6.51234400000001,5.18
1317,6.51692700000001,4.583
1318,6.52285700000001,5.93
1319,6.52817300000001,5.316
1320,6.53260800000001,4.435
1321,6.53715900000001,4.551
1322,6.54294000000001,5.781
1323,6.54757200000001,4.632
1324,6.56442300000001,16.851
1325,6.56998500000001,5.562
1326,6.57633800000001,6.353
1327,6.58058500000001,4.247
1328,6.58392500000001,3.34
1329,6.59061400000001,6.689
1330,6.59406400000001,3.45
1331,6.59877400000001,4.71
1332,6.60721000000001,8.436
1333,6.61158700000001,4.377
1334,6.61605800000001,4.471
1335,6.62038600000001,4.328
1336,6.62398200000001,3.596
1337,6.62828000000001,4.298
1338,6.63697000000001,8.69
1339,6.64024500000001,3.275
1340,6.64490500000001,4.66
1341,6.65005000000001,5.145
1342,6.65513000000001,5.08
1343,6.65956800000001,4.438
1344,6.66690900000001,7.341
1345,6.67383400000001,6.925
1346,6.67924800000001,5.414
1347,6.68487400000001,5.626
1348,6.68924100000001,4.367
1349,6.69343300000001,4.192
1350,6.69858800000001,5.155
1351,6.70332400000001,4.736
1352,6.70780400000001,4.48
1353,6.71378300000001,5.979
1354,6.71838000000001,4.597
1355,6.72287000000001,4.49
1356,6.72738500000001,4.515
1357,6.73119200000001,3.807
1358,6.73551900000001,4.327
1359,6.74252000000001,7.001
1360,6.74693500000001,4.415
1361,6.75238200000001,5.447
1362,6.75914900000001,6.767
1363,6.76274700000001,3.598
1364,6.76695100000001,4.204
1365,6.77313600000001,6.185
1366,6.77796600000001,4.83
1367,6.78320000000001,5.234
1368,6.78758400000001,4.384
1369,6.79256000000001,4.976
1370,6.79684700000001,4.287
1371,6.80191200000001,5.065
1372,6.80613600000001,4.224
1373,6.81103400000001,4.898
1374,6.81649000000001,5.456
1375,6.82057200000001,4.082
1376,6.82621500000001,5.643
1377,6.83053300000001,4.318
1378,6.83408800000001,3.555
1379,6.84050500000001,6.417
1380,6.84546600000001,4.961
1381,6.84955300000001,4.087
1382,6.85522600000001,5.673
1383,6.86000900000001,4.783
1384,6.86388700000001,3.878
1385,6.87003200000001,6.145
1386,6.87421800000001,4.186
1387,6.87936600000001,5.148
1388,6.88559400000001,6.228
1389,6.89134300000001,5.749
1390,6.89675900000001,5.416
1391,6.90113000000001,4.371
1392,6.90553000000001,4.4
1393,6.91030200000001,4.772
1394,6.91566700000001,5.365
1395,6.92356200000001,7.895
1396,6.92707900000001,3.517
1397,6.93263800000001,5.559
1398,6.93578700000001,3.149
1399,6.94213300000001,6.346
1400,6.94638100000001,4.248
1401,6.95242800000001,6.047
1402,6.95678100000001,4.353
1403,6.96125700000001,4.476
1404,6.96639000000001,5.133
1405,6.97150800000001,5.118
1406,6.97590000000001,4.392
1407,6.98044200000001,4.542
1408,6.98695600000001,6.514
1409,6.99059200000001,3.636
1410,6.99500500000001,4.413
1411,7.00145100000001,6.446
1412,7.00508200000001,3.631
1413,7.00938100000001,4.299
1414,7.01400000000001,4.619
1415,7.01952500000001,5.525
1416,7.02433000000001,4.805
1417,7.02939900000001,5.069
1418,7.03432300000001,4.924
1419,7.03981000000001,5.487
1420,7.04423800000001,4.428
1421,7.04940800000001,5.17
1422,7.05481600000001,5.408
1423,7.05918300000001,4.367
1424,7.06336100000001,4.178
1425,7.07116900000001,7.808
1426,7.07406200000001,2.893
1427,7.07843600000001,4.374
1428,7.08490200000001,6.466
1429,7.08872000000001,3.818
1430,7.09302200000001,4.302
1431,7.09952300000001,6.501
1432,7.10311900000001,3.596
1433,7.10744500000001,4.326
1434,7.11251500000001,5.07
1435,7.11760100000001,5.086
1436,7.12733900000001,9.738
1437,7.13197000000001,4.631
1438,7.13821700000001,6.247
1439,7.14156500000001,3.348
1440,7.14598800000001,4.423
1441,7.15080100000001,4.813
1442,7.15639800000001,5.597
1443,7.16111800000001,4.72
1444,7.16653300000001,5.415
1445,7.17200000000001,5.467
1446,7.17546800000001,3.468
1447,7.17973000000001,4.262
1448,7.18669200000001,6.962
1449,7.19015700000001,3.465
1450,7.19469000000001,4.533
1451,7.20095400000001,6.264
1452,7.20506800000001,4.114
1453,7.20880600000001,3.738
1454,7.21318300000001,4.377
1455,7.21792400000001,4.741
1456,7.22162400000001,3.7
1457,7.22606400000001,4.44
1458,7.23294300000001,6.879
1459,7.23816300000001,5.22
1460,7.24241400000001,4.251
1461,7.24684500000001,4.431
1462,7.25363200000001,6.787
1463,7.25719700000001,3.565
1464,7.26205800000001,4.861
1465,7.26823500000001,6.177
1466,7.27191600000001,3.681
1467,7.27625100000001,4.335
1468,7.28051700000001,4.266
1469,7.28534500000001,4.828
1470,7.29070400000001,5.359
1471,7.29542000000001,4.716
1472,7.30094900000001,5.529
1473,7.30493100000001,3.982
1474,7.30799900000001,3.068
1475,7.31391600000001,5.917
1476,7.31888800000001,4.972
1477,7.32261200000001,3.724
1478,7.32699900000001,4.387
1479,7.33230400000001,5.305
1480,7.33731900000001,5.015
1481,7.34165000000001,4.331
1482,7.34601400000001,4.364
1483,7.35085400000001,4.84
1484,7.35448500000001,3.631
1485,7.36090100000001,6.416
1486,7.36561700000001,4.716
1487,7.36928100000001,3.664
1488,7.37355100000001,4.27
1489,7.37790600000001,4.355
1490,7.38260000000001,4.694
1491,7.38652100000001,3.921
1492,7.39233800000001,5.817
1493,7.39697900000001,4.641
1494,7.40261700000001,5.638
1495,7.40828500000001,5.668
1496,7.41245700000001,4.172
1497,7.41745300000001,4.996
1498,7.42080200000001,3.349
1499,7.42510300000001,4.301
1500,7.43186500000001,6.762
1501,7.43569800000001,3.833
1502,7.43977300000001,4.075
1503,7.44409200000001,4.319
1504,7.44929900000001,5.207
1505,7.45458300000001,5.284
1506,7.45875700000001,4.174
1507,7.46359000000001,4.833
1508,7.46747000000001,3.88
1509,7.47168600000001,4.216
1510,7.47780200000001,6.116
1511,7.48254900000001,4.747
1512,7.48635800000001,3.809
1513,7.49068200000001,4.324
1514,7.49563700000001,4.955
1515,7.49914000000001,3.503
1516,7.50357400000001,4.434
1517,7.50789000000001,4.316
1518,7.51340200000001,5.512
1519,7.51819500000001,4.793
1520,7.52278900000001,4.594
1521,7.52798000000001,5.191
1522,7.53296000000001,4.98
1523,7.53787700000001,4.917
1524,7.54205600000001,4.179
1525,7.54865700000001,6.601
1526,7.55236400000001,3.707
1527,7.55665900000001,4.295
1528,7.56816200000001,11.503
1529,7.57152700000001,3.365
1530,7.58094100000001,9.414
1531,7.58579000000001,4.849
1532,7.59165200000001,5.862
1533,7.59661700000001,4.965
1534,7.60173700000001,5.12
1535,7.60882500000001,7.088
1536,7.61217000000001,3.345
1537,7.61671100000001,4.541
1538,7.62222600000001,5.515
1539,7.62585000000001,3.624
1540,7.63111300000001,5.263
1541,7.63683900000001,5.726
1542,7.64044500000001,3.606
1543,7.64432000000001,3.875
1544,7.64835300000001,4.033
1545,7.65765900000001,9.306
1546,7.66114700000001,3.488
1547,7.66548800000001,4.341
1548,7.67040600000001,4.918
1549,7.67431600000001,3.91
1550,7.68027300000001,5.957
1551,7.68519700000001,4.924
1552,7.68903600000001,3.839
1553,7.69338200000001,4.346
1554,7.69842200000001,5.04
1555,7.70483100000001,6.409
1556,7.70861100000001,3.78
1557,7.71269900000001,4.088
1558,7.71851000000001,5.811
1559,7.72393500000001,5.425
1560,7.72832300000001,4.388
1561,7.73322300000001,4.9
1562,7.73715400000001,3.931
1563,7.74176900000001,4.615
1564,7.74605500000001,4.286
1565,7.75106000000001,5.005
1566,7.75482900000001,3.769
1567,7.75930900000001,4.48
1568,7.76644600000001,7.137
1569,7.77023700000001,3.791
1570,7.77655400000001,6.317
1571,7.78085200000001,4.298
1572,7.78610400000001,5.252
1573,7.79011600000001,4.012
1574,7.79480200000001,4.686
1575,7.80139300000001,6.591
1576,7.80512300000001,3.73
1577,7.80974100000001,4.618
1578,7.81808500000001,8.344
1579,7.82402700000001,5.942
1580,7.82788800000001,3.861
1581,7.83374500000001,5.857
1582,7.83979100000001,6.046
1583,7.84441000000001,4.619
1584,7.85258900000001,8.179
1585,7.85661300000001,4.024
1586,7.86072200000001,4.109
1587,7.86512300000001,4.401
1588,7.87045100000001,5.328
1589,7.87447800000001,4.027
1590,7.88111900000001,6.641
1591,7.88511700000001,3.998
1592,7.89027500000001,5.158
1593,7.89438200000001,4.107
1594,7.89877800000001,4.396
1595,7.90548000000001,6.702
1596,7.90942400000001,3.944
1597,7.91477400000001,5.35
1598,7.92129700000001,6.523
1599,7.92518700000001,3.89
1600,7.92948800000001,4.301
1601,7.93373900000001,4.251
1602,7.93843400000001,4.695
1603,7.94214800000001,3.714
1604,7.94677800000001,4.63
1605,7.95153900000001,4.761
1606,7.95512600000001,3.587
1607,7.95934600000001,4.22
1608,7.96348200000001,4.136
1609,7.97029300000001,6.811
1610,7.97543400000001,5.141
1611,7.97982400000001,4.39
1612,7.98458000000001,4.756
1613,7.98804600000001,3.466
1614,7.99232200000001,4.276
1615,7.99705200000001,4.73
1616,8.00177100000001,4.719
1617,8.00541300000001,3.642
1618,8.00956900000001,4.156
1619,8.01468000000001,5.111
1620,8.01813300000001,3.453
1621,8.02429200000001,6.159
1622,8.02890500000001,4.613
1623,8.03440900000001,5.504
1624,8.03815700000001,3.748
1625,8.04330900000001,5.152
1626,8.04823200000001,4.923
1627,8.05190600000001,3.674
1628,8.05634900000002,4.443
1629,8.06019700000001,3.848
1630,8.06752200000001,7.325
1631,8.07052300000001,3.001
1632,8.07451700000001,3.994
1633,8.07950000000001,4.983
1634,8.08401200000001,4.512
1635,8.08960400000001,5.592
1636,8.09407300000001,4.469
1637,8.09933800000001,5.265
1638,8.10326500000001,3.927
1639,8.10690500000001,3.64
1640,8.11360700000001,6.702
1641,8.11719700000002,3.59
1642,8.12125500000002,4.058
1643,8.12553100000002,4.276
1644,8.13242100000002,6.89
1645,8.13743500000002,5.014
1646,8.14184700000002,4.412
1647,8.14672200000002,4.875
1648,8.14995400000002,3.232
1649,8.15444600000002,4.492
1650,8.16038000000002,5.934
1651,8.16498800000002,4.608
1652,8.16881300000002,3.825
1653,8.17290300000002,4.09
1654,8.17791000000002,5.007
1655,8.18169500000002,3.785
1656,8.18577800000002,4.083
1657,8.19006900000002,4.291
1658,8.19514300000002,5.074
1659,8.19913400000002,3.991
1660,8.20474400000002,5.61
1661,8.20954100000002,4.797
1662,8.21334000000002,3.799
1663,8.21747000000002,4.13
1664,8.22191800000002,4.448
1665,8.22816400000002,6.246
1666,8.23279300000002,4.629
1667,8.23691800000002,4.125
1668,8.24163200000002,4.714
1669,8.24500000000002,3.368
1670,8.24969000000002,4.69
1671,8.25350400000002,3.814
1672,8.25845900000002,4.955
1673,8.26198600000002,3.527
1674,8.26770500000002,5.719
1675,8.27327500000002,5.57
1676,8.27809700000002,4.822
1677,8.28198800000002,3.891
1678,8.28663600000002,4.648
1679,8.29150700000002,4.871
1680,8.29695500000002,5.448
1681,8.30186600000002,4.911
1682,8.30730400000002,5.438
1683,8.31301200000002,5.708
1684,8.31630500000002,3.293
1685,8.32178600000002,5.481
1686,8.32610400000002,4.318
1687,8.33086000000002,4.756
1688,8.33474700000002,3.887
1689,8.33912900000002,4.382
1690,8.34610600000002,6.977
1691,8.34894500000002,2.839
1692,8.35328400000002,4.339
1693,8.35769700000002,4.413
1694,8.36297300000002,5.276
1695,8.36622800000002,3.255
1696,8.37031900000002,4.091
1697,8.37454400000002,4.225
1698,8.37961200000002,5.068
1699,8.38313000000002,3.518
1700,8.38919200000002,6.062
1701,8.39421300000002,5.021
1702,8.39859300000002,4.38
1703,8.40426300000002,5.67
1704,8.40843500000002,4.172
1705,8.41526200000002,6.827
1706,8.41843000000002,3.168
1707,8.42275300000002,4.323
1708,8.42715000000002,4.397
1709,8.43358000000002,6.43
1710,8.43849600000002,4.916
1711,8.44403500000002,5.539
1712,8.44866400000002,4.629
1713,8.45259300000002,3.929
1714,8.45693400000002,4.341
1715,8.46340100000002,6.467
1716,8.46761400000002,4.213
1717,8.47117300000002,3.559
1718,8.47548100000002,4.308
1719,8.47980300000002,4.322
1720,8.48628400000002,6.481
1721,8.48994900000002,3.665
1722,8.49427800000002,4.329
1723,8.49976000000002,5.482
1724,8.50359500000002,3.835
1725,8.50885000000002,5.255
1726,8.51366000000002,4.81
1727,8.51931300000002,5.653
1728,8.52285700000002,3.544
1729,8.52851900000002,5.662
1730,8.53375800000002,5.239
1731,8.53827100000002,4.513
1732,8.54361800000002,5.347
1733,8.54819300000002,4.575
1734,8.55308000000002,4.887
1735,8.55836800000002,5.288
1736,8.56253100000002,4.163
1737,8.57463000000002,12.099
1738,8.58283900000002,8.209
1739,8.58668700000002,3.848
1740,8.59295000000002,6.263
1741,8.59678500000002,3.835
1742,8.60109300000002,4.308
1743,8.60495300000002,3.86
1744,8.61409700000002,9.144
1745,8.61741800000002,3.321
1746,8.62499300000002,7.575
1747,8.62858300000002,3.59
1748,8.63380400000002,5.221
1749,8.63939300000002,5.589
1750,8.64437000000002,4.977
1751,8.64890500000002,4.535
1752,8.65395000000002,5.045
1753,8.65738000000002,3.43
1754,8.66170900000002,4.329
1755,8.66823500000002,6.526
1756,8.67367100000002,5.436
1757,8.67858300000002,4.912
1758,8.68348900000002,4.906
1759,8.68718000000002,3.691
1760,8.69340000000002,6.22
1761,8.69813700000002,4.737
1762,8.70260200000002,4.465
1763,8.70727800000002,4.676
1764,8.71331900000002,6.041
1765,8.71666100000002,3.342
1766,8.72084300000002,4.182
1767,8.72574600000002,4.903
1768,8.73117000000002,5.424
1769,8.73487600000002,3.706
1770,8.74146200000002,6.586
1771,8.74519100000002,3.729
1772,8.74952800000002,4.337
1773,8.75375100000002,4.223
1774,8.75874800000002,4.997
1775,8.76410400000002,5.356
1776,8.76852500000002,4.421
1777,8.77296400000002,4.439
1778,8.77788600000002,4.922
1779,8.78214300000002,4.257
1780,8.78785400000002,5.711
1781,8.79287200000002,5.018
1782,8.79652100000002,3.649
1783,8.80101600000002,4.495
1784,8.80530800000002,4.292
1785,8.81072800000002,5.42
1786,8.81473800000002,4.01
1787,8.81910800000002,4.37
1788,8.82314300000002,4.035
1789,8.82814700000002,5.004
1790,8.83369000000002,5.543
1791,8.83798000000002,4.29
1792,8.84302200000002,5.042
1793,8.84674600000002,3.724
1794,8.85155600000002,4.81
1795,8.85730900000002,5.753
1796,8.86281000000002,5.501
1797,8.86604400000002,3.234
1798,8.87059300000002,4.549
1799,8.87517200000002,4.579
1800,8.88175100000002,6.579
1801,8.88558100000002,3.83
1802,8.89013000000002,4.549
1803,8.89541800000002,5.288
1804,8.89901600000002,3.598
1805,8.90504000000002,6.024
1806,8.90980100000002,4.761
1807,8.91485400000002,5.053
1808,8.91942200000002,4.568
1809,8.92538900000002,5.967
1810,8.93155300000002,6.164
1811,8.93664800000002,5.095
1812,8.94027800000002,3.63
1813,8.94511700000002,4.839
1814,8.95013800000002,5.021
1815,8.95561700000002,5.479
1816,8.96023200000002,4.615
1817,8.96468500000002,4.453
1818,8.96991300000002,5.228
1819,8.97465300000002,4.74
1820,8.98006000000002,5.407
1821,8.98539200000002,5.332
1822,8.98914200000002,3.75
1823,8.99380600000002,4.664
1824,8.99826600000002,4.46
1825,9.00491600000002,6.65
1826,9.00892400000002,4.008
1827,9.01395200000002,5.028
1828,9.01884300000002,4.891
1829,9.02257300000002,3.73
1830,9.02886500000002,6.292
1831,9.03341400000002,4.549
1832,9.03833900000002,4.925
1833,9.04215900000002,3.82
1834,9.04659000000002,4.431
1835,9.05333000000002,6.74
1836,9.05688100000002,3.551
1837,9.06145900000002,4.578
1838,9.06577500000002,4.316
1839,9.07079500000002,5.02
1840,9.07627800000002,5.483
1841,9.08054600000002,4.268
1842,9.08514800000002,4.602
1843,9.08890100000002,3.753
1844,9.09319500000002,4.294
1845,9.09758400000002,4.389
1846,9.10255200000002,4.968
1847,9.10598900000002,3.437
1848,9.11042400000002,4.435
1849,9.11491800000002,4.494
1850,9.12121100000002,6.293
1851,9.12494200000002,3.731
1852,9.12929700000002,4.355
1853,9.13520000000002,5.903
1854,9.13902600000002,3.826
1855,9.14431400000002,5.288
1856,9.14796000000002,3.646
1857,9.15290300000002,4.943
1858,9.15653900000002,3.636
1859,9.16136800000002,4.829
1860,9.16610600000002,4.738
1861,9.16950000000002,3.394
1862,9.17386200000002,4.362
1863,9.17821900000003,4.357
1864,9.18322900000003,5.01
1865,9.18840900000002,5.18
1866,9.19292100000002,4.512
1867,9.19740900000003,4.488
1868,9.20178300000003,4.374
1869,9.20563900000003,3.856
1870,9.21187000000003,6.231
1871,9.21623700000003,4.367
1872,9.22003900000003,3.802
1873,9.22443000000003,4.391
1874,9.22858800000003,4.158
1875,9.23918600000003,10.598
1876,9.24248800000003,3.302
1877,9.24629900000003,3.811
1878,9.25147600000003,5.177
1879,9.25445900000003,2.983
1880,9.26043400000003,5.975
1881,9.26467700000003,4.243
1882,9.26955600000003,4.879
1883,9.27336600000003,3.81
1884,9.27766500000003,4.299
1885,9.28355200000003,5.887
1886,9.28725000000003,3.698
1887,9.29315500000003,5.905
1888,9.29747800000003,4.323
1889,9.30427000000003,6.792
1890,9.30785100000003,3.581
1891,9.31208900000003,4.238
1892,9.31703300000003,4.944
1893,9.32100100000003,3.968
1894,9.32499700000003,3.996
1895,9.32947300000003,4.476
1896,9.33651500000003,7.042
1897,9.33965400000003,3.139
1898,9.34579900000003,6.145
1899,9.35080600000003,5.007
1900,9.35434700000003,3.541
1901,9.35867000000003,4.323
1902,9.36314400000003,4.474
1903,9.36777900000003,4.635
1904,9.37169500000003,3.916
1905,9.37653400000003,4.839
1906,9.38078900000003,4.255
1907,9.38737900000003,6.59
1908,9.39111500000003,3.736
1909,9.39744400000003,6.329
1910,9.40222000000003,4.776
1911,9.40604300000003,3.823
1912,9.41025300000003,4.21
1913,9.41440500000003,4.152
1914,9.41941500000003,5.01
1915,9.42307100000003,3.656
1916,9.42894700000003,5.876
1917,9.43444700000003,5.5
1918,9.43964800000003,5.201
1919,9.44395600000003,4.308
1920,9.44834000000003,4.384
1921,9.45302900000003,4.689
1922,9.45665100000003,3.622
1923,9.46116200000003,4.511
1924,9.46617100000003,5.009
1925,9.47031400000003,4.143
1926,9.47440700000003,4.093
1927,9.48089100000003,6.484
1928,9.48557800000003,4.687
1929,9.49113400000003,5.556
1930,9.49542100000003,4.287
1931,9.50066300000003,5.242
1932,9.50470400000003,4.041
1933,9.50819400000003,3.49
1934,9.51355200000003,5.358
1935,9.51863800000003,5.086
1936,9.52410800000003,5.47
1937,9.52881800000003,4.71
1938,9.53310400000003,4.286
1939,9.53743700000003,4.333
1940,9.54204300000003,4.606
1941,9.54650100000003,4.458
1942,9.55085600000003,4.355
1943,9.55439500000003,3.539
1944,9.55947600000003,5.081
1945,9.56340100000003,3.925
1946,9.58158800000003,18.187
1947,9.58494400000003,3.356
1948,9.58921900000003,4.275
1949,9.59839100000003,9.172
1950,9.60224300000003,3.852
1951,9.60648500000003,4.242
1952,9.61240300000003,5.918
1953,9.61553900000003,3.136
1954,9.61976200000003,4.223
1955,9.62516900000003,5.407
1956,9.62835800000003,3.189
1957,9.63689200000003,8.534
1958,9.64128700000003,4.395
1959,9.64530300000003,4.016
1960,9.65075000000003,5.447
1961,9.65491800000003,4.168
1962,9.65869700000003,3.779
1963,9.66293400000003,4.237
1964,9.66871600000003,5.782
1965,9.67176400000003,3.048
1966,9.67830900000003,6.545
1967,9.68313500000003,4.826
1968,9.68663700000003,3.502
1969,9.69171500000003,5.078
1970,9.69586000000003,4.145
1971,9.70323100000003,7.371
1972,9.70722000000003,3.989
1973,9.71201700000003,4.797
1974,9.71711200000003,5.095
1975,9.72079700000003,3.685
1976,9.72698500000003,6.188
1977,9.73204200000003,5.057
1978,9.73546800000003,3.426
1979,9.74043600000003,4.968
1980,9.74494100000003,4.505
1981,9.75161900000003,6.678
1982,9.75524400000003,3.625
1983,9.75960800000003,4.364
1984,9.76502200000003,5.414
1985,9.76885600000003,3.834
1986,9.77522300000003,6.367
1987,9.78007500000003,4.852
1988,9.78387700000003,3.802
1989,9.78863500000003,4.758
1990,9.79303000000003,4.395
1991,9.79986800000003,6.838
1992,9.80489400000003,5.026
1993,9.81043600000003,5.542
1994,9.81687100000003,6.435
1995,9.81996400000003,3.093
1996,9.82591200000003,5.948
1997,9.83065000000003,4.738
1998,9.83446200000003,3.812
1999,9.83932400000003,4.862
2000,9.84373300000003,4.409
2001,9.84884800000003,5.115
2002,9.85245900000003,3.611
2003,9.85686900000003,4.41
2004,9.86233700000003,5.468
2005,9.86597700000003,3.64
2006,9.87242000000003,6.443
2007,9.87715600000003,4.736
2008,9.88109000000003,3.934
2009,9.88544900000003,4.359
2010,9.88961500000003,4.166
2011,9.89471000000003,5.095
2012,9.89822100000003,3.511
2013,9.90437000000003,6.149
2014,9.90911700000003,4.747
2015,9.91529000000003,6.173
2016,9.91971400000003,4.424
2017,9.92410500000003,4.391
2018,9.92803100000003,3.926
2019,9.93206300000003,4.032
2020,9.93649900000003,4.436
2021,9.94141800000003,4.919
2022,9.94557300000003,4.155
2023,9.94991100000003,4.338
2024,9.95597300000003,6.062
2025,9.96115200000003,5.179
2026,9.96663800000003,5.486
2027,9.97088300000003,4.245
2028,9.97629600000003,5.413
2029,9.98270900000003,6.413
2030,9.98679100000003,4.082
2031,9.99089900000003,4.108
2032,9.99575800000003,4.859
2033,10.00304,7.282
2034,10.006413,3.373
2035,10.011717,5.304
2036,10.017531,5.814
2037,10.021658,4.127
2038,10.026304,4.646
2039,10.031403,5.099
2040,10.034821,3.418
2041,10.038848,4.027
2042,10.045218,6.37
2043,10.049313,4.095
2044,10.054764,5.451
2045,10.058922,4.158
2046,10.065123,6.201
2047,10.069788,4.665
2048,10.073555,3.767
2049,10.078222,4.667
2050,10.082483,4.261
2051,10.086684,4.201
2052,10.090258,3.574
2053,10.096004,5.746
2054,10.100842,4.838
2055,10.106133,5.291
2056,10.110549,4.416
2057,10.11979,9.241
2058,10.122959,3.169
2059,10.127305,4.346
2060,10.13172,4.415
2061,10.136427,4.707
2062,10.13985,3.423
2063,10.144145,4.295
2064,10.150253,6.108
2065,10.154371,4.118
2066,10.158876,4.505
2067,10.163308,4.432
2068,10.167605,4.297
2069,10.171269,3.664
2070,10.175411,4.142
2071,10.182864,7.453
2072,10.187268,4.404
2073,10.19184,4.572
2074,10.196189,4.349
2075,10.200819,4.63
2076,10.204107,3.288
2077,10.208366,4.259
2078,10.21251,4.144
2079,10.219655,7.145
2080,10.22346,3.805
2081,10.22715,3.69
2082,10.233923,6.773
2083,10.237066,3.143
2084,10.2419,4.834
2085,10.245943,4.043
2086,10.251126,5.183
2087,10.254494,3.368
2088,10.258808,4.314
2089,10.263035,4.227
2090,10.270689,7.654
2091,10.273922,3.233
2092,10.278196,4.274
2093,10.284054,5.858
2094,10.287134,3.08
2095,10.291652,4.518
2096,10.295633,3.981
2097,10.303668,8.035
2098,10.307177,3.509
2099,10.31132,4.143
2100,10.316076,4.756
2101,10.320586,4.51
2102,10.324845,4.259
2103,10.329137,4.292
2104,10.335819,6.682
2105,10.339521,3.702
2106,10.345367,5.846
2107,10.351856,6.489
2108,10.355475,3.619
2109,10.35947,3.995
2110,10.364871,5.401
2111,10.370417,5.546
2112,10.373739,3.322
2113,10.377966,4.227
2114,10.382736,4.77
2115,10.387641,4.905
2116,10.391522,3.881
2117,10.395908,4.386
2118,10.402974,7.066
2119,10.405829,2.855
2120,10.409784,3.955
2121,10.414608,4.824
2122,10.420859,6.251
2123,10.425756,4.897
2124,10.430877,5.121
2125,10.441602,10.725
2126,10.447536,5.934
2127,10.45251,4.974
2128,10.458012,5.502
2129,10.463267,5.255
2130,10.468556,5.289
2131,10.474715,6.159
2132,10.47907,4.355
2133,10.48475,5.68
2134,10.490264,5.514
2135,10.497002,6.738
2136,10.503311,6.309
2137,10.50755,4.239
2138,10.513733,6.183
2139,10.517653,3.92
2140,10.5224,4.747
2141,10.53017,7.77
2142,10.535686,5.516
2143,10.541123,5.437
2144,10.551103,9.98
2145,10.55522,4.117
2146,10.560101,4.881
2147,10.568314,8.213
2148,10.572177,3.863
2149,10.576996,4.819
2150,10.583676,6.68
2151,10.588258,4.582
2152,10.596892,8.634
2153,10.600839,3.947
2154,10.607478,6.639
2155,10.61169,4.212
2156,10.615422,3.732
2157,10.624211,8.789
2158,10.629051,4.84
2159,10.632778,3.727
2160,10.63796,5.182
2161,10.6414,3.44
2162,10.645833,4.433
2163,10.653086,7.253
2164,10.657732,4.646
2165,10.66271,4.978
2166,10.667697,4.987
2167,10.671654,3.957
2168,10.676172,4.518
2169,10.682215,6.043
2170,10.685265,3.05
2171,10.689915,4.65
2172,10.695503,5.588
2173,10.700371,4.868
2174,10.704667,4.296
2175,10.709827,5.16
2176,10.714508,4.681
2177,10.71854,4.032
2178,10.724478,5.938
2179,10.730167,5.689
2180,10.733995,3.828
2181,10.738327,4.332
2182,10.743281,4.954
2183,10.748621,5.34
2184,10.752684,4.063
2185,10.757858,5.174
2186,10.761542,3.684
2187,10.767509,5.967
2188,10.771496,3.987
2189,10.778327,6.831
2190,10.781927,3.6
2191,10.788098,6.171
2192,10.793058,4.96
2193,10.797338,4.28
2194,10.801285,3.947
2195,10.805208,3.923
2196,10.810195,4.987
2197,10.814217,4.022
2198,10.819552,5.335
2199,10.824674,5.122
2200,10.830703,6.029
2201,10.835132,4.429
2202,10.838803,3.671
2203,10.843396,4.593
2204,10.847119,3.723
2205,10.852029,4.91
2206,10.855661,3.632
2207,10.860544,4.883
2208,10.865581,5.037
2209,10.869665,4.084
2210,10.874441,4.776
2211,10.878249,3.808
2212,10.882536,4.287
2213,10.886672,4.136
2214,10.891954,5.282
2215,10.895279,3.325
2216,10.901,5.721
2217,10.905924,4.924
2218,10.910166,4.242
2219,10.913962,3.796
2220,10.917888,3.926
2221,10.922247,4.359
2222,10.927512,5.265
2223,10.930707,3.195
2224,10.937659,6.952
2225,10.942522,4.863
2226,10.946979,4.457
2227,10.951832,4.853
2228,10.956155,4.323
2229,10.960524,4.369
2230,10.96823,7.706
2231,10.971293,3.063
2232,10.976669,5.376
2233,10.980919,4.25
2234,10.986197,5.278
2235,10.989721,3.524
2236,10.993871,4.15
2237,11.00109,7.219
2238,11.005103,4.013
2239,11.00829,3.187
2240,11.013052,4.762
2241,11.018294,5.242
2242,11.021284,2.99
2243,11.025566,4.282
2244,11.030553,4.987
2245,11.035516,4.963
2246,11.039523,4.007
2247,11.043584,4.061
2248,11.049282,5.698
2249,11.053043,3.761
2250,11.057522,4.479
2251,11.061712,4.19
2252,11.066791,5.079
2253,11.07058,3.789
2254,11.075025,4.445
2255,11.079324,4.299
2256,11.084202,4.878
2257,11.087973,3.771
2258,11.092296,4.323
2259,11.097708,5.412
2260,11.1029,5.192
2261,11.106392,3.492
2262,11.110724,4.332
2263,11.117188,6.464
2264,11.120929,3.741
2265,11.124555,3.626
2266,11.129212,4.657
2267,11.134178,4.966
2268,11.137445,3.267
2269,11.141807,4.362
2270,11.146215,4.408
2271,11.151873,5.658
2272,11.156028,4.155
2273,11.160096,4.068
2274,11.164213,4.117
2275,11.16939,5.177
2276,11.172985,3.595
2277,11.177356,4.371
2278,11.183572,6.216
2279,11.186504,2.932
2280,11.190851,4.347
2281,11.195236,4.385
2282,11.200934,5.698
2283,11.204261,3.327
2284,11.208486,4.225
2285,11.212726,4.24
2286,11.21867,5.944
2287,11.222681,4.011
2288,11.228014,5.333
2289,11.23281,4.796
2290,11.238238,5.428
2291,11.24246,4.222
2292,11.246689,4.229
2293,11.251888,5.199
2294,11.255118,3.23
2295,11.259533,4.415
2296,11.265,5.467
2297,11.269347,4.347
2298,11.273131,3.784
2299,11.279287,6.156
2300,11.284168,4.881
2301,11.288328,4.16
2302,11.292355,4.027
2303,11.297006,4.651
2304,11.301997,4.991
2305,11.305835,3.838
2306,11.310173,4.338
2307,11.316353,6.18
2308,11.321698,5.345
2309,11.325325,3.627
2310,11.331565,6.24
2311,11.336366,4.801
2312,11.340075,3.709
2313,11.344558,4.483
2314,11.349383,4.825
2315,11.354521,5.138
2316,11.35828,3.759
2317,11.362868,4.588
2318,11.367074,4.206
2319,11.374376,7.302
2320,11.377766,3.39
2321,11.38271,4.944
2322,11.387876,5.166
2323,11.39182,3.944
2324,11.396367,4.547
2325,11.401035,4.668
2326,11.406156,5.121
2327,11.410015,3.859
2328,11.414978,4.963
2329,11.41905,4.072
2330,11.425539,6.489
2331,11.429479,3.94
2332,11.434111,4.632
2333,11.439119,5.008
2334,11.443291,4.172
2335,11.447437,4.146
2336,11.45195,4.513
2337,11.457101,5.151
2338,11.461069,3.968
2339,11.465338,4.269
2340,11.469859,4.521
2341,11.475316,5.457
2342,11.478855,3.539
2343,11.483154,4.299
2344,11.488082,4.928
2345,11.491901,3.819
2346,11.496097,4.196
2347,11.500287,4.19
2348,11.507005,6.718
2349,11.510686,3.681
2350,11.516869,6.183
2351,11.521198,4.329
2352,11.525812,4.614
2353,11.529522,3.71
2354,11.533963,4.441
2355,11.538371,4.408
2356,11.541831,3.46
2357,11.546127,4.296
2358,11.55234,6.213
2359,11.558789,6.449
2360,11.562391,3.602
2361,11.566633,4.242
2362,11.570808,4.175
2363,11.585856,15.048
2364,11.588763,2.907
2365,11.593656,4.893
2366,11.601414,7.758
2367,11.6055080000001,4.094
2368,11.6131310000001,7.623
2369,11.6170710000001,3.94
2370,11.6219710000001,4.9
2371,11.6267530000001,4.782
2372,11.6308440000001,4.091
2373,11.6352710000001,4.427
2374,11.6397920000001,4.521
2375,11.6434880000001,3.696
2376,11.6483100000001,4.822
2377,11.6531160000001,4.806
2378,11.6568590000001,3.743
2379,11.6629260000001,6.067
2380,11.6676700000001,4.744
2381,11.6711180000001,3.448
2382,11.6753260000001,4.208
2383,11.6820230000001,6.697
2384,11.6854910000001,3.468
2385,11.6896450000001,4.154
2386,11.6948480000001,5.203
2387,11.6981310000001,3.283
2388,11.7043020000001,6.171
2389,11.7089570000001,4.655
2390,11.7142690000001,5.312
2391,11.7185150000001,4.246
2392,11.7225480000001,4.033
2393,11.7275990000001,5.051
2394,11.7325400000001,4.941
2395,11.7368660000001,4.326
2396,11.7408770000001,4.011
2397,11.7446980000001,3.821
2398,11.7487250000001,4.027
2399,11.7548330000001,6.108
2400,11.7595680000001,4.735
2401,11.7639320000001,4.364
2402,11.7685560000001,4.624
2403,11.7723550000001,3.799
2404,11.7772690000001,4.914
2405,11.7811610000001,3.892
2406,11.7855040000001,4.343
2407,11.7896160000001,4.112
2408,11.7964730000001,6.857
2409,11.8002350000001,3.762
2410,11.8057400000001,5.505
2411,11.8099560000001,4.216
2412,11.8150820000001,5.126
2413,11.8189000000001,3.818
2414,11.8229060000001,4.006
2415,11.8275320000001,4.626
2416,11.8330390000001,5.507
2417,11.8363460000001,3.307
2418,11.8396800000001,3.334
2419,11.8457510000001,6.071
2420,11.8506550000001,4.904
2421,11.8545300000001,3.875
2422,11.8586260000001,4.096
2423,11.8642260000001,5.6
2424,11.8688910000001,4.665
2425,11.8725380000001,3.647
2426,11.8767970000001,4.259
2427,11.8808900000001,4.093
2428,11.8876040000001,6.714
2429,11.8913430000001,3.739
2430,11.8969100000001,5.567
2431,11.9017250000001,4.815
2432,11.9054660000001,3.741
2433,11.9095980000001,4.132
2434,11.9143110000001,4.713
2435,11.9193000000001,4.989
2436,11.9226310000001,3.331
2437,11.9268250000001,4.194
2438,11.9312140000001,4.389
2439,11.9375660000001,6.352
2440,11.9409570000001,3.391
2441,11.9452590000001,4.302
2442,11.9502060000001,4.947
2443,11.9536570000001,3.451
2444,11.9578060000001,4.149
2445,11.9631020000001,5.296
2446,11.9678400000001,4.738
2447,11.9714710000001,3.631
2448,11.9778460000001,6.375
2449,11.9821210000001,4.275
2450,11.9885660000001,6.445
2451,11.9926090000001,4.043
2452,11.9957470000001,3.138
2453,12.0007430000001,4.996
2454,12.0042510000001,3.508
2455,12.0085340000001,4.283
2456,12.0125160000001,3.982
2457,12.0171640000001,4.648
2458,12.0209730000001,3.809
2459,12.0251580000001,4.185
2460,12.0295370000001,4.379
2461,12.0342230000001,4.686
2462,12.0397660000001,5.543
2463,12.0440330000001,4.267
2464,12.0482350000001,4.202
2465,12.0529220000001,4.687
2466,12.0578500000001,4.928
2467,12.0614700000001,3.62
2468,12.0660710000001,4.601
2469,12.0730770000001,7.006
2470,12.0786790000001,5.602
2471,12.0828330000001,4.154
2472,12.087562,4.729
2473,12.091474,3.912
2474,12.095745,4.271
2475,12.101633,5.888
2476,12.106012,4.379
2477,12.110679,4.667
2478,12.113704,3.025
2479,12.120596,6.892
2480,12.1238,3.204
2481,12.127918,4.118
2482,12.133544,5.626
2483,12.138588,5.044
2484,12.142131,3.543
2485,12.146345,4.214
2486,12.151658,5.313
2487,12.156487,4.829
2488,12.16207,5.583
2489,12.166283,4.213
2490,12.172608,6.325
2491,12.176137,3.529
2492,12.180421,4.284
2493,12.184845,4.424
2494,12.189603,4.758
2495,12.193166,3.563
2496,12.1990990000001,5.933
2497,12.202995,3.896
2498,12.207592,4.597
2499,12.213128,5.536
2500,12.217314,4.186
2501,12.222386,5.072
2502,12.225807,3.421
2503,12.23196,6.153
2504,12.235415,3.455
2505,12.240428,5.013
2506,12.2440990000001,3.671
2507,12.249305,5.206
2508,12.2549530000001,5.648
2509,12.259884,4.931
2510,12.263311,3.427
2511,12.2675110000001,4.2
2512,12.272273,4.762
2513,12.2760460000001,3.773
2514,12.2815780000001,5.532
2515,12.2853790000001,3.801
2516,12.2900050000001,4.626
2517,12.2944710000001,4.466
2518,12.2989990000001,4.528
2519,12.3031180000001,4.119
2520,12.3077370000001,4.619
2521,12.3136570000001,5.92
2522,12.3179360000001,4.279
2523,12.3225470000001,4.611
2524,12.3260240000001,3.477
2525,12.3315200000001,5.496
2526,12.3351600000001,3.64
2527,12.3408220000001,5.662
2528,12.3445160000001,3.694
2529,12.3498980000001,5.382
2530,12.3533430000001,3.445
2531,12.3581190000001,4.776
2532,12.3617340000001,3.615
2533,12.3684950000001,6.761
2534,12.3733740000001,4.879
2535,12.3770700000001,3.696
2536,12.3821890000001,5.119
2537,12.3870760000001,4.887
2538,12.3920020000001,4.926
2539,12.3955690000001,3.567
2540,12.3999500000001,4.381
2541,12.4041920000001,4.242
2542,12.4099640000001,5.772
2543,12.4145690000001,4.605
2544,12.4182960000001,3.727
2545,12.4232900000001,4.994
2546,12.4269020000001,3.612
2547,12.4331550000001,6.253
2548,12.4373800000001,4.225
2549,12.4422360000001,4.856
2550,12.4466540000001,4.418
2551,12.4506670000001,4.013
2552,12.4552970000001,4.63
2553,12.4605600000001,5.263
2554,12.4655070000001,4.947
2555,12.4696110000001,4.104
2556,12.474724,5.113
2557,12.4794230000001,4.699
2558,12.4837310000001,4.308
2559,12.4879840000001,4.253
2560,12.4929250000001,4.941
2561,12.4983670000001,5.442
2562,12.5029120000001,4.545
2563,12.5079920000001,5.08
2564,12.5120350000001,4.043
2565,12.5168930000001,4.858
2566,12.5210370000001,4.144
2567,12.5272550000001,6.218
2568,12.5317070000001,4.452
2569,12.5354390000001,3.732
2570,12.5407230000001,5.284
2571,12.5444880000001,3.765
2572,12.5498600000001,5.372
2573,12.5586890000001,8.829
2574,12.5640230000001,5.334
2575,12.5687770000001,4.754
2576,12.5730020000001,4.225
2577,12.579207,6.205
2578,12.58255,3.343
2579,12.598038,15.488
2580,12.601998,3.96
2581,12.608035,6.037
2582,12.612086,4.051
2583,12.615974,3.888
2584,12.625319,9.345
2585,12.628885,3.566
2586,12.635221,6.336
2587,12.640097,4.876
2588,12.644439,4.342
2589,12.65116,6.721
2590,12.654066,2.906
2591,12.658797,4.731
2592,12.664402,5.605
2593,12.667837,3.435
2594,12.672047,4.21
2595,12.676939,4.892
2596,12.681676,4.737
2597,12.687748,6.072
2598,12.692446,4.698
2599,12.695591,3.145
2600,12.699801,4.21
2601,12.704072,4.271
2602,12.709564,5.492
2603,12.713509,3.945
2604,12.71988,6.371
2605,12.72518,5.3
2606,12.728155,2.975
2607,12.732791,4.636
2608,12.737114,4.323
2609,12.742004,4.89
2610,12.745618,3.614
2611,12.752674,7.056
2612,12.758011,5.337
2613,12.761608,3.597
2614,12.766089,4.481
2615,12.770356,4.267
2616,12.775242,4.886
2617,12.778931,3.689
2618,12.785256,6.325
2619,12.789542,4.286
2620,12.794372,4.83
2621,12.798153,3.781
2622,12.803836,5.683
2623,12.808888,5.052
2624,12.813667,4.779
2625,12.817696,4.029
2626,12.821915,4.219
2627,12.827004,5.089
2628,12.83105,4.046
2629,12.835935,4.885
2630,12.840285,4.35
2631,12.84427,3.985
2632,12.848287,4.017
2633,12.852549,4.262
2634,12.85751,4.961
2635,12.861064,3.554
2636,12.867307,6.243
2637,12.871891,4.584
2638,12.876918,5.027
2639,12.880328,3.41
2640,12.884924,4.596
2641,12.890478,5.554
2642,12.894744,4.266
2643,12.89969,4.946
2644,12.903572,3.882
2645,12.908366,4.794
2646,12.911848,3.482
2647,12.916893,5.045
2648,12.92111,4.217
2649,12.925635,4.525
2650,12.929333,3.698
2651,12.934265,4.932
2652,12.937944,3.679
2653,12.942843,4.899
2654,12.948346,5.503
2655,12.951931,3.585
2656,12.956305,4.374
2657,12.961275,4.97
2658,12.966675,5.4
2659,12.970273,3.598
2660,12.974553,4.28
2661,12.981174,6.621
2662,12.985536,4.362
2663,12.989919,4.383
2664,12.99394,4.021
2665,12.998715,4.775
2666,13.00218,3.465
2667,13.006476,4.296
2668,13.010759,4.283
2669,13.017204,6.445
2670,13.019909,2.705
2671,13.024216,4.307
2672,13.028764,4.548
2673,13.035788,7.024
2674,13.038773,2.985
2675,13.043332,4.559
2676,13.047814,4.482
2677,13.052225,4.411
2678,13.055876,3.651
2679,13.06016,4.284
2680,13.066954,6.794
2681,13.069785,2.831
2682,13.074101,4.316
2683,13.078219,4.118
2684,13.084235,6.016
2685,13.089144,4.909
2686,13.093655,4.511
2687,13.098778,5.123
2688,13.104747,5.969
2689,13.108352,3.605
2690,13.112967,4.615
2691,13.117387,4.42
2692,13.120876,3.489
2693,13.12527,4.394
2694,13.130538,5.268
2695,13.134929,4.391
2696,13.138345,3.416
2697,13.142645,4.3
2698,13.147843,5.198
2699,13.152201,4.358
2700,13.15607,3.869
2701,13.160546,4.476
2702,13.165162,4.616
2703,13.169415,4.253
2704,13.173125,3.71
2705,13.179083,5.958
2706,13.183437,4.354
2707,13.187105,3.668
2708,13.196569,9.464
2709,13.199976,3.407
2710,13.204944,4.968
2711,13.20862,3.676
2712,13.212592,3.972
2713,13.217047,4.455
2714,13.221875,4.828
2715,13.225775,3.9
2716,13.229993,4.218
2717,13.234812,4.819
2718,13.238448,3.636
2719,13.242787,4.339
2720,13.246943,4.156
2721,13.252156,5.213
2722,13.255591,3.435
2723,13.259936,4.345
2724,13.264241,4.305
2725,13.270888,6.647
2726,13.274492,3.604
2727,13.278859,4.367
2728,13.290064,11.205
2729,13.294225,4.161
2730,13.297283,3.058
2731,13.301554,4.271
2732,13.306613,5.059
2733,13.310673,4.06
2734,13.314983,4.31
2735,13.319302,4.319
2736,13.323788,4.486
2737,13.327598,3.81
2738,13.331895,4.297
2739,13.338909,7.014
2740,13.342465,3.556
2741,13.346708,4.243
2742,13.351056,4.348
2743,13.355978,4.922
2744,13.359725,3.747
2745,13.363923,4.198
2746,13.368595,4.672
2747,13.373492,4.897
2748,13.379008,5.516
2749,13.383169,4.161
2750,13.387996,4.827
2751,13.391873,3.877
2752,13.396237,4.364
2753,13.400831,4.594
2754,13.405596,4.765
2755,13.409252,3.656
2756,13.413991,4.739
2757,13.418436,4.445
2758,13.422928,4.492
2759,13.427258,4.33
2760,13.430898,3.64
2761,13.436011,5.113
2762,13.439552,3.541
2763,13.444104,4.552
2764,13.448373,4.269
2765,13.45504,6.667
2766,13.458561,3.521
2767,13.462927,4.366
2768,13.469216,6.289
2769,13.474024,4.808
2770,13.477773,3.749
2771,13.482192,4.419
2772,13.487309,5.117
2773,13.491262,3.953
2774,13.495678,4.416
2775,13.499917,4.239
2776,13.504952,5.035
2777,13.508841,3.889
2778,13.513541,4.7
2779,13.518199,4.658
2780,13.523065,4.866
2781,13.526556,3.491
2782,13.53121,4.654
2783,13.536448,5.238
2784,13.540073,3.625
2785,13.544949,4.876
2786,13.549116,4.167
2787,13.554265,5.149
2788,13.561566,7.301
2789,13.564444,2.878
2790,13.56907,4.626
2791,13.574451,5.381
2792,13.578044,3.593
2793,13.582697,4.653
2794,13.599522,16.825
2795,13.603889,4.367
2796,13.610729,6.84
2797,13.614329,3.6
2798,13.618467,4.138
2799,13.624792,6.325
2800,13.628343,3.551
2801,13.632964,4.621
2802,13.637885,4.921
2803,13.641815,3.93
2804,13.64607,4.255
2805,13.653959,7.889
2806,13.657696,3.737
2807,13.662159,4.463
2808,13.668817,6.658
2809,13.672707,3.89
2810,13.67684,4.133
2811,13.683535,6.695
2812,13.686451,2.916
2813,13.690714,4.263
2814,13.695634,4.92
2815,13.700881,5.247
2816,13.704794,3.913
2817,13.711858,7.064
2818,13.71608,4.222
2819,13.719384,3.304
2820,13.724185,4.801
2821,13.727855,3.67
2822,13.733789,5.934
2823,13.737991,4.202
2824,13.743257,5.266
2825,13.748506,5.249
2826,13.752414,3.908
2827,13.756503,4.089
2828,13.763357,6.854
2829,13.766906,3.549
2830,13.771106,4.2
2831,13.777545,6.439
2832,13.78093,3.385
2833,13.784928,3.998
2834,13.788926,3.998
2835,13.793729,4.803
2836,13.799155,5.426
2837,13.803335,4.18
2838,13.807605,4.27
2839,13.814869,7.264
2840,13.819222,4.353
2841,13.822712,3.49
2842,13.828915,6.203
2843,13.831826,2.911
2844,13.835561,3.735
2845,13.841255,5.694
2846,13.846442,5.187
2847,13.849743,3.301
2848,13.855891,6.148
2849,13.8604,4.509
2850,13.865313,4.913
2851,13.868609,3.296
2852,13.872871,4.262
2853,13.879882,7.011
2854,13.882673,2.791
2855,13.887053,4.38
2856,13.891686,4.633
2857,13.897083,5.397
2858,13.900008,2.925
2859,13.904382,4.374
2860,13.908839,4.457
2861,13.914602,5.763
2862,13.917713,3.111
2863,13.921966,4.253
2864,13.927017,5.051
2865,13.931294,4.277
2866,13.935275,3.981
2867,13.939759,4.484
2868,13.944645,4.886
2869,13.94824,3.595
2870,13.952415,4.175
2871,13.956687,4.272
2872,13.963052,6.365
2873,13.966251,3.199
2874,13.970371,4.12
2875,13.975372,5.001
2876,13.980496,5.124
2877,13.984806,4.31
2878,13.989094,4.288
2879,13.994303,5.209
2880,13.997982,3.679
2881,14.00192,3.938
2882,14.006273,4.353
2883,14.012726,6.453
2884,14.01596,3.234
2885,14.021253,5.293
2886,14.026485,5.232
2887,14.030445,3.96
2888,14.036182,5.737
2889,14.040232,4.05
2890,14.044936,4.704
2891,14.04884,3.904
2892,14.052971,4.131
2893,14.057352,4.381
2894,14.062632,5.28
2895,14.066149,3.517
2896,14.070471,4.322
2897,14.075415,4.944
2898,14.07926,3.845
2899,14.083576,4.316
2900,14.087619,4.043
2901,14.093265,5.646
2902,14.098042,4.777
2903,14.102021,3.979
2904,14.106367,4.346
2905,14.111023,4.656
2906,14.115173,4.15
2907,14.119272,4.099
2908,14.126708,7.436
2909,14.130547,3.839
2910,14.135714,5.167
2911,14.138697,2.983
2912,14.1441,5.403
2913,14.148281,4.181
2914,14.152962,4.681
2915,14.158646,5.684
2916,14.163998,5.352
2917,14.169411,5.413
2918,14.173584,4.173
2919,14.178476,4.892
2920,14.182139,3.663
2921,14.186638,4.499
2922,14.19086,4.222
2923,14.197421,6.561
2924,14.201623,4.202
2925,14.206477,4.854
2926,14.212674,6.197
2927,14.217644,4.97
2928,14.223294,5.65
2929,14.227795,4.501
2930,14.233148,5.353
2931,14.237032,3.884
2932,14.243562,6.53
2933,14.246053,2.491
2934,14.250861,4.808
2935,14.256266,5.405
2936,14.260675,4.409
2937,14.267399,6.724
2938,14.271058,3.659
2939,14.275866,4.808
2940,14.279679,3.813
2941,14.28454,4.861
2942,14.288799,4.259
2943,14.292867,4.068
2944,14.299581,6.714
2945,14.302663,3.082
2946,14.309091,6.428
2947,14.313271,4.18
2948,14.320031,6.76
2949,14.324528,4.497
2950,14.328316,3.788
2951,14.333689,5.373
2952,14.337568,3.879
2953,14.341301,3.733
2954,14.345519,4.218
2955,14.35189,6.371
2956,14.355721,3.831
2957,14.362351,6.63
2958,14.367093,4.742
2959,14.370632,3.539
2960,14.375229,4.597
2961,14.379115,3.886
2962,14.384177,5.062
2963,14.387898,3.721
2964,14.392879,4.981
2965,14.398541,5.662
2966,14.40366,5.119
2967,14.407232,3.572
2968,14.413901,6.669
2969,14.418726,4.825
2970,14.422174,3.448
2971,14.42701,4.836
2972,14.431351,4.341
2973,14.436998,5.647
2974,14.439854,2.856
2975,14.444446,4.592
2976,14.449584,5.138
2977,14.455166,5.582
2978,14.459635,4.469
2979,14.463805,4.17
2980,14.468726,4.921
2981,14.472665,3.939
2982,14.478337,5.672
2983,14.482478,4.141
2984,14.486482,4.004
2985,14.490745,4.263
2986,14.497288,6.543
2987,14.501696,4.408
2988,14.505895,4.199
2989,14.510886,4.991
2990,14.515083,4.197
2991,14.519508,4.425
2992,14.52337,3.862
2993,14.529696,6.326
2994,14.534569,4.873
2995,14.539729,5.16
2996,14.5447,4.971
2997,14.550427,5.727
2998,14.555282,4.855
2999,14.559145,3.863
3000,14.563609,4.464
3001,14.568395,4.786
3002,14.572047,3.652
3003,14.57961,7.563
3004,14.583084,3.474
3005,14.587451,4.367
3006,14.600628,13.177
3007,14.604767,4.139
3008,14.610498,5.731
3009,14.616098,5.6
3010,14.620072,3.974
3011,14.627246,7.174
3012,14.630863,3.617
3013,14.635371,4.508
3014,14.639743,4.372
3015,14.646487,6.744
3016,14.651611,5.124
3017,14.658516,6.905
3018,14.662264,3.748
3019,14.666545,4.281
3020,14.671623,5.078
3021,14.675908,4.285
3022,14.680382,4.474
3023,14.684686,4.304
3024,14.688634,3.948
3025,14.692974,4.34
3026,14.699642,6.668
3027,14.703652,4.01
3028,14.710008,6.356
3029,14.715038,5.03
3030,14.718699,3.661
3031,14.722939,4.24
3032,14.727639,4.7
3033,14.731416,3.777
3034,14.735939,4.523
3035,14.743124,7.185
3036,14.747716,4.592
3037,14.752418,4.702
3038,14.757692,5.274
3039,14.761118,3.426
3040,14.765876,4.758
3041,14.769762,3.886
3042,14.774868,5.106
3043,14.780201,5.333
3044,14.782996,2.795
3045,14.787404,4.408
3046,14.793977,6.573
3047,14.797047,3.07
3048,14.803708,6.661
3049,14.809092,5.384
3050,14.812972,3.88
3051,14.817084,4.112
3052,14.821457,4.373
3053,14.829468,8.011
3054,14.832427,2.959
3055,14.838063,5.636
3056,14.842224,4.161
3057,14.849102,6.878
3058,14.852805,3.703
3059,14.857533,4.728
3060,14.862716,5.183
3061,14.866062,3.346
3062,14.870236,4.174
3063,14.875794,5.558
3064,14.880147,4.353
3065,14.883947,3.8
3066,14.890253,6.306
3067,14.895323,5.07
3068,14.901115,5.792
3069,14.905179,4.064
3070,14.909475,4.296
3071,14.914278,4.803
3072,14.917958,3.68
3073,14.92257,4.612
3074,14.927164,4.594
3075,14.933537,6.373
3076,14.937116,3.579
3077,14.943469,6.353
3078,14.94772,4.251
3079,14.952841,5.121
3080,14.956777,3.936
3081,14.96084,4.063
3082,14.965836,4.996
3083,14.96952,3.684
3084,14.974302,4.782
3085,14.979701,5.399
3086,14.987026,7.325
3087,14.992406,5.38
3088,14.99644,4.034
3089,15.004467,8.027
3090,15.008325,3.858
3091,15.013411,5.086
3092,15.019352,5.941
3093,15.024143,4.791
3094,15.028381,4.238
3095,15.033847,5.466
3096,15.039022,5.175
3097,15.04465,5.628
3098,15.04973,5.08
3099,15.052867,3.137
3100,15.0578,4.933
3101,15.06235,4.55
3102,15.066658,4.308
3103,15.071584,4.926
3104,15.078663,7.079
3105,15.082473,3.81
3106,15.088618,6.145
3107,15.093878,5.26
3108,15.097175,3.297
3109,15.101665,4.49
3110,15.106766,5.101
3111,15.111778,5.012
3112,15.115554,3.776
3113,15.119873,4.319
3114,15.124734,4.861
3115,15.129723,4.989
3116,15.133188,3.465
3117,15.1405,7.312
3118,15.143849,3.349
3119,15.148046,4.197
3120,15.152547,4.501
3121,15.157621,5.074
3122,15.162841,5.22
3123,15.167172,4.331
3124,15.1724,5.228
3125,15.177058,4.658
3126,15.182692,5.634
3127,15.187138,4.446
3128,15.193896,6.758
3129,15.197697,3.801
3130,15.201922,4.225
3131,15.206962,5.04
3132,15.210464,3.502
3133,15.214942,4.478
3134,15.21946,4.518
3135,15.224317,4.857
3136,15.228437,4.12
3137,15.234213,5.776
3138,15.239376,5.163
3139,15.243074,3.698
3140,15.247261,4.187
3141,15.251578,4.317
3142,15.256677,5.099
3143,15.260243,3.566
3144,15.264796,4.553
3145,15.269584,4.788
3146,15.275235,5.651
3147,15.279539,4.304
3148,15.285966,6.427
3149,15.290899,4.933
3150,15.294654,3.755
3151,15.298958,4.304
3152,15.303858,4.9
3153,15.307447,3.589
3154,15.311899,4.452
3155,15.317901,6.002
3156,15.323071,5.17
3157,15.327554,4.483
3158,15.332462,4.908
3159,15.336403,3.941
3160,15.340358,3.955
3161,15.344404,4.046
3162,15.348871,4.467
3163,15.353704,4.833
3164,15.359488,5.784
3165,15.363619,4.131
3166,15.370255,6.636
3167,15.374257,4.002
3168,15.380431,6.174
3169,15.384809,4.378
3170,15.390333,5.524
3171,15.393409,3.076
3172,15.397742,4.333
3173,15.402723,4.981
3174,15.406778,4.055
3175,15.413042,6.264
3176,15.417185,4.143
3177,15.424141,6.956
3178,15.428276,4.135
3179,15.433275,4.999
3180,15.437224,3.949
3181,15.441124,3.9
3182,15.445477,4.353
3183,15.449448,3.971
3184,15.454987,5.539
3185,15.45848,3.493
3186,15.464605,6.125
3187,15.469407,4.802
3188,15.475202,5.795
3189,15.479363,4.161
3190,15.483621,4.258
3191,15.488874,5.253
3192,15.492486,3.612
3193,15.496722,4.236
3194,15.502075,5.353
3195,15.507111,5.036
3196,15.511516,4.405
3197,15.517866,6.35
3198,15.524756,6.89
3199,15.531801,7.045
3200,15.538532,6.731
3201,15.543791,5.259
3202,15.548011,4.22
3203,15.552103,4.092
3204,15.561052,8.949
3205,15.568474,7.422
3206,15.57623,7.756
3207,15.58163,5.4
3208,15.585343,3.713
3209,15.5908,5.457
3210,15.597762,6.962
3211,15.602892,5.13
3212,15.608308,5.416
3213,15.618498,10.19
3214,15.622748,4.25
3215,15.627963,5.215
3216,15.631692,3.729
3217,15.638692,7.0
3218,15.642113,3.421
3219,15.64649,4.377
3220,15.651552,5.062
3221,15.65516,3.608
3222,15.660753,5.593
3223,15.665712,4.959
3224,15.669546,3.834
3225,15.673835,4.289
3226,15.678823,4.988
3227,15.682239,3.416
3228,15.688892,6.653
3229,15.693572,4.68
3230,15.697072,3.5
3231,15.701451,4.379
3232,15.706214,4.763
3233,15.711685,5.471
3234,15.714955,3.27
3235,15.721304,6.349
3236,15.725686,4.382
3237,15.731299,5.613
3238,15.735351,4.052
3239,15.739994,4.643
3240,15.744668,4.674
3241,15.748393,3.725
3242,15.752944,4.551
3243,15.758242,5.298
3244,15.761326,3.084
3245,15.765675,4.349
3246,15.771905,6.23
3247,15.776632,4.727
3248,15.782302,5.67
3249,15.786635,4.333
3250,15.791592,4.957
3251,15.795542,3.95
3252,15.799478,3.936
3253,15.803946,4.468
3254,15.809007,5.061
3255,15.816458,7.451
3256,15.821853,5.395
3257,15.827467,5.614
3258,15.831912,4.445
3259,15.837212,5.3
3260,15.842264,5.052
3261,15.849291,7.027
3262,15.853078,3.787
3263,15.859899,6.821
3264,15.867644,7.745
3265,15.87137,3.726
3266,15.876608,5.238
3267,15.881089,4.481
3268,15.890021,8.932
3269,15.897849,7.828
3270,15.900978,3.129
3271,15.907964,6.986
3272,15.913243,5.279
3273,15.918337,5.094
3274,15.927676,9.339
3275,15.932433,4.757
3276,15.936935,4.502
3277,15.943645,6.71
3278,15.947428,3.783
3279,15.951762,4.334
3280,15.956981,5.219
3281,15.960963,3.982
3282,15.965954,4.991
3283,15.970828,4.874
3284,15.97467,3.842
3285,15.979061,4.391
3286,15.986104,7.043
3287,15.989805,3.701
3288,15.996259,6.454
3289,16.001099,4.84
3290,16.004837,3.738
3291,16.009459,4.622
3292,16.013679,4.22
3293,16.018467,4.788
3294,16.022196,3.729
3295,16.028501,6.305
3296,16.033844,5.343
3297,16.038779,4.935
3298,16.04338,4.601
3299,16.048008,4.628
3300,16.052018,4.01
3301,16.056358,4.34
3302,16.060694,4.336
3303,16.065811,5.117
3304,16.069534,3.723
3305,16.073851,4.317
3306,16.079352,5.501
3307,16.082886,3.534
3308,16.089196,6.31
3309,16.094984,5.788
3310,16.099519,4.535
3311,16.104681,5.162
3312,16.108658,3.977
3313,16.113652,4.994
3314,16.117459,3.807
3315,16.123566,6.107
3316,16.12869,5.124
3317,16.134244,5.554
3318,16.138422,4.178
3319,16.143686,5.264
3320,16.147515,3.829
3321,16.151663,4.148
3322,16.156056,4.393
3323,16.161137,5.081
3324,16.166493,5.356
3325,16.17079,4.297
3326,16.177667,6.877
3327,16.181337,3.67
3328,16.187794,6.457
3329,16.192566,4.772
3330,16.197414,4.848
3331,16.203301,5.887
3332,16.207326,4.025
3333,16.212361,5.035
3334,16.216235,3.874
3335,16.222489,6.254
3336,16.22729,4.801
3337,16.23317,5.88
3338,16.237379,4.209
3339,16.241981,4.602
3340,16.245747,3.766
3341,16.250073,4.326
3342,16.254587,4.514
3343,16.259539,4.952
3344,16.26519,5.651
3345,16.26873,3.54
3346,16.275816,7.086
3347,16.279177,3.361
3348,16.283609,4.432
3349,16.287986,4.377
3350,16.293169,5.183
3351,16.298385,5.216
3352,16.302582,4.197
3353,16.307648,5.066
3354,16.311211,3.563
3355,16.317977,6.766
3356,16.322041,4.064
3357,16.329894,7.853
3358,16.334972,5.078
3359,16.339273,4.301
3360,16.344467,5.194
3361,16.347915,3.448
3362,16.35229,4.375
3363,16.356671,4.381
3364,16.362056,5.385
3365,16.365966,3.91
3366,16.372115,6.149
3367,16.377419,5.304
3368,16.382672,5.253
3369,16.387365,4.693
3370,16.391459,4.094
3371,16.398014,6.555
3372,16.402422,4.408
3373,16.406946,4.524
3374,16.412769,5.823
3375,16.417458,4.689
3376,16.421718,4.26
3377,16.428053,6.335
3378,16.432894,4.841
3379,16.436738,3.844
3380,16.441035,4.297
3381,16.447199,6.164
3382,16.451089,3.89
3383,16.454278,3.189
3384,16.458922,4.644
3385,16.463859,4.937
3386,16.469508,5.649
3387,16.473762,4.254
3388,16.480582,6.82
3389,16.484404,3.822
3390,16.488932,4.528
3391,16.493103,4.171
3392,16.498127,5.024
3393,16.501664,3.537
3394,16.505998,4.334
3395,16.512662,6.664
3396,16.517852,5.19
3397,16.522644,4.792
3398,16.52722,4.576
3399,16.532213,4.993
3400,16.535506,3.293
3401,16.540024,4.518
3402,16.545121,5.097
3403,16.549019,3.898
3404,16.553478,4.459
3405,16.557781,4.303
3406,16.564592,6.811
3407,16.568179,3.587
3408,16.574828,6.649
3409,16.584289,9.461
3410,16.587509,3.22
3411,16.591587,4.078
3412,16.595887,4.3
3413,16.602229,6.342
3414,16.60541,3.181
3415,16.615757,10.347
3416,16.620654,4.897
3417,16.629088,8.434
3418,16.633335,4.247
3419,16.639975,6.64
3420,16.643828,3.853
3421,16.648169,4.341
3422,16.652376,4.207
3423,16.658093,5.717
3424,16.661611,3.518
3425,16.666002,4.391
3426,16.673626,7.624
3427,16.678522,4.896
3428,16.682984,4.462
3429,16.687977,4.993
3430,16.691708,3.731
3431,16.696098,4.39
3432,16.700329,4.231
3433,16.70539,5.061
3434,16.709423,4.033
3435,16.715385,5.962
3436,16.720229,4.844
3437,16.725654,5.425
3438,16.730119,4.465
3439,16.735417,5.298
3440,16.738869,3.452
3441,16.743055,4.186
3442,16.747464,4.409
3443,16.752324,4.86
3444,16.756834,4.51
3445,16.760788,3.954
3446,16.767407,6.619
3447,16.771674,4.267
3448,16.777647,5.973
3449,16.782594,4.947
3450,16.786448,3.854
3451,16.790622,4.174
3452,16.794967,4.345
3453,16.799909,4.942
3454,16.804241,4.332
3455,16.809257,5.016
3456,16.814165,4.908
3457,16.819321,5.156
3458,16.823582,4.261
3459,16.827945,4.363
3460,16.833117,5.172
3461,16.837039,3.922
3462,16.842351,5.312
3463,16.847344,4.993
3464,16.851779,4.435
3465,16.855813,4.034
3466,16.862282,6.469
3467,16.867373,5.091
3468,16.873049,5.676
3469,16.877616,4.567
3470,16.882276,4.66
3471,16.886408,4.132
3472,16.890646,4.238
3473,16.895359,4.713
3474,16.900285,4.926
3475,16.905865,5.58
3476,16.910749,4.884
3477,16.917319,6.57
3478,16.921399,4.08
3479,16.925585,4.186
3480,16.929871,4.286
3481,16.934864,4.993
3482,16.93902,4.156
3483,16.943214,4.194
3484,16.948449,5.235
3485,16.952483,4.034
3486,16.956739,4.256
3487,16.961124,4.385
3488,16.968096,6.972
3489,16.971997,3.901
3490,16.976107,4.11
3491,16.980992,4.885
3492,16.984963,3.971
3493,16.990247,5.284
3494,16.994623,4.376
3495,17.001145,6.522
3496,17.005492,4.347
3497,17.01146,5.968
3498,17.016057,4.597
3499,17.019902,3.845
3500,17.024242,4.34
3501,17.029069,4.827
3502,17.034197,5.128
3503,17.037893,3.696
3504,17.042018,4.125
3505,17.047218,5.2
3506,17.052565,5.347
3507,17.057064,4.499
3508,17.063232,6.168
3509,17.06789,4.658
3510,17.071977,4.087
3511,17.076229,4.252
3512,17.081064,4.835
3513,17.084666,3.602
3514,17.088894,4.228
3515,17.094997,6.103
3516,17.099865,4.868
3517,17.105277,5.412
3518,17.109529,4.252
3519,17.114378,4.849
3520,17.117992,3.614
3521,17.122105,4.113
3522,17.127059,4.954
3523,17.131609,4.55
3524,17.135476,3.867
3525,17.139878,4.402
3526,17.146701,6.823
3527,17.150165,3.464
3528,17.156477,6.312
3529,17.160818,4.341
3530,17.165361,4.543
3531,17.169216,3.855
3532,17.173416,4.2
3533,17.178065,4.649
3534,17.181955,3.89
3535,17.188206,6.251
3536,17.192156,3.95
3537,17.198927,6.771
3538,17.202788,3.861
3539,17.206807,4.019
3540,17.211692,4.885
3541,17.215454,3.762
3542,17.219711,4.257
3543,17.224175,4.464
3544,17.230565,6.39
3545,17.233385,2.82
3546,17.238933,5.548
3547,17.243632,4.699
3548,17.249502,5.87
3549,17.253671,4.169
3550,17.257791,4.12
3551,17.262701,4.91
3552,17.266212,3.511
3553,17.270567,4.355
3554,17.275211,4.644
3555,17.280645,5.434
3556,17.284896,4.251
3557,17.290962,6.066
3558,17.295743,4.781
3559,17.299399,3.656
3560,17.303595,4.196
3561,17.308306,4.711
3562,17.312083,3.777
3563,17.316238,4.155
3564,17.321362,5.124
3565,17.326285,4.923
3566,17.331176,4.891
3567,17.33522,4.044
3568,17.342286,7.066
3569,17.345664,3.378
3570,17.349881,4.217
3571,17.354288,4.407
3572,17.359548,5.26
3573,17.363065,3.517
3574,17.367058,3.993
3575,17.372939,5.881
3576,17.377526,4.587
3577,17.383189,5.663
3578,17.38755,4.361
3579,17.392232,4.682
3580,17.396005,3.773
3581,17.400219,4.214
3582,17.404497,4.278
3583,17.409218,4.721
3584,17.413112,3.894
3585,17.417316,4.204
3586,17.423449,6.133
3587,17.42859,5.141
3588,17.433765,5.175
3589,17.438701,4.936
3590,17.442719,4.018
3591,17.44648,3.761
3592,17.450586,4.106
3593,17.456008,5.422
3594,17.46061,4.602
3595,17.46608,5.47
3596,17.470463,4.383
3597,17.476537,6.074
3598,17.481372,4.835
3599,17.484748,3.376
3600,17.489192,4.444
3601,17.493848,4.656
3602,17.497442,3.594
3603,17.501757,4.315
3604,17.507945,6.188
3605,17.51234,4.395
3606,17.517693,5.353
3607,17.521924,4.231
3608,17.526413,4.489
3609,17.531461,5.048
3610,17.53465,3.189
3611,17.540374,5.724
3612,17.545439,5.065
3613,17.54872,3.281
3614,17.552988,4.268
3615,17.557677,4.689
3616,17.562202,4.525
3617,17.567811,5.609
3618,17.572264,4.453
3619,17.576511,4.247
3620,17.581132,4.621
3621,17.585081,3.949
3622,17.592425,7.344
3623,17.595766,3.341
3624,17.599622,3.856
3625,17.604019,4.397
3626,17.60826,4.241
3627,17.626045,17.785
3628,17.631999,5.954
3629,17.635809,3.81
3630,17.640575,4.766
3631,17.644015,3.44
3632,17.648303,4.288
3633,17.65442,6.117
3634,17.659146,4.726
3635,17.665305,6.159
3636,17.669711,4.406
3637,17.676277,6.566
3638,17.680028,3.751
3639,17.684199,4.171
3640,17.688528,4.329
3641,17.695042,6.514
3642,17.698996,3.954
3643,17.70294,3.944
3644,17.708613,5.673
3645,17.715258,6.645
3646,17.719003,3.745
3647,17.723232,4.229
3648,17.727653,4.421
3649,17.731866,4.213
3650,17.736167,4.301
3651,17.743084,6.917
3652,17.746016,2.932
3653,17.749338,3.322
3654,17.754072,4.734
3655,17.759459,5.387
3656,17.762615,3.156
3657,17.768911,6.296
3658,17.773562,4.651
3659,17.777295,3.733
3660,17.781404,4.109
3661,17.785677,4.273
3662,17.792246,6.569
3663,17.79556,3.314
3664,17.800205,4.645
3665,17.804946,4.741
3666,17.809443,4.497
3667,17.813488,4.045
3668,17.81939,5.902
3669,17.824486,5.096
3670,17.828221,3.735
3671,17.832904,4.683
3672,17.837123,4.219
3673,17.842488,5.365
3674,17.845784,3.296
3675,17.851748,5.964
3676,17.856499,4.751
3677,17.8602,3.701
3678,17.86459,4.39
3679,17.869239,4.649
3680,17.87521,5.971
3681,17.87862,3.41
3682,17.882943,4.323
3683,17.888166,5.223
3684,17.892436,4.27
3685,17.89616,3.724
3686,17.902828,6.668
3687,17.907613,4.785
3688,17.911352,3.739
3689,17.915477,4.125
3690,17.919863,4.386
3691,17.924286,4.423
3692,17.928542,4.256
3693,17.933637,5.095
3694,17.937001,3.364
3695,17.941759,4.758
3696,17.945926,4.167
3697,17.952694,6.768
3698,17.95651,3.816
3699,17.96076,4.25
3700,17.96639,5.63
3701,17.969211,2.821
3702,17.973819,4.608
3703,17.978125,4.306
3704,17.983289,5.164
3705,17.987575,4.286
3706,17.991396,3.821
3707,17.995557,4.161
3708,18.002761,7.204
3709,18.006121,3.36
3710,18.011006,4.885
3711,18.015601,4.595
3712,18.019597,3.996
3713,18.024195,4.598
3714,18.028423,4.228
3715,18.035576,7.153
3716,18.039578,4.002
3717,18.044727,5.149
3718,18.049552,4.825
3719,18.053297,3.745
3720,18.057432,4.135
3721,18.061771,4.339
3722,18.066384,4.613
3723,18.070197,3.813
3724,18.075502,5.305
3725,18.079703,4.201
3726,18.086484,6.781
3727,18.089981,3.497
3728,18.09634,6.359
3729,18.10103,4.69
3730,18.105693,4.663
3731,18.110276,4.583
3732,18.114094,3.818
3733,18.117952,3.858
3734,18.121881,3.929
3735,18.127593,5.712
3736,18.132488,4.895
3737,18.138064,5.576
3738,18.142639,4.575
3739,18.146449,3.81
3740,18.151283,4.834
3741,18.155137,3.854
3742,18.15921,4.073
3743,18.163539,4.329
3744,18.169071,5.532
3745,18.172786,3.715
3746,18.178682,5.896
3747,18.183542,4.86
3748,18.188987,5.445
3749,18.193185,4.198
3750,18.197485,4.3
3751,18.202518,5.033
3752,18.206754,4.236
3753,18.210672,3.918
3754,18.215753,5.081
3755,18.220906,5.153
3756,18.225197,4.291
3757,18.231155,5.958
3758,18.23635,5.195
3759,18.240173,3.823
3760,18.243792,3.619
3761,18.248101,4.309
3762,18.252823,4.722
3763,18.258209,5.386
3764,18.263034,4.825
3765,18.267872,4.838
3766,18.27331,5.438
3767,18.277761,4.451
3768,18.283907,6.146
3769,18.289237,5.33
3770,18.29337,4.133
3771,18.296889,3.519
3772,18.301595,4.706
3773,18.306993,5.398
3774,18.311178,4.185
3775,18.316976,5.798
3776,18.321769,4.793
3777,18.327587,5.818
3778,18.331625,4.038
3779,18.336625,5.0
3780,18.340174,3.549
3781,18.344928,4.754
3782,18.348747,3.819
3783,18.353781,5.034
3784,18.359748,5.967
3785,18.363493,3.745
3786,18.370236,6.743
3787,18.373907,3.671
3788,18.380103,6.196
3789,18.384568,4.465
3790,18.391877,7.309
3791,18.395042,3.165
3792,18.401141,6.099
3793,18.405999,4.858
3794,18.411644,5.645
3795,18.41596,4.316
3796,18.422237,6.277
3797,18.427249,5.012
3798,18.432693,5.444
3799,18.437247,4.554
3800,18.443575,6.328
3801,18.447566,3.991
3802,18.453834,6.268
3803,18.458945,5.111
3804,18.464253,5.308
3805,18.468559,4.306
3806,18.475252,6.693
3807,18.479319,4.067
3808,18.4854,6.081
3809,18.491014,5.614
3810,18.49592,4.906
3811,18.500216,4.296
3812,18.50708,6.864
3813,18.510787,3.707
3814,18.517157,6.37
3815,18.522078,4.921
3816,18.527864,5.786
3817,18.532083,4.219
3818,18.538956,6.873
3819,18.542738,3.782
3820,18.549117,6.379
3821,18.554573,5.456
3822,18.559806,5.233
3823,18.564022,4.216
3824,18.571065,7.043
3825,18.57473,3.665
3826,18.581016,6.286
3827,18.586354,5.338
3828,18.592367,6.013
3829,18.596481,4.114
3830,18.603022,6.541
3831,18.606737,3.715
3832,18.613044,6.307
3833,18.618047,5.003
3834,18.628264,10.217
3835,18.632976,4.712
3836,18.641903,8.927
3837,18.645565,3.662
3838,18.651835,6.27
3839,18.655825,3.99
3840,18.659773,3.948
3841,18.668912,9.139
3842,18.676261,7.349
3843,18.679445,3.184
3844,18.687355,7.91
3845,18.691205,3.85
3846,18.696738,5.533
3847,18.70108,4.342
3848,18.708178,7.098
3849,18.711637,3.459
3850,18.718288,6.651
3851,18.72462,6.332
3852,18.72945,4.83
3853,18.732913,3.463
3854,18.740409,7.496
3855,18.743634,3.225
3856,18.750064,6.43
3857,18.755309,5.245
3858,18.760642,5.333
3859,18.764788,4.146
3860,18.772866,8.078
3861,18.776894,4.028
3862,18.781749,4.855
3863,18.786949,5.2
3864,18.792504,5.555
3865,18.796737,4.233
3866,18.803959,7.222
3867,18.807929,3.97
3868,18.813839,5.91
3869,18.819007,5.168
3870,18.824723,5.716
3871,18.828797,4.074
3872,18.836024,7.227
3873,18.839694,3.67
3874,18.846191,6.497
3875,18.850898,4.707
3876,18.856985,6.087
3877,18.860796,3.811
3878,18.867985,7.189
3879,18.872341,4.356
3880,18.878224,5.883
3881,18.882831,4.607
3882,18.888644,5.813
3883,18.892932,4.288
3884,18.900162,7.23
3885,18.905159,4.997
3886,18.910147,4.988
3887,18.913995,3.848
3888,18.92129,7.295
3889,18.924733,3.443
3890,18.931103,6.37
3891,18.935861,4.758
3892,18.94193,6.069
3893,18.945676,3.746
3894,18.952885,7.209
3895,18.956046,3.161
3896,18.962307,6.261
3897,18.967014,4.707
3898,18.972921,5.907
3899,18.977004,4.083
3900,18.983647,6.643
3901,18.987409,3.762
3902,18.993383,5.974
3903,18.997626,4.243
3904,19.004544,6.918
3905,19.008657,4.113
3906,19.014202,5.545
3907,19.019121,4.919
3908,19.024509,5.388
3909,19.02894,4.431
3910,19.035617,6.677
3911,19.038969,3.352
3912,19.045182,6.213
3913,19.050045,4.863
3914,19.055526,5.481
3915,19.059785,4.259
3916,19.066521,6.736
3917,19.070641,4.12
3918,19.076249,5.608
3919,19.080653,4.404
3920,19.087507,6.854
3921,19.090913,3.406
3922,19.097068,6.155
3923,19.102273,5.205
3924,19.107753,5.48
3925,19.112341,4.588
3926,19.11665,4.309
3927,19.120465,3.815
3928,19.124228,3.763
3929,19.128427,4.199
3930,19.135394,6.967
3931,19.138779,3.385
3932,19.145006,6.227
3933,19.149733,4.727
3934,19.155853,6.12
3935,19.159287,3.434
3936,19.16615,6.863
3937,19.169727,3.577
3938,19.175804,6.077
3939,19.180032,4.228
3940,19.187166,7.134
3941,19.190345,3.179
3942,19.196466,6.121
3943,19.201482,5.016
3944,19.207138,5.656
3945,19.211476,4.338
3946,19.217846,6.37
3947,19.221584,3.738
3948,19.227342,5.758
3949,19.231552,4.21
3950,19.23838,6.828
3951,19.241859,3.479
3952,19.248042,6.183
3953,19.253073,5.031
3954,19.258493,5.42
3955,19.262544,4.051
3956,19.270075,7.531
3957,19.273011,2.936
3958,19.278981,5.97
3959,19.283818,4.837
3960,19.289439,5.621
3961,19.293557,4.118
3962,19.300114,6.557
3963,19.303796,3.682
3964,19.312548,8.752
3965,19.316234,3.686
3966,19.320584,4.35
3967,19.324111,3.527
3968,19.330327,6.216
3969,19.3351,4.773
3970,19.340542,5.442
3971,19.344667,4.125
3972,19.351502,6.835
3973,19.355597,4.095
3974,19.361145,5.548
3975,19.365854,4.709
3976,19.371409,5.555
3977,19.3755,4.091
3978,19.381638,6.138
3979,19.38663,4.992
3980,19.391806,5.176
3981,19.395996,4.19
3982,19.402737,6.741
3983,19.40638,3.643
3984,19.412677,6.297
3985,19.417299,4.622
3986,19.422954,5.655
3987,19.426878,3.924
3988,19.433956,7.078
3989,19.437428,3.472
3990,19.443572,6.144
3991,19.447317,3.745
3992,19.454275,6.958
3993,19.457435,3.16
3994,19.463749,6.314
3995,19.468392,4.643
3996,19.471766,3.374
3997,19.47632,4.554
3998,19.482835,6.515
3999,19.48654,3.705
4000,19.492397,5.857
4001,19.496691,4.294
4002,19.503446,6.755
4003,19.506996,3.55
4004,19.513119,6.123
4005,19.517936,4.817
4006,19.524139,6.203
4007,19.527783,3.644
4008,19.534552,6.769
4009,19.537999,3.447
4010,19.543978,5.979
4011,19.548066,4.088
4012,19.553132,5.066
4013,19.556513,3.381
4014,19.560847,4.334
4015,19.565745,4.898
4016,19.569166,3.421
4017,19.573709,4.543
4018,19.57865,4.941
4019,19.583766,5.116
4020,19.588019,4.253
4021,19.592408,4.389
4022,19.597477,5.069
4023,19.602259,4.782
4024,19.606637,4.378
4025,19.611876,5.239
4026,19.617584,5.708
4027,19.621346,3.762
4028,19.626693,5.347
4029,19.639701,13.008
4030,19.646179,6.478
4031,19.651072,4.893
4032,19.654891,3.819
4033,19.660409,5.518
4034,19.667314,6.905
4035,19.670971,3.657
4036,19.676471,5.5
4037,19.68097,4.499
4038,19.685977,5.007
4039,19.695177,9.2
4040,19.699466,4.289
4041,19.703592,4.126
4042,19.707705,4.113
4043,19.711618,3.913
4044,19.719083,7.465
4045,19.722565,3.482
4046,19.726457,3.892
4047,19.733482,7.025
4048,19.740644,7.162
4049,19.744203,3.559
4050,19.751266,7.063
4051,19.755162,3.896
4052,19.758982,3.82
4053,19.765777,6.795
4054,19.769545,3.768
4055,19.773822,4.277
4056,19.779588,5.766
4057,19.784787,5.199
4058,19.788449,3.662
4059,19.792738,4.289
4060,19.79772,4.982
4061,19.801509,3.789
4062,19.806266,4.757
4063,19.81147,5.204
4064,19.817137,5.667
4065,19.821282,4.145
4066,19.826585,5.303
4067,19.83274,6.155
4068,19.836428,3.688
4069,19.840584,4.156
4070,19.847266,6.682
4071,19.851083,3.817
4072,19.85554,4.457
4073,19.862044,6.504
4074,19.86594,3.896
4075,19.870174,4.234
4076,19.876309,6.135
4077,19.881362,5.053
4078,19.885031,3.669
4079,19.889404,4.373
4080,19.894363,4.959
4081,19.898037,3.674
4082,19.902708,4.671
4083,19.906779,4.071
4084,19.913693,6.914
4085,19.917522,3.829
4086,19.921642,4.12
4087,19.928674,7.032
4088,19.932756,4.082
4089,19.93899,6.234
4090,19.943284,4.294
4091,19.947587,4.303
4092,19.951558,3.971
4093,19.957523,5.965
4094,19.962306,4.783
4095,19.96613,3.824
4096,19.971914,5.784
4097,19.976638,4.724
4098,19.981406,4.768
4099,19.985085,3.679
4100,19.989252,4.167
4101,19.994719,5.467
4102,19.998439,3.72
4103,20.003907,5.468
4104,20.010293,6.386
4105,20.016003,5.71
4106,20.019764,3.761
4107,20.026869,7.105
4108,20.031817,4.948
4109,20.03726,5.443
4110,20.043501,6.241
4111,20.047494,3.993
4112,20.052881,5.387
4113,20.058076,5.195
4114,20.062626,4.55
4115,20.06775,5.124
4116,20.073048,5.298
4117,20.077632,4.584
4118,20.081562,3.93
4119,20.086798,5.236
4120,20.090393,3.595
4121,20.095383,4.99
4122,20.101789,6.406
4123,20.106339,4.55
4124,20.112213,5.874
4125,20.117204,4.991
4126,20.120995,3.791
4127,20.125142,4.147
4128,20.129684,4.542
4129,20.136496,6.812
4130,20.1401,3.604
4131,20.144469,4.369
4132,20.149483,5.014
4133,20.153441,3.958
4134,20.158194,4.753
4135,20.162347,4.153
4136,20.167232,4.885
4137,20.17112,3.888
4138,20.175518,4.398
4139,20.1823489999999,6.831
4140,20.1862169999999,3.868
4141,20.1905049999999,4.288
4142,20.1948099999999,4.305
4143,20.2012279999999,6.418
4144,20.2062559999999,5.028
4145,20.2096639999999,3.408
4146,20.2148039999999,5.14
4147,20.2185239999999,3.72
4148,20.2233379999999,4.814
4149,20.2289869999999,5.649
4150,20.2342139999999,5.227
4151,20.2380769999999,3.863
4152,20.2422259999999,4.149
4153,20.247204,4.978
4154,20.2528359999999,5.632
4155,20.2569249999999,4.089
4156,20.261433,4.508
4157,20.266477,5.044
4158,20.270218,3.741
4159,20.276591,6.373
4160,20.281649,5.058
4161,20.285526,3.877
4162,20.289761,4.235
4163,20.294268,4.507
4164,20.30099,6.722
4165,20.304783,3.793
4166,20.309823,5.04
4167,20.314542,4.719
4168,20.318298,3.756
4169,20.324188,5.89
4170,20.328885,4.697
4171,20.334077,5.192
4172,20.337824,3.747
4173,20.342067,4.243
4174,20.348942,6.875
4175,20.352812,3.87
4176,20.357194,4.382
4177,20.361704,4.51
4178,20.366868,5.164
4179,20.372987,6.119
4180,20.377496,4.509
4181,20.381921,4.425
4182,20.385811,3.89
4183,20.390197,4.386
4184,20.396257,6.06
4185,20.401358,5.101
4186,20.405526,4.168
4187,20.412595,7.069
4188,20.416939,4.344
4189,20.421114,4.175
4190,20.426051,4.937
4191,20.430041,3.99
4192,20.435299,5.258
4193,20.439194,3.895
4194,20.444911,5.717
4195,20.450058,5.147
4196,20.453947,3.889
4197,20.458375,4.428
4198,20.462799,4.424
4199,20.469664,6.865
4200,20.47358,3.916
4201,20.478122,4.542
4202,20.482927,4.805
4203,20.486744,3.817
4204,20.493518,6.774
4205,20.497343,3.825
4206,20.502834,5.491
4207,20.506282,3.448
4208,20.510525,4.243
4209,20.517111,6.586
4210,20.521271,4.16
4211,20.525433,4.162
4212,20.529376,3.943
4213,20.534296,4.92
4214,20.538296,4.0
4215,20.543796,5.5
4216,20.547369,3.573
4217,20.550955,3.586
4218,20.555328,4.373
4219,20.561429,6.101
4220,20.566337,4.908
4221,20.570135,3.798
4222,20.574422,4.287
4223,20.579553,5.131
4224,20.584783,5.23
4225,20.589343,4.56
4226,20.593515,4.172
4227,20.598551,5.036
4228,20.602154,3.603
4229,20.606778,4.624
4230,20.611388,4.61
4231,20.614845,3.457
4232,20.621141,6.296
4233,20.634054,12.913
4234,20.639324,5.27
4235,20.644749,5.425
4236,20.653906,9.157
4237,20.658019,4.113
4238,20.662543,4.524
4239,20.66791,5.367
4240,20.672828,4.918
4241,20.679551,6.723
4242,20.684659,5.108
4243,20.692288,7.629
4244,20.701436,9.148
4245,20.708542,7.106
4246,20.713157,4.615
4247,20.720044,6.887
4248,20.7252,5.156
4249,20.729899,4.699
4250,20.734271,4.372
4251,20.739023,4.752
4252,20.742567,3.544
4253,20.746809,4.242
4254,20.753542,6.733
4255,20.757138,3.596
4256,20.761307,4.169
4257,20.767046,5.739
4258,20.771444,4.398
4259,20.777123,5.679
4260,20.782183,5.06
4261,20.787337,5.154
4262,20.789967,2.63
4263,20.79509,5.123
4264,20.800386,5.296
4265,20.804576,4.19
4266,20.809591,5.015
4267,20.813085,3.494
4268,20.817606,4.521
4269,20.82525,7.644
4270,20.828997,3.747
4271,20.834537,5.54
4272,20.838766,4.229
4273,20.843679,4.913
4274,20.847304,3.625
4275,20.852533,5.229
4276,20.85654,4.007
4277,20.860871,4.331
4278,20.864544,3.673
4279,20.868997,4.453
4280,20.87414,5.143
4281,20.879467,5.327
4282,20.883749,4.282
4283,20.888514,4.765
4284,20.892939,4.425
4285,20.896702,3.763
4286,20.902709,6.007
4287,20.907202,4.493
4288,20.911906,4.704
4289,20.915761,3.855
4290,20.92047,4.709
4291,20.92756,7.09
4292,20.931465,3.905
4293,20.935223,3.758
4294,20.939214,3.991
4295,20.944113,4.899
4296,20.949765,5.652
4297,20.953935,4.17
4298,20.958486,4.551
4299,20.963503,5.017
4300,20.967135,3.632
4301,20.971554,4.419
4302,20.976542,4.988
4303,20.980284,3.742
4304,20.98539,5.106
4305,20.989068,3.678
4306,20.99616,7.092
4307,20.999606,3.446
4308,21.003929,4.323
4309,21.00829,4.361
4310,21.013167,4.877
4311,21.018887,5.72
4312,21.023105,4.218
4313,21.028008,4.903
4314,21.031993,3.985
4315,21.037082,5.089
4316,21.042223,5.141
4317,21.047113,4.89
4318,21.051112,3.999
4319,21.055312,4.2
4320,21.059758,4.446
4321,21.06634,6.582
4322,21.070181,3.841
4323,21.07441,4.229
4324,21.079302,4.892
4325,21.083013,3.711
4326,21.087528,4.515
4327,21.091864,4.336
4328,21.096837,4.973
4329,21.100669,3.832
4330,21.105151,4.482
4331,21.111282,6.131
4332,21.115931,4.649
4333,21.119728,3.797
4334,21.123972,4.244
4335,21.129728,5.756
4336,21.136009,6.281
4337,21.138867,2.858
4338,21.142698,3.831
4339,21.147827,5.129
4340,21.151573,3.746
4341,21.155754,4.181
4342,21.159784,4.03
4343,21.165198,5.414
4344,21.168543,3.345
4345,21.172903,4.36
4346,21.179523,6.62
4347,21.183231,3.708
4348,21.187357,4.126
4349,21.191688,4.331
4350,21.196557,4.869
4351,21.20222,5.663
4352,21.206879,4.659
4353,21.211111,4.232
4354,21.215778,4.667
4355,21.220176,4.398
4356,21.225538,5.362
4357,21.230529,4.991
4358,21.234436,3.907
4359,21.238657,4.221
4360,21.242992,4.335
4361,21.24996,6.968
4362,21.253835,3.875
4363,21.257849,4.014
4364,21.262378,4.529
4365,21.268088,5.71
4366,21.273257,5.169
4367,21.277704,4.447
4368,21.28286,5.156
4369,21.286999,4.139
4370,21.290794,3.795
4371,21.296834,6.04
4372,21.302763,5.929
4373,21.307107,4.344
4374,21.31078,3.673
4375,21.314681,3.901
4376,21.320103,5.422
4377,21.323316,3.213
4378,21.327773,4.457
4379,21.333142,5.369
4380,21.337544,4.402
4381,21.343133,5.589
4382,21.347462,4.329
4383,21.35262,5.158
4384,21.356085,3.465
4385,21.360453,4.368
4386,21.36718,6.727
4387,21.371346,4.166
4388,21.375305,3.959
4389,21.379611,4.306
4390,21.38552,5.909
4391,21.390298,4.778
4392,21.39445,4.152
4393,21.399436,4.986
4394,21.404478,5.042
4395,21.40918,4.702
4396,21.413808,4.628
4397,21.41909,5.282
4398,21.423555,4.465
4399,21.426879,3.324
4400,21.430823,3.944
4401,21.43778,6.957
4402,21.441087,3.307
4403,21.444853,3.766
4404,21.450111,5.258
4405,21.454453,4.342
4406,21.460147,5.694
4407,21.464159,4.012
4408,21.468965,4.806
4409,21.472568,3.603
4410,21.476627,4.059
4411,21.483126,6.499
4412,21.48659,3.464
4413,21.490999,4.409
4414,21.495109,4.11
4415,21.501071,5.962
4416,21.506323,5.252
4417,21.51073,4.407
4418,21.516461,5.731
4419,21.523703,7.242
4420,21.530193,6.49
4421,21.533517,3.324
4422,21.53811,4.593
4423,21.541796,3.686
4424,21.54596,4.164
4425,21.55117,5.21
4426,21.554879,3.709
4427,21.558983,4.104
4428,21.56305,4.067
4429,21.568416,5.366
4430,21.571965,3.549
4431,21.576386,4.421
4432,21.580446,4.06
4433,21.585308,4.862
4434,21.58891,3.602
4435,21.593278,4.368
4436,21.598315,5.037
4437,21.601684,3.369
4438,21.606024,4.34
4439,21.610593,4.569
4440,21.615292,4.699
4441,21.61971,4.418
4442,21.625782,6.072
4443,21.629447,3.665
4444,21.633848,4.401
4445,21.646475,12.627
4446,21.650504,4.029
4447,21.659229,8.725
4448,21.662775,3.546
4449,21.667179,4.404
4450,21.673373,6.194
4451,21.678527,5.154
4452,21.682109,3.582
4453,21.686135,4.026
4454,21.690999,4.864
4455,21.69467,3.671
4456,21.699281,4.611
4457,21.703331,4.05
4458,21.709077,5.746
4459,21.712882,3.805
4460,21.7176,4.718
4461,21.723237,5.637
4462,21.726692,3.455
4463,21.730347,3.655
4464,21.735078,4.731
4465,21.739947,4.869
4466,21.743519,3.572
4467,21.748058,4.539
4468,21.753041,4.983
4469,21.756642,3.601
4470,21.760862,4.22
4471,21.765207,4.345
4472,21.77029,5.083
4473,21.774634,4.344
4474,21.778982,4.348
4475,21.783993,5.011
4476,21.787417,3.424
4477,21.791933,4.516
4478,21.796217,4.284
4479,21.801471,5.254
4480,21.804873,3.402
4481,21.809271,4.398
4482,21.814486,5.215
4483,21.818687,4.201
4484,21.823068,4.381
4485,21.82782,4.752
4486,21.83157,3.75
4487,21.835403,3.833
4488,21.84076,5.357
4489,21.84518,4.42
4490,21.851996,6.816
4491,21.85523,3.234
4492,21.859029,3.799
4493,21.863149,4.12
4494,21.86845,5.301
4495,21.872715,4.265
4496,21.877285,4.57
4497,21.882532,5.247
4498,21.893448,10.916
4499,21.897455,4.007
4500,21.902827,5.372
4501,21.909405,6.578
4502,21.914025,4.62
4503,21.919801,5.776
4504,21.925629,5.828
4505,21.933293,7.664
4506,21.937445,4.152
4507,21.942229,4.784
4508,21.945382,3.153
4509,21.949854,4.472
4510,21.953899,4.045
4511,21.958878,4.979
4512,21.962349,3.471
4513,21.9669,4.551
4514,21.971817,4.917
4515,21.975311,3.494
4516,21.979487,4.176
4517,21.984358,4.871
4518,21.988241,3.883
4519,21.992941,4.7
4520,21.99691,3.969
4521,22.001593,4.683
4522,22.005332,3.739
4523,22.009909,4.577
4524,22.014804,4.895
4525,22.019128,4.324
4526,22.024842,5.714
4527,22.028792,3.95
4528,22.033739,4.947
4529,22.038445,4.706
4530,22.043975,5.53
4531,22.049274,5.299
4532,22.053057,3.783
4533,22.056642,3.585
4534,22.060468,3.826
4535,22.065261,4.793
4536,22.069162,3.901
4537,22.074311,5.149
4538,22.07903,4.719
4539,22.082921,3.891
4540,22.086792,3.871
4541,22.091703,4.911
4542,22.096524,4.821
4543,22.100184,3.66
4544,22.105362,5.178
4545,22.109997,4.635
4546,22.113081,3.084
4547,22.117554,4.473
4548,22.121841,4.287
4549,22.126971,5.13
4550,22.130576,3.605
4551,22.13475,4.174
4552,22.142459,7.709
4553,22.148425,5.966
4554,22.153581,5.156
4555,22.158259,4.678
4556,22.164071,5.812
4557,22.170631,6.56
4558,22.174496,3.865
4559,22.178358,3.862
4560,22.182408,4.05
4561,22.186445,4.037
4562,22.190754,4.309
4563,22.195451,4.697
4564,22.201056,5.605
4565,22.205891,4.835
4566,22.211857,5.966
4567,22.215339,3.482
4568,22.21959,4.251
4569,22.223593,4.003
4570,22.228482,4.889
4571,22.232078,3.596
4572,22.238261,6.183
4573,22.242985,4.724
4574,22.246485,3.5
4575,22.252614,6.129
4576,22.256943,4.329
4577,22.262054,5.111
4578,22.265391,3.337
4579,22.270336,4.945
4580,22.275105,4.769
4581,22.27816,3.055
4582,22.282579,4.419
4583,22.287133,4.554
4584,22.293542,6.409
4585,22.297259,3.717
4586,22.303603,6.344
4587,22.309397,5.794
4588,22.312027,2.63
4589,22.315918,3.891
4590,22.320143,4.225
4591,22.325264,5.121
4592,22.328788,3.524
4593,22.335077,6.289
4594,22.339537,4.46
4595,22.345693,6.156
4596,22.349448,3.755
4597,22.353545,4.097
4598,22.358419,4.874
4599,22.362041,3.622
4600,22.366327,4.286
4601,22.372208,5.881
4602,22.375994,3.786
4603,22.379458,3.464
4604,22.385615,6.157
4605,22.389717,4.102
4606,22.396538,6.821
4607,22.40131,4.772
4608,22.406146,4.836
4609,22.411733,5.587
4610,22.415398,3.665
4611,22.419628,4.23
4612,22.423801,4.173
4613,22.430535,6.734
4614,22.434425,3.89
4615,22.44069,6.265
4616,22.444379,3.689
4617,22.449472,5.093
4618,22.454153,4.681
4619,22.459371,5.218
4620,22.464272,4.901
4621,22.468035,3.763
4622,22.472742,4.707
4623,22.476595,3.853
4624,22.484034,7.439
4625,22.488706,4.672
4626,22.493079,4.373
4627,22.497468,4.389
4628,22.502641,5.173
4629,22.505929,3.288
4630,22.510207,4.278
4631,22.515593,5.386
4632,22.520014,4.421
4633,22.525117,5.103
4634,22.529041,3.924
4635,22.535822,6.781
4636,22.539561,3.739
4637,22.543878,4.317
4638,22.549534,5.656
4639,22.555767,6.233
4640,22.559356,3.589
4641,22.563518,4.162
4642,22.569377,5.859
4643,22.573326,3.949
4644,22.576612,3.286
4645,22.580698,4.086
4646,22.585887,5.189
4647,22.589779,3.892
4648,22.593742,3.963
4649,22.598683,4.941
4650,22.603359,4.676
4651,22.607248,3.889
4652,22.611239,3.991
4653,22.616115,4.876
4654,22.619992,3.877
4655,22.62456,4.568
4656,22.628669,4.109
4657,22.633482,4.813
4658,22.64364,10.158
4659,22.657733,14.093
4660,22.661351,3.618
4661,22.665907,4.556
4662,22.671027,5.12
4663,22.674687,3.66
4664,22.67872,4.033
4665,22.68383,5.11
4666,22.687508,3.678
4667,22.692165,4.657
4668,22.696788,4.623
4669,22.700501,3.713
4670,22.706117,5.616
4671,22.710914,4.797
4672,22.714732,3.818
4673,22.71916,4.428
4674,22.72577,6.61
4675,22.729247,3.477
4676,22.73309,3.843
4677,22.738024,4.934
4678,22.742199,4.175
4679,22.745917,3.718
4680,22.750419,4.502
4681,22.756232,5.813
4682,22.761163,4.931
4683,22.764727,3.564
4684,22.769606,4.879
4685,22.775691,6.085
4686,22.779254,3.563
4687,22.78383,4.576
4688,22.788116,4.286
4689,22.793202,5.086
4690,22.796722,3.52
4691,22.80156,4.838
4692,22.807448,5.888
4693,22.812364,4.916
4694,22.816293,3.929
4695,22.8215,5.207
4696,22.82626,4.76
4697,22.829894,3.634
4698,22.836307,6.413
4699,22.840471,4.164
4700,22.844902,4.431
4701,22.848062,3.16
4702,22.852418,4.356
4703,22.857033,4.615
4704,22.861968,4.935
4705,22.865678,3.71
4706,22.870661,4.983
4707,22.876646,5.985
4708,22.880241,3.595
4709,22.884732,4.491
4710,22.890146,5.414
4711,22.895509,5.363
4712,22.899003,3.494
4713,22.904437,5.434
4714,22.909617,5.18
4715,22.913893,4.276
4716,22.918059,4.166
4717,22.922161,4.102
4718,22.927322,5.161
4719,22.930973,3.651
4720,22.935903,4.93
4721,22.942262,6.359
4722,22.947299,5.037
4723,22.950876,3.577
4724,22.955433,4.557
4725,22.95967,4.237
4726,22.964866,5.196
4727,22.969395,4.529
4728,22.975395,6.0
4729,22.980265,4.87
4730,22.984009,3.744
4731,22.988297,4.288
4732,22.992662,4.365
4733,22.99783,5.168
4734,23.002111,4.281
4735,23.008601,6.49
4736,23.012189,3.588
4737,23.017471,5.282
4738,23.020873,3.402
4739,23.025457,4.584
4740,23.031307,5.85
4741,23.036293,4.986
4742,23.039702,3.409
4743,23.044196,4.494
4744,23.049509,5.313
4745,23.052506,2.997
4746,23.058778,6.272
4747,23.062776,3.998
4748,23.067619,4.843
4749,23.071602,3.983
4750,23.076225,4.623
4751,23.081388,5.163
4752,23.084862,3.474
4753,23.090798,5.936
4754,23.094901,4.103
4755,23.100473,5.572
4756,23.104516,4.043
4757,23.109382,4.866
4758,23.113575,4.193
4759,23.118675,5.1
4760,23.122421,3.746
4761,23.126708,4.287
4762,23.131678,4.97
4763,23.135451,3.773
4764,23.140444,4.993
4765,23.144776,4.332
4766,23.149973,5.197
4767,23.153459,3.486
4768,23.15819,4.731
4769,23.162441,4.251
4770,23.167447,5.006
4771,23.171698,4.251
4772,23.175731,4.033
4773,23.180565,4.834
4774,23.183933,3.368
4775,23.188427,4.494
4776,23.193061,4.634
4777,23.197711,4.65
4778,23.201069,3.358
4779,23.207418,6.349
4780,23.211598,4.18
4781,23.216485,4.887
4782,23.22062,4.135
4783,23.22517,4.55
4784,23.229416,4.246
4785,23.233125,3.709
4786,23.237823,4.698
4787,23.241863,4.04
4788,23.246629,4.766
4789,23.250018,3.389
4790,23.256044,6.026
4791,23.260063,4.019
4792,23.264877,4.814
4793,23.268527,3.65
4794,23.273454,4.927
4795,23.278114,4.66
4796,23.281586,3.472
4797,23.285817,4.231
4798,23.290191,4.374
4799,23.294943,4.752
4800,23.298467,3.524
4801,23.302674,4.207
4802,23.307417,4.743
4803,23.311775,4.358
4804,23.315827,4.052
4805,23.320158,4.331
4806,23.325965,5.807
4807,23.329224,3.259
4808,23.333536,4.312
4809,23.337606,4.07
4810,23.342633,5.027
4811,23.346134,3.501
4812,23.350111,3.977
4813,23.356094,5.983
4814,23.360877,4.783
4815,23.36448,3.603
4816,23.368943,4.463
4817,23.374965,6.022
4818,23.378069,3.104
4819,23.382607,4.538
4820,23.386597,3.99
4821,23.391816,5.219
4822,23.395492,3.676
4823,23.39966,4.168
4824,23.404959,5.299
4825,23.410037,5.078
4826,23.413354,3.317
4827,23.417578,4.224
4828,23.422187,4.609
4829,23.426752,4.565
4830,23.430082,3.33
4831,23.434317,4.235
4832,23.440287,5.97
4833,23.445228,4.941
4834,23.449832,4.604
4835,23.453637,3.805
4836,23.459028,5.391
4837,23.463711,4.683
4838,23.468073,4.362
4839,23.473255,5.182
4840,23.47866,5.405
4841,23.482761,4.101
4842,23.485916,3.155
4843,23.489398,3.482
4844,23.493563,4.165
4845,23.498544,4.981
4846,23.502219,3.675
4847,23.508174,5.955
4848,23.51236,4.186
4849,23.516849,4.489
4850,23.520903,4.054
4851,23.525046,4.143
4852,23.529207,4.161
4853,23.53458,5.373
4854,23.53956,4.98
4855,23.543511,3.951
4856,23.547774,4.263
4857,23.552292,4.518
4858,23.55611,3.818
4859,23.560616,4.506
4860,23.564485,3.869
4861,23.569051,4.566
4862,23.575373,6.322
4863,23.579658,4.285
4864,23.58415,4.492
4865,23.587949,3.799
4866,23.593049,5.1
4867,23.596944,3.895
4868,23.601419,4.475
4869,23.607804,6.385
4870,23.611813,4.009
4871,23.61685,5.037
4872,23.622352,5.502
4873,23.626756,4.404
4874,23.630771,4.015
4875,23.634333,3.562
4876,23.639432,5.099
4877,23.643507,4.075
4878,23.658735,15.228
4879,23.662203,3.468
4880,23.671856,9.653
4881,23.676577,4.721
4882,23.679868,3.291
4883,23.685894,6.026
4884,23.690525,4.631
4885,23.694091,3.566
4886,23.698054,3.963
4887,23.702989,4.935
4888,23.7066,3.611
4889,23.710684,4.084
4890,23.719281,8.597
4891,23.723267,3.986
4892,23.726895,3.628
4893,23.731134,4.239
4894,23.735568,4.434
4895,23.739122,3.554
4896,23.743311,4.189
4897,23.748324,5.013
4898,23.751716,3.392
4899,23.756812,5.096
4900,23.761591,4.779
4901,23.765211,3.62
4902,23.769459,4.248
4903,23.774283,4.824
4904,23.77906,4.777
4905,23.782608,3.548
4906,23.786864,4.256
4907,23.792295,5.431
4908,23.79583,3.535
4909,23.799858,4.028
4910,23.80425,4.392
4911,23.809447,5.197
4912,23.813094,3.647
4913,23.817206,4.112
4914,23.824146,6.94
4915,23.827699,3.553
4916,23.831991,4.292
4917,23.837275,5.284
4918,23.842385,5.11
4919,23.845336,2.951
4920,23.849708,4.372
4921,23.854398,4.69
4922,23.859015,4.617
4923,23.862378,3.363
4924,23.866559,4.181
4925,23.872314,5.755
4926,23.877075,4.761
4927,23.880907,3.832
4928,23.884922,4.015
4929,23.889752,4.83
4930,23.894619,4.867
4931,23.898227,3.608
4932,23.902468,4.241
4933,23.906961,4.493
4934,23.911671,4.71
4935,23.915449,3.778
4936,23.920022,4.573
4937,23.924419,4.397
4938,23.929354,4.935
4939,23.932889,3.535
4940,23.939283,6.394
4941,23.943139,3.856
4942,23.948254,5.115
4943,23.951886,3.632
4944,23.956387,4.501
4945,23.960798,4.411
4946,23.965875,5.077
4947,23.969347,3.472
4948,23.974068,4.721
4949,23.978355,4.287
4950,23.983564,5.209
4951,23.987241,3.677
4952,23.991639,4.398
4953,23.995782,4.143
4954,24.001046,5.264
4955,24.004974,3.928
4956,24.009063,4.089
4957,24.013366,4.303
4958,24.018038,4.672
4959,24.024441,6.403
4960,24.028011,3.57
4961,24.034914,6.903
4962,24.038942,4.028
4963,24.042739,3.797
4964,24.046991,4.252
4965,24.052171,5.18
4966,24.057019,4.848
4967,24.060978,3.959
4968,24.065492,4.514
4969,24.07018,4.688
4970,24.07502,4.84
4971,24.079212,4.192
4972,24.084413,5.201
4973,24.088968,4.555
4974,24.093284,4.316
4975,24.097491,4.207
4976,24.103054,5.563
4977,24.107028,3.974
4978,24.110594,3.566
4979,24.115149,4.555
4980,24.120054,4.905
4981,24.124796,4.742
4982,24.129102,4.306
4983,24.134137,5.035
4984,24.137854,3.717
4985,24.143104,5.25
4986,24.148053,4.949
4987,24.152605,4.552
4988,24.156284,3.679
4989,24.160744,4.46
4990,24.165181,4.437
4991,24.17005,4.869
4992,24.17539,5.34
4993,24.179895,4.505
4994,24.185573,5.678
4995,24.189275,3.702
4996,24.19371,4.435
4997,24.197968,4.258
4998,24.20394,5.972
4999,24.207476,3.536
5000,24.21211,4.634
5001,24.216621,4.511
5002,24.221578,4.957
5003,24.225126,3.548
5004,24.229538,4.412
5005,24.234684,5.146
5006,24.238876,4.192
5007,24.243279,4.403
5008,24.247467,4.188
5009,24.252457,4.99
5010,24.256203,3.746
5011,24.260547,4.344
5012,24.265532,4.985
5013,24.269932,4.4
5014,24.273639,3.707
5015,24.277825,4.186
5016,24.282972,5.147
5017,24.286417,3.445
5018,24.290752,4.335
5019,24.294806,4.054
5020,24.300016,5.21
5021,24.304278,4.262
5022,24.30849,4.212
5023,24.311808,3.318
5024,24.316574,4.766
5025,24.322123,5.549
5026,24.326319,4.196
5027,24.330461,4.142
5028,24.335169,4.708
5029,24.340368,5.199
5030,24.344816,4.448
5031,24.34948,4.664
5032,24.353068,3.588
5033,24.357834,4.766
5034,24.361885,4.051
5035,24.366868,4.983
5036,24.372818,5.95
5037,24.376958,4.14
5038,24.381033,4.075
5039,24.385916,4.883
5040,24.390099,4.183
5041,24.394288,4.189
5042,24.398488,4.2
5043,24.404815,6.327
5044,24.408392,3.577
5045,24.411818,3.426
5046,24.417686,5.868
5047,24.421683,3.997
5048,24.425839,4.156
5049,24.430136,4.297
5050,24.435098,4.962
5051,24.440006,4.908
5052,24.444006,4.0
5053,24.44826,4.254
5054,24.453023,4.763
5055,24.458104,5.081
5056,24.462338,4.234
5057,24.467511,5.173
5058,24.472058,4.547
5059,24.476224,4.166
5060,24.480418,4.194
5061,24.486069,5.651
5062,24.489026,2.957
5063,24.493238,4.212
5064,24.497507,4.269
5065,24.502205,4.698
5066,24.507936,5.731
5067,24.512117,4.181
5068,24.517139,5.022
5069,24.521372,4.233
5070,24.52619,4.818
5071,24.530292,4.102
5072,24.534962,4.67
5073,24.541014,6.052
5074,24.545107,4.093
5075,24.549414,4.307
5076,24.554051,4.637
5077,24.55924,5.189
5078,24.563721,4.481
5079,24.568666,4.945
5080,24.572961,4.295
5081,24.57711,4.149
5082,24.58132,4.21
5083,24.586665,5.345
5084,24.589977,3.312
5085,24.594184,4.207
5086,24.598429,4.245
5087,24.60327,4.841
5088,24.609075,5.805
5089,24.613411,4.336
5090,24.619269,5.858
5091,24.624062,4.793
5092,24.628713,4.651
5093,24.63173,3.017
5094,24.63635,4.62
5095,24.640083,3.733
5096,24.644156,4.073
5097,24.65496,10.804
5098,24.670832,15.872
5099,24.675173,4.341
5100,24.678326,3.153
5101,24.683448,5.122
5102,24.68718,3.732
5103,24.692081,4.901
5104,24.695164,3.083
5105,24.702657,7.493
5106,24.7066,3.943
5107,24.711252,4.652
5108,24.714751,3.499
5109,24.719638,4.887
5110,24.723586,3.948
5111,24.727794,4.208
5112,24.731473,3.679
5113,24.735748,4.275
5114,24.740759,5.011
5115,24.744536,3.777
5116,24.748635,4.099
5117,24.755896,7.261
5118,24.759567,3.671
5119,24.763006,3.439
5120,24.767163,4.157
5121,24.772341,5.178
5122,24.777471,5.13
5123,24.780462,2.991
5124,24.784562,4.1
5125,24.78975,5.188
5126,24.79419,4.44
5127,24.797881,3.691
5128,24.80185,3.969
5129,24.806898,5.048
5130,24.811723,4.825
5131,24.81502,3.297
5132,24.821208,6.188
5133,24.825245,4.037
5134,24.829445,4.2
5135,24.832871,3.426
5136,24.837315,4.444
5137,24.841378,4.063
5138,24.846374,4.996
5139,24.849322,2.948
5140,24.856942,7.62
5141,24.860773,3.831
5142,24.86574,4.967
5143,24.869061,3.321
5144,24.873427,4.366
5145,24.877537,4.11
5146,24.88214,4.603
5147,24.88949,7.35
5148,24.893428,3.938
5149,24.897414,3.986
5150,24.902414,5.0
5151,24.905928,3.514
5152,24.909995,4.067
5153,24.914047,4.052
5154,24.920084,6.037
5155,24.924492,4.408
5156,24.927247,2.755
5157,24.931658,4.411
5158,24.936253,4.595
5159,24.939655,3.402
5160,24.943821,4.166
5161,24.948283,4.462
5162,24.954034,5.751
5163,24.957779,3.745
5164,24.961729,3.95
5165,24.967758,6.029
5166,24.971611,3.853
5167,24.976107,4.496
5168,24.980528,4.421
5169,24.984793,4.265
5170,24.98816,3.367
5171,24.992371,4.211
5172,24.996689,4.318
5173,25.002004,5.315
5174,25.004933,2.929
5175,25.008691,3.758
5176,25.012881,4.19
5177,25.017984,5.103
5178,25.020949,2.965
5179,25.024971,4.022
5180,25.029251,4.28
5181,25.033903,4.652
5182,25.037393,3.49
5183,25.041315,3.922
5184,25.046045,4.73
5185,25.051483,5.438
5186,25.060218,8.735
5187,25.064965,4.747
5188,25.068956,3.991
5189,25.07238,3.424
5190,25.076699,4.319
5191,25.081013,4.314
5192,25.085513,4.5
5193,25.090732,5.219
5194,25.096841,6.109
5195,25.100637,3.796
5196,25.105179,4.542
5197,25.108908,3.729
5198,25.113635,4.727
5199,25.118421,4.786
5200,25.124417,5.996
5201,25.12973,5.313
5202,25.132865,3.135
5203,25.137262,4.397
5204,25.14097,3.708
5205,25.145047,4.077
5206,25.149112,4.065
5207,25.154084,4.972
5208,25.159751,5.667
5209,25.163921,4.17
5210,25.168424,4.503
5211,25.174519,6.095
5212,25.178651,4.132
5213,25.182751,4.1
5214,25.188088,5.337
5215,25.191534,3.446
5216,25.195819,4.285
5217,25.199741,3.922
5218,25.20771,7.969
5219,25.211232,3.522
5220,25.215293,4.061
5221,25.220303,5.01
5222,25.224081,3.778
5223,25.228084,4.003
5224,25.23225,4.166
5225,25.240326,8.076
5226,25.242695,2.369
5227,25.246962,4.267
5228,25.251354,4.392
5229,25.25668,5.326
5230,25.259907,3.227
5231,25.26416,4.253
5232,25.268798,4.638
5233,25.274024,5.226
5234,25.278286,4.262
5235,25.28329,5.004
5236,25.288772,5.482
5237,25.292236,3.464
5238,25.296448,4.212
5239,25.300432,3.984
5240,25.30561,5.178
5241,25.309032,3.422
5242,25.31354,4.508
5243,25.317997,4.457
5244,25.323872,5.875
5245,25.327778,3.906
5246,25.332177,4.399
5247,25.337508,5.331
5248,25.340965,3.457
5249,25.344913,3.948
5250,25.348892,3.979
5251,25.355958,7.066
5252,25.359424,3.466
5253,25.363595,4.171
5254,25.368379,4.784
5255,25.373242,4.863
5256,25.377288,4.046
5257,25.381474,4.186
5258,25.386441,4.967
5259,25.391219,4.778
5260,25.395231,4.012
5261,25.399414,4.183
5262,25.404508,5.094
5263,25.408307,3.799
5264,25.412618,4.311
5265,25.417414,4.796
5266,25.423323,5.909
5267,25.42771,4.387
5268,25.432064,4.354
5269,25.437175,5.111
5270,25.44137,4.195
5271,25.445666,4.296
5272,25.449688,4.022
5273,25.457252,7.564
5274,25.461042,3.79
5275,25.465121,4.079
5276,25.470322,5.201
5277,25.474009,3.687
5278,25.4783,4.291
5279,25.482502,4.202
5280,25.49021,7.708
5281,25.493866,3.656
5282,25.498152,4.286
5283,25.502841,4.689
5284,25.508037,5.196
5285,25.511475,3.438
5286,25.51564,4.165
5287,25.520869,5.229
5288,25.524701,3.832
5289,25.529104,4.403
5290,25.533133,4.029
5291,25.541308,8.175
5292,25.544997,3.689
5293,25.549076,4.079
5294,25.553593,4.517
5295,25.558508,4.915
5296,25.562363,3.855
5297,25.56652,4.157
5298,25.573561,7.041
5299,25.577409,3.848
5300,25.581628,4.219
5301,25.5859,4.272
5302,25.590796,4.896
5303,25.594502,3.706
5304,25.599277,4.775
5305,25.605386,6.109
5306,25.610522,5.136
5307,25.614813,4.291
5308,25.618438,3.625
5309,25.623317,4.879
5310,25.628502,5.185
5311,25.63351,5.008
5312,25.637532,4.022
5313,25.641904,4.372
5314,25.645694,3.79
5315,25.650114,4.42
5316,25.654257,4.143
5317,25.669605,15.348
5318,25.674745,5.14
5319,25.678552,3.807
5320,25.685875,7.323
5321,25.689641,3.766
5322,25.694936,5.295
5323,25.698442,3.506
5324,25.703019,4.577
5325,25.707727,4.708
5326,25.711375,3.648
5327,25.715933,4.558
5328,25.722642,6.709
5329,25.727003,4.361
5330,25.731737,4.734
5331,25.736847,5.11
5332,25.740226,3.379
5333,25.74584,5.614
5334,25.753034,7.194
5335,25.756588,3.554
5336,25.76155,4.962
5337,25.765475,3.925
5338,25.769399,3.924
5339,25.772604,3.205
5340,25.777663,5.059
5341,25.782254,4.591
5342,25.785815,3.561
5343,25.789636,3.821
5344,25.794331,4.695
5345,25.799398,5.067
5346,25.804966,5.568
5347,25.809334,4.368
5348,25.812751,3.417
5349,25.820623,7.872
5350,25.825078,4.455
5351,25.829127,4.049
5352,25.832736,3.609
5353,25.836572,3.836
5354,25.84068,4.108
5355,25.847407,6.727
5356,25.850499,3.092
5357,25.854738,4.239
5358,25.85957,4.832
5359,25.862748,3.178
5360,25.867249,4.501
5361,25.870981,3.732
5362,25.875937,4.956
5363,25.879101,3.164
5364,25.884598,5.497
5365,25.887994,3.396
5366,25.892664,4.67
5367,25.896217,3.553
5368,25.902178,5.961
5369,25.905562,3.384
5370,25.912289,6.727
5371,25.91553,3.241
5372,25.920098,4.568
5373,25.923863,3.765
5374,25.928379,4.516
5375,25.933807,5.428
5376,25.936872,3.065
5377,25.940979,4.107
5378,25.945597,4.618
5379,25.94883,3.233
5380,25.955285,6.455
5381,25.958869,3.584
5382,25.963837,4.968
5383,25.966969,3.132
5384,25.972715,5.746
5385,25.97876,6.045
5386,25.983267,4.507
5387,25.987561,4.294
5388,25.991479,3.918
5389,25.995539,4.06
5390,26.000014,4.475
5391,26.005346,5.332
5392,26.009481,4.135
5393,26.013415,3.934
5394,26.020234,6.819
5395,26.024447,4.213
5396,26.028288,3.841
5397,26.033553,5.265
5398,26.036923,3.37
5399,26.040857,3.934
5400,26.047364,6.507
5401,26.051766,4.402
5402,26.054934,3.168
5403,26.059155,4.221
5404,26.064249,5.094
5405,26.068238,3.989
5406,26.071529,3.291
5407,26.075784,4.255
5408,26.081607,5.823
5409,26.085583,3.976
5410,26.090997,5.414
5411,26.095208,4.211
5412,26.100335,5.127
5413,26.103652,3.317
5414,26.107721,4.069
5415,26.11393,6.209
5416,26.119207,5.277
5417,26.122488,3.281
5418,26.126239,3.751
5419,26.130255,4.016
5420,26.135143,4.888
5421,26.138519,3.376
5422,26.142734,4.215
5423,26.147142,4.408
5424,26.154209,7.067
5425,26.158244,4.035
5426,26.162051,3.807
5427,26.166731,4.68
5428,26.170167,3.436
5429,26.174332,4.165
5430,26.180689,6.357
5431,26.18661,5.921
5432,26.18929,2.68
5433,26.193143,3.853
5434,26.197323,4.18
5435,26.203326,6.003
5436,26.206335,3.009
5437,26.210702,4.367
5438,26.2147,3.998
5439,26.221951,7.251
5440,26.226594,4.643
5441,26.230618,4.024
5442,26.23544,4.822
5443,26.239088,3.648
5444,26.243332,4.244
5445,26.250393,7.061
5446,26.255471,5.078
5447,26.26035,4.879
5448,26.264884,4.534
5449,26.269139,4.255
5450,26.275752,6.613
5451,26.279242,3.49
5452,26.283997,4.755
5453,26.288617,4.62
5454,26.291941,3.324
5455,26.298398,6.457
5456,26.302574,4.176
5457,26.307487,4.913
5458,26.310873,3.386
5459,26.317747,6.874
5460,26.324446,6.699
5461,26.327192,2.746
5462,26.331457,4.265
5463,26.335947,4.49
5464,26.340654,4.707
5465,26.346058,5.404
5466,26.350454,4.396
5467,26.35531,4.856
5468,26.358883,3.573
5469,26.363004,4.121
5470,26.368318,5.314
5471,26.372465,4.147
5472,26.376311,3.846
5473,26.380282,3.971
5474,26.386172,5.89
5475,26.391511,5.339
5476,26.395669,4.158
5477,26.400494,4.825
5478,26.405126,4.632
5479,26.408305,3.179
5480,26.414566,6.261
5481,26.419976,5.41
5482,26.422625,2.649
5483,26.426867,4.242
5484,26.430915,4.048
5485,26.43768,6.765
5486,26.44102,3.34
5487,26.444428,3.408
5488,26.449364,4.936
5489,26.454183,4.819
5490,26.457546,3.363
5491,26.462163,4.617
5492,26.467216,5.053
5493,26.473709,6.493
5494,26.477845,4.136
5495,26.482622,4.777
5496,26.487188,4.566
5497,26.493116,5.928
5498,26.497083,3.967
5499,26.503955,6.872
5500,26.508576,4.621
5501,26.512578,4.002
5502,26.517517,4.939
5503,26.521096,3.579
5504,26.524973,3.877
5505,26.529195,4.222
5506,26.534055,4.86
5507,26.54061,6.555
5508,26.543923,3.313
5509,26.548462,4.539
5510,26.554202,5.74
5511,26.556884,2.682
5512,26.561007,4.123
5513,26.565945,4.938
5514,26.573087,7.142
5515,26.577148,4.061
5516,26.581441,4.293
5517,26.587912,6.471
5518,26.591541,3.629
5519,26.595772,4.231
5520,26.605913,10.141
5521,26.608525,2.612
5522,26.612434,3.909
5523,26.61685,4.416
5524,26.621673,4.823
5525,26.625021,3.348
5526,26.629159,4.138
5527,26.635897,6.738
5528,26.642813,6.916
5529,26.646185,3.372
5530,26.650535,4.35
5531,26.655291,4.756
5532,26.658987,3.696
5533,26.672406,13.419
5534,26.681223,8.817
5535,26.685779,4.556
5536,26.689859,4.08
5537,26.695006,5.147
5538,26.700233,5.227
5539,26.704304,4.071
5540,26.711885,7.581
5541,26.715217,3.332
5542,26.719502,4.285
5543,26.72431,4.808
5544,26.73012,5.81
5545,26.734243,4.123
5546,26.741717,7.474
5547,26.745364,3.647
5548,26.749719,4.355
5549,26.754484,4.765
5550,26.759278,4.794
5551,26.763792,4.514
5552,26.768748,4.956
5553,26.77324,4.492
5554,26.777474,4.234
5555,26.782761,5.287
5556,26.786217,3.456
5557,26.790794,4.577
5558,26.795494,4.7
5559,26.800412,4.918
5560,26.805202,4.79
5561,26.809329,4.127
5562,26.814558,5.229
5563,26.818102,3.544
5564,26.822426,4.324
5565,26.827104,4.678
5566,26.831025,3.921
5567,26.835513,4.488
5568,26.839477,3.964
5569,26.8449,5.423
5570,26.84852,3.62
5571,26.852793,4.273
5572,26.860725,7.932
5573,26.864253,3.528
5574,26.868637,4.384
5575,26.875364,6.727
5576,26.878868,3.504
5577,26.883137,4.269
5578,26.887087,3.95
5579,26.892093,5.006
5580,26.896246,4.153
5581,26.900637,4.391
5582,26.908632,7.995
5583,26.911765,3.133
5584,26.916061,4.296
5585,26.920326,4.265
5586,26.9252,4.874
5587,26.928851,3.651
5588,26.93275,3.899
5589,26.941399,8.649
5590,26.944828,3.429
5591,26.948969,4.141
5592,26.953281,4.312
5593,26.958584,5.303
5594,26.962136,3.552
5595,26.966383,4.247
5596,26.974818,8.435
5597,26.977894,3.076
5598,26.98195,4.056
5599,26.986064,4.114
5600,26.99145,5.386
5601,26.995116,3.666
5602,26.998869,3.753
5603,27.007778,8.909
5604,27.011473,3.695
5605,27.016296,4.823
5606,27.019563,3.267
5607,27.024803,5.24
5608,27.028305,3.502
5609,27.033463,5.158
5610,27.040114,6.651
5611,27.044791,4.677
5612,27.048186,3.395
5613,27.052252,4.066
5614,27.056578,4.326
5615,27.062472,5.894
5616,27.065505,3.033
5617,27.069661,4.156
5618,27.073406,3.745
5619,27.079691,6.285
5620,27.083,3.309
5621,27.087128,4.128
5622,27.094523,7.395
5623,27.09908,4.557
5624,27.102492,3.412
5625,27.109146,6.654
5626,27.113762,4.616
5627,27.118514,4.752
5628,27.123304,4.79
5629,27.127808,4.504
5630,27.133153,5.345
5631,27.136148,2.995
5632,27.140386,4.238
5633,27.144818,4.432
5634,27.149146,4.328
5635,27.152464,3.318
5636,27.158322,5.858
5637,27.162261,3.939
5638,27.167063,4.802
5639,27.172618,5.555
5640,27.177141,4.523
5641,27.18024,3.099
5642,27.184973,4.733
5643,27.188405,3.432
5644,27.193726,5.321
5645,27.197064,3.338
5646,27.201454,4.39
5647,27.208291,6.837
5648,27.211739,3.448
5649,27.217123,5.384
5650,27.224297,7.174
5651,27.228366,4.069
5652,27.231278,2.912
5653,27.241309,10.031
5654,27.244759,3.45
5655,27.247815,3.056
5656,27.252093,4.278
5657,27.257015,4.922
5658,27.260202,3.187
5659,27.264304,4.102
5660,27.269034,4.73
5661,27.27281,3.776
5662,27.277008,4.198
5663,27.281254,4.246
5664,27.28563,4.376
5665,27.289254,3.624
5666,27.293401,4.147
5667,27.297084,3.683
5668,27.302013,4.929
5669,27.306495,4.482
5670,27.31095,4.455
5671,27.314914,3.964
5672,27.324849,9.935
5673,27.327871,3.022
5674,27.330905,3.034
5675,27.336251,5.346
5676,27.339852,3.601
5677,27.343593,3.741
5678,27.347857,4.264
5679,27.352575,4.718
5680,27.358014,5.439
5681,27.361961,3.947
5682,27.368396,6.435
5683,27.371549,3.153
5684,27.375981,4.432
5685,27.380661,4.68
5686,27.385548,4.887
5687,27.388092,2.544
5688,27.392495,4.403
5689,27.398431,5.936
5690,27.402038,3.607
5691,27.405202,3.164
5692,27.409184,3.982
5693,27.413415,4.231
5694,27.420108,6.693
5695,27.423059,2.951
5696,27.426654,3.595
5697,27.431813,5.159
5698,27.438009,6.196
5699,27.441979,3.97
5700,27.445927,3.948
5701,27.451188,5.261
5702,27.454676,3.488
5703,27.457668,2.992
5704,27.46169,4.022
5705,27.468316,6.626
5706,27.471169,2.853
5707,27.475127,3.958
5708,27.479108,3.981
5709,27.486063,6.955
5710,27.4887,2.637
5711,27.492346,3.646
5712,27.496948,4.602
5713,27.502993,6.045
5714,27.505455,2.462
5715,27.509373,3.918
5716,27.514596,5.223
5717,27.520904,6.308
5718,27.523981,3.077
5719,27.527012,3.031
5720,27.532667,5.655
5721,27.537209,4.542
5722,27.541223,4.014
5723,27.547037,5.814
5724,27.551282,4.245
5725,27.554749,3.467
5726,27.558731,3.982
5727,27.562793,4.062
5728,27.56956,6.767
5729,27.572442,2.882
5730,27.577083,4.641
5731,27.58113,4.047
5732,27.587271,6.141
5733,27.590073,2.802
5734,27.59407,3.997
5735,27.598163,4.093
5736,27.604523,6.36
5737,27.60821,3.687
5738,27.612112,3.902
5739,27.616691,4.579
5740,27.621325,4.634
5741,27.625106,3.781
5742,27.628891,3.785
5743,27.634136,5.245
5744,27.641402,7.266
5745,27.644575,3.173
5746,27.650013,5.438
5747,27.654711,4.698
5748,27.658108,3.397
5749,27.662368,4.26
5750,27.667059,4.691
5751,27.686601,19.542
5752,27.691402,4.801
5753,27.694588,3.186
5754,27.699504,4.916
5755,27.703747,4.243
5756,27.707223,3.476
5757,27.711298,4.075
5758,27.717329,6.031
5759,27.720919,3.59
5760,27.725016,4.097
5761,27.72952,4.504
5762,27.734498,4.978
5763,27.738584,4.086
5764,27.743068,4.484
5765,27.746521,3.453
5766,27.750985,4.464
5767,27.755125,4.14
5768,27.759748,4.623
5769,27.763225,3.477
5770,27.769276,6.051
5771,27.772685,3.409
5772,27.777271,4.586
5773,27.780725,3.454
5774,27.78779,7.065
5775,27.792518,4.728
5776,27.796188,3.67
5777,27.801958,5.77
5778,27.805176,3.218
5779,27.809879,4.703
5780,27.815539,5.66
5781,27.819063,3.524
5782,27.823109,4.046
5783,27.828586,5.477
5784,27.831793,3.207
5785,27.837499,5.706
5786,27.841912,4.413
5787,27.845779,3.867
5788,27.851147,5.368
5789,27.854591,3.444
5790,27.859595,5.004
5791,27.862888,3.293
5792,27.866811,3.923
5793,27.872693,5.882
5794,27.877182,4.489
5795,27.880784,3.602
5796,27.884251,3.467
5797,27.890036,5.785
5798,27.894534,4.498
5799,27.897834,3.3
5800,27.904532,6.698
5801,27.907803,3.271
5802,27.91203,4.227
5803,27.915331,3.301
5804,27.922447,7.116
5805,27.925975,3.528
5806,27.930727,4.752
5807,27.933729,3.002
5808,27.940726,6.997
5809,27.944489,3.763
5810,27.948745,4.256
5811,27.955839,7.094
5812,27.959509,3.67
5813,27.963296,3.787
5814,27.967587,4.291
5815,27.970811,3.224
5816,27.976479,5.668
5817,27.979993,3.514
5818,27.988875,8.882
5819,27.991627,2.752
5820,27.995396,3.769
5821,28.000102,4.706
5822,28.003047,2.945
5823,28.009073,6.026
5824,28.012488,3.415
5825,28.021294,8.806
5826,28.023562,2.268
5827,28.027286,3.724
5828,28.031013,3.727
5829,28.036148,5.135
5830,28.040466,4.318
5831,28.044043,3.577
5832,28.047769,3.726
5833,28.057125,9.356
5834,28.060027,2.902
5835,28.063892,3.865
5836,28.069646,5.754
5837,28.073987,4.341
5838,28.077721,3.734
5839,28.08138,3.659
5840,28.089064,7.684
5841,28.091727,2.663
5842,28.095621,3.894
5843,28.099624,4.003
5844,28.103789,4.165
5845,28.108623,4.834
5846,28.112378,3.755
5847,28.12228,9.902
5848,28.124349,2.069
5849,28.129514,5.165
5850,28.133356,3.842
5851,28.138051,4.695
5852,28.140935,2.884
5853,28.144483,3.548
5854,28.153236,8.753
5855,28.157433,4.197
5856,28.160726,3.293
5857,28.164928,4.202
5858,28.170764,5.836
5859,28.174566,3.802
5860,28.179052,4.486
5861,28.182929,3.877
5862,28.18936,6.431
5863,28.192982,3.622
5864,28.199043,6.061
5865,28.202722,3.679
5866,28.209495,6.773
5867,28.213266,3.771
5868,28.220538,7.272
5869,28.224607,4.069
5870,28.228514,3.907
5871,28.232692,4.178
5872,28.236661,3.969
5873,28.241503,4.842
5874,28.245327,3.824
5875,28.249542,4.215
5876,28.254145,4.603
5877,28.258881,4.736
5878,28.262653,3.772
5879,28.267038,4.385
5880,28.271923,4.885
5881,28.2759,3.977
5882,28.280336,4.436
5883,28.288268,7.932
5884,28.292216,3.948
5885,28.295901,3.685
5886,28.29952,3.619
5887,28.30361,4.09
5888,28.308683,5.073
5889,28.314666,5.983
5890,28.319371,4.705
5891,28.324547,5.176
5892,28.329171,4.624
5893,28.332551,3.38
5894,28.337197,4.646
5895,28.342061,4.864
5896,28.347632,5.571
5897,28.351922,4.29
5898,28.356202,4.28
5899,28.361715,5.513
5900,28.364999,3.284
5901,28.371408,6.409
5902,28.376342,4.934
5903,28.379851,3.509
5904,28.385164,5.313
5905,28.388799,3.635
5906,28.395924,7.125
5907,28.399229,3.305
5908,28.403503,4.274
5909,28.409302,5.799
5910,28.412888,3.586
5911,28.417398,4.51
5912,28.422115,4.717
5913,28.425927,3.812
5914,28.431516,5.589
5915,28.435422,3.906
5916,28.441949,6.527
5917,28.446162,4.213
5918,28.449781,3.619
5919,28.454383,4.602
5920,28.459535,5.152
5921,28.463471,3.936
5922,28.467823,4.352
5923,28.472632,4.809
5924,28.476686,4.054
5925,28.482174,5.488
5926,28.488348,6.174
5927,28.49219,3.842
5928,28.496606,4.416
5929,28.50052,3.914
5930,28.505533,5.013
5931,28.511138,5.605
5932,28.515387,4.249
5933,28.51969,4.303
5934,28.524766,5.076
5935,28.52867,3.904
5936,28.532705,4.035
5937,28.537503,4.798
5938,28.541191,3.688
5939,28.545921,4.73
5940,28.550257,4.336
5941,28.556967,6.71
5942,28.56064,3.673
5943,28.564919,4.279
5944,28.570136,5.217
5945,28.574153,4.017
5946,28.578748,4.595
5947,28.583263,4.515
5948,28.587995,4.732
5949,28.592195,4.2
5950,28.597365,5.17
5951,28.602585,5.22
5952,28.605571,2.986
5953,28.611908,6.337
5954,28.616091,4.183
5955,28.620782,4.691
5956,28.626567,5.785
5957,28.630974,4.407
5958,28.63606,5.086
5959,28.640114,4.054
5960,28.644001,3.887
5961,28.649177,5.176
5962,28.657428,8.251
5963,28.664804,7.376
5964,28.66863,3.826
5965,28.672979,4.349
5966,28.678445,5.466
5967,28.684921,6.476
5968,28.688367,3.446
5969,28.69335,4.983
5970,28.696942,3.592
5971,28.701833,4.891
5972,28.706149,4.316
5973,28.710032,3.883
5974,28.714187,4.155
5975,28.721289,7.102
5976,28.728526,7.237
5977,28.732154,3.628
5978,28.735678,3.524
5979,28.740854,5.176
5980,28.74545,4.596
5981,28.750673,5.223
5982,28.75421,3.537
5983,28.759055,4.845
5984,28.764497,5.442
5985,28.768108,3.611
5986,28.774904,6.796
5987,28.778617,3.713
5988,28.782886,4.269
5989,28.787516,4.63
5990,28.792324,4.808
5991,28.798034,5.71
5992,28.802102,4.068
5993,28.806738,4.636
5994,28.811143,4.405
5995,28.815541,4.398
5996,28.821778,6.237
5997,28.826427,4.649
5998,28.830299,3.872
5999,28.834744,4.445
6000,28.839382,4.638
6001,28.845369,5.987
6002,28.849443,4.074
6003,28.8536,4.157
6004,28.858921,5.321
6005,28.862724,3.803
6006,28.868661,5.937
6007,28.873541,4.88
6008,28.877714,4.173
6009,28.883213,5.499
6010,28.888343,5.13
6011,28.896333,7.99
6012,28.898999,2.666
6013,28.902948,3.949
6014,28.908174,5.226
6015,28.91208,3.906
6016,28.918503,6.423
6017,28.922513,4.01
6018,28.927472,4.959
6019,28.931531,4.059
6020,28.935465,3.934
6021,28.943321,7.856
6022,28.947382,4.061
6023,28.952541,5.159
6024,28.957739,5.198
6025,28.961441,3.702
6026,28.967462,6.021
6027,28.971862,4.4
6028,28.976658,4.796
6029,28.980729,4.071
6030,28.985278,4.549
6031,28.991955,6.677
6032,28.995924,3.969
6033,28.999571,3.647
6034,29.004776,5.205
6035,29.008597,3.821
6036,29.013269,4.672
6037,29.017607,4.338
6038,29.022588,4.981
6039,29.026564,3.976
6040,29.031167,4.603
6041,29.03809,6.923
6042,29.041241,3.151
6043,29.045605,4.364
6044,29.051079,5.474
6045,29.054751,3.672
6046,29.061036,6.285
6047,29.065042,4.006
6048,29.070102,5.06
6049,29.073951,3.849
6050,29.078265,4.314
6051,29.082931,4.666
6052,29.086546,3.615
6053,29.090919,4.373
6054,29.097186,6.267
6055,29.101774,4.588
6056,29.107453,5.679
6057,29.111575,4.122
6058,29.116469,4.894
6059,29.120508,4.039
6060,29.12493,4.422
6061,29.129056,4.126
6062,29.134668,5.612
6063,29.138805,4.137
6064,29.142209,3.404
6065,29.147085,4.876
6066,29.152731,5.646
6067,29.157141,4.41
6068,29.161412,4.271
6069,29.166919,5.507
6070,29.170094,3.175
6071,29.176627,6.533
6072,29.18115,4.523
6073,29.184924,3.774
6074,29.189726,4.802
6075,29.193913,4.187
6076,29.201023,7.11
6077,29.204369,3.346
6078,29.208942,4.573
6079,29.214128,5.186
6080,29.217781,3.653
6081,29.221952,4.171
6082,29.22623,4.278
6083,29.231633,5.403
6084,29.236639,5.006
6085,29.241785,5.146
6086,29.248287,6.502
6087,29.252384,4.097
6088,29.256336,3.952
6089,29.260976,4.64
6090,29.265744,4.768
6091,29.269474,3.73
6092,29.273841,4.367
6093,29.278608,4.767
6094,29.283561,4.953
6095,29.287263,3.702
6096,29.293701,6.438
6097,29.298098,4.397
6098,29.301893,3.795
6099,29.30704,5.147
6100,29.312502,5.462
6101,29.31744,4.938
6102,29.321521,4.081
6103,29.325952,4.431
6104,29.331344,5.392
6105,29.335452,4.108
6106,29.33924,3.788
6107,29.344174,4.934
6108,29.347864,3.69
6109,29.353324,5.46
6110,29.356987,3.663
6111,29.364105,7.118
6112,29.367442,3.337
6113,29.371668,4.226
6114,29.377098,5.43
6115,29.38074,3.642
6116,29.38708,6.34
6117,29.391395,4.315
6118,29.396975,5.58
6119,29.404761,7.786
6120,29.409094,4.333
6121,29.412913,3.819
6122,29.417142,4.229
6123,29.421019,3.877
6124,29.425453,4.434
6125,29.430414,4.961
6126,29.434033,3.619
6127,29.438987,4.954
6128,29.443381,4.394
6129,29.447052,3.671
6130,29.451517,4.465
6131,29.455675,4.158
6132,29.460697,5.022
6133,29.464542,3.845
6134,29.468612,4.07
6135,29.474617,6.005
6136,29.478222,3.605
6137,29.482508,4.286
6138,29.486929,4.421
6139,29.492102,5.173
6140,29.495532,3.43
6141,29.500066,4.534
6142,29.505059,4.993
6143,29.51074,5.681
6144,29.514191,3.451
6145,29.518287,4.096
6146,29.522215,3.928
6147,29.527186,4.971
6148,29.530753,3.567
6149,29.535145,4.392
6150,29.541668,6.523
6151,29.546702,5.034
6152,29.550894,4.192
6153,29.554574,3.68
6154,29.55896,4.386
6155,29.563749,4.789
6156,29.56795,4.201
6157,29.571989,4.039
6158,29.576496,4.507
6159,29.581252,4.756
6160,29.58487,3.618
6161,29.589462,4.592
6162,29.593882,4.42
6163,29.598655,4.773
6164,29.602401,3.746
6165,29.608977,6.576
6166,29.612969,3.992
6167,29.617619,4.65
6168,29.621351,3.732
6169,29.625673,4.322
6170,29.630034,4.361
6171,29.63485,4.816
6172,29.639222,4.372
6173,29.643591,4.369
6174,29.647734,4.143
6175,29.652634,4.9
6176,29.65703,4.396
6177,29.660882,3.852
6178,29.665718,4.836
6179,29.669391,3.673
6180,29.675863,6.472
6181,29.679895,4.032
6182,29.69275,12.855
6183,29.697195,4.445
6184,29.705948,8.753
6185,29.710702,4.754
6186,29.714358,3.656
6187,29.721132,6.774
6188,29.726424,5.292
6189,29.72959,3.166
6190,29.733315,3.725
6191,29.737705,4.39
6192,29.74278,5.075
6193,29.746231,3.451
6194,29.751959,5.728
6195,29.757939,5.98
6196,29.76138,3.441
6197,29.765649,4.269
6198,29.770677,5.028
6199,29.774766,4.089
6200,29.778726,3.96
6201,29.78568,6.954
6202,29.790755,5.075
6203,29.79422,3.465
6204,29.798488,4.268
6205,29.803632,5.144
6206,29.807291,3.659
6207,29.811738,4.447
6208,29.819023,7.285
6209,29.824335,5.312
6210,29.828293,3.958
6211,29.831679,3.386
6212,29.836523,4.844
6213,29.840358,3.835
6214,29.844704,4.346
6215,29.851699,6.995
6216,29.856497,4.798
6217,29.861815,5.318
6218,29.866143,4.328
6219,29.87016,4.017
6220,29.874239,4.079
6221,29.879046,4.807
6222,29.883634,4.588
6223,29.887512,3.878
6224,29.891943,4.431
6225,29.897167,5.224
6226,29.900945,3.778
6227,29.905316,4.371
6228,29.909851,4.535
6229,29.915085,5.234
6230,29.920067,4.982
6231,29.923462,3.395
6232,29.929366,5.904
6233,29.933435,4.069
6234,29.93664,3.205
6235,29.940783,4.143
6236,29.945792,5.009
6237,29.950028,4.236
6238,29.954151,4.123
6239,29.959572,5.421
6240,29.963232,3.66
6241,29.968872,5.64
6242,29.973299,4.427
6243,29.980178,6.879
6244,29.98455,4.372
6245,29.988254,3.704
6246,29.993625,5.371
6247,29.996962,3.337
6248,30.002808,5.846
6249,30.005923,3.115
6250,30.010821,4.898
6251,30.014872,4.051
6252,30.018777,3.905
6253,30.02303,4.253
6254,30.028068,5.038
6255,30.035457,7.389
6256,30.039139,3.682
6257,30.043845,4.706
6258,30.047194,3.349
6259,30.052403,5.209
6260,30.05676,4.357
6261,30.06395,7.19
6262,30.0681,4.15
6263,30.07166,3.56
6264,30.077974,6.314
6265,30.08161,3.636
6266,30.087616,6.006
6267,30.091841,4.225
6268,30.097686,5.845
6269,30.101942,4.256
6270,30.107655,5.713
6271,30.114193,6.538
6272,30.119192,4.999
6273,30.122806,3.614
6274,30.127857,5.051
6275,30.133246,5.389
6276,30.138474,5.228
6277,30.143091,4.617
6278,30.147296,4.205
6279,30.152944,5.648
6280,30.15659,3.646
6281,30.163791,7.201
6282,30.169474,5.683
6283,30.174117,4.643
6284,30.179025,4.908
6285,30.183243,4.218
6286,30.190435,7.192
6287,30.194274,3.839
6288,30.198815,4.541
6289,30.204143,5.328
6290,30.207911,3.768
6291,30.21234,4.429
6292,30.217496,5.156
6293,30.222016,4.52
6294,30.226453,4.437
6295,30.231093,4.64
6296,30.237837,6.744
6297,30.241459,3.622
6298,30.245944,4.485
6299,30.250962,5.018
6300,30.256099,5.137
6301,30.262203,6.104
6302,30.266971,4.768
6303,30.271347,4.376
6304,30.276233,4.886
6305,30.280533,4.3
6306,30.286695,6.162
6307,30.292045,5.35
6308,30.297601,5.556
6309,30.301597,3.996
6310,30.308079,6.482
6311,30.313971,5.892
6312,30.318552,4.581
6313,30.323022,4.47
6314,30.32916,6.138
6315,30.333493,4.333
6316,30.339185,5.692
6317,30.344616,5.431
6318,30.348029,3.413
6319,30.35319,5.161
6320,30.358311,5.121
6321,30.364599,6.288
6322,30.368816,4.217
6323,30.373376,4.56
6324,30.379017,5.641
6325,30.382934,3.917
6326,30.389462,6.528
6327,30.39499,5.528
6328,30.400455,5.465
6329,30.405361,4.906
6330,30.411003,5.642
6331,30.416464,5.461
6332,30.421007,4.543
6333,30.426464,5.457
6334,30.430848,4.384
6335,30.435688,4.84
6336,30.442552,6.864
6337,30.447351,4.799
6338,30.453285,5.934
6339,30.459422,6.137
6340,30.463171,3.749
6341,30.469692,6.521
6342,30.474988,5.296
6343,30.480941,5.953
6344,30.486909,5.968
6345,30.492075,5.166
6346,30.498834,6.759
6347,30.5025,3.666
6348,30.507851,5.351
6349,30.512755,4.904
6350,30.517606,4.851
6351,30.524113,6.507
6352,30.528794,4.681
6353,30.532935,4.141
6354,30.5386,5.665
6355,30.542761,4.161
6356,30.547556,4.795
6357,30.552715,5.159
6358,30.556446,3.731
6359,30.561563,5.117
6360,30.566659,5.096
6361,30.572645,5.986
6362,30.577553,4.908
6363,30.582581,5.028
6364,30.587077,4.496
6365,30.591784,4.707
6366,30.5982,6.416
6367,30.603519,5.319
6368,30.607278,3.759
6369,30.613252,5.974
6370,30.618713,5.461
6371,30.623777,5.064
6372,30.628327,4.55
6373,30.633751,5.424
6374,30.638191,4.44
6375,30.643136,4.945
6376,30.647474,4.338
6377,30.652667,5.193
6378,30.656661,3.994
6379,30.662196,5.535
6380,30.666949,4.753
6381,30.673011,6.062
6382,30.677719,4.708
6383,30.682763,5.044
6384,30.686585,3.822
6385,30.699844,13.259
6386,30.705136,5.292
6387,30.71085,5.714
6388,30.714868,4.018
6389,30.71992,5.052
6390,30.727253,7.333
6391,30.731634,4.381
6392,30.738953,7.319
6393,30.742801,3.848
6394,30.747961,5.16
6395,30.752973,5.012
6396,30.75889,5.917
6397,30.763273,4.383
6398,30.768329,5.056
6399,30.772876,4.547
6400,30.777217,4.341
6401,30.784466,7.249
6402,30.787853,3.387
6403,30.79386,6.007
6404,30.800667,6.807
6405,30.804409,3.742
6406,30.810839,6.43
6407,30.816467,5.628
6408,30.821021,4.554
6409,30.827561,6.54
6410,30.832566,5.005
6411,30.838387,5.821
6412,30.844979,6.592
6413,30.850263,5.284
6414,30.854767,4.504
6415,30.860115,5.348
6416,30.869738,9.623
6417,30.873773,4.035
6418,30.8794,5.627
6419,30.884637,5.237
6420,30.888806,4.169
6421,30.894865,6.059
6422,30.902051,7.186
6423,30.906326,4.275
6424,30.914925,8.599
6425,30.924753,9.828
6426,30.930132,5.379
6427,30.934946,4.814
6428,30.941636,6.69
6429,30.946583,4.947
6430,30.95194,5.357
6431,30.959841,7.901
6432,30.967653,7.812
6433,30.971924,4.271
6434,30.977128,5.204
6435,30.982789,5.661
6436,30.986919,4.13
6437,30.99234,5.421
6438,31.002193,9.853
6439,31.005873,3.68
6440,31.012173,6.3
6441,31.018859,6.686
6442,31.02628,7.421
6443,31.035084,8.804
6444,31.041733,6.649
6445,31.04716,5.427
6446,31.052061,4.901
6447,31.061366,9.305
6448,31.066316,4.95
6449,31.070078,3.762
6450,31.074521,4.443
6451,31.081098,6.577
6452,31.086046,4.948
6453,31.089334,3.288
6454,31.095151,5.817
6455,31.098869,3.718
6456,31.105032,6.163
6457,31.11023,5.198
6458,31.113667,3.437
6459,31.118745,5.078
6460,31.122999,4.254
6461,31.130001,7.002
6462,31.134056,4.055
6463,31.138342,4.286
6464,31.143513,5.171
6465,31.14733,3.817
6466,31.153358,6.028
6467,31.158386,5.028
6468,31.162204,3.818
6469,31.167064,4.86
6470,31.171483,4.419
6471,31.178163,6.68
6472,31.182223,4.06
6473,31.186173,3.95
6474,31.192208,6.035
6475,31.195464,3.256
6476,31.201761,6.297
6477,31.206048,4.287
6478,31.211194,5.146
6479,31.215432,4.238
6480,31.219686,4.254
6481,31.226836,7.15
6482,31.232186,5.35
6483,31.236237,4.051
6484,31.239636,3.399
6485,31.24474,5.104
6486,31.25024,5.5
6487,31.254498,4.258
6488,31.259515,5.017
6489,31.263913,4.398
6490,31.268161,4.248
6491,31.27444,6.279
6492,31.279336,4.896
6493,31.28298,3.644
6494,31.288079,5.099
6495,31.292812,4.733
6496,31.29863,5.818
6497,31.30278,4.15
6498,31.307062,4.282
6499,31.312497,5.435
6500,31.316218,3.721
6501,31.322484,6.266
6502,31.327569,5.085
6503,31.332558,4.989
6504,31.336818,4.26
6505,31.340341,3.523
6506,31.347453,7.112
6507,31.35115,3.697
6508,31.35526,4.11
6509,31.361284,6.024
6510,31.36467,3.386
6511,31.370693,6.023
6512,31.375077,4.384
6513,31.380175,5.098
6514,31.384608,4.433
6515,31.388609,4.001
6516,31.396581,7.972
6517,31.402063,5.482
6518,31.405803,3.74
6519,31.410825,5.022
6520,31.415426,4.601
6521,31.421143,5.717
6522,31.425437,4.294
6523,31.431597,6.16
6524,31.435882,4.285
6525,31.441444,5.562
6526,31.447639,6.195
6527,31.452565,4.926
6528,31.456248,3.683
6529,31.461573,5.325
6530,31.466009,4.436
6531,31.471801,5.792
6532,31.476215,4.414
6533,31.480575,4.36
6534,31.486134,5.559
6535,31.489838,3.704
6536,31.496377,6.539
6537,31.501544,5.167
6538,31.506216,4.672
6539,31.509875,3.659
6540,31.514056,4.181
6541,31.521056,7.0
6542,31.524716,3.66
6543,31.528985,4.269
6544,31.534943,5.958
6545,31.538289,3.346
6546,31.544839,6.55
6547,31.549551,4.712
6548,31.553232,3.681
6549,31.558148,4.916
6550,31.56229,4.142
6551,31.569227,6.937
6552,31.573075,3.848
6553,31.577531,4.456
6554,31.582889,5.358
6555,31.58681,3.921
6556,31.59334,6.53
6557,31.597385,4.045
6558,31.602125,4.74
6559,31.606442,4.317
6560,31.610817,4.375
6561,31.617739,6.922
6562,31.621437,3.698
6563,31.625866,4.429
6564,31.630852,4.986
6565,31.63604,5.188
6566,31.641457,5.417
6567,31.645823,4.366
6568,31.651022,5.199
6569,31.65488,3.858
6570,31.659306,4.426
6571,31.663537,4.231
6572,31.669207,5.67
6573,31.672356,3.149
6574,31.678821,6.465
6575,31.682384,3.563
6576,31.685701,3.317
6577,31.692744,7.043
6578,31.703609,10.865
6579,31.712194,8.585
6580,31.71678,4.586
6581,31.722638,5.858
6582,31.727218,4.58
6583,31.731014,3.796
6584,31.736046,5.032
6585,31.742088,6.042
6586,31.745449,3.361
6587,31.749239,3.79
6588,31.75403,4.791
6589,31.758448,4.418
6590,31.76251,4.062
6591,31.768859,6.349
6592,31.774216,5.357
6593,31.777837,3.621
6594,31.782651,4.814
6595,31.787521,4.87
6596,31.793261,5.74
6597,31.797588,4.327
6598,31.802522,4.934
6599,31.807452,4.93
6600,31.812327,4.875
6601,31.818076,5.749
6602,31.822918,4.842
6603,31.826936,4.018
6604,31.831758,4.822
6605,31.836554,4.796
6606,31.842369,5.815
6607,31.846588,4.219
6608,31.851993,5.405
6609,31.856215,4.222
6610,31.860607,4.392
6611,31.866175,5.568
6612,31.870509,4.334
6613,31.87436,3.851
6614,31.88026,5.9
6615,31.884192,3.932
6616,31.890102,5.91
6617,31.89437,4.268
6618,31.899183,4.813
6619,31.903609,4.426
6620,31.908065,4.456
6621,31.915319,7.254
6622,31.920238,4.919
6623,31.924088,3.85
6624,31.928456,4.368
6625,31.933111,4.655
6626,31.939108,5.997
6627,31.943409,4.301
6628,31.947533,4.124
6629,31.953009,5.476
6630,31.956953,3.944
6631,31.963282,6.329
6632,31.968287,5.005
6633,31.972034,3.747
6634,31.977232,5.198
6635,31.981686,4.454
6636,31.98859,6.904
6637,31.992431,3.841
6638,31.996601,4.17
6639,32.001966,5.365
6640,32.005918,3.952
6641,32.012322,6.404
6642,32.017311,4.989
6643,32.021732,4.421
6644,32.025909,4.177
6645,32.031015,5.106
6646,32.036336,5.321
6647,32.039141,2.805
6648,32.043691,4.55
6649,32.049787,6.096
6650,32.053273,3.486
6651,32.059814,6.541
6652,32.064054,4.24
6653,32.069102,5.048
6654,32.073564,4.462
6655,32.078273,4.709
6656,32.083226,4.953
6657,32.086726,3.5
6658,32.09123,4.504
6659,32.096893,5.663
6660,32.101356,4.463
6661,32.107263,5.907
6662,32.111887,4.624
6663,32.117518,5.631
6664,32.122467,4.949
6665,32.125474,3.007
6666,32.13076,5.286
6667,32.135495,4.735
6668,32.140712,5.217
6669,32.145825,5.113
6670,32.150707,4.882
6671,32.156488,5.781
6672,32.161052,4.564
6673,32.165906,4.854
6674,32.170342,4.436
6675,32.174843,4.501
6676,32.181093,6.25
6677,32.186193,5.1
6678,32.189923,3.73
6679,32.195443,5.52
6680,32.200941,5.498
6681,32.20571,4.769
6682,32.20989,4.18
6683,32.21443,4.54
6684,32.219796,5.366
6685,32.223968,4.172
6686,32.229991,6.023
6687,32.235375,5.384
6688,32.239757,4.382
6689,32.243919,4.162
6690,32.249429,5.51
6691,32.254501,5.072
6692,32.258797,4.296
6693,32.263191,4.394
6694,32.268861,5.67
6695,32.272488,3.627
6696,32.278784,6.296
6697,32.283783,4.999
6698,32.28753,3.747
6699,32.292526,4.996
6700,32.297872,5.346
6701,32.303815,5.943
6702,32.307677,3.862
6703,32.312243,4.566
6704,32.317799,5.556
6705,32.321358,3.559
6706,32.328061,6.703
6707,32.333469,5.408
6708,32.337274,3.805
6709,32.341416,4.142
6710,32.345825,4.409
6711,32.352712,6.887
6712,32.356535,3.823
6713,32.361265,4.73
6714,32.36673,5.465
6715,32.370521,3.791
6716,32.379672,9.151
6717,32.383542,3.87
6718,32.388247,4.705
6719,32.393548,5.301
6720,32.398277,4.729
6721,32.404753,6.476
6722,32.408467,3.714
6723,32.412738,4.271
6724,32.418369,5.631
6725,32.422102,3.733
6726,32.428523,6.421
6727,32.433857,5.334
6728,32.438403,4.546
6729,32.4422,3.797
6730,32.44671,4.51
6731,32.453522,6.812
6732,32.457317,3.795
6733,32.461831,4.514
6734,32.467434,5.603
6735,32.471055,3.621
6736,32.477853,6.798
6737,32.48182,3.967
6738,32.486992,5.172
6739,32.491258,4.266
6740,32.495633,4.375
6741,32.502894,7.261
6742,32.506476,3.582
6743,32.510982,4.506
6744,32.516479,5.497
6745,32.52044,3.961
6746,32.526804,6.364
6747,32.532321,5.517
6748,32.537508,5.187
6749,32.540734,3.226
6750,32.545279,4.545
6751,32.552235,6.956
6752,32.556199,3.964
6753,32.560721,4.522
6754,32.566442,5.721
6755,32.570319,3.877
6756,32.576956,6.637
6757,32.581414,4.458
6758,32.586474,5.06
6759,32.590967,4.493
6760,32.596988,6.021
6761,32.602391,5.403
6762,32.607074,4.683
6763,32.611847,4.773
6764,32.617373,5.526
6765,32.621142,3.769
6766,32.628055,6.913
6767,32.632945,4.89
6768,32.640186,7.241
6769,32.643822,3.636
6770,32.64856,4.738
6771,32.655443,6.883
6772,32.659722,4.279
6773,32.665263,5.541
6774,32.67027,5.007
6775,32.673827,3.557
6776,32.680446,6.619
6777,32.684843,4.397
6778,32.690214,5.371
6779,32.694647,4.433
6780,32.699801,5.154
6781,32.705818,6.017
6782,32.709878,4.06
6783,32.714383,4.505
6784,32.720093,5.71
6785,32.724014,3.921
6786,32.730524,6.51
6787,32.735103,4.579
6788,32.740152,5.049
6789,32.744957,4.805
6790,32.748821,3.864
6791,32.756018,7.197
6792,32.759834,3.816
6793,32.764147,4.313
6794,32.769528,5.381
6795,32.773562,4.034
6796,32.779734,6.172
6797,32.784032,4.298
6798,32.788848,4.816
6799,32.793671,4.823
6800,32.798436,4.765
6801,32.803228,4.792
6802,32.806707,3.479
6803,32.810853,4.146
6804,32.816656,5.803
6805,32.82036,3.704
6806,32.826536,6.176
6807,32.830959,4.423
6808,32.836809,5.85
6809,32.840102,3.293
6810,32.844422,4.32
6811,32.849038,4.616
6812,32.852783,3.745
6813,32.856966,4.183
6814,32.862834,5.868
6815,32.867745,4.911
6816,32.873358,5.613
6817,32.87783,4.472
6818,32.882451,4.621
6819,32.886928,4.477
6820,32.891069,4.141
6821,32.897717,6.648
6822,32.904959,7.242
6823,32.908219,3.26
6824,32.913303,5.084
6825,32.919085,5.782
6826,32.923506,4.421
6827,32.927913,4.407
6828,32.932657,4.744
6829,32.937141,4.484
6830,32.941245,4.104
6831,32.947675,6.43
6832,32.952597,4.922
6833,32.956225,3.628
6834,32.96117,4.945
6835,32.965765,4.595
6836,32.971481,5.716
6837,32.975811,4.33
6838,32.979974,4.163
6839,32.985578,5.604
6840,32.989185,3.607
6841,32.995612,6.427
6842,33.000535,4.923
6843,33.004177,3.642
6844,33.009077,4.9
6845,33.013724,4.647
6846,33.020416,6.692
6847,33.023935,3.519
6848,33.028279,4.344
6849,33.033883,5.604
6850,33.037688,3.805
6851,33.04405,6.362
6852,33.048087,4.037
6853,33.053102,5.015
6854,33.057396,4.294
6855,33.061859,4.463
6856,33.068601,6.742
6857,33.072422,3.821
6858,33.076952,4.53
6859,33.081567,4.615
6860,33.086725,5.158
6861,33.092265,5.54
6862,33.096828,4.563
6863,33.101847,5.019
6864,33.105991,4.144
6865,33.110457,4.466
6866,33.117554,7.097
6867,33.121173,3.619
6868,33.125306,4.133
6869,33.130153,4.847
6870,33.13522,5.067
6871,33.140952,5.732
6872,33.145246,4.294
6873,33.151011,5.765
6874,33.154484,3.473
6875,33.158852,4.368
6876,33.163093,4.241
6877,33.168103,5.01
6878,33.171826,3.723
6879,33.177394,5.568
6880,33.181682,4.288
6881,33.187347,5.665
6882,33.191521,4.174
6883,33.195747,4.226
6884,33.201307,5.56
6885,33.205095,3.788
6886,33.211526,6.431
6887,33.216916,5.39
6888,33.220884,3.968
6889,33.225003,4.119
6890,33.2289,3.897
6891,33.235904,7.004
6892,33.239565,3.661
6893,33.243828,4.263
6894,33.249358,5.53
6895,33.252942,3.584
6896,33.259129,6.187
6897,33.263445,4.316
6898,33.268406,4.961
6899,33.273077,4.671
6900,33.276913,3.836
6901,33.284264,7.351
6902,33.287468,3.204
6903,33.291783,4.315
6904,33.296572,4.789
6905,33.301261,4.689
6906,33.306927,5.666
6907,33.311179,4.252
6908,33.316765,5.586
6909,33.321087,4.322
6910,33.326296,5.209
6911,33.330941,4.645
6912,33.335578,4.637
6913,33.341268,5.69
6914,33.34538,4.112
6915,33.352414,7.034
6916,33.355978,3.564
6917,33.360009,4.031
6918,33.364408,4.399
6919,33.369378,4.97
6920,33.372963,3.585
6921,33.377048,4.085
6922,33.383847,6.799
6923,33.387269,3.422
6924,33.393461,6.192
6925,33.397605,4.144
6926,33.402361,4.756
6927,33.406569,4.208
6928,33.410317,3.748
6929,33.416821,6.504
6930,33.420891,4.07
6931,33.425569,4.678
6932,33.429436,3.867
6933,33.436211,6.775
6934,33.439851,3.64
6935,33.446046,6.195
6936,33.451134,5.088
6937,33.4546,3.466
6938,33.459009,4.409
6939,33.462955,3.946
6940,33.468434,5.479
6941,33.472058,3.624
6942,33.478073,6.015
6943,33.483211,5.138
6944,33.488505,5.294
6945,33.492609,4.104
6946,33.496911,4.302
6947,33.502282,5.371
6948,33.50549,3.208
6949,33.509641,4.151
6950,33.514492,4.851
6951,33.519547,5.055
6952,33.528155,8.608
6953,33.531726,3.571
6954,33.536108,4.382
6955,33.54183,5.722
6956,33.546011,4.181
6957,33.55074,4.729
6958,33.556183,5.443
6959,33.56977,13.587
6960,33.574521,4.751
6961,33.578185,3.664
6962,33.582776,4.591
6963,33.587158,4.382
6964,33.593694,6.536
6965,33.597224,3.53
6966,33.603098,5.874
6967,33.608759,5.661
6968,33.612236,3.477
6969,33.616466,4.23
6970,33.621403,4.937
6971,33.625129,3.726
6972,33.629566,4.437
6973,33.633609,4.043
6974,33.639289,5.68
6975,33.644342,5.053
6976,33.648219,3.877
6977,33.653421,5.202
6978,33.657815,4.394
6979,33.663364,5.549
6980,33.668695,5.331
6981,33.67221,3.515
6982,33.678413,6.203
6983,33.68275,4.337
6984,33.687562,4.812
6985,33.691908,4.346
6986,33.69602,4.112
6987,33.703517,7.497
6988,33.707251,3.734
6989,33.712997,5.746
6990,33.718064,5.067
6991,33.721535,3.471
6992,33.727982,6.447
6993,33.732227,4.245
6994,33.737146,4.919
6995,33.741412,4.266
6996,33.745396,3.984
6997,33.752386,6.99
6998,33.756813,4.427
6999,33.761029,4.216
7000,33.764835,3.806
7001,33.769793,4.958
7002,33.775528,5.735
7003,33.779709,4.181
7004,33.784624,4.915
7005,33.788488,3.864
7006,33.793037,4.549
7007,33.800113,7.076
7008,33.803874,3.761
7009,33.807684,3.81
7010,33.811951,4.267
7011,33.817239,5.288
7012,33.820578,3.339
7013,33.824928,4.35
7014,33.832744,7.816
7015,33.835797,3.053
7016,33.841467,5.67
7017,33.845744,4.277
7018,33.852577,6.833
7019,33.856239,3.662
7020,33.86058,4.341
7021,33.865553,4.973
7022,33.869262,3.709
7023,33.873534,4.272
7024,33.87842,4.886
7025,33.884633,6.213
7026,33.888214,3.581
7027,33.894556,6.342
7028,33.901409,6.853
7029,33.905053,3.644
7030,33.909993,4.94
7031,33.914105,4.112
7032,33.919071,4.966
7033,33.922691,3.62
7034,33.928101,5.41
7035,33.933078,4.977
7036,33.938521,5.443
7037,33.942938,4.417
7038,33.949927,6.989
7039,33.953558,3.631
7040,33.957713,4.155
7041,33.961975,4.262
7042,33.966978,5.003
7043,33.971047,4.069
7044,33.975106,4.059
7045,33.979912,4.806
7046,33.983582,3.67
7047,33.989884,6.302
7048,33.9941,4.216
7049,34.001585,7.485
7050,34.005455,3.87
7051,34.009662,4.207
7052,34.015525,5.863
7053,34.018362,2.837
7054,34.022908,4.546
7055,34.027064,4.156
7056,34.034235,7.171
7057,34.037633,3.398
7058,34.044203,6.57
7059,34.049211,5.008
7060,34.052811,3.6
7061,34.057297,4.486
7062,34.061722,4.425
7063,34.066922,5.2
7064,34.070395,3.473
7065,34.076542,6.147
7066,34.081502,4.96
7067,34.087262,5.76
7068,34.09244,5.178
7069,34.096557,4.117
7070,34.101438,4.881
7071,34.104952,3.514
7072,34.109535,4.583
7073,34.115631,6.096
7074,34.119577,3.946
7075,34.125186,5.609
7076,34.132869,7.683
7077,34.136269,3.4
7078,34.14231,6.041
7079,34.146944,4.634
7080,34.152482,5.538
7081,34.155543,3.061
7082,34.160157,4.614
7083,34.165619,5.462
7084,34.169616,3.997
7085,34.175954,6.338
7086,34.180887,4.933
7087,34.187173,6.286
7088,34.191039,3.866
7089,34.195726,4.687
7090,34.200793,5.067
7091,34.20464,3.847
7092,34.209529,4.889
7093,34.214544,5.015
7094,34.21989,5.346
7095,34.223713,3.823
7096,34.229787,6.074
7097,34.234949,5.162
7098,34.240756,5.807
7099,34.245583,4.827
7100,34.250558,4.975
7101,34.254378,3.82
7102,34.259195,4.817
7103,34.26356,4.365
7104,34.268669,5.109
7105,34.274235,5.566
7106,34.28056,6.325
7107,34.285856,5.296
7108,34.28963,3.774
7109,34.294097,4.467
7110,34.299064,4.967
7111,34.302973,3.909
7112,34.30754,4.567
7113,34.312364,4.824
7114,34.317451,5.087
7115,34.32069,3.239
7116,34.326901,6.211
7117,34.33178,4.879
7118,34.337491,5.711
7119,34.341742,4.251
7120,34.34632,4.578
7121,34.351042,4.722
7122,34.354082,3.04
7123,34.358418,4.336
7124,34.363147,4.729
7125,34.368415,5.268
7126,34.372621,4.206
7127,34.379079,6.458
7128,34.383752,4.673
7129,34.387117,3.365
7130,34.391271,4.154
7131,34.395824,4.553
7132,34.399474,3.65
7133,34.403829,4.355
7134,34.410344,6.515
7135,34.417338,6.994
7136,34.421288,3.95
7137,34.425458,4.17
7138,34.43208,6.622
7139,34.435805,3.725
7140,34.439943,4.138
7141,34.444016,4.073
7142,34.450125,6.109
7143,34.453088,2.963
7144,34.459006,5.918
7145,34.463505,4.499
7146,34.46712,3.615
7147,34.47347,6.35
7148,34.477876,4.406
7149,34.482514,4.638
7150,34.486297,3.783
7151,34.492076,5.779
7152,34.496704,4.628
7153,34.500214,3.51
7154,34.505252,5.038
7155,34.509482,4.23
7156,34.516342,6.86
7157,34.523247,6.905
7158,34.52704,3.793
7159,34.535475,8.435
7160,34.539918,4.443
7161,34.544558,4.64
7162,34.55101,6.452
7163,34.554734,3.724
7164,34.565243,10.509
7165,34.569446,4.203
7166,34.578919,9.473
7167,34.584606,5.687
7168,34.592073,7.467
7169,34.596212,4.139
7170,34.599159,2.947
7171,34.60595,6.791
7172,34.609238,3.288
7173,34.620678,11.44
7174,34.628891,8.213
7175,34.634351,5.46
7176,34.638118,3.767
7177,34.643253,5.135
7178,34.646788,3.535
7179,34.653457,6.669
7180,34.657142,3.685
7181,34.661188,4.046
7182,34.6681,6.912
7183,34.671637,3.537
7184,34.676449,4.812
7185,34.682399,5.95
7186,34.686192,3.793
7187,34.690326,4.134
7188,34.697055,6.729
7189,34.700664,3.609
7190,34.70452,3.856
7191,34.70963,5.11
7192,34.713397,3.767
7193,34.717112,3.715
7194,34.72256,5.448
7195,34.729499,6.939
7196,34.735436,5.937
7197,34.738785,3.349
7198,34.744808,6.023
7199,34.749983,5.175
7200,34.754251,4.268
7201,34.759719,5.468
7202,34.764796,5.077
7203,34.768723,3.927
7204,34.772965,4.242
7205,34.77951,6.545
7206,34.783098,3.588
7207,34.787414,4.316
7208,34.794263,6.849
7209,34.799097,4.834
7210,34.803352,4.255
7211,34.808164,4.812
7212,34.811692,3.528
7213,34.81592,4.228
7214,34.820224,4.304
7215,34.825734,5.51
7216,34.830805,5.071
7217,34.835248,4.443
7218,34.83889,3.642
7219,34.844872,5.982
7220,34.848612,3.74
7221,34.852976,4.364
7222,34.861738,8.762
7223,34.865838,4.1
7224,34.870085,4.247
7225,34.876234,6.149
7226,34.880863,4.629
7227,34.884591,3.728
7228,34.890228,5.637
7229,34.894921,4.693
7230,34.902359,7.438
7231,34.905905,3.546
7232,34.911795,5.89
7233,34.916537,4.742
7234,34.920236,3.699
7235,34.924468,4.232
7236,34.929839,5.371
7237,34.93426,4.421
7238,34.937862,3.602
7239,34.944397,6.535
7240,34.949407,5.01
7241,34.953156,3.749
7242,34.959226,6.07
7243,34.963219,3.993
7244,34.967724,4.505
7245,34.973523,5.799
7246,34.979614,6.091
7247,34.985542,5.928
7248,34.989907,4.365
7249,34.994063,4.156
7250,34.998656,4.593
7251,35.00583,7.174
7252,35.009825,3.995
7253,35.013859,4.034
7254,35.018479,4.62
7255,35.022799,4.32
7256,35.028796,5.997
7257,35.033737,4.941
7258,35.04007,6.333
7259,35.045661,5.591
7260,35.050337,4.676
7261,35.054887,4.55
7262,35.060262,5.375
7263,35.064559,4.297
7264,35.068667,4.108
7265,35.073534,4.867
7266,35.077201,3.667
7267,35.083458,6.257
7268,35.089423,5.965
7269,35.093031,3.608
7270,35.099025,5.994
7271,35.102927,3.902
7272,35.10903,6.103
7273,35.114611,5.581
7274,35.119006,4.395
7275,35.124431,5.425
7276,35.128236,3.805
7277,35.13217,3.934
7278,35.136341,4.171
7279,35.143163,6.822
7280,35.14684,3.677
7281,35.15116,4.32
7282,35.158041,6.881
7283,35.161534,3.493
7284,35.166322,4.788
7285,35.172064,5.742
7286,35.176969,4.905
7287,35.180605,3.636
7288,35.186426,5.821
7289,35.191719,5.293
7290,35.19525,3.531
7291,35.19968,4.43
7292,35.203995,4.315
7293,35.209223,5.228
7294,35.212994,3.771
7295,35.217224,4.23
7296,35.224278,7.054
7297,35.227668,3.39
7298,35.232141,4.473
7299,35.238243,6.102
7300,35.243245,5.002
7301,35.246902,3.657
7302,35.253112,6.21
7303,35.258372,5.26
7304,35.261911,3.539
7305,35.267765,5.854
7306,35.272337,4.572
7307,35.277056,4.719
7308,35.282179,5.123
7309,35.286524,4.345
7310,35.291569,5.045
7311,35.295487,3.918
7312,35.299867,4.38
7313,35.30542,5.553
7314,35.309643,4.223
7315,35.314225,4.582
7316,35.319228,5.003
7317,35.324271,5.043
7318,35.327849,3.578
7319,35.334169,6.32
7320,35.338516,4.347
7321,35.343539,5.023
7322,35.348898,5.359
7323,35.35327,4.372
7324,35.358342,5.072
7325,35.363604,5.262
7326,35.367795,4.191
7327,35.372153,4.358
7328,35.378423,6.27
7329,35.382233,3.81
7330,35.386404,4.171
7331,35.391615,5.211
7332,35.395316,3.701
7333,35.399463,4.147
7334,35.403781,4.318
7335,35.409236,5.455
7336,35.413063,3.827
7337,35.418316,5.253
7338,35.423856,5.54
7339,35.429467,5.611
7340,35.433809,4.342
7341,35.438259,4.45
7342,35.444409,6.15
7343,35.448075,3.666
7344,35.454657,6.582
7345,35.459703,5.046
7346,35.462777,3.074
7347,35.468748,5.971
7348,35.473052,4.304
7349,35.479771,6.719
7350,35.483365,3.594
7351,35.487764,4.399
7352,35.494028,6.264
7353,35.497646,3.618
7354,35.504142,6.496
7355,35.509089,4.947
7356,35.513656,4.567
7357,35.518983,5.327
7358,35.5229160000001,3.933
7359,35.5297570000001,6.841
7360,35.5333770000001,3.62
7361,35.5386740000001,5.297
7362,35.544176,5.502
7363,35.547683,3.507
7364,35.554421,6.738
7365,35.558857,4.436
7366,35.569141,10.284
7367,35.579135,9.994
7368,35.582648,3.513
7369,35.589045,6.397
7370,35.593935,4.89
7371,35.597512,3.577
7372,35.602633,5.121
7373,35.607548,4.915
7374,35.610963,3.415
7375,35.615455,4.492
7376,35.620308,4.853
7377,35.625018,4.71
7378,35.62965,4.632
7379,35.636263,6.613
7380,35.639909,3.646
7381,35.643853,3.944
7382,35.649715,5.862
7383,35.653264,3.549
7384,35.66011,6.846
7385,35.664558,4.448
7386,35.668247,3.689
7387,35.673563,5.316
7388,35.678475,4.912
7389,35.683888,5.413
7390,35.688245,4.357
7391,35.693019,4.774
7392,35.697526,4.507
7393,35.70191,4.384
7394,35.708874,6.964
7395,35.712549,3.675
7396,35.716934,4.385
7397,35.72196,5.026
7398,35.733391,11.431
7399,35.739554,6.163
7400,35.744294,4.74
7401,35.748812,4.518
7402,35.753062,4.25
7403,35.75766,4.598
7404,35.764222,6.562
7405,35.768061,3.839
7406,35.772427,4.366
7407,35.777579,5.152
7408,35.78283,5.251
7409,35.788076,5.246
7410,35.79247,4.394
7411,35.797401,4.931
7412,35.801623,4.222
7413,35.806116,4.493
7414,35.811563,5.447
7415,35.815652,4.089
7416,35.821541,5.889
7417,35.82703,5.489
7418,35.833524,6.494
7419,35.839163,5.639
7420,35.843706,4.543
7421,35.848897,5.191
7422,35.85288,3.983
7423,35.857836,4.956
7424,35.862486,4.65
7425,35.866415,3.929
7426,35.870439,4.024
7427,35.876663,6.224
7428,35.88198,5.317
7429,35.886372,4.392
7430,35.892188,5.816
7431,35.896953,4.765
7432,35.900704,3.751
7433,35.907684,6.98
7434,35.913696,6.012
7435,35.919131,5.435
7436,35.924807,5.676
7437,35.935826,11.019
7438,35.946201,10.375
7439,35.953893,7.692
7440,35.969569,15.676
7441,35.979295,9.726
7442,35.986283,6.988
7443,35.99121,4.927
7444,35.997545,6.335
7445,36.002358,4.813
7446,36.007507,5.149
7447,36.018971,11.464
7448,36.027207,8.236
7449,36.03572,8.513
7450,36.047192,11.472
7451,36.052662,5.47
7452,36.060083,7.421
7453,36.06437,4.287
7454,36.070361,5.991
7455,36.075179,4.818
7456,36.078898,3.719
7457,36.084079,5.181
7458,36.088663,4.584
7459,36.09508,6.417
7460,36.099124,4.044
7461,36.104534,5.41
7462,36.108617,4.083
7463,36.11266,4.043
7464,36.118731,6.071
7465,36.122837,4.106
7466,36.127655,4.818
7467,36.132034,4.379
7468,36.136505,4.471
7469,36.144278,7.773
7470,36.148848,4.57
7471,36.153102,4.254
7472,36.158339,5.237
7473,36.162859,4.52
7474,36.168447,5.588
7475,36.172731,4.284
7476,36.177467,4.736
7477,36.181869,4.402
7478,36.186041,4.172
7479,36.192329,6.288
7480,36.197124,4.795
7481,36.200786,3.662
7482,36.205787,5.001
7483,36.211997,6.21
7484,36.216913,4.916
7485,36.220489,3.576
7486,36.2248,4.311
7487,36.230379,5.579
7488,36.233893,3.514
7489,36.240147,6.254
7490,36.244897,4.75
7491,36.248836,3.939
7492,36.25335,4.514
7493,36.257765,4.415
7494,36.262415,4.65
7495,36.266026,3.611
7496,36.270269,4.243
7497,36.277203,6.934
7498,36.281983,4.78
7499,36.286812,4.829
7500,36.291444,4.632
7501,36.295977,4.533
7502,36.300141,4.164
7503,36.304474,4.333
7504,36.312538,8.064
7505,36.316617,4.079
7506,36.321208,4.591
7507,36.326071,4.863
7508,36.331221,5.15
7509,36.338424,7.203
7510,36.345267,6.843
7511,36.355875,10.608
7512,36.364542,8.667
7513,36.369772,5.23
7514,36.376233,6.461
7515,36.383236,7.003
7516,36.398363,15.127
7517,36.4047,6.337
7518,36.411148,6.448
7519,36.417108,5.96
7520,36.421197,4.089
7521,36.443315,22.118
7522,36.44755,4.235
7523,36.453647,6.097
7524,36.460636,6.989
7525,36.464769,4.133
7526,36.46985,5.081
7527,36.475243,5.393
7528,36.478952,3.709
7529,36.485149,6.197
7530,36.48951,4.361
7531,36.495134,5.624
7532,36.499214,4.08
7533,36.502792,3.578
7534,36.50985,7.058
7535,36.51322,3.37
7536,36.517554,4.334
7537,36.522595,5.041
7538,36.528694,6.099
7539,36.533198,4.504
7540,36.537111,3.913
7541,36.544292,7.181
7542,36.548282,3.99
7543,36.552789,4.507
7544,36.558933,6.144
7545,36.563858,4.925
7546,36.567497,3.639
7547,36.578335,10.838
7548,36.582695,4.36
7549,36.592082,9.387
7550,36.596295,4.213
7551,36.602642,6.347
7552,36.607715,5.073
7553,36.611995,4.28
7554,36.618374,6.379
7555,36.62308,4.706
7556,36.628672,5.592
7557,36.634398,5.726
7558,36.638509,4.111
7559,36.643946,5.437
7560,36.648467,4.521
7561,36.653224,4.757
7562,36.657455,4.231
7563,36.663759,6.304
7564,36.669124,5.365
7565,36.674396,5.272
7566,36.677732,3.336
7567,36.682791,5.059
7568,36.687774,4.983
7569,36.693393,5.619
7570,36.698518,5.125
7571,36.704654,6.136
7572,36.708979,4.325
7573,36.71347,4.491
7574,36.719671,6.201
7575,36.724815,5.144
7576,36.728545,3.73
7577,36.733375,4.83
7578,36.738393,5.018
7579,36.743855,5.462
7580,36.748221,4.366
7581,36.753191,4.97
7582,36.757657,4.466
7583,36.762044,4.387
7584,36.768258,6.214
7585,36.773202,4.944
7586,36.776871,3.669
7587,36.782009,5.138
7588,36.786889,4.88
7589,36.792704,5.815
7590,36.796776,4.072
7591,36.801551,4.775
7592,36.806061,4.51
7593,36.810635,4.574
7594,36.816974,6.339
7595,36.821619,4.645
7596,36.82539,3.771
7597,36.830427,5.037
7598,36.835296,4.869
7599,36.840986,5.69
7600,36.845283,4.297
7601,36.850167,4.884
7602,36.854521,4.354
7603,36.858913,4.392
7604,36.865249,6.336
7605,36.870173,4.924
7606,36.87403,3.857
7607,36.878897,4.867
7608,36.884109,5.212
7609,36.889718,5.609
7610,36.894173,4.455
7611,36.898148,3.975
7612,36.903739,5.591
7613,36.907469,3.73
7614,36.914048,6.579
7615,36.921389,7.341
7616,36.926952,5.563
7617,36.932308,5.356
7618,36.937217,4.909
7619,36.942649,5.432
7620,36.946233,3.584
7621,36.950504,4.271
7622,36.956277,5.773
7623,36.959937,3.66
7624,36.966308,6.371
7625,36.971168,4.86
7626,36.974943,3.775
7627,36.980065,5.122
7628,36.985028,4.963
7629,36.990753,5.725
7630,36.995424,4.671
7631,36.999482,4.058
7632,37.005117,5.635
7633,37.008927,3.81
7634,37.015596,6.669
7635,37.021671,6.075
7636,37.025303,3.632
7637,37.029184,3.881
7638,37.034421,5.237
7639,37.040142,5.721
7640,37.044465,4.323
7641,37.048907,4.442
7642,37.054635,5.728
7643,37.058225,3.59
7644,37.064817,6.592
7645,37.070018,5.201
7646,37.073761,3.743
7647,37.078889,5.128
7648,37.084053,5.164
7649,37.089939,5.886
7650,37.094338,4.399
7651,37.098866,4.528
7652,37.10458,5.714
7653,37.109112,4.532
7654,37.115056,5.944
7655,37.120405,5.349
7656,37.124372,3.967
7657,37.129436,5.064
7658,37.134678,5.242
7659,37.140425,5.747
7660,37.144963,4.538
7661,37.150073,5.11
7662,37.155517,5.444
7663,37.159364,3.847
7664,37.166235,6.871
7665,37.171967,5.732
7666,37.178689,6.722
7667,37.182564,3.875
7668,37.187576,5.012
7669,37.193237,5.661
7670,37.197827,4.59
7671,37.202134,4.307
7672,37.208087,5.953
7673,37.213095,5.008
7674,37.218169,5.074
7675,37.223298,5.129
7676,37.22701,3.712
7677,37.232113,5.103
7678,37.237065,4.952
7679,37.24259,5.525
7680,37.246913,4.323
7681,37.251452,4.539
7682,37.257195,5.743
7683,37.260298,3.103
7684,37.266741,6.443
7685,37.271466,4.725
7686,37.276872,5.406
7687,37.28084,3.968
7688,37.287216,6.376
7689,37.292861,5.645
7690,37.297031,4.17
7691,37.301231,4.2
7692,37.307653,6.422
7693,37.319308,11.655
7694,37.325606,6.298
7695,37.328844,3.238
7696,37.333083,4.239
7697,37.338714,5.631
7698,37.342241,3.527
7699,37.348653,6.412
7700,37.355021,6.368
7701,37.359627,4.606
7702,37.363508,3.881
7703,37.368632,5.124
7704,37.374408,5.776
7705,37.378409,4.001
7706,37.383199,4.79
7707,37.38758,4.381
7708,37.391775,4.195
7709,37.39856,6.785
7710,37.402258,3.698
7711,37.40671,4.452
7712,37.412416,5.706
7713,37.415585,3.169
7714,37.422006,6.421
7715,37.427263,5.257
7716,37.431087,3.824
7717,37.435728,4.641
7718,37.442141,6.413
7719,37.447713,5.572
7720,37.451856,4.143
7721,37.45868,6.824
7722,37.462497,3.817
7723,37.466612,4.115
7724,37.47093,4.318
7725,37.476222,5.292
7726,37.47943,3.208
7727,37.483741,4.311
7728,37.489957,6.216
7729,37.494579,4.622
7730,37.500139,5.56
7731,37.504385,4.246
7732,37.50917,4.785
7733,37.513029,3.859
7734,37.51938,6.351
7735,37.523566,4.186
7736,37.529672,6.106
7737,37.537206,7.534
7738,37.542982,5.776
7739,37.551259,8.277
7740,37.559239,7.98
7741,37.568144,8.905
7742,37.577858,9.714
7743,37.581933,4.075
7744,37.587086,5.153
7745,37.591889,4.803
7746,37.59666,4.771
7747,37.600178,3.518
7748,37.606979,6.801
7749,37.610554,3.575
7750,37.614726,4.172
7751,37.619883,5.157
7752,37.623072,3.189
7753,37.628444,5.372
7754,37.635713,7.269
7755,37.645108,9.395
7756,37.648638,3.53
7757,37.653973,5.335
7758,37.658622,4.649
7759,37.663894,5.272
7760,37.668346,4.452
7761,37.674193,5.847
7762,37.678349,4.156
7763,37.683086,4.737
7764,37.6869,3.814
7765,37.690952,4.052
7766,37.697135,6.183
7767,37.701885,4.75
7768,37.705694,3.809
7769,37.710145,4.451
7770,37.714824,4.679
7771,37.72047,5.646
7772,37.724539,4.069
7773,37.729702,5.163
7774,37.733691,3.989
7775,37.737847,4.156
7776,37.74277,4.923
7777,37.747846,5.076
7778,37.751615,3.769
7779,37.754742,3.127
7780,37.759715,4.973
7781,37.76379,4.075
7782,37.767841,4.051
7783,37.772071,4.23
7784,37.776897,4.826
7785,37.783334,6.437
7786,37.789434,6.1
7787,37.794122,4.688
7788,37.797826,3.704
7789,37.802186,4.36
7790,37.806589,4.403
7791,37.812411,5.822
7792,37.815468,3.057
7793,37.819842,4.374
7794,37.82466,4.818
7795,37.829274,4.614
7796,37.835127,5.853
7797,37.843011,7.884
7798,37.847669,4.658
7799,37.852368,4.699
7800,37.856901,4.533
7801,37.863619,6.718
7802,37.867146,3.527
7803,37.871515,4.369
7804,37.876451,4.936
7805,37.881171,4.72
7806,37.886484,5.313
7807,37.890925,4.441
7808,37.895538,4.613
7809,37.899458,3.92
7810,37.903591,4.133
7811,37.908858,5.267
7812,37.913606,4.748
7813,37.917122,3.516
7814,37.921334,4.212
7815,37.928531,7.197
7816,37.934493,5.962
7817,37.939169,4.676
7818,37.943462,4.293
7819,37.948376,4.914
7820,37.951906,3.53
7821,37.95815,6.244
7822,37.96303,4.88
7823,37.966925,3.895
7824,37.97149,4.565
7825,37.976405,4.915
7826,37.982913,6.508
7827,37.98632,3.407
7828,37.990698,4.378
7829,37.995726,5.028
7830,37.999756,4.03
7831,38.006435,6.679
7832,38.011868,5.433
7833,38.015806,3.938
7834,38.019136,3.33
7835,38.023496,4.36
7836,38.028242,4.746
7837,38.032052,3.81
7838,38.036386,4.334
7839,38.042945,6.559
7840,38.047932,4.987
7841,38.051493,3.561
7842,38.055747,4.254
7843,38.060645,4.898
7844,38.064459,3.814
7845,38.07088,6.421
7846,38.075083,4.203
7847,38.080089,5.006
7848,38.083892,3.803
7849,38.088417,4.525
7850,38.095018,6.601
7851,38.098958,3.94
7852,38.104751,5.793
7853,38.109062,4.311
7854,38.116251,7.189
7855,38.119692,3.441
7856,38.123931,4.239
7857,38.129357,5.426
7858,38.13301,3.653
7859,38.137036,4.026
7860,38.141109,4.073
7861,38.146274,5.165
7862,38.149906,3.632
7863,38.156141,6.235
7864,38.160719,4.578
7865,38.166376,5.657
7866,38.170542,4.166
7867,38.174799,4.257
7868,38.179739,4.94
7869,38.18323,3.491
7870,38.187535,4.305
7871,38.192336,4.801
7872,38.197668,5.332
7873,38.201872,4.204
7874,38.207875,6.003
7875,38.212729,4.854
7876,38.216244,3.515
7877,38.220432,4.188
7878,38.225408,4.976
7879,38.230047,4.639
7880,38.235264,5.217
7881,38.239818,4.554
7882,38.245635,5.817
7883,38.249631,3.996
7884,38.254152,4.521
7885,38.261661,7.509
7886,38.264775,3.114
7887,38.268242,3.467
7888,38.272585,4.343
7889,38.277668,5.083
7890,38.281718,4.05
7891,38.285534,3.816
7892,38.291804,6.27
7893,38.29604,4.236
7894,38.301535,5.495
7895,38.305647,4.112
7896,38.311063,5.416
7897,38.31609,5.027
7898,38.320583,4.493
7899,38.325896,5.313
7900,38.332904,7.008
7901,38.336324,3.42
7902,38.342066,5.742
7903,38.34849,6.424
7904,38.351895,3.405
7905,38.35791,6.015
7906,38.363551,5.641
7907,38.367058,3.507
7908,38.370409,3.351
7909,38.374678,4.269
7910,38.38115,6.472
7911,38.384677,3.527
7912,38.390311,5.634
7913,38.395272,4.961
7914,38.39876,3.488
7915,38.403122,4.362
7916,38.406977,3.855
7917,38.414249,7.272
7918,38.417488,3.239
7919,38.422,4.512
7920,38.42763,5.63
7921,38.433521,5.891
7922,38.437767,4.246
7923,38.44492,7.153
7924,38.449605,4.685
7925,38.453064,3.459
7926,38.457497,4.433
7927,38.463788,6.291
7928,38.467178,3.39
7929,38.472665,5.487
7930,38.476585,3.92
7931,38.483639,7.054
7932,38.486825,3.186
7933,38.491622,4.797
7934,38.496393,4.771
7935,38.500222,3.829
7936,38.504612,4.39
7937,38.509123,4.511
7938,38.513785,4.662
7939,38.517807,4.022
7940,38.521881,4.074
7941,38.52984,7.959
7942,38.536447,6.607
7943,38.539237,2.79
7944,38.543518,4.281
7945,38.548874,5.356
7946,38.55321,4.336
7947,38.556841,3.631
7948,38.562362,5.521
7949,38.565666,3.304
7950,38.569951,4.285
7951,38.574622,4.671
7952,38.579297,4.675
7953,38.594225,14.928
7954,38.597904,3.679
7955,38.602962,5.058
7956,38.607879,4.917
7957,38.61317,5.291
7958,38.618181,5.011
7959,38.624388,6.207
7960,38.630056,5.668
7961,38.633892,3.836
7962,38.643349,9.457
7963,38.647955,4.606
7964,38.651249,3.294
7965,38.657273,6.024
7966,38.661104,3.831
7967,38.664928,3.824
7968,38.670093,5.165
7969,38.675321,5.228
7970,38.679279,3.958
7971,38.683842,4.563
7972,38.689043,5.201
7973,38.693963,4.92
7974,38.698204,4.241
7975,38.703627,5.423
7976,38.707779,4.152
7977,38.714121,6.342
7978,38.719374,5.253
7979,38.724063,4.689
7980,38.729196,5.133
7981,38.734605,5.409
7982,38.739258,4.653
7983,38.743393,4.135
7984,38.74747,4.077
7985,38.754154,6.684
7986,38.757914,3.76
7987,38.763125,5.211
7988,38.768344,5.219
7989,38.773216,4.872
7990,38.777689,4.473
7991,38.782908,5.219
7992,38.788187,5.279
7993,38.793153,4.966
7994,38.797333,4.18
7995,38.803823,6.49
7996,38.811283,7.46
7997,38.815058,3.775
7998,38.819923,4.865
7999,38.825302,5.379
8000,38.830136,4.834
8001,38.834862,4.726
8002,38.840845,5.983
8003,38.845213,4.368
8004,38.849246,4.033
8005,38.85575,6.504
8006,38.859584,3.834
8007,38.865365,5.781
8008,38.870681,5.316
8009,38.878674,7.993
8010,38.884198,5.524
8011,38.891431,7.233
8012,38.8955,4.069
8013,38.899853,4.353
8014,38.905603,5.75
8015,38.912576,6.973
8016,38.918089,5.513
8017,38.924111,6.022
8018,38.928306,4.195
8019,38.933438,5.132
8020,38.938622,5.184
8021,38.943479,4.857
8022,38.947858,4.379
8023,38.955753,7.895
8024,38.958972,3.219
8025,38.964306,5.334
8026,38.969592,5.286
8027,38.972632,3.04
8028,38.977036,4.404
8029,38.9814,4.364
8030,38.986507,5.107
8031,38.989981,3.474
8032,38.995728,5.747
8033,39.000437,4.709
8034,39.006163,5.726
8035,39.010216,4.053
8036,39.014958,4.742
8037,39.01888,3.922
8038,39.023108,4.228
8039,39.028001,4.893
8040,39.032424,4.423
8041,39.036085,3.661
8042,39.039834,3.749
8043,39.044857,5.023
8044,39.048737,3.88
8045,39.052824,4.087
8046,39.058337,5.513
8047,39.06153,3.193
8048,39.065906,4.376
8049,39.070402,4.496
8050,39.075377,4.975
8051,39.0788,3.423
8052,39.083025,4.225
8053,39.087609,4.584
8054,39.092684,5.075
8055,39.096582,3.898
8056,39.100658,4.076
8057,39.104974,4.316
8058,39.109996,5.022
8059,39.113679,3.683
8060,39.118214,4.535
8061,39.122361,4.147
8062,39.128256,5.895
8063,39.1323,4.044
8064,39.13774,5.44
8065,39.141839,4.099
8066,39.146781,4.942
8067,39.150488,3.707
8068,39.156514,6.026
8069,39.160006,3.492
8070,39.164807,4.801
8071,39.168663,3.856
8072,39.173141,4.478
8073,39.177382,4.241
8074,39.182562,5.18
8075,39.186098,3.536
8076,39.190549,4.451
8077,39.19482,4.271
8078,39.19982,5.0
8079,39.203702,3.882
8080,39.208191,4.489
8081,39.212645,4.454
8082,39.217481,4.836
8083,39.221111,3.63
8084,39.225656,4.545
8085,39.230104,4.448
8086,39.235413,5.309
8087,39.241004,5.591
8088,39.244239,3.235
8089,39.249229,4.99
8090,39.252883,3.654
8091,39.258527,5.644
8092,39.262947,4.42
8093,39.268255,5.308
8094,39.271494,3.239
8095,39.277219,5.725
8096,39.28137,4.151
8097,39.286383,5.013
8098,39.291199,4.816
8099,39.294917,3.718
8100,39.299993,5.076
8101,39.303679,3.686
8102,39.308366,4.687
8103,39.312723,4.357
8104,39.317391,4.668
8105,39.321234,3.843
8106,39.325454,4.22
8107,39.329853,4.399
8108,39.334779,4.926
8109,39.340616,5.837
8110,39.344821,4.205
8111,39.349765,4.944
8112,39.353705,3.94
8113,39.358015,4.31
8114,39.36215,4.135
8115,39.367085,4.935
8116,39.370832,3.747
8117,39.375345,4.513
8118,39.379462,4.117
8119,39.384264,4.802
8120,39.388366,4.102
8121,39.39261,4.244
8122,39.399395,6.785
8123,39.402727,3.332
8124,39.40823,5.503
8125,39.412687,4.457
8126,39.417032,4.345
8127,39.420682,3.65
8128,39.424874,4.192
8129,39.429068,4.194
8130,39.434127,5.059
8131,39.438782,4.655
8132,39.443,4.218
8133,39.447499,4.499
8134,39.452456,4.957
8135,39.456703,4.247
8136,39.461054,4.351
8137,39.465971,4.917
8138,39.470163,4.192
8139,39.474595,4.432
8140,39.480873,6.278
8141,39.485966,5.093
8142,39.491497,5.531
8143,39.495452,3.955
8144,39.499889,4.437
8145,39.505309,5.42
8146,39.508975,3.666
8147,39.513246,4.271
8148,39.518568,5.322
8149,39.521923,3.355
8150,39.526567,4.644
8151,39.532844,6.277
8152,39.53802,5.176
8153,39.541881,3.861
8154,39.546329,4.448
8155,39.550908,4.579
8156,39.556209,5.301
8157,39.560834,4.625
8158,39.564504,3.67
8159,39.569718,5.214
8160,39.57397,4.252
8161,39.578174,4.204
8162,39.582583,4.409
8163,39.596973,14.39
8164,39.600852,3.879
8165,39.609445,8.593
8166,39.613431,3.986
8167,39.619689,6.258
8168,39.624426,4.737
8169,39.627817,3.391
8170,39.634739,6.922
8171,39.641545,6.806
8172,39.646449,4.904
8173,39.651106,4.657
8174,39.65574,4.634
8175,39.661344,5.604
8176,39.666095,4.751
8177,39.669741,3.646
8178,39.673765,4.024
8179,39.680953,7.188
8180,39.686192,5.239
8181,39.690197,4.005
8182,39.695018,4.821
8183,39.698488,3.47
8184,39.702781,4.293
8185,39.706686,3.905
8186,39.714923,8.237
8187,39.717964,3.041
8188,39.723901,5.937
8189,39.728173,4.272
8190,39.731809,3.636
8191,39.737858,6.049
8192,39.74345,5.592
8193,39.746369,2.919
8194,39.750656,4.287
8195,39.754953,4.297
8196,39.762904,7.951
8197,39.766289,3.385
8198,39.770397,4.108
8199,39.776389,5.992
8200,39.781373,4.984
8201,39.785513,4.14
8202,39.792395,6.882
8203,39.795167,2.772
8204,39.798509,3.342
8205,39.802754,4.245
8206,39.809173,6.419
8207,39.812626,3.453
8208,39.81689,4.264
8209,39.820963,4.073
8210,39.827099,6.136
8211,39.83143,4.331
8212,39.835635,4.205
8213,39.842462,6.827
8214,39.846106,3.644
8215,39.850463,4.357
8216,39.854588,4.125
8217,39.860517,5.929
8218,39.863376,2.859
8219,39.867664,4.288
8220,39.871857,4.193
8221,39.878585,6.728
8222,39.883594,5.009
8223,39.887971,4.377
8224,39.894324,6.353
8225,39.897684,3.36
8226,39.90198,4.296
8227,39.907373,5.393
8228,39.912509,5.136
8229,39.916,3.491
8230,39.920083,4.083
8231,39.925837,5.754
8232,39.930378,4.541
8233,39.933678,3.3
8234,39.939342,5.664
8235,39.944362,5.02
8236,39.947924,3.562
8237,39.952112,4.188
8238,39.957706,5.594
8239,39.961812,4.106
8240,39.96727,5.458
8241,39.971519,4.249
8242,39.978282,6.763
8243,39.983293,5.011
8244,39.986398,3.105
8245,39.992019,5.621
8246,39.998437,6.418
8247,40.002881,4.444
8248,40.008039,5.158
8249,40.012031,3.992
8250,40.017471,5.44
8251,40.022154,4.683
8252,40.026538,4.384
8253,40.030743,4.205
8254,40.036087,5.344
8255,40.041103,5.016
8256,40.045158,4.055
8257,40.050238,5.08
8258,40.056198,5.96
8259,40.0603,4.102
8260,40.066055,5.755
8261,40.07091,4.855
8262,40.074515,3.605
8263,40.078702,4.187
8264,40.083867,5.165
8265,40.086929,3.062
8266,40.094421,7.492
8267,40.097959,3.538
8268,40.103148,5.189
8269,40.106267,3.119
8270,40.110632,4.365
8271,40.11728,6.648
8272,40.121356,4.076
8273,40.128862,7.506
8274,40.131731,2.869
8275,40.13749,5.759
8276,40.140343,2.853
8277,40.144428,4.085
8278,40.149245,4.817
8279,40.153279,4.034
8280,40.158924,5.645
8281,40.162169,3.245
8282,40.169122,6.953
8283,40.171959,2.837
8284,40.17653,4.571
8285,40.180654,4.124
8286,40.185501,4.847
8287,40.189499,3.998
8288,40.195225,5.726
8289,40.199636,4.411
8290,40.203329,3.693
8291,40.208522,5.193
8292,40.212153,3.631
8293,40.217186,5.033
8294,40.220362,3.176
8295,40.227837,7.475
8296,40.231629,3.792
8297,40.236468,4.839
8298,40.240202,3.734
8299,40.244327,4.125
8300,40.251172,6.845
8301,40.254654,3.482
8302,40.259798,5.144
8303,40.263924,4.126
8304,40.268718,4.794
8305,40.272566,3.848
8306,40.278727,6.161
8307,40.283466,4.739
8308,40.287244,3.778
8309,40.292918,5.674
8310,40.296914,3.996
8311,40.303728,6.814
8312,40.308883,5.155
8313,40.31278,3.897
8314,40.317124,4.344
8315,40.323081,5.957
8316,40.327045,3.964
8317,40.33127,4.225
8318,40.336073,4.803
8319,40.34061,4.537
8320,40.346208,5.598
8321,40.351234,5.026
8322,40.356237,5.003
8323,40.360662,4.425
8324,40.364569,3.907
8325,40.3697,5.131
8326,40.374727,5.027
8327,40.378793,4.066
8328,40.383551,4.758
8329,40.387249,3.698
8330,40.39137,4.121
8331,40.397816,6.446
8332,40.402267,4.451
8333,40.408772,6.505
8334,40.412294,3.522
8335,40.417416,5.122
8336,40.42097,3.554
8337,40.425051,4.081
8338,40.429186,4.135
8339,40.434053,4.867
8340,40.437897,3.844
8341,40.444227,6.33
8342,40.448334,4.107
8343,40.453423,5.089
8344,40.457776,4.353
8345,40.461803,4.027
8346,40.466282,4.479
8347,40.469918,3.636
8348,40.476232,6.314
8349,40.479585,3.353
8350,40.48451,4.925
8351,40.489683,5.173
8352,40.494969,5.286
8353,40.499712,4.743
8354,40.503145,3.433
8355,40.508161,5.016
8356,40.512156,3.995
8357,40.517109,4.953
8358,40.521556,4.447
8359,40.525427,3.871
8360,40.52958,4.153
8361,40.534591,5.011
8362,40.539687,5.096
8363,40.543501,3.814
8364,40.548445,4.944
8365,40.552259,3.814
8366,40.557422,5.163
8367,40.561657,4.235
8368,40.568756,7.099
8369,40.574219,5.463
8370,40.57833,4.111
8371,40.58311,4.78
8372,40.586752,3.642
8373,40.59107,4.318
8374,40.60871,17.64
8375,40.612491,3.781
8376,40.61907,6.579
8377,40.623162,4.092
8378,40.628182,5.02
8379,40.631666,3.484
8380,40.636013,4.347
8381,40.641521,5.508
8382,40.645028,3.507
8383,40.649525,4.497
8384,40.656831,7.306
8385,40.660636,3.805
8386,40.665208,4.572
8387,40.669968,4.76
8388,40.675756,5.788
8389,40.678537,2.781
8390,40.683112,4.575
8391,40.688103,4.991
8392,40.692167,4.064
8393,40.696893,4.726
8394,40.702333,5.44
8395,40.705786,3.453
8396,40.710168,4.382
8397,40.714586,4.418
8398,40.719897,5.311
8399,40.72349,3.593
8400,40.727994,4.504
8401,40.733016,5.022
8402,40.736975,3.959
8403,40.7413,4.325
8404,40.745693,4.393
8405,40.750707,5.014
8406,40.755873,5.166
8407,40.760049,4.176
8408,40.765046,4.997
8409,40.768894,3.848
8410,40.773297,4.403
8411,40.777427,4.13
8412,40.782453,5.026
8413,40.78599,3.537
8414,40.790468,4.478
8415,40.795061,4.593
8416,40.798723,3.662
8417,40.805157,6.434
8418,40.809648,4.491
8419,40.814944,5.296
8420,40.817548,2.604
8421,40.821945,4.397
8422,40.82674,4.795
8423,40.830423,3.683
8424,40.834693,4.27
8425,40.84032,5.627
8426,40.844404,4.084
8427,40.847993,3.589
8428,40.852336,4.343
8429,40.858171,5.835
8430,40.861312,3.141
8431,40.865458,4.146
8432,40.869759,4.301
8433,40.87571,5.951
8434,40.878906,3.196
8435,40.883143,4.237
8436,40.887092,3.949
8437,40.894323,7.231
8438,40.897615,3.292
8439,40.902037,4.422
8440,40.907675,5.638
8441,40.910791,3.116
8442,40.915219,4.428
8443,40.919469,4.25
8444,40.928264,8.795
8445,40.930661,2.397
8446,40.934625,3.964
8447,40.939003,4.378
8448,40.94397,4.967
8449,40.947657,3.687
8450,40.952085,4.428
8451,40.956278,4.193
8452,40.961282,5.004
8453,40.964984,3.702
8454,40.970067,5.083
8455,40.974292,4.225
8456,40.978665,4.373
8457,40.982296,3.631
8458,40.986792,4.496
8459,40.991153,4.361
8460,40.996166,5.013
8461,40.999619,3.453
8462,41.005152,5.533
8463,41.009464,4.312
8464,41.014357,4.893
8465,41.018244,3.887
8466,41.022929,4.685
8467,41.027295,4.366
8468,41.032527,5.232
8469,41.035728,3.201
8470,41.039805,4.077
8471,41.04411,4.305
8472,41.049378,5.268
8473,41.052736,3.358
8474,41.057767,5.031
8475,41.061915,4.148
8476,41.06665,4.735
8477,41.071721,5.071
8478,41.07643,4.709
8479,41.082717,6.287
8480,41.08648,3.763
8481,41.091057,4.577
8482,41.095209,4.152
8483,41.100492,5.283
8484,41.104604,4.112
8485,41.108102,3.498
8486,41.112292,4.19
8487,41.118091,5.799
8488,41.125203,7.112
8489,41.131654,6.451
8490,41.139855,8.201
8491,41.142368,2.513
8492,41.148815,6.447
8493,41.153341,4.526
8494,41.158489,5.148
8495,41.162092,3.603
8496,41.166499,4.407
8497,41.170953,4.454
8498,41.175524,4.571
8499,41.179036,3.512
8500,41.18343,4.394
8501,41.189224,5.794
8502,41.192862,3.638
8503,41.196913,4.051
8504,41.201103,4.19
8505,41.206012,4.909
8506,41.209531,3.519
8507,41.213936,4.405
8508,41.2182,4.264
8509,41.224545,6.345
8510,41.227676,3.131
8511,41.233309,5.633
8512,41.237833,4.524
8513,41.241591,3.758
8514,41.245798,4.207
8515,41.252111,6.313
8516,41.256736,4.625
8517,41.260262,3.526
8518,41.26449,4.228
8519,41.268917,4.427
8520,41.273783,4.866
8521,41.27733,3.547
8522,41.281483,4.153
8523,41.286431,4.948
8524,41.29056,4.129
8525,41.295383,4.823
8526,41.298585,3.202
8527,41.303428,4.843
8528,41.307881,4.453
8529,41.311566,3.685
8530,41.315852,4.286
8531,41.320699,4.847
8532,41.32832,7.621
8533,41.332257,3.937
8534,41.337291,5.034
8535,41.342678,5.387
8536,41.346963,4.285
8537,41.351114,4.151
8538,41.356012,4.898
8539,41.359724,3.712
8540,41.364053,4.329
8541,41.368949,4.896
8542,41.373326,4.377
8543,41.377027,3.701
8544,41.381382,4.355
8545,41.386371,4.989
8546,41.390837,4.466
8547,41.39512,4.283
8548,41.399429,4.309
8549,41.404268,4.839
8550,41.408086,3.818
8551,41.412432,4.346
8552,41.418319,5.887
8553,41.423162,4.843
8554,41.426992,3.83
8555,41.433237,6.245
8556,41.438936,5.699
8557,41.44193,2.994
8558,41.445845,3.915
8559,41.450088,4.243
8560,41.460861,10.773
8561,41.464303,3.442
8562,41.467567,3.264
8563,41.472035,4.468
8564,41.47721,5.175
8565,41.480914,3.704
8566,41.48493,4.016
8567,41.489522,4.592
8568,41.494666,5.144
8569,41.497701,3.035
8570,41.502253,4.552
8571,41.508837,6.584
8572,41.512298,3.461
8573,41.516452,4.154
8574,41.52076,4.308
8575,41.527514,6.754
8576,41.531137,3.623
8577,41.535636,4.499
8578,41.540486,4.85
8579,41.544477,3.991
8580,41.548416,3.939
8581,41.552855,4.439
8582,41.557786,4.931
8583,41.561576,3.79
8584,41.565875,4.299
8585,41.570385,4.51
8586,41.575453,5.068
8587,41.578978,3.525
8588,41.583312,4.334
8589,41.589391,6.079
8590,41.593222,3.831
8591,41.597825,4.603
8592,41.61191,14.085
8593,41.615446,3.536
8594,41.624674,9.228
8595,41.630295,5.621
8596,41.635507,5.212
8597,41.639653,4.146
8598,41.643508,3.855
8599,41.647911,4.403
8600,41.653119,5.208
8601,41.656907,3.788
8602,41.661056,4.149
8603,41.666351,5.295
8604,41.670008,3.657
8605,41.67457,4.562
8606,41.679444,4.874
8607,41.683545,4.101
8608,41.688453,4.908
8609,41.6931,4.647
8610,41.697138,4.038
8611,41.702312,5.174
8612,41.706878,4.566
8613,41.711321,4.443
8614,41.715232,3.911
8615,41.721563,6.331
8616,41.726846,5.283
8617,41.730835,3.989
8618,41.735485,4.65
8619,41.739879,4.394
8620,41.745096,5.217
8621,41.74915,4.054
8622,41.753666,4.516
8623,41.75881,5.144
8624,41.76298,4.17
8625,41.767366,4.386
8626,41.772079,4.713
8627,41.777278,5.199
8628,41.781223,3.945
8629,41.78584,4.617
8630,41.790153,4.313
8631,41.795187,5.034
8632,41.800874,5.687
8633,41.806341,5.467
8634,41.81031,3.969
8635,41.815661,5.351
8636,41.819901,4.24
8637,41.824319,4.418
8638,41.829237,4.918
8639,41.833191,3.954
8640,41.837447,4.256
8641,41.841785,4.338
8642,41.846792,5.007
8643,41.850503,3.711
8644,41.854894,4.391
8645,41.859976,5.082
8646,41.863551,3.575
8647,41.868023,4.472
8648,41.872362,4.339
8649,41.877339,4.977
8650,41.880997,3.658
8651,41.885499,4.502
8652,41.889669,4.17
8653,41.894485,4.816
8654,41.89819,3.705
8655,41.903476,5.286
8656,41.913782,10.306
8657,41.916463,2.681
8658,41.921033,4.57
8659,41.924908,3.875
8660,41.92959,4.682
8661,41.933061,3.471
8662,41.937263,4.202
8663,41.94173,4.467
8664,41.946551,4.821
8665,41.95024,3.689
8666,41.955462,5.222
8667,41.960371,4.909
8668,41.963721,3.35
8669,41.968077,4.356
8670,41.972421,4.344
8671,41.97742,4.999
8672,41.98218,4.76
8673,41.98632,4.14
8674,41.990609,4.289
8675,41.997278,6.669
8676,42.000971,3.693
8677,42.005086,4.115
8678,42.010121,5.035
8679,42.013768,3.647
8680,42.017977,4.209
8681,42.022164,4.187
8682,42.027338,5.174
8683,42.030884,3.546
8684,42.035238,4.354
8685,42.039171,3.933
8686,42.044015,4.844
8687,42.047642,3.627
8688,42.052082,4.44
8689,42.058373,6.291
8690,42.062181,3.808
8691,42.06654,4.359
8692,42.072183,5.643
8693,42.077035,4.852
8694,42.080634,3.599
8695,42.086746,6.112
8696,42.090975,4.229
8697,42.09588,4.905
8698,42.099833,3.953
8699,42.104429,4.596
8700,42.109357,4.928
8701,42.114219,4.862
8702,42.119337,5.118
8703,42.123761,4.424
8704,42.128676,4.915
8705,42.132085,3.409
8706,42.137122,5.037
8707,42.140935,3.813
8708,42.145709,4.774
8709,42.14953,3.821
8710,42.154077,4.547
8711,42.15878,4.703
8712,42.16363,4.85
8713,42.167963,4.333
8714,42.172026,4.063
8715,42.179008,6.982
8716,42.182521,3.513
8717,42.18678,4.259
8718,42.190987,4.207
8719,42.196024,5.037
8720,42.199554,3.53
8721,42.203724,4.17
8722,42.208624,4.9
8723,42.212362,3.738
8724,42.216771,4.409
8725,42.221466,4.695
8726,42.227715,6.249
8727,42.231516,3.801
8728,42.235811,4.295
8729,42.24009,4.279
8730,42.245007,4.917
8731,42.249242,4.235
8732,42.253605,4.363
8733,42.258635,5.03
8734,42.261837,3.202
8735,42.268117,6.28
8736,42.272273,4.156
8737,42.276843,4.57
8738,42.280944,4.101
8739,42.285605,4.661
8740,42.29024,4.635
8741,42.294835,4.595
8742,42.300308,5.473
8743,42.304704,4.396
8744,42.31133,6.626
8745,42.315302,3.972
8746,42.320169,4.867
8747,42.324766,4.597
8748,42.329025,4.259
8749,42.332678,3.653
8750,42.33723,4.552
8751,42.341412,4.182
8752,42.346582,5.17
8753,42.352031,5.449
8754,42.356308,4.277
8755,42.363152,6.844
8756,42.366881,3.729
8757,42.371534,4.653
8758,42.375597,4.063
8759,42.380522,4.925
8760,42.384398,3.876
8761,42.388923,4.525
8762,42.394604,5.681
8763,42.399473,4.869
8764,42.405463,5.99
8765,42.409541,4.078
8766,42.414598,5.057
8767,42.418403,3.805
8768,42.422939,4.536
8769,42.42746,4.521
8770,42.43189,4.43
8771,42.436095,4.205
8772,42.440322,4.227
8773,42.44655,6.228
8774,42.451764,5.214
8775,42.455223,3.459
8776,42.45934,4.117
8777,42.464194,4.854
8778,42.468181,3.987
8779,42.473171,4.99
8780,42.47691,3.739
8781,42.482009,5.099
8782,42.487762,5.753
8783,42.49239,4.628
8784,42.497957,5.567
8785,42.503052,5.095
8786,42.506562,3.51
8787,42.510954,4.392
8788,42.516082,5.128
8789,42.522465,6.383
8790,42.526428,3.963
8791,42.529868,3.44
8792,42.534904,5.036
8793,42.538529,3.625
8794,42.542875,4.346
8795,42.549848,6.973
8796,42.553828,3.98
8797,42.55793,4.102
8798,42.562166,4.236
8799,42.567045,4.879
8800,42.571692,4.647
8801,42.575548,3.856
8802,42.581628,6.08
8803,42.58662,4.992
8804,42.590265,3.645
8805,42.594435,4.17
8806,42.599436,5.001
8807,42.608547,9.111
8808,42.620482,11.935
8809,42.625223,4.741
8810,42.62926,4.037
8811,42.634724,5.464
8812,42.638489,3.765
8813,42.647531,9.042
8814,42.651426,3.895
8815,42.658135,6.709
8816,42.662648,4.513
8817,42.666118,3.47
8818,42.671162,5.044
8819,42.676855,5.693
8820,42.680716,3.861
8821,42.686677,5.961
8822,42.689622,2.945
8823,42.696793,7.171
8824,42.703109,6.316
8825,42.706762,3.653
8826,42.710979,4.217
8827,42.716065,5.086
8828,42.719707,3.642
8829,42.725698,5.991
8830,42.730662,4.964
8831,42.734652,3.99
8832,42.739537,4.885
8833,42.745741,6.204
8834,42.749551,3.81
8835,42.755881,6.33
8836,42.760883,5.002
8837,42.764804,3.921
8838,42.768848,4.044
8839,42.773129,4.281
8840,42.777964,4.835
8841,42.782158,4.194
8842,42.787249,5.091
8843,42.791668,4.419
8844,42.797508,5.84
8845,42.802565,5.057
8846,42.808346,5.781
8847,42.812655,4.309
8848,42.817201,4.546
8849,42.821354,4.153
8850,42.826379,5.025
8851,42.830593,4.214
8852,42.834717,4.124
8853,42.838995,4.278
8854,42.84386,4.865
8855,42.849627,5.767
8856,42.853892,4.265
8857,42.858805,4.913
8858,42.862755,3.95
8859,42.867157,4.402
8860,42.872594,5.437
8861,42.877702,5.108
8862,42.88278,5.078
8863,42.887222,4.442
8864,42.893293,6.071
8865,42.898412,5.119
8866,42.905272,6.86
8867,42.911336,6.064
8868,42.916879,5.543
8869,42.920271,3.392
8870,42.923863,3.592
8871,42.928599,4.736
8872,42.933658,5.059
8873,42.937281,3.623
8874,42.942009,4.728
8875,42.948222,6.213
8876,42.953056,4.834
8877,42.956638,3.582
8878,42.960966,4.328
8879,42.966071,5.105
8880,42.970499,4.428
8881,42.974825,4.326
8882,42.98081,5.985
8883,42.985896,5.086
8884,42.991379,5.483
8885,42.99578,4.401
8886,43.001133,5.353
8887,43.004973,3.84
8888,43.009016,4.043
8889,43.013174,4.158
8890,43.018183,5.009
8891,43.022218,4.035
8892,43.026446,4.228
8893,43.033495,7.049
8894,43.037068,3.573
8895,43.043512,6.444
8896,43.047526,4.014
8897,43.052613,5.087
8898,43.056227,3.614
8899,43.06064,4.413
8900,43.065179,4.539
8901,43.069868,4.689
8902,43.076555,6.687
8903,43.079582,3.027
8904,43.086553,6.971
8905,43.090185,3.632
8906,43.094569,4.384
8907,43.099066,4.497
8908,43.103629,4.563
8909,43.107587,3.958
8910,43.111783,4.196
8911,43.117004,5.221
8912,43.121279,4.275
8913,43.127381,6.102
8914,43.131314,3.933
8915,43.13957,8.256
8916,43.143339,3.769
8917,43.148481,5.142
8918,43.153296,4.815
8919,43.157238,3.942
8920,43.161575,4.337
8921,43.16604,4.465
8922,43.172113,6.073
8923,43.175418,3.305
8924,43.181405,5.987
8925,43.186113,4.708
8926,43.189879,3.766
8927,43.194265,4.386
8928,43.198667,4.402
8929,43.203871,5.204
8930,43.20746,3.589
8931,43.21195,4.49
8932,43.216902,4.952
8933,43.222772,5.87
8934,43.227029,4.257
8935,43.233075,6.046
8936,43.237937,4.862
8937,43.24189,3.953
8938,43.246246,4.356
8939,43.251166,4.92
8940,43.256239,5.073
8941,43.260478,4.239
8942,43.266508,6.03
8943,43.271332,4.824
8944,43.27705,5.718
8945,43.281502,4.452
8946,43.286096,4.594
8947,43.292008,5.912
8948,43.295166,3.158
8949,43.298864,3.698
8950,43.303589,4.725
8951,43.307485,3.896
8952,43.311883,4.398
8953,43.31873,6.847
8954,43.322774,4.044
8955,43.328881,6.107
8956,43.333054,4.173
8957,43.337952,4.898
8958,43.341838,3.886
8959,43.346101,4.263
8960,43.351205,5.104
8961,43.354899,3.694
8962,43.360807,5.908
8963,43.365167,4.36
8964,43.371933,6.766
8965,43.375655,3.722
8966,43.379998,4.343
8967,43.385576,5.578
8968,43.38859,3.014
8969,43.393066,4.476
8970,43.397447,4.381
8971,43.40257,5.123
8972,43.406132,3.562
8973,43.412359,6.227
8974,43.417431,5.072
8975,43.423256,5.825
8976,43.42789,4.634
8977,43.431474,3.584
8978,43.436753,5.279
8979,43.440351,3.598
8980,43.444545,4.194
8981,43.449457,4.912
8982,43.454897,5.44
8983,43.458319,3.422
8984,43.465031,6.712
8985,43.469745,4.714
8986,43.473186,3.441
8987,43.477568,4.382
8988,43.482504,4.936
8989,43.486574,4.07
8990,43.49105,4.476
8991,43.495338,4.288
8992,43.500199,4.861
8993,43.504388,4.189
8994,43.508725,4.337
8995,43.515683,6.958
8996,43.519341,3.658
8997,43.524115,4.774
8998,43.528212,4.097
8999,43.532997,4.785
9000,43.537054,4.057
9001,43.541389,4.335
9002,43.547522,6.133
9003,43.552495,4.973
9004,43.557938,5.443
9005,43.562209,4.271
9006,43.567123,4.914
9007,43.571511,4.388
9008,43.575146,3.635
9009,43.579672,4.526
9010,43.584691,5.019
9011,43.589546,4.855
9012,43.593394,3.848
9013,43.599739,6.345
9014,43.603439,3.7
9015,43.614307,10.868
9016,43.6252,10.893
9017,43.628692,3.492
9018,43.633624,4.932
9019,43.639663,6.039
9020,43.644336,4.673
9021,43.64804,3.704
9022,43.652497,4.457
9023,43.65734,4.843
9024,43.662804,5.464
9025,43.668571,5.767
9026,43.673264,4.693
9027,43.676914,3.65
9028,43.682399,5.485
9029,43.686522,4.123
9030,43.691333,4.811
9031,43.695329,3.996
9032,43.699797,4.468
9033,43.705576,5.779
9034,43.70863,3.054
9035,43.714949,6.319
9036,43.719381,4.432
9037,43.723353,3.972
9038,43.727511,4.158
9039,43.731987,4.476
9040,43.738713,6.726
9041,43.742988,4.275
9042,43.74733,4.342
9043,43.751907,4.577
9044,43.757729,5.822
9045,43.761781,4.052
9046,43.767177,5.396
9047,43.772043,4.866
9048,43.776923,4.88
9049,43.781404,4.481
9050,43.786072,4.668
9051,43.790541,4.469
9052,43.794313,3.772
9053,43.802444,8.131
9054,43.806774,4.33
9055,43.811263,4.489
9056,43.816393,5.13
9057,43.819667,3.274
9058,43.824032,4.365
9059,43.828341,4.309
9060,43.833659,5.318
9061,43.837735,4.076
9062,43.84354,5.805
9063,43.848222,4.682
9064,43.851737,3.515
9065,43.855893,4.156
9066,43.860195,4.302
9067,43.865439,5.244
9068,43.869997,4.558
9069,43.874075,4.078
9070,43.880417,6.342
9071,43.884336,3.919
9072,43.888655,4.319
9073,43.894787,6.132
9074,43.899824,5.037
9075,43.905386,5.562
9076,43.909654,4.268
9077,43.914619,4.965
9078,43.918129,3.51
9079,43.922385,4.256
9080,43.926793,4.408
9081,43.931669,4.876
9082,43.936238,4.569
9083,43.941437,5.199
9084,43.948394,6.957
9085,43.951955,3.561
9086,43.956118,4.163
9087,43.960738,4.62
9088,43.965421,4.683
9089,43.971018,5.597
9090,43.974984,3.966
9091,43.979576,4.592
9092,43.983441,3.865
9093,43.988117,4.676
9094,43.99205,3.933
9095,43.998912,6.862
9096,44.004286,5.374
9097,44.007824,3.538
9098,44.012591,4.767
9099,44.015894,3.303
9100,44.021492,5.598
9101,44.02545,3.958
9102,44.032253,6.803
9103,44.036724,4.471
9104,44.042159,5.435
9105,44.047082,4.923
9106,44.050756,3.674
9107,44.055095,4.339
9108,44.059457,4.362
9109,44.064719,5.262
9110,44.071702,6.983
9111,44.075106,3.404
9112,44.080273,5.167
9113,44.085714,5.441
9114,44.090134,4.42
9115,44.0967,6.566
9116,44.102532,5.832
9117,44.10761,5.078
9118,44.1116,3.99
9119,44.117087,5.487
9120,44.120523,3.436
9121,44.124631,4.108
9122,44.131273,6.642
9123,44.135917,4.644
9124,44.14118,5.263
9125,44.145773,4.593
9126,44.151654,5.881
9127,44.157044,5.39
9128,44.160669,3.625
9129,44.165175,4.506
9130,44.170043,4.868
9131,44.17447,4.427
9132,44.178366,3.896
9133,44.186432,8.066
9134,44.190775,4.343
9135,44.195446,4.671
9136,44.200679,5.233
9137,44.203988,3.309
9138,44.208369,4.381
9139,44.212752,4.383
9140,44.21988,7.128
9141,44.224004,4.124
9142,44.22923,5.226
9143,44.234234,5.004
9144,44.239741,5.507
9145,44.244118,4.377
9146,44.249696,5.578
9147,44.25417,4.474
9148,44.259441,5.271
9149,44.264049,4.608
9150,44.268636,4.587
9151,44.272858,4.222
9152,44.277073,4.215
9153,44.283935,6.862
9154,44.288301,4.366
9155,44.295115,6.814
9156,44.299888,4.773
9157,44.303544,3.656
9158,44.308065,4.521
9159,44.312664,4.599
9160,44.317627,4.963
9161,44.321919,4.292
9162,44.327442,5.523
9163,44.332605,5.163
9164,44.337892,5.287
9165,44.3423,4.408
9166,44.34661,4.31
9167,44.352311,5.701
9168,44.356679,4.368
9169,44.361962,5.283
9170,44.366826,4.864
9171,44.37196,5.134
9172,44.376537,4.577
9173,44.383516,6.979
9174,44.388479,4.963
9175,44.393173,4.694
9176,44.397901,4.728
9177,44.402412,4.511
9178,44.406163,3.751
9179,44.410668,4.505
9180,44.416023,5.355
9181,44.419999,3.976
9182,44.425538,5.539
9183,44.430041,4.503
9184,44.436849,6.808
9185,44.440767,3.918
9186,44.444803,4.036
9187,44.450101,5.298
9188,44.454261,4.16
9189,44.457945,3.684
9190,44.462465,4.52
9191,44.468823,6.358
9192,44.472222,3.399
9193,44.47831,6.088
9194,44.483985,5.675
9195,44.488451,4.466
9196,44.492531,4.08
9197,44.497094,4.563
9198,44.502694,5.6
9199,44.506631,3.937
9200,44.511053,4.422
9201,44.516449,5.396
9202,44.520848,4.399
9203,44.524282,3.434
9204,44.530824,6.542
9205,44.535401,4.577
9206,44.53914,3.739
9207,44.543492,4.352
9208,44.548746,5.254
9209,44.552563,3.817
9210,44.556842,4.279
9211,44.561446,4.604
9212,44.566461,5.015
9213,44.572151,5.69
9214,44.576528,4.377
9215,44.583592,7.064
9216,44.591285,7.693
9217,44.594476,3.191
9218,44.599666,5.19
9219,44.603084,3.418
9220,44.607487,4.403
9221,44.617345,9.858
9222,44.624685,7.34
9223,44.633747,9.062
9224,44.63982,6.073
9225,44.644817,4.997
9226,44.648761,3.944
9227,44.654537,5.776
9228,44.659246,4.709
9229,44.66308,3.834
9230,44.667223,4.143
9231,44.671915,4.692
9232,44.676735,4.82
9233,44.682369,5.634
9234,44.688375,6.006
9235,44.693103,4.728
9236,44.697984,4.881
9237,44.702385,4.401
9238,44.707186,4.801
9239,44.710909,3.723
9240,44.715266,4.357
9241,44.720014,4.748
9242,44.726272,6.258
9243,44.729743,3.471
9244,44.736153,6.41
9245,44.74088,4.727
9246,44.74485,3.97
9247,44.749002,4.152
9248,44.753669,4.667
9249,44.757453,3.784
9250,44.761736,4.283
9251,44.767002,5.266
9252,44.771475,4.473
9253,44.776874,5.399
9254,44.781386,4.512
9255,44.785935,4.549
9256,44.789731,3.796
9257,44.79393,4.199
9258,44.798518,4.588
9259,44.803237,4.719
9260,44.806746,3.509
9261,44.811089,4.343
9262,44.816061,4.972
9263,44.819878,3.817
9264,44.825944,6.066
9265,44.830348,4.404
9266,44.8363489999999,6.001
9267,44.8406919999999,4.343
9268,44.8455269999999,4.835
9269,44.8504099999999,4.883
9270,44.8542949999999,3.885
9271,44.8587819999999,4.487
9272,44.8633139999999,4.532
9273,44.8680259999999,4.712
9274,44.8716939999999,3.668
9275,44.8783769999999,6.683
9276,44.8833199999999,4.943
9277,44.8868599999999,3.54
9278,44.8911059999999,4.246
9279,44.8954449999999,4.339
9280,44.9011239999999,5.679
9281,44.9051079999999,3.984
9282,44.9110489999999,5.941
9283,44.9165499999999,5.501
9284,44.9214949999999,4.945
9285,44.9260899999999,4.595
9286,44.9303239999999,4.234
9287,44.9354749999999,5.151
9288,44.9390019999999,3.527
9289,44.9432439999999,4.242
9290,44.9485309999999,5.287
9291,44.9533469999999,4.816
9292,44.9579669999999,4.62
9293,44.9640319999999,6.065
9294,44.9689499999999,4.918
9295,44.9752419999999,6.292
9296,44.9817369999999,6.495
9297,44.9868169999999,5.08
9298,44.9902799999999,3.463
9299,44.9947179999999,4.438
9300,45.0010699999999,6.352
9301,45.0064519999999,5.382
9302,45.0112999999999,4.848
9303,45.0155239999999,4.224
9304,45.0219809999999,6.457
9305,45.0257909999999,3.81
9306,45.0302429999999,4.452
9307,45.0353879999999,5.145
9308,45.039538,4.15
9309,45.043706,4.168
9310,45.048171,4.465
9311,45.055661,7.49
9312,45.0588029999999,3.142
9313,45.0650709999999,6.268
9314,45.0700049999999,4.934
9315,45.0736759999999,3.671
9316,45.0781599999999,4.484
9317,45.0829709999999,4.811
9318,45.0888669999999,5.896
9319,45.0933199999999,4.453
9320,45.0978679999999,4.548
9321,45.1036789999999,5.811
9322,45.1091149999999,5.436
9323,45.1130799999999,3.965
9324,45.1196389999999,6.559
9325,45.1235909999999,3.952
9326,45.1279209999999,4.33
9327,45.1330139999999,5.093
9328,45.1367249999999,3.711
9329,45.141092,4.367
9330,45.145496,4.404
9331,45.152672,7.176
9332,45.155768,3.096
9333,45.1614509999999,5.683
9334,45.1665589999999,5.108
9335,45.172153,5.594
9336,45.1768199999999,4.667
9337,45.180979,4.159
9338,45.185597,4.618
9339,45.1895829999999,3.986
9340,45.193913,4.33
9341,45.1993089999999,5.396
9342,45.2049129999999,5.604
9343,45.2089429999999,4.03
9344,45.2158079999999,6.865
9345,45.2195149999999,3.707
9346,45.2235589999999,4.044
9347,45.2279159999999,4.357
9348,45.2329859999999,5.07
9349,45.2366399999999,3.654
9350,45.2409159999999,4.276
9351,45.2460819999999,5.166
9352,45.2495619999999,3.48
9353,45.255834,6.272
9354,45.2599939999999,4.16
9355,45.2672829999999,7.289
9356,45.2705169999999,3.234
9357,45.2747729999999,4.256
9358,45.2798799999999,5.107
9359,45.2832779999999,3.398
9360,45.2875419999999,4.264
9361,45.2917009999999,4.159
9362,45.2985329999999,6.832
9363,45.3020739999999,3.541
9364,45.3082229999999,6.149
9365,45.31313,4.907
9366,45.317871,4.741
9367,45.321759,3.888
9368,45.32541,3.651
9369,45.330324,4.914
9370,45.333887,3.563
9371,45.338198,4.311
9372,45.342837,4.639
9373,45.3486329999999,5.796
9374,45.353076,4.443
9375,45.358955,5.879
9376,45.3642439999999,5.289
9377,45.3672699999999,3.026
9378,45.3717259999999,4.456
9379,45.3764449999999,4.719
9380,45.3803869999999,3.942
9381,45.3844169999999,4.03
9382,45.390405,5.988
9383,45.395268,4.863
9384,45.400869,5.601
9385,45.40505,4.181
9386,45.409699,4.649
9387,45.413573,3.874
9388,45.417886,4.313
9389,45.422771,4.885
9390,45.426782,4.011
9391,45.430821,4.039
9392,45.435012,4.191
9393,45.441618,6.606
9394,45.44526,3.642
9395,45.451533,6.273
9396,45.455732,4.199
9397,45.460453,4.721
9398,45.464286,3.833
9399,45.468325,4.039
9400,45.472794,4.469
9401,45.477456,4.662
9402,45.482932,5.476
9403,45.486899,3.967
9404,45.493652,6.753
9405,45.497286,3.634
9406,45.501518,4.232
9407,45.505794,4.276
9408,45.511139,5.345
9409,45.514375,3.236
9410,45.519119,4.744
9411,45.523581,4.462
9412,45.527872,4.291
9413,45.533733,5.861
9414,45.537536,3.803
9415,45.544531,6.995
9416,45.547906,3.375
9417,45.552047,4.141
9418,45.556291,4.244
9419,45.561408,5.117
9420,45.56482,3.412
9421,45.568986,4.166
9422,45.575066,6.08
9423,45.579841,4.775
9424,45.585235,5.394
9425,45.589549,4.314
9426,45.594664,5.115
9427,45.598097,3.433
9428,45.602053,3.956
9429,45.606305,4.252
9430,45.611207,4.902
9431,45.61479,3.583
9432,45.626576,11.786
9433,45.636739,10.163
9434,45.640214,3.475
9435,45.646589,6.375
9436,45.650422,3.833
9437,45.655043,4.621
9438,45.662448,7.405
9439,45.665523,3.075
9440,45.670244,4.721
9441,45.677675,7.431
9442,45.683774,6.099
9443,45.687341,3.567
9444,45.697111,9.77
9445,45.70023,3.119
9446,45.704487,4.257
9447,45.709032,4.545
9448,45.713135,4.103
9449,45.716966,3.831
9450,45.72131,4.344
9451,45.726595,5.285
9452,45.731213,4.618
9453,45.736408,5.195
9454,45.740074,3.666
9455,45.745551,5.477
9456,45.749833,4.282
9457,45.753995,4.162
9458,45.758884,4.889
9459,45.762426,3.542
9460,45.768283,5.857
9461,45.772273,3.99
9462,45.777778,5.505
9463,45.782204,4.426
9464,45.78626,4.056
9465,45.791166,4.906
9466,45.794859,3.693
9467,45.799073,4.214
9468,45.803733,4.66
9469,45.807454,3.721
9470,45.811816,4.362
9471,45.816741,4.925
9472,45.821932,5.191
9473,45.827008,5.076
9474,45.830868,3.86
9475,45.835797,4.929
9476,45.839514,3.717
9477,45.843794,4.28
9478,45.848015,4.221
9479,45.855556,7.541
9480,45.859596,4.04
9481,45.863329,3.733
9482,45.869958,6.629
9483,45.873594,3.636
9484,45.879707,6.113
9485,45.884283,4.576
9486,45.888755,4.472
9487,45.892337,3.582
9488,45.896812,4.475
9489,45.902526,5.714
9490,45.905994,3.468
9491,45.910701,4.707
9492,45.914876,4.175
9493,45.922168,7.292
9494,45.925809,3.641
9495,45.930301,4.492
9496,45.9362,5.899
9497,45.940344,4.144
9498,45.945339,4.995
9499,45.949912,4.573
9500,45.954943,5.031
9501,45.958441,3.498
9502,45.964482,6.041
9503,45.969253,4.771
9504,45.974817,5.564
9505,45.979124,4.307
9506,45.98345,4.326
9507,45.988244,4.794
9508,45.991727,3.483
9509,45.996174,4.447
9510,46.001395,5.221
9511,46.005178,3.783
9512,46.009435,4.257
9513,46.015675,6.24
9514,46.020644,4.969
9515,46.026031,5.387
9516,46.030321,4.29
9517,46.035292,4.971
9518,46.039675,4.383
9519,46.04332,3.645
9520,46.047458,4.138
9521,46.052254,4.796
9522,46.057584,5.33
9523,46.062001,4.417
9524,46.069466,7.465
9525,46.075006,5.54
9526,46.079226,4.22
9527,46.084733,5.507
9528,46.090592,5.859
9529,46.094678,4.086
9530,46.099057,4.379
9531,46.105669,6.612
9532,46.111762,6.093
9533,46.116182,4.42
9534,46.122622,6.44
9535,46.131503,8.881
9536,46.137356,5.853
9537,46.14697,9.614
9538,46.161222,14.252
9539,46.173085,11.863
9540,46.181885,8.8
9541,46.189142,7.257
9542,46.205234,16.092
9543,46.215621,10.387
9544,46.224663,9.042
9545,46.229167,4.504
9546,46.237001,7.834
9547,46.241308,4.307
9548,46.24579,4.482
9549,46.25397,8.18
9550,46.257861,3.891
9551,46.262086,4.225
9552,46.266348,4.262
9553,46.272265,5.917
9554,46.277004,4.739
9555,46.282931,5.927
9556,46.287054,4.123
9557,46.292035,4.981
9558,46.295573,3.538
9559,46.299661,4.088
9560,46.304398,4.737
9561,46.310112,5.714
9562,46.314428,4.316
9563,46.319318,4.89
9564,46.325359,6.041
9565,46.329261,3.902
9566,46.333646,4.385
9567,46.337857,4.211
9568,46.342406,4.549
9569,46.346066,3.66
9570,46.351692,5.626
9571,46.35586,4.168
9572,46.360877,5.017
9573,46.366467,5.59
9574,46.370387,3.92
9575,46.377405,7.018
9576,46.380814,3.409
9577,46.385179,4.365
9578,46.389712,4.533
9579,46.39409,4.378
9580,46.397925,3.835
9581,46.401962,4.037
9582,46.408096,6.134
9583,46.412892,4.796
9584,46.418818,5.926
9585,46.423182,4.364
9586,46.428427,5.245
9587,46.434851,6.424
9588,46.438473,3.622
9589,46.443867,5.394
9590,46.449017,5.15
9591,46.452613,3.596
9592,46.456884,4.271
9593,46.463052,6.168
9594,46.468085,5.033
9595,46.473811,5.726
9596,46.477986,4.175
9597,46.483038,5.052
9598,46.48737,4.332
9599,46.492892,5.522
9600,46.497144,4.252
9601,46.50213,4.986
9602,46.507396,5.266
9603,46.511671,4.275
9604,46.51885,7.179
9605,46.523064,4.214
9606,46.526601,3.537
9607,46.530967,4.366
9608,46.535454,4.487
9609,46.53936,3.906
9610,46.543812,4.452
9611,46.547912,4.1
9612,46.553588,5.676
9613,46.556838,3.25
9614,46.561207,4.369
9615,46.566232,5.025
9616,46.570006,3.774
9617,46.574453,4.447
9618,46.578865,4.412
9619,46.583512,4.647
9620,46.58913,5.618
9621,46.593842,4.712
9622,46.598367,4.525
9623,46.60307,4.703
9624,46.606677,3.607
9625,46.611589,4.912
9626,46.61704,5.451
9627,46.622448,5.408
9628,46.635106,12.658
9629,46.639225,4.119
9630,46.644818,5.593
9631,46.648901,4.083
9632,46.652996,4.095
9633,46.661761,8.765
9634,46.664891,3.13
9635,46.669035,4.144
9636,46.675808,6.773
9637,46.679798,3.99
9638,46.684036,4.238
9639,46.688371,4.335
9640,46.693853,5.482
9641,46.698433,4.58
9642,46.701612,3.179
9643,46.706237,4.625
9644,46.710651,4.414
9645,46.715124,4.473
9646,46.719774,4.65
9647,46.72557,5.796
9648,46.73176,6.19
9649,46.735408,3.648
9650,46.74087,5.462
9651,46.744372,3.502
9652,46.748746,4.374
9653,46.753428,4.682
9654,46.759712,6.284
9655,46.764061,4.349
9656,46.768857,4.796
9657,46.774569,5.712
9658,46.778941,4.372
9659,46.783335,4.394
9660,46.788805,5.47
9661,46.792392,3.587
9662,46.796607,4.215
9663,46.801528,4.921
9664,46.807067,5.539
9665,46.811325,4.258
9666,46.816619,5.294
9667,46.821645,5.026
9668,46.825939,4.294
9669,46.830271,4.332
9670,46.835073,4.802
9671,46.838782,3.709
9672,46.843061,4.279
9673,46.847953,4.892
9674,46.8522,4.247
9675,46.856306,4.106
9676,46.860598,4.292
9677,46.865617,5.019
9678,46.869215,3.598
9679,46.87365,4.435
9680,46.878668,5.018
9681,46.882395,3.727
9682,46.886662,4.267
9683,46.8911,4.438
9684,46.895822,4.722
9685,46.899846,4.024
9686,46.904313,4.467
9687,46.908969,4.656
9688,46.912676,3.707
9689,46.917533,4.857
9690,46.924007,6.474
9691,46.928428,4.421
9692,46.932245,3.817
9693,46.936544,4.299
9694,46.941369,4.825
9695,46.945258,3.889
9696,46.949505,4.247
9697,46.954072,4.567
9698,46.958819,4.747
9699,46.962781,3.962
9700,46.967314,4.533
9701,46.971483,4.169
9702,46.976329,4.846
9703,46.980205,3.876
9704,46.984897,4.692
9705,46.989115,4.218
9706,46.99405,4.935
9707,46.998024,3.974
9708,47.002308,4.284
9709,47.006824,4.516
9710,47.012172,5.348
9711,47.015595,3.423
9712,47.019835,4.24
9713,47.024162,4.327
9714,47.02921,5.048
9715,47.034207,4.997
9716,47.038409,4.202
9717,47.042784,4.375
9718,47.047626,4.842
9719,47.051908,4.282
9720,47.056511,4.603
9721,47.060722,4.211
9722,47.065822,5.1
9723,47.070912,5.09
9724,47.075266,4.354
9725,47.079429,4.163
9726,47.084302,4.873
9727,47.088535,4.233
9728,47.092953,4.418
9729,47.097083,4.13
9730,47.102841,5.758
9731,47.105802,2.961
9732,47.110195,4.393
9733,47.114652,4.457
9734,47.120034,5.382
9735,47.123732,3.698
9736,47.127394,3.662
9737,47.131767,4.373
9738,47.137753,5.986
9739,47.142859,5.106
9740,47.14668,3.821
9741,47.151584,4.904
9742,47.155517,3.933
9743,47.159591,4.074
9744,47.163573,3.982
9745,47.169746,6.173
9746,47.172935,3.189
9747,47.177019,4.084
9748,47.18123,4.211
9749,47.187272,6.042
9750,47.189967,2.695
9751,47.194484,4.517
9752,47.199553,5.069
9753,47.204271,4.718
9754,47.210084,5.813
9755,47.214194,4.11
9756,47.218972,4.778
9757,47.22239,3.418
9758,47.226564,4.174
9759,47.230902,4.338
9760,47.237752,6.85
9761,47.241146,3.394
9762,47.245481,4.335
9763,47.249862,4.381
9764,47.254655,4.793
9765,47.258666,4.011
9766,47.263083,4.417
9767,47.268046,4.963
9768,47.273143,5.097
9769,47.277129,3.986
9770,47.281288,4.159
9771,47.287361,6.073
9772,47.290296,2.935
9773,47.294715,4.419
9774,47.299696,4.981
9775,47.305226,5.53
9776,47.308987,3.761
9777,47.313259,4.272
9778,47.318002,4.743
9779,47.321675,3.673
9780,47.326042,4.367
9781,47.33012,4.078
9782,47.335924,5.804
9783,47.338728,2.804
9784,47.343021,4.293
9785,47.347294,4.273
9786,47.353529,6.235
9787,47.356161,2.632
9788,47.360348,4.187
9789,47.367812,7.464
9790,47.370629,2.817
9791,47.375911,5.282
9792,47.380066,4.155
9793,47.385152,5.086
9794,47.388274,3.122
9795,47.392465,4.191
9796,47.3966989999999,4.234
9797,47.4042689999999,7.57
9798,47.408352,4.083
9799,47.4136269999999,5.275
9800,47.4191819999999,5.555
9801,47.4232039999999,4.022
9802,47.4284719999999,5.268
9803,47.4329159999999,4.444
9804,47.4390609999999,6.145
9805,47.4431499999999,4.089
9806,47.4472419999999,4.092
9807,47.4524249999999,5.183
9808,47.4571989999999,4.774
9809,47.4605169999999,3.318
9810,47.4682259999999,7.709
9811,47.4718479999999,3.622
9812,47.4762269999999,4.379
9813,47.4804049999999,4.178
9814,47.4845039999999,4.099
9815,47.4893429999999,4.839
9816,47.4928339999999,3.491
9817,47.4970649999999,4.231
9818,47.5016469999999,4.582
9819,47.5062659999999,4.619
9820,47.5094799999999,3.214
9821,47.5137189999999,4.239
9822,47.5199809999999,6.262
9823,47.5238409999999,3.86
9824,47.5288419999999,5.001
9825,47.5329309999999,4.089
9826,47.5382289999999,5.298
9827,47.5412369999999,3.008
9828,47.5453959999999,4.159
9829,47.5511309999999,5.735
9830,47.5556159999999,4.485
9831,47.5587899999999,3.174
9832,47.5629459999999,4.156
9833,47.5692419999999,6.296
9834,47.5728219999999,3.58
9835,47.5764399999999,3.618
9836,47.5804019999999,3.962
9837,47.5874219999999,7.02
9838,47.5903129999999,2.891
9839,47.5936189999999,3.306
9840,47.5979289999999,4.31
9841,47.6054769999999,7.548
9842,47.6091689999999,3.692
9843,47.6129339999999,3.765
9844,47.6177249999999,4.791
9845,47.6224769999999,4.752
9846,47.6265909999999,4.114
9847,47.6412339999999,14.643
9848,47.6435809999999,2.347
9849,47.6530379999999,9.457
9850,47.6564429999999,3.405
9851,47.6609139999999,4.471
9852,47.6685289999999,7.615
9853,47.67309,4.561
9854,47.678235,5.145
9855,47.682248,4.013
9856,47.685872,3.624
9857,47.690292,4.42
9858,47.694138,3.846
9859,47.697996,3.858
9860,47.704379,6.383
9861,47.709079,4.7
9862,47.712502,3.423
9863,47.718937,6.435
9864,47.723607,4.67
9865,47.728643,5.036
9866,47.73256,3.917
9867,47.737537,4.977
9868,47.740965,3.428
9869,47.745443,4.478
9870,47.751832,6.389
9871,47.756385,4.553
9872,47.759909,3.524
9873,47.764335,4.426
9874,47.770022,5.687
9875,47.773089,3.067
9876,47.779865,6.776
9877,47.788243,8.378
9878,47.791655,3.412
9879,47.797257,5.602
9880,47.801388,4.131
9881,47.806499,5.111
9882,47.809759,3.26
9883,47.816086,6.327
9884,47.823459,7.373
9885,47.8276,4.141
9886,47.833761,6.161
9887,47.839722,5.961
9888,47.843588,3.866
9889,47.849099,5.511
9890,47.853519,4.42
9891,47.858189,4.67
9892,47.861887,3.698
9893,47.867964,6.077
9894,47.877948,9.984
9895,47.883486,5.538
9896,47.886942,3.456
9897,47.892097,5.155
9898,47.89564,3.543
9899,47.90166,6.02
9900,47.905629,3.969
9901,47.910662,5.033
9902,47.916028,5.366
9903,47.920238,4.21
9904,47.925096,4.858
9905,47.929068,3.972
9906,47.93439,5.322
9907,47.940584,6.194
9908,47.9440859999999,3.502
9909,47.948684,4.598
9910,47.953893,5.209
9911,47.9589989999999,5.106
9912,47.9627419999999,3.743
9913,47.9685879999999,5.846
9914,47.9729539999999,4.366
9915,47.9768059999999,3.852
9916,47.9829229999999,6.117
9917,47.9880339999999,5.111
9918,47.991534,3.5
9919,47.998287,6.753
9920,48.004264,5.977
9921,48.009139,4.875
9922,48.014382,5.243
9923,48.018686,4.304
9924,48.023583,4.897
9925,48.027691,4.108
9926,48.032796,5.105
9927,48.038065,5.269
9928,48.042662,4.597
9929,48.047176,4.514
9930,48.0537649999999,6.589
9931,48.058624,4.859
9932,48.062446,3.822
9933,48.0690969999999,6.651
9934,48.0738899999999,4.793
9935,48.0779149999999,4.025
9936,48.0836979999999,5.783
9937,48.0888279999999,5.13
9938,48.092269,3.441
9939,48.098952,6.683
9940,48.104607,5.655
9941,48.1099689999999,5.362
9942,48.1155139999999,5.545
9943,48.1197689999999,4.255
9944,48.124721,4.952
9945,48.128647,3.926
9946,48.1334179999999,4.771
9947,48.139479,6.061
9948,48.142851,3.372
9949,48.1481009999999,5.25
9950,48.1542509999999,6.15
9951,48.1593129999999,5.062
9952,48.1634129999999,4.1
9953,48.1696969999999,6.284
9954,48.17459,4.893
9955,48.178709,4.119
9956,48.18409,5.381
9957,48.189143,5.053
9958,48.1928419999999,3.699
9959,48.1996109999999,6.769
9960,48.2037369999999,4.126
9961,48.2082569999999,4.52
9962,48.2133919999999,5.135
9963,48.2178359999999,4.444
9964,48.2230929999999,5.257
9965,48.2269819999999,3.889
9966,48.2324059999999,5.424
9967,48.2389889999999,6.583
9968,48.2423779999999,3.389
9969,48.2466119999999,4.234
9970,48.2525569999999,5.945
9971,48.2575189999999,4.962
9972,48.2641589999999,6.64
9973,48.2683449999999,4.186
9974,48.2727129999999,4.368
9975,48.2782089999999,5.496
9976,48.2823929999999,4.184
9977,48.2894709999999,7.078
9978,48.2931199999999,3.649
9979,48.2980229999999,4.903
9980,48.3034929999999,5.47
9981,48.3084319999999,4.939
9982,48.3142069999999,5.775
9983,48.3186579999999,4.451
9984,48.3240259999999,5.368
9985,48.3291739999999,5.148
9986,48.3346699999999,5.496
9987,48.3403229999999,5.653
9988,48.3446529999999,4.33
9989,48.3485009999999,3.848
9990,48.3542049999999,5.704
9991,48.3592409999999,5.036
9992,48.3654329999999,6.192
9993,48.3695639999999,4.131
9994,48.3746099999999,5.046
9995,48.3797209999999,5.111
9996,48.3840709999999,4.35
9997,48.3913429999999,7.272
9998,48.3952319999999,3.889
9999,48.4002079999999,4.976
10000,48.4053579999999,5.15
10001,48.4100189999999,4.661
10002,48.4159049999999,5.886
10003,48.4202549999999,4.35
10004,48.4255169999999,5.262
10005,48.4308519999999,5.335
10006,48.4360299999999,5.178
10007,48.4418299999999,5.8
10008,48.4462419999999,4.412
10009,48.4501539999999,3.912
10010,48.4558059999999,5.652
10011,48.4616049999999,5.799
10012,48.4671049999999,5.5
10013,48.4711229999999,4.018
10014,48.4761589999999,5.036
10015,48.4813779999999,5.219
10016,48.4858329999999,4.455
10017,48.4927279999999,6.895
10018,48.4988529999999,6.125
10019,48.5037899999999,4.937
10020,48.5100159999999,6.226
10021,48.5137919999999,3.776
10022,48.5202779999999,6.486
10023,48.5253729999999,5.095
10024,48.5296349999999,4.262
10025,48.5349659999999,5.331
10026,48.5401959999999,5.23
10027,48.5459469999999,5.751
10028,48.5505749999999,4.628
10029,48.5555069999999,4.932
10030,48.5601879999999,4.681
10031,48.5654759999999,5.288
10032,48.5717439999999,6.268
10033,48.5753779999999,3.634
10034,48.5799149999999,4.537
10035,48.5862829999999,6.368
10036,48.5902339999999,3.951
10037,48.5967529999999,6.519
10038,48.6021039999999,5.351
10039,48.6063689999999,4.265
10040,48.6132469999999,6.878
10041,48.6172749999999,4.028
10042,48.6225309999999,5.256
10043,48.6273819999999,4.851
10044,48.6313229999999,3.941
10045,48.6447679999999,13.445
10046,48.6481639999999,3.396
10047,48.6545729999999,6.409
10048,48.6597309999999,5.158
10049,48.6632579999999,3.527
10050,48.6691219999999,5.864
10051,48.6738919999999,4.77
10052,48.6798939999999,6.002
10053,48.6840939999999,4.2
10054,48.6890729999999,4.979
10055,48.6942069999999,5.134
10056,48.6984359999999,4.229
10057,48.7034219999999,4.986
10058,48.7071489999999,3.727
10059,48.7114329999999,4.284
10060,48.7166859999999,5.253
10061,48.7222369999999,5.551
10062,48.7283119999999,6.075
10063,48.7327999999999,4.488
10064,48.7365819999999,3.782
10065,48.7416719999999,5.09
10066,48.7459519999999,4.28
10067,48.7517199999999,5.768
10068,48.7554839999999,3.764
10069,48.7598669999999,4.383
10070,48.7667539999999,6.887
10071,48.7701649999999,3.411
10072,48.7762619999999,6.097
10073,48.7809229999999,4.661
10074,48.7846369999999,3.714
10075,48.7897309999999,5.094
10076,48.7941339999999,4.403
10077,48.7990109999999,4.877
10078,48.8032249999999,4.214
10079,48.8070569999999,3.832
10080,48.8128419999999,5.785
10081,48.8175569999999,4.715
10082,48.8229309999999,5.374
10083,48.8279129999999,4.982
10084,48.8315159999999,3.603
10085,48.8366579999999,5.142
10086,48.8407799999999,4.122
10087,48.8477629999999,6.983
10088,48.8515599999999,3.797
10089,48.8559139999999,4.354
10090,48.8616369999999,5.723
10091,48.8649489999999,3.312
10092,48.8714219999999,6.473
10093,48.8761499999999,4.728
10094,48.8798249999999,3.675
10095,48.8849249999999,5.1
10096,48.8890819999999,4.157
10097,48.8965889999999,7.507
10098,48.9000819999999,3.493
10099,48.9038329999999,3.751
10100,48.9097169999999,5.884
10101,48.9133039999999,3.587
10102,48.9194719999999,6.168
10103,48.9243159999999,4.844
10104,48.9281139999999,3.798
10105,48.9328529999999,4.739
10106,48.9371729999999,4.32
10107,48.9441889999999,7.016
10108,48.9477049999999,3.516
10109,48.9519889999999,4.284
10110,48.9567259999999,4.737
10111,48.9620629999999,5.337
10112,48.9656279999999,3.565
10113,48.9697629999999,4.135
10114,48.9749349999999,5.172
10115,48.9788369999999,3.902
10116,48.9830899999999,4.253
10117,48.9893039999999,6.214
10118,48.9944739999999,5.17
10119,48.9978609999999,3.387
10120,49.0024409999999,4.58
10121,49.0068609999999,4.42
10122,49.0134349999999,6.574
10123,49.0182339999999,4.799
10124,49.0233769999999,5.143
10125,49.0286689999999,5.292
10126,49.0319989999999,3.33
10127,49.0365399999999,4.541
10128,49.0408539999999,4.314
10129,49.0477409999999,6.887
10130,49.0512499999999,3.509
10131,49.0556359999999,4.386
10132,49.0604269999999,4.791
10133,49.0654789999999,5.052
10134,49.0708319999999,5.353
10135,49.0752799999999,4.448
10136,49.0800879999999,4.808
10137,49.0840329999999,3.945
10138,49.0883229999999,4.29
10139,49.0948689999999,6.546
10140,49.0997539999999,4.885
10141,49.1032859999999,3.532
10142,49.1082359999999,4.95
10143,49.1125639999999,4.328
10144,49.1207449999999,8.181
10145,49.1239099999999,3.165
10146,49.1296679999999,5.758
10147,49.1348739999999,5.206
10148,49.1386589999999,3.785
10149,49.1454039999999,6.745
10150,49.1494689999999,4.065
10151,49.1541889999999,4.72
10152,49.1583419999999,4.153
10153,49.1627499999999,4.408
10154,49.1695549999999,6.805
10155,49.1735519999999,3.997
10156,49.1806229999999,7.071
10157,49.1836179999999,2.995
10158,49.1896169999999,5.999
10159,49.1953889999999,5.772
10160,49.1996369999999,4.248
10161,49.2045519999999,4.915
10162,49.2087909999999,4.239
10163,49.2136509999999,4.86
10164,49.2206649999999,7.014
10165,49.2245759999999,3.911
10166,49.2285209999999,3.945
10167,49.2327259999999,4.205
10168,49.2377139999999,4.988
10169,49.2436639999999,5.95
10170,49.2478459999999,4.182
10171,49.2521369999999,4.291
10172,49.2575999999999,5.463
10173,49.2613989999999,3.799
10174,49.2653729999999,3.974
10175,49.2703169999999,4.944
10176,49.2741369999999,3.82
10177,49.2787609999999,4.624
10178,49.2830679999999,4.307
10179,49.2899359999999,6.868
10180,49.2937829999999,3.847
10181,49.2976959999999,3.913
10182,49.3029759999999,5.28
10183,49.3064489999999,3.473
10184,49.3127509999999,6.302
10185,49.3171479999999,4.397
10186,49.3219389999999,4.791
10187,49.3261749999999,4.236
10188,49.3303959999999,4.221
10189,49.3381339999999,7.738
10190,49.3409139999999,2.78
10191,49.3452849999999,4.371
10192,49.3497399999999,4.455
10193,49.3544839999999,4.744
10194,49.3603119999999,5.828
10195,49.3644139999999,4.102
10196,49.3695859999999,5.172
10197,49.3737719999999,4.186
10198,49.3779839999999,4.212
10199,49.3845229999999,6.539
10200,49.3890359999999,4.513
10201,49.3927809999999,3.745
10202,49.3976299999999,4.849
10203,49.4026829999999,5.053
10204,49.4083039999999,5.621
10205,49.4126749999999,4.371
10206,49.4170079999999,4.333
10207,49.4227189999999,5.711
10208,49.4262989999999,3.58
10209,49.4340339999999,7.735
10210,49.4388209999999,4.787
10211,49.4420119999999,3.191
10212,49.4464309999999,4.419
10213,49.4509769999999,4.546
10214,49.4559309999999,4.954
10215,49.4599689999999,4.038
10216,49.4643339999999,4.365
10217,49.4694109999999,5.077
10218,49.4730749999999,3.664
10219,49.4774409999999,4.366
10220,49.4819249999999,4.484
10221,49.4870249999999,5.1
10222,49.4908769999999,3.852
10223,49.4950099999999,4.133
10224,49.5002679999999,5.258
10225,49.5037159999999,3.448
10226,49.5082079999999,4.492
10227,49.5127539999999,4.546
10228,49.5175019999999,4.748
10229,49.5217269999999,4.225
10230,49.5254109999999,3.684
10231,49.5300239999999,4.613
10232,49.5370249999999,7.001
10233,49.5411529999999,4.128
10234,49.5449339999999,3.781
10235,49.5500329999999,5.099
10236,49.5535239999999,3.491
10237,49.5577669999999,4.243
10238,49.5620149999999,4.248
10239,49.5673549999999,5.34
10240,49.5707499999999,3.395
10241,49.5749229999999,4.173
10242,49.5792049999999,4.282
10243,49.5844179999999,5.213
10244,49.5877729999999,3.355
10245,49.5919479999999,4.175
10246,49.5966459999999,4.698
10247,49.6005239999999,3.878
10248,49.6065369999999,6.013
10249,49.6106119999999,4.075
10250,49.6158149999999,5.203
10251,49.6195009999999,3.686
10252,49.6231799999999,3.679
10253,49.6272889999999,4.109
10254,49.6320129999999,4.724
10255,49.6366499999999,4.637
10256,49.6551089999999,18.459
10257,49.6603809999999,5.272
10258,49.6635039999999,3.123
10259,49.6675419999999,4.038
10260,49.6717099999999,4.168
10261,49.6765429999999,4.833
10262,49.6802359999999,3.693
10263,49.6843919999999,4.156
10264,49.6899339999999,5.542
10265,49.6947649999999,4.831
10266,49.6978409999999,3.076
10267,49.7029249999999,5.084
10268,49.7086559999999,5.731
10269,49.7122129999999,3.557
10270,49.7156709999999,3.458
10271,49.7209239999999,5.253
10272,49.7243489999999,3.425
10273,49.7284029999999,4.054
10274,49.7360399999999,7.637
10275,49.7407949999999,4.755
10276,49.7444209999999,3.626
10277,49.7486039999999,4.183
10278,49.7538289999999,5.225
10279,49.7572219999999,3.393
10280,49.7616129999999,4.391
10281,49.7656289999999,4.016
10282,49.7707479999999,5.119
10283,49.7745009999999,3.753
10284,49.7787789999999,4.278
10285,49.7834839999999,4.705
10286,49.7893929999999,5.909
10287,49.7935809999999,4.188
10288,49.7996809999999,6.1
10289,49.8046579999999,4.977
10290,49.8082819999999,3.624
10291,49.8123529999999,4.071
10292,49.8176249999999,5.272
10293,49.8207799999999,3.155
10294,49.8251269999999,4.347
10295,49.8292409999999,4.114
10296,49.8373809999999,8.14
10297,49.8408089999999,3.428
10298,49.8450279999999,4.219
10299,49.8509619999999,5.934
10300,49.8541429999999,3.181
10301,49.8582169999999,4.074
10302,49.8624429999999,4.226
10303,49.8697129999999,7.27
10304,49.8730629999999,3.35
10305,49.8774669999999,4.404
10306,49.8818289999999,4.362
10307,49.8869289999999,5.1
10308,49.8906049999999,3.676
10309,49.8948999999999,4.295
10310,49.9001529999999,5.253
10311,49.9042549999999,4.102
10312,49.9085789999999,4.324
10313,49.9131609999999,4.582
10314,49.9208959999999,7.735
10315,49.9241909999999,3.295
10316,49.9279509999999,3.76
10317,49.9329219999999,4.971
10318,49.9367279999999,3.806
10319,49.9409369999999,4.209
10320,49.9451709999999,4.234
10321,49.9499969999999,4.826
10322,49.9538349999999,3.838
10323,49.9581229999999,4.288
10324,49.9623179999999,4.195
10325,49.9675819999999,5.264
10326,49.9721429999999,4.561
10327,49.9771469999999,5.004
10328,49.9817759999999,4.629
10329,49.9873209999999,5.545
10330,49.9913159999999,3.995
10331,49.9956679999999,4.352
10332,50.0005699999999,4.902
10333,50.0046079999999,4.038
10334,50.0089929999999,4.385
10335,50.0130919999999,4.099
10336,50.0178909999999,4.799
10337,50.0213369999999,3.446
10338,50.0260379999999,4.701
10339,50.0309709999999,4.933
10340,50.0344029999999,3.432
10341,50.0387759999999,4.373
10342,50.0436719999999,4.896
10343,50.0503489999999,6.677
10344,50.0592989999999,8.95
10345,50.0633319999999,4.033
10346,50.0682589999999,4.927
10347,50.0725949999999,4.336
10348,50.0765539999999,3.959
10349,50.0806799999999,4.126
10350,50.0853049999999,4.625
10351,50.0892829999999,3.978
10352,50.0934459999999,4.163
10353,50.0977279999999,4.282
10354,50.1025339999999,4.806
10355,50.1064739999999,3.94
10356,50.1124209999999,5.947
10357,50.1165969999999,4.176
10358,50.1210479999999,4.451
10359,50.1247069999999,3.659
10360,50.1289169999999,4.21
10361,50.1339979999999,5.081
10362,50.1374109999999,3.413
10363,50.1432179999999,5.807
10364,50.1473249999999,4.107
10365,50.1556939999999,8.369
10366,50.1593439999999,3.65
10367,50.1635399999999,4.196
10368,50.1683299999999,4.79
10369,50.1719829999999,3.653
10370,50.1764849999999,4.502
10371,50.1804969999999,4.012
10372,50.1879199999999,7.423
10373,50.1914669999999,3.547
10374,50.1956639999999,4.197
10375,50.2005869999999,4.923
10376,50.2041369999999,3.55
10377,50.2085489999999,4.412
10378,50.2125499999999,4.001
10379,50.2202699999999,7.72
10380,50.2242539999999,3.984
10381,50.2283349999999,4.081
10382,50.2317989999999,3.464
10383,50.2367529999999,4.954
10384,50.2403009999999,3.548
10385,50.2443949999999,4.094
10386,50.2502919999999,5.897
10387,50.2556429999999,5.351
10388,50.2604709999999,4.828
10389,50.2637279999999,3.257
10390,50.2687379999999,5.01
10391,50.2729049999999,4.167
10392,50.2785569999999,5.652
10393,50.2838849999999,5.328
10394,50.2878189999999,3.934
10395,50.2923049999999,4.486
10396,50.2961129999999,3.808
10397,50.3016629999999,5.55
10398,50.3051269999999,3.464
10399,50.3095219999999,4.395
10400,50.3146809999999,5.159
10401,50.3218559999999,7.175
10402,50.3250189999999,3.163
10403,50.3291869999999,4.168
10404,50.3344639999999,5.277
10405,50.3381009999999,3.637
10406,50.3424369999999,4.336
10407,50.3465629999999,4.126
10408,50.3527469999999,6.184
10409,50.3564289999999,3.682
10410,50.3608129999999,4.384
10411,50.3646559999999,3.843
10412,50.3718849999999,7.229
10413,50.3753089999999,3.424
10414,50.3793669999999,4.058
10415,50.3842399999999,4.873
10416,50.3887289999999,4.489
10417,50.3932239999999,4.495
10418,50.3972339999999,4.01
10419,50.4020909999999,4.857
10420,50.4060949999999,4.004
10421,50.4104229999999,4.328
10422,50.4145729999999,4.15
10423,50.4213189999999,6.746
10424,50.4252479999999,3.929
10425,50.4294839999999,4.236
10426,50.4340699999999,4.586
10427,50.4387709999999,4.701
10428,50.4431579999999,4.387
10429,50.4473729999999,4.215
10430,50.4529989999999,5.626
10431,50.4566289999999,3.63
10432,50.4608249999999,4.196
10433,50.4648279999999,4.003
10434,50.4713919999999,6.564
10435,50.4750239999999,3.632
10436,50.4791759999999,4.152
10437,50.4842779999999,5.102
10438,50.4880589999999,3.781
10439,50.4924619999999,4.403
10440,50.4993579999999,6.896
10441,50.5029129999999,3.555
10442,50.5059599999999,3.047
10443,50.5101909999999,4.231
10444,50.5143139999999,4.123
10445,50.5212299999999,6.916
10446,50.5246059999999,3.376
10447,50.5288249999999,4.219
10448,50.5366799999999,7.855
10449,50.5395189999999,2.839
10450,50.5427999999999,3.281
10451,50.5469999999999,4.2
10452,50.5541739999999,7.174
10453,50.5578789999999,3.705
10454,50.5616479999999,3.769
10455,50.5666599999999,5.012
10456,50.5717239999999,5.064
10457,50.5760529999999,4.329
10458,50.5801499999999,4.097
10459,50.5869159999999,6.766
10460,50.5903739999999,3.458
10461,50.5948919999999,4.518
10462,50.6002179999999,5.326
10463,50.6038999999999,3.682
10464,50.6084789999999,4.579
10465,50.6123629999999,3.884
10466,50.6179179999999,5.555
10467,50.6234979999999,5.58
10468,50.6263579999999,2.86
10469,50.6302509999999,3.893
10470,50.6377999999999,7.549
10471,50.6407519999999,2.952
10472,50.6560519999999,15.3
10473,50.6612229999999,5.171
10474,50.6686669999999,7.444
10475,50.6729189999999,4.252
10476,50.6778869999999,4.968
10477,50.6817319999999,3.845
10478,50.6861919999999,4.46
10479,50.6909909999999,4.799
10480,50.6943129999999,3.322
10481,50.7010749999999,6.762
10482,50.7057539999999,4.679
10483,50.7095079999999,3.754
10484,50.7141299999999,4.622
10485,50.7193849999999,5.255
10486,50.7233059999999,3.921
10487,50.7276529999999,4.347
10488,50.7328789999999,5.226
10489,50.7376939999999,4.815
10490,50.7408659999999,3.172
10491,50.7452229999999,4.357
10492,50.7514449999999,6.222
10493,50.7552569999999,3.812
10494,50.7593979999999,4.141
10495,50.7641939999999,4.796
10496,50.7694039999999,5.21
10497,50.7736449999999,4.241
10498,50.7784359999999,4.791
10499,50.7825089999998,4.073
10500,50.7867319999999,4.223
10501,50.7909359999999,4.204
10502,50.7965349999998,5.599
10503,50.8024049999999,5.87
10504,50.8061769999998,3.772
10505,50.8111769999999,5.0
10506,50.8149599999999,3.783
10507,50.8193239999999,4.364
10508,50.8244069999999,5.083
10509,50.8280239999998,3.617
10510,50.8334649999998,5.441
10511,50.8377799999998,4.315
10512,50.8427359999998,4.956
10513,50.8463669999998,3.631
10514,50.8510759999998,4.709
10515,50.8550719999998,3.996
10516,50.8601029999998,5.031
10517,50.8638819999998,3.779
10518,50.8696579999998,5.776
10519,50.8746489999998,4.991
10520,50.8787819999998,4.133
10521,50.8827409999998,3.959
10522,50.8870289999998,4.288
10523,50.8919909999998,4.962
10524,50.8957049999999,3.714
10525,50.9017709999998,6.066
10526,50.9057969999999,4.026
10527,50.9108859999998,5.089
10528,50.9147849999998,3.899
10529,50.9188419999998,4.057
10530,50.9232689999998,4.427
10531,50.9280729999998,4.804
10532,50.9341989999999,6.126
10533,50.9383839999999,4.185
10534,50.9429009999998,4.517
10535,50.9480579999998,5.157
10536,50.9516509999998,3.593
10537,50.9560629999999,4.412
10538,50.9602409999999,4.178
10539,50.9656529999999,5.412
10540,50.9693059999999,3.653
10541,50.9740849999999,4.779
10542,50.9779269999999,3.842
10543,50.9848769999999,6.95
10544,50.9884259999999,3.549
10545,50.9930789999999,4.653
10546,50.9974779999999,4.399
10547,51.0022569999999,4.779
10548,51.0060799999998,3.823
10549,51.0112229999998,5.143
10550,51.0162949999998,5.072
10551,51.0202089999998,3.914
10552,51.0238139999998,3.605
10553,51.0281799999998,4.366
10554,51.0336239999998,5.444
10555,51.0368349999998,3.211
10556,51.0411579999998,4.323
10557,51.0456479999998,4.49
10558,51.0506309999998,4.983
10559,51.0545099999998,3.879
10560,51.0591489999998,4.639
10561,51.0633119999998,4.163
10562,51.0685299999998,5.218
10563,51.0720889999998,3.559
10564,51.0766809999998,4.592
10565,51.0810369999998,4.356
10566,51.0859189999998,4.882
10567,51.0895659999998,3.647
10568,51.0940909999998,4.525
10569,51.0984509999998,4.36
10570,51.1034569999998,5.006
10571,51.1074379999998,3.981
10572,51.1124369999998,4.999
10573,51.1175449999998,5.108
10574,51.1209199999998,3.375
10575,51.1253119999998,4.392
10576,51.1293649999998,4.053
10577,51.1344109999998,5.046
10578,51.1380979999998,3.687
10579,51.1424949999998,4.397
10580,51.1468739999998,4.379
10581,51.1517849999998,4.911
10582,51.1555669999998,3.782
10583,51.1597309999998,4.164
10584,51.1641699999998,4.439
10585,51.1690679999998,4.898
10586,51.1733759999998,4.308
10587,51.1774329999998,4.057
10588,51.1831459999998,5.713
10589,51.1861719999998,3.026
10590,51.1904569999998,4.285
10591,51.1946869999998,4.23
10592,51.1999909999998,5.304
10593,51.2035029999998,3.512
10594,51.2077559999998,4.253
10595,51.2124209999998,4.665
10596,51.2194919999999,7.071
10597,51.2223529999999,2.861
10598,51.2265229999999,4.17
10599,51.2308609999999,4.338
10600,51.2360209999999,5.16
10601,51.2396649999999,3.644
10602,51.2439689999999,4.304
10603,51.2506219999999,6.653
10604,51.2545379999998,3.916
10605,51.2594949999998,4.957
10606,51.2637369999998,4.242
10607,51.2696649999998,5.928
10608,51.2740209999998,4.356
10609,51.2797029999998,5.682
10610,51.2849439999998,5.241
10611,51.2901139999998,5.17
10612,51.2958259999998,5.712
10613,51.3005459999998,4.72
10614,51.3055109999998,4.965
10615,51.3114289999998,5.918
10616,51.3179699999998,6.541
10617,51.3282369999998,10.267
10618,51.3362229999998,7.986
10619,51.3454259999998,9.203
10620,51.3492569999998,3.831
10621,51.3528929999998,3.636
10622,51.3572179999998,4.325
10623,51.3612139999998,3.996
10624,51.3649979999998,3.784
10625,51.3698299999998,4.832
10626,51.3735149999998,3.685
10627,51.3775089999998,3.994
10628,51.3826779999998,5.169
10629,51.3861969999998,3.519
10630,51.3924829999998,6.286
10631,51.3970229999998,4.54
10632,51.4025099999998,5.487
10633,51.4068049999998,4.295
10634,51.4118219999998,5.017
10635,51.4150609999998,3.239
10636,51.4190909999998,4.03
10637,51.4233319999998,4.241
10638,51.4280419999998,4.71
10639,51.4339189999998,5.877
10640,51.4381219999998,4.203
10641,51.4449929999998,6.871
10642,51.4481049999998,3.112
10643,51.4517909999998,3.686
10644,51.4559279999998,4.137
10645,51.4613729999998,5.445
10646,51.4646719999998,3.299
10647,51.4687079999998,4.036
10648,51.4732839999998,4.576
10649,51.4788989999998,5.615
10650,51.4841619999998,5.263
10651,51.4881799999998,4.018
10652,51.4949809999998,6.801
10653,51.4984989999998,3.518
10654,51.5026489999998,4.15
10655,51.5069899999998,4.341
10656,51.5115389999998,4.549
10657,51.5152779999998,3.739
10658,51.5194729999998,4.195
10659,51.5255819999999,6.109
10660,51.5309579999998,5.376
10661,51.5362569999998,5.299
10662,51.5405679999999,4.311
10663,51.5446299999998,4.062
10664,51.5482559999998,3.626
10665,51.5523089999998,4.053
10666,51.5563909999998,4.082
10667,51.5620239999998,5.633
10668,51.5656269999998,3.603
10669,51.5696359999998,4.009
10670,51.5757719999998,6.136
10671,51.5805159999998,4.744
10672,51.5858959999998,5.38
10673,51.5900189999998,4.123
10674,51.5953289999999,5.31
10675,51.5994549999998,4.126
10676,51.6046579999999,5.203
10677,51.6093349999999,4.677
10678,51.6137189999999,4.384
10679,51.6189539999999,5.235
10680,51.6229869999999,4.033
10681,51.6297629999999,6.776
10682,51.6361659999999,6.403
10683,51.6393569999999,3.191
10684,51.6436849999999,4.328
10685,51.6482409999999,4.556
10686,51.6517679999999,3.527
10687,51.6659699999999,14.202
10688,51.6697599999999,3.79
10689,51.6795649999999,9.805
10690,51.6849979999999,5.433
10691,51.6919789999999,6.981
10692,51.6971929999999,5.214
10693,51.7005809999999,3.388
10694,51.7073929999999,6.812
10695,51.7107819999999,3.389
10696,51.7149009999999,4.119
10697,51.7251139999999,10.213
10698,51.7290859999999,3.972
10699,51.7331239999999,4.038
10700,51.7376989999999,4.575
10701,51.7404599999999,2.761
10702,51.7462869999999,5.827
10703,51.7511569999998,4.87
10704,51.7566739999998,5.517
10705,51.7604879999998,3.814
10706,51.7692509999998,8.763
10707,51.7719969999998,2.746
10708,51.7764109999998,4.414
10709,51.7813719999998,4.961
10710,51.7867619999998,5.39
10711,51.7910079999998,4.246
10712,51.7974769999999,6.469
10713,51.8008749999998,3.398
10714,51.8061439999998,5.269
10715,51.8109579999999,4.814
10716,51.8143159999998,3.358
10717,51.8183959999999,4.08
10718,51.8253979999999,7.002
10719,51.8305919999999,5.194
10720,51.8357289999999,5.137
10721,51.8398659999999,4.137
10722,51.8465949999999,6.729
10723,51.8499569999999,3.362
10724,51.8562219999999,6.265
10725,51.8618079999999,5.586
10726,51.8662059999999,4.398
10727,51.8704459999999,4.24
10728,51.8771699999999,6.724
10729,51.8809149999999,3.745
10730,51.8866529999999,5.738
10731,51.8916899999999,5.037
10732,51.8978909999999,6.201
10733,51.9022059999999,4.315
10734,51.9073529999999,5.147
10735,51.9124159999999,5.063
10736,51.9174229999999,5.007
10737,51.9214609999999,4.038
10738,51.9285529999999,7.092
10739,51.9316169999999,3.064
10740,51.9377289999999,6.112
10741,51.9420019999999,4.273
10742,51.9489469999999,6.945
10743,51.9522839999999,3.337
10744,51.9583629999999,6.079
10745,51.9630879999999,4.725
10746,51.9685439999999,5.456
10747,51.9726539999999,4.11
10748,51.9804879999999,7.834
10749,51.9838099999999,3.322
10750,51.9889849999999,5.175
10751,51.9934179999999,4.433
10752,52.0000209999999,6.603
10753,52.0035139999999,3.493
10754,52.0096229999999,6.109
10755,52.0156749999999,6.052
10756,52.0199499999999,4.275
10757,52.0244889999999,4.539
10758,52.0310109999999,6.522
10759,52.0342599999999,3.249
10760,52.0405559999999,6.296
10761,52.0449169999999,4.361
10762,52.0517539999999,6.837
10763,52.0549669999999,3.213
10764,52.0609779999999,6.011
10765,52.0659879999999,5.01
10766,52.0712879999999,5.3
10767,52.0757459999999,4.458
10768,52.0823349999999,6.589
10769,52.0860019999999,3.667
10770,52.0923169999999,6.315
10771,52.0965649999998,4.248
10772,52.1033059999998,6.741
10773,52.1070349999998,3.729
10774,52.1133359999998,6.301
10775,52.1184849999999,5.149
10776,52.1235739999998,5.089
10777,52.1278709999998,4.297
10778,52.1347669999998,6.896
10779,52.1383479999998,3.581
10780,52.1449719999998,6.624
10781,52.1497839999998,4.812
10782,52.1550959999999,5.312
10783,52.1595209999998,4.425
10784,52.1664239999999,6.903
10785,52.1700229999999,3.599
10786,52.1762279999999,6.205
10787,52.1808239999999,4.596
10788,52.1873959999999,6.572
10789,52.1912149999999,3.819
10790,52.1970389999998,5.824
10791,52.2023359999998,5.297
10792,52.2077119999998,5.376
10793,52.2131879999998,5.476
10794,52.2189609999998,5.773
10795,52.2221789999998,3.218
10796,52.2283749999998,6.196
10797,52.2335069999998,5.132
10798,52.2388679999998,5.361
10799,52.2448369999998,5.969
10800,52.2500589999999,5.222
10801,52.2537869999999,3.728
10802,52.2598719999999,6.085
10803,52.2641049999999,4.233
10804,52.2709149999999,6.81
10805,52.2747809999999,3.866
10806,52.2810749999999,6.294
10807,52.2859059999999,4.831
10808,52.2917019999999,5.796
10809,52.2955969999999,3.895
10810,52.3026619999998,7.065
10811,52.3062069999999,3.545
10812,52.3137309999998,7.524
10813,52.3183329999998,4.602
10814,52.3231229999998,4.79
10815,52.3273019999998,4.179
10816,52.3343949999998,7.093
10817,52.3379379999998,3.543
10818,52.3448509999998,6.913
10819,52.3495899999998,4.739
10820,52.3558389999998,6.249
10821,52.3620599999998,6.221
10822,52.3671659999998,5.106
10823,52.3727679999998,5.602
10824,52.3786549999998,5.887
10825,52.3853399999998,6.685
10826,52.3890459999998,3.706
10827,52.3934419999998,4.396
10828,52.3999799999998,6.538
10829,52.4038049999998,3.825
10830,52.4099729999998,6.168
10831,52.4160089999998,6.036
10832,52.4205169999998,4.508
10833,52.4251649999998,4.648
10834,52.4309789999998,5.814
10835,52.4361879999998,5.209
10836,52.4416329999998,5.445
10837,52.4508639999998,9.231
10838,52.4542289999998,3.365
10839,52.4581349999998,3.906
10840,52.4641539999999,6.019
10841,52.4688839999999,4.73
10842,52.4744409999999,5.557
10843,52.4788589999999,4.418
10844,52.4855329999999,6.674
10845,52.4890569999999,3.524
10846,52.4950499999998,5.993
10847,52.5000719999998,5.022
10848,52.5052219999998,5.15
10849,52.5119629999998,6.741
10850,52.5176329999998,5.67
10851,52.5218869999999,4.254
10852,52.5279829999998,6.096
10853,52.5328629999998,4.88
10854,52.5382559999998,5.393
10855,52.5427929999998,4.537
10856,52.5492039999998,6.411
10857,52.5529149999998,3.711
10858,52.5589049999998,5.99
10859,52.5630249999998,4.12
10860,52.5696729999998,6.648
10861,52.5734679999998,3.795
10862,52.5794739999998,6.006
10863,52.5841709999998,4.697
10864,52.5896909999998,5.52
10865,52.5959449999998,6.254
10866,52.6006449999998,4.7
10867,52.6039339999998,3.289
10868,52.6101529999998,6.219
10869,52.6144209999998,4.268
10870,52.6209369999998,6.516
10871,52.6245529999998,3.616
10872,52.6327659999998,8.213
10873,52.6374939999998,4.728
10874,52.6409479999998,3.454
10875,52.6452569999998,4.309
10876,52.6519519999998,6.695
10877,52.6554869999998,3.535
10878,52.6599969999998,4.51
10879,52.6701719999998,10.175
10880,52.6801679999998,9.996
10881,52.6840819999998,3.914
10882,52.6912099999998,7.128
10883,52.6946719999998,3.462
10884,52.7006669999998,5.995
10885,52.7056549999998,4.988
10886,52.7108549999998,5.2
10887,52.7150809999998,4.226
10888,52.7217589999998,6.678
10889,52.7257539999998,3.995
10890,52.7301239999998,4.37
10891,52.7369819999998,6.858
10892,52.7461729999998,9.191
10893,52.7513869999999,5.214
10894,52.7549299999999,3.543
10895,52.7592229999998,4.293
10896,52.7627359999998,3.513
10897,52.7674359999998,4.7
10898,52.7712369999999,3.801
10899,52.7753039999998,4.067
10900,52.7796019999998,4.298
10901,52.7858239999998,6.222
10902,52.7892139999999,3.39
10903,52.7930459999999,3.832
10904,52.7976309999999,4.585
10905,52.8012759999999,3.645
10906,52.8052799999999,4.004
10907,52.8101719999999,4.892
10908,52.8158759999999,5.704
10909,52.8203739999999,4.498
10910,52.8243839999999,4.01
10911,52.8293619999999,4.978
10912,52.8326529999999,3.291
10913,52.8368329999998,4.18
10914,52.8423729999999,5.54
10915,52.8456709999999,3.298
10916,52.8492579999999,3.587
10917,52.8532939999999,4.036
10918,52.8583369999999,5.043
10919,52.8621389999999,3.802
10920,52.8659789999999,3.84
10921,52.8701419999999,4.163
10922,52.8750759999999,4.934
10923,52.8786089999998,3.533
10924,52.8836569999999,5.048
10925,52.8875369999999,3.88
10926,52.8926119999999,5.075
10927,52.8959069999999,3.295
10928,52.9007089999998,4.802
10929,52.9048459999998,4.137
10930,52.9105329999999,5.687
10931,52.9130179999999,2.485
10932,52.9173049999998,4.287
10933,52.9213679999999,4.063
10934,52.9267079999998,5.34
10935,52.9328419999999,6.134
10936,52.9368059999999,3.964
10937,52.9406269999999,3.821
10938,52.9455159999999,4.889
10939,52.9490359999999,3.52
10940,52.9531579999999,4.122
10941,52.9571049999999,3.947
10942,52.9617479999999,4.643
10943,52.9655159999999,3.768
10944,52.9695659999999,4.05
10945,52.9738519999999,4.286
10946,52.9782659999999,4.414
10947,52.9843229999999,6.057
10948,52.9879989999999,3.676
10949,52.9921119999998,4.113
10950,52.9986839999998,6.572
10951,53.0025229999998,3.839
10952,53.0068779999998,4.355
10953,53.0115779999998,4.7
10954,53.0157099999998,4.132
10955,53.0196099999998,3.9
10956,53.0232949999998,3.685
10957,53.0294229999998,6.128
10958,53.0356499999998,6.227
10959,53.0387769999998,3.127
10960,53.0421529999998,3.376
10961,53.0463309999998,4.178
10962,53.0510029999998,4.672
10963,53.0545899999998,3.587
10964,53.0587019999998,4.112
10965,53.0632219999998,4.52
10966,53.0685349999998,5.313
10967,53.0719119999998,3.377
10968,53.0761119999998,4.2
10969,53.0803719999998,4.26
10970,53.0857259999998,5.354
10971,53.0890979999998,3.372
10972,53.0931499999998,4.052
10973,53.1008109999998,7.661
10974,53.1039819999998,3.171
10975,53.1081779999998,4.196
10976,53.1164989999998,8.321
10977,53.1204619999998,3.963
10978,53.1237339999998,3.272
10979,53.1293749999998,5.641
10980,53.1335429999998,4.168
10981,53.1400849999998,6.542
10982,53.1432319999998,3.147
10983,53.1481689999998,4.937
10984,53.1528079999998,4.639
10985,53.1605479999998,7.74
10986,53.1628829999998,2.335
10987,53.1676569999998,4.774
10988,53.1723469999998,4.69
10989,53.1758649999998,3.518
10990,53.1798609999998,3.996
10991,53.1839789999998,4.118
10992,53.1890709999998,5.092
10993,53.1947129999998,5.642
10994,53.1974629999998,2.75
10995,53.2020299999998,4.567
10996,53.2055029999998,3.473
10997,53.2099659999998,4.463
10998,53.2142139999998,4.248
10999,53.2205469999998,6.333
11000,53.2241359999998,3.589
11001,53.2295969999998,5.461
11002,53.2336559999998,4.059
11003,53.2382639999998,4.608
11004,53.2417209999998,3.457
11005,53.2464529999998,4.732
11006,53.2514639999998,5.011
11007,53.2544389999998,2.975
11008,53.2587579999998,4.319
11009,53.2630839999998,4.326
11010,53.2693789999998,6.295
11011,53.2741309999998,4.752
11012,53.2769119999998,2.781
11013,53.2808809999998,3.969
11014,53.2855559999998,4.675
11015,53.2891139999998,3.558
11016,53.2951519999998,6.038
11017,53.2982399999998,3.088
11018,53.3029459999998,4.706
11019,53.3066809999998,3.735
11020,53.3128349999998,6.154
11021,53.3177499999998,4.915
11022,53.3202329999998,2.483
11023,53.3243029999998,4.07
11024,53.3304509999998,6.148
11025,53.3354649999998,5.014
11026,53.3387839999998,3.319
11027,53.3428229999998,4.039
11028,53.3478359999998,5.013
11029,53.3528739999998,5.038
11030,53.3562319999998,3.358
11031,53.3601979999998,3.966
11032,53.3670119999998,6.814
11033,53.3705249999998,3.513
11034,53.3747249999998,4.2
11035,53.3802699999998,5.545
11036,53.3854949999998,5.225
11037,53.3885579999998,3.063
11038,53.3925339999998,3.976
11039,53.3978089999998,5.275
11040,53.4022389999998,4.43
11041,53.4057069999998,3.468
11042,53.4094919999998,3.785
11043,53.4209929999998,11.501
11044,53.4239889999998,2.996
11045,53.4276169999998,3.628
11046,53.4316429999998,4.026
11047,53.4363899999998,4.747
11048,53.4409059999998,4.516
11049,53.4450479999998,4.142
11050,53.4490219999998,3.974
11051,53.4535819999998,4.56
11052,53.4569799999998,3.398
11053,53.4624609999998,5.481
11054,53.4667869999998,4.326
11055,53.4704449999998,3.658
11056,53.4748749999998,4.43
11057,53.4801999999998,5.325
11058,53.4846399999998,4.44
11059,53.4885509999998,3.911
11060,53.4923679999998,3.817
11061,53.4975029999998,5.135
11062,53.5017719999998,4.269
11063,53.5050789999998,3.307
11064,53.5091129999998,4.034
11065,53.5165839999998,7.471
11066,53.5197289999998,3.145
11067,53.5238979999998,4.169
11068,53.5289809999998,5.083
11069,53.5338059999998,4.825
11070,53.5372359999998,3.43
11071,53.5416349999998,4.399
11072,53.5472119999998,5.577
11073,53.5514359999998,4.224
11074,53.5551359999998,3.7
11075,53.5591689999998,4.033
11076,53.5645489999998,5.38
11077,53.5693979999998,4.849
11078,53.5730219999998,3.624
11079,53.5785019999998,5.48
11080,53.5827369999998,4.235
11081,53.5863269999998,3.59
11082,53.5905909999998,4.264
11083,53.5958779999998,5.287
11084,53.6014439999998,5.566
11085,53.6050209999998,3.577
11086,53.6102309999998,5.21
11087,53.6144759999998,4.245
11088,53.6187049999998,4.229
11089,53.6224349999998,3.73
11090,53.6285679999998,6.133
11091,53.6327279999998,4.16
11092,53.6364979999998,3.77
11093,53.6411399999998,4.642
11094,53.6469299999998,5.79
11095,53.6511989999998,4.269
11096,53.6547779999998,3.579
11097,53.6588749999998,4.097
11098,53.6719219999998,13.047
11099,53.6816899999998,9.768
11100,53.6843509999998,2.661
11101,53.6889529999998,4.602
11102,53.6954829999998,6.53
11103,53.6985489999998,3.066
11104,53.7030239999998,4.475
11105,53.7077419999998,4.718
11106,53.7120299999998,4.288
11107,53.7158259999998,3.796
11108,53.7200929999998,4.267
11109,53.7249309999998,4.838
11110,53.7316499999998,6.719
11111,53.7362869999998,4.637
11112,53.7409779999998,4.691
11113,53.7447719999998,3.794
11114,53.7489639999998,4.192
11115,53.7539389999998,4.975
11116,53.7574539999998,3.515
11117,53.7630399999998,5.586
11118,53.7665139999998,3.474
11119,53.7714569999998,4.943
11120,53.7750359999998,3.579
11121,53.7803239999998,5.288
11122,53.7846029999998,4.279
11123,53.7881539999998,3.551
11124,53.7923039999998,4.15
11125,53.7996039999998,7.3
11126,53.8032209999998,3.617
11127,53.8078949999998,4.674
11128,53.8127189999998,4.824
11129,53.8173709999998,4.652
11130,53.8209199999998,3.549
11131,53.8290589999998,8.139
11132,53.8331239999998,4.065
11133,53.8376989999998,4.575
11134,53.8418209999998,4.122
11135,53.8462179999998,4.397
11136,53.8512329999998,5.015
11137,53.8548989999998,3.666
11138,53.8602269999998,5.328
11139,53.8653709999998,5.144
11140,53.8688759999998,3.505
11141,53.8732719999998,4.396
11142,53.8775109999998,4.239
11143,53.8824099999998,4.899
11144,53.8861989999998,3.789
11145,53.8907719999998,4.573
11146,53.8954969999998,4.725
11147,53.8992409999998,3.744
11148,53.9035249999998,4.284
11149,53.9079429999998,4.418
11150,53.9133219999998,5.379
11151,53.9165629999998,3.241
11152,53.9207529999998,4.19
11153,53.9284369999998,7.684
11154,53.9316489999998,3.212
11155,53.9369679999998,5.319
11156,53.9412349999998,4.267
11157,53.9458909999998,4.656
11158,53.9494579999998,3.567
11159,53.9535329999998,4.075
11160,53.9592659999998,5.733
11161,53.9621679999998,2.902
11162,53.9661419999998,3.974
11163,53.9702229999998,4.081
11164,53.9770339999998,6.811
11165,53.9797799999998,2.746
11166,53.9837059999998,3.926
11167,53.9878269999998,4.121
11168,53.9941499999998,6.323
11169,53.9983629999998,4.213
11170,54.0022769999998,3.914
11171,54.0063029999998,4.026
11172,54.0110749999998,4.772
11173,54.0148069999998,3.732
11174,54.0188339999998,4.027
11175,54.0227409999998,3.907
11176,54.0283769999998,5.636
11177,54.0319589999998,3.582
11178,54.0357789999998,3.82
11179,54.0400289999998,4.25
11180,54.0442379999998,4.209
11181,54.0495649999998,5.327
11182,54.0535689999998,4.004
11183,54.0576949999998,4.126
11184,54.0623489999998,4.654
11185,54.0679159999998,5.567
11186,54.0719189999998,4.003
11187,54.0758789999998,3.96
11188,54.0826049999998,6.726
11189,54.0860559999998,3.451
11190,54.0901489999998,4.093
11191,54.0949269999998,4.778
11192,54.1001699999998,5.243
11193,54.1027909999998,2.621
11194,54.1069749999998,4.184
11195,54.1108849999998,3.91
11196,54.1182399999998,7.355
11197,54.1218319999998,3.592
11198,54.1263049999998,4.473
11199,54.1298229999998,3.518
11200,54.1393059999998,9.483
11201,54.1424669999998,3.161
11202,54.1465279999998,4.061
11203,54.1510449999998,4.517
11204,54.1544829999998,3.438
11205,54.1586269999998,4.144
11206,54.1655629999998,6.936
11207,54.1700419999998,4.479
11208,54.1735919999998,3.55
11209,54.1795979999998,6.006
11210,54.1828439999998,3.246
11211,54.1877079999998,4.864
11212,54.1909729999998,3.265
11213,54.1979419999998,6.969
11214,54.2018879999998,3.946
11215,54.2045729999998,2.685
11216,54.2110429999998,6.47
11217,54.2142449999998,3.202
11218,54.2189459999998,4.701
11219,54.2224679999998,3.522
11220,54.2263159999998,3.848
11221,54.2326009999998,6.285
11222,54.2369779999998,4.377
11223,54.2407169999998,3.739
11224,54.2444439999998,3.727
11225,54.2511789999998,6.735
11226,54.2547279999998,3.549
11227,54.2586859999998,3.958
11228,54.2645169999998,5.831
11229,54.2686109999998,4.094
11230,54.2722769999998,3.666
11231,54.2760489999998,3.772
11232,54.2818429999998,5.794
11233,54.2860179999998,4.175
11234,54.2893369999998,3.319
11235,54.2935099999998,4.173
11236,54.3011249999998,7.615
11237,54.3045729999998,3.448
11238,54.3091029999998,4.53
11239,54.3142289999998,5.126
11240,54.3182349999998,4.006
11241,54.3215629999998,3.328
11242,54.3256089999998,4.046
11243,54.3319509999998,6.342
11244,54.3365989999998,4.648
11245,54.3401979999998,3.599
11246,54.3443179999998,4.12
11247,54.3509079999998,6.59
11248,54.3543959999998,3.488
11249,54.3583719999998,3.976
11250,54.3640079999998,5.636
11251,54.3681479999998,4.14
11252,54.3717619999998,3.614
11253,54.3760539999998,4.292
11254,54.3823359999998,6.282
11255,54.3859359999998,3.6
11256,54.3893129999998,3.377
11257,54.3936089999998,4.296
11258,54.4010399999998,7.431
11259,54.4041049999998,3.065
11260,54.4087689999998,4.664
11261,54.4137419999998,4.973
11262,54.4179519999998,4.21
11263,54.4210479999998,3.096
11264,54.4254469999998,4.399
11265,54.4313839999998,5.937
11266,54.4361539999998,4.77
11267,54.4398289999998,3.675
11268,54.4464069999998,6.578
11269,54.4501999999998,3.793
11270,54.4538049999998,3.605
11271,54.4579819999998,4.177
11272,54.4634239999998,5.442
11273,54.4692479999998,5.824
11274,54.4719479999998,2.7
11275,54.4758749999998,3.927
11276,54.4820209999998,6.146
11277,54.4867529999998,4.732
11278,54.4903639999998,3.611
11279,54.4966929999998,6.329
11280,54.5016169999998,4.924
11281,54.5054439999998,3.827
11282,54.5111819999998,5.738
11283,54.5142919999998,3.11
11284,54.5186389999998,4.347
11285,54.5222569999998,3.618
11286,54.5275679999998,5.311
11287,54.5316359999998,4.068
11288,54.5367459999998,5.11
11289,54.5398289999998,3.083
11290,54.5460649999998,6.236
11291,54.5501159999998,4.051
11292,54.5538849999998,3.769
11293,54.5579609999998,4.076
11294,54.5636479999998,5.687
11295,54.5684269999998,4.779
11296,54.5721019999998,3.675
11297,54.5762829999998,4.181
11298,54.5823849999998,6.102
11299,54.5869609999998,4.576
11300,54.5905339999998,3.573
11301,54.5960879999998,5.554
11302,54.6007499999998,4.662
11303,54.6043129999998,3.563
11304,54.6084009999998,4.088
11305,54.6157379999998,7.337
11306,54.6197359999998,3.998
11307,54.6233759999998,3.64
11308,54.6275939999998,4.218
11309,54.6317429999998,4.149
11310,54.6364539999998,4.711
11311,54.6419039999998,5.45
11312,54.6476039999998,5.7
11313,54.6518239999998,4.22
11314,54.6574429999998,5.619
11315,54.6626959999998,5.253
11316,54.6661699999998,3.474
11317,54.6708669999998,4.697
11318,54.6744819999998,3.615
11319,54.6813569999998,6.875
11320,54.6854359999998,4.079
11321,54.6902219999998,4.786
11322,54.6956729999998,5.451
11323,54.6999069999998,4.234
11324,54.7045729999998,4.666
11325,54.7083879999998,3.815
11326,54.7138129999998,5.425
11327,54.7171009999998,3.288
11328,54.7216359999998,4.535
11329,54.7250179999998,3.382
11330,54.7316879999998,6.67
11331,54.7376479999998,5.96
11332,54.7424259999998,4.778
11333,54.7464639999998,4.038
11334,54.7521779999998,5.714
11335,54.7572769999998,5.099
11336,54.7614139999998,4.137
11337,54.7655889999998,4.175
11338,54.7698739999998,4.285
11339,54.7745149999998,4.641
11340,54.7789729999998,4.458
11341,54.7825959999998,3.623
11342,54.7869599999998,4.364
11343,54.7914609999998,4.501
11344,54.7977479999998,6.287
11345,54.8015209999998,3.773
11346,54.8065579999998,5.037
11347,54.8109229999998,4.365
11348,54.8147569999998,3.834
11349,54.8190839999998,4.327
11350,54.8241099999998,5.026
11351,54.8285509999998,4.441
11352,54.8327129999998,4.162
11353,54.8368089999998,4.096
11354,54.8477849999998,10.976
11355,54.8506249999998,2.84
11356,54.8541149999998,3.49
11357,54.8589849999998,4.87
11358,54.8627529999998,3.768
11359,54.8669179999998,4.165
11360,54.8710349999998,4.117
11361,54.8759019999998,4.867
11362,54.8796379999998,3.736
11363,54.8838149999998,4.177
11364,54.8887269999998,4.912
11365,54.8938899999998,5.163
11366,54.8972729999998,3.383
11367,54.9015449999998,4.272
11368,54.9065259999998,4.981
11369,54.9101909999998,3.665
11370,54.9143099999998,4.119
11371,54.9203189999998,6.009
11372,54.9257469999998,5.428
11373,54.9293309999998,3.584
11374,54.9350799999998,5.749
11375,54.9395279999998,4.448
11376,54.9443469999998,4.819
11377,54.9481149999998,3.768
11378,54.9523759999998,4.261
11379,54.9574209999998,5.045
11380,54.9609709999998,3.55
11381,54.9653669999998,4.396
11382,54.9695699999998,4.203
11383,54.9771769999998,7.607
11384,54.9807339999998,3.557
11385,54.9850279999998,4.294
11386,54.9894339999998,4.406
11387,54.9944469999998,5.013
11388,54.9980879999998,3.641
11389,55.0022829999998,4.195
11390,55.0074489999998,5.166
11391,55.0124069999998,4.958
11392,55.0168139999998,4.407
11393,55.0209059999998,4.092
11394,55.0284219999998,7.516
11395,55.0316749999998,3.253
11396,55.0356109999998,3.936
11397,55.0399889999998,4.378
11398,55.0448929999998,4.904
11399,55.0487519999998,3.859
11400,55.0526729999998,3.921
11401,55.0575789999998,4.906
11402,55.0630819999998,5.503
11403,55.0666379999998,3.556
11404,55.0707659999998,4.128
11405,55.0756499999998,4.884
11406,55.0811029999998,5.453
11407,55.0853269999998,4.224
11408,55.0894959999998,4.169
11409,55.0940829999998,4.587
11410,55.0984539999998,4.371
11411,55.1039629999998,5.509
11412,55.1086769999998,4.714
11413,55.1134799999998,4.803
11414,55.1190109999998,5.531
11415,55.1245559999998,5.545
11416,55.1286359999998,4.08
11417,55.1322699999998,3.634
11418,55.1364249999998,4.155
11419,55.1420649999998,5.64
11420,55.1455919999998,3.527
11421,55.1495749999998,3.983
11422,55.1544319999998,4.857
11423,55.1596379999998,5.206
11424,55.1630849999998,3.447
11425,55.1677769999998,4.692
11426,55.1717889999998,4.012
11427,55.1772359999998,5.447
11428,55.1805889999998,3.353
11429,55.1853109999998,4.722
11430,55.1887989999998,3.488
11431,55.1944899999998,5.691
11432,55.1986949999998,4.205
11433,55.2020719999998,3.377
11434,55.2081099999998,6.038
11435,55.2121689999998,4.059
11436,55.2167839999998,4.615
11437,55.2205229999998,3.739
11438,55.2245209999998,3.998
11439,55.2316929999998,7.172
11440,55.2341229999998,2.43
11441,55.2381489999998,4.026
11442,55.2442869999998,6.138
11443,55.2489289999998,4.642
11444,55.2523819999998,3.453
11445,55.2564989999998,4.117
11446,55.2627159999998,6.217
11447,55.2652679999998,2.552
11448,55.2694699999998,4.202
11449,55.2734379999998,3.968
11450,55.2798209999998,6.383
11451,55.2844929999998,4.672
11452,55.2886019999998,4.109
11453,55.2937829999998,5.181
11454,55.2967529999998,2.97
11455,55.3007699999998,4.017
11456,55.3050939999998,4.324
11457,55.3110769999998,5.983
11458,55.3140389999998,2.962
11459,55.3180499999998,4.011
11460,55.3220639999998,4.014
11461,55.3302419999998,8.178
11462,55.3338399999998,3.598
11463,55.3383139999998,4.474
11464,55.3427749999998,4.461
11465,55.3461139999998,3.339
11466,55.3500649999998,3.951
11467,55.3543099999998,4.245
11468,55.3608989999998,6.589
11469,55.3636849999998,2.786
11470,55.3675829999998,3.898
11471,55.3725079999998,4.925
11472,55.3783179999998,5.81
11473,55.3815969999998,3.279
11474,55.3877329999997,6.136
11475,55.3925739999997,4.841
11476,55.3957839999998,3.21
11477,55.3996649999998,3.881
11478,55.4037119999998,4.047
11479,55.4111769999998,7.465
11480,55.4145849999998,3.408
11481,55.4196119999998,5.027
11482,55.4236679999998,4.056
11483,55.4285639999998,4.896
11484,55.4315979999998,3.034
11485,55.4357009999998,4.103
11486,55.4398139999997,4.113
11487,55.4469339999998,7.12
11488,55.4502329999997,3.299
11489,55.4547159999997,4.483
11490,55.4590059999997,4.29
11491,55.4653879999997,6.382
11492,55.4685909999997,3.203
11493,55.4725599999997,3.969
11494,55.4771059999997,4.546
11495,55.4815129999997,4.407
11496,55.4849389999997,3.426
11497,55.4889779999997,4.039
11498,55.4944849999997,5.507
11499,55.4983739999997,3.889
11500,55.5018819999997,3.508
11501,55.5059449999997,4.063
11502,55.5120669999997,6.122
11503,55.5160899999997,4.023
11504,55.5191699999997,3.08
11505,55.5234619999997,4.292
11506,55.5293459999997,5.884
11507,55.5330679999997,3.722
11508,55.5366479999997,3.58
11509,55.5405169999997,3.869
11510,55.5493529999997,8.836
11511,55.5532719999997,3.919
11512,55.5572999999997,4.028
11513,55.5623499999997,5.05
11514,55.5685179999997,6.168
11515,55.5718699999997,3.352
11516,55.5777979999997,5.928
11517,55.5807809999997,2.983
11518,55.5855129999997,4.732
11519,55.5888439999997,3.331
11520,55.5929309999997,4.087
11521,55.5984959999997,5.565
11522,55.6056429999997,7.147
11523,55.6106569999997,5.014
11524,55.6152479999997,4.591
11525,55.6202639999997,5.016
11526,55.6233039999997,3.04
11527,55.6272709999997,3.967
11528,55.6329749999997,5.704
11529,55.6368939999997,3.919
11530,55.6407469999997,3.853
11531,55.6459189999997,5.172
11532,55.6518039999997,5.885
11533,55.6551439999997,3.34
11534,55.6604119999997,5.268
11535,55.6647519999997,4.34
11536,55.6696129999997,4.861
11537,55.6729069999997,3.294
11538,55.6784709999997,5.564
11539,55.6833879999997,4.917
11540,55.6873759999997,3.988
11541,55.6903149999997,2.939
11542,55.6945229999997,4.208
11543,55.7002539999997,5.731
11544,55.7055169999997,5.263
11545,55.7081529999997,2.636
11546,55.7119039999997,3.751
11547,55.7173039999997,5.4
11548,55.7242579999997,6.954
11549,55.7282739999997,4.016
11550,55.7323619999997,4.088
11551,55.7373679999997,5.006
11552,55.7424469999997,5.079
11553,55.7463889999997,3.942
11554,55.7521579999997,5.769
11555,55.7557309999997,3.573
11556,55.7591379999998,3.407
11557,55.7632729999997,4.135
11558,55.7709009999997,7.628
11559,55.7740909999997,3.19
11560,55.7782329999997,4.142
11561,55.7824099999997,4.177
11562,55.7908549999997,8.445
11563,55.7942289999997,3.374
11564,55.7983549999997,4.126
11565,55.8030239999997,4.669
11566,55.8074579999997,4.434
11567,55.8113769999998,3.919
11568,55.8154659999998,4.089
11569,55.8231139999998,7.648
11570,55.8254759999998,2.362
11571,55.8295359999998,4.06
11572,55.8351559999998,5.62
11573,55.8392779999998,4.122
11574,55.8428549999998,3.577
11575,55.8473409999998,4.486
11576,55.8547749999998,7.434
11577,55.8592379999998,4.463
11578,55.8627029999998,3.465
11579,55.8684869999998,5.784
11580,55.8725489999998,4.062
11581,55.8759709999998,3.422
11582,55.8805989999998,4.628
11583,55.8880209999998,7.422
11584,55.8923399999998,4.319
11585,55.8957799999998,3.44
11586,55.9015789999998,5.799
11587,55.9050419999998,3.463
11588,55.9094179999998,4.376
11589,55.9131329999998,3.715
11590,55.9202299999998,7.097
11591,55.9243899999998,4.16
11592,55.9296669999998,5.277
11593,55.9340889999998,4.422
11594,55.9378899999998,3.801
11595,55.9424329999998,4.543
11596,55.9458869999998,3.454
11597,55.9533589999998,7.472
11598,55.9575969999998,4.238
11599,55.9610729999998,3.476
11600,55.9650009999998,3.928
11601,55.9701989999998,5.198
11602,55.9767899999998,6.591
11603,55.9798669999998,3.077
11604,55.9860819999998,6.215
11605,55.9900299999998,3.948
11606,55.9935749999998,3.545
11607,55.9978159999998,4.241
11608,56.0045519999998,6.736
11609,56.0092539999998,4.702
11610,56.0126619999998,3.408
11611,56.0167809999998,4.119
11612,56.0253579999998,8.577
11613,56.0285959999998,3.238
11614,56.0328749999998,4.279
11615,56.0373069999998,4.432
11616,56.0419029999998,4.596
11617,56.0450839999998,3.181
11618,56.0522379999998,7.154
11619,56.0568029999998,4.565
11620,56.0598359999998,3.033
11621,56.0637849999998,3.949
11622,56.0685249999998,4.74
11623,56.0726079999998,4.083
11624,56.0755879999998,2.98
11625,56.0796199999998,4.032
11626,56.0886849999998,9.065
11627,56.0911899999998,2.505
11628,56.0951309999998,3.941
11629,56.0990709999998,3.94
11630,56.1057059999998,6.635
11631,56.1090009999998,3.295
11632,56.1126579999998,3.657
11633,56.1177839999998,5.126
11634,56.1233779999998,5.594
11635,56.1271079999998,3.73
11636,56.1308689999998,3.761
11637,56.1350899999998,4.221
11638,56.1399299999998,4.84
11639,56.1431489999998,3.219
11640,56.1475749999998,4.426
11641,56.1563199999998,8.745
11642,56.1590249999998,2.705
11643,56.1631339999998,4.109
11644,56.1692399999998,6.106
11645,56.1720649999998,2.825
11646,56.1756209999998,3.556
11647,56.1794449999998,3.824
11648,56.1882889999998,8.844
11649,56.1909879999998,2.699
11650,56.1950419999998,4.054
11651,56.1992449999998,4.203
11652,56.2049429999998,5.698
11653,56.2084039999998,3.461
11654,56.2128419999998,4.438
11655,56.2179659999998,5.124
11656,56.2230449999998,5.079
11657,56.2266239999998,3.579
11658,56.2306469999998,4.023
11659,56.2387359999998,8.089
11660,56.2414279999998,2.692
11661,56.2452199999998,3.792
11662,56.2497529999998,4.533
11663,56.2551039999998,5.351
11664,56.2587759999998,3.672
11665,56.2627569999998,3.981
11666,56.2717229999998,8.966
11667,56.2737599999998,2.037
11668,56.2773029999998,3.543
11669,56.2813649999998,4.062
11670,56.2856999999998,4.335
11671,56.2904879999998,4.788
11672,56.2943049999998,3.817
11673,56.2989089999998,4.604
11674,56.3064279999998,7.519
11675,56.3099819999998,3.554
11676,56.3139469999998,3.965
11677,56.3189179999998,4.971
11678,56.3237219999998,4.804
11679,56.3278689999998,4.147
11680,56.3327889999998,4.92
11681,56.3390129999998,6.224
11682,56.3442909999998,5.278
11683,56.3486609999998,4.37
11684,56.3556449999998,6.984
11685,56.3600819999998,4.437
11686,56.3686159999998,8.534
11687,56.3757399999998,7.124
11688,56.3803979999998,4.658
11689,56.3846479999998,4.25
11690,56.3901439999998,5.496
11691,56.3970729999998,6.929
11692,56.4029359999998,5.863
11693,56.4082599999998,5.324
11694,56.4125529999998,4.293
11695,56.4172129999998,4.66
11696,56.4224249999998,5.212
11697,56.4270059999998,4.581
11698,56.4323829999998,5.377
11699,56.4394529999998,7.07
11700,56.4474889999998,8.036
11701,56.4546939999998,7.205
11702,56.4605079999998,5.814
11703,56.4641779999998,3.67
11704,56.4689049999998,4.727
11705,56.4731189999998,4.214
11706,56.4767179999998,3.599
11707,56.4810589999998,4.341
11708,56.4850009999998,3.942
11709,56.4892929999998,4.292
11710,56.4944229999998,5.13
11711,56.4985139999998,4.091
11712,56.5026049999998,4.091
11713,56.5063139999998,3.709
11714,56.5112319999998,4.918
11715,56.5152509999998,4.019
11716,56.5193249999998,4.074
11717,56.5242349999998,4.91
11718,56.5280009999998,3.766
11719,56.5330079999998,5.007
11720,56.5387769999998,5.769
11721,56.5425599999998,3.783
11722,56.5457409999998,3.181
11723,56.5498579999998,4.117
11724,56.5542999999998,4.442
11725,56.5591449999998,4.845
11726,56.5627229999998,3.578
11727,56.5703009999998,7.578
11728,56.5749889999998,4.688
11729,56.5785779999998,3.589
11730,56.5830449999998,4.467
11731,56.5874549999998,4.41
11732,56.5922579999998,4.803
11733,56.5959979999998,3.74
11734,56.6011549999998,5.157
11735,56.6087979999998,7.643
11736,56.6125769999998,3.779
11737,56.6167629999998,4.186
11738,56.6224239999998,5.661
11739,56.6273669999998,4.943
11740,56.6311279999998,3.761
11741,56.6354939999998,4.366
11742,56.6396849999998,4.191
11743,56.6465559999998,6.871
11744,56.6501029999998,3.547
11745,56.6544899999998,4.387
11746,56.6587169999998,4.227
11747,56.6635739999998,4.857
11748,56.6686209999998,5.047
11749,56.6741099999998,5.489
11750,56.6788479999998,4.738
11751,56.6827019999998,3.854
11752,56.6870399999998,4.338
11753,56.6930779999998,6.038
11754,56.6981619999998,5.084
11755,56.7030039999998,4.842
11756,56.7074689999998,4.465
11757,56.7130939999998,5.625
11758,56.7191109999998,6.017
11759,56.7226879999998,3.577
11760,56.7269429999998,4.255
11761,56.7318599999998,4.917
11762,56.7371769999998,5.317
11763,56.7429099999998,5.733
11764,56.7472589999998,4.349
11765,56.7519619999998,4.703
11766,56.7556219999998,3.66
11767,56.7598589999998,4.237
11768,56.7646639999998,4.805
11769,56.7693499999998,4.686
11770,56.7731449999998,3.795
11771,56.7775099999998,4.365
11772,56.7823389999998,4.829
11773,56.7859649999997,3.626
11774,56.7902459999997,4.281
11775,56.7943649999998,4.119
11776,56.8013159999998,6.951
11777,56.8060369999998,4.721
11778,56.8097429999998,3.706
11779,56.8146759999998,4.933
11780,56.8190199999998,4.344
11781,56.8225869999998,3.567
11782,56.8268429999998,4.256
11783,56.8334029999998,6.56
11784,56.8370489999998,3.646
11785,56.8408599999998,3.811
11786,56.8448849999998,4.025
11787,56.8506579999998,5.773
11788,56.8557849999998,5.127
11789,56.8600679999998,4.283
11790,56.8646769999998,4.609
11791,56.8723459999998,7.669
11792,56.8758899999998,3.544
11793,56.8820769999998,6.187
11794,56.8870789999998,5.002
11795,56.8906519999998,3.573
11796,56.8948699999998,4.218
11797,56.8995529999998,4.683
11798,56.9059609999998,6.408
11799,56.9094289999998,3.468
11800,56.9141829999998,4.754
11801,56.9189409999998,4.758
11802,56.9226079999998,3.667
11803,56.9285589999998,5.951
11804,56.9327949999998,4.236
11805,56.9377719999998,4.977
11806,56.9413009999998,3.529
11807,56.9454399999998,4.139
11808,56.9502399999998,4.8
11809,56.9540499999998,3.81
11810,56.9581749999998,4.125
11811,56.9627609999998,4.586
11812,56.9675669999998,4.806
11813,56.9731159999998,5.549
11814,56.9772969999998,4.181
11815,56.9816299999998,4.333
11816,56.9866809999998,5.051
11817,56.9902689999998,3.588
11818,56.9964379999998,6.169
11819,57.0015469999998,5.109
11820,57.0049269999998,3.38
11821,57.0091099999998,4.183
11822,57.0134709999998,4.361
11823,57.0192759999998,5.805
11824,57.0234839999998,4.208
11825,57.0282989999998,4.815
11826,57.0335579999998,5.259
11827,57.0377589999998,4.201
11828,57.0431709999998,5.412
11829,57.0471619999998,3.991
11830,57.0520279999998,4.866
11831,57.0557579999998,3.73
11832,57.0600299999998,4.272
11833,57.0648899999998,4.86
11834,57.0695179999998,4.628
11835,57.0731069999998,3.589
11836,57.0771659999998,4.059
11837,57.0825239999998,5.358
11838,57.0877799999998,5.256
11839,57.0922109999998,4.431
11840,57.0973179999998,5.107
11841,57.1013419999998,4.024
11842,57.1049019999998,3.56
11843,57.1111459999998,6.244
11844,57.1151679999998,4.022
11845,57.1207289999998,5.561
11846,57.1247029999998,3.974
11847,57.1302719999998,5.569
11848,57.1370309999998,6.759
11849,57.1405479999998,3.517
11850,57.1449579999998,4.41
11851,57.1490939999998,4.136
11852,57.1541229999998,5.029
11853,57.1595299999998,5.407
11854,57.1638609999998,4.331
11855,57.1685559999998,4.695
11856,57.1724779999998,3.922
11857,57.1767509999998,4.273
11858,57.1828529999998,6.102
11859,57.1876939999998,4.841
11860,57.1911619999998,3.468
11861,57.1956019999998,4.44
11862,57.2003589999998,4.757
11863,57.2059649999998,5.606
11864,57.2118349999998,5.87
11865,57.2170679999998,5.233
11866,57.2218609999998,4.793
11867,57.2252429999998,3.382
11868,57.2313689999998,6.126
11869,57.2365389999998,5.17
11870,57.2398859999998,3.347
11871,57.2441509999998,4.265
11872,57.2486619999998,4.511
11873,57.2554289999998,6.767
11874,57.2591149999998,3.686
11875,57.2634799999998,4.365
11876,57.2683599999998,4.88
11877,57.2719109999998,3.551
11878,57.2782769999998,6.366
11879,57.2822349999998,3.958
11880,57.2872419999998,5.007
11881,57.2909209999998,3.679
11882,57.2952649999998,4.344
11883,57.2999599999998,4.695
11884,57.3037189999998,3.759
11885,57.3080589999998,4.34
11886,57.3124439999998,4.385
11887,57.3182609999998,5.817
11888,57.3232749999998,5.014
11889,57.3268379999998,3.563
11890,57.3315659999998,4.728
11891,57.3365099999998,4.944
11892,57.3396529999998,3.143
11893,57.3462109999998,6.558
11894,57.3507559999998,4.545
11895,57.3547269999998,3.971
11896,57.3589159999998,4.189
11897,57.3635029999998,4.587
11898,57.3677249999998,4.222
11899,57.3714759999998,3.751
11900,57.3757579999998,4.282
11901,57.3802349999998,4.477
11902,57.3852249999998,4.99
11903,57.3906559999998,5.431
11904,57.3949859999998,4.33
11905,57.3996269999998,4.641
11906,57.4033989999998,3.772
11907,57.4076469999998,4.248
11908,57.4138339999998,6.187
11909,57.4195859999998,5.752
11910,57.4244839999998,4.898
11911,57.4276129999998,3.129
11912,57.4310169999998,3.404
11913,57.4380059999998,6.989
11914,57.4414929999998,3.487
11915,57.4460409999998,4.548
11916,57.4508299999998,4.789
11917,57.4546279999998,3.798
11918,57.4606689999998,6.041
11919,57.4650839999998,4.415
11920,57.4701359999998,5.052
11921,57.4735919999998,3.456
11922,57.4780729999998,4.481
11923,57.4830099999998,4.937
11924,57.4867559999998,3.746
11925,57.4912239999998,4.468
11926,57.4954189999998,4.195
11927,57.5001069999998,4.688
11928,57.5057569999998,5.65
11929,57.5099979999998,4.241
11930,57.5144929999998,4.495
11931,57.5209469999998,6.454
11932,57.5266459999998,5.699
11933,57.5321989999998,5.553
11934,57.5363249999998,4.126
11935,57.5400179999998,3.693
11936,57.5444859999998,4.468
11937,57.5488629999998,4.377
11938,57.5539559999998,5.093
11939,57.5573399999998,3.384
11940,57.5618679999998,4.528
11941,57.5668409999998,4.973
11942,57.5702509999998,3.41
11943,57.5745189999998,4.268
11944,57.5789679999998,4.449
11945,57.5838529999998,4.885
11946,57.5876989999998,3.846
11947,57.5918759999998,4.177
11948,57.5962819999998,4.406
11949,57.6010509999998,4.769
11950,57.6047579999998,3.707
11951,57.6090499999998,4.292
11952,57.6139629999998,4.913
11953,57.6178529999998,3.89
11954,57.6219389999998,4.086
11955,57.6261999999998,4.261
11956,57.6313979999998,5.198
11957,57.6405839999998,9.186
11958,57.6436449999998,3.061
11959,57.6481899999998,4.545
11960,57.6532179999998,5.028
11961,57.6570569999998,3.839
11962,57.6610009999998,3.944
11963,57.6680609999998,7.06
11964,57.6713929999998,3.332
11965,57.6756919999998,4.299
11966,57.6799859999998,4.294
11967,57.6851919999998,5.206
11968,57.6905999999998,5.408
11969,57.6947899999998,4.19
11970,57.6998479999998,5.058
11971,57.7034029999998,3.555
11972,57.7077339999998,4.331
11973,57.7140469999998,6.313
11974,57.7187689999998,4.722
11975,57.7227599999998,3.991
11976,57.7267239999998,3.964
11977,57.7312959999998,4.572
11978,57.7374369999998,6.141
11979,57.7408199999998,3.383
11980,57.7459249999998,5.105
11981,57.7510429999998,5.118
11982,57.7550479999998,4.005
11983,57.7608979999998,5.85
11984,57.7651939999998,4.296
11985,57.7701369999998,4.943
11986,57.7737799999998,3.643
11987,57.7778839999998,4.104
11988,57.7850859999998,7.202
11989,57.7884129999998,3.327
11990,57.7926599999998,4.247
11991,57.7970309999998,4.371
11992,57.8018119999998,4.781
11993,57.8073679999998,5.556
11994,57.8117399999998,4.372
11995,57.8166339999998,4.894
11996,57.8203169999998,3.683
11997,57.8247359999998,4.419
11998,57.8309729999998,6.237
11999,57.8384789999998,7.506
12000,57.8424489999998,3.97
12001,57.8464349999998,3.986
12002,57.8515219999998,5.087
12003,57.8568849999998,5.363
12004,57.8613229999998,4.438
12005,57.8658809999998,4.558
12006,57.8706439999998,4.763
12007,57.8740849999998,3.441
12008,57.8805889999998,6.504
12009,57.8850429999998,4.454
12010,57.8888729999998,3.83
12011,57.8934719999998,4.599
12012,57.8976409999998,4.169
12013,57.9050209999998,7.38
12014,57.9091609999998,4.14
12015,57.9127889999998,3.628
12016,57.9177769999998,4.988
12017,57.9214089999998,3.632
12018,57.9257199999998,4.311
12019,57.9300629999998,4.343
12020,57.9353629999998,5.3
12021,57.9387269999998,3.364
12022,57.9430209999998,4.294
12023,57.9474899999998,4.469
12024,57.9526269999998,5.137
12025,57.9562369999998,3.61
12026,57.9608189999998,4.582
12027,57.9657159999998,4.897
12028,57.9692889999998,3.573
12029,57.9735139999998,4.225
12030,57.9779079999998,4.394
12031,57.9828769999998,4.969
12032,57.9867119999998,3.835
12033,57.9909289999998,4.217
12034,57.9952339999998,4.305
12035,58.0003739999998,5.14
12036,58.0057199999998,5.346
12037,58.0097449999998,4.025
12038,58.0147539999998,5.009
12039,58.0180359999998,3.282
12040,58.0223779999998,4.342
12041,58.0267159999998,4.338
12042,58.0318739999998,5.158
12043,58.0359169999998,4.043
12044,58.0400859999998,4.169
12045,58.0443129999998,4.227
12046,58.0492889999998,4.976
12047,58.0531909999998,3.902
12048,58.0574769999998,4.286
12049,58.0625759999998,5.099
12050,58.0662849999998,3.709
12051,58.0708699999998,4.585
12052,58.0751219999998,4.252
12053,58.0800839999998,4.962
12054,58.0840179999998,3.934
12055,58.0895139999998,5.496
12056,58.0941619999998,4.648
12057,58.0992679999998,5.106
12058,58.1041879999998,4.92
12059,58.1080439999998,3.856
12060,58.1120439999998,4.0
12061,58.1163899999998,4.346
12062,58.1206389999998,4.249
12063,58.1248189999998,4.18
12064,58.1296059999998,4.787
12065,58.1344029999998,4.797
12066,58.1381419999998,3.739
12067,58.1426089999998,4.467
12068,58.1476399999998,5.031
12069,58.1515499999998,3.91
12070,58.1558499999998,4.3
12071,58.1607189999998,4.869
12072,58.1647259999998,4.007
12073,58.1693409999998,4.615
12074,58.1735699999998,4.229
12075,58.1785529999998,4.983
12076,58.1822769999998,3.724
12077,58.1867139999998,4.437
12078,58.1909979999998,4.284
12079,58.1959809999998,4.983
12080,58.1999779999998,3.997
12081,58.2045859999998,4.608
12082,58.2093619999998,4.776
12083,58.2131649999998,3.803
12084,58.2193999999998,6.235
12085,58.2242559999998,4.856
12086,58.2276449999998,3.389
12087,58.2314199999998,3.775
12088,58.2358279999998,4.408
12089,58.2398549999998,4.027
12090,58.2448589999998,5.004
12091,58.2491059999998,4.247
12092,58.2533209999998,4.215
12093,58.2581849999998,4.864
12094,58.2619609999998,3.776
12095,58.2665019999998,4.541
12096,58.2708919999998,4.39
12097,58.2759419999998,5.05
12098,58.2795659999998,3.624
12099,58.2841729999998,4.607
12100,58.2888239999998,4.651
12101,58.2938149999998,4.991
12102,58.2977509999998,3.936
12103,58.3024179999998,4.667
12104,58.3067379999998,4.32
12105,58.3115159999998,4.778
12106,58.3156399999998,4.124
12107,58.3203469999998,4.707
12108,58.3247119999998,4.365
12109,58.3293639999998,4.652
12110,58.3331259999998,3.762
12111,58.3374779999998,4.352
12112,58.3419479999998,4.47
12113,58.3470239999998,5.076
12114,58.3509149999998,3.891
12115,58.3556319999998,4.717
12116,58.3597149999998,4.083
12117,58.3649769999998,5.262
12118,58.3687709999998,3.794
12119,58.3732459999998,4.475
12120,58.3775829999998,4.337
12121,58.3827219999998,5.139
12122,58.3878269999998,5.105
12123,58.3907179999998,2.891
12124,58.3953399999998,4.622
12125,58.4004879999998,5.148
12126,58.4044839999998,3.996
12127,58.4090989999998,4.615
12128,58.4135499999998,4.451
12129,58.4198369999998,6.287
12130,58.4248489999998,5.012
12131,58.4280419999998,3.193
12132,58.4328559999998,4.814
12133,58.4365079999998,3.652
12134,58.4411239999998,4.616
12135,58.4453919999998,4.268
12136,58.4505739999998,5.182
12137,58.4557659999998,5.192
12138,58.4600859999998,4.32
12139,58.4647129999998,4.627
12140,58.4698279999998,5.115
12141,58.4738519999998,4.024
12142,58.4783049999998,4.453
12143,58.4848329999998,6.528
12144,58.4891649999998,4.332
12145,58.4929529999998,3.788
12146,58.4977589999998,4.806
12147,58.5027829999998,5.024
12148,58.5067109999998,3.928
12149,58.5112969999998,4.586
12150,58.5161909999998,4.894
12151,58.5224959999998,6.305
12152,58.5281919999998,5.696
12153,58.5318939999998,3.702
12154,58.5366779999998,4.784
12155,58.5404759999998,3.798
12156,58.5454129999998,4.937
12157,58.5506339999998,5.221
12158,58.5587289999998,8.095
12159,58.5663989999998,7.67
12160,58.5716629999998,5.264
12161,58.5769669999998,5.304
12162,58.5820529999998,5.086
12163,58.5866559999998,4.603
12164,58.5924019999998,5.746
12165,58.5965539999998,4.152
12166,58.6012599999998,4.706
12167,58.6058559999998,4.596
12168,58.6108569999998,5.001
12169,58.6158819999998,5.025
12170,58.6207059999998,4.824
12171,58.6249999999998,4.294
12172,58.6311229999998,6.123
12173,58.6356539999998,4.531
12174,58.6407729999998,5.119
12175,58.6450479999998,4.275
12176,58.6498229999998,4.775
12177,58.6544969999998,4.674
12178,58.6598869999998,5.39
12179,58.6638439999998,3.957
12180,58.6685119999998,4.668
12181,58.6736309999998,5.119
12182,58.6779719999998,4.341
12183,58.6823349999998,4.363
12184,58.6875059999998,5.171
12185,58.6925369999998,5.031
12186,58.6974639999998,4.927
12187,58.7012139999998,3.75
12188,58.7066909999998,5.477
12189,58.7103169999998,3.626
12190,58.7151189999998,4.802
12191,58.7210149999998,5.896
12192,58.7260799999998,5.065
12193,58.7364879999998,10.408
12194,58.7411979999998,4.71
12195,58.7447949999998,3.597
12196,58.7493099999998,4.515
12197,58.7541699999998,4.86
12198,58.7593319999998,5.162
12199,58.7631639999998,3.832
12200,58.7676859999998,4.522
12201,58.7731879999998,5.502
12202,58.7771679999998,3.98
12203,58.7816689999998,4.501
12204,58.7890869999998,7.418
12205,58.7927679999998,3.681
12206,58.7957499999998,2.982
12207,58.8005039999998,4.754
12208,58.8057249999998,5.221
12209,58.8097429999998,4.018
12210,58.8143779999998,4.635
12211,58.8197319999998,5.354
12212,58.8237319999998,4.0
12213,58.8283679999998,4.636
12214,58.8334279999998,5.06
12215,58.8375339999998,4.106
12216,58.8420639999998,4.53
12217,58.8466989999998,4.635
12218,58.8523069999998,5.608
12219,58.8559209999998,3.614
12220,58.8618219999998,5.901
12221,58.8656069999998,3.785
12222,58.8697469999998,4.14
12223,58.8743909999998,4.644
12224,58.8789369999998,4.546
12225,58.8841709999998,5.234
12226,58.8884669999998,4.296
12227,58.8931799999998,4.713
12228,58.8977739999998,4.594
12229,58.9018639999998,4.09
12230,58.9063789999998,4.515
12231,58.9111959999998,4.817
12232,58.9168419999998,5.646
12233,58.9209569999998,4.115
12234,58.9243789999998,3.422
12235,58.9294759999998,5.097
12236,58.9334859999998,4.01
12237,58.9381909999998,4.705
12238,58.9426159999998,4.425
12239,58.9475589999998,4.943
12240,58.9513559999998,3.797
12241,58.9557369999998,4.381
12242,58.9617339999998,5.997
12243,58.9647129999998,2.979
12244,58.9690389999998,4.326
12245,58.9736309999998,4.592
12246,58.9787569999998,5.126
12247,58.9824549999998,3.698
12248,58.9868569999998,4.402
12249,58.9921649999998,5.308
12250,58.9959509999998,3.786
12251,59.0003479999998,4.397
12252,59.0045349999998,4.187
12253,59.0098219999998,5.287
12254,59.0152109999998,5.389
12255,59.0185769999998,3.366
12256,59.0230419999998,4.465
12257,59.0278919999998,4.85
12258,59.0318189999998,3.927
12259,59.0359269999998,4.108
12260,59.0410809999998,5.154
12261,59.0450169999998,3.936
12262,59.0492079999998,4.191
12263,59.0538759999998,4.668
12264,59.0586249999998,4.749
12265,59.0623949999998,3.77
12266,59.0667309999998,4.336
12267,59.0711949999998,4.464
12268,59.0763499999998,5.155
12269,59.0799329999998,3.583
12270,59.0843479999998,4.415
12271,59.0885699999998,4.222
12272,59.0936389999998,5.069
12273,59.0973719999998,3.733
12274,59.1019829999998,4.611
12275,59.1060189999998,4.036
12276,59.1117539999998,5.735
12277,59.1168569999998,5.103
12278,59.1200789999998,3.222
12279,59.1246089999998,4.53
12280,59.1296589999998,5.05
12281,59.1336799999998,4.021
12282,59.1377009999998,4.021
12283,59.1419479999998,4.247
12284,59.1470949999998,5.147
12285,59.1508369999998,3.742
12286,59.1552459999998,4.409
12287,59.1595089999998,4.263
12288,59.1645099999998,5.001
12289,59.1686159999998,4.106
12290,59.1725199999998,3.904
12291,59.1771039999998,4.584
12292,59.1821839999998,5.08
12293,59.1858249999998,3.641
12294,59.1899829999998,4.158
12295,59.1965409999998,6.558
12296,59.2015179999998,4.977
12297,59.2054059999998,3.888
12298,59.2099729999998,4.567
12299,59.2145189999998,4.546
12300,59.2190129999998,4.494
12301,59.2233479999998,4.335
12302,59.2272409999998,3.893
12303,59.2315389999998,4.298
12304,59.2365919999998,5.053
12305,59.2406079999998,4.016
12306,59.2449099999998,4.302
12307,59.2498519999998,4.942
12308,59.2535119999998,3.66
12309,59.2579939999998,4.482
12310,59.2625769999998,4.583
12311,59.2674409999998,4.864
12312,59.2729389999998,5.498
12313,59.2757499999998,2.811
12314,59.2799379999998,4.188
12315,59.2848749999998,4.937
12316,59.2895759999998,4.701
12317,59.2929929999998,3.417
12318,59.2974529999998,4.46
12319,59.3022709999998,4.818
12320,59.3062549999998,3.984
12321,59.3111909999998,4.936
12322,59.3152349999998,4.044
12323,59.3197229999998,4.488
12324,59.3235649999998,3.842
12325,59.3278369999998,4.272
12326,59.3327269999998,4.89
12327,59.3368599999998,4.133
12328,59.3410859999998,4.226
12329,59.3455209999998,4.435
12330,59.3503939999998,4.873
12331,59.3543539999998,3.96
12332,59.3586629999998,4.309
12333,59.3631719999998,4.509
12334,59.3682589999998,5.087
12335,59.3717889999998,3.53
12336,59.3762509999998,4.462
12337,59.3805709999998,4.32
12338,59.3855589999998,4.988
12339,59.3898089999998,4.25
12340,59.3940329999998,4.224
12341,59.3984409999998,4.408
12342,59.4033739999998,4.933
12343,59.4072039999998,3.83
12344,59.4126539999998,5.45
12345,59.4179689999998,5.315
12346,59.4210089999998,3.04
12347,59.4252969999998,4.288
12348,59.4293289999998,4.032
12349,59.4345889999998,5.26
12350,59.4394629999998,4.874
12351,59.4444159999998,4.953
12352,59.4477249999998,3.309
12353,59.4523959999998,4.671
12354,59.4567249999998,4.329
12355,59.4629839999998,6.259
12356,59.4679539999998,4.97
12357,59.4716469999998,3.693
12358,59.4761429999998,4.496
12359,59.4805609999998,4.418
12360,59.4856199999998,5.059
12361,59.4893249999998,3.705
12362,59.4939749999998,4.65
12363,59.4983949999998,4.42
12364,59.5032879999998,4.893
12365,59.5071159999998,3.828
12366,59.5113369999998,4.221
12367,59.5162639999998,4.927
12368,59.5201979999998,3.934
12369,59.5248809999998,4.683
12370,59.5305569999998,5.676
12371,59.5362389999998,5.682
12372,59.5396989999998,3.46
12373,59.5439019999998,4.203
12374,59.5482089999998,4.307
12375,59.5530349999998,4.826
12376,59.5635369999998,10.502
12377,59.5775769999998,14.04
12378,59.5814129999998,3.836
12379,59.5855579999998,4.145
12380,59.5914039999998,5.846
12381,59.5963339999998,4.93
12382,59.5999409999998,3.607
12383,59.6049159999998,4.975
12384,59.6090519999998,4.136
12385,59.6128479999998,3.796
12386,59.6178799999998,5.032
12387,59.6216779999998,3.798
12388,59.6273809999998,5.703
12389,59.6324309999998,5.05
12390,59.6362079999998,3.777
12391,59.6419409999998,5.733
12392,59.6461739999998,4.233
12393,59.6498779999998,3.704
12394,59.6541519999998,4.274
12395,59.6592809999998,5.129
12396,59.6630039999998,3.723
12397,59.6677869999998,4.783
12398,59.6717359999998,3.949
12399,59.6775629999998,5.827
12400,59.6831119999998,5.549
12401,59.6868819999998,3.77
12402,59.6915389999998,4.657
12403,59.6955409999998,4.002
12404,59.6998879999998,4.347
12405,59.7042839999998,4.396
12406,59.7118649999998,7.581
12407,59.7175039999998,5.639
12408,59.7244759999998,6.972
12409,59.7288389999998,4.363
12410,59.7330279999998,4.189
12411,59.7366669999998,3.639
12412,59.7410639999998,4.397
12413,59.7457079999998,4.644
12414,59.7492589999998,3.551
12415,59.7538609999998,4.602
12416,59.7587579999998,4.897
12417,59.7629089999998,4.151
12418,59.7665759999998,3.667
12419,59.7727409999998,6.165
12420,59.7778409999998,5.1
12421,59.7808659999998,3.025
12422,59.7848089999998,3.943
12423,59.7890889999998,4.28
12424,59.7940379999998,4.949
12425,59.7978039999998,3.766
12426,59.8020509999998,4.247
12427,59.8067859999998,4.735
12428,59.8123239999998,5.538
12429,59.8157869999998,3.463
12430,59.8196999999998,3.913
12431,59.8240879999998,4.388
12432,59.8289129999998,4.825
12433,59.8330139999998,4.101
12434,59.8372409999998,4.227
12435,59.8442449999998,7.004
12436,59.8484179999998,4.173
12437,59.8519809999998,3.563
12438,59.8563109999998,4.33
12439,59.8607349999998,4.424
12440,59.8664499999998,5.715
12441,59.8702759999998,3.826
12442,59.8752009999998,4.925
12443,59.8789339999998,3.733
12444,59.8839329999998,4.999
12445,59.8877769999998,3.844
12446,59.8926709999998,4.894
12447,59.8970159999998,4.345
12448,59.9019489999998,4.933
12449,59.9060879999998,4.139
12450,59.9112009999998,5.113
12451,59.9161819999998,4.981
12452,59.9201379999998,3.956
12453,59.9242989999998,4.161
12454,59.9286469999998,4.348
12455,59.9340979999998,5.451
12456,59.9378109999998,3.713
12457,59.9434899999998,5.679
12458,59.9476229999999,4.133
12459,59.9526629999999,5.04
12460,59.9561699999999,3.507
12461,59.9608619999998,4.692
12462,59.9649779999999,4.116
12463,59.9735469999999,8.569
12464,59.9788309999999,5.284
12465,59.9831839999999,4.353
12466,59.9878539999999,4.67
12467,59.9918039999999,3.95
12468,59.9972959999999,5.492
12469,60.0019579999999,4.662
12470,60.0068659999999,4.908
12471,60.0107659999999,3.9
12472,60.0150109999999,4.245
12473,60.0232999999999,8.289
12474,60.0286779999999,5.378
12475,60.0319439999999,3.266
12476,60.0364329999999,4.489
12477,60.0414159999999,4.983
12478,60.0448199999999,3.404
12479,60.0503659999999,5.546
12480,60.0557579999999,5.392
12481,60.0608619999999,5.104
12482,60.0642269999999,3.365
12483,60.0687029999999,4.476
12484,60.0731689999999,4.466
12485,60.0779569999999,4.788
12486,60.0852129999999,7.256
12487,60.0897899999999,4.577
12488,60.0949069999999,5.117
12489,60.0979459999999,3.039
12490,60.1025579999999,4.612
12491,60.1067579999999,4.2
12492,60.1116329999999,4.875
12493,60.1156429999999,4.01
12494,60.1202589999999,4.616
12495,60.1263579999999,6.099
12496,60.1302689999999,3.911
12497,60.1341819999999,3.913
12498,60.1387559999999,4.574
12499,60.1435519999999,4.796
12500,60.1477479999999,4.196
12501,60.1517599999999,4.012
12502,60.1576749999999,5.915
12503,60.1616569999999,3.982
12504,60.1652529999999,3.596
12505,60.1700029999999,4.75
12506,60.1752489999999,5.246
12507,60.1783799999999,3.131
12508,60.1829409999999,4.561
12509,60.1889979999999,6.057
12510,60.1941809999999,5.183
12511,60.1978209999999,3.64
12512,60.2022439999999,4.423
12513,60.2074609999999,5.217
12514,60.2112159999999,3.755
12515,60.2153619999999,4.146
12516,60.2207919999999,5.43
12517,60.2287879999999,7.996
12518,60.2335789999999,4.791
12519,60.2373149999999,3.736
12520,60.2421229999999,4.808
12521,60.2457909999999,3.668
12522,60.2503049999999,4.514
12523,60.2561419999999,5.837
12524,60.2601059999999,3.964
12525,60.2640199999999,3.914
12526,60.2684389999999,4.419
12527,60.2734109999999,4.972
12528,60.2774169999999,4.006
12529,60.2817739999999,4.357
12530,60.2869029999999,5.129
12531,60.2915499999999,4.647
12532,60.2953509999999,3.801
12533,60.2999539999999,4.603
12534,60.3053309999999,5.377
12535,60.3092189999999,3.888
12536,60.3135419999999,4.323
12537,60.3187789999999,5.237
12538,60.3256989999999,6.92
12539,60.3300489999999,4.35
12540,60.3336599999999,3.611
12541,60.3384589999999,4.799
12542,60.3422619999999,3.803
12543,60.3466479999999,4.386
12544,60.3516619999999,5.014
12545,60.3564049999999,4.743
12546,60.3605419999999,4.137
12547,60.3644969999999,3.955
12548,60.3698559999999,5.359
12549,60.3734289999999,3.573
12550,60.3782619999999,4.833
12551,60.3833409999999,5.079
12552,60.3878569999999,4.516
12553,60.3922419999999,4.385
12554,60.3959359999999,3.694
12555,60.4009939999999,5.058
12556,60.4048489999999,3.855
12557,60.4107489999999,5.9
12558,60.4160239999999,5.275
12559,60.4199889999999,3.965
12560,60.4244919999999,4.503
12561,60.4290219999999,4.53
12562,60.4335069999999,4.485
12563,60.4378329999999,4.326
12564,60.4421859999999,4.353
12565,60.4465089999999,4.323
12566,60.4517829999999,5.274
12567,60.4595199999999,7.737
12568,60.4628369999999,3.317
12569,60.4677249999999,4.888
12570,60.4712709999999,3.546
12571,60.4757319999999,4.461
12572,60.4800439999999,4.312
12573,60.4880469999999,8.003
12574,60.4926999999999,4.653
12575,60.4973229999999,4.623
12576,60.5024589999999,5.136
12577,60.5060179999999,3.559
12578,60.5122579999999,6.24
12579,60.5167379999999,4.48
12580,60.5218759999999,5.138
12581,60.5267759999999,4.9
12582,60.5310909999999,4.315
12583,60.5383929999999,7.302
12584,60.5430199999999,4.627
12585,60.5459679999999,2.948
12586,60.5503089999999,4.341
12587,60.5553809999999,5.072
12588,60.5586219999999,3.241
12589,60.5741619999999,15.54
12590,60.5770659999999,2.904
12591,60.5814279999999,4.362
12592,60.5895289999999,8.101
12593,60.5951619999999,5.633
12594,60.5992249999999,4.063
12595,60.6039159999999,4.691
12596,60.6078299999999,3.914
12597,60.6123139999999,4.484
12598,60.6183669999999,6.053
12599,60.6219689999999,3.602
12600,60.6279949999999,6.026
12601,60.6319369999999,3.942
12602,60.6368699999999,4.933
12603,60.6433639999999,6.494
12604,60.6482899999999,4.926
12605,60.6519589999999,3.669
12606,60.6565419999999,4.583
12607,60.6613379999999,4.796
12608,60.6670579999999,5.72
12609,60.6720259999999,4.968
12610,60.6775329999999,5.507
12611,60.6809189999999,3.386
12612,60.6848649999999,3.946
12613,60.6923159999999,7.451
12614,60.6959059999999,3.59
12615,60.7003229999999,4.417
12616,60.7048169999999,4.494
12617,60.7100479999999,5.231
12618,60.7155849999999,5.537
12619,60.7202409999999,4.656
12620,60.7252379999999,4.997
12621,60.7292659999999,4.028
12622,60.7338459999999,4.58
12623,60.7383189999999,4.473
12624,60.7434349999999,5.116
12625,60.7473249999999,3.89
12626,60.7519259999999,4.601
12627,60.7565149999999,4.589
12628,60.7633289999999,6.814
12629,60.7673749999999,4.046
12630,60.7720539999999,4.679
12631,60.7774189999999,5.365
12632,60.7814489999999,4.03
12633,60.7878049999999,6.356
12634,60.7925549999999,4.75
12635,60.7977569999999,5.202
12636,60.8016979999999,3.941
12637,60.8074469999999,5.749
12638,60.8128899999999,5.443
12639,60.8181549999999,5.265
12640,60.8220079999999,3.853
12641,60.8267659999999,4.758
12642,60.8318909999999,5.125
12643,60.8377939999999,5.903
12644,60.8423109999999,4.517
12645,60.8467879999999,4.477
12646,60.8522769999999,5.489
12647,60.8556889999999,3.412
12648,60.8622639999999,6.575
12649,60.8674669999999,5.203
12650,60.8711179999999,3.651
12651,60.8759389999999,4.821
12652,60.8802499999999,4.311
12653,60.8874689999999,7.219
12654,60.8912799999999,3.811
12655,60.8956589999999,4.379
12656,60.9009059999999,5.247
12657,60.9047969999999,3.891
12658,60.9115219999999,6.725
12659,60.9158879999999,4.366
12660,60.9212799999999,5.392
12661,60.9248049999999,3.525
12662,60.9291889999999,4.384
12663,60.9363979999999,7.209
12664,60.9398739999999,3.476
12665,60.9441829999999,4.309
12666,60.9485299999999,4.347
12667,60.9543739999999,5.844
12668,60.9576399999999,3.266
12669,60.9613879999999,3.748
12670,60.9665999999999,5.212
12671,60.9714829999999,4.883
12672,60.9757359999999,4.253
12673,60.9818999999999,6.164
12674,60.9869039999999,5.004
12675,60.9904329999999,3.529
12676,60.9947189999999,4.286
12677,60.9994489999999,4.73
12678,61.0051779999999,5.729
12679,61.0110359999999,5.858
12680,61.0158399999999,4.804
12681,61.0207819999999,4.942
12682,61.0247529999999,3.971
12683,61.0305029999999,5.75
12684,61.0360599999999,5.557
12685,61.0399719999999,3.912
12686,61.0435069999999,3.535
12687,61.0476059999999,4.099
12688,61.0551049999999,7.499
12689,61.0584349999999,3.33
12690,61.0624909999999,4.056
12691,61.0698549999999,7.364
12692,61.0739059999999,4.051
12693,61.0774009999999,3.495
12694,61.0817849999999,4.384
12695,61.0871839999999,5.399
12696,61.0905379999999,3.354
12697,61.0945339999999,3.996
12698,61.0996289999999,5.095
12699,61.1036049999999,3.976
12700,61.1087839999999,5.179
12701,61.1121939999999,3.41
12702,61.1170709999999,4.877
12703,61.1208409999999,3.77
12704,61.1246579999999,3.817
12705,61.1289909999999,4.333
12706,61.1342609999999,5.27
12707,61.1380079999999,3.747
12708,61.1424719999999,4.464
12709,61.1473089999999,4.837
12710,61.1510109999999,3.702
12711,61.1556679999999,4.657
12712,61.1602339999999,4.566
12713,61.1650599999999,4.826
12714,61.1688509999999,3.791
12715,61.1733889999999,4.538
12716,61.1776959999999,4.307
12717,61.1827529999999,5.057
12718,61.1867379999999,3.985
12719,61.1909149999999,4.177
12720,61.1957289999999,4.814
12721,61.2000729999999,4.344
12722,61.2049119999999,4.839
12723,61.2097389999999,4.827
12724,61.2151449999999,5.406
12725,61.2208809999999,5.736
12726,61.2305899999999,9.709
12727,61.2440149999999,13.425
12728,61.2488129999999,4.798
12729,61.2544379999999,5.625
12730,61.2611639999999,6.726
12731,61.2680029999999,6.839
12732,61.2766889999999,8.686
12733,61.2836719999999,6.983
12734,61.2897019999999,6.03
12735,61.2941399999999,4.438
12736,61.2986139999999,4.474
12737,61.3059929999999,7.379
12738,61.3113939999999,5.401
12739,61.3186679999999,7.274
12740,61.3295789999999,10.911
12741,61.3391529999999,9.574
12742,61.3432199999999,4.067
12743,61.3477639999999,4.544
12744,61.3520359999999,4.272
12745,61.3568259999999,4.79
12746,61.3605749999999,3.749
12747,61.3656669999999,5.092
12748,61.3710389999999,5.372
12749,61.3753079999999,4.269
12750,61.3802819999999,4.974
12751,61.3841079999999,3.826
12752,61.3884059999999,4.298
12753,61.3954119999999,7.006
12754,61.3987499999999,3.338
12755,61.4032229999999,4.473
12756,61.4091279999999,5.905
12757,61.4133859999999,4.258
12758,61.4180929999999,4.707
12759,61.4222759999999,4.183
12760,61.4274769999999,5.201
12761,61.4309259999999,3.449
12762,61.4353109999999,4.385
12763,61.4419979999999,6.687
12764,61.4451259999999,3.128
12765,61.4506509999999,5.525
12766,61.4549259999999,4.275
12767,61.4612739999999,6.348
12768,61.4656749999999,4.401
12769,61.4710089999999,5.334
12770,61.4797639999999,8.755
12771,61.4848739999999,5.11
12772,61.4891329999999,4.259
12773,61.4933239999999,4.191
12774,61.4987949999999,5.471
12775,61.5030819999999,4.287
12776,61.5091539999999,6.072
12777,61.5159139999999,6.76
12778,61.5217959999999,5.882
12779,61.5255209999999,3.725
12780,61.5307519999999,5.231
12781,61.5405559999999,9.804
12782,61.5452259999999,4.67
12783,61.5503129999999,5.087
12784,61.5563419999999,6.029
12785,61.5590299999999,2.688
12786,61.5630899999999,4.06
12787,61.5726939999999,9.604
12788,61.5760659999999,3.372
12789,61.5845439999999,8.478
12790,61.5887499999999,4.206
12791,61.5953179999999,6.568
12792,61.5987469999999,3.429
12793,61.6027809999999,4.034
12794,61.6078939999999,5.113
12795,61.6130099999999,5.116
12796,61.6164599999999,3.45
12797,61.6212349999999,4.775
12798,61.6274219999999,6.187
12799,61.6317489999999,4.327
12800,61.6365379999999,4.789
12801,61.6425429999999,6.005
12802,61.6455999999999,3.057
12803,61.6497979999999,4.198
12804,61.6546499999999,4.852
12805,61.6592419999999,4.592
12806,61.6649139999999,5.672
12807,61.6698009999999,4.887
12808,61.6740909999999,4.29
12809,61.6779549999999,3.864
12810,61.6823469999999,4.392
12811,61.6870239999999,4.677
12812,61.6913329999999,4.309
12813,61.6952069999999,3.874
12814,61.7000589999999,4.852
12815,61.7060039999999,5.945
12816,61.7105449999999,4.541
12817,61.7171619999999,6.617
12818,61.7202629999999,3.101
12819,61.7253319999999,5.069
12820,61.7310249999999,5.693
12821,61.7356129999999,4.588
12822,61.7396599999999,4.047
12823,61.7436229999999,3.963
12824,61.7491429999999,5.52
12825,61.7529399999999,3.797
12826,61.7588349999999,5.895
12827,61.7631749999999,4.34
12828,61.7697309999999,6.556
12829,61.7742429999999,4.512
12830,61.7778729999999,3.63
12831,61.7827019999999,4.829
12832,61.7862909999999,3.589
12833,61.7916229999999,5.332
12834,61.7958819999999,4.259
12835,61.8023589999999,6.477
12836,61.8063019999999,3.943
12837,61.8124129999999,6.111
12838,61.8176129999999,5.2
12839,61.8209289999999,3.316
12840,61.8249739999999,4.045
12841,61.8292589999999,4.285
12842,61.8346589999999,5.4
12843,61.8385409999999,3.882
12844,61.8426699999999,4.129
12845,61.8476769999999,5.007
12846,61.8511109999999,3.434
12847,61.8560779999999,4.967
12848,61.8603529999999,4.275
12849,61.8671359999999,6.783
12850,61.8707389999999,3.603
12851,61.8752549999999,4.516
12852,61.8811039999999,5.849
12853,61.8844399999999,3.336
12854,61.8909129999999,6.473
12855,61.8950279999999,4.115
12856,61.8998409999999,4.813
12857,61.9040249999999,4.184
12858,61.9083179999999,4.293
12859,61.9154679999999,7.15
12860,61.9194979999999,4.03
12861,61.9254269999999,5.929
12862,61.9295759999999,4.149
12863,61.9345109999999,4.935
12864,61.9387299999999,4.219
12865,61.9426989999999,3.969
12866,61.9483109999999,5.612
12867,61.9516159999999,3.305
12868,61.9578459999999,6.23
12869,61.9620859999999,4.24
12870,61.9689129999999,6.827
12871,61.9725989999999,3.686
12872,61.9770349999999,4.436
12873,61.9819159999999,4.881
12874,61.9853809999999,3.465
12875,61.9905659999999,5.185
12876,61.9948399999999,4.274
12877,62.0014459999999,6.606
12878,62.0052819999999,3.836
12879,62.0113939999999,6.112
12880,62.0162659999999,4.872
12881,62.0198369999999,3.571
12882,62.0244049999999,4.568
12883,62.0285649999999,4.16
12884,62.0336409999999,5.076
12885,62.0371249999999,3.484
12886,62.0418419999999,4.717
12887,62.0469839999999,5.142
12888,62.0520309999999,5.047
12889,62.0566639999999,4.633
12890,62.0605539999999,3.89
12891,62.0655649999999,5.011
12892,62.0691589999999,3.594
12893,62.0750729999999,5.914
12894,62.0794459999999,4.373
12895,62.0833509999999,3.905
12896,62.0874259999999,4.075
12897,62.0923499999999,4.924
12898,62.0974719999999,5.122
12899,62.1029819999999,5.51
12900,62.1072449999999,4.263
12901,62.1125589999999,5.314
12902,62.1162969999999,3.738
12903,62.1204509999999,4.154
12904,62.1265059999999,6.055
12905,62.1314239999999,4.918
12906,62.1347079999999,3.284
12907,62.1391749999999,4.467
12908,62.1457329999999,6.558
12909,62.1499009999999,4.168
12910,62.1559359999999,6.035
12911,62.1600099999999,4.074
12912,62.1649539999999,4.944
12913,62.1688799999999,3.926
12914,62.1730129999999,4.133
12915,62.1783769999999,5.364
12916,62.1823559999999,3.979
12917,62.1883519999999,5.996
12918,62.1927159999999,4.364
12919,62.1994769999999,6.761
12920,62.2029659999999,3.489
12921,62.2073899999999,4.424
12922,62.2126349999999,5.245
12923,62.2167869999999,4.152
12924,62.2206789999999,3.892
12925,62.2254309999999,4.752
12926,62.2308569999999,5.426
12927,62.2346939999999,3.837
12928,62.2405499999999,5.856
12929,62.2455709999999,5.021
12930,62.2512519999999,5.681
12931,62.2557819999999,4.53
12932,62.2601829999999,4.401
12933,62.2654189999999,5.236
12934,62.2688879999999,3.469
12935,62.2734369999999,4.549
12936,62.2784929999999,5.056
12937,62.2838379999999,5.345
12938,62.2884529999999,4.615
12939,62.2947119999999,6.259
12940,62.2997559999999,5.044
12941,62.3034649999999,3.709
12942,62.3080699999999,4.605
12943,62.3134739999999,5.404
12944,62.3170869999999,3.613
12945,62.3216909999999,4.604
12946,62.3271019999999,5.411
12947,62.3327439999999,5.642
12948,62.3374469999999,4.703
12949,62.3419679999999,4.521
12950,62.3491319999999,7.164
12951,62.3530259999999,3.894
12952,62.3574519999999,4.426
12953,62.3620739999999,4.622
12954,62.3672559999999,5.182
12955,62.3718989999999,4.643
12956,62.3757309999999,3.832
12957,62.3827119999999,6.981
12958,62.3863989999999,3.687
12959,62.3932699999999,6.871
12960,62.3977919999999,4.522
12961,62.4023189999999,4.527
12962,62.4062229999999,3.904
12963,62.4106989999999,4.476
12964,62.4161439999999,5.445
12965,62.4198169999999,3.673
12966,62.4258749999999,6.058
12967,62.4298539999999,3.979
12968,62.4363709999999,6.517
12969,62.4412919999999,4.921
12970,62.4464939999999,5.202
12971,62.4517469999999,5.253
12972,62.4557509999999,4.004
12973,62.4599439999999,4.193
12974,62.4645289999999,4.585
12975,62.4693709999999,4.842
12976,62.4736439999999,4.273
12977,62.4796149999999,5.971
12978,62.4846599999999,5.045
12979,62.4904619999999,5.802
12980,62.4945249999999,4.063
12981,62.4995329999999,5.008
12982,62.5030399999999,3.507
12983,62.5072529999999,4.213
12984,62.5118349999999,4.582
12985,62.5170049999999,5.17
12986,62.5218809999999,4.876
12987,62.5245959999999,2.715
12988,62.5312949999999,6.699
12989,62.5348549999999,3.56
12990,62.5408219999999,5.967
12991,62.5449909999999,4.169
12992,62.5499539999999,4.963
12993,62.5535819999999,3.628
12994,62.5576979999999,4.116
12995,62.5623699999999,4.672
12996,62.5657619999999,3.392
12997,62.5718499999999,6.088
12998,62.5766459999999,4.796
12999,62.5826199999999,5.974
13000,62.5861489999999,3.529
13001,62.5903009999999,4.152
13002,62.5955729999999,5.272
13003,62.5990339999999,3.461
13004,62.6028989999999,3.865
13005,62.6080689999999,5.17
13006,62.6134239999999,5.355
13007,62.6167819999999,3.358
13008,62.6223419999999,5.56
13009,62.6269689999999,4.627
13010,62.6327849999999,5.816
13011,62.6365019999999,3.717
13012,62.6406359999999,4.134
13013,62.6454489999999,4.813
13014,62.6491219999999,3.673
13015,62.6531479999999,4.026
13016,62.6588259999999,5.678
13017,62.6637309999999,4.905
13018,62.6679649999999,4.234
13019,62.6743419999999,6.377
13020,62.6810389999999,6.697
13021,62.6842679999999,3.229
13022,62.6885049999999,4.237
13023,62.6942959999999,5.791
13024,62.7012129999999,6.917
13025,62.7046639999999,3.451
13026,62.7091159999999,4.452
13027,62.7195739999999,10.458
13028,62.7245089999999,4.935
13029,62.7286949999999,4.186
13030,62.7328259999999,4.131
13031,62.7369939999999,4.168
13032,62.7408519999999,3.858
13033,62.7450689999999,4.217
13034,62.7505319999999,5.463
13035,62.7553159999999,4.784
13036,62.7609719999999,5.656
13037,62.7649939999999,4.022
13038,62.7684649999999,3.471
13039,62.7762999999999,7.835
13040,62.7843949999999,8.095
13041,62.7892709999999,4.876
13042,62.7923639999999,3.093
13043,62.7961539999999,3.79
13044,62.8009149999999,4.761
13045,62.8049019999999,3.987
13046,62.8108919999999,5.99
13047,62.8176249999999,6.733
13048,62.8211219999999,3.497
13049,62.8263249999999,5.203
13050,62.8318979999999,5.573
13051,62.8366659999999,4.768
13052,62.8406269999999,3.961
13053,62.8451199999999,4.493
13054,62.8500489999999,4.929
13055,62.8536379999999,3.589
13056,62.8579879999999,4.35
13057,62.8624189999999,4.431
13058,62.8690649999999,6.646
13059,62.8729889999999,3.924
13060,62.8771139999999,4.125
13061,62.8838739999999,6.76
13062,62.8875909999999,3.717
13063,62.8926129999999,5.022
13064,62.8996739999999,7.061
13065,62.9031549999999,3.481
13066,62.9094969999999,6.342
13067,62.9155439999999,6.047
13068,62.9205939999999,5.05
13069,62.9250699999999,4.476
13070,62.9304869999999,5.417
13071,62.9353129999999,4.826
13072,62.9388499999999,3.537
13073,62.9431989999999,4.349
13074,62.9479389999999,4.74
13075,62.9527669999999,4.828
13076,62.9561839999999,3.417
13077,62.9616889999999,5.505
13078,62.9659869999999,4.298
13079,62.9694569999999,3.47
13080,62.9742649999999,4.808
13081,62.9790499999999,4.785
13082,62.9843529999999,5.303
13083,62.9877989999999,3.446
13084,62.9938669999999,6.068
13085,62.9987689999999,4.902
13086,63.0023079999999,3.539
13087,63.0083629999999,6.055
13088,63.0132129999999,4.85
13089,63.0195029999999,6.29
13090,63.0235859999999,4.083
13091,63.0275109999999,3.925
13092,63.0326689999999,5.158
13093,63.0360049999999,3.336
13094,63.0402689999999,4.264
13095,63.0448979999999,4.629
13096,63.0498809999999,4.983
13097,63.0536579999999,3.777
13098,63.0598469999999,6.189
13099,63.0650059999999,5.159
13100,63.0683409999999,3.335
13101,63.0745819999999,6.241
13102,63.0786349999999,4.053
13103,63.0835309999999,4.896
13104,63.0889579999999,5.427
13105,63.0932689999999,4.311
13106,63.0983229999999,5.054
13107,63.1035249999999,5.202
13108,63.1079689999999,4.444
13109,63.1121469999999,4.178
13110,63.1184799999999,6.333
13111,63.1219439999999,3.464
13112,63.1264169999999,4.473
13113,63.1319519999999,5.535
13114,63.1358339999999,3.882
13115,63.1416849999999,5.851
13116,63.1458409999999,4.156
13117,63.1510899999999,5.249
13118,63.1563869999999,5.297
13119,63.1610119999999,4.625
13120,63.1658779999999,4.866
13121,63.1713539999999,5.476
13122,63.1755919999999,4.238
13123,63.1798109999999,4.219
13124,63.1865329999999,6.722
13125,63.1901779999999,3.645
13126,63.1945679999999,4.39
13127,63.2011479999999,6.58
13128,63.2048139999999,3.666
13129,63.2092079999999,4.394
13130,63.2148779999999,5.67
13131,63.2197979999999,4.92
13132,63.2233499999999,3.552
13133,63.2278619999999,4.512
13134,63.2332489999999,5.387
13135,63.2375219999999,4.273
13136,63.2407879999999,3.266
13137,63.2451559999999,4.368
13138,63.2525669999999,7.411
13139,63.2555689999999,3.002
13140,63.2598499999999,4.281
13141,63.2669499999999,7.1
13142,63.2703559999999,3.406
13143,63.2748659999999,4.51
13144,63.2808109999999,5.945
13145,63.2858399999999,5.029
13146,63.2894139999999,3.574
13147,63.2954469999999,6.033
13148,63.3004819999999,5.035
13149,63.3039949999999,3.513
13150,63.3097959999999,5.801
13151,63.3140189999999,4.223
13152,63.3188269999999,4.808
13153,63.3226629999999,3.836
13154,63.3270529999999,4.39
13155,63.3368429999999,9.79
13156,63.3394859999999,2.643
13157,63.3432969999999,3.811
13158,63.3478279999999,4.531
13159,63.3528729999999,5.045
13160,63.3565349999999,3.662
13161,63.3607189999999,4.184
13162,63.3658549999999,5.136
13163,63.3694909999999,3.636
13164,63.3741599999999,4.669
13165,63.3782279999999,4.068
13166,63.3832559999999,5.028
13167,63.3869449999999,3.689
13168,63.3914819999999,4.537
13169,63.3964299999999,4.948
13170,63.4004729999999,4.043
13171,63.4044499999999,3.977
13172,63.4088109999999,4.361
13173,63.4137599999999,4.949
13174,63.4173769999999,3.617
13175,63.4219479999999,4.571
13176,63.4272019999999,5.254
13177,63.4322549999999,5.053
13178,63.4359689999999,3.714
13179,63.4397089999999,3.74
13180,63.4446549999999,4.946
13181,63.4488639999999,4.209
13182,63.4526449999999,3.781
13183,63.4576539999999,5.009
13184,63.4614179999999,3.764
13185,63.4659299999999,4.512
13186,63.4702609999999,4.331
13187,63.4757289999999,5.468
13188,63.4791659999999,3.437
13189,63.4834569999999,4.291
13190,63.4878659999999,4.409
13191,63.4928929999999,5.027
13192,63.4970949999999,4.202
13193,63.5009819999999,3.887
13194,63.5051479999999,4.166
13195,63.5107189999999,5.571
13196,63.5145879999999,3.869
13197,63.5186759999999,4.088
13198,63.5229739999999,4.298
13199,63.5283389999999,5.365
13200,63.5337389999999,5.4
13201,63.5374489999999,3.71
13202,63.5414639999999,4.015
13203,63.5464339999999,4.97
13204,63.5499999999999,3.566
13205,63.5542579999999,4.258
13206,63.5586319999999,4.374
13207,63.5636949999999,5.063
13208,63.5673879999999,3.693
13209,63.5718389999999,4.451
13210,63.5762739999999,4.435
13211,63.5824059999999,6.132
13212,63.5857889999999,3.383
13213,63.5901109999999,4.322
13214,63.5944219999999,4.311
13215,63.5994579999999,5.036
13216,63.6030789999999,3.621
13217,63.6073169999999,4.238
13218,63.6123529999999,5.036
13219,63.6184019999999,6.049
13220,63.6216169999999,3.215
13221,63.6259549999999,4.338
13222,63.6306059999999,4.651
13223,63.6353949999999,4.789
13224,63.6388169999999,3.422
13225,63.6440389999999,5.222
13226,63.6496429999999,5.604
13227,63.6529869999999,3.344
13228,63.6571479999999,4.161
13229,63.6613979999999,4.25
13230,63.6679319999999,6.534
13231,63.6711969999999,3.265
13232,63.6755509999999,4.354
13233,63.6806149999999,5.064
13234,63.6860489999999,5.434
13235,63.6897789999999,3.73
13236,63.6942949999999,4.516
13237,63.7011969999999,6.902
13238,63.7050099999999,3.813
13239,63.7090069999999,3.997
13240,63.7142419999999,5.235
13241,63.7192649999999,5.023
13242,63.7229069999999,3.642
13243,63.7271419999999,4.235
13244,63.7313589999999,4.217
13245,63.7363319999999,4.973
13246,63.7396819999999,3.35
13247,63.7438659999999,4.184
13248,63.7508929999999,7.027
13249,63.7557769999999,4.884
13250,63.7592429999999,3.466
13251,63.7637209999999,4.478
13252,63.7689139999999,5.193
13253,63.7722379999999,3.324
13254,63.7766769999999,4.439
13255,63.7817009999999,5.024
13256,63.7863919999999,4.691
13257,63.7898109999999,3.419
13258,63.7940599999999,4.249
13259,63.7995079999999,5.448
13260,63.8031519999999,3.644
13261,63.8068649999999,3.713
13262,63.8124399999999,5.575
13263,63.8182999999999,5.86
13264,63.8222489999999,3.949
13265,63.8256269999999,3.378
13266,63.8300799999999,4.453
13267,63.8350119999999,4.932
13268,63.8388939999999,3.882
13269,63.8435949999999,4.701
13270,63.8480509999999,4.456
13271,63.8533949999999,5.344
13272,63.8566289999999,3.234
13273,63.8609649999999,4.336
13274,63.8663079999999,5.343
13275,63.8701499999999,3.842
13276,63.8743459999999,4.196
13277,63.8792139999999,4.868
13278,63.8847749999999,5.561
13279,63.8881719999999,3.397
13280,63.8925499999999,4.378
13281,63.8973009999999,4.751
13282,63.9019569999999,4.656
13283,63.9056849999999,3.728
13284,63.9099939999999,4.309
13285,63.9149649999999,4.971
13286,63.9201919999999,5.227
13287,63.9232159999999,3.024
13288,63.9275989999999,4.383
13289,63.9337089999999,6.11
13290,63.9371429999999,3.434
13291,63.9416649999999,4.522
13292,63.9472149999999,5.55
13293,63.9518239999999,4.609
13294,63.9548989999999,3.075
13295,63.9592109999999,4.312
13296,63.9638839999999,4.673
13297,63.9690349999999,5.151
13298,63.9727179999999,3.683
13299,63.9772269999999,4.509
13300,63.9831889999999,5.962
13301,63.9864259999999,3.237
13302,63.9903669999999,3.941
13303,63.9949309999999,4.564
13304,64.0021769999999,7.246
13305,64.0058319999999,3.655
13306,64.0101889999999,4.357
13307,64.0153259999999,5.137
13308,64.0204039999999,5.078
13309,64.0234569999999,3.053
13310,64.0280899999998,4.633
13311,64.0335579999998,5.468
13312,64.0371499999998,3.592
13313,64.0417199999998,4.57
13314,64.0485299999998,6.81
13315,64.0532469999998,4.717
13316,64.0563759999998,3.129
13317,64.0603539999998,3.978
13318,64.0650609999998,4.707
13319,64.0700869999998,5.026
13320,64.0738489999998,3.762
13321,64.0785259999998,4.677
13322,64.0854459999998,6.92
13323,64.0894289999998,3.983
13324,64.0939069999998,4.478
13325,64.0983369999998,4.43
13326,64.1033569999998,5.02
13327,64.1071869999998,3.83
13328,64.1151029999998,7.916
13329,64.1191619999998,4.059
13330,64.1230609999998,3.899
13331,64.1277849999998,4.724
13332,64.1328219999998,5.037
13333,64.1371309999998,4.309
13334,64.1406489999998,3.518
13335,64.1453549999998,4.706
13336,64.1501689999998,4.814
13337,64.1553619999998,5.193
13338,64.1594709999998,4.109
13339,64.1654539999998,5.983
13340,64.1687889999998,3.335
13341,64.1741979999998,5.409
13342,64.1778079999998,3.61
13343,64.1826349999998,4.827
13344,64.1876689999998,5.034
13345,64.1917919999999,4.123
13346,64.1969789999999,5.187
13347,64.2020209999999,5.042
13348,64.2073259999999,5.305
13349,64.2114319999999,4.106
13350,64.2158589999999,4.427
13351,64.2204469999999,4.588
13352,64.2258959999999,5.449
13353,64.2305669999999,4.671
13354,64.2354789999999,4.912
13355,64.2398319999999,4.353
13356,64.2439739999999,4.142
13357,64.2488279999999,4.854
13358,64.2528709999999,4.043
13359,64.2578679999999,4.997
13360,64.2630679999999,5.2
13361,64.2673349999999,4.267
13362,64.2710379999999,3.703
13363,64.2762809999999,5.243
13364,64.2800829999998,3.802
13365,64.2847629999998,4.68
13366,64.2896619999998,4.899
13367,64.2938569999998,4.195
13368,64.2981269999998,4.27
13369,64.3032679999998,5.141
13370,64.3081109999998,4.843
13371,64.3114849999998,3.374
13372,64.3183259999998,6.841
13373,64.3222899999998,3.964
13374,64.3285319999998,6.242
13375,64.3340349999998,5.503
13376,64.3379299999998,3.895
13377,64.3422859999998,4.356
13378,64.3462609999998,3.975
13379,64.3511189999998,4.858
13380,64.3555519999998,4.433
13381,64.3602629999998,4.711
13382,64.3650449999998,4.782
13383,64.3685929999998,3.548
13384,64.3725409999998,3.948
13385,64.3776599999998,5.119
13386,64.3812999999998,3.64
13387,64.3867089999998,5.409
13388,64.3913539999998,4.645
13389,64.3966939999998,5.34
13390,64.4008479999998,4.154
13391,64.4050959999998,4.248
13392,64.4112259999998,6.13
13393,64.4145789999998,3.353
13394,64.4184829999998,3.904
13395,64.4227399999998,4.257
13396,64.4277509999998,5.011
13397,64.4332979999998,5.547
13398,64.4374339999998,4.136
13399,64.4421489999998,4.715
13400,64.4453699999998,3.221
13401,64.4494209999998,4.051
13402,64.4539939999998,4.573
13403,64.4590329999998,5.039
13404,64.4634629999998,4.43
13405,64.4695109999998,6.048
13406,64.4741619999998,4.651
13407,64.4778939999998,3.732
13408,64.4821369999998,4.243
13409,64.4870629999998,4.926
13410,64.4921039999998,5.041
13411,64.4963379999998,4.234
13412,64.5029249999998,6.587
13413,64.5077499999998,4.825
13414,64.5115049999998,3.755
13415,64.5158639999998,4.359
13416,64.5202629999998,4.399
13417,64.5255279999998,5.265
13418,64.5297179999998,4.19
13419,64.5363759999998,6.658
13420,64.5406429999998,4.267
13421,64.5443629999998,3.72
13422,64.5487869999998,4.424
13423,64.5533659999998,4.579
13424,64.5581759999998,4.81
13425,64.5622669999998,4.091
13426,64.5662889999998,4.022
13427,64.5724969999998,6.208
13428,64.5765229999998,4.026
13429,64.5811369999998,4.614
13430,64.5858949999998,4.758
13431,64.5907379999998,4.843
13432,64.5944689999998,3.731
13433,64.5990939999998,4.625
13434,64.6041629999998,5.069
13435,64.6080629999998,3.9
13436,64.6148129999998,6.75
13437,64.6194749999998,4.662
13438,64.6231089999998,3.634
13439,64.6275839999998,4.475
13440,64.6311609999998,3.577
13441,64.6360839999998,4.923
13442,64.6397399999998,3.656
13443,64.6439879999999,4.248
13444,64.6501799999998,6.192
13445,64.6549669999998,4.787
13446,64.6585849999998,3.618
13447,64.6631639999999,4.579
13448,64.6677419999998,4.578
13449,64.6713979999999,3.656
13450,64.6762929999999,4.895
13451,64.6813939999999,5.101
13452,64.6851159999999,3.722
13453,64.6888989999999,3.783
13454,64.6930919999999,4.193
13455,64.6999609999998,6.869
13456,64.7033669999998,3.406
13457,64.7077419999998,4.375
13458,64.7134349999998,5.693
13459,64.7190709999998,5.636
13460,64.7219879999998,2.917
13461,64.7262639999998,4.276
13462,64.7308789999998,4.615
13463,64.7357049999998,4.826
13464,64.7394629999998,3.758
13465,64.7435159999998,4.053
13466,64.7488509999998,5.335
13467,64.7532199999998,4.369
13468,64.7575249999998,4.305
13469,64.7617509999998,4.226
13470,64.7689809999998,7.23
13471,64.7722419999998,3.261
13472,64.7766329999998,4.391
13473,64.7809719999998,4.339
13474,64.7861489999998,5.177
13475,64.7898669999998,3.718
13476,64.7941549999998,4.288
13477,64.8011519999998,6.997
13478,64.8047419999998,3.59
13479,64.8090819999998,4.34
13480,64.8142029999998,5.121
13481,64.8188759999998,4.673
13482,64.8218999999998,3.024
13483,64.8263339999998,4.434
13484,64.8327869999998,6.453
13485,64.8366809999998,3.894
13486,64.8408219999998,4.141
13487,64.8448799999998,4.058
13488,64.8502459999998,5.366
13489,64.8541869999998,3.941
13490,64.8581919999998,4.005
13491,64.8625649999998,4.373
13492,64.8683349999998,5.77
13493,64.8722889999998,3.954
13494,64.8766389999998,4.35
13495,64.8818439999998,5.205
13496,64.8856439999998,3.8
13497,64.8898119999998,4.168
13498,64.8942919999999,4.48
13499,64.8994489999998,5.157
13500,64.9030049999999,3.556
13501,64.9073359999998,4.331
13502,64.9123479999998,5.012
13503,64.9176909999998,5.343
13504,64.9210219999998,3.331
13505,64.9251449999998,4.123
13506,64.9302469999998,5.102
13507,64.9339729999998,3.726
13508,64.9383209999998,4.348
13509,64.9427499999998,4.429
13510,64.9494189999998,6.669
13511,64.9532279999998,3.809
13512,64.9578309999998,4.603
13513,64.9617889999998,3.958
13514,64.9667689999998,4.98
13515,64.9704769999998,3.708
13516,64.9753079999998,4.831
13517,64.9811219999998,5.814
13518,64.9848209999998,3.699
13519,64.9883729999998,3.552
13520,64.9958449999998,7.472
13521,64.9999109999998,4.066
13522,65.0036279999998,3.717
13523,65.0081849999998,4.557
13524,65.0173119999998,9.127
13525,65.0209529999998,3.641
13526,65.0249409999999,3.988
13527,65.0295189999999,4.578
13528,65.0343949999998,4.876
13529,65.0381449999998,3.75
13530,65.0423599999998,4.215
13531,65.0484999999998,6.14
13532,65.0525859999998,4.086
13533,65.0563859999998,3.8
13534,65.0607219999998,4.336
13535,65.0675099999998,6.788
13536,65.0711719999998,3.662
13537,65.0764599999998,5.288
13538,65.0802559999998,3.796
13539,65.0847749999998,4.519
13540,65.0906499999998,5.875
13541,65.0948249999998,4.175
13542,65.0997829999998,4.958
13543,65.1035909999999,3.808
13544,65.1081529999999,4.562
13545,65.1124619999999,4.309
13546,65.1176549999999,5.193
13547,65.1219079999999,4.253
13548,65.1258779999999,3.97
13549,65.1304399999999,4.562
13550,65.1371979999999,6.758
13551,65.1410999999999,3.902
13552,65.1454649999999,4.365
13553,65.1503559999999,4.891
13554,65.1540879999999,3.732
13555,65.1606319999999,6.544
13556,65.1648849999999,4.253
13557,65.1697549999999,4.87
13558,65.1737759999999,4.021
13559,65.1780449999999,4.269
13560,65.1849689999999,6.924
13561,65.1887489999999,3.78
13562,65.1932599999999,4.511
13563,65.1978129999999,4.553
13564,65.2028619999999,5.049
13565,65.2084579999999,5.596
13566,65.2130689999999,4.611
13567,65.2181719999999,5.103
13568,65.2223539999999,4.182
13569,65.2262679999999,3.914
13570,65.2327709999999,6.503
13571,65.2377459999999,4.975
13572,65.2419219999999,4.176
13573,65.2464449999999,4.523
13574,65.2514959999999,5.051
13575,65.2587199999999,7.224
13576,65.2623119999999,3.592
13577,65.2660409999999,3.729
13578,65.2713289999999,5.288
13579,65.2752339999999,3.905
13580,65.2818349999999,6.601
13581,65.2866969999999,4.862
13582,65.2909209999999,4.224
13583,65.2954399999999,4.519
13584,65.2999629999999,4.523
13585,65.3070269999999,7.064
13586,65.3109329999999,3.906
13587,65.3158469999999,4.914
13588,65.3209249999999,5.078
13589,65.3247369999999,3.812
13590,65.3316129999999,6.876
13591,65.3356659999999,4.053
13592,65.3411059999999,5.44
13593,65.3448569999999,3.751
13594,65.3494539999999,4.597
13595,65.3563849999999,6.931
13596,65.3602659999999,3.881
13597,65.3648029999999,4.537
13598,65.3694059999999,4.603
13599,65.3747869999999,5.381
13600,65.3783159999999,3.529
13601,65.3827279999999,4.412
13602,65.3876849999999,4.957
13603,65.3915469999999,3.862
13604,65.3958389999999,4.292
13605,65.4019519999999,6.113
13606,65.4068989999999,4.947
13607,65.4106769999999,3.778
13608,65.4148129999999,4.136
13609,65.4198419999999,5.029
13610,65.4254119999999,5.57
13611,65.4303749999999,4.963
13612,65.4343449999999,3.97
13613,65.4390939999999,4.749
13614,65.4425389999999,3.445
13615,65.4488089999999,6.27
13616,65.4540499999999,5.241
13617,65.4573669999999,3.317
13618,65.4615889999999,4.222
13619,65.4658439999999,4.255
13620,65.4725859999999,6.742
13621,65.4762689999999,3.683
13622,65.4807519999999,4.483
13623,65.4854819999999,4.73
13624,65.4890759999999,3.594
13625,65.4937949999999,4.719
13626,65.4981359999999,4.341
13627,65.5030149999999,4.879
13628,65.5069089999999,3.894
13629,65.5108639999999,3.955
13630,65.5176879999999,6.824
13631,65.5219769999999,4.289
13632,65.5271429999999,5.166
13633,65.5324789999999,5.336
13634,65.5372069999999,4.728
13635,65.5425629999999,5.356
13636,65.5468149999999,4.252
13637,65.5585479999999,11.733
13638,65.5620389999999,3.491
13639,65.5662199999999,4.181
13640,65.5734639999999,7.244
13641,65.5781629999999,4.699
13642,65.5838009999999,5.638
13643,65.5888939999999,5.093
13644,65.5937819999999,4.888
13645,65.5991459999999,5.364
13646,65.6035729999999,4.427
13647,65.6084029999999,4.83
13648,65.6120379999999,3.635
13649,65.6163269999999,4.289
13650,65.6206249999999,4.298
13651,65.6263909999999,5.766
13652,65.6313249999999,4.934
13653,65.6362879999999,4.963
13654,65.6428799999999,6.592
13655,65.6465249999999,3.645
13656,65.6507859999999,4.261
13657,65.6556159999999,4.83
13658,65.6596619999999,4.046
13659,65.6655449999999,5.883
13660,65.6698229999999,4.278
13661,65.6749539999999,5.131
13662,65.6787689999999,3.815
13663,65.6829449999999,4.176
13664,65.6899339999999,6.989
13665,65.6930639999999,3.13
13666,65.6972629999999,4.199
13667,65.7021769999999,4.914
13668,65.7072359999999,5.059
13669,65.7111309999999,3.895
13670,65.7164419999999,5.311
13671,65.7214939999999,5.052
13672,65.7270829999999,5.589
13673,65.7319319999999,4.849
13674,65.7365119999999,4.58
13675,65.7403409999999,3.829
13676,65.7447049999999,4.364
13677,65.7494669999999,4.762
13678,65.7534039999999,3.937
13679,65.7575679999999,4.164
13680,65.7617759999999,4.208
13681,65.7687619999999,6.986
13682,65.7720579999999,3.296
13683,65.7765079999999,4.45
13684,65.7812169999999,4.709
13685,65.7849779999999,3.761
13686,65.7905059999999,5.528
13687,65.7947609999999,4.255
13688,65.8000029999999,5.242
13689,65.8037299999999,3.727
13690,65.8101999999999,6.47
13691,65.8146459999999,4.446
13692,65.8203079999999,5.662
13693,65.8246749999999,4.367
13694,65.8288579999999,4.183
13695,65.8337849999999,4.927
13696,65.8377069999999,3.922
13697,65.8417299999999,4.023
13698,65.8466769999999,4.947
13699,65.8522969999999,5.62
13700,65.8564659999999,4.169
13701,65.8607299999999,4.264
13702,65.8656119999999,4.882
13703,65.8694309999999,3.819
13704,65.8734789999999,4.048
13705,65.8783159999999,4.837
13706,65.8819759999999,3.66
13707,65.8877249999999,5.749
13708,65.8920599999999,4.335
13709,65.8989089999999,6.849
13710,65.9026409999999,3.732
13711,65.9077129999999,5.072
13712,65.9123949999999,4.682
13713,65.9154609999999,3.066
13714,65.9214779999999,6.017
13715,65.9258349999999,4.357
13716,65.9305969999999,4.762
13717,65.9347149999999,4.118
13718,65.9392359999999,4.521
13719,65.9457049999999,6.469
13720,65.9493859999999,3.681
13721,65.9535209999999,4.135
13722,65.9578309999999,4.31
13723,65.9627619999999,4.931
13724,65.9685409999999,5.779
13725,65.9727089999999,4.168
13726,65.9776229999999,4.914
13727,65.9810419999999,3.419
13728,65.9855529999999,4.511
13729,65.9897039999999,4.151
13730,65.9946389999999,4.935
13731,65.9983119999999,3.673
13732,66.0038839999999,5.572
13733,66.0089589999999,5.075
13734,66.0142979999999,5.339
13735,66.0186259999999,4.328
13736,66.0233019999999,4.676
13737,66.0287289999999,5.427
13738,66.0320609999999,3.332
13739,66.0377279999999,5.667
13740,66.0426109999999,4.883
13741,66.0467349999999,4.124
13742,66.0507269999999,3.992
13743,66.0550489999999,4.322
13744,66.0619609999999,6.912
13745,66.0654029999999,3.442
13746,66.0698289999999,4.426
13747,66.0764979999999,6.669
13748,66.0806179999999,4.12
13749,66.0855449999999,4.927
13750,66.0902489999999,4.704
13751,66.0967659999999,6.517
13752,66.1009759999999,4.21
13753,66.1066289999999,5.653
13754,66.1133329999999,6.704
13755,66.1169759999999,3.643
13756,66.1216279999999,4.652
13757,66.1271329999999,5.505
13758,66.1328909999999,5.758
13759,66.1385909999999,5.7
13760,66.1443989999999,5.808
13761,66.1492559999999,4.857
13762,66.1544979999999,5.242
13763,66.1590759999999,4.578
13764,66.1637899999999,4.714
13765,66.1692079999999,5.418
13766,66.1733099999999,4.102
13767,66.1786049999999,5.295
13768,66.1840869999999,5.482
13769,66.1895909999999,5.504
13770,66.1940479999999,4.457
13771,66.1999539999999,5.906
13772,66.2068279999999,6.874
13773,66.2107369999999,3.909
13774,66.2151789999999,4.442
13775,66.2210169999999,5.838
13776,66.2252269999999,4.21
13777,66.2292639999999,4.037
13778,66.2344169999999,5.153
13779,66.2392059999999,4.789
13780,66.2447679999999,5.562
13781,66.2506209999999,5.853
13782,66.2590889999999,8.468
13783,66.2656359999999,6.547
13784,66.2744749999999,8.839
13785,66.2787509999999,4.276
13786,66.2833169999999,4.566
13787,66.2894609999999,6.144
13788,66.2931679999999,3.707
13789,66.2970849999999,3.917
13790,66.3022669999999,5.182
13791,66.3056489999999,3.382
13792,66.3100829999999,4.434
13793,66.3143009999999,4.218
13794,66.3194669999999,5.166
13795,66.3234599999999,3.993
13796,66.3272019999999,3.742
13797,66.3320419999999,4.84
13798,66.3356949999999,3.653
13799,66.3401579999999,4.463
13800,66.3446859999999,4.528
13801,66.3483719999999,3.686
13802,66.3524489999999,4.077
13803,66.3567409999999,4.292
13804,66.3621419999999,5.401
13805,66.3658189999999,3.677
13806,66.3697799999999,3.961
13807,66.3746539999999,4.874
13808,66.3785999999999,3.946
13809,66.3825169999999,3.917
13810,66.3867679999999,4.251
13811,66.3943769999999,7.609
13812,66.3979929999999,3.616
13813,66.4019999999999,4.007
13814,66.4062359999999,4.236
13815,66.4116469999999,5.411
13816,66.4149879999999,3.341
13817,66.4194109999999,4.423
13818,66.4265769999999,7.166
13819,66.4304709999999,3.894
13820,66.4341649999999,3.694
13821,66.4381359999999,3.971
13822,66.4431849999999,5.049
13823,66.4466849999999,3.5
13824,66.4508569999999,4.172
13825,66.4550309999999,4.174
13826,66.4638469999999,8.816
13827,66.473025,9.178
13828,66.47666,3.635
13829,66.481297,4.637
13830,66.48451,3.213
13831,66.489703,5.193
13832,66.493564,3.861
13833,66.49767,4.106
13834,66.501434,3.764
13835,66.50565,4.216
13836,66.509955,4.305
13837,66.514773,4.818
13838,66.518257,3.484
13839,66.522877,4.62
13840,66.530394,7.517
13841,66.534287,3.893
13842,66.537688,3.401
13843,66.542078,4.39
13844,66.546739,4.661
13845,66.550227,3.488
13846,66.563667,13.44
13847,66.57616,12.493
13848,66.580376,4.216
13849,66.58508,4.704
13850,66.591242,6.162
13851,66.599183,7.941
13852,66.60825,9.067
13853,66.612037,3.787
13854,66.61578,3.743
13855,66.622341,6.561
13856,66.628117,5.776
13857,66.635862,7.745
13858,66.643155,7.293
13859,66.648843,5.688
13860,66.654855,6.012
13861,66.659548,4.693
13862,66.664659,5.111
13863,66.669048,4.389
13864,66.674615,5.567
13865,66.678745,4.13
13866,66.685403,6.658
13867,66.688762,3.359
13868,66.69475,5.988
13869,66.699247,4.497
13870,66.704946,5.699
13871,66.709101,4.155
13872,66.715702,6.601
13873,66.71919,3.488
13874,66.725426,6.236
13875,66.730938,5.512
13876,66.736006,5.068
13877,66.740155,4.149
13878,66.746638,6.483
13879,66.750224,3.586
13880,66.756048,5.824
13881,66.761313,5.265
13882,66.76662,5.307
13883,66.770834,4.214
13884,66.777613,6.779
13885,66.781167,3.554
13886,66.787271,6.104
13887,66.791978,4.707
13888,66.797635,5.657
13889,66.801744,4.109
13890,66.808536,6.792
13891,66.81227,3.734
13892,66.818144,5.874
13893,66.822535,4.391
13894,66.829192,6.657
13895,66.833099,3.907
13896,66.839463,6.364
13897,66.843977,4.514
13898,66.849533,5.556
13899,66.853911,4.378
13900,66.86053,6.619
13901,66.864364,3.834
13902,66.870546,6.182
13903,66.874893,4.347
13904,66.881577,6.684
13905,66.885546,3.969
13906,66.891729,6.183
13907,66.896891,5.162
13908,66.902346,5.455
13909,66.906925,4.579
13910,66.913983,7.058
13911,66.917853,3.87
13912,66.923483,5.63
13913,66.928172,4.689
13914,66.934853,6.681
13915,66.938645,3.792
13916,66.944835,6.19
13917,66.949789,4.954
13918,66.955384,5.595
13919,66.959805,4.421
13920,66.966587,6.782
13921,66.970329,3.742
13922,66.976437,6.108
13923,66.980809,4.372
13924,66.987511,6.702
13925,66.991827,4.316
13926,66.997535,5.708
13927,67.002868,5.333
13928,67.008236,5.368
13929,67.012859,4.623
13930,67.019134,6.275
13931,67.023063,3.929
13932,67.029411,6.348
13933,67.034149,4.738
13934,67.039501,5.352
13935,67.043847,4.346
13936,67.050457,6.61
13937,67.054168,3.711
13938,67.060166,5.998
13939,67.064717,4.551
13940,67.071296,6.579
13941,67.074928,3.632
13942,67.081251,6.323
13943,67.086104,4.853
13944,67.091436,5.332
13945,67.095703,4.267
13946,67.102878,7.175
13947,67.106813,3.935
13948,67.113429,6.616
13949,67.117103,3.674
13950,67.122743,5.64
13951,67.126995,4.252
13952,67.131269,4.274
13953,67.13624,4.971
13954,67.1398,3.56
13955,67.144253,4.453
13956,67.14926,5.007
13957,67.154757,5.497
13958,67.158771,4.014
13959,67.165684,6.913
13960,67.169192,3.508
13961,67.173397,4.205
13962,67.177759,4.362
13963,67.182609,4.85
13964,67.186155,3.546
13965,67.19056,4.405
13966,67.195508,4.948
13967,67.198894,3.386
13968,67.203474,4.58
13969,67.208023,4.549
13970,67.211956,3.933
13971,67.216432,4.476
13972,67.220555,4.123
13973,67.225365,4.81
13974,67.229036,3.671
13975,67.233064,4.028
13976,67.23745,4.386
13977,67.242238,4.788
13978,67.246394,4.156
13979,67.250401,4.007
13980,67.254675,4.274
13981,67.259564,4.889
13982,67.263369,3.805
13983,67.267825,4.456
13984,67.272559,4.734
13985,67.279235,6.676
13986,67.282927,3.692
13987,67.287107,4.18
13988,67.291397,4.29
13989,67.296569,5.172
13990,67.301281,4.712
13991,67.305656,4.375
13992,67.310096,4.44
13993,67.315897,5.801
13994,67.319301,3.404
13995,67.322813,3.512
13996,67.327384,4.571
13997,67.332524,5.14
13998,67.33632,3.796
13999,67.340543,4.223
14000,67.344886,4.343
14001,67.350756,5.87
14002,67.353802,3.046
14003,67.358244,4.442
14004,67.362712,4.468
14005,67.368098,5.386
14006,67.371741,3.643
14007,67.37618,4.439
14008,67.380572,4.392
14009,67.385572,5.0
14010,67.389452,3.88
14011,67.393778,4.326
14012,67.400397,6.619
14013,67.403488,3.091
14014,67.40792,4.432
14015,67.412429,4.509
14016,67.418716,6.287
14017,67.422907,4.191
14018,67.42639,3.483
14019,67.43068,4.29
14020,67.435833,5.153
14021,67.439469,3.636
14022,67.443851,4.382
14023,67.450182,6.331
14024,67.453719,3.537
14025,67.457646,3.927
14026,67.46215,4.504
14027,67.467491,5.341
14028,67.470847,3.356
14029,67.475733,4.886
14030,67.479599,3.866
14031,67.484823,5.224
14032,67.488343,3.52
14033,67.492709,4.366
14034,67.499624,6.915
14035,67.50335,3.726
14036,67.50776,4.41
14037,67.512364,4.604
14038,67.519216,6.852
14039,67.523884,4.668
14040,67.529161,5.277
14041,67.532444,3.283
14042,67.537669,5.225
14043,67.540929,3.26
14044,67.545748,4.819
14045,67.550645,4.897
14046,67.55389,3.245
14047,67.558159,4.269
14048,67.57292,14.761
14049,67.577926,5.006
14050,67.585777,7.851
14051,67.592301,6.524
14052,67.595908,3.607
14053,67.600545,4.637
14054,67.605521,4.976
14055,67.611305,5.784
14056,67.615205,3.9
14057,67.620461,5.256
14058,67.626371,5.91
14059,67.630807,4.436
14060,67.637619,6.812
14061,67.641157,3.538
14062,67.645832,4.675
14063,67.651249,5.417
14064,67.6563,5.051
14065,67.660335,4.035
14066,67.665164,4.829
14067,67.668879,3.715
14068,67.673663,4.784
14069,67.680649,6.986
14070,67.685061,4.412
14071,67.690621,5.56
14072,67.695973,5.352
14073,67.699675,3.702
14074,67.7042,4.525
14075,67.709487,5.287
14076,67.713289,3.802
14077,67.718745,5.456
14078,67.72245,3.705
14079,67.727601,5.151
14080,67.733502,5.901
14081,67.737343,3.841
14082,67.742785,5.442
14083,67.746415,3.63
14084,67.75261,6.195
14085,67.756594,3.984
14086,67.764242,7.648
14087,67.768392,4.15
14088,67.77349,5.098
14089,67.780555,7.065
14090,67.784644,4.089
14091,67.790369,5.725
14092,67.795101,4.732
14093,67.800429,5.328
14094,67.803818,3.389
14095,67.808041,4.223
14096,67.813559,5.518
14097,67.817057,3.498
14098,67.820887,3.83
14099,67.825175,4.288
14100,67.832399,7.224
14101,67.836468,4.069
14102,67.839965,3.497
14103,67.845788,5.823
14104,67.850732,4.944
14105,67.854888,4.156
14106,67.859938,5.05
14107,67.867554,7.616
14108,67.872503,4.949
14109,67.876672,4.169
14110,67.882094,5.422
14111,67.88478,2.686
14112,67.888367,3.587
14113,67.892588,4.221
14114,67.897648,5.06
14115,67.902458,4.81
14116,67.905405,2.947
14117,67.910251,4.846
14118,67.913843,3.592
14119,67.918783,4.94
14120,67.923188,4.405
14121,67.927901,4.713
14122,67.931662,3.761
14123,67.938791,7.129
14124,67.942675,3.884
14125,67.945581,2.906
14126,67.950169,4.588
14127,67.954369,4.2
14128,67.959271,4.902
14129,67.96266,3.389
14130,67.967065,4.405
14131,67.97174,4.675
14132,67.97666,4.92
14133,67.979912,3.252
14134,67.986039,6.127
14135,67.990759,4.72
14136,67.994864,4.105
14137,67.999235,4.371
14138,68.005093,5.858
14139,68.009351,4.258
14140,68.012822,3.471
14141,68.017184,4.362
14142,68.021437,4.253
14143,68.026214,4.777
14144,68.030967,4.753
14145,68.036589,5.622
14146,68.041335,4.746
14147,68.044783,3.448
14148,68.048917,4.134
14149,68.053364,4.447
14150,68.057959,4.595
14151,68.061883,3.924
14152,68.066123,4.24
14153,68.070822,4.699
14154,68.075758,4.936
14155,68.079394,3.636
14156,68.083601,4.207
14157,68.090772,7.171
14158,68.094561,3.789
14159,68.099273,4.712
14160,68.105742,6.469
14161,68.109833,4.091
14162,68.113134,3.301
14163,68.117622,4.488
14164,68.121965,4.343
14165,68.126852,4.887
14166,68.130109,3.257
14167,68.137933,7.824
14168,68.142914,4.981
14169,68.146267,3.353
14170,68.150838,4.571
14171,68.155864,5.026
14172,68.160862,4.998
14173,68.164417,3.555
14174,68.169786,5.369
14175,68.174225,4.439
14176,68.179079,4.854
14177,68.182497,3.418
14178,68.187999,5.502
14179,68.19296,4.961
14180,68.196447,3.487
14181,68.201423,4.976
14182,68.205127,3.704
14183,68.209939,4.812
14184,68.21339,3.451
14185,68.221038,7.648
14186,68.225005,3.967
14187,68.229812,4.807
14188,68.233519,3.707
14189,68.237968,4.449
14190,68.242862,4.894
14191,68.24604,3.178
14192,68.253339,7.299
14193,68.257643,4.304
14194,68.262241,4.598
14195,68.265667,3.426
14196,68.27013,4.463
14197,68.274146,4.016
14198,68.279162,5.016
14199,68.28287,3.708
14200,68.289361,6.491
14201,68.294021,4.66
14202,68.297452,3.431
14203,68.302257,4.805
14204,68.306312,4.055
14205,68.311414,5.102
14206,68.314667,3.253
14207,68.3231,8.433
14208,68.326893,3.793
14209,68.3316,4.707
14210,68.335325,3.725
14211,68.33972,4.395
14212,68.34467,4.95
14213,68.348373,3.703
14214,68.356071,7.698
14215,68.360424,4.353
14216,68.364796,4.372
14217,68.368587,3.791
14218,68.373128,4.541
14219,68.377419,4.291
14220,68.382835,5.416
14221,68.388989,6.154
14222,68.393253,4.264
14223,68.398075,4.822
14224,68.401663,3.588
14225,68.406363,4.7
14226,68.41053,4.167
14227,68.415619,5.089
14228,68.422103,6.484
14229,68.42621,4.107
14230,68.430295,4.085
14231,68.435594,5.299
14232,68.439345,3.751
14233,68.443784,4.439
14234,68.451661,7.877
14235,68.456289,4.628
14236,68.459787,3.498
14237,68.464024,4.237
14238,68.468837,4.813
14239,68.473426,4.589
14240,68.477749,4.323
14241,68.480786,3.037
14242,68.486491,5.705
14243,68.490441,3.95
14244,68.494934,4.493
14245,68.499851,4.917
14246,68.503393,3.542
14247,68.507806,4.413
14248,68.512083,4.277
14249,68.518487,6.404
14250,68.523682,5.195
14251,68.528087,4.405
14252,68.533162,5.075
14253,68.537002,3.84
14254,68.541378,4.376
14255,68.54543,4.052
14256,68.550242,4.812
14257,68.555448,5.206
14258,68.559749,4.301
14259,68.563774,4.025
14260,68.585064,21.29
14261,68.587657,2.593
14262,68.59244,4.783
14263,68.596076,3.636
14264,68.60077,4.694
14265,68.605092,4.322
14266,68.614446,9.354
14267,68.618649,4.203
14268,68.623045,4.396
14269,68.627111,4.066
14270,68.630765,3.654
14271,68.635704,4.939
14272,68.639262,3.558
14273,68.643655,4.393
14274,68.648849,5.194
14275,68.652261,3.412
14276,68.656528,4.267
14277,68.661967,5.439
14278,68.665237,3.27
14279,68.669777,4.54
14280,68.674349,4.572
14281,68.678086,3.737
14282,68.68273,4.644
14283,68.686995,4.265
14284,68.692101,5.106
14285,68.695546,3.445
14286,68.70056,5.014
14287,68.704477,3.917
14288,68.709417,4.94
14289,68.713184,3.767
14290,68.718998,5.814
14291,68.723342,4.344
14292,68.72836,5.018
14293,68.732671,4.311
14294,68.736993,4.322
14295,68.740836,3.843
14296,68.746003,5.167
14297,68.749901,3.898
14298,68.75433,4.429
14299,68.758701,4.371
14300,68.763715,5.014
14301,68.767516,3.801
14302,68.772835,5.319
14303,68.777311,4.476
14304,68.782366,5.055
14305,68.786129,3.763
14306,68.790441,4.312
14307,68.794968,4.527
14308,68.799818,4.85
14309,68.803933,4.115
14310,68.808475,4.542
14311,68.812683,4.208
14312,68.82031,7.627
14313,68.824165,3.855
14314,68.828519,4.354
14315,68.834129,5.61
14316,68.837572,3.443
14317,68.842152,4.58
14318,68.846725,4.573
14319,68.852253,5.528
14320,68.855548,3.295
14321,68.860101,4.553
14322,68.864763,4.662
14323,68.869845,5.082
14324,68.873822,3.977
14325,68.878608,4.786
14326,68.883586,4.978
14327,68.88721,3.624
14328,68.892825,5.615
14329,68.900394,7.569
14330,68.904535,4.141
14331,68.907818,3.283
14332,68.912415,4.597
14333,68.916714,4.299
14334,68.922302,5.588
14335,68.926378,4.076
14336,68.930878,4.5
14337,68.935431,4.553
14338,68.939219,3.788
14339,68.944222,5.003
14340,68.948382,4.16
14341,68.953383,5.001
14342,68.956906,3.523
14343,68.961174,4.268
14344,68.967515,6.341
14345,68.972187,4.672
14346,68.975805,3.618
14347,68.979976,4.171
14348,68.985158,5.182
14349,68.988908,3.75
14350,68.993354,4.446
14351,68.998621,5.267
14352,69.003426,4.805
14353,69.006837,3.411
14354,69.012224,5.387
14355,69.01652,4.296
14356,69.020964,4.444
14357,69.0243780000001,3.414
14358,69.0297750000001,5.397
14359,69.0347780000001,5.003
14360,69.0384550000001,3.677
14361,69.0426300000001,4.175
14362,69.0482090000001,5.579
14363,69.0524840000001,4.275
14364,69.0565670000001,4.083
14365,69.0610790000001,4.512
14366,69.0655390000001,4.46
14367,69.0704310000001,4.892
14368,69.0737580000001,3.327
14369,69.078584,4.826
14370,69.0836490000001,5.065
14371,69.0872290000001,3.58
14372,69.091767,4.538
14373,69.095618,3.851
14374,69.10337,7.752
14375,69.106413,3.043
14376,69.110932,4.519
14377,69.116101,5.169
14378,69.120856,4.755
14379,69.124059,3.203
14380,69.128919,4.86
14381,69.133326,4.407
14382,69.137406,4.08
14383,69.141374,3.968
14384,69.147736,6.362
14385,69.152013,4.277
14386,69.155929,3.916
14387,69.160421,4.492
14388,69.165063,4.642
14389,69.170063,5.0
14390,69.173586,3.523
14391,69.178003,4.417
14392,69.1831570000001,5.154
14393,69.1870500000001,3.893
14394,69.1914410000001,4.391
14395,69.1959040000001,4.463
14396,69.2008150000001,4.911
14397,69.2045500000001,3.735
14398,69.2087720000001,4.222
14399,69.2144710000001,5.699
14400,69.2196840000001,5.213
14401,69.2230430000001,3.359
14402,69.2284420000001,5.399
14403,69.2330980000001,4.656
14404,69.2371280000001,4.03
14405,69.2426770000001,5.549
14406,69.2462770000001,3.6
14407,69.2508740000001,4.597
14408,69.2546180000001,3.744
14409,69.2590490000001,4.431
14410,69.2633790000001,4.33
14411,69.2682190000001,4.84
14412,69.2718980000001,3.679
14413,69.2761680000001,4.27
14414,69.2834590000001,7.291
14415,69.2858600000001,2.401
14416,69.2901310000001,4.271
14417,69.2947070000001,4.576
14418,69.3001490000001,5.442
14419,69.3032610000001,3.112
14420,69.3075430000001,4.282
14421,69.3132010000001,5.658
14422,69.3180260000001,4.825
14423,69.3213540000001,3.328
14424,69.3257590000001,4.405
14425,69.3313590000001,5.6
14426,69.3353090000001,3.95
14427,69.3388640000001,3.555
14428,69.3432970000001,4.433
14429,69.3500360000001,6.739
14430,69.3531300000001,3.094
14431,69.3571990000001,4.069
14432,69.3615030000001,4.304
14433,69.3675280000001,6.025
14434,69.3710060000001,3.478
14435,69.3753050000001,4.299
14436,69.3809680000001,5.663
14437,69.3853210000001,4.353
14438,69.3885990000001,3.278
14439,69.3930330000001,4.434
14440,69.3983630000001,5.33
14441,69.4030450000001,4.682
14442,69.4067550000001,3.71
14443,69.4127530000001,5.998
14444,69.4176270000001,4.874
14445,69.4206610000001,3.034
14446,69.4243980000001,3.737
14447,69.4292690000001,4.871
14448,69.4345950000001,5.326
14449,69.4399580000001,5.363
14450,69.4459050000001,5.947
14451,69.4500390000001,4.134
14452,69.4549890000001,4.95
14453,69.4604200000001,5.431
14454,69.4647220000001,4.302
14455,69.4693020000001,4.58
14456,69.4729170000001,3.615
14457,69.4773880000001,4.471
14458,69.4815570000001,4.169
14459,69.4864480000001,4.891
14460,69.4899520000001,3.504
14461,69.4943460000001,4.394
14462,69.4987770000001,4.431
14463,69.5034890000001,4.712
14464,69.5071960000001,3.707
14465,69.5115830000001,4.387
14466,69.5171100000001,5.527
14467,69.5201700000001,3.06
14468,69.5245440000001,4.374
14469,69.5291720000001,4.628
14470,69.5343980000001,5.226
14471,69.5375690000001,3.171
14472,69.5417890000001,4.22
14473,69.5476450000001,5.856
14474,69.5519870000001,4.342
14475,69.5557320000001,3.745
14476,69.5602670000001,4.535
14477,69.5640130000001,3.746
14478,69.5849900000001,20.977
14479,69.5883080000001,3.318
14480,69.5934110000001,5.103
14481,69.5986310000001,5.22
14482,69.6029030000001,4.272
14483,69.6100520000001,7.149
14484,69.6138970000001,3.845
14485,69.6179320000001,4.035
14486,69.6284250000001,10.493
14487,69.6313370000001,2.912
14488,69.6354060000001,4.069
14489,69.6401080000001,4.702
14490,69.6435640000001,3.456
14491,69.6477920000001,4.228
14492,69.6526590000001,4.867
14493,69.6567400000001,4.081
14494,69.6609220000001,4.182
14495,69.6656150000001,4.693
14496,69.6720880000001,6.473
14497,69.6765290000001,4.441
14498,69.6811860000001,4.657
14499,69.6849940000001,3.808
14500,69.6895190000001,4.525
14501,69.6944880000001,4.969
14502,69.6979240000001,3.436
14503,69.7047790000001,6.855
14504,69.7098450000001,5.066
14505,69.7131520000001,3.307
14506,69.7175370000001,4.385
14507,69.7219420000001,4.405
14508,69.7272440000001,5.302
14509,69.7308500000001,3.606
14510,69.7360010000001,5.151
14511,69.7410340000001,5.033
14512,69.7447290000001,3.695
14513,69.7489960000001,4.267
14514,69.7534210000001,4.425
14515,69.7586240000001,5.203
14516,69.7618890000001,3.265
14517,69.7683120000001,6.423
14518,69.7724660000001,4.154
14519,69.7776500000001,5.184
14520,69.7812020000001,3.552
14521,69.7858610000001,4.659
14522,69.7901970000001,4.336
14523,69.7950940000001,4.897
14524,69.7989520000001,3.858
14525,69.8040640000001,5.112
14526,69.8085330000001,4.469
14527,69.8134860000001,4.953
14528,69.8189210000001,5.435
14529,69.8246370000001,5.716
14530,69.8346150000001,9.978
14531,69.8375860000001,2.971
14532,69.8430450000001,5.459
14533,69.8488690000001,5.824
14534,69.8542340000001,5.365
14535,69.8571620000001,2.928
14536,69.8615290000001,4.367
14537,69.8659690000001,4.44
14538,69.8709890000001,5.02
14539,69.8750530000001,4.064
14540,69.8811420000001,6.089
14541,69.8861790000001,5.037
14542,69.8896520000001,3.473
14543,69.8943820000001,4.73
14544,69.8997730000001,5.391
14545,69.9047370000001,4.964
14546,69.9085720000001,3.835
14547,69.9139560000001,5.384
14548,69.9185370000001,4.581
14549,69.9235710000001,5.034
14550,69.9296090000001,6.038
14551,69.9350970000001,5.488
14552,69.9407530000001,5.656
14553,69.9463930000001,5.64
14554,69.9509540000001,4.561
14555,69.9556200000001,4.666
14556,69.9617010000001,6.081
14557,69.9645240000001,2.823
14558,69.9691430000001,4.619
14559,69.9743140000001,5.171
14560,69.9785330000001,4.219
14561,69.9827200000001,4.187
14562,69.9872540000001,4.534
14563,69.9924520000001,5.198
14564,69.9966190000001,4.167
14565,70.0018450000001,5.226
14566,70.0055130000001,3.668
14567,70.0094900000001,3.977
14568,70.0134070000001,3.917
14569,70.0178810000001,4.474
14570,70.0245460000001,6.665
14571,70.0278220000001,3.276
14572,70.0321060000001,4.284
14573,70.0388450000001,6.739
14574,70.0440670000001,5.222
14575,70.0481750000001,4.108
14576,70.0524580000001,4.283
14577,70.0574120000001,4.954
14578,70.0614190000001,4.007
14579,70.0654820000001,4.063
14580,70.0701620000001,4.68
14581,70.0739500000001,3.788
14582,70.0784850000001,4.535
14583,70.0829210000001,4.436
14584,70.0876350000001,4.714
14585,70.0914520000001,3.817
14586,70.0956390000001,4.187
14587,70.1020440000001,6.405
14588,70.1057600000001,3.716
14589,70.1102950000001,4.535
14590,70.1156620000001,5.367
14591,70.1208230000001,5.161
14592,70.1231200000001,2.297
14593,70.1292280000001,6.108
14594,70.1343260000001,5.098
14595,70.1377110000001,3.385
14596,70.1422270000001,4.516
14597,70.1476610000001,5.434
14598,70.1517210000001,4.06
14599,70.1554840000001,3.763
14600,70.1599030000001,4.419
14601,70.1663490000001,6.446
14602,70.1700530000001,3.704
14603,70.1746780000001,4.625
14604,70.1786900000001,4.012
14605,70.1834110000001,4.721
14606,70.1870050000001,3.594
14607,70.1913960000001,4.391
14608,70.1974090000001,6.013
14609,70.2017300000001,4.321
14610,70.2067480000001,5.018
14611,70.2112030000001,4.455
14612,70.2169420000001,5.739
14613,70.2214660000001,4.524
14614,70.2258990000001,4.433
14615,70.2302620000001,4.363
14616,70.2348170000001,4.555
14617,70.2385140000001,3.697
14618,70.2428800000001,4.366
14619,70.2472970000001,4.417
14620,70.2520520000001,4.755
14621,70.2559510000001,3.899
14622,70.2602210000001,4.27
14623,70.2661180000001,5.897
14624,70.2689940000001,2.876
14625,70.2734010000001,4.407
14626,70.2776150000002,4.214
14627,70.2850530000001,7.438
14628,70.2882710000002,3.218
14629,70.2925490000002,4.278
14630,70.2980010000002,5.452
14631,70.3025170000002,4.516
14632,70.3057960000002,3.279
14633,70.3120150000002,6.219
14634,70.3170040000002,4.989
14635,70.3204910000002,3.487
14636,70.3248600000002,4.369
14637,70.3313680000002,6.508
14638,70.3359540000002,4.586
14639,70.3390030000002,3.049
14640,70.3433330000002,4.33
14641,70.3496700000002,6.337
14642,70.3532060000002,3.536
14643,70.3574370000002,4.231
14644,70.3615630000002,4.126
14645,70.3671140000002,5.551
14646,70.3703640000002,3.25
14647,70.3746680000002,4.304
14648,70.3788610000002,4.193
14649,70.3859350000002,7.074
14650,70.3907420000002,4.807
14651,70.3954090000002,4.667
14652,70.4001790000002,4.77
14653,70.4053180000002,5.139
14654,70.4097570000002,4.439
14655,70.4141590000002,4.402
14656,70.4192370000002,5.078
14657,70.4224700000001,3.233
14658,70.4268150000001,4.345
14659,70.4339720000002,7.157
14660,70.4383920000001,4.42
14661,70.4430380000001,4.646
14662,70.4472490000001,4.211
14663,70.4537320000001,6.483
14664,70.4578440000002,4.112
14665,70.4640770000001,6.233
14666,70.4689700000001,4.893
14667,70.4728920000001,3.922
14668,70.4773840000001,4.492
14669,70.4815690000001,4.185
14670,70.4864770000001,4.908
14671,70.4902460000002,3.769
14672,70.4953520000002,5.106
14673,70.5004820000001,5.13
14674,70.5052510000001,4.769
14675,70.5098790000001,4.628
14676,70.5138340000001,3.955
14677,70.5188040000001,4.97
14678,70.5225620000001,3.758
14679,70.5271880000002,4.626
14680,70.5331020000002,5.914
14681,70.5374550000002,4.353
14682,70.5427820000001,5.327
14683,70.5488900000001,6.108
14684,70.5542390000001,5.349
14685,70.5592730000001,5.034
14686,70.5636420000001,4.369
14687,70.5684950000001,4.853
14688,70.5721010000001,3.606
14689,70.5866940000001,14.593
14690,70.5915620000001,4.868
14691,70.5996320000001,8.07
14692,70.6054940000001,5.862
14693,70.6107110000001,5.217
14694,70.6163830000001,5.672
14695,70.6203990000001,4.016
14696,70.6289600000001,8.561
14697,70.6325730000001,3.613
14698,70.6366790000001,4.106
14699,70.6413690000001,4.69
14700,70.6450810000001,3.712
14701,70.6495640000001,4.483
14702,70.6550180000001,5.454
14703,70.6605160000001,5.498
14704,70.6662190000001,5.703
14705,70.6707680000001,4.549
14706,70.6742910000001,3.523
14707,70.6786440000001,4.353
14708,70.6851190000001,6.475
14709,70.6889040000001,3.785
14710,70.6935330000001,4.629
14711,70.7000760000001,6.543
14712,70.7043090000001,4.233
14713,70.7085810000001,4.272
14714,70.7147560000001,6.175
14715,70.7196030000001,4.847
14716,70.7235200000001,3.917
14717,70.7277840000001,4.264
14718,70.7327160000001,4.932
14719,70.7364830000001,3.767
14720,70.7410540000001,4.571
14721,70.7475220000001,6.468
14722,70.7506670000001,3.145
14723,70.7570440000001,6.377
14724,70.7615790000001,4.535
14725,70.7681420000001,6.563
14726,70.7719280000001,3.786
14727,70.7767550000001,4.827
14728,70.7812250000001,4.47
14729,70.7849480000001,3.723
14730,70.7894000000001,4.452
14731,70.7943360000001,4.936
14732,70.8001110000001,5.775
14733,70.8044610000001,4.35
14734,70.8107570000001,6.296
14735,70.8153270000001,4.57
14736,70.8190600000001,3.733
14737,70.8234920000001,4.432
14738,70.8283100000001,4.818
14739,70.8321850000001,3.875
14740,70.8365940000001,4.409
14741,70.8419180000001,5.324
14742,70.8454380000001,3.52
14743,70.8516950000001,6.257
14744,70.8561660000001,4.471
14745,70.8629400000001,6.774
14746,70.8667510000001,3.811
14747,70.8710370000001,4.286
14748,70.8763740000001,5.337
14749,70.8800810000001,3.707
14750,70.8841170000001,4.036
14751,70.8883740000001,4.257
14752,70.8950960000001,6.722
14753,70.8990230000001,3.927
14754,70.9050010000001,5.978
14755,70.9102910000001,5.29
14756,70.9141160000001,3.825
14757,70.9182600000001,4.144
14758,70.9228950000001,4.635
14759,70.9281460000001,5.251
14760,70.9314210000001,3.275
14761,70.9356750000001,4.254
14762,70.9399200000001,4.245
14763,70.9460810000001,6.161
14764,70.9492790000001,3.198
14765,70.9555820000001,6.303
14766,70.9606200000001,5.038
14767,70.9642110000001,3.591
14768,70.9690630000001,4.852
14769,70.9730030000001,3.94
14770,70.9787090000001,5.706
14771,70.9824900000001,3.781
14772,70.9885110000001,6.021
14773,70.9930480000001,4.537
14774,70.9995950000001,6.547
14775,71.0034320000001,3.837
14776,71.0076970000001,4.265
14777,71.0132920000001,5.595
14778,71.0176260000001,4.334
14779,71.0217510000001,4.125
14780,71.0275860000001,5.835
14781,71.0329450000001,5.359
14782,71.0363920000001,3.447
14783,71.0427830000001,6.391
14784,71.0467080000001,3.925
14785,71.0539410000001,7.233
14786,71.0575690000001,3.628
14787,71.0617240000001,4.155
14788,71.0667550000001,5.031
14789,71.0708340000001,4.079
14790,71.0754170000001,4.583
14791,71.0791650000001,3.748
14792,71.0860190000001,6.854
14793,71.0895900000001,3.571
14794,71.0959440000001,6.354
14795,71.1008070000001,4.863
14796,71.1044500000001,3.643
14797,71.1089720000001,4.522
14798,71.1136660000001,4.694
14799,71.1187360000001,5.07
14800,71.1219010000001,3.165
14801,71.1266640000001,4.763
14802,71.1309320000001,4.268
14803,71.1374840000001,6.552
14804,71.1414600000001,3.976
14805,71.1478240000001,6.364
14806,71.1526890000001,4.865
14807,71.1562860000001,3.597
14808,71.160718,4.432
14809,71.164913,4.195
14810,71.169788,4.875
14811,71.173862,4.074
14812,71.178981,5.119
14813,71.18334,4.359
14814,71.189082,5.742
14815,71.193608,4.526
14816,71.197813,4.205
14817,71.202714,4.901
14818,71.206414,3.7
14819,71.210879,4.465
14820,71.216138,5.259
14821,71.220173,4.035
14822,71.224001,3.828
14823,71.228324,4.323
14824,71.233246,4.922
14825,71.238987,5.741
14826,71.243592,4.605
14827,71.24783,4.238
14828,71.252701,4.871
14829,71.256782,4.081
14830,71.261172,4.39
14831,71.26614,4.968
14832,71.271477,5.337
14833,71.275981,4.504
14834,71.282102,6.121
14835,71.287134,5.032
14836,71.290933,3.799
14837,71.295169,4.236
14838,71.300073,4.904
14839,71.303681,3.608
14840,71.30817,4.489
14841,71.31313,4.96
14842,71.318412,5.282
14843,71.323275,4.863
14844,71.327658,4.383
14845,71.334395,6.737
14846,71.338268,3.873
14847,71.343242,4.974
14848,71.34747,4.228
14849,71.351849,4.379
14850,71.355546,3.697
14851,71.360009,4.463
14852,71.36427,4.261
14853,71.369288,5.018
14854,71.375116,5.828
14855,71.379276,4.16
14856,71.384102,4.826
14857,71.387712,3.61
14858,71.392273,4.561
14859,71.396628,4.355
14860,71.401547,4.919
14861,71.405576,4.029
14862,71.409845,4.269
14863,71.417158,7.313
14864,71.420184,3.026
14865,71.426635,6.451
14866,71.43133,4.695
14867,71.436042,4.712
14868,71.439636,3.594
14869,71.443965,4.329
14870,71.449379,5.414
14871,71.452585,3.206
14872,71.458888,6.303
14873,71.462924,4.036
14874,71.469795,6.871
14875,71.474449,4.654
14876,71.477784,3.335
14877,71.482733,4.949
14878,71.486536,3.803
14879,71.491217,4.681
14880,71.49504,3.823
14881,71.500163,5.123
14882,71.503911,3.748
14883,71.510108,6.197
14884,71.514406,4.298
14885,71.521273,6.867
14886,71.525155,3.882
14887,71.529984,4.829
14888,71.535185,5.201
14889,71.537985,2.8
14890,71.542547,4.562
14891,71.546741,4.194
14892,71.553796,7.055
14893,71.558179,4.383
14894,71.563371,5.192
14895,71.568383,5.012
14896,71.572057,3.674
14897,71.57651,4.453
14898,71.580663,4.153
14899,71.597654,16.991
14900,71.600879,3.225
14901,71.604347,3.468
14902,71.611947,7.6
14903,71.617552,5.605
14904,71.624991,7.439
14905,71.629503,4.512
14906,71.634992,5.489
14907,71.639318,4.326
14908,71.642691,3.373
14909,71.647003,4.312
14910,71.65392,6.917
14911,71.662981,9.061
14912,71.673193,10.212
14913,71.679147,5.954
14914,71.684618,5.471
14915,71.690101,5.483
14916,71.69587,5.769
14917,71.701672,5.802
14918,71.708414,6.742
14919,71.715986,7.572
14920,71.721501,5.515
14921,71.728519,7.018
14922,71.734548,6.029
14923,71.739589,5.041
14924,71.745576,5.987
14925,71.752324,6.748
14926,71.756415,4.091
14927,71.760288,3.873
14928,71.76527,4.982
14929,71.769947,4.677
14930,71.773132,3.185
14931,71.777367,4.235
14932,71.782482,5.115
14933,71.786185,3.703
14934,71.790519,4.334
14935,71.795871,5.352
14936,71.8014520000001,5.581
14937,71.805023,3.571
14938,71.809976,4.953
14939,71.8152480000001,5.272
14940,71.8185380000001,3.29
14941,71.8227570000001,4.219
14942,71.8280570000001,5.3
14943,71.8315610000001,3.504
14944,71.8354670000001,3.906
14945,71.8399660000001,4.499
14946,71.8464800000001,6.514
14947,71.8504370000001,3.957
14948,71.8543030000001,3.866
14949,71.8589450000001,4.642
14950,71.8625480000001,3.603
14951,71.8668770000001,4.329
14952,71.8711940000001,4.317
14953,71.8762470000001,5.053
14954,71.8808470000001,4.6
14955,71.8856810000001,4.834
14956,71.8898170000001,4.136
14957,71.8948340000001,5.017
14958,71.8985740000001,3.74
14959,71.9029830000001,4.409
14960,71.9080500000001,5.067
14961,71.9116210000001,3.571
14962,71.918107,6.486
14963,71.922999,4.892
14964,71.927011,4.012
14965,71.930762,3.751
14966,71.935301,4.539
14967,71.939507,4.206
14968,71.94441,4.903
14969,71.950862,6.452
14970,71.953727,2.865
14971,71.958008,4.281
14972,71.961762,3.754
14973,71.967795,6.033
14974,71.972248,4.453
14975,71.977506,5.258
14976,71.981166,3.66
14977,71.985433,4.267
14978,71.989654,4.221
14979,71.994688,5.034
14980,71.998469,3.781
14981,72.004298,5.829
14982,72.00836,4.062
14983,72.011554,3.194
14984,72.01893,7.376
14985,72.022053,3.123
14986,72.027248,5.195
14987,72.030869,3.621
14988,72.035646,4.777
14989,72.039601,3.955
14990,72.044493,4.892
14991,72.048974,4.481
14992,72.05281,3.836
14993,72.057724,4.914
14994,72.061403,3.679
14995,72.068173,6.77
14996,72.072942,4.769
14997,72.077799,4.857
14998,72.082064,4.265
14999,72.085549,3.485
15000,72.089976,4.427
15001,72.0950740000001,5.098
15002,72.0985960000001,3.522
15003,72.1032690000001,4.673
15004,72.1082590000001,4.99
15005,72.1135220000001,5.263
15006,72.1185170000001,4.995
15007,72.1226910000001,4.174
15008,72.1277790000001,5.088
15009,72.1315130000001,3.734
15010,72.1356730000001,4.16
15011,72.1402070000001,4.534
15012,72.1456880000001,5.481
15013,72.1513540000001,5.666
15014,72.1546270000001,3.273
15015,72.1596670000001,5.04
15016,72.1634380000001,3.771
15017,72.1675920000001,4.154
15018,72.1718430000001,4.251
15019,72.177225,5.382
15020,72.1822940000001,5.069
15021,72.1859250000001,3.631
15022,72.1900520000001,4.127
15023,72.1947330000001,4.681
15024,72.1984910000001,3.758
15025,72.2039250000001,5.434
15026,72.2089950000001,5.07
15027,72.2133350000001,4.34
15028,72.2176360000001,4.301
15029,72.2224040000001,4.768
15030,72.2272160000001,4.812
15031,72.2307040000001,3.488
15032,72.2366540000001,5.95
15033,72.2409320000001,4.278
15034,72.2467130000001,5.781
15035,72.2518560000001,5.143
15036,72.2562870000001,4.431
15037,72.2612450000001,4.958
15038,72.2648480000001,3.603
15039,72.2693090000001,4.461
15040,72.2736840000001,4.375
15041,72.2787970000001,5.113
15042,72.285508,6.711
15043,72.289563,4.055
15044,72.293891,4.328
15045,72.2987630000001,4.872
15046,72.3025680000001,3.805
15047,72.3070640000001,4.496
15048,72.3122830000001,5.219
15049,72.31891,6.627
15050,72.323228,4.318
15051,72.32724,4.012
15052,72.333166,5.926
15053,72.3368110000001,3.645
15054,72.340399,3.588
15055,72.344921,4.522
15056,72.351743,6.822
15057,72.355664,3.921
15058,72.359718,4.054
15059,72.365139,5.421
15060,72.369103,3.964
15061,72.373589,4.486
15062,72.377963,4.374
15063,72.383183,5.22
15064,72.386726,3.543
15065,72.391088,4.362
15066,72.39587,4.782
15067,72.401488,5.618
15068,72.405346,3.858
15069,72.410191,4.845
15070,72.415072,4.881
15071,72.418531,3.459
15072,72.422954,4.423
15073,72.427338,4.384
15074,72.43336,6.022
15075,72.438403,5.043
15076,72.441841,3.438
15077,72.446214,4.373
15078,72.451456,5.242
15079,72.454883,3.427
15080,72.459277,4.394
15081,72.464878,5.601
15082,72.469576,4.698
15083,72.473963,4.387
15084,72.478184,4.221
15085,72.48391,5.726
15086,72.487096,3.186
15087,72.491458,4.362
15088,72.496186,4.728
15089,72.503332,7.146
15090,72.507104,3.772
15091,72.511276,4.172
15092,72.516679,5.403
15093,72.520363,3.684
15094,72.524688,4.325
15095,72.529208,4.52
15096,72.536991,7.783
15097,72.540305,3.314
15098,72.544499,4.194
15099,72.549693,5.194
15100,72.5543510000001,4.658
15101,72.558006,3.655
15102,72.563309,5.303
15103,72.56935,6.041
15104,72.572977,3.627
15105,72.577148,4.171
15106,72.581409,4.261
15107,72.601035,19.626
15108,72.60466,3.625
15109,72.609849,5.189
15110,72.613925,4.076
15111,72.618124,4.199
15112,72.627958,9.834
15113,72.631857,3.899
15114,72.635511,3.654
15115,72.642151,6.64
15116,72.64532,3.169
15117,72.649508,4.188
15118,72.657894,8.386
15119,72.660976,3.082
15120,72.668186,7.21
15121,72.6723950000001,4.209
15122,72.676201,3.806
15123,72.681123,4.922
15124,72.684744,3.621
15125,72.689312,4.568
15126,72.69476,5.448
15127,72.701098,6.338
15128,72.705589,4.491
15129,72.71016,4.571
15130,72.714322,4.162
15131,72.718657,4.335
15132,72.723322,4.665
15133,72.728251,4.929
15134,72.733229,4.978
15135,72.737461,4.232
15136,72.742191,4.73
15137,72.746259,4.068
15138,72.750605,4.346
15139,72.755227,4.622
15140,72.760166,4.939
15141,72.763716,3.55
15142,72.768857,5.141
15143,72.773185,4.328
15144,72.77835,5.165
15145,72.783498,5.148
15146,72.78794,4.442
15147,72.793937,5.997
15148,72.798716,4.779
15149,72.802611,3.895
15150,72.806723,4.112
15151,72.811702,4.979
15152,72.815496,3.794
15153,72.819667,4.171
15154,72.824172,4.505
15155,72.829278,5.106
15156,72.833062,3.784
15157,72.837443,4.381
15158,72.842773,5.33
15159,72.846293,3.52
15160,72.850679,4.386
15161,72.854933,4.254
15162,72.860014,5.081
15163,72.86396,3.946
15164,72.868034,4.074
15165,72.872832,4.798
15166,72.877143,4.311
15167,72.882983,5.84
15168,72.887095,4.112
15169,72.891977,4.882
15170,72.896381,4.404
15171,72.900365,3.984
15172,72.904849,4.484
15173,72.909703,4.854
15174,72.913461,3.758
15175,72.917863,4.402
15176,72.921782,3.919
15177,72.926971,5.189
15178,72.930589,3.618
15179,72.934769,4.18
15180,72.939128,4.359
15181,72.94387,4.742
15182,72.947692,3.822
15183,72.951965,4.273
15184,72.956342,4.377
15185,72.96131,4.968
15186,72.965029,3.719
15187,72.969303,4.274
15188,72.973916,4.613
15189,72.978625,4.709
15190,72.982356,3.731
15191,72.986645,4.289
15192,72.991222,4.577
15193,72.996159,4.937
15194,72.999742,3.583
15195,73.004059,4.317
15196,73.008522,4.463
15197,73.014142,5.62
15198,73.018326,4.184
15199,73.021579,3.253
15200,73.025918,4.339
15201,73.030654,4.736
15202,73.035166,4.512
15203,73.038872,3.706
15204,73.043563,4.691
15205,73.048527,4.964
15206,73.052059,3.532
15207,73.056564,4.505
15208,73.060807,4.243
15209,73.065716,4.909
15210,73.069639,3.923
15211,73.073926,4.287
15212,73.078239,4.313
15213,73.084291,6.052
15214,73.087981,3.69
15215,73.092392,4.411
15216,73.096871,4.479
15217,73.102178,5.307
15218,73.105532,3.354
15219,73.110002,4.47
15220,73.118127,8.125
15221,73.121196,3.069
15222,73.125569,4.373
15223,73.129868,4.299
15224,73.134852,4.984
15225,73.138779,3.927
15226,73.143115,4.336
15227,73.147477,4.362
15228,73.152618,5.141
15229,73.156407,3.789
15230,73.160779,4.372
15231,73.165058,4.279
15232,73.170062,5.004
15233,73.173881,3.819
15234,73.17847,4.589
15235,73.183757,5.287
15236,73.187606,3.849
15237,73.192317,4.711
15238,73.196647,4.33
15239,73.201682,5.035
15240,73.205501,3.819
15241,73.212227,6.726
15242,73.216758,4.531
15243,73.220534,3.776
15244,73.224851,4.317
15245,73.2289,4.049
15246,73.233996,5.096
15247,73.237703,3.707
15248,73.242614,4.911
15249,73.246566,3.952
15250,73.251735,5.169
15251,73.255595,3.86
15252,73.260034,4.439
15253,73.264383,4.349
15254,73.269256,4.873
15255,73.273388,4.132
15256,73.277817,4.429
15257,73.282688,4.871
15258,73.286416,3.728
15259,73.291005,4.589
15260,73.295313,4.308
15261,73.300807,5.494
15262,73.304225,3.418
15263,73.308646,4.421
15264,73.313136,4.49
15265,73.31853,5.394
15266,73.322409,3.879
15267,73.326306,3.897
15268,73.330603,4.297
15269,73.335388,4.785
15270,73.339201,3.813
15271,73.34381,4.609
15272,73.348443,4.633
15273,73.35343,4.987
15274,73.357214,3.784
15275,73.361652,4.438
15276,73.366558,4.906
15277,73.37039,3.832
15278,73.374902,4.512
15279,73.380048,5.146
15280,73.384395,4.347
15281,73.387909,3.514
15282,73.392364,4.455
15283,73.396809,4.445
15284,73.40166,4.851
15285,73.405491,3.831
15286,73.409696,4.205
15287,73.415771,6.075
15288,73.41923,3.459
15289,73.423645,4.415
15290,73.428271,4.626
15291,73.434141,5.87
15292,73.437099,2.958
15293,73.441151,4.052
15294,73.445453,4.302
15295,73.450458,5.005
15296,73.454445,3.987
15297,73.459317,4.872
15298,73.46274,3.423
15299,73.467712,4.972
15300,73.47162,3.908
15301,73.476313,4.693
15302,73.482754,6.441
15303,73.486504,3.75
15304,73.4908849999999,4.381
15305,73.4950169999999,4.132
15306,73.5000439999999,5.027
15307,73.503773,3.729
15308,73.508324,4.551
15309,73.512841,4.517
15310,73.518056,5.215
15311,73.521085,3.029
15312,73.525591,4.506
15313,73.53054,4.949
15314,73.536187,5.647
15315,73.539549,3.362
15316,73.54285,3.301
15317,73.54736,4.51
15318,73.552305,4.945
15319,73.555912,3.607
15320,73.560091,4.179
15321,73.5663,6.209
15322,73.569683,3.383
15323,73.5736759999999,3.993
15324,73.577895,4.219
15325,73.584347,6.452
15326,73.5881479999999,3.801
15327,73.6033899999999,15.242
15328,73.6079939999999,4.604
15329,73.6157779999999,7.784
15330,73.6204009999999,4.623
15331,73.6265929999999,6.192
15332,73.6308289999999,4.236
15333,73.634857,4.028
15334,73.638267,3.41
15335,73.643005,4.738
15336,73.646758,3.753
15337,73.651088,4.33
15338,73.655927,4.839
15339,73.659678,3.751
15340,73.665992,6.314
15341,73.670522,4.53
15342,73.67425,3.728
15343,73.678728,4.478
15344,73.683346,4.618
15345,73.688283,4.937
15346,73.691756,3.473
15347,73.695996,4.24
15348,73.701056,5.06
15349,73.705013,3.957
15350,73.708794,3.781
15351,73.713295,4.501
15352,73.718227,4.932
15353,73.721816,3.589
15354,73.726747,4.931
15355,73.733818,7.071
15356,73.73679,2.972
15357,73.741192,4.402
15358,73.74724,6.048
15359,73.751241,4.001
15360,73.755084,3.843
15361,73.76283,7.746
15362,73.766346,3.516
15363,73.769396,3.05
15364,73.773325,3.929
15365,73.777569,4.244
15366,73.782455,4.886
15367,73.785833,3.378
15368,73.790286,4.453
15369,73.796258,5.972
15370,73.79904,2.782
15371,73.803124,4.084
15372,73.807439,4.315
15373,73.812756,5.317
15374,73.817535,4.779
15375,73.821065,3.53
15376,73.82606,4.995
15377,73.830238,4.178
15378,73.834378,4.14
15379,73.83878,4.402
15380,73.844601,5.821
15381,73.848601,4.0
15382,73.852032,3.431
15383,73.856453,4.421
15384,73.861247,4.794
15385,73.866206,4.959
15386,73.87029,4.084
15387,73.875026,4.736
15388,73.878754,3.728
15389,73.884485,5.731
15390,73.888586,4.101
15391,73.893989,5.403
15392,73.898066,4.077
15393,73.902149,4.083
15394,73.906389,4.24
15395,73.911613,5.224
15396,73.916507,4.894
15397,73.92029,3.783
15398,73.924679,4.389
15399,73.928406,3.727
15400,73.934198,5.792
15401,73.938395,4.197
15402,73.942887,4.492
15403,73.946845,3.958
15404,73.952208,5.363
15405,73.95652,4.312
15406,73.961722,5.202
15407,73.9673119999999,5.59
15408,73.971757,4.445
15409,73.976298,4.541
15410,73.980084,3.786
15411,73.984489,4.405
15412,73.98888,4.391
15413,73.99369,4.81
15414,73.999313,5.623
15415,74.003508,4.195
15416,74.007673,4.165
15417,74.013663,5.99
15418,74.017277,3.614
15419,74.02093,3.653
15420,74.025812,4.882
15421,74.029867,4.055
15422,74.0342149999999,4.348
15423,74.0383299999999,4.115
15424,74.0430529999999,4.723
15425,74.0490449999999,5.992
15426,74.0534129999999,4.368
15427,74.0576259999999,4.213
15428,74.0627149999999,5.089
15429,74.0665669999999,3.852
15430,74.0709329999999,4.366
15431,74.0757999999999,4.867
15432,74.0801479999999,4.348
15433,74.0844919999999,4.344
15434,74.0889549999999,4.463
15435,74.0936339999999,4.679
15436,74.0973089999999,3.675
15437,74.1016079999999,4.299
15438,74.1059809999999,4.373
15439,74.1116829999999,5.702
15440,74.1170059999999,5.323
15441,74.1202369999999,3.231
15442,74.1251189999999,4.882
15443,74.1288609999999,3.742
15444,74.1331299999999,4.269
15445,74.1378529999999,4.723
15446,74.1423359999999,4.483
15447,74.1487859999999,6.45
15448,74.1530879999999,4.302
15449,74.1574499999999,4.362
15450,74.1623329999999,4.883
15451,74.1660329999999,3.7
15452,74.1704359999999,4.403
15453,74.1755159999999,5.08
15454,74.1797189999999,4.203
15455,74.1838139999999,4.095
15456,74.1882259999999,4.412
15457,74.1929429999999,4.717
15458,74.1968749999999,3.932
15459,74.2010089999999,4.134
15460,74.2055549999999,4.546
15461,74.2106329999999,5.078
15462,74.2158209999999,5.188
15463,74.219567,3.746
15464,74.225898,6.331
15465,74.230407,4.509
15466,74.23415,3.743
15467,74.238412,4.262
15468,74.243506,5.094
15469,74.247103,3.597
15470,74.251375,4.272
15471,74.255699,4.324
15472,74.2607599999999,5.061
15473,74.2650269999999,4.267
15474,74.2692509999999,4.224
15475,74.2741929999999,4.942
15476,74.2779549999999,3.762
15477,74.2823679999999,4.413
15478,74.2865869999999,4.219
15479,74.2921459999999,5.559
15480,74.2964179999999,4.272
15481,74.2995029999999,3.085
15482,74.3039769999999,4.474
15483,74.3087669999999,4.79
15484,74.3134849999999,4.718
15485,74.3177559999999,4.271
15486,74.3219149999999,4.159
15487,74.3281759999999,6.261
15488,74.3328779999999,4.702
15489,74.3359679999999,3.09
15490,74.3406989999999,4.731
15491,74.3456659999999,4.967
15492,74.3490249999999,3.359
15493,74.3532299999999,4.205
15494,74.3575079999999,4.278
15495,74.3624149999999,4.907
15496,74.3669119999999,4.497
15497,74.3715169999999,4.605
15498,74.3752499999999,3.733
15499,74.3805619999999,5.312
15500,74.3842009999999,3.639
15501,74.3885459999999,4.345
15502,74.394431,5.885
15503,74.3997299999999,5.299
15504,74.4031299999999,3.4
15505,74.4074469999999,4.317
15506,74.4117419999999,4.295
15507,74.4170859999999,5.344
15508,74.4207659999999,3.68
15509,74.4251729999999,4.407
15510,74.4302899999999,5.117
15511,74.4356309999999,5.341
15512,74.4390029999999,3.372
15513,74.4431019999999,4.099
15514,74.4475659999999,4.464
15515,74.4525549999999,4.989
15516,74.4569999999999,4.445
15517,74.4603069999999,3.307
15518,74.4685069999999,8.2
15519,74.4722449999999,3.738
15520,74.4761059999999,3.861
15521,74.480494,4.388
15522,74.4858029999999,5.309
15523,74.4896639999999,3.861
15524,74.4942509999999,4.587
15525,74.500351,6.1
15526,74.5053559999999,5.005
15527,74.508501,3.145
15528,74.513193,4.692
15529,74.518013,4.82
15530,74.5215999999999,3.587
15531,74.526377,4.777
15532,74.533057,6.68
15533,74.537897,4.84
15534,74.541276,3.379
15535,74.545619,4.343
15536,74.55047,4.851
15537,74.555165,4.695
15538,74.558663,3.498
15539,74.5639279999999,5.265
15540,74.5694109999999,5.483
15541,74.5739379999999,4.527
15542,74.5772259999999,3.288
15543,74.5832499999999,6.024
15544,74.5880639999999,4.814
15545,74.5916689999999,3.605
15546,74.6048229999999,13.154
15547,74.6155169999999,10.694
15548,74.6193009999999,3.784
15549,74.6248919999999,5.591
15550,74.6287589999999,3.867
15551,74.6328329999999,4.074
15552,74.6375039999999,4.671
15553,74.6412559999999,3.752
15554,74.6453219999999,4.066
15555,74.6501239999999,4.802
15556,74.6546619999999,4.538
15557,74.6580159999999,3.354
15558,74.6650319999999,7.016
15559,74.6684599999999,3.428
15560,74.6727089999999,4.249
15561,74.6776769999999,4.968
15562,74.6814799999999,3.803
15563,74.6861349999999,4.655
15564,74.6911589999999,5.024
15565,74.6944849999999,3.326
15566,74.6995129999999,5.028
15567,74.7037589999999,4.246
15568,74.7087499999999,4.991
15569,74.7125999999999,3.85
15570,74.7167109999999,4.111
15571,74.7211339999999,4.423
15572,74.7263159999999,5.182
15573,74.7304219999999,4.106
15574,74.7347859999999,4.364
15575,74.7385829999999,3.797
15576,74.7432699999999,4.687
15577,74.7493509999999,6.081
15578,74.7533889999999,4.038
15579,74.7574709999999,4.082
15580,74.7623669999999,4.896
15581,74.7672509999999,4.884
15582,74.7716719999999,4.421
15583,74.7756989999999,4.027
15584,74.7825579999999,6.859
15585,74.7860999999999,3.542
15586,74.7904519999999,4.352
15587,74.7952699999999,4.818
15588,74.7999679999999,4.698
15589,74.8038749999999,3.907
15590,74.8078609999999,3.986
15591,74.8145959999999,6.735
15592,74.8194549999999,4.859
15593,74.8230819999999,3.627
15594,74.8277109999999,4.629
15595,74.8333219999999,5.611
15596,74.8372269999999,3.905
15597,74.8414899999999,4.263
15598,74.8461129999999,4.623
15599,74.8510149999999,4.902
15600,74.8546369999999,3.622
15601,74.8588819999999,4.245
15602,74.8647179999999,5.836
15603,74.8696899999999,4.972
15604,74.8736709999999,3.981
15605,74.8780079999999,4.337
15606,74.8831059999999,5.098
15607,74.8868469999999,3.741
15608,74.8912519999999,4.405
15609,74.8958529999999,4.601
15610,74.9008269999999,4.974
15611,74.9046289999999,3.802
15612,74.9094869999999,4.858
15613,74.9133469999999,3.86
15614,74.9181499999999,4.803
15615,74.9221019999999,3.952
15616,74.9264479999999,4.346
15617,74.9310949999999,4.647
15618,74.9357749999999,4.68
15619,74.9396999999999,3.925
15620,74.9440699999999,4.37
15621,74.9497289999999,5.659
15622,74.9537259999999,3.997
15623,74.9578339999999,4.108
15624,74.9624279999999,4.594
15625,74.9673249999999,4.897
15626,74.9710499999999,3.725
15627,74.9755499999999,4.5
15628,74.9811689999999,5.619
15629,74.9861039999999,4.935
15630,74.9898829999998,3.779
15631,74.9942839999999,4.401
15632,74.9991479999998,4.864
15633,75.0032589999998,4.111
15634,75.0074539999998,4.195
15635,75.0136289999998,6.175
15636,75.0183799999998,4.751
15637,75.0219779999998,3.598
15638,75.0258329999998,3.855
15639,75.0303589999998,4.526
15640,75.0355079999998,5.149
15641,75.0389969999998,3.489
15642,75.0435529999998,4.556
15643,75.0495529999998,6.0
15644,75.0530539999998,3.501
15645,75.0572909999998,4.237
15646,75.0618789999998,4.588
15647,75.0670029999998,5.124
15648,75.0710429999998,4.04
15649,75.0753499999998,4.307
15650,75.0818449999998,6.495
15651,75.0867819999998,4.937
15652,75.0903859999998,3.604
15653,75.0950199999998,4.634
15654,75.0998559999998,4.836
15655,75.1037789999998,3.923
15656,75.1078799999998,4.101
15657,75.1140229999998,6.143
15658,75.1187789999998,4.756
15659,75.1228359999998,4.057
15660,75.1269509999998,4.115
15661,75.1312959999998,4.345
15662,75.1363509999998,5.055
15663,75.1403079999998,3.957
15664,75.1449579999998,4.65
15665,75.1497539999998,4.796
15666,75.1537219999998,3.968
15667,75.1581719999998,4.45
15668,75.1626529999998,4.481
15669,75.1676159999998,4.963
15670,75.1716719999998,4.056
15671,75.1757909999998,4.119
15672,75.1803189999998,4.528
15673,75.1852459999998,4.927
15674,75.1891089999998,3.863
15675,75.1937849999998,4.676
15676,75.1983669999998,4.582
15677,75.2035129999998,5.146
15678,75.2083769999998,4.864
15679,75.2131779999998,4.801
15680,75.2174899999998,4.312
15681,75.2206309999998,3.141
15682,75.2252509999998,4.62
15683,75.2302039999998,4.953
15684,75.2353529999998,5.149
15685,75.2388169999998,3.464
15686,75.2432369999998,4.42
15687,75.2484459999998,5.209
15688,75.2534639999998,5.018
15689,75.2571579999998,3.694
15690,75.2616039999998,4.446
15691,75.2664069999998,4.803
15692,75.2703199999998,3.913
15693,75.2746689999998,4.349
15694,75.2792199999998,4.551
15695,75.2844849999998,5.265
15696,75.2880959999998,3.611
15697,75.2922349999998,4.139
15698,75.2967559999998,4.521
15699,75.3013499999998,4.594
15700,75.3052719999998,3.922
15701,75.3097599999998,4.488
15702,75.3148419999998,5.082
15703,75.3192919999998,4.45
15704,75.3230369999998,3.745
15705,75.3276859999998,4.649
15706,75.3329149999998,5.229
15707,75.3358419999998,2.927
15708,75.3402409999998,4.399
15709,75.3451049999998,4.864
15710,75.3498249999998,4.72
15711,75.3549999999998,5.175
15712,75.3582039999998,3.204
15713,75.3634559999998,5.252
15714,75.3683539999998,4.898
15715,75.3716959999998,3.342
15716,75.3760299999998,4.334
15717,75.3806249999998,4.595
15718,75.3854129999998,4.788
15719,75.3890069999998,3.594
15720,75.3932839999998,4.277
15721,75.3979359999998,4.652
15722,75.4026839999998,4.748
15723,75.4064139999998,3.73
15724,75.4108859999998,4.472
15725,75.4158209999998,4.935
15726,75.4193949999998,3.574
15727,75.4238799999998,4.485
15728,75.4290509999998,5.171
15729,75.4343049999998,5.254
15730,75.4370979999998,2.793
15731,75.4410409999998,3.943
15732,75.4456189999998,4.578
15733,75.4503859999998,4.767
15734,75.4540279999998,3.642
15735,75.4578189999998,3.791
15736,75.4647879999998,6.969
15737,75.4698079999998,5.02
15738,75.4730369999998,3.229
15739,75.4772159999998,4.179
15740,75.4825879999998,5.372
15741,75.4862769999998,3.689
15742,75.4903319999998,4.055
15743,75.4968009999998,6.469
15744,75.5011989999998,4.398
15745,75.5048039999998,3.605
15746,75.5088709999998,4.067
15747,75.5133389999998,4.468
15748,75.5189949999998,5.656
15749,75.5224819999998,3.487
15750,75.5267869999998,4.305
15751,75.5330129999998,6.226
15752,75.5361529999998,3.14
15753,75.5404229999998,4.27
15754,75.5450989999998,4.676
15755,75.5495829999998,4.484
15756,75.5530899999998,3.507
15757,75.5571179999998,4.028
15758,75.5630719999998,5.954
15759,75.5677939999998,4.722
15760,75.5734809999998,5.687
15761,75.5771289999998,3.648
15762,75.5805839999998,3.455
15763,75.5853469999998,4.763
15764,75.5889469999998,3.6
15765,75.5949629999998,6.016
15766,75.6125529999998,17.59
15767,75.6159749999998,3.422
15768,75.6204049999998,4.43
15769,75.6251289999998,4.724
15770,75.6294619999998,4.333
15771,75.6396369999998,10.175
15772,75.6442779999998,4.641
15773,75.6475959999998,3.318
15774,75.6527279999998,5.132
15775,75.6575449999998,4.817
15776,75.6609989999998,3.454
15777,75.6652439999998,4.245
15778,75.6722239999998,6.98
15779,75.6751329999998,2.909
15780,75.6824109999998,7.278
15781,75.6870409999999,4.63
15782,75.6919969999999,4.956
15783,75.6958529999999,3.856
15784,75.7012679999999,5.415
15785,75.7049149999999,3.647
15786,75.7089019999999,3.987
15787,75.7149929999999,6.091
15788,75.7196539999998,4.661
15789,75.7233699999998,3.716
15790,75.7291069999998,5.737
15791,75.7350199999998,5.913
15792,75.7382379999999,3.218
15793,75.7427169999999,4.479
15794,75.7475889999999,4.872
15795,75.7508739999999,3.285
15796,75.7552479999999,4.374
15797,75.7605319999999,5.284
15798,75.7651309999999,4.599
15799,75.7688079999999,3.677
15800,75.7728139999999,4.006
15801,75.7792869999999,6.473
15802,75.7826409999999,3.354
15803,75.7867709999999,4.13
15804,75.7914789999999,4.708
15805,75.7968159999999,5.337
15806,75.8008379999999,4.022
15807,75.8050849999999,4.247
15808,75.8136799999999,8.595
15809,75.8175509999999,3.871
15810,75.8208459999999,3.295
15811,75.8266589999999,5.813
15812,75.8301439999999,3.485
15813,75.8336079999999,3.464
15814,75.8381699999999,4.562
15815,75.8431009999999,4.931
15816,75.8475149999999,4.414
15817,75.8520339999999,4.519
15818,75.8559749999999,3.941
15819,75.8609949999999,5.02
15820,75.8649379999999,3.943
15821,75.8689389999999,4.001
15822,75.8730489999999,4.11
15823,75.8792989999999,6.25
15824,75.8832989999999,4.0
15825,75.8875939999999,4.295
15826,75.8917329999999,4.139
15827,75.8973929999999,5.66
15828,75.9005149999999,3.122
15829,75.9045769999999,4.062
15830,75.9095439999999,4.967
15831,75.9169739999999,7.43
15832,75.9203319999999,3.358
15833,75.9245189999999,4.187
15834,75.9334509999999,8.932
15835,75.9374969999999,4.046
15836,75.9407999999999,3.303
15837,75.9460339999999,5.234
15838,75.9510989999999,5.065
15839,75.9555689999999,4.47
15840,75.9600559999999,4.487
15841,75.9640929999999,4.037
15842,75.9716579999999,7.565
15843,75.9824199999999,10.762
15844,75.9863679999999,3.948
15845,75.9919629999999,5.595
15846,75.9954649999999,3.502
15847,75.9991329999999,3.668
15848,76.0036629999999,4.53
15849,76.0108349999999,7.172
15850,76.0171979999999,6.363
15851,76.0210929999999,3.895
15852,76.0309439999999,9.851
15853,76.0366879999999,5.744
15854,76.0448679999999,8.18
15855,76.0484359999999,3.568
15856,76.0534409999999,5.005
15857,76.0581829999999,4.742
15858,76.0621149999999,3.932
15859,76.0680259999999,5.911
15860,76.0737639999999,5.738
15861,76.0781829999999,4.419
15862,76.0824509999999,4.268
15863,76.0874629999999,5.012
15864,76.0915679999999,4.105
15865,76.0955959999999,4.028
15866,76.1006239999999,5.028
15867,76.1044919999999,3.868
15868,76.1088309999999,4.339
15869,76.1147849999999,5.954
15870,76.1194139999998,4.629
15871,76.1239159999999,4.502
15872,76.1286159999999,4.7
15873,76.1341779999998,5.562
15874,76.1385849999998,4.407
15875,76.1448249999999,6.24
15876,76.1488399999999,4.015
15877,76.1533949999998,4.555
15878,76.1584569999998,5.062
15879,76.1636189999998,5.162
15880,76.1678839999998,4.265
15881,76.1723989999998,4.515
15882,76.1795859999998,7.187
15883,76.1824609999998,2.875
15884,76.1867859999998,4.325
15885,76.1922619999998,5.476
15886,76.1957269999998,3.465
15887,76.2001379999999,4.411
15888,76.2045169999999,4.379
15889,76.2114969999999,6.98
15890,76.2159819999999,4.485
15891,76.2197749999999,3.793
15892,76.2265709999999,6.796
15893,76.2310089999998,4.438
15894,76.2346369999999,3.628
15895,76.2404039999999,5.767
15896,76.2442689999999,3.865
15897,76.2476929999999,3.424
15898,76.2522529999999,4.56
15899,76.2599049999998,7.652
15900,76.2638999999999,3.995
15901,76.2690029999999,5.103
15902,76.2750179999999,6.015
15903,76.2797749999999,4.757
15904,76.2835229999999,3.748
15905,76.2879519999999,4.429
15906,76.2938109999999,5.859
15907,76.2979649999999,4.154
15908,76.3031039999999,5.139
15909,76.3076849999999,4.581
15910,76.3145869999999,6.902
15911,76.3182699999999,3.683
15912,76.3228239999999,4.554
15913,76.3297689999999,6.945
15914,76.3339549999999,4.186
15915,76.3379679999999,4.013
15916,76.3441939999999,6.226
15917,76.3498349999999,5.641
15918,76.3547789999999,4.944
15919,76.3611609999999,6.382
15920,76.3684519999998,7.291
15921,76.3752739999998,6.822
15922,76.3809209999998,5.647
15923,76.3870379999998,6.117
15924,76.3928349999998,5.797
15925,76.4000439999999,7.209
15926,76.4045549999998,4.511
15927,76.4101839999998,5.629
15928,76.4157779999998,5.594
15929,76.4206569999998,4.879
15930,76.4313019999998,10.645
15931,76.4425819999998,11.28
15932,76.4468309999998,4.249
15933,76.4530529999998,6.222
15934,76.4589929999998,5.94
15935,76.4663489999998,7.356
15936,76.4697969999998,3.448
15937,76.4759929999998,6.196
15938,76.4797099999998,3.717
15939,76.4843079999998,4.598
15940,76.4895439999998,5.236
15941,76.4949929999998,5.449
15942,76.4994139999998,4.421
15943,76.5039029999998,4.489
15944,76.5086909999998,4.788
15945,76.5125689999998,3.878
15946,76.5169469999998,4.378
15947,76.5231569999998,6.21
15948,76.5285419999998,5.385
15949,76.5327399999998,4.198
15950,76.5366659999999,3.926
15951,76.5415139999999,4.848
15952,76.5471919999999,5.678
15953,76.5517039999999,4.512
15954,76.5562719999999,4.568
15955,76.5611529999999,4.881
15956,76.5648019999999,3.649
15957,76.5712509999999,6.449
15958,76.5760909999999,4.84
15959,76.5801149999999,4.024
15960,76.5845169999999,4.402
15961,76.5887369999999,4.22
15962,76.5955299999999,6.793
15963,76.5985599999999,3.03
15964,76.6024339999999,3.874
15965,76.6140579999999,11.624
15966,76.6173099999999,3.252
15967,76.6272099999999,9.9
15968,76.6313639999999,4.154
15969,76.6378739999999,6.51
15970,76.6424909999999,4.617
15971,76.6464479999999,3.957
15972,76.6541799999999,7.732
15973,76.6577179999999,3.538
15974,76.6640789999999,6.361
15975,76.6689709999999,4.892
15976,76.6738799999999,4.909
15977,76.6790929999999,5.213
15978,76.6834619999999,4.369
15979,76.6887029999999,5.241
15980,76.6924479999999,3.745
15981,76.6986819999999,6.234
15982,76.7058299999999,7.148
15983,76.7095479999999,3.718
15984,76.7141709999999,4.623
15985,76.7193019999999,5.131
15986,76.7232249999999,3.923
15987,76.7345869999999,11.362
15988,76.7379299999999,3.343
15989,76.7429949999999,5.065
15990,76.7469209999999,3.926
15991,76.7520199999999,5.099
15992,76.7608179999999,8.798
15993,76.7689749999999,8.157
15994,76.7752959999999,6.321
15995,76.7805999999999,5.304
15996,76.7857339999999,5.134
15997,76.7917619999999,6.028
15998,76.7954899999999,3.728
15999,76.8004549999999,4.965
16000,76.8054999999999,5.045
16001,76.8120089999999,6.509
16002,76.8191339999999,7.125
16003,76.8276469999999,8.513
16004,76.8325529999999,4.906
16005,76.8407969999999,8.244
16006,76.8447599999999,3.963
16007,76.8490459999999,4.286
16008,76.8543709999999,5.325
16009,76.8580199999999,3.649
16010,76.8622939999998,4.274
16011,76.8674769999999,5.183
16012,76.8731389999999,5.662
16013,76.8769939999999,3.855
16014,76.8818549999999,4.861
16015,76.8858509999999,3.996
16016,76.8899429999999,4.092
16017,76.8967889999999,6.846
16018,76.9007029999999,3.914
16019,76.9050619999998,4.359
16020,76.9102959999998,5.234
16021,76.9139429999998,3.647
16022,76.9205699999998,6.627
16023,76.9248699999998,4.3
16024,76.9286589999998,3.789
16025,76.9330579999998,4.399
16026,76.9374279999998,4.37
16027,76.9425029999998,5.075
16028,76.9460939999998,3.591
16029,76.9504289999998,4.335
16030,76.9549459999999,4.517
16031,76.9599639999999,5.018
16032,76.9654689999999,5.505
16033,76.9699229999999,4.454
16034,76.9748919999999,4.969
16035,76.9785749999999,3.683
16036,76.9827749999998,4.2
16037,76.9889249999999,6.15
16038,76.9940039999998,5.079
16039,76.9976459999998,3.642
16040,77.0020769999998,4.431
16041,77.0066609999998,4.584
16042,77.0139109999998,7.25
16043,77.0172209999998,3.31
16044,77.0219539999998,4.733
16045,77.0261929999998,4.239
16046,77.0298709999998,3.678
16047,77.0361999999998,6.329
16048,77.0402629999998,4.063
16049,77.0452899999998,5.027
16050,77.0490299999998,3.74
16051,77.0532159999998,4.186
16052,77.0580679999998,4.852
16053,77.0627049999998,4.637
16054,77.0661949999998,3.49
16055,77.0709569999998,4.762
16056,77.0764799999998,5.523
16057,77.0812069999998,4.727
16058,77.0854219999998,4.215
16059,77.0896379999998,4.216
16060,77.0945629999998,4.925
16061,77.0982069999998,3.644
16062,77.1046619999998,6.455
16063,77.1093839999998,4.722
16064,77.1146269999998,5.243
16065,77.1174179999998,2.791
16066,77.1218309999998,4.413
16067,77.1289149999998,7.084
16068,77.1322739999998,3.359
16069,77.1366839999998,4.41
16070,77.1412619999998,4.578
16071,77.1460799999998,4.818
16072,77.1516519999998,5.572
16073,77.1560759999998,4.424
16074,77.1604849999998,4.409
16075,77.1650219999998,4.537
16076,77.1688569999998,3.835
16077,77.1744679999998,5.611
16078,77.1784459999998,3.978
16079,77.1820839999998,3.638
16080,77.1863099999998,4.226
16081,77.1913369999998,5.027
16082,77.1971569999998,5.82
16083,77.2008019999998,3.645
16084,77.2072329999998,6.431
16085,77.2113909999998,4.158
16086,77.2163409999998,4.95
16087,77.2205709999998,4.23
16088,77.2273909999998,6.82
16089,77.2320249999998,4.634
16090,77.2355339999998,3.509
16091,77.2401689999998,4.635
16092,77.2444019999998,4.233
16093,77.2491099999998,4.708
16094,77.2551099999998,6.0
16095,77.2591139999998,4.004
16096,77.2633489999998,4.235
16097,77.2688259999998,5.477
16098,77.2729459999998,4.12
16099,77.2774149999998,4.469
16100,77.2820539999998,4.639
16101,77.2856979999998,3.644
16102,77.2922279999998,6.53
16103,77.2965339999998,4.306
16104,77.3034899999998,6.956
16105,77.3071859999998,3.696
16106,77.3118449999998,4.659
16107,77.3174879999998,5.643
16108,77.3213119999998,3.824
16109,77.3272849999998,5.973
16110,77.3320639999998,4.779
16111,77.3364589999998,4.395
16112,77.3403139999998,3.855
16113,77.3449029999998,4.589
16114,77.3517739999998,6.871
16115,77.3555819999998,3.808
16116,77.3596689999998,4.087
16117,77.3644789999998,4.81
16118,77.3694439999998,4.965
16119,77.3732359999998,3.792
16120,77.3774769999998,4.241
16121,77.3824339999998,4.957
16122,77.3864719999998,4.038
16123,77.3907619999998,4.29
16124,77.3971069999998,6.345
16125,77.4019179999998,4.811
16126,77.4057349999998,3.817
16127,77.4103889999998,4.654
16128,77.4146709999998,4.282
16129,77.4219559999998,7.285
16130,77.4258729999998,3.917
16131,77.4297079999998,3.835
16132,77.4348719999998,5.164
16133,77.4387949999998,3.923
16134,77.4448089999998,6.014
16135,77.4493519999998,4.543
16136,77.4543759999998,5.024
16137,77.4579889999998,3.613
16138,77.4622769999998,4.288
16139,77.4691329999998,6.856
16140,77.4731369999998,4.004
16141,77.4770709999998,3.934
16142,77.4816569999998,4.586
16143,77.4868809999998,5.224
16144,77.4899669999998,3.086
16145,77.4943819999998,4.415
16146,77.4991559999998,4.774
16147,77.5033689999998,4.213
16148,77.5076119999998,4.243
16149,77.5137939999998,6.182
16150,77.5187389999998,4.945
16151,77.5222569999998,3.518
16152,77.5274339999998,5.177
16153,77.5315059999998,4.072
16154,77.5389179999998,7.412
16155,77.5420579999998,3.14
16156,77.5462749999998,4.217
16157,77.5521079999998,5.833
16158,77.5556869999998,3.579
16159,77.5599019999998,4.215
16160,77.5641899999998,4.288
16161,77.5692779999998,5.088
16162,77.5742219999998,4.944
16163,77.5779729999998,3.751
16164,77.5855529999998,7.58
16165,77.5903459999998,4.793
16166,77.5952429999998,4.897
16167,77.6000569999998,4.814
16168,77.6051499999998,5.093
16169,77.6089649999998,3.815
16170,77.6230149999998,14.05
16171,77.6278019999998,4.787
16172,77.6317479999998,3.946
16173,77.6364139999998,4.666
16174,77.6414939999998,5.08
16175,77.6448659999998,3.372
16176,77.6493689999998,4.503
16177,77.6545019999998,5.133
16178,77.6588129999998,4.311
16179,77.6677109999998,8.898
16180,77.6711239999998,3.413
16181,77.6762389999998,5.115
16182,77.6804949999998,4.256
16183,77.6849169999998,4.422
16184,77.6918579999998,6.941
16185,77.6955319999998,3.674
16186,77.6998509999998,4.319
16187,77.7048409999998,4.99
16188,77.7097559999998,4.915
16189,77.7154579999998,5.702
16190,77.7196849999998,4.227
16191,77.7252369999998,5.552
16192,77.7308679999998,5.631
16193,77.7363279999998,5.46
16194,77.7430769999998,6.749
16195,77.7467749999998,3.698
16196,77.7508539999998,4.079
16197,77.7552919999998,4.438
16198,77.7602319999998,4.94
16199,77.7658329999998,5.601
16200,77.7700139999998,4.181
16201,77.7750549999998,5.041
16202,77.7789719999998,3.917
16203,77.7831419999998,4.17
16204,77.7898509999998,6.709
16205,77.7933779999998,3.527
16206,77.7974319999998,4.054
16207,77.8020579999998,4.626
16208,77.8074719999998,5.414
16209,77.8128439999998,5.372
16210,77.8170559999998,4.212
16211,77.8218499999998,4.794
16212,77.8254289999998,3.579
16213,77.8294479999998,4.019
16214,77.8362209999998,6.773
16215,77.8406369999998,4.416
16216,77.8457109999998,5.074
16217,77.8488249999998,3.114
16218,77.8533779999998,4.553
16219,77.8576159999998,4.238
16220,77.8617589999998,4.143
16221,77.8664519999998,4.693
16222,77.8703689999998,3.917
16223,77.8756089999998,5.24
16224,77.8816259999998,6.017
16225,77.8867009999998,5.075
16226,77.8899909999998,3.29
16227,77.8947289999998,4.738
16228,77.8995329999998,4.804
16229,77.9050919999998,5.559
16230,77.9094759999998,4.384
16231,77.9139059999998,4.43
16232,77.9188449999998,4.939
16233,77.9228139999998,3.969
16234,77.9290869999998,6.273
16235,77.9337589999998,4.672
16236,77.9373519999998,3.593
16237,77.9417749999998,4.423
16238,77.9461519999998,4.377
16239,77.9528059999998,6.654
16240,77.9566029999998,3.797
16241,77.9608149999998,4.212
16242,77.9659459999998,5.131
16243,77.9695529999998,3.607
16244,77.9757129999998,6.16
16245,77.9799439999998,4.231
16246,77.9849829999998,5.039
16247,77.9889509999998,3.968
16248,77.9932039999998,4.253
16249,77.9997889999998,6.585
16250,78.0037159999998,3.927
16251,78.0083749999998,4.659
16252,78.0125969999998,4.222
16253,78.0173809999998,4.784
16254,78.0231569999998,5.776
16255,78.0272699999998,4.113
16256,78.0322349999998,4.965
16257,78.0365319999998,4.297
16258,78.0409039999998,4.372
16259,78.0468229999998,5.919
16260,78.0519569999998,5.134
16261,78.0552489999998,3.292
16262,78.0597229999998,4.474
16263,78.0647979999998,5.075
16264,78.0703399999998,5.542
16265,78.0745539999998,4.214
16266,78.0790479999998,4.494
16267,78.0842449999998,5.197
16268,78.0880119999998,3.767
16269,78.0920179999998,4.006
16270,78.0969339999998,4.916
16271,78.1011999999998,4.266
16272,78.1054629999998,4.263
16273,78.1103019999998,4.839
16274,78.1155119999998,5.21
16275,78.1185309999998,3.019
16276,78.1229349999998,4.404
16277,78.1285399999998,5.605
16278,78.1323589999998,3.819
16279,78.1385099999998,6.151
16280,78.1426879999998,4.178
16281,78.1478339999998,5.146
16282,78.1520309999998,4.197
16283,78.1560579999998,4.027
16284,78.1608329999998,4.775
16285,78.1646509999998,3.818
16286,78.1693019999998,4.651
16287,78.1747809999998,5.479
16288,78.1800919999998,5.311
16289,78.1853999999998,5.308
16290,78.1898669999998,4.467
16291,78.1946849999998,4.818
16292,78.1985209999998,3.836
16293,78.2033509999998,4.83
16294,78.2071849999998,3.834
16295,78.2133359999998,6.151
16296,78.2168199999998,3.484
16297,78.2204369999998,3.617
16298,78.2251649999998,4.728
16299,78.2308819999998,5.717
16300,78.2351839999998,4.302
16301,78.2396349999998,4.451
16302,78.2445669999998,4.932
16303,78.2482379999998,3.671
16304,78.2548639999998,6.626
16305,78.2593939999998,4.53
16306,78.2630099999998,3.616
16307,78.2677109999998,4.701
16308,78.2749039999998,7.193
16309,78.2787299999998,3.826
16310,78.2824229999998,3.693
16311,78.2888329999998,6.41
16312,78.2935119999998,4.679
16313,78.2970399999998,3.528
16314,78.3013869999998,4.347
16315,78.3055269999998,4.14
16316,78.3121049999998,6.578
16317,78.3166629999998,4.558
16318,78.3228179999998,6.155
16319,78.3276039999998,4.786
16320,78.3327309999998,5.127
16321,78.3368689999998,4.138
16322,78.3410869999998,4.218
16323,78.3460059999998,4.919
16324,78.3496849999998,3.679
16325,78.3535459999998,3.861
16326,78.3588479999998,5.302
16327,78.3622599999998,3.412
16328,78.3664649999998,4.205
16329,78.3726479999998,6.183
16330,78.3774389999998,4.791
16331,78.3827539999998,5.315
16332,78.3870759999998,4.322
16333,78.3928009999998,5.725
16334,78.3965509999998,3.75
16335,78.4015419999998,4.991
16336,78.4061229999998,4.581
16337,78.4106179999998,4.495
16338,78.4159659999998,5.348
16339,78.4200599999998,4.094
16340,78.4271199999998,7.06
16341,78.4312149999998,4.095
16342,78.4344149999998,3.2
16343,78.4386389999998,4.224
16344,78.4435739999998,4.935
16345,78.4470389999998,3.465
16346,78.4513699999998,4.331
16347,78.4555989999998,4.229
16348,78.4615509999998,5.952
16349,78.4662749999998,4.724
16350,78.4703909999998,4.116
16351,78.4753259999998,4.935
16352,78.4787779999997,3.452
16353,78.4830649999998,4.287
16354,78.4870889999998,4.024
16355,78.4932289999998,6.14
16356,78.4970429999998,3.814
16357,78.5007989999998,3.756
16358,78.5067229999998,5.924
16359,78.5116749999998,4.952
16360,78.5170499999998,5.375
16361,78.5212109999998,4.161
16362,78.5277489999998,6.538
16363,78.5320039999998,4.255
16364,78.5360179999998,4.014
16365,78.5402069999998,4.189
16366,78.5449169999998,4.71
16367,78.5487689999998,3.852
16368,78.5530759999997,4.307
16369,78.5582359999998,5.16
16370,78.5622679999997,4.032
16371,78.5678709999997,5.603
16372,78.5720889999997,4.218
16373,78.5767459999997,4.657
16374,78.5804859999997,3.74
16375,78.5848679999997,4.382
16376,78.5918499999997,6.982
16377,78.5973839999997,5.534
16378,78.6011589999997,3.775
16379,78.6050029999997,3.844
16380,78.6111699999997,6.167
16381,78.6155999999997,4.43
16382,78.6284999999997,12.9
16383,78.6331689999997,4.669
16384,78.6382059999997,5.037
16385,78.6428249999997,4.619
16386,78.6462309999997,3.406
16387,78.6505239999997,4.293
16388,78.6583759999997,7.852
16389,78.6618369999997,3.461
16390,78.6709889999998,9.152
16391,78.6778309999998,6.842
16392,78.6814219999998,3.591
16393,78.6858309999998,4.409
16394,78.6898349999997,4.004
16395,78.6944879999998,4.653
16396,78.6981649999997,3.677
16397,78.7030399999997,4.875
16398,78.7090489999998,6.009
16399,78.7135109999998,4.462
16400,78.7180939999998,4.583
16401,78.7217889999997,3.695
16402,78.7271099999997,5.321
16403,78.7326149999997,5.505
16404,78.7367039999997,4.089
16405,78.7434719999997,6.768
16406,78.7469259999997,3.454
16407,78.7510289999997,4.103
16408,78.7556389999997,4.61
16409,78.7617239999997,6.085
16410,78.7647649999997,3.041
16411,78.7712149999997,6.45
16412,78.7757569999997,4.542
16413,78.7793209999997,3.564
16414,78.7839609999997,4.64
16415,78.7879709999997,4.01
16416,78.7940439999997,6.073
16417,78.7968509999997,2.807
16418,78.8030589999997,6.208
16419,78.8076919999997,4.633
16420,78.8113729999997,3.681
16421,78.8156829999997,4.31
16422,78.8200549999997,4.372
16423,78.8270179999997,6.963
16424,78.8312459999997,4.228
16425,78.8344059999997,3.16
16426,78.8394279999997,5.022
16427,78.8435749999997,4.147
16428,78.8477899999997,4.215
16429,78.8542049999997,6.415
16430,78.8588319999997,4.627
16431,78.8644849999997,5.653
16432,78.8688969999997,4.412
16433,78.8738699999997,4.973
16434,78.8773009999997,3.431
16435,78.8814869999997,4.186
16436,78.8858399999997,4.353
16437,78.8911549999997,5.315
16438,78.8963069999997,5.152
16439,78.9005879999997,4.281
16440,78.9071139999997,6.526
16441,78.9107689999997,3.655
16442,78.9151429999997,4.374
16443,78.9193679999997,4.225
16444,78.9268859999997,7.518
16445,78.9302329999997,3.347
16446,78.9343559999997,4.123
16447,78.9394759999997,5.12
16448,78.9431709999997,3.695
16449,78.9494089999997,6.238
16450,78.9537379999997,4.329
16451,78.9604139999997,6.676
16452,78.9641709999997,3.757
16453,78.9689909999997,4.82
16454,78.9732249999997,4.234
16455,78.9768319999997,3.607
16456,78.9811989999997,4.367
16457,78.9854769999997,4.278
16458,78.9916779999997,6.201
16459,78.9949269999997,3.249
16460,79.0012679999997,6.341
16461,79.0072079999997,5.94
16462,79.0122589999997,5.051
16463,79.0163889999997,4.13
16464,79.0206669999997,4.278
16465,79.0254389999997,4.772
16466,79.0292539999997,3.815
16467,79.0340239999997,4.77
16468,79.0392959999997,5.272
16469,79.0427149999997,3.419
16470,79.0468079999997,4.093
16471,79.0535819999997,6.774
16472,79.0580579999997,4.476
16473,79.0618449999997,3.787
16474,79.0661419999997,4.297
16475,79.0714609999997,5.319
16476,79.0758989999997,4.438
16477,79.0803339999997,4.435
16478,79.0861269999997,5.793
16479,79.0911839999997,5.057
16480,79.0967569999997,5.573
16481,79.1008769999997,4.12
16482,79.1057849999997,4.908
16483,79.1099489999997,4.164
16484,79.1140099999997,4.061
16485,79.1184399999997,4.43
16486,79.1232599999997,4.82
16487,79.1271079999997,3.848
16488,79.1314239999997,4.316
16489,79.1383649999997,6.941
16490,79.1418089999997,3.444
16491,79.1482259999997,6.417
16492,79.1526039999997,4.378
16493,79.1575229999997,4.919
16494,79.1613939999997,3.871
16495,79.1661619999997,4.768
16496,79.1710789999997,4.917
16497,79.1742999999997,3.221
16498,79.1804449999997,6.145
16499,79.1848419999997,4.397
16500,79.1916379999997,6.796
16501,79.1954909999997,3.853
16502,79.1998529999997,4.362
16503,79.2050559999997,5.203
16504,79.2095989999997,4.543
16505,79.2131489999997,3.55
16506,79.2173689999997,4.22
16507,79.2228019999997,5.433
16508,79.2264969999997,3.695
16509,79.2327719999997,6.275
16510,79.2378409999997,5.069
16511,79.2432869999997,5.446
16512,79.2476529999997,4.366
16513,79.2520819999997,4.429
16514,79.2571409999997,5.059
16515,79.2607269999997,3.586
16516,79.2651489999997,4.422
16517,79.2703679999997,5.219
16518,79.2745659999997,4.198
16519,79.2784619999997,3.896
16520,79.2848429999997,6.381
16521,79.2896869999997,4.844
16522,79.2934529999997,3.766
16523,79.2976299999997,4.177
16524,79.3028079999997,5.178
16525,79.3080309999997,5.223
16526,79.3120849999997,4.054
16527,79.3165499999997,4.465
16528,79.3218239999997,5.274
16529,79.3269939999997,5.17
16530,79.3312739999997,4.28
16531,79.3383919999997,7.118
16532,79.3416279999997,3.236
16533,79.3458569999997,4.229
16534,79.3502279999997,4.371
16535,79.3552579999997,5.03
16536,79.3594679999997,4.21
16537,79.3637819999997,4.314
16538,79.3706739999997,6.892
16539,79.3740289999997,3.355
16540,79.3800259999997,5.997
16541,79.3845049999997,4.479
16542,79.3893699999997,4.865
16543,79.3928439999997,3.474
16544,79.3971509999997,4.307
16545,79.4021769999997,5.026
16546,79.4068139999997,4.637
16547,79.4111309999997,4.317
16548,79.4150149999997,3.884
16549,79.4217959999997,6.781
16550,79.4252759999997,3.48
16551,79.4314959999997,6.22
16552,79.4366109999997,5.115
16553,79.4405719999997,3.961
16554,79.4446309999997,4.059
16555,79.4489459999997,4.315
16556,79.4546699999997,5.724
16557,79.4576039999997,2.934
16558,79.4635079999997,5.904
16559,79.4683989999997,4.891
16560,79.4740019999997,5.603
16561,79.4782699999997,4.268
16562,79.4825209999997,4.251
16563,79.4875899999997,5.069
16564,79.4912029999997,3.613
16565,79.4952659999997,4.063
16566,79.5001779999997,4.912
16567,79.5042529999997,4.075
16568,79.5087959999997,4.543
16569,79.5147029999997,5.907
16570,79.5191829999997,4.48
16571,79.5226129999997,3.43
16572,79.5267269999997,4.114
16573,79.5308939999997,4.167
16574,79.5357749999997,4.881
16575,79.5402859999997,4.511
16576,79.5438959999997,3.61
16577,79.5486499999997,4.754
16578,79.5540539999997,5.404
16579,79.5580909999997,4.037
16580,79.5641579999997,6.067
16581,79.5689009999997,4.743
16582,79.5724339999997,3.533
16583,79.5767239999997,4.29
16584,79.5808229999997,4.099
16585,79.5855719999997,4.749
16586,79.5904819999997,4.91
16587,79.5961019999997,5.62
16588,79.6014449999997,5.343
16589,79.6069279999997,5.483
16590,79.6110249999997,4.097
16591,79.6172609999997,6.236
16592,79.6219129999997,4.652
16593,79.6297919999997,7.879
16594,79.6393119999997,9.52
16595,79.6434259999997,4.114
16596,79.6469829999997,3.557
16597,79.6532719999997,6.289
16598,79.6567429999997,3.471
16599,79.6684799999997,11.737
16600,79.6741669999997,5.687
16601,79.6780909999997,3.924
16602,79.6835469999996,5.456
16603,79.6877149999997,4.168
16604,79.6930549999997,5.34
16605,79.6967709999997,3.716
16606,79.7008169999997,4.046
16607,79.7052309999997,4.414
16608,79.7099229999997,4.692
16609,79.7163599999997,6.437
16610,79.7204979999997,4.138
16611,79.7274189999997,6.921
16612,79.7302099999997,2.791
16613,79.7362329999997,6.023
16614,79.7399209999997,3.688
16615,79.7449319999997,5.011
16616,79.7487329999997,3.801
16617,79.7530679999997,4.335
16618,79.7581149999997,5.047
16619,79.7635479999997,5.433
16620,79.7695029999997,5.955
16621,79.7736259999997,4.123
16622,79.7783119999997,4.686
16623,79.7817159999997,3.404
16624,79.7859899999997,4.274
16625,79.7911259999997,5.136
16626,79.7999659999997,8.84
16627,79.8041749999997,4.209
16628,79.8082209999997,4.046
16629,79.8149499999997,6.729
16630,79.8184039999997,3.454
16631,79.8243199999997,5.916
16632,79.8289309999997,4.611
16633,79.8315089999997,2.578
16634,79.8356659999997,4.157
16635,79.8408309999997,5.165
16636,79.8456979999997,4.867
16637,79.8523419999997,6.644
16638,79.8564769999997,4.135
16639,79.8610249999997,4.548
16640,79.8643639999997,3.339
16641,79.8679199999997,3.556
16642,79.8719029999997,3.983
16643,79.8768299999997,4.927
16644,79.8805599999997,3.73
16645,79.8845409999997,3.981
16646,79.8901799999997,5.639
16647,79.8948849999997,4.705
16648,79.8982719999997,3.387
16649,79.9025839999997,4.312
16650,79.9087549999997,6.171
16651,79.9130859999997,4.331
16652,79.9165249999997,3.439
16653,79.9205549999997,4.03
16654,79.9271239999997,6.569
16655,79.9311489999997,4.025
16656,79.9367319999997,5.583
16657,79.9406709999997,3.939
16658,79.9455729999997,4.902
16659,79.9489569999997,3.384
16660,79.9531829999997,4.226
16661,79.9604379999997,7.255
16662,79.9633199999997,2.882
16663,79.9669019999997,3.582
16664,79.9714959999997,4.594
16665,79.9773899999997,5.894
16666,79.9812649999997,3.875
16667,79.9877199999997,6.455
16668,79.9934159999997,5.696
16669,79.9983999999997,4.984
16670,80.0029029999997,4.503
16671,80.0059909999997,3.088
16672,80.0110649999997,5.074
16673,80.0149789999997,3.914
16674,80.0183519999997,3.373
16675,80.0222609999997,3.909
16676,80.0268809999997,4.62
16677,80.0304549999997,3.574
16678,80.0366299999997,6.175
16679,80.0404219999997,3.792
16680,80.0448589999997,4.437
16681,80.0480709999997,3.212
16682,80.0540599999997,5.989
16683,80.0579829999997,3.923
16684,80.0621869999997,4.204
16685,80.0691979999997,7.011
16686,80.0735669999997,4.369
16687,80.0781529999997,4.586
16688,80.0844699999997,6.317
16689,80.0876719999997,3.202
16690,80.0917729999997,4.101
16691,80.1009769999997,9.204
16692,80.1044079999997,3.431
16693,80.1082099999997,3.802
16694,80.1131029999997,4.893
16695,80.1171259999997,4.023
16696,80.1214279999997,4.302
16697,80.1254439999997,4.016
16698,80.1335199999997,8.076
16699,80.1378779999997,4.358
16700,80.1428569999997,4.979
16701,80.1465269999997,3.67
16702,80.1514669999997,4.94
16703,80.1548229999997,3.356
16704,80.1613239999997,6.501
16705,80.1656759999997,4.352
16706,80.1689639999997,3.288
16707,80.1748719999997,5.908
16708,80.1794259999997,4.554
16709,80.1843419999997,4.916
16710,80.1875799999997,3.238
16711,80.1935459999997,5.966
16712,80.1975579999997,4.012
16713,80.2060419999997,8.484
16714,80.2111579999997,5.116
16715,80.2165889999997,5.431
16716,80.2210049999997,4.416
16717,80.2245439999997,3.539
16718,80.2288409999997,4.297
16719,80.2332879999997,4.447
16720,80.2404899999997,7.202
16721,80.2444699999997,3.98
16722,80.2489789999997,4.509
16723,80.2539359999997,4.957
16724,80.2573439999997,3.408
16725,80.2617079999997,4.364
16726,80.2659889999997,4.281
16727,80.2709529999997,4.964
16728,80.2760729999997,5.12
16729,80.2799369999997,3.864
16730,80.2847959999997,4.859
16731,80.2884159999997,3.62
16732,80.2928189999997,4.403
16733,80.2971269999996,4.308
16734,80.3021449999997,5.018
16735,80.3083529999997,6.208
16736,80.3117989999997,3.446
16737,80.3169289999996,5.13
16738,80.3200399999997,3.111
16739,80.3249719999996,4.932
16740,80.3303449999997,5.373
16741,80.3343089999996,3.964
16742,80.3375129999996,3.204
16743,80.3434999999997,5.987
16744,80.3469599999997,3.46
16745,80.3518399999997,4.88
16746,80.3557279999997,3.888
16747,80.3607919999997,5.064
16748,80.3656889999997,4.897
16749,80.3690579999997,3.369
16750,80.3754909999997,6.433
16751,80.3787369999997,3.246
16752,80.3837689999997,5.032
16753,80.3882239999997,4.455
16754,80.3932859999997,5.062
16755,80.3975629999997,4.277
16756,80.4022039999997,4.641
16757,80.4073769999997,5.173
16758,80.4118409999997,4.464
16759,80.4162999999997,4.459
16760,80.4199649999997,3.665
16761,80.4244989999997,4.534
16762,80.4289909999997,4.492
16763,80.4341299999997,5.139
16764,80.4375489999997,3.419
16765,80.4429239999997,5.375
16766,80.4464279999997,3.504
16767,80.4516979999997,5.27
16768,80.4570709999997,5.373
16769,80.4613529999997,4.282
16770,80.4673439999997,5.991
16771,80.4702499999997,2.906
16772,80.4753339999997,5.084
16773,80.4795439999997,4.21
16774,80.4846239999997,5.08
16775,80.4886949999997,4.071
16776,80.4924939999997,3.799
16777,80.4968999999997,4.406
16778,80.5020469999997,5.147
16779,80.5080599999997,6.013
16780,80.5119959999997,3.936
16781,80.5166769999997,4.681
16782,80.5201719999997,3.495
16783,80.5247359999997,4.564
16784,80.5291049999997,4.369
16785,80.5341469999997,5.042
16786,80.5387539999997,4.607
16787,80.5428789999997,4.125
16788,80.5472439999997,4.365
16789,80.5522879999997,5.044
16790,80.5581019999997,5.814
16791,80.5616059999997,3.504
16792,80.5667009999997,5.095
16793,80.5706179999997,3.917
16794,80.5762749999997,5.657
16795,80.5804689999997,4.194
16796,80.5854269999997,4.958
16797,80.5890099999997,3.583
16798,80.5933039999997,4.294
16799,80.5976399999997,4.336
16800,80.6025479999997,4.908
16801,80.6087829999997,6.235
16802,80.6125799999997,3.797
16803,80.6167749999997,4.195
16804,80.6202509999997,3.476
16805,80.6243389999997,4.088
16806,80.6430469999997,18.708
16807,80.6458339999997,2.787
16808,80.6498459999997,4.012
16809,80.6540579999997,4.212
16810,80.6618649999997,7.807
16811,80.6654189999997,3.554
16812,80.6696719999997,4.253
16813,80.6742549999997,4.583
16814,80.6785269999997,4.272
16815,80.6827239999997,4.197
16816,80.6884369999997,5.713
16817,80.6934039999997,4.967
16818,80.6972039999997,3.8
16819,80.7013949999997,4.191
16820,80.7061519999997,4.757
16821,80.7100219999997,3.87
16822,80.7140769999997,4.055
16823,80.7189839999997,4.907
16824,80.7227819999997,3.798
16825,80.7298299999997,7.048
16826,80.7348649999997,5.035
16827,80.7376499999997,2.785
16828,80.7439369999997,6.287
16829,80.7478919999997,3.955
16830,80.7528149999997,4.923
16831,80.7563149999997,3.5
16832,80.7624029999997,6.088
16833,80.7673519999997,4.949
16834,80.7727729999997,5.421
16835,80.7768099999997,4.037
16836,80.7805419999997,3.732
16837,80.7853249999997,4.783
16838,80.7907189999997,5.394
16839,80.7949799999997,4.261
16840,80.7998269999997,4.847
16841,80.8032759999997,3.449
16842,80.8096599999997,6.384
16843,80.8137679999997,4.108
16844,80.8187299999997,4.962
16845,80.8237829999997,5.053
16846,80.8276269999997,3.844
16847,80.8317879999997,4.161
16848,80.8357529999997,3.965
16849,80.8401719999997,4.419
16850,80.8440119999997,3.84
16851,80.8489939999997,4.982
16852,80.8524589999997,3.465
16853,80.8584349999997,5.976
16854,80.8634079999997,4.973
16855,80.8670689999997,3.661
16856,80.8710529999997,3.984
16857,80.8760049999997,4.952
16858,80.8805569999997,4.552
16859,80.8840799999997,3.523
16860,80.8881759999997,4.096
16861,80.8949629999997,6.787
16862,80.8984169999997,3.454
16863,80.9046189999997,6.202
16864,80.9086399999997,4.021
16865,80.9157869999997,7.147
16866,80.9188969999997,3.11
16867,80.9243019999997,5.405
16868,80.9289899999997,4.688
16869,80.9325239999997,3.534
16870,80.9372189999997,4.695
16871,80.9409019999997,3.683
16872,80.9459679999997,5.066
16873,80.9495919999997,3.624
16874,80.9550709999997,5.479
16875,80.9591329999997,4.062
16876,80.9630199999997,3.887
16877,80.9664949999997,3.475
16878,80.9721149999997,5.62
16879,80.9768669999997,4.752
16880,80.9825229999997,5.656
16881,80.9868289999997,4.306
16882,80.9917399999997,4.911
16883,80.9969679999997,5.228
16884,81.0012199999997,4.252
16885,81.0070129999997,5.793
16886,81.0120379999997,5.025
16887,81.0152889999997,3.251
16888,81.0192709999997,3.982
16889,81.0278599999997,8.589
16890,81.0312439999997,3.384
16891,81.0349109999997,3.667
16892,81.0389639999997,4.053
16893,81.0438969999997,4.933
16894,81.0489569999997,5.06
16895,81.0529109999997,3.954
16896,81.0582479999997,5.337
16897,81.0616479999997,3.4
16898,81.0659689999997,4.321
16899,81.0712199999997,5.251
16900,81.0755489999997,4.329
16901,81.0786309999997,3.082
16902,81.0827269999997,4.096
16903,81.0885789999997,5.852
16904,81.0926079999997,4.029
16905,81.0978089999997,5.201
16906,81.1021499999997,4.341
16907,81.1079069999997,5.757
16908,81.1110149999997,3.108
16909,81.1153509999997,4.336
16910,81.1203759999997,5.025
16911,81.1247929999997,4.417
16912,81.1278759999997,3.083
16913,81.1319799999997,4.104
16914,81.1378969999997,5.917
16915,81.1425539999997,4.657
16916,81.1457689999997,3.215
16917,81.1516739999997,5.905
16918,81.1555819999997,3.908
16919,81.1601879999997,4.606
16920,81.1635719999997,3.384
16921,81.1676509999997,4.079
16922,81.1729669999997,5.316
16923,81.1790259999997,6.059
16924,81.1825269999997,3.501
16925,81.1882209999997,5.694
16926,81.1927819999997,4.561
16927,81.1970829999997,4.301
16928,81.2005339999997,3.451
16929,81.2067119999997,6.178
16930,81.2103569999997,3.645
16931,81.2152049999997,4.848
16932,81.2183739999997,3.169
16933,81.2226059999997,4.232
16934,81.2285789999997,5.973
16935,81.2330979999997,4.519
16936,81.2385699999997,5.472
16937,81.2425109999997,3.941
16938,81.2466149999997,4.104
16939,81.2515399999997,4.925
16940,81.2576579999997,6.118
16941,81.2621169999997,4.459
16942,81.2670179999997,4.901
16943,81.2723239999997,5.306
16944,81.2762949999997,3.971
16945,81.2821079999997,5.813
16946,81.2866799999997,4.572
16947,81.2901969999997,3.517
16948,81.2942919999997,4.095
16949,81.2987629999997,4.471
16950,81.3045469999997,5.784
16951,81.3080509999997,3.504
16952,81.3136379999997,5.587
16953,81.3187379999997,5.1
16954,81.3235039999997,4.766
16955,81.3276929999997,4.189
16956,81.3324889999997,4.796
16957,81.3377239999997,5.235
16958,81.3419489999997,4.225
16959,81.3457769999997,3.828
16960,81.3498889999997,4.112
16961,81.3569609999997,7.072
16962,81.3606859999997,3.725
16963,81.3656529999997,4.967
16964,81.3702089999997,4.556
16965,81.3739479999997,3.739
16966,81.3777979999997,3.85
16967,81.3819519999997,4.154
16968,81.3886899999997,6.738
16969,81.3915489999997,2.859
16970,81.3956129999997,4.064
16971,81.3997559999997,4.143
16972,81.4064419999997,6.686
16973,81.4097529999997,3.311
16974,81.4146309999997,4.878
16975,81.4194829999997,4.852
16976,81.4232519999997,3.769
16977,81.4272759999997,4.024
16978,81.4313419999997,4.066
16979,81.4378059999997,6.464
16980,81.4407969999997,2.991
16981,81.4449959999997,4.199
16982,81.4489289999997,3.933
16983,81.4554649999997,6.536
16984,81.4591119999997,3.647
16985,81.4646339999997,5.522
16986,81.4710619999997,6.428
16987,81.4734019999997,2.34
16988,81.4789949999997,5.593
16989,81.4831869999997,4.192
16990,81.4897369999997,6.55
16991,81.4932259999997,3.489
16992,81.4973949999997,4.169
16993,81.5019709999997,4.576
16994,81.5066709999997,4.7
16995,81.5115679999997,4.897
16996,81.5156299999997,4.062
16997,81.5204869999997,4.857
16998,81.5240099999997,3.523
16999,81.5283199999997,4.31
17000,81.5340879999997,5.768
17001,81.5390069999997,4.919
17002,81.5422519999997,3.245
17003,81.5464289999997,4.177
17004,81.5506809999997,4.252
17005,81.5561769999997,5.496
17006,81.5590299999997,2.853
17007,81.5632219999997,4.192
17008,81.5681729999997,4.951
17009,81.5731239999997,4.951
17010,81.5787209999997,5.597
17011,81.5829709999997,4.25
17012,81.5877299999997,4.759
17013,81.5909719999997,3.242
17014,81.5951229999997,4.151
17015,81.6009179999997,5.795
17016,81.6058219999997,4.904
17017,81.6094159999997,3.594
17018,81.6134939999997,4.078
17019,81.6185239999998,5.03
17020,81.6219089999997,3.385
17021,81.6262729999997,4.364
17022,81.6428359999997,16.563
17023,81.6464249999998,3.589
17024,81.6534729999997,7.048
17025,81.6592699999998,5.797
17026,81.6628179999997,3.548
17027,81.6691969999997,6.379
17028,81.6737569999997,4.56
17029,81.6804059999997,6.649
17030,81.6858879999997,5.482
17031,81.6903989999997,4.511
17032,81.6941449999997,3.746
17033,81.6982859999997,4.141
17034,81.7029429999997,4.657
17035,81.7063899999997,3.447
17036,81.7134659999997,7.076
17037,81.7193559999997,5.89
17038,81.7243439999997,4.988
17039,81.7277419999997,3.398
17040,81.7332739999997,5.532
17041,81.7369069999997,3.633
17042,81.7423449999997,5.438
17043,81.7459429999997,3.598
17044,81.7507469999997,4.804
17045,81.7550849999997,4.338
17046,81.7593809999997,4.296
17047,81.7641709999997,4.79
17048,81.7678059999997,3.635
17049,81.7722349999997,4.429
17050,81.7778359999997,5.601
17051,81.7813899999997,3.554
17052,81.7854499999997,4.06
17053,81.7897669999997,4.317
17054,81.7952569999997,5.49
17055,81.8003149999997,5.058
17056,81.8044109999997,4.096
17057,81.8092129999997,4.802
17058,81.8131319999997,3.919
17059,81.8173129999997,4.181
17060,81.8244599999997,7.147
17061,81.8286339999997,4.174
17062,81.8340249999997,5.391
17063,81.8382079999997,4.183
17064,81.8438409999997,5.633
17065,81.8495419999997,5.701
17066,81.8532149999997,3.673
17067,81.8590839999997,5.869
17068,81.8629879999997,3.904
17069,81.8664779999997,3.49
17070,81.8726559999997,6.178
17071,81.8770059999997,4.35
17072,81.8814259999997,4.42
17073,81.8855819999997,4.156
17074,81.8898069999997,4.225
17075,81.8947489999997,4.942
17076,81.8984839999997,3.735
17077,81.9032789999997,4.795
17078,81.9083199999997,5.041
17079,81.9117419999997,3.422
17080,81.9191199999998,7.378
17081,81.9266149999998,7.495
17082,81.9342199999998,7.605
17083,81.9367909999998,2.571
17084,81.9409089999998,4.118
17085,81.9456459999998,4.737
17086,81.9509609999998,5.315
17087,81.9542469999998,3.286
17088,81.9585509999998,4.304
17089,81.9637129999998,5.162
17090,81.9678549999998,4.142
17091,81.9720909999998,4.236
17092,81.9764709999998,4.38
17093,81.9814349999998,4.964
17094,81.9854239999998,3.989
17095,81.9907999999998,5.376
17096,81.9950779999998,4.278
17097,82.0000469999998,4.969
17098,82.0037449999998,3.698
17099,82.0082159999998,4.471
17100,82.0137149999998,5.499
17101,82.0172119999998,3.497
17102,82.0221109999998,4.899
17103,82.0262909999998,4.18
17104,82.0309559999998,4.665
17105,82.0355849999998,4.629
17106,82.0395079999998,3.923
17107,82.0437309999998,4.223
17108,82.0487359999998,5.005
17109,82.0524209999998,3.685
17110,82.0587429999998,6.322
17111,82.0635369999998,4.794
17112,82.0675259999998,3.989
17113,82.0715679999998,4.042
17114,82.0757439999998,4.176
17115,82.0813149999998,5.571
17116,82.0849789999998,3.664
17117,82.0899959999998,5.017
17118,82.0941969999998,4.201
17119,82.0990999999998,4.903
17120,82.1031889999998,4.089
17121,82.1074749999998,4.286
17122,82.1121179999998,4.643
17123,82.1156579999998,3.54
17124,82.1195719999997,3.914
17125,82.1245539999997,4.982
17126,82.1286159999998,4.062
17127,82.1322469999998,3.631
17128,82.1360869999997,3.84
17129,82.1438879999997,7.801
17130,82.1492399999998,5.352
17131,82.1526219999998,3.382
17132,82.1578579999997,5.236
17133,82.1615799999997,3.722
17134,82.1650199999997,3.44
17135,82.1692209999997,4.201
17136,82.1767389999997,7.518
17137,82.1814529999997,4.714
17138,82.1848539999997,3.401
17139,82.1909279999997,6.074
17140,82.1952709999997,4.343
17141,82.1996389999997,4.368
17142,82.2031829999998,3.544
17143,82.2082819999998,5.099
17144,82.2123059999998,4.024
17145,82.2164929999998,4.187
17146,82.2201969999998,3.704
17147,82.2265599999998,6.363
17148,82.2315239999998,4.964
17149,82.2345059999998,2.982
17150,82.2391299999998,4.624
17151,82.2446749999998,5.545
17152,82.2495339999998,4.859
17153,82.2525459999998,3.012
17154,82.2587919999998,6.246
17155,82.2628279999998,4.036
17156,82.2662959999998,3.468
17157,82.2704269999998,4.131
17158,82.2775639999998,7.137
17159,82.2820379999998,4.474
17160,82.2859689999998,3.931
17161,82.2919419999998,5.973
17162,82.2949659999997,3.024
17163,82.2997049999997,4.739
17164,82.3034719999997,3.767
17165,82.3097479999997,6.276
17166,82.3133269999997,3.579
17167,82.3166609999997,3.334
17168,82.3205609999997,3.9
17169,82.3275649999997,7.004
17170,82.3323739999997,4.809
17171,82.3356659999997,3.292
17172,82.3397559999997,4.09
17173,82.3456659999997,5.91
17174,82.3504499999997,4.784
17175,82.3536919999997,3.242
17176,82.3597149999997,6.023
17177,82.3645259999997,4.811
17178,82.3677489999997,3.223
17179,82.3718679999998,4.119
17180,82.3771349999998,5.267
17181,82.3810479999998,3.913
17182,82.3844959999998,3.448
17183,82.3884019999998,3.906
17184,82.3957039999998,7.302
17185,82.4003609999997,4.657
17186,82.4060559999998,5.695
17187,82.4099009999997,3.845
17188,82.4159719999998,6.071
17189,82.4194219999998,3.45
17190,82.4239379999998,4.516
17191,82.4279459999997,4.008
17192,82.4325959999997,4.65
17193,82.4359809999997,3.385
17194,82.4426329999997,6.652
17195,82.4462129999997,3.58
17196,82.4511169999997,4.904
17197,82.4543249999997,3.208
17198,82.4592509999997,4.926
17199,82.4637869999997,4.536
17200,82.4678509999997,4.064
17201,82.4721609999997,4.31
17202,82.4785709999997,6.41
17203,82.4834199999997,4.849
17204,82.4867429999997,3.323
17205,82.4923119999997,5.569
17206,82.4958439999997,3.532
17207,82.5008549999997,5.011
17208,82.5043499999997,3.495
17209,82.5120809999997,7.731
17210,82.5169889999997,4.908
17211,82.5205399999997,3.551
17212,82.5258149999997,5.275
17213,82.5290439999997,3.229
17214,82.5340219999997,4.978
17215,82.5372939999997,3.272
17216,82.5449139999997,7.62
17217,82.5496969999997,4.783
17218,82.5532379999997,3.541
17219,82.5588479999997,5.61
17220,82.5630249999997,4.177
17221,82.5679219999997,4.897
17222,82.5748079999997,6.886
17223,82.5776479999997,2.84
17224,82.5817929999997,4.145
17225,82.5869529999997,5.16
17226,82.5911289999997,4.176
17227,82.5955559999997,4.427
17228,82.6003199999997,4.764
17229,82.6036599999997,3.34
17230,82.6098599999997,6.2
17231,82.6138079999997,3.948
17232,82.6183439999997,4.536
17233,82.6218139999997,3.47
17234,82.6277579999997,5.944
17235,82.6329659999997,5.208
17236,82.6467409999997,13.775
17237,82.6505569999997,3.816
17238,82.6608219999997,10.265
17239,82.6643889999997,3.567
17240,82.6706139999997,6.225
17241,82.6746709999997,4.057
17242,82.6783809999997,3.71
17243,82.6826169999997,4.236
17244,82.6879769999997,5.36
17245,82.6931779999997,5.201
17246,82.6978769999997,4.699
17247,82.7027779999997,4.901
17248,82.7066839999997,3.906
17249,82.7102499999997,3.566
17250,82.7146479999997,4.398
17251,82.7200829999997,5.435
17252,82.7258349999997,5.752
17253,82.7298009999998,3.966
17254,82.7349589999997,5.158
17255,82.7394449999997,4.486
17256,82.7426169999998,3.172
17257,82.7473839999998,4.767
17258,82.7508649999997,3.481
17259,82.7576009999998,6.736
17260,82.7616679999998,4.067
17261,82.7667399999998,5.072
17262,82.7699039999998,3.164
17263,82.7749949999997,5.091
17264,82.7790169999998,4.022
17265,82.7830229999998,4.006
17266,82.7869669999998,3.944
17267,82.7940869999998,7.12
17268,82.7976979999998,3.611
17269,82.8016619999998,3.964
17270,82.8073519999998,5.69
17271,82.8113809999998,4.029
17272,82.8150729999998,3.692
17273,82.8198719999998,4.799
17274,82.8292499999998,9.378
17275,82.8343459999998,5.096
17276,82.8384259999998,4.08
17277,82.8430899999998,4.664
17278,82.8486419999998,5.552
17279,82.8527009999998,4.059
17280,82.8569789999998,4.278
17281,82.8616829999998,4.704
17282,82.8652609999998,3.578
17283,82.8697559999998,4.495
17284,82.8743469999998,4.591
17285,82.8779749999998,3.628
17286,82.8822289999998,4.254
17287,82.8873289999998,5.1
17288,82.8913779999998,4.049
17289,82.8950829999998,3.705
17290,82.8993679999998,4.285
17291,82.9050289999998,5.661
17292,82.9090089999998,3.98
17293,82.9124839999998,3.475
17294,82.9167039999998,4.22
17295,82.9218649999998,5.161
17296,82.9261539999998,4.289
17297,82.9294819999998,3.328
17298,82.9348349999998,5.353
17299,82.9385419999998,3.707
17300,82.9435259999998,4.984
17301,82.9470659999998,3.54
17302,82.9533399999998,6.274
17303,82.9567319999998,3.392
17304,82.9616259999998,4.894
17305,82.9653509999998,3.725
17306,82.9713489999998,5.998
17307,82.9755909999998,4.242
17308,82.9805099999998,4.919
17309,82.9841759999998,3.666
17310,82.9883009999998,4.125
17311,82.9925139999998,4.213
17312,83.0017609999998,9.247
17313,83.0047009999998,2.94
17314,83.0088409999998,4.14
17315,83.0149229999998,6.082
17316,83.0203319999998,5.409
17317,83.0233449999998,3.013
17318,83.0294059999998,6.061
17319,83.0348919999998,5.486
17320,83.0400369999998,5.145
17321,83.0442259999998,4.189
17322,83.0488219999998,4.596
17323,83.0537629999998,4.941
17324,83.0575039999998,3.741
17325,83.0614759999998,3.972
17326,83.0657789999998,4.303
17327,83.0704709999998,4.692
17328,83.0750589999998,4.588
17329,83.0785629999998,3.504
17330,83.0836239999998,5.061
17331,83.0871109999998,3.487
17332,83.0938429999998,6.732
17333,83.0981509999998,4.308
17334,83.1032469999998,5.096
17335,83.1074339999998,4.187
17336,83.1115419999998,4.108
17337,83.1159789999998,4.437
17338,83.1230329999998,7.054
17339,83.1262339999998,3.201
17340,83.1300809999998,3.847
17341,83.1350269999998,4.946
17342,83.1391039999998,4.077
17343,83.1430129999998,3.909
17344,83.1472699999998,4.257
17345,83.1520049999998,4.735
17346,83.1572969999998,5.292
17347,83.1614599999998,4.163
17348,83.1660879999998,4.628
17349,83.1706529999998,4.565
17350,83.1761099999998,5.457
17351,83.1802709999998,4.161
17352,83.1850619999998,4.791
17353,83.1896219999998,4.56
17354,83.1935349999998,3.913
17355,83.1994879999998,5.953
17356,83.2051779999998,5.69
17357,83.2084179999998,3.24
17358,83.2144169999998,5.999
17359,83.2193729999998,4.956
17360,83.2238149999998,4.442
17361,83.2268169999998,3.002
17362,83.2310009999998,4.184
17363,83.2369099999998,5.909
17364,83.2405799999998,3.67
17365,83.2445029999998,3.923
17366,83.2486539999998,4.151
17367,83.2550899999998,6.436
17368,83.2580009999998,2.911
17369,83.2630679999998,5.067
17370,83.2672079999998,4.14
17371,83.2733359999998,6.128
17372,83.2765119999998,3.176
17373,83.2803869999998,3.875
17374,83.2876199999998,7.233
17375,83.2911479999998,3.528
17376,83.2956349999998,4.487
17377,83.2996249999998,3.99
17378,83.3062289999998,6.604
17379,83.3100609999998,3.832
17380,83.3139549999998,3.894
17381,83.3181649999998,4.21
17382,83.3236129999998,5.448
17383,83.3264969999998,2.884
17384,83.3306909999998,4.194
17385,83.3381909999998,7.5
17386,83.3408299999998,2.639
17387,83.3464689999998,5.639
17388,83.3503699999998,3.901
17389,83.3554149999998,5.045
17390,83.3583239999998,2.909
17391,83.3623879999998,4.064
17392,83.3664989999998,4.111
17393,83.3732909999998,6.792
17394,83.3766819999998,3.391
17395,83.3824669999998,5.785
17396,83.3870069999998,4.54
17397,83.3906459999998,3.639
17398,83.3965729999998,5.927
17399,83.4008519999998,4.279
17400,83.4050829999998,4.231
17401,83.4085729999998,3.49
17402,83.4127039999998,4.131
17403,83.4168139999998,4.11
17404,83.4234119999998,6.598
17405,83.4264429999998,3.031
17406,83.4305879999998,4.145
17407,83.4371829999998,6.595
17408,83.4429619999998,5.779
17409,83.4459799999998,3.018
17410,83.4501889999998,4.209
17411,83.4547279999998,4.539
17412,83.4581569999998,3.429
17413,83.4621369999998,3.98
17414,83.4676969999998,5.56
17415,83.4718379999998,4.141
17416,83.4754939999998,3.656
17417,83.4793259999998,3.832
17418,83.4860589999998,6.733
17419,83.4892519999998,3.193
17420,83.4934419999998,4.19
17421,83.4973759999998,3.934
17422,83.5019439999998,4.568
17423,83.5070949999998,5.151
17424,83.5108699999998,3.775
17425,83.5150349999998,4.165
17426,83.5214339999998,6.399
17427,83.5243379999998,2.904
17428,83.5283909999998,4.053
17429,83.5329239999998,4.533
17430,83.5382549999998,5.331
17431,83.5418439999998,3.589
17432,83.5454449999998,3.601
17433,83.5510349999998,5.59
17434,83.5547989999998,3.764
17435,83.5603449999998,5.546
17436,83.5639509999998,3.606
17437,83.5686749999998,4.724
17438,83.5731759999998,4.501
17439,83.5766769999998,3.501
17440,83.5805479999998,3.871
17441,83.5851459999998,4.598
17442,83.5905969999998,5.451
17443,83.5942439999998,3.647
17444,83.5982029999998,3.959
17445,83.6032659999998,5.063
17446,83.6086079999998,5.342
17447,83.6116429999998,3.035
17448,83.6173399999998,5.697
17449,83.6200939999998,2.754
17450,83.6264039999998,6.31
17451,83.6303529999998,3.949
17452,83.6352879999998,4.935
17453,83.6536689999998,18.381
17454,83.6580619999998,4.393
17455,83.6638679999998,5.806
17456,83.6676269999998,3.759
17457,83.6718579999998,4.231
17458,83.6790849999998,7.227
17459,83.6833329999998,4.248
17460,83.6875709999998,4.238
17461,83.6910809999998,3.51
17462,83.6951999999998,4.119
17463,83.7002529999998,5.053
17464,83.7039329999998,3.68
17465,83.7074499999998,3.517
17466,83.7123939999998,4.944
17467,83.7156849999998,3.291
17468,83.7200369999998,4.352
17469,83.7247159999998,4.679
17470,83.7280909999998,3.375
17471,83.7329869999998,4.896
17472,83.7367759999998,3.789
17473,83.7427209999998,5.945
17474,83.7459809999998,3.26
17475,83.7499669999998,3.986
17476,83.7559809999998,6.014
17477,83.7602929999998,4.312
17478,83.7661409999998,5.848
17479,83.7710469999998,4.906
17480,83.7754119999998,4.365
17481,83.7787379999998,3.326
17482,83.7827579999998,4.02
17483,83.7877469999998,4.989
17484,83.7917209999998,3.974
17485,83.7955459999998,3.825
17486,83.8005199999998,4.974
17487,83.8062679999998,5.748
17488,83.8101979999998,3.93
17489,83.8138429999998,3.645
17490,83.8183529999998,4.51
17491,83.8223819999998,4.029
17492,83.8268489999998,4.467
17493,83.8302399999998,3.391
17494,83.8343659999998,4.126
17495,83.8411879999998,6.822
17496,83.8459119999998,4.724
17497,83.8492419999998,3.33
17498,83.8552569999998,6.015
17499,83.8586239999998,3.367
17500,83.8633309999998,4.707
17501,83.8667409999998,3.41
17502,83.8726329999998,5.892
17503,83.8759259999998,3.293
17504,83.8826029999998,6.677
17505,83.8872969999998,4.694
17506,83.8904969999998,3.2
17507,83.8948679999998,4.371
17508,83.8998349999998,4.967
17509,83.9048799999998,5.045
17510,83.9082029999998,3.323
17511,83.9123959999998,4.193
17512,83.9180019999998,5.606
17513,83.9254069999998,7.405
17514,83.9296229999998,4.216
17515,83.9338449999998,4.222
17516,83.9371409999998,3.296
17517,83.9411119999998,3.971
17518,83.9453579999998,4.246
17519,83.9503429999998,4.985
17520,83.9563539999998,6.011
17521,83.9597319999998,3.378
17522,83.9638899999998,4.158
17523,83.9686109999998,4.721
17524,83.9730209999998,4.41
17525,83.9770489999998,4.028
17526,83.9812279999998,4.179
17527,83.9865369999998,5.309
17528,83.9924609999998,5.924
17529,83.9963619999998,3.901
17530,84.0011479999998,4.786
17531,84.0058839999998,4.736
17532,84.0092319999998,3.348
17533,84.0133659999998,4.134
17534,84.0186479999998,5.282
17535,84.0254879999998,6.84
17536,84.0290319999998,3.544
17537,84.0332589999998,4.227
17538,84.0384789999998,5.22
17539,84.0415509999998,3.072
17540,84.0455249999998,3.974
17541,84.0501179999998,4.593
17542,84.0536689999998,3.551
17543,84.0594489999998,5.78
17544,84.0653399999998,5.891
17545,84.0700279999998,4.688
17546,84.0737279999998,3.7
17547,84.0776329999998,3.905
17548,84.0815789999998,3.946
17549,84.0867089999998,5.13
17550,84.0927139999998,6.005
17551,84.0966479999998,3.934
17552,84.1014409999998,4.793
17553,84.1065229999998,5.082
17554,84.1121989999998,5.676
17555,84.1170509999998,4.852
17556,84.1230349999998,5.984
17557,84.1261529999998,3.118
17558,84.1297979999998,3.645
17559,84.1358379999998,6.04
17560,84.1408229999998,4.985
17561,84.1436479999998,2.825
17562,84.1479059999998,4.258
17563,84.1532839999998,5.378
17564,84.1598389999998,6.555
17565,84.1638359999998,3.997
17566,84.1677489999998,3.913
17567,84.1728499999998,5.101
17568,84.1765659999998,3.716
17569,84.1806119999998,4.046
17570,84.1854179999998,4.806
17571,84.1917459999998,6.328
17572,84.1949239999998,3.178
17573,84.1987709999998,3.847
17574,84.2053649999998,6.594
17575,84.2080189999998,2.654
17576,84.2122049999998,4.186
17577,84.2164229999998,4.218
17578,84.2213579999998,4.935
17579,84.2263509999998,4.993
17580,84.2300569999998,3.706
17581,84.2339789999998,3.922
17582,84.2384869999998,4.508
17583,84.2435399999998,5.053
17584,84.2492039999998,5.664
17585,84.2559729999998,6.769
17586,84.2587339999998,2.761
17587,84.2624459999998,3.712
17588,84.2662019999998,3.756
17589,84.2708119999998,4.61
17590,84.2736289999998,2.817
17591,84.2795009999998,5.872
17592,84.2830459999998,3.545
17593,84.2887449999998,5.699
17594,84.2978509999998,9.106
17595,84.3016489999998,3.798
17596,84.3056629999998,4.014
17597,84.3094629999998,3.8
17598,84.3134249999998,3.962
17599,84.3165629999998,3.138
17600,84.3261079999998,9.545
17601,84.3297569999998,3.649
17602,84.3324029999998,2.646
17603,84.3368069999998,4.404
17604,84.3431659999998,6.359
17605,84.3457199999998,2.554
17606,84.3498959999998,4.176
17607,84.3544669999998,4.571
17608,84.3617619999998,7.295
17609,84.3654509999998,3.689
17610,84.3692489999998,3.798
17611,84.3734939999998,4.245
17612,84.3791659999998,5.672
17613,84.3828139999998,3.648
17614,84.3864399999998,3.626
17615,84.3949399999998,8.5
17616,84.3978129999998,2.873
17617,84.4014489999998,3.636
17618,84.4057359999998,4.287
17619,84.4088489999998,3.113
17620,84.4146869999998,5.838
17621,84.4184239999998,3.737
17622,84.4277289999998,9.305
17623,84.4306389999998,2.91
17624,84.4343199999998,3.681
17625,84.4397449999998,5.425
17626,84.4439379999998,4.193
17627,84.4469599999998,3.022
17628,84.4507889999998,3.829
17629,84.4596319999998,8.843
17630,84.4627319999998,3.1
17631,84.4663109999998,3.579
17632,84.4699789999998,3.668
17633,84.4768889999998,6.91
17634,84.4799219999998,3.033
17635,84.4836059999998,3.684
17636,84.4877689999998,4.163
